Tiempo_us,ADC_IN_A2,ADC_OUT_A3,Muestra
1517014,32471,26672,75776
1517034,32503,61335,75777
1517054,32560,56847,75778
1517074,32479,18989,75779
1517094,32454,1346,75780
1517114,32467,26645,75781
1517134,32435,61324,75782
1517154,32477,56830,75783
1517174,32588,18976,75784
1517194,32458,1347,75785
1517214,32515,26628,75786
1517234,32462,61348,75787
1517254,32504,56835,75788
1517274,32399,19013,75789
1517294,32467,1331,75790
1517314,32469,26678,75791
1517334,32532,61389,75792
1517354,32539,56821,75793
1517374,32503,19007,75794
1517394,32451,1372,75795
1517414,32438,26653,75796
1517434,32412,61328,75797
1517454,32462,56852,75798
1517474,32477,19013,75799
1517494,32484,1342,75800
1517514,32547,26658,75801
1517534,32468,61393,75802
1517554,32476,56866,75803
1517574,32447,19003,75804
1517594,32438,1365,75805
1517614,32407,26638,75806
1517634,32476,61343,75807
1517654,32528,56813,75808
1517674,32508,19031,75809
1517694,32517,1373,75810
1517714,32479,26642,75811
1517734,32418,61351,75812
1517754,32426,56818,75813
1517774,32497,19019,75814
1517794,32486,1369,75815
1517814,32499,26622,75816
1517834,32491,61382,75817
1517854,32478,56834,75818
1517874,32519,19018,75819
1517894,32430,1329,75820
1517914,32479,26632,75821
1517934,32495,61328,75822
1517954,32458,56855,75823
1517974,32560,18988,75824
1517994,32447,1335,75825
1518014,32437,26662,75826
1518034,32407,61354,75827
1518054,32344,56826,75828
1518074,32503,19029,75829
1518094,32460,1315,75830
1518114,32466,26633,75831
1518134,32613,61403,75832
1518154,32469,56805,75833
1518174,32645,18980,75834
1518194,32453,1374,75835
1518214,32370,26632,75836
1518234,32423,61337,75837
1518254,32364,56811,75838
1518274,32551,19007,75839
1518294,32446,1364,75840
1518314,32429,26677,75841
1518334,32354,61373,75842
1518354,32304,56842,75843
1518374,32414,19031,75844
1518394,32306,1345,75845
1518414,32361,26641,75846
1518434,32450,61367,75847
1518454,32397,56795,75848
1518474,32535,19001,75849
1518494,32416,1353,75850
1518514,32423,26611,75851
1518534,32468,61387,75852
1518554,32461,56795,75853
1518574,32520,18987,75854
1518594,32363,1324,75855
1518614,32421,26640,75856
1518634,32536,61363,75857
1518654,32504,56846,75858
1518674,32404,18990,75859
1518694,32275,1369,75860
1518714,32319,26640,75861
1518734,32269,61318,75862
1518754,32200,56852,75863
1518774,32220,19015,75864
1518794,32171,1313,75865
1518814,32253,26645,75866
1518834,32279,61330,75867
1518854,32304,56802,75868
1518874,32316,19034,75869
1518894,32257,1333,75870
1518914,31990,26655,75871
1518934,32209,61340,75872
1518954,32317,56839,75873
1518974,32259,19012,75874
1518994,32155,1348,75875
1519014,32163,26649,75876
1519034,32314,61385,75877
1519054,32402,56837,75878
1519074,32463,18979,75879
1519094,32403,1370,75880
1519114,32422,26617,75881
1519134,32525,61357,75882
1519154,32568,56842,75883
1519174,32429,18984,75884
1519194,32402,1366,75885
1519214,32501,26624,75886
1519234,32383,61388,75887
1519254,32456,56867,75888
1519274,32413,19012,75889
1519294,32422,1393,75890
1519314,32447,26665,75891
1519334,32503,61355,75892
1519354,32453,56815,75893
1519374,32450,19018,75894
1519394,32389,1373,75895
1519414,32424,26646,75896
1519434,32445,61337,75897
1519454,32557,56790,75898
1519474,32478,19023,75899
1519494,32472,1333,75900
1519514,32440,26613,75901
1519534,32496,61366,75902
1519554,32502,56815,75903
1519574,32497,18986,75904
1519594,32515,1333,75905
1519614,32438,26637,75906
1519634,32582,61383,75907
1519654,32505,56871,75908
1519674,32459,19034,75909
1519694,32442,1356,75910
1519714,32430,26621,75911
1519734,32493,61365,75912
1519754,32492,56793,75913
1519774,32498,19007,75914
1519794,32458,1360,75915
1519814,32384,26649,75916
1519834,32427,61371,75917
1519854,32372,56843,75918
1519874,32460,19011,75919
1519894,32489,1385,75920
1519914,32481,26660,75921
1519934,32502,61358,75922
1519954,32440,56885,75923
1519974,32446,19018,75924
1519994,32371,1322,75925
1520014,32367,26645,75926
1520034,32363,61350,75927
1520054,32351,56846,75928
1520074,32387,19006,75929
1520094,32403,1357,75930
1520114,32478,26647,75931
1520134,32446,61391,75932
1520154,32461,56830,75933
1520174,32454,19016,75934
1520194,32354,1337,75935
1520214,32400,26670,75936
1520234,32467,61363,75937
1520254,32482,56867,75938
1520274,32542,19017,75939
1520294,32381,1334,75940
1520314,32511,26658,75941
1520334,32512,61353,75942
1520354,32409,56782,75943
1520374,32476,19040,75944
1520394,32328,1364,75945
1520414,32472,26619,75946
1520434,32497,61371,75947
1520454,32429,56832,75948
1520474,32477,19014,75949
1520494,32408,1351,75950
1520514,32332,26620,75951
1520534,32373,61383,75952
1520554,32385,56792,75953
1520574,32482,18986,75954
1520594,32293,1310,75955
1520614,32360,26638,75956
1520634,32415,61381,75957
1520654,32389,56937,75958
1520674,32475,19027,75959
1520694,32362,1335,75960
1520714,32310,26668,75961
1520734,32284,61344,75962
1520754,32410,56845,75963
1520774,32282,18995,75964
1520794,32309,1334,75965
1520814,32289,26656,75966
1520834,32341,61306,75967
1520854,32339,56840,75968
1520874,32405,19017,75969
1520894,32320,1348,75970
1520914,32383,26631,75971
1520934,32416,61410,75972
1520954,32445,56830,75973
1520974,32439,19027,75974
1520994,32283,1378,75975
1521014,32251,26660,75976
1521034,32294,61399,75977
1521054,32336,56830,75978
1521074,32352,19040,75979
1521094,32236,1350,75980
1521114,32278,26626,75981
1521134,32413,61337,75982
1521154,32443,56857,75983
1521174,32421,18978,75984
1521194,32389,1325,75985
1521214,32358,26632,75986
1521234,32468,61360,75987
1521254,32487,56796,75988
1521274,32415,19006,75989
1521294,32282,1349,75990
1521314,32203,26690,75991
1521334,32398,61352,75992
1521354,32295,56831,75993
1521374,32400,19028,75994
1521394,32317,1351,75995
1521414,32323,26657,75996
1521434,32441,61364,75997
1521454,32517,56860,75998
1521474,32309,19007,75999
1521494,32221,1328,76000
1521514,32216,26662,76001
1521534,32355,61375,76002
1521554,32359,56822,76003
1521574,32252,19004,76004
1521594,32237,1347,76005
1521614,32175,26655,76006
1521634,32218,61389,76007
1521654,32129,56811,76008
1521674,32180,19004,76009
1521694,32181,1374,76010
1521714,32315,26616,76011
1521734,32404,61344,76012
1521754,32454,56840,76013
1521774,32463,18997,76014
1521794,32354,1336,76015
1521814,32378,26635,76016
1521834,32408,61366,76017
1521854,32421,56829,76018
1521874,32412,19015,76019
1521894,32163,1313,76020
1521914,32312,26631,76021
1521934,32253,61384,76022
1521954,32297,56843,76023
1521974,32209,19027,76024
1521994,32222,1339,76025
1522014,32224,26637,76026
1522034,32255,61420,76027
1522054,32185,56816,76028
1522074,32258,18969,76029
1522094,32271,1339,76030
1522114,32238,26668,76031
1522134,32330,61405,76032
1522154,32420,56823,76033
1522174,32437,19006,76034
1522194,32329,1330,76035
1522214,32259,26610,76036
1522234,32145,61384,76037
1522254,32163,56854,76038
1522274,32251,19015,76039
1522294,32350,1348,76040
1522314,32418,26665,76041
1522334,32382,61387,76042
1522354,32370,56832,76043
1522374,32400,19011,76044
1522394,32413,1347,76045
1522414,32367,26652,76046
1522434,32328,61369,76047
1522454,32446,56875,76048
1522474,32406,19001,76049
1522494,32465,1325,76050
1522514,32406,26649,76051
1522534,32398,61350,76052
1522554,32295,56843,76053
1522574,32334,19017,76054
1522594,32239,1330,76055
1522614,32215,26620,76056
1522634,32121,61378,76057
1522654,32258,56802,76058
1522674,32324,19044,76059
1522694,32368,1349,76060
1522714,32352,26637,76061
1522734,32364,61371,76062
1522754,32355,56804,76063
1522774,32397,18999,76064
1522794,32321,1387,76065
1522814,32394,26633,76066
1522834,32368,61342,76067
1522854,32404,56863,76068
1522874,32373,19002,76069
1522894,32305,1342,76070
1522914,32245,26665,76071
1522934,32296,61395,76072
1522954,32347,56792,76073
1522974,32288,19006,76074
1522994,32216,1312,76075
1523014,32263,26587,76076
1523034,32305,61402,76077
1523054,32381,56877,76078
1523074,32339,19017,76079
1523094,32341,1324,76080
1523114,32371,26637,76081
1523134,32471,61375,76082
1523154,32423,56824,76083
1523174,32530,19037,76084
1523194,32353,1324,76085
1523214,32428,26633,76086
1523234,32449,61333,76087
1523254,32405,56871,76088
1523274,32481,19049,76089
1523294,32398,1317,76090
1523314,32352,26683,76091
1523334,32463,61334,76092
1523354,32478,56844,76093
1523374,32452,19008,76094
1523394,32323,1312,76095
1523414,32314,26619,76096
1523434,32470,61343,76097
1523454,32351,56837,76098
1523474,32358,19007,76099
1523494,32321,1376,76100
1523514,32347,26670,76101
1523534,32432,61407,76102
1523554,32351,56904,76103
1523574,32396,18987,76104
1523594,32250,1342,76105
1523614,32376,26633,76106
1523634,32431,61368,76107
1523654,32407,56771,76108
1523674,32334,19044,76109
1523694,32232,1350,76110
1523714,32286,26669,76111
1523734,32377,61402,76112
1523754,32351,56892,76113
1523774,32374,19035,76114
1523794,32315,1303,76115
1523814,32404,26667,76116
1523834,32442,61362,76117
1523854,32400,56807,76118
1523874,32286,19029,76119
1523894,32361,1354,76120
1523914,32311,26605,76121
1523934,32403,61362,76122
1523954,32406,56831,76123
1523974,32314,19041,76124
1523994,32262,1327,76125
1524014,32267,26624,76126
1524034,32411,61375,76127
1524054,32387,56834,76128
1524074,32469,18977,76129
1524094,32425,1363,76130
1524114,32431,26652,76131
1524134,32430,61400,76132
1524154,32480,56819,76133
1524174,32353,19025,76134
1524194,32304,1341,76135
1524214,32287,26624,76136
1524234,32375,61355,76137
1524254,32395,56795,76138
1524274,32379,18983,76139
1524294,32334,1328,76140
1524314,32393,26665,76141
1524334,32258,61388,76142
1524354,32388,56830,76143
1524374,32367,19063,76144
1524394,32296,1347,76145
1524414,32317,26645,76146
1524434,32292,61418,76147
1524454,32271,56798,76148
1524474,32284,19021,76149
1524494,32337,1286,76150
1524514,32268,26636,76151
1524534,32345,61384,76152
1524554,32400,56818,76153
1524574,32334,18986,76154
1524594,32298,1324,76155
1524614,32343,26632,76156
1524634,32380,61352,76157
1524654,32454,56845,76158
1524674,32461,18994,76159
1524694,32405,1352,76160
1524714,32477,26635,76161
1524734,32376,61381,76162
1524754,32461,56829,76163
1524774,32494,18998,76164
1524794,32438,1314,76165
1524814,32519,26662,76166
1524834,32519,61348,76167
1524854,32458,56796,76168
1524874,32440,19007,76169
1524894,32383,1342,76170
1524914,32309,26686,76171
1524934,32367,61360,76172
1524954,32375,56808,76173
1524974,32359,19018,76174
1524994,32281,1356,76175
1525014,32259,26608,76176
1525034,32297,61366,76177
1525054,32402,56849,76178
1525074,32363,19030,76179
1525094,32376,1350,76180
1525114,32411,26678,76181
1525134,32367,61419,76182
1525154,32460,56842,76183
1525174,32382,19016,76184
1525194,32323,1351,76185
1525214,32161,26650,76186
1525234,32273,61342,76187
1525254,32287,56862,76188
1525274,32270,19004,76189
1525294,32241,1361,76190
1525314,32373,26612,76191
1525334,32157,61349,76192
1525354,32109,56805,76193
1525374,32160,19016,76194
1525394,32141,1362,76195
1525414,32298,26602,76196
1525434,32392,61344,76197
1525454,32414,56834,76198
1525474,32488,18979,76199
1525494,32388,1329,76200
1525514,32414,26647,76201
1525534,32466,61362,76202
1525554,32529,56808,76203
1525574,32494,19032,76204
1525594,32354,1344,76205
1525614,32374,26648,76206
1525634,32409,61357,76207
1525654,32364,56806,76208
1525674,32293,19012,76209
1525694,32254,1352,76210
1525714,32308,26627,76211
1525734,32305,61377,76212
1525754,32254,56808,76213
1525774,32218,19054,76214
1525794,32168,1344,76215
1525814,32271,26640,76216
1525834,32392,61349,76217
1525854,32287,56810,76218
1525874,32280,18962,76219
1525894,32185,1338,76220
1525914,32330,26642,76221
1525934,32424,61357,76222
1525954,32350,56821,76223
1525974,32296,19057,76224
1525994,32105,1347,76225
1526014,32100,26660,76226
1526034,32257,61377,76227
1526054,32245,56828,76228
1526074,32341,19051,76229
1526094,32255,1341,76230
1526114,32361,26657,76231
1526134,32372,61357,76232
1526154,32385,56829,76233
1526174,32373,19007,76234
1526194,32286,1331,76235
1526214,32479,26615,76236
1526234,32488,61360,76237
1526254,32490,56843,76238
1526274,32443,19015,76239
1526294,32453,1357,76240
1526314,32276,26635,76241
1526334,32262,61372,76242
1526354,32293,56846,76243
1526374,32240,19022,76244
1526394,32196,1357,76245
1526414,32255,26636,76246
1526434,32313,61348,76247
1526454,32486,56830,76248
1526474,32381,18977,76249
1526494,32410,1346,76250
1526514,32459,26638,76251
1526534,32372,61345,76252
1526554,32448,56812,76253
1526574,32328,19024,76254
1526594,32259,1362,76255
1526614,32350,26631,76256
1526634,32380,61361,76257
1526654,32424,56857,76258
1526674,32424,18991,76259
1526694,32378,1331,76260
1526714,32383,26596,76261
1526734,32302,61390,76262
1526754,32451,56819,76263
1526774,32339,19021,76264
1526794,32274,1368,76265
1526814,32297,26665,76266
1526834,32362,61369,76267
1526854,32374,56878,76268
1526874,32371,19014,76269
1526894,32355,1353,76270
1526914,32258,26680,76271
1526934,32348,61355,76272
1526954,32295,56831,76273
1526974,32329,19024,76274
1526994,32369,1331,76275
1527014,32395,26637,76276
1527034,32334,61350,76277
1527054,32306,56797,76278
1527074,32295,19012,76279
1527094,32435,1367,76280
1527114,32252,26669,76281
1527134,32384,61392,76282
1527154,32382,56806,76283
1527174,32419,19015,76284
1527194,32381,1341,76285
1527214,32315,26626,76286
1527234,32307,61374,76287
1527254,32403,56791,76288
1527274,32347,18967,76289
1527294,32278,1351,76290
1527314,32287,26676,76291
1527334,32388,61375,76292
1527354,32417,56800,76293
1527374,32427,19023,76294
1527394,32371,1344,76295
1527414,32320,26659,76296
1527434,32442,61354,76297
1527454,32427,56817,76298
1527474,32291,18991,76299
1527494,32212,1338,76300
1527514,32256,26624,76301
1527534,32373,61308,76302
1527554,32385,56808,76303
1527574,32359,18995,76304
1527594,32296,1324,76305
1527614,32368,26650,76306
1527634,32240,61396,76307
1527654,32226,56821,76308
1527674,32384,18988,76309
1527694,32301,1389,76310
1527714,32415,26673,76311
1527734,32406,61421,76312
1527754,32501,56898,76313
1527774,32233,19061,76314
1527794,32122,1386,76315
1527814,32230,26631,76316
1527834,32240,61350,76317
1527854,32326,56797,76318
1527874,32224,19001,76319
1527894,32119,1346,76320
1527914,32225,26643,76321
1527934,32241,61366,76322
1527954,32343,56829,76323
1527974,32246,18984,76324
1527994,32100,1330,76325
1528014,32331,26612,76326
1528034,32325,61339,76327
1528054,32482,56815,76328
1528074,32353,18993,76329
1528094,32306,1406,76330
1528114,32190,26629,76331
1528134,32125,61366,76332
1528154,32248,56815,76333
1528174,32206,19026,76334
1528194,32197,1360,76335
1528214,32341,26678,76336
1528234,32456,61330,76337
1528254,32407,56825,76338
1528274,32388,19037,76339
1528294,32306,1384,76340
1528314,32384,26607,76341
1528334,32450,61388,76342
1528354,32468,56800,76343
1528374,32577,19037,76344
1528394,32432,1337,76345
1528414,32397,26622,76346
1528434,32366,61339,76347
1528454,32277,56839,76348
1528474,32287,19014,76349
1528494,32194,1259,76350
1528514,32204,26629,76351
1528534,32296,61369,76352
1528554,32327,56804,76353
1528574,32339,19015,76354
1528594,32352,1331,76355
1528614,32439,26650,76356
1528634,32506,61318,76357
1528654,32416,56826,76358
1528674,32442,19039,76359
1528694,32436,1380,76360
1528714,32339,26662,76361
1528734,32453,61384,76362
1528754,32349,56852,76363
1528774,32206,19002,76364
1528794,32348,1364,76365
1528814,32376,26611,76366
1528834,32458,61405,76367
1528854,32462,56815,76368
1528874,32360,18991,76369
1528894,32347,1333,76370
1528914,32362,26614,76371
1528934,32433,61353,76372
1528954,32333,56872,76373
1528974,32313,18968,76374
1528994,32366,1352,76375
1529014,32417,26679,76376
1529034,32446,61374,76377
1529054,32444,56863,76378
1529074,32517,19031,76379
1529094,32450,1330,76380
1529114,32421,26677,76381
1529134,32482,61389,76382
1529154,32410,56872,76383
1529174,32447,18959,76384
1529194,32316,1335,76385
1529214,32431,26609,76386
1529234,32535,61299,76387
1529254,32388,56840,76388
1529274,32362,18992,76389
1529294,32440,1356,76390
1529314,32375,26648,76391
1529334,32339,61320,76392
1529354,32405,56825,76393
1529374,32329,19046,76394
1529394,32311,1394,76395
1529414,32356,26649,76396
1529434,32295,61343,76397
1529454,32418,56812,76398
1529474,32496,19015,76399
1529494,32293,1313,76400
1529514,32297,26637,76401
1529534,32319,61333,76402
1529554,32363,56825,76403
1529574,32442,19015,76404
1529594,32191,1354,76405
1529614,32229,26667,76406
1529634,32254,61352,76407
1529654,32455,56811,76408
1529674,32400,19009,76409
1529694,32345,1358,76410
1529714,32418,26634,76411
1529734,32401,61370,76412
1529754,32280,56835,76413
1529774,32245,18989,76414
1529794,32049,1364,76415
1529814,32057,26638,76416
1529834,32261,61386,76417
1529854,32224,56781,76418
1529874,32407,18992,76419
1529894,32357,1375,76420
1529914,32380,26633,76421
1529934,32293,61348,76422
1529954,32543,56867,76423
1529974,32433,19032,76424
1529994,32452,1345,76425
1530014,32382,26646,76426
1530034,32541,61372,76427
1530054,32476,56819,76428
1530074,32417,18960,76429
1530094,32235,1334,76430
1530114,32302,26624,76431
1530134,32268,61324,76432
1530154,32295,56854,76433
1530174,32176,19011,76434
1530194,32193,1312,76435
1530214,32251,26610,76436
1530234,32165,61428,76437
1530254,32249,56866,76438
1530274,32310,19031,76439
1530294,32204,1321,76440
1530314,32331,26623,76441
1530334,32418,61358,76442
1530354,32407,56803,76443
1530374,32241,19038,76444
1530394,32253,1318,76445
1530414,32299,26621,76446
1530434,32271,61410,76447
1530454,32388,56842,76448
1530474,32356,19039,76449
1530494,32340,1373,76450
1530514,32350,26658,76451
1530534,32492,61359,76452
1530554,32468,56825,76453
1530574,32448,19008,76454
1530594,32391,1330,76455
1530614,32368,26654,76456
1530634,32524,61335,76457
1530654,32503,56807,76458
1530674,32466,19006,76459
1530694,32488,1322,76460
1530714,32402,26640,76461
1530734,32288,61373,76462
1530754,32315,56812,76463
1530774,32254,19042,76464
1530794,32157,1315,76465
1530814,32162,26666,76466
1530834,32240,61389,76467
1530854,32118,56858,76468
1530874,32296,19028,76469
1530894,32153,1380,76470
1530914,32149,26608,76471
1530934,32218,61349,76472
1530954,32125,56841,76473
1530974,32315,19006,76474
1530994,32246,1321,76475
1531014,32329,26658,76476
1531034,32334,61409,76477
1531054,32367,56832,76478
1531074,32506,19000,76479
1531094,32394,1334,76480
1531114,32294,26631,76481
1531134,32422,61360,76482
1531154,32344,56780,76483
1531174,32298,19014,76484
1531194,32288,1309,76485
1531214,32298,26602,76486
1531234,32303,61342,76487
1531254,32339,56855,76488
1531274,32424,19000,76489
1531294,32422,1364,76490
1531314,32417,26638,76491
1531334,32470,61392,76492
1531354,32398,56845,76493
1531374,32530,19047,76494
1531394,32480,1315,76495
1531414,32499,26678,76496
1531434,32544,61333,76497
1531454,32419,56797,76498
1531474,32296,19038,76499
1531494,32334,1309,76500
1531514,32392,26611,76501
1531534,32375,61345,76502
1531554,32388,56823,76503
1531574,32448,19000,76504
1531594,32388,1341,76505
1531614,32386,26655,76506
1531634,32403,61394,76507
1531654,32363,56851,76508
1531674,32324,19007,76509
1531694,32204,1356,76510
1531714,32327,26629,76511
1531734,32395,61338,76512
1531754,32396,56803,76513
1531774,32433,19017,76514
1531794,32296,1336,76515
1531814,32379,26647,76516
1531834,32431,61382,76517
1531854,32336,56855,76518
1531874,32439,18981,76519
1531894,32381,1375,76520
1531914,32431,26642,76521
1531934,32289,61355,76522
1531954,32463,56807,76523
1531974,32251,19008,76524
1531994,32260,1363,76525
1532014,32184,26643,76526
1532034,32264,61355,76527
1532054,32395,56834,76528
1532074,32439,19028,76529
1532094,32205,1341,76530
1532114,32157,26633,76531
1532134,32351,61373,76532
1532154,32492,56815,76533
1532174,32406,19022,76534
1532194,32467,1348,76535
1532214,32365,26639,76536
1532234,32341,61360,76537
1532254,32399,56843,76538
1532274,32326,19030,76539
1532294,32240,1345,76540
1532314,32268,26665,76541
1532334,32310,61326,76542
1532354,32274,56780,76543
1532374,32211,19008,76544
1532394,32139,1341,76545
1532414,32120,26630,76546
1532434,32298,61385,76547
1532454,32312,56814,76548
1532474,32170,19058,76549
1532494,32113,1341,76550
1532514,32312,26623,76551
1532534,32433,61334,76552
1532554,32548,56784,76553
1532574,32303,19002,76554
1532594,32241,1349,76555
1532614,32089,26693,76556
1532634,32229,61353,76557
1532654,32231,56811,76558
1532674,32309,19041,76559
1532694,32331,1383,76560
1532714,32451,26674,76561
1532734,32477,61333,76562
1532754,32481,56827,76563
1532774,32479,19004,76564
1532794,32429,1338,76565
1532814,32417,26646,76566
1532834,32512,61343,76567
1532854,32405,56772,76568
1532874,32465,18970,76569
1532894,32286,1352,76570
1532914,32272,26644,76571
1532934,32404,61379,76572
1532954,32377,56823,76573
1532974,32380,19040,76574
1532994,32215,1336,76575
1533014,32279,26638,76576
1533034,32473,61385,76577
1533054,32454,56852,76578
1533074,32406,19001,76579
1533094,32284,1349,76580
1533114,32356,26630,76581
1533134,32418,61358,76582
1533154,32408,56847,76583
1533174,32393,19030,76584
1533194,32302,1339,76585
1533214,32367,26651,76586
1533234,32412,61411,76587
1533254,32380,56832,76588
1533274,32385,18997,76589
1533294,32303,1363,76590
1533314,32427,26629,76591
1533334,32441,61348,76592
1533354,32370,56792,76593
1533374,32432,18978,76594
1533394,32318,1367,76595
1533414,32394,26619,76596
1533434,32515,61334,76597
1533454,32360,56858,76598
1533474,32523,19045,76599
1533494,32310,1333,76600
1533514,32534,26649,76601
1533534,32430,61385,76602
1533554,32569,56822,76603
1533574,32553,19056,76604
1533594,32473,1337,76605
1533614,32457,26634,76606
1533634,32518,61370,76607
1533654,32328,56810,76608
1533674,32460,19029,76609
1533694,32348,1320,76610
1533714,32358,26640,76611
1533734,32416,61347,76612
1533754,32444,56779,76613
1533774,32518,19011,76614
1533794,32436,1309,76615
1533814,32268,26633,76616
1533834,32347,61370,76617
1533854,32408,56828,76618
1533874,32294,19004,76619
1533894,32263,1345,76620
1533914,32358,26631,76621
1533934,32324,61367,76622
1533954,32437,56785,76623
1533974,32398,19028,76624
1533994,32339,1311,76625
1534014,32345,26648,76626
1534034,32441,61340,76627
1534054,32461,56823,76628
1534074,32451,19018,76629
1534094,32410,1311,76630
1534114,32433,26626,76631
1534134,32358,61336,76632
1534154,32319,56794,76633
1534174,32347,19017,76634
1534194,32360,1351,76635
1534214,32330,26664,76636
1534234,32336,61388,76637
1534254,32402,56816,76638
1534274,32348,19010,76639
1534294,32426,1335,76640
1534314,32345,26627,76641
1534334,32291,61350,76642
1534354,32546,56824,76643
1534374,32523,19027,76644
1534394,32496,1355,76645
1534414,32397,26673,76646
1534434,32314,61393,76647
1534454,32359,56842,76648
1534474,32360,19014,76649
1534494,32327,1333,76650
1534514,32328,26601,76651
1534534,32379,61375,76652
1534554,32463,56905,76653
1534574,32393,19036,76654
1534594,32505,1327,76655
1534614,32369,26650,76656
1534634,32332,61313,76657
1534654,32450,56781,76658
1534674,32386,18974,76659
1534694,32327,1329,76660
1534714,32313,26636,76661
1534734,32405,61347,76662
1534754,32429,56803,76663
1534774,32367,19046,76664
1534794,32356,1350,76665
1534814,32312,26628,76666
1534834,32507,61363,76667
1534854,32497,56860,76668
1534874,32459,19047,76669
1534894,32249,1318,76670
1534914,32154,26621,76671
1534934,32325,61334,76672
1534954,32295,56820,76673
1534974,32351,18997,76674
1534994,32185,1355,76675
1535014,32232,26642,76676
1535034,32462,61354,76677
1535054,32403,56832,76678
1535074,32504,18969,76679
1535094,32322,1389,76680
1535114,32492,26694,76681
1535134,32426,61379,76682
1535154,32629,56823,76683
1535174,32513,19036,76684
1535194,32390,1376,76685
1535214,32425,26684,76686
1535234,32379,61333,76687
1535254,32427,56839,76688
1535274,32390,19009,76689
1535294,32295,1351,76690
1535314,32379,26642,76691
1535334,32412,61388,76692
1535354,32292,56866,76693
1535374,32515,19017,76694
1535394,32322,1360,76695
1535414,32334,26671,76696
1535434,32478,61313,76697
1535454,32502,56830,76698
1535474,32377,18977,76699
1535494,32289,1350,76700
1535514,32256,26638,76701
1535534,32265,61386,76702
1535554,32289,56834,76703
1535574,32345,19027,76704
1535594,32314,1410,76705
1535614,32332,26654,76706
1535634,32287,61337,76707
1535654,32250,56896,76708
1535674,32227,19012,76709
1535694,32276,1342,76710
1535714,32411,26613,76711
1535734,32393,61364,76712
1535754,32422,56748,76713
1535774,32260,18998,76714
1535794,32145,1369,76715
1535814,32288,26626,76716
1535834,32251,61367,76717
1535854,32501,56848,76718
1535874,32476,18983,76719
1535894,32464,1386,76720
1535914,32451,26677,76721
1535934,32377,61382,76722
1535954,32497,56841,76723
1535974,32453,19066,76724
1535994,32228,1336,76725
1536014,32269,26647,76726
1536034,32209,61308,76727
1536054,32362,56830,76728
1536074,32338,19009,76729
1536094,32273,1376,76730
1536114,32235,26686,76731
1536134,32219,61331,76732
1536154,32257,56889,76733
1536174,32405,19021,76734
1536194,32311,1331,76735
1536214,32211,26642,76736
1536234,32321,61350,76737
1536254,32239,56847,76738
1536274,32478,18965,76739
1536294,32484,1328,76740
1536314,32501,26632,76741
1536334,32370,61395,76742
1536354,32175,56897,76743
1536374,32197,18991,76744
1536394,32201,1377,76745
1536414,32147,26613,76746
1536434,32245,61395,76747
1536454,32405,56833,76748
1536474,32362,18989,76749
1536494,32451,1372,76750
1536514,32332,26617,76751
1536534,32438,61374,76752
1536554,32418,56793,76753
1536574,32392,19005,76754
1536594,32470,1354,76755
1536614,32446,26649,76756
1536634,32537,61431,76757
1536654,32385,56836,76758
1536674,32356,19038,76759
1536694,32258,1354,76760
1536714,32185,26630,76761
1536734,32336,61347,76762
1536754,32312,56798,76763
1536774,32391,18993,76764
1536794,32413,1339,76765
1536814,32315,26668,76766
1536834,32525,61371,76767
1536854,32502,56823,76768
1536874,32463,19040,76769
1536894,32381,1341,76770
1536914,32335,26636,76771
1536934,32414,61359,76772
1536954,32408,56823,76773
1536974,32378,19011,76774
1536994,32299,1336,76775
1537014,32447,26644,76776
1537034,32412,61365,76777
1537054,32428,56868,76778
1537074,32430,19034,76779
1537094,32274,1365,76780
1537114,32388,26670,76781
1537134,32450,61373,76782
1537154,32413,56830,76783
1537174,32445,19034,76784
1537194,32292,1358,76785
1537214,32315,26635,76786
1537234,32400,61346,76787
1537254,32382,56832,76788
1537274,32392,18984,76789
1537294,32292,1335,76790
1537314,32431,26623,76791
1537334,32518,61347,76792
1537354,32492,56814,76793
1537374,32446,19011,76794
1537394,32334,1348,76795
1537414,32457,26654,76796
1537434,32483,61376,76797
1537454,32389,56829,76798
1537474,32302,18935,76799
1537494,32306,1312,76800
1537514,32401,26635,76801
1537534,32327,61361,76802
1537554,32520,56856,76803
1537574,32372,19027,76804
1537594,32269,1359,76805
1537614,32477,26657,76806
1537634,32344,61381,76807
1537654,32409,56849,76808
1537674,32407,19013,76809
1537694,32220,1375,76810
1537714,32385,26634,76811
1537734,32376,61309,76812
1537754,32370,56797,76813
1537774,32367,18998,76814
1537794,32291,1349,76815
1537814,32327,26640,76816
1537834,32300,61383,76817
1537854,32298,56815,76818
1537874,32371,18976,76819
1537894,32412,1352,76820
1537914,32394,26657,76821
1537934,32385,61412,76822
1537954,32383,56872,76823
1537974,32253,19035,76824
1537994,32201,1336,76825
1538014,32155,26655,76826
1538034,32352,61365,76827
1538054,32369,56828,76828
1538074,32401,18995,76829
1538094,32367,1347,76830
1538114,32344,26628,76831
1538134,32240,61356,76832
1538154,32345,56863,76833
1538174,32330,19001,76834
1538194,32300,1368,76835
1538214,32209,26674,76836
1538234,32208,61390,76837
1538254,32368,56855,76838
1538274,32232,19021,76839
1538294,32249,1306,76840
1538314,32220,26634,76841
1538334,32236,61345,76842
1538354,32287,56820,76843
1538374,32255,18998,76844
1538394,32339,1329,76845
1538414,32321,26663,76846
1538434,32433,61362,76847
1538454,32304,56811,76848
1538474,32087,18984,76849
1538494,32047,1369,76850
1538514,32146,26639,76851
1538534,32288,61352,76852
1538554,32334,56826,76853
1538574,32395,18997,76854
1538594,32382,1309,76855
1538614,32330,26621,76856
1538634,32368,61342,76857
1538654,32497,56799,76858
1538674,32592,19035,76859
1538694,32489,1349,76860
1538714,32389,26675,76861
1538734,32489,61382,76862
1538754,32445,56829,76863
1538774,32385,19000,76864
1538794,32243,1341,76865
1538814,32324,26614,76866
1538834,32307,61362,76867
1538854,32263,56812,76868
1538874,32285,19018,76869
1538894,32219,1342,76870
1538914,32154,26621,76871
1538934,32312,61420,76872
1538954,32436,56827,76873
1538974,32448,19008,76874
1538994,32369,1324,76875
1539014,32368,26642,76876
1539034,32467,61337,76877
1539054,32417,56827,76878
1539074,32373,19025,76879
1539094,32287,1333,76880
1539114,32251,26629,76881
1539134,32412,61377,76882
1539154,32346,56831,76883
1539174,32316,19030,76884
1539194,32301,1333,76885
1539214,32325,26659,76886
1539234,32389,61385,76887
1539254,32253,56822,76888
1539274,32368,19011,76889
1539294,32266,1365,76890
1539314,32279,26641,76891
1539334,32430,61327,76892
1539354,32511,56841,76893
1539374,32476,18992,76894
1539394,32355,1328,76895
1539414,32403,26653,76896
1539434,32383,61338,76897
1539454,32432,56824,76898
1539474,32465,19005,76899
1539494,32448,1329,76900
1539514,32398,26658,76901
1539534,32400,61363,76902
1539554,32439,56840,76903
1539574,32356,19010,76904
1539594,32216,1339,76905
1539614,32324,26638,76906
1539634,32339,61342,76907
1539654,32429,56832,76908
1539674,32312,19021,76909
1539694,32254,1350,76910
1539714,32351,26624,76911
1539734,32417,61349,76912
1539754,32371,56831,76913
1539774,32389,19007,76914
1539794,32279,1365,76915
1539814,32358,26595,76916
1539834,32285,61373,76917
1539854,32382,56828,76918
1539874,32239,19028,76919
1539894,32272,1330,76920
1539914,32273,26630,76921
1539934,32284,61372,76922
1539954,32299,56836,76923
1539974,32189,19025,76924
1539994,32105,1354,76925
1540014,32281,26667,76926
1540034,32356,61319,76927
1540054,32377,56805,76928
1540074,32273,19047,76929
1540094,32275,1328,76930
1540114,32158,26593,76931
1540134,32276,61353,76932
1540154,32412,56834,76933
1540174,32437,19011,76934
1540194,32437,1342,76935
1540214,32437,26663,76936
1540234,32398,61331,76937
1540254,32511,56795,76938
1540274,32422,19031,76939
1540294,32430,1337,76940
1540314,32318,26649,76941
1540334,32283,61360,76942
1540354,32314,56874,76943
1540374,32331,19012,76944
1540394,32272,1361,76945
1540414,32264,26633,76946
1540434,32323,61352,76947
1540454,32150,56800,76948
1540474,32180,19032,76949
1540494,32230,1344,76950
1540514,32281,26668,76951
1540534,32273,61365,76952
1540554,32301,56856,76953
1540574,32334,19007,76954
1540594,32345,1341,76955
1540614,32475,26617,76956
1540634,32383,61364,76957
1540654,32304,56828,76958
1540674,32250,19016,76959
1540694,32101,1327,76960
1540714,32161,26649,76961
1540734,32235,61334,76962
1540754,32267,56836,76963
1540774,32419,19021,76964
1540794,32347,1353,76965
1540814,32395,26660,76966
1540834,32367,61348,76967
1540854,32385,56853,76968
1540874,32470,19011,76969
1540894,32438,1331,76970
1540914,32423,26642,76971
1540934,32549,61387,76972
1540954,32410,56821,76973
1540974,32424,18994,76974
1540994,32289,1351,76975
1541014,32305,26632,76976
1541034,32424,61374,76977
1541054,32422,56852,76978
1541074,32460,18969,76979
1541094,32383,1332,76980
1541114,32416,26648,76981
1541134,32447,61348,76982
1541154,32430,56813,76983
1541174,32464,18989,76984
1541194,32312,1313,76985
1541214,32295,26674,76986
1541234,32353,61371,76987
1541254,32344,56838,76988
1541274,32360,19026,76989
1541294,32307,1350,76990
1541314,32419,26640,76991
1541334,32469,61360,76992
1541354,32507,56844,76993
1541374,32408,19004,76994
1541394,32247,1353,76995
1541414,32342,26616,76996
1541434,32352,61356,76997
1541454,32357,56824,76998
1541474,32343,19002,76999
1541494,32239,1331,77000
1541514,32270,26636,77001
1541534,32312,61390,77002
1541554,32376,56839,77003
1541574,32412,19013,77004
1541594,32388,1350,77005
1541614,32398,26652,77006
1541634,32449,61332,77007
1541654,32464,56831,77008
1541674,32334,19021,77009
1541694,32270,1318,77010
1541714,32227,26615,77011
1541734,32290,61349,77012
1541754,32290,56793,77013
1541774,32253,19056,77014
1541794,32275,1359,77015
1541814,32325,26648,77016
1541834,32414,61347,77017
1541854,32438,56857,77018
1541874,32408,18994,77019
1541894,32305,1345,77020
1541914,32295,26648,77021
1541934,32405,61359,77022
1541954,32404,56866,77023
1541974,32356,19062,77024
1541994,32266,1334,77025
1542014,32289,26665,77026
1542034,32411,61373,77027
1542054,32406,56876,77028
1542074,32202,19009,77029
1542094,32265,1343,77030
1542114,32247,26665,77031
1542134,32299,61348,77032
1542154,32344,56811,77033
1542174,32259,19023,77034
1542194,32297,1333,77035
1542214,32316,26636,77036
1542234,32300,61331,77037
1542254,32128,56802,77038
1542274,32188,19016,77039
1542294,32325,1327,77040
1542314,32494,26640,77041
1542334,32502,61377,77042
1542354,32405,56818,77043
1542374,32379,19013,77044
1542394,32395,1360,77045
1542414,32433,26642,77046
1542434,32427,61305,77047
1542454,32385,56815,77048
1542474,32353,18999,77049
1542494,32200,1349,77050
1542514,32270,26691,77051
1542534,32308,61374,77052
1542554,32264,56828,77053
1542574,32229,19030,77054
1542594,32269,1357,77055
1542614,32199,26639,77056
1542634,32237,61352,77057
1542654,32319,56811,77058
1542674,32265,19001,77059
1542694,32251,1346,77060
1542714,32297,26616,77061
1542734,32340,61354,77062
1542754,32423,56842,77063
1542774,32353,19027,77064
1542794,32222,1347,77065
1542814,32203,26649,77066
1542834,32169,61342,77067
1542854,32139,56834,77068
1542874,32197,19018,77069
1542894,31965,1349,77070
1542914,32074,26652,77071
1542934,32049,61349,77072
1542954,32291,56836,77073
1542974,32376,19021,77074
1542994,32280,1371,77075
1543014,32391,26617,77076
1543034,32402,61357,77077
1543054,32407,56853,77078
1543074,32447,19025,77079
1543094,32450,1335,77080
1543114,32515,26640,77081
1543134,32460,61352,77082
1543154,32384,56877,77083
1543174,32387,19032,77084
1543194,32280,1338,77085
1543214,32290,26612,77086
1543234,32243,61374,77087
1543254,32245,56828,77088
1543274,32205,19015,77089
1543294,32233,1346,77090
1543314,32232,26673,77091
1543334,32346,61395,77092
1543354,32357,56895,77093
1543374,32413,19030,77094
1543394,32415,1342,77095
1543414,32440,26636,77096
1543434,32392,61351,77097
1543454,32461,56834,77098
1543474,32426,19026,77099
1543494,32358,1362,77100
1543514,32329,26640,77101
1543534,32364,61383,77102
1543554,32356,56847,77103
1543574,32355,19050,77104
1543594,32400,1306,77105
1543614,32381,26656,77106
1543634,32395,61355,77107
1543654,32455,56844,77108
1543674,32403,19024,77109
1543694,32312,1335,77110
1543714,32399,26654,77111
1543734,32419,61326,77112
1543754,32412,56809,77113
1543774,32356,18971,77114
1543794,32261,1354,77115
1543814,32315,26613,77116
1543834,32371,61402,77117
1543854,32466,56795,77118
1543874,32457,19009,77119
1543894,32334,1381,77120
1543914,32427,26663,77121
1543934,32473,61354,77122
1543954,32441,56858,77123
1543974,32440,19017,77124
1543994,32362,1323,77125
1544014,32321,26618,77126
1544034,32370,61357,77127
1544054,32410,56806,77128
1544074,32318,19012,77129
1544094,32275,1356,77130
1544114,32285,26640,77131
1544134,32419,61375,77132
1544154,32382,56844,77133
1544174,32374,18997,77134
1544194,32348,1350,77135
1544214,32440,26625,77136
1544234,32449,61370,77137
1544254,32274,56837,77138
1544274,32314,18999,77139
1544294,32240,1377,77140
1544314,32191,26646,77141
1544334,32433,61360,77142
1544354,32348,56778,77143
1544374,32297,19007,77144
1544394,32247,1346,77145
1544414,32244,26601,77146
1544434,32305,61430,77147
1544454,32413,56808,77148
1544474,32385,19004,77149
1544494,32426,1331,77150
1544514,32327,26672,77151
1544534,32330,61413,77152
1544554,32246,56793,77153
1544574,32141,19010,77154
1544594,32210,1346,77155
1544614,32250,26610,77156
1544634,32268,61351,77157
1544654,32246,56810,77158
1544674,32226,19000,77159
1544694,32188,1366,77160
1544714,32222,26668,77161
1544734,32128,61375,77162
1544754,32149,56862,77163
1544774,32212,19030,77164
1544794,32278,1326,77165
1544814,32177,26620,77166
1544834,32324,61397,77167
1544854,32167,56900,77168
1544874,32269,19023,77169
1544894,32315,1321,77170
1544914,32356,26658,77171
1544934,32297,61380,77172
1544954,32276,56813,77173
1544974,32087,18969,77174
1544994,32144,1350,77175
1545014,32130,26653,77176
1545034,32318,61356,77177
1545054,32333,56834,77178
1545074,32467,19011,77179
1545094,32425,1363,77180
1545114,32410,26659,77181
1545134,32470,61332,77182
1545154,32467,56795,77183
1545174,32473,19001,77184
1545194,32452,1334,77185
1545214,32452,26663,77186
1545234,32420,61420,77187
1545254,32320,56822,77188
1545274,32319,19016,77189
1545294,32257,1341,77190
1545314,32310,26654,77191
1545334,32256,61381,77192
1545354,32212,56847,77193
1545374,32286,19003,77194
1545394,32210,1338,77195
1545414,32367,26636,77196
1545434,32384,61361,77197
1545454,32508,56851,77198
1545474,32407,19017,77199
1545494,32366,1364,77200
1545514,32306,26640,77201
1545534,32354,61344,77202
1545554,32339,56835,77203
1545574,32410,19010,77204
1545594,32316,1343,77205
1545614,32356,26615,77206
1545634,32390,61371,77207
1545654,32433,56882,77208
1545674,32462,19029,77209
1545694,32355,1336,77210
1545714,32368,26656,77211
1545734,32331,61358,77212
1545754,32283,56863,77213
1545774,32416,19015,77214
1545794,32332,1342,77215
1545814,32412,26682,77216
1545834,32457,61383,77217
1545854,32474,56879,77218
1545874,32553,19027,77219
1545894,32393,1359,77220
1545914,32412,26652,77221
1545934,32492,61320,77222
1545954,32430,56843,77223
1545974,32494,18988,77224
1545994,32325,1352,77225
1546014,32346,26625,77226
1546034,32487,61362,77227
1546054,32473,56852,77228
1546074,32459,19028,77229
1546094,32384,1334,77230
1546114,32301,26634,77231
1546134,32414,61409,77232
1546154,32390,56850,77233
1546174,32318,19032,77234
1546194,32242,1360,77235
1546214,32319,26608,77236
1546234,32429,61361,77237
1546254,32442,56798,77238
1546274,32427,19001,77239
1546294,32352,1375,77240
1546314,32347,26665,77241
1546334,32384,61388,77242
1546354,32323,56838,77243
1546374,32292,18996,77244
1546394,32240,1344,77245
1546414,32350,26663,77246
1546434,32405,61341,77247
1546454,32461,56861,77248
1546474,32410,19019,77249
1546494,32292,1343,77250
1546514,32309,26627,77251
1546534,32357,61360,77252
1546554,32382,56828,77253
1546574,32333,19003,77254
1546594,32232,1377,77255
1546614,32289,26623,77256
1546634,32359,61339,77257
1546654,32355,56823,77258
1546674,32207,18984,77259
1546694,32270,1325,77260
1546714,32255,26653,77261
1546734,32309,61358,77262
1546754,32297,56845,77263
1546774,32247,18983,77264
1546794,32099,1330,77265
1546814,32189,26646,77266
1546834,32244,61371,77267
1546854,32175,56859,77268
1546874,32172,19081,77269
1546894,31952,1347,77270
1546914,32104,26636,77271
1546934,32148,61352,77272
1546954,32186,56801,77273
1546974,32300,19007,77274
1546994,32281,1332,77275
1547014,32388,26602,77276
1547034,32312,61382,77277
1547054,32172,56839,77278
1547074,32143,18996,77279
1547094,32100,1348,77280
1547114,32205,26652,77281
1547134,32363,61404,77282
1547154,32414,56855,77283
1547174,32512,18998,77284
1547194,32448,1287,77285
1547214,32481,26654,77286
1547234,32356,61362,77287
1547254,32382,56795,77288
1547274,32460,18989,77289
1547294,32489,1299,77290
1547314,32445,26622,77291
1547334,32390,61357,77292
1547354,32375,56851,77293
1547374,32371,19001,77294
1547394,32374,1331,77295
1547414,32247,26627,77296
1547434,32236,61373,77297
1547454,32258,56846,77298
1547474,32261,19010,77299
1547494,32294,1347,77300
1547514,32290,26620,77301
1547534,32276,61352,77302
1547554,32329,56816,77303
1547574,32341,19020,77304
1547594,32340,1301,77305
1547614,32302,26638,77306
1547634,32429,61359,77307
1547654,32503,56841,77308
1547674,32509,19009,77309
1547694,32423,1345,77310
1547714,32409,26660,77311
1547734,32397,61305,77312
1547754,32477,56800,77313
1547774,32395,18996,77314
1547794,32420,1360,77315
1547814,32203,26624,77316
1547834,32332,61366,77317
1547854,32370,56843,77318
1547874,32459,19019,77319
1547894,32442,1368,77320
1547914,32388,26662,77321
1547934,32510,61396,77322
1547954,32530,56830,77323
1547974,32554,19030,77324
1547994,32446,1342,77325
1548014,32393,26665,77326
1548034,32533,61387,77327
1548054,32564,56763,77328
1548074,32367,18998,77329
1548094,32376,1341,77330
1548114,32370,26614,77331
1548134,32475,61396,77332
1548154,32440,56814,77333
1548174,32489,19013,77334
1548194,32370,1343,77335
1548214,32407,26644,77336
1548234,32416,61377,77337
1548254,32405,56839,77338
1548274,32308,19020,77339
1548294,32321,1334,77340
1548314,32338,26647,77341
1548334,32414,61355,77342
1548354,32462,56805,77343
1548374,32432,18994,77344
1548394,32458,1343,77345
1548414,32400,26617,77346
1548434,32334,61374,77347
1548454,32371,56853,77348
1548474,32511,18964,77349
1548494,32223,1332,77350
1548514,32290,26652,77351
1548534,32409,61393,77352
1548554,32363,56835,77353
1548574,32397,19031,77354
1548594,32366,1344,77355
1548614,32462,26627,77356
1548634,32470,61362,77357
1548654,32355,56802,77358
1548674,32375,19008,77359
1548694,32301,1339,77360
1548714,32271,26661,77361
1548734,32465,61326,77362
1548754,32406,56837,77363
1548774,32277,19011,77364
1548794,32020,1366,77365
1548814,32142,26648,77366
1548834,32241,61360,77367
1548854,32232,56870,77368
1548874,32116,18981,77369
1548894,32149,1363,77370
1548914,32230,26617,77371
1548934,32463,61330,77372
1548954,32350,56862,77373
1548974,32249,18989,77374
1548994,32281,1329,77375
1549014,32356,26601,77376
1549034,32473,61316,77377
1549054,32593,56790,77378
1549074,32485,19000,77379
1549094,32228,1346,77380
1549114,32155,26614,77381
1549134,32259,61379,77382
1549154,32377,56837,77383
1549174,32364,19065,77384
1549194,32403,1388,77385
1549214,32430,26671,77386
1549234,32413,61403,77387
1549254,32491,56889,77388
1549274,32567,18983,77389
1549294,32469,1377,77390
1549314,32565,26581,77391
1549334,32575,61346,77392
1549354,32479,56840,77393
1549374,32438,19018,77394
1549394,32485,1360,77395
1549414,32465,26648,77396
1549434,32475,61379,77397
1549454,32532,56763,77398
1549474,32500,19049,77399
1549494,32461,1370,77400
1549514,32456,26639,77401
1549534,32474,61366,77402
1549554,32533,56841,77403
1549574,32393,19036,77404
1549594,32491,1344,77405
1549614,32512,26640,77406
1549634,32524,61366,77407
1549654,32357,56826,77408
1549674,32416,19044,77409
1549694,32421,1343,77410
1549714,32379,26655,77411
1549734,32561,61356,77412
1549754,32563,56825,77413
1549774,32513,19023,77414
1549794,32473,1361,77415
1549814,32314,26699,77416
1549834,32602,61328,77417
1549854,32496,56827,77418
1549874,32523,18997,77419
1549894,32469,1342,77420
1549914,32536,26579,77421
1549934,32552,61372,77422
1549954,32491,56851,77423
1549974,32504,19007,77424
1549994,32452,1360,77425
1550014,32490,26687,77426
1550034,32529,61428,77427
1550054,32482,56784,77428
1550074,32531,19022,77429
1550094,32606,1310,77430
1550114,32318,26655,77431
1550134,32493,61360,77432
1550154,32465,56756,77433
1550174,32452,18969,77434
1550194,32325,1351,77435
1550214,32311,26621,77436
1550234,32411,61363,77437
1550254,32423,56841,77438
1550274,32484,19012,77439
1550294,32422,1337,77440
1550314,32412,26651,77441
1550334,32459,61336,77442
1550354,32496,56812,77443
1550374,32477,19016,77444
1550394,32475,1401,77445
1550414,32528,26631,77446
1550434,32607,61372,77447
1550454,32471,56861,77448
1550474,32566,19012,77449
1550494,32404,1367,77450
1550514,32478,26632,77451
1550534,32508,61346,77452
1550554,32457,56820,77453
1550574,32459,19010,77454
1550594,32365,1334,77455
1550614,32455,26599,77456
1550634,32370,61302,77457
1550654,32452,56881,77458
1550674,32502,19077,77459
1550694,32388,1423,77460
1550714,32378,26670,77461
1550734,32260,61439,77462
1550754,32420,56847,77463
1550774,32387,19011,77464
1550794,32414,1292,77465
1550814,32530,26602,77466
1550834,32478,61374,77467
1550854,32563,56822,77468
1550874,32375,19025,77469
1550894,32366,1318,77470
1550914,32301,26630,77471
1550934,32396,61379,77472
1550954,32325,56809,77473
1550974,32293,19008,77474
1550994,32361,1350,77475
1551014,32389,26621,77476
1551034,32497,61387,77477
1551054,32469,56812,77478
1551074,32399,19012,77479
1551094,32413,1336,77480
1551114,32332,26661,77481
1551134,32412,61436,77482
1551154,32355,56881,77483
1551174,32489,19012,77484
1551194,32293,1318,77485
1551214,32554,26629,77486
1551234,32413,61352,77487
1551254,32424,56827,77488
1551274,32458,18981,77489
1551294,32385,1359,77490
1551314,32386,26617,77491
1551334,32417,61374,77492
1551354,32458,56759,77493
1551374,32470,18988,77494
1551394,32462,1330,77495
1551414,32470,26677,77496
1551434,32511,61373,77497
1551454,32525,56830,77498
1551474,32553,18996,77499
1551494,32330,1354,77500
1551514,32434,26631,77501
1551534,32565,61371,77502
1551554,32573,56798,77503
1551574,32629,19053,77504
1551594,32557,1343,77505
1551614,32486,26626,77506
1551634,32664,61332,77507
1551654,32558,56804,77508
1551674,32467,19018,77509
1551694,32551,1356,77510
1551714,32464,26642,77511
1551734,32533,61362,77512
1551754,32511,56858,77513
1551774,32532,18994,77514
1551794,32400,1342,77515
1551814,32498,26669,77516
1551834,32514,61424,77517
1551854,32309,56850,77518
1551874,32564,19023,77519
1551894,32582,1373,77520
1551914,32455,26658,77521
1551934,32455,61358,77522
1551954,32532,56876,77523
1551974,32234,19014,77524
1551994,32405,1303,77525
1552014,32252,26691,77526
1552034,32442,61382,77527
1552054,32458,56808,77528
1552074,32493,18959,77529
1552094,32392,1373,77530
1552114,32361,26678,77531
1552134,32507,61372,77532
1552154,32559,56809,77533
1552174,32410,18959,77534
1552194,32406,1324,77535
1552214,32449,26644,77536
1552234,32474,61367,77537
1552254,32523,56762,77538
1552274,32540,18942,77539
1552294,32469,1343,77540
1552314,32321,26634,77541
1552334,32376,61389,77542
1552354,32467,56858,77543
1552374,32359,19002,77544
1552394,32212,1357,77545
1552414,32169,26633,77546
1552434,32280,61323,77547
1552454,32249,56845,77548
1552474,32305,19009,77549
1552494,32190,1323,77550
1552514,32291,26606,77551
1552534,32234,61301,77552
1552554,32298,56857,77553
1552574,32391,19008,77554
1552594,32367,1337,77555
1552614,32308,26605,77556
1552634,32295,61422,77557
1552654,32381,56795,77558
1552674,32357,19063,77559
1552694,32482,1336,77560
1552714,32422,26686,77561
1552734,32441,61363,77562
1552754,32496,56849,77563
1552774,32453,19038,77564
1552794,32303,1358,77565
1552814,32454,26681,77566
1552834,32544,61332,77567
1552854,32541,56864,77568
1552874,32496,19000,77569
1552894,32416,1404,77570
1552914,32553,26599,77571
1552934,32443,61332,77572
1552954,32484,56823,77573
1552974,32482,18966,77574
1552994,32483,1370,77575
1553014,32417,26653,77576
1553034,32513,61331,77577
1553054,32599,56850,77578
1553074,32347,19061,77579
1553094,32379,1357,77580
1553114,32398,26641,77581
1553134,32508,61375,77582
1553154,32570,56837,77583
1553174,32501,19034,77584
1553194,32404,1311,77585
1553214,32513,26620,77586
1553234,32584,61361,77587
1553254,32507,56835,77588
1553274,32389,18992,77589
1553294,32489,1351,77590
1553314,32568,26571,77591
1553334,32636,61319,77592
1553354,32497,56835,77593
1553374,32472,19005,77594
1553394,32337,1347,77595
1553414,32407,26630,77596
1553434,32491,61437,77597
1553454,32506,56814,77598
1553474,32527,19015,77599
1553494,32450,1384,77600
1553514,32453,26609,77601
1553534,32488,61334,77602
1553554,32442,56849,77603
1553574,32478,18983,77604
1553594,32442,1368,77605
1553614,32527,26662,77606
1553634,32615,61333,77607
1553654,32517,56867,77608
1553674,32425,19041,77609
1553694,32252,1334,77610
1553714,32360,26632,77611
1553734,32468,61359,77612
1553754,32539,56803,77613
1553774,32580,19004,77614
1553794,32494,1350,77615
1553814,32503,26580,77616
1553834,32554,61346,77617
1553854,32460,56793,77618
1553874,32439,19015,77619
1553894,32498,1345,77620
1553914,32496,26641,77621
1553934,32479,61395,77622
1553954,32446,56902,77623
1553974,32559,18998,77624
1553994,32386,1337,77625
1554014,32485,26653,77626
1554034,32429,61366,77627
1554054,32324,56817,77628
1554074,32340,19053,77629
1554094,32342,1346,77630
1554114,32485,26620,77631
1554134,32577,61365,77632
1554154,32394,56911,77633
1554174,32369,19042,77634
1554194,32338,1368,77635
1554214,32400,26631,77636
1554234,32347,61371,77637
1554254,32446,56862,77638
1554274,32484,19008,77639
1554294,32425,1343,77640
1554314,32452,26699,77641
1554334,32473,61331,77642
1554354,32424,56850,77643
1554374,32446,18975,77644
1554394,32350,1376,77645
1554414,32350,26631,77646
1554434,32418,61378,77647
1554454,32504,56832,77648
1554474,32531,18985,77649
1554494,32405,1344,77650
1554514,32382,26643,77651
1554534,32383,61408,77652
1554554,32545,56916,77653
1554574,32573,19017,77654
1554594,32424,1315,77655
1554614,32383,26645,77656
1554634,32409,61366,77657
1554654,32478,56789,77658
1554674,32525,19011,77659
1554694,32392,1374,77660
1554714,32336,26644,77661
1554734,32418,61342,77662
1554754,32491,56859,77663
1554774,32462,19019,77664
1554794,32481,1347,77665
1554814,32416,26605,77666
1554834,32492,61392,77667
1554854,32560,56823,77668
1554874,32412,18982,77669
1554894,32326,1432,77670
1554914,32284,26623,77671
1554934,32368,61344,77672
1554954,32433,56843,77673
1554974,32457,19013,77674
1554994,32372,1363,77675
1555014,32475,26628,77676
1555034,32426,61374,77677
1555054,32548,56862,77678
1555074,32484,19027,77679
1555094,32435,1313,77680
1555114,32441,26667,77681
1555134,32570,61351,77682
1555154,32573,56765,77683
1555174,32555,19001,77684
1555194,32477,1354,77685
1555214,32333,26607,77686
1555234,32498,61357,77687
1555254,32502,56856,77688
1555274,32547,19047,77689
1555294,32466,1380,77690
1555314,32565,26608,77691
1555334,32495,61369,77692
1555354,32511,56840,77693
1555374,32481,19001,77694
1555394,32456,1316,77695
1555414,32403,26631,77696
1555434,32503,61391,77697
1555454,32464,56805,77698
1555474,32469,19005,77699
1555494,32424,1354,77700
1555514,32281,26674,77701
1555534,32481,61349,77702
1555554,32536,56835,77703
1555574,32529,19014,77704
1555594,32451,1366,77705
1555614,32507,26654,77706
1555634,32560,61352,77707
1555654,32515,56804,77708
1555674,32548,18989,77709
1555694,32347,1364,77710
1555714,32502,26646,77711
1555734,32550,61374,77712
1555754,32463,56865,77713
1555774,32459,19042,77714
1555794,32331,1364,77715
1555814,32353,26633,77716
1555834,32402,61334,77717
1555854,32442,56821,77718
1555874,32404,19000,77719
1555894,32441,1320,77720
1555914,32397,26639,77721
1555934,32408,61367,77722
1555954,32346,56835,77723
1555974,32370,19012,77724
1555994,32298,1379,77725
1556014,32340,26652,77726
1556034,32344,61366,77727
1556054,32373,56816,77728
1556074,32492,19020,77729
1556094,32343,1339,77730
1556114,32502,26652,77731
1556134,32450,61403,77732
1556154,32427,56819,77733
1556174,32267,19018,77734
1556194,32328,1327,77735
1556214,32313,26619,77736
1556234,32343,61381,77737
1556254,32350,56841,77738
1556274,32375,18995,77739
1556294,32371,1349,77740
1556314,32399,26642,77741
1556334,32265,61341,77742
1556354,32316,56819,77743
1556374,32376,19053,77744
1556394,32434,1364,77745
1556414,32439,26649,77746
1556434,32466,61369,77747
1556454,32468,56800,77748
1556474,32462,19009,77749
1556494,32358,1324,77750
1556514,32467,26677,77751
1556534,32400,61373,77752
1556554,32570,56857,77753
1556574,32475,19016,77754
1556594,32451,1341,77755
1556614,32516,26631,77756
1556634,32402,61386,77757
1556654,32443,56801,77758
1556674,32521,18998,77759
1556694,32448,1351,77760
1556714,32484,26643,77761
1556734,32505,61377,77762
1556754,32546,56805,77763
1556774,32530,18990,77764
1556794,32463,1341,77765
1556814,32426,26656,77766
1556834,32499,61358,77767
1556854,32568,56804,77768
1556874,32580,19043,77769
1556894,32490,1375,77770
1556914,32398,26639,77771
1556934,32454,61380,77772
1556954,32431,56803,77773
1556974,32541,18971,77774
1556994,32514,1329,77775
1557014,32463,26658,77776
1557034,32454,61368,77777
1557054,32557,56838,77778
1557074,32410,19053,77779
1557094,32258,1356,77780
1557114,32177,26635,77781
1557134,32381,61345,77782
1557154,32401,56820,77783
1557174,32438,19038,77784
1557194,32467,1374,77785
1557214,32361,26663,77786
1557234,32488,61389,77787
1557254,32470,56806,77788
1557274,32503,19039,77789
1557294,32444,1352,77790
1557314,32410,26644,77791
1557334,32480,61363,77792
1557354,32498,56811,77793
1557374,32429,18984,77794
1557394,32371,1352,77795
1557414,32318,26629,77796
1557434,32362,61371,77797
1557454,32342,56826,77798
1557474,32346,19025,77799
1557494,32270,1348,77800
1557514,32374,26672,77801
1557534,32414,61421,77802
1557554,32450,56844,77803
1557574,32465,19035,77804
1557594,32380,1356,77805
1557614,32429,26628,77806
1557634,32495,61355,77807
1557654,32441,56864,77808
1557674,32472,19005,77809
1557694,32254,1375,77810
1557714,32340,26644,77811
1557734,32383,61337,77812
1557754,32400,56789,77813
1557774,32491,19009,77814
1557794,32310,1327,77815
1557814,32449,26620,77816
1557834,32514,61346,77817
1557854,32532,56815,77818
1557874,32443,19022,77819
1557894,32327,1368,77820
1557914,32357,26668,77821
1557934,32421,61396,77822
1557954,32337,56879,77823
1557974,32408,19019,77824
1557994,32403,1341,77825
1558014,32492,26647,77826
1558034,32527,61329,77827
1558054,32445,56817,77828
1558074,32453,19003,77829
1558094,32388,1348,77830
1558114,32537,26602,77831
1558134,32529,61353,77832
1558154,32546,56839,77833
1558174,32492,19016,77834
1558194,32417,1352,77835
1558214,32458,26643,77836
1558234,32472,61380,77837
1558254,32575,56836,77838
1558274,32513,19027,77839
1558294,32476,1375,77840
1558314,32522,26665,77841
1558334,32459,61375,77842
1558354,32497,56840,77843
1558374,32415,19011,77844
1558394,32481,1339,77845
1558414,32601,26632,77846
1558434,32532,61354,77847
1558454,32554,56820,77848
1558474,32519,19000,77849
1558494,32477,1337,77850
1558514,32440,26629,77851
1558534,32525,61370,77852
1558554,32548,56772,77853
1558574,32555,19016,77854
1558594,32495,1360,77855
1558614,32539,26681,77856
1558634,32487,61365,77857
1558654,32435,56827,77858
1558674,32470,19008,77859
1558694,32474,1360,77860
1558714,32517,26621,77861
1558734,32493,61387,77862
1558754,32596,56830,77863
1558774,32445,19023,77864
1558794,32453,1335,77865
1558814,32510,26681,77866
1558834,32434,61365,77867
1558854,32524,56841,77868
1558874,32463,19014,77869
1558894,32374,1349,77870
1558914,32262,26613,77871
1558934,32312,61377,77872
1558954,32391,56880,77873
1558974,32467,19036,77874
1558994,32368,1374,77875
1559014,32400,26648,77876
1559034,32420,61353,77877
1559054,32555,56781,77878
1559074,32501,18996,77879
1559094,32509,1377,77880
1559114,32460,26638,77881
1559134,32387,61392,77882
1559154,32419,56871,77883
1559174,32441,19027,77884
1559194,32458,1367,77885
1559214,32471,26656,77886
1559234,32517,61320,77887
1559254,32477,56809,77888
1559274,32508,19021,77889
1559294,32380,1332,77890
1559314,32377,26652,77891
1559334,32487,61385,77892
1559354,32562,56824,77893
1559374,32431,19065,77894
1559394,32391,1371,77895
1559414,32362,26644,77896
1559434,32484,61365,77897
1559454,32195,56797,77898
1559474,32335,18990,77899
1559494,32327,1342,77900
1559514,32433,26621,77901
1559534,32469,61348,77902
1559554,32501,56818,77903
1559574,32495,19016,77904
1559594,32377,1340,77905
1559614,32362,26614,77906
1559634,32468,61350,77907
1559654,32381,56808,77908
1559674,32499,19000,77909
1559694,32386,1340,77910
1559714,32447,26666,77911
1559734,32470,61435,77912
1559754,32390,56823,77913
1559774,32519,19027,77914
1559794,32306,1338,77915
1559814,32256,26633,77916
1559834,32352,61328,77917
1559854,32322,56815,77918
1559874,32369,19003,77919
1559894,32289,1324,77920
1559914,32134,26649,77921
1559934,32257,61324,77922
1559954,32279,56850,77923
1559974,32323,19016,77924
1559994,32259,1355,77925
1560014,32300,26656,77926
1560034,32328,61338,77927
1560054,32228,56832,77928
1560074,32338,18995,77929
1560094,32351,1332,77930
1560114,32455,26629,77931
1560134,32410,61359,77932
1560154,32230,56829,77933
1560174,32246,18997,77934
1560194,32168,1377,77935
1560214,32191,26632,77936
1560234,32424,61363,77937
1560254,32479,56819,77938
1560274,32485,19025,77939
1560294,32416,1350,77940
1560314,32476,26656,77941
1560334,32459,61406,77942
1560354,32488,56794,77943
1560374,32399,19021,77944
1560394,32383,1384,77945
1560414,32524,26632,77946
1560434,32543,61363,77947
1560454,32527,56828,77948
1560474,32431,18992,77949
1560494,32363,1348,77950
1560514,32463,26633,77951
1560534,32512,61337,77952
1560554,32556,56822,77953
1560574,32474,18986,77954
1560594,32494,1323,77955
1560614,32408,26631,77956
1560634,32426,61347,77957
1560654,32495,56820,77958
1560674,32448,19009,77959
1560694,32438,1348,77960
1560714,32440,26670,77961
1560734,32519,61387,77962
1560754,32504,56836,77963
1560774,32456,19069,77964
1560794,32430,1354,77965
1560814,32374,26653,77966
1560834,32464,61355,77967
1560854,32599,56769,77968
1560874,32450,19027,77969
1560894,32497,1351,77970
1560914,32397,26638,77971
1560934,32467,61339,77972
1560954,32416,56812,77973
1560974,32451,19000,77974
1560994,32458,1334,77975
1561014,32421,26675,77976
1561034,32452,61369,77977
1561054,32351,56842,77978
1561074,32431,19008,77979
1561094,32365,1344,77980
1561114,32479,26642,77981
1561134,32478,61363,77982
1561154,32521,56787,77983
1561174,32408,19011,77984
1561194,32369,1349,77985
1561214,32371,26650,77986
1561234,32408,61339,77987
1561254,32400,56897,77988
1561274,32423,19003,77989
1561294,32463,1345,77990
1561314,32449,26683,77991
1561334,32439,61383,77992
1561354,32414,56841,77993
1561374,32441,19034,77994
1561394,32379,1355,77995
1561414,32413,26662,77996
1561434,32497,61373,77997
1561454,32474,56827,77998
1561474,32513,19004,77999
1561494,32460,1326,78000
1561514,32368,26647,78001
1561534,32374,61321,78002
1561554,32382,56804,78003
1561574,32451,18986,78004
1561594,32421,1347,78005
1561614,32339,26631,78006
1561634,32456,61370,78007
1561654,32418,56848,78008
1561674,32387,19019,78009
1561694,32285,1354,78010
1561714,32338,26635,78011
1561734,32356,61368,78012
1561754,32411,56802,78013
1561774,32492,19007,78014
1561794,32328,1373,78015
1561814,32325,26679,78016
1561834,32345,61350,78017
1561854,32391,56855,78018
1561874,32383,19001,78019
1561894,32320,1350,78020
1561914,32308,26638,78021
1561934,32366,61380,78022
1561954,32330,56868,78023
1561974,32423,19016,78024
1561994,32354,1339,78025
1562014,32336,26631,78026
1562034,32348,61406,78027
1562054,32370,56763,78028
1562074,32353,18994,78029
1562094,32240,1369,78030
1562114,32287,26660,78031
1562134,32389,61349,78032
1562154,32433,56818,78033
1562174,32427,18995,78034
1562194,32430,1340,78035
1562214,32388,26648,78036
1562234,32392,61359,78037
1562254,32471,56836,78038
1562274,32439,19004,78039
1562294,32326,1340,78040
1562314,32317,26634,78041
1562334,32405,61340,78042
1562354,32458,56831,78043
1562374,32421,19007,78044
1562394,32338,1346,78045
1562414,32314,26658,78046
1562434,32394,61369,78047
1562454,32392,56845,78048
1562474,32422,19031,78049
1562494,32354,1333,78050
1562514,32444,26656,78051
1562534,32410,61358,78052
1562554,32541,56769,78053
1562574,32357,18985,78054
1562594,32337,1338,78055
1562614,32233,26631,78056
1562634,32301,61375,78057
1562654,32267,56799,78058
1562674,32295,19043,78059
1562694,32281,1338,78060
1562714,32248,26658,78061
1562734,32413,61371,78062
1562754,32287,56860,78063
1562774,32312,19014,78064
1562794,32286,1336,78065
1562814,32233,26646,78066
1562834,32168,61394,78067
1562854,32282,56798,78068
1562874,32087,18996,78069
1562894,32006,1336,78070
1562914,32143,26635,78071
1562934,32334,61382,78072
1562954,32341,56803,78073
1562974,32363,19001,78074
1562994,32363,1314,78075
1563014,32264,26658,78076
1563034,32243,61396,78077
1563054,32281,56834,78078
1563074,32303,19031,78079
1563094,32322,1292,78080
1563114,32333,26628,78081
1563134,32313,61371,78082
1563154,32129,56841,78083
1563174,32264,18981,78084
1563194,32289,1339,78085
1563214,32136,26642,78086
1563234,32341,61366,78087
1563254,32268,56850,78088
1563274,32379,19019,78089
1563294,32225,1361,78090
1563314,32160,26674,78091
1563334,32188,61401,78092
1563354,32318,56819,78093
1563374,32293,18989,78094
1563394,32233,1364,78095
1563414,32215,26634,78096
1563434,32234,61336,78097
1563454,32159,56812,78098
1563474,32131,19003,78099
1563494,32158,1358,78100
1563514,32189,26655,78101
1563534,32336,61387,78102
1563554,32355,56837,78103
1563574,32427,19010,78104
1563594,32378,1309,78105
1563614,32418,26663,78106
1563634,32461,61343,78107
1563654,32481,56790,78108
1563674,32419,19013,78109
1563694,32272,1332,78110
1563714,32239,26642,78111
1563734,32282,61324,78112
1563754,32252,56829,78113
1563774,32224,19028,78114
1563794,32112,1332,78115
1563814,32245,26639,78116
1563834,32307,61359,78117
1563854,32265,56828,78118
1563874,32322,19000,78119
1563894,32243,1347,78120
1563914,32367,26666,78121
1563934,32325,61315,78122
1563954,32458,56804,78123
1563974,32500,19008,78124
1563994,32383,1344,78125
1564014,32370,26627,78126
1564034,32369,61412,78127
1564054,32382,56756,78128
1564074,32430,19025,78129
1564094,32276,1349,78130
1564114,32293,26661,78131
1564134,32362,61361,78132
1564154,32446,56821,78133
1564174,32447,18988,78134
1564194,32316,1361,78135
1564214,32416,26644,78136
1564234,32428,61334,78137
1564254,32546,56829,78138
1564274,32479,18983,78139
1564294,32384,1316,78140
1564314,32394,26653,78141
1564334,32458,61362,78142
1564354,32534,56911,78143
1564374,32511,19033,78144
1564394,32368,1363,78145
1564414,32339,26644,78146
1564434,32347,61382,78147
1564454,32450,56847,78148
1564474,32471,18971,78149
1564494,32376,1365,78150
1564514,32380,26645,78151
1564534,32482,61352,78152
1564554,32430,56827,78153
1564574,32435,19042,78154
1564594,32343,1381,78155
1564614,32326,26641,78156
1564634,32462,61389,78157
1564654,32460,56850,78158
1564674,32368,18995,78159
1564694,32369,1336,78160
1564714,32381,26632,78161
1564734,32339,61341,78162
1564754,32327,56804,78163
1564774,32331,18979,78164
1564794,32324,1322,78165
1564814,32337,26654,78166
1564834,32416,61391,78167
1564854,32416,56805,78168
1564874,32380,19011,78169
1564894,32357,1347,78170
1564914,32334,26662,78171
1564934,32435,61336,78172
1564954,32331,56821,78173
1564974,32366,19022,78174
1564994,32350,1349,78175
1565014,32407,26612,78176
1565034,32426,61339,78177
1565054,32338,56803,78178
1565074,32393,18994,78179
1565094,32351,1359,78180
1565114,32353,26609,78181
1565134,32385,61339,78182
1565154,32314,56835,78183
1565174,32202,19031,78184
1565194,32264,1342,78185
1565214,32291,26660,78186
1565234,32350,61392,78187
1565254,32341,56817,78188
1565274,32407,18984,78189
1565294,32325,1356,78190
1565314,32383,26611,78191
1565334,32366,61340,78192
1565354,32344,56819,78193
1565374,32469,19031,78194
1565394,32362,1374,78195
1565414,32264,26684,78196
1565434,32299,61394,78197
1565454,32340,56828,78198
1565474,32359,19010,78199
1565494,32452,1350,78200
1565514,32323,26645,78201
1565534,32373,61360,78202
1565554,32412,56855,78203
1565574,32423,19000,78204
1565594,32326,1359,78205
1565614,32296,26630,78206
1565634,32308,61347,78207
1565654,32367,56845,78208
1565674,32347,19037,78209
1565694,32282,1358,78210
1565714,32354,26653,78211
1565734,32422,61366,78212
1565754,32512,56790,78213
1565774,32653,19055,78214
1565794,32441,1362,78215
1565814,32405,26658,78216
1565834,32488,61363,78217
1565854,32454,56809,78218
1565874,32455,19001,78219
1565894,32440,1372,78220
1565914,32431,26666,78221
1565934,32430,61369,78222
1565954,32418,56821,78223
1565974,32401,19007,78224
1565994,32211,1379,78225
1566014,32369,26640,78226
1566034,32317,61419,78227
1566054,32356,56909,78228
1566074,32421,19001,78229
1566094,32312,1358,78230
1566114,32354,26631,78231
1566134,32400,61354,78232
1566154,32363,56826,78233
1566174,32392,19034,78234
1566194,32277,1313,78235
1566214,32460,26622,78236
1566234,32397,61297,78237
1566254,32526,56879,78238
1566274,32240,19085,78239
1566294,32319,1338,78240
1566314,32247,26634,78241
1566334,32317,61355,78242
1566354,32470,56829,78243
1566374,32235,19014,78244
1566394,32349,1291,78245
1566414,32186,26645,78246
1566434,32203,61336,78247
1566454,32198,56831,78248
1566474,32197,19017,78249
1566494,32376,1357,78250
1566514,32375,26659,78251
1566534,32366,61402,78252
1566554,32474,56858,78253
1566574,32436,18969,78254
1566594,32499,1352,78255
1566614,32450,26647,78256
1566634,32411,61367,78257
1566654,32349,56806,78258
1566674,32245,18999,78259
1566694,32273,1408,78260
1566714,32245,26666,78261
1566734,32267,61352,78262
1566754,32137,56802,78263
1566774,32265,19005,78264
1566794,32227,1355,78265
1566814,32186,26686,78266
1566834,32267,61408,78267
1566854,32383,56830,78268
1566874,32076,18996,78269
1566894,32133,1319,78270
1566914,32276,26613,78271
1566934,32421,61410,78272
1566954,32283,56815,78273
1566974,32165,18945,78274
1566994,32170,1388,78275
1567014,32196,26620,78276
1567034,32336,61355,78277
1567054,32325,56850,78278
1567074,32336,19040,78279
1567094,32347,1375,78280
1567114,32382,26628,78281
1567134,32568,61363,78282
1567154,32458,56835,78283
1567174,32395,19051,78284
1567194,32344,1342,78285
1567214,32373,26622,78286
1567234,32517,61355,78287
1567254,32469,56842,78288
1567274,32485,18974,78289
1567294,32408,1350,78290
1567314,32445,26660,78291
1567334,32390,61385,78292
1567354,32366,56858,78293
1567374,32356,19010,78294
1567394,32237,1363,78295
1567414,32342,26615,78296
1567434,32205,61342,78297
1567454,32232,56868,78298
1567474,32257,18953,78299
1567494,32169,1344,78300
1567514,32325,26653,78301
1567534,32390,61400,78302
1567554,32403,56851,78303
1567574,32362,19030,78304
1567594,32256,1332,78305
1567614,32410,26584,78306
1567634,32440,61349,78307
1567654,32439,56841,78308
1567674,32376,19016,78309
1567694,32330,1368,78310
1567714,32365,26638,78311
1567734,32377,61377,78312
1567754,32362,56837,78313
1567774,32411,19029,78314
1567794,32387,1340,78315
1567814,32276,26645,78316
1567834,32400,61338,78317
1567854,32409,56823,78318
1567874,32474,18995,78319
1567894,32475,1329,78320
1567914,32476,26650,78321
1567934,32427,61363,78322
1567954,32517,56786,78323
1567974,32500,19023,78324
1567994,32392,1339,78325
1568014,32379,26655,78326
1568034,32483,61377,78327
1568054,32384,56848,78328
1568074,32405,18994,78329
1568094,32319,1336,78330
1568114,32334,26624,78331
1568134,32438,61362,78332
1568154,32456,56841,78333
1568174,32553,18942,78334
1568194,32365,1338,78335
1568214,32346,26666,78336
1568234,32333,61382,78337
1568254,32399,56812,78338
1568274,32399,18993,78339
1568294,32306,1372,78340
1568314,32259,26629,78341
1568334,32342,61358,78342
1568354,32449,56758,78343
1568374,32463,19040,78344
1568394,32321,1340,78345
1568414,32333,26663,78346
1568434,32342,61363,78347
1568454,32335,56838,78348
1568474,32377,19056,78349
1568494,32333,1346,78350
1568514,32272,26650,78351
1568534,32326,61362,78352
1568554,32420,56798,78353
1568574,32321,19011,78354
1568594,32347,1344,78355
1568614,32293,26623,78356
1568634,32470,61386,78357
1568654,32408,56823,78358
1568674,32517,19011,78359
1568694,32394,1359,78360
1568714,32424,26621,78361
1568734,32389,61402,78362
1568754,32474,56827,78363
1568774,32490,19029,78364
1568794,32360,1356,78365
1568814,32395,26638,78366
1568834,32500,61329,78367
1568854,32460,56821,78368
1568874,32404,19026,78369
1568894,32345,1347,78370
1568914,32365,26639,78371
1568934,32388,61361,78372
1568954,32434,56842,78373
1568974,32386,19005,78374
1568994,32361,1343,78375
1569014,32394,26637,78376
1569034,32400,61346,78377
1569054,32371,56821,78378
1569074,32348,19024,78379
1569094,32288,1355,78380
1569114,32343,26658,78381
1569134,32432,61407,78382
1569154,32399,56827,78383
1569174,32359,19010,78384
1569194,32239,1365,78385
1569214,32412,26620,78386
1569234,32440,61332,78387
1569254,32478,56820,78388
1569274,32352,19016,78389
1569294,32339,1333,78390
1569314,32296,26641,78391
1569334,32215,61357,78392
1569354,32234,56793,78393
1569374,32370,19015,78394
1569394,32326,1327,78395
1569414,32380,26660,78396
1569434,32455,61348,78397
1569454,32409,56816,78398
1569474,32418,19036,78399
1569494,32411,1359,78400
1569514,32441,26634,78401
1569534,32388,61360,78402
1569554,32392,56817,78403
1569574,32386,19023,78404
1569594,32263,1343,78405
1569614,32303,26656,78406
1569634,32258,61369,78407
1569654,32138,56853,78408
1569674,32275,19040,78409
1569694,32272,1342,78410
1569714,32288,26656,78411
1569734,32270,61350,78412
1569754,32257,56800,78413
1569774,32316,19003,78414
1569794,32318,1359,78415
1569814,32411,26642,78416
1569834,32362,61376,78417
1569854,32298,56872,78418
1569874,32174,19045,78419
1569894,32068,1358,78420
1569914,32255,26618,78421
1569934,32284,61377,78422
1569954,32395,56810,78423
1569974,32434,19010,78424
1569994,32468,1329,78425
1570014,32453,26655,78426
1570034,32491,61370,78427
1570054,32421,56807,78428
1570074,32445,18981,78429
1570094,32412,1339,78430
1570114,32391,26660,78431
1570134,32399,61357,78432
1570154,32472,56873,78433
1570174,32379,19052,78434
1570194,32239,1393,78435
1570214,32306,26626,78436
1570234,32341,61369,78437
1570254,32312,56820,78438
1570274,32362,18956,78439
1570294,32428,1341,78440
1570314,32373,26649,78441
1570334,32442,61379,78442
1570354,32493,56838,78443
1570374,32481,19003,78444
1570394,32365,1332,78445
1570414,32307,26635,78446
1570434,32376,61391,78447
1570454,32403,56807,78448
1570474,32391,19033,78449
1570494,32372,1324,78450
1570514,32443,26638,78451
1570534,32437,61400,78452
1570554,32390,56825,78453
1570574,32477,19024,78454
1570594,32354,1343,78455
1570614,32243,26650,78456
1570634,32380,61357,78457
1570654,32373,56823,78458
1570674,32398,19036,78459
1570694,32405,1359,78460
1570714,32379,26580,78461
1570734,32396,61375,78462
1570754,32407,56826,78463
1570774,32374,19003,78464
1570794,32377,1345,78465
1570814,32348,26652,78466
1570834,32412,61349,78467
1570854,32477,56864,78468
1570874,32319,19033,78469
1570894,32261,1361,78470
1570914,32271,26675,78471
1570934,32349,61323,78472
1570954,32435,56810,78473
1570974,32505,18994,78474
1570994,32351,1327,78475
1571014,32366,26642,78476
1571034,32436,61356,78477
1571054,32380,56854,78478
1571074,32336,19023,78479
1571094,32287,1350,78480
1571114,32326,26631,78481
1571134,32343,61361,78482
1571154,32402,56832,78483
1571174,32412,19004,78484
1571194,32364,1357,78485
1571214,32382,26607,78486
1571234,32464,61339,78487
1571254,32503,56842,78488
1571274,32444,19006,78489
1571294,32334,1333,78490
1571314,32347,26666,78491
1571334,32249,61365,78492
1571354,32321,56830,78493
1571374,32246,19015,78494
1571394,32244,1330,78495
1571414,32397,26633,78496
1571434,32363,61374,78497
1571454,32447,56783,78498
1571474,32402,19008,78499
1571494,32289,1363,78500
1571514,32229,26645,78501
1571534,32257,61361,78502
1571554,32464,56793,78503
1571574,32379,19016,78504
1571594,32476,1346,78505
1571614,32461,26629,78506
1571634,32412,61402,78507
1571654,32335,56852,78508
1571674,32259,18993,78509
1571694,32227,1339,78510
1571714,32261,26613,78511
1571734,32269,61354,78512
1571754,32209,56835,78513
1571774,32257,19007,78514
1571794,32202,1298,78515
1571814,32245,26611,78516
1571834,32333,61384,78517
1571854,32247,56844,78518
1571874,32315,18997,78519
1571894,32205,1334,78520
1571914,32327,26622,78521
1571934,32465,61336,78522
1571954,32528,56778,78523
1571974,32377,19012,78524
1571994,32266,1319,78525
1572014,32171,26657,78526
1572034,32243,61368,78527
1572054,32274,56879,78528
1572074,32312,19043,78529
1572094,32377,1354,78530
1572114,32442,26603,78531
1572134,32401,61349,78532
1572154,32355,56823,78533
1572174,32450,19038,78534
1572194,32362,1329,78535
1572214,32450,26622,78536
1572234,32424,61342,78537
1572254,32478,56828,78538
1572274,32539,18992,78539
1572294,32375,1354,78540
1572314,32363,26644,78541
1572334,32441,61380,78542
1572354,32411,56820,78543
1572374,32433,19021,78544
1572394,32403,1345,78545
1572414,32448,26619,78546
1572434,32520,61375,78547
1572454,32447,56829,78548
1572474,32393,19007,78549
1572494,32291,1329,78550
1572514,32324,26649,78551
1572534,32353,61395,78552
1572554,32453,56845,78553
1572574,32508,18982,78554
1572594,32399,1361,78555
1572614,32326,26640,78556
1572634,32383,61356,78557
1572654,32323,56838,78558
1572674,32370,18987,78559
1572694,32343,1337,78560
1572714,32295,26601,78561
1572734,32354,61300,78562
1572754,32465,56828,78563
1572774,32445,19019,78564
1572794,32385,1352,78565
1572814,32359,26647,78566
1572834,32437,61360,78567
1572854,32421,56840,78568
1572874,32391,19005,78569
1572894,32280,1336,78570
1572914,32378,26635,78571
1572934,32379,61368,78572
1572954,32423,56829,78573
1572974,32539,19000,78574
1572994,32402,1355,78575
1573014,32486,26637,78576
1573034,32423,61379,78577
1573054,32416,56882,78578
1573074,32391,19049,78579
1573094,32240,1308,78580
1573114,32302,26614,78581
1573134,32398,61382,78582
1573154,32412,56846,78583
1573174,32453,18989,78584
1573194,32413,1341,78585
1573214,32388,26621,78586
1573234,32435,61358,78587
1573254,32467,56873,78588
1573274,32408,19030,78589
1573294,32364,1377,78590
1573314,32325,26640,78591
1573334,32352,61407,78592
1573354,32393,56865,78593
1573374,32378,19017,78594
1573394,32410,1351,78595
1573414,32428,26630,78596
1573434,32235,61325,78597
1573454,32451,56802,78598
1573474,32483,18983,78599
1573494,32288,1339,78600
1573514,32344,26653,78601
1573534,32364,61335,78602
1573554,32548,56817,78603
1573574,32256,19020,78604
1573594,32162,1319,78605
1573614,32093,26676,78606
1573634,32304,61368,78607
1573654,32414,56869,78608
1573674,32419,19014,78609
1573694,32384,1329,78610
1573714,32376,26650,78611
1573734,32502,61367,78612
1573754,32450,56833,78613
1573774,32485,19027,78614
1573794,32357,1345,78615
1573814,32288,26629,78616
1573834,32264,61382,78617
1573854,32316,56810,78618
1573874,32292,19029,78619
1573894,32196,1354,78620
1573914,32218,26656,78621
1573934,32262,61389,78622
1573954,32150,56837,78623
1573974,32253,18999,78624
1573994,32340,1356,78625
1574014,32256,26619,78626
1574034,32421,61382,78627
1574054,32393,56824,78628
1574074,32351,19012,78629
1574094,32246,1353,78630
1574114,32237,26609,78631
1574134,32277,61357,78632
1574154,32344,56838,78633
1574174,32290,19002,78634
1574194,32345,1330,78635
1574214,32436,26606,78636
1574234,32430,61322,78637
1574254,32428,56838,78638
1574274,32410,18989,78639
1574294,32378,1347,78640
1574314,32407,26596,78641
1574334,32407,61365,78642
1574354,32496,56870,78643
1574374,32517,18994,78644
1574394,32413,1345,78645
1574414,32455,26647,78646
1574434,32465,61370,78647
1574454,32336,56827,78648
1574474,32351,18997,78649
1574494,32229,1354,78650
1574514,32275,26645,78651
1574534,32256,61369,78652
1574554,32322,56747,78653
1574574,32478,18995,78654
1574594,32455,1327,78655
1574614,32467,26659,78656
1574634,32476,61375,78657
1574654,32444,56805,78658
1574674,32515,19005,78659
1574694,32469,1324,78660
1574714,32362,26650,78661
1574734,32380,61325,78662
1574754,32443,56795,78663
1574774,32488,18999,78664
1574794,32410,1341,78665
1574814,32370,26668,78666
1574834,32532,61372,78667
1574854,32498,56828,78668
1574874,32368,19013,78669
1574894,32265,1331,78670
1574914,32430,26620,78671
1574934,32275,61403,78672
1574954,32359,56833,78673
1574974,32388,19012,78674
1574994,32297,1314,78675
1575014,32328,26612,78676
1575034,32376,61393,78677
1575054,32471,56861,78678
1575074,32486,18981,78679
1575094,32359,1349,78680
1575114,32501,26630,78681
1575134,32535,61308,78682
1575154,32590,56829,78683
1575174,32519,19011,78684
1575194,32400,1343,78685
1575214,32392,26639,78686
1575234,32421,61388,78687
1575254,32437,56833,78688
1575274,32526,19012,78689
1575294,32413,1317,78690
1575314,32388,26634,78691
1575334,32338,61372,78692
1575354,32409,56805,78693
1575374,32442,19039,78694
1575394,32269,1325,78695
1575414,32276,26652,78696
1575434,32322,61354,78697
1575454,32465,56844,78698
1575474,32399,19028,78699
1575494,32310,1361,78700
1575514,32310,26647,78701
1575534,32542,61364,78702
1575554,32459,56774,78703
1575574,32342,19018,78704
1575594,32338,1363,78705
1575614,32334,26592,78706
1575634,32348,61376,78707
1575654,32206,56819,78708
1575674,32263,19008,78709
1575694,32261,1352,78710
1575714,32341,26641,78711
1575734,32356,61366,78712
1575754,32435,56822,78713
1575774,32259,19064,78714
1575794,32220,1355,78715
1575814,32193,26622,78716
1575834,32273,61318,78717
1575854,32378,56821,78718
1575874,32485,19033,78719
1575894,32505,1318,78720
1575914,32469,26638,78721
1575934,32473,61349,78722
1575954,32465,56825,78723
1575974,32436,19032,78724
1575994,32283,1319,78725
1576014,32379,26638,78726
1576034,32513,61366,78727
1576054,32442,56843,78728
1576074,32313,18997,78729
1576094,32305,1330,78730
1576114,32434,26643,78731
1576134,32320,61377,78732
1576154,32321,56772,78733
1576174,32114,19072,78734
1576194,32165,1344,78735
1576214,32249,26608,78736
1576234,32244,61363,78737
1576254,32230,56832,78738
1576274,32154,18993,78739
1576294,32206,1369,78740
1576314,32240,26651,78741
1576334,32427,61362,78742
1576354,32431,56833,78743
1576374,32348,19015,78744
1576394,32259,1306,78745
1576414,32207,26576,78746
1576434,32047,61317,78747
1576454,32187,56892,78748
1576474,32240,19001,78749
1576494,32364,1348,78750
1576514,32369,26629,78751
1576534,32472,61325,78752
1576554,32452,56823,78753
1576574,32530,19002,78754
1576594,32408,1358,78755
1576614,32435,26638,78756
1576634,32382,61376,78757
1576654,32430,56837,78758
1576674,32476,19015,78759
1576694,32382,1398,78760
1576714,32404,26629,78761
1576734,32509,61346,78762
1576754,32497,56809,78763
1576774,32500,18985,78764
1576794,32369,1359,78765
1576814,32447,26684,78766
1576834,32342,61403,78767
1576854,32398,56844,78768
1576874,32431,19021,78769
1576894,32308,1341,78770
1576914,32424,26660,78771
1576934,32429,61338,78772
1576954,32379,56823,78773
1576974,32535,19052,78774
1576994,32314,1321,78775
1577014,32412,26643,78776
1577034,32378,61374,78777
1577054,32437,56841,78778
1577074,32406,19020,78779
1577094,32180,1356,78780
1577114,32338,26608,78781
1577134,32303,61370,78782
1577154,32367,56836,78783
1577174,32408,18997,78784
1577194,32398,1328,78785
1577214,32410,26642,78786
1577234,32403,61342,78787
1577254,32456,56843,78788
1577274,32516,18968,78789
1577294,32343,1336,78790
1577314,32383,26611,78791
1577334,32467,61345,78792
1577354,32483,56790,78793
1577374,32503,19028,78794
1577394,32355,1310,78795
1577414,32379,26657,78796
1577434,32376,61356,78797
1577454,32385,56794,78798
1577474,32486,19015,78799
1577494,32373,1358,78800
1577514,32301,26626,78801
1577534,32451,61325,78802
1577554,32447,56832,78803
1577574,32401,19036,78804
1577594,32340,1307,78805
1577614,32141,26707,78806
1577634,32409,61364,78807
1577654,32397,56826,78808
1577674,32483,18958,78809
1577694,32441,1336,78810
1577714,32355,26660,78811
1577734,32343,61384,78812
1577754,32424,56838,78813
1577774,32370,19035,78814
1577794,32262,1379,78815
1577814,32231,26629,78816
1577834,32468,61310,78817
1577854,32190,56872,78818
1577874,32422,19018,78819
1577894,32266,1356,78820
1577914,32314,26638,78821
1577934,32446,61384,78822
1577954,32404,56841,78823
1577974,32415,19025,78824
1577994,32320,1357,78825
1578014,32211,26658,78826
1578034,32295,61392,78827
1578054,32411,56861,78828
1578074,32436,19002,78829
1578094,32387,1356,78830
1578114,32332,26607,78831
1578134,32451,61415,78832
1578154,32505,56853,78833
1578174,32377,19032,78834
1578194,32479,1351,78835
1578214,32383,26636,78836
1578234,32404,61315,78837
1578254,32299,56842,78838
1578274,32430,19042,78839
1578294,32260,1390,78840
1578314,32129,26693,78841
1578334,32244,61389,78842
1578354,32316,56864,78843
1578374,32262,19030,78844
1578394,32196,1314,78845
1578414,32314,26610,78846
1578434,32288,61374,78847
1578454,32385,56800,78848
1578474,32408,19001,78849
1578494,32328,1336,78850
1578514,32364,26674,78851
1578534,32255,61359,78852
1578554,32230,56826,78853
1578574,32318,19003,78854
1578594,32106,1328,78855
1578614,32346,26633,78856
1578634,32383,61374,78857
1578654,32478,56803,78858
1578674,32465,18999,78859
1578694,32419,1331,78860
1578714,32477,26627,78861
1578734,32487,61329,78862
1578754,32422,56798,78863
1578774,32379,19009,78864
1578794,32341,1345,78865
1578814,32395,26663,78866
1578834,32459,61362,78867
1578854,32512,56852,78868
1578874,32157,18970,78869
1578894,32280,1362,78870
1578914,32265,26644,78871
1578934,32205,61326,78872
1578954,32386,56811,78873
1578974,32388,19026,78874
1578994,32386,1294,78875
1579014,32306,26647,78876
1579034,32333,61389,78877
1579054,32320,56817,78878
1579074,32336,19031,78879
1579094,32385,1356,78880
1579114,32462,26644,78881
1579134,32346,61356,78882
1579154,32545,56892,78883
1579174,32398,19015,78884
1579194,32339,1376,78885
1579214,32330,26672,78886
1579234,32333,61370,78887
1579254,32384,56854,78888
1579274,32288,19004,78889
1579294,32281,1330,78890
1579314,32287,26668,78891
1579334,32439,61309,78892
1579354,32386,56865,78893
1579374,32399,19020,78894
1579394,32375,1338,78895
1579414,32415,26630,78896
1579434,32354,61350,78897
1579454,32454,56838,78898
1579474,32461,18964,78899
1579494,32412,1299,78900
1579514,32410,26646,78901
1579534,32309,61361,78902
1579554,32460,56857,78903
1579574,32389,19042,78904
1579594,32395,1338,78905
1579614,32340,26637,78906
1579634,32350,61373,78907
1579654,32423,56775,78908
1579674,32415,18929,78909
1579694,32327,1339,78910
1579714,32278,26614,78911
1579734,32305,61358,78912
1579754,32392,56834,78913
1579774,32242,19032,78914
1579794,32307,1344,78915
1579814,32318,26641,78916
1579834,32540,61352,78917
1579854,32581,56821,78918
1579874,32353,18983,78919
1579894,32317,1380,78920
1579914,32292,26628,78921
1579934,32421,61360,78922
1579954,32261,56794,78923
1579974,32437,18989,78924
1579994,32224,1395,78925
1580014,32120,26682,78926
1580034,32300,61349,78927
1580054,32398,56861,78928
1580074,32375,19081,78929
1580094,32135,1354,78930
1580114,32359,26651,78931
1580134,32319,61380,78932
1580154,32331,56834,78933
1580174,32288,19000,78934
1580194,32234,1334,78935
1580214,32241,26647,78936
1580234,32452,61359,78937
1580254,32383,56802,78938
1580274,32439,18972,78939
1580294,32390,1283,78940
1580314,32328,26595,78941
1580334,32484,61343,78942
1580354,32463,56819,78943
1580374,32354,19034,78944
1580394,32232,1343,78945
1580414,32194,26615,78946
1580434,32300,61361,78947
1580454,32275,56782,78948
1580474,32114,19006,78949
1580494,32109,1346,78950
1580514,32284,26606,78951
1580534,32193,61392,78952
1580554,32184,56883,78953
1580574,32219,18991,78954
1580594,32109,1379,78955
1580614,32228,26643,78956
1580634,32429,61349,78957
1580654,32363,56748,78958
1580674,32209,18971,78959
1580694,32305,1344,78960
1580714,32378,26603,78961
1580734,32232,61366,78962
1580754,32168,56875,78963
1580774,32137,18981,78964
1580794,32121,1333,78965
1580814,32147,26663,78966
1580834,32302,61390,78967
1580854,32377,56860,78968
1580874,32419,19035,78969
1580894,32407,1332,78970
1580914,32416,26694,78971
1580934,32345,61342,78972
1580954,32488,56796,78973
1580974,32414,18988,78974
1580994,32356,1400,78975
1581014,32403,26609,78976
1581034,32319,61363,78977
1581054,32302,56857,78978
1581074,32205,19024,78979
1581094,32320,1338,78980
1581114,32211,26614,78981
1581134,32445,61290,78982
1581154,32367,56798,78983
1581174,32403,18982,78984
1581194,32535,1277,78985
1581214,32414,26627,78986
1581234,32436,61394,78987
1581254,32351,56830,78988
1581274,32391,18990,78989
1581294,32413,1298,78990
1581314,32252,26651,78991
1581334,32422,61332,78992
1581354,32455,56789,78993
1581374,32347,19027,78994
1581394,32417,1354,78995
1581414,32464,26623,78996
1581434,32426,61362,78997
1581454,32401,56871,78998
1581474,32482,18974,78999
1581494,32423,1343,79000
1581514,32357,26627,79001
1581534,32369,61371,79002
1581554,32346,56838,79003
1581574,32257,19059,79004
1581594,32321,1401,79005
1581614,32342,26617,79006
1581634,32397,61375,79007
1581654,32418,56865,79008
1581674,32441,18993,79009
1581694,32511,1313,79010
1581714,32350,26646,79011
1581734,32423,61334,79012
1581754,32449,56821,79013
1581774,32390,19040,79014
1581794,32394,1321,79015
1581814,32246,26684,79016
1581834,32510,61386,79017
1581854,32468,56835,79018
1581874,32434,19014,79019
1581894,32443,1316,79020
1581914,32348,26640,79021
1581934,32310,61418,79022
1581954,32379,56824,79023
1581974,32345,19029,79024
1581994,32335,1336,79025
1582014,32441,26663,79026
1582034,32432,61426,79027
1582054,32420,56867,79028
1582074,32394,19053,79029
1582094,32281,1348,79030
1582114,32238,26674,79031
1582134,32289,61390,79032
1582154,32309,56809,79033
1582174,32320,19007,79034
1582194,32166,1311,79035
1582214,32128,26647,79036
1582234,32357,61331,79037
1582254,32283,56802,79038
1582274,32340,19026,79039
1582294,32296,1344,79040
1582314,32209,26646,79041
1582334,32199,61384,79042
1582354,32221,56792,79043
1582374,32416,19045,79044
1582394,32386,1312,79045
1582414,32408,26629,79046
1582434,32483,61308,79047
1582454,32546,56868,79048
1582474,32324,19009,79049
1582494,32153,1367,79050
1582514,32241,26683,79051
1582534,32253,61320,79052
1582554,32088,56891,79053
1582574,32274,19029,79054
1582594,32096,1350,79055
1582614,32295,26634,79056
1582634,32255,61359,79057
1582654,32301,56755,79058
1582674,32307,19012,79059
1582694,32291,1335,79060
1582714,32367,26592,79061
1582734,32430,61367,79062
1582754,32487,56817,79063
1582774,32390,19048,79064
1582794,32126,1383,79065
1582814,32197,26610,79066
1582834,32291,61317,79067
1582854,32338,56808,79068
1582874,32065,19019,79069
1582894,32156,1348,79070
1582914,32270,26606,79071
1582934,32392,61309,79072
1582954,32454,56859,79073
1582974,32298,19036,79074
1582994,32262,1390,79075
1583014,32391,26641,79076
1583034,32371,61409,79077
1583054,32522,56856,79078
1583074,32342,19040,79079
1583094,32386,1337,79080
1583114,32425,26684,79081
1583134,32468,61343,79082
1583154,32348,56808,79083
1583174,32287,19011,79084
1583194,32241,1300,79085
1583214,32289,26668,79086
1583234,32268,61395,79087
1583254,32251,56831,79088
1583274,32202,19019,79089
1583294,32293,1337,79090
1583314,32217,26636,79091
1583334,32408,61385,79092
1583354,32450,56787,79093
1583374,32420,19007,79094
1583394,32364,1348,79095
1583414,32403,26627,79096
1583434,32394,61384,79097
1583454,32409,56839,79098
1583474,32368,18977,79099
1583494,32331,1345,79100
1583514,32344,26634,79101
1583534,32446,61399,79102
1583554,32411,56857,79103
1583574,32361,19009,79104
1583594,32329,1334,79105
1583614,32404,26616,79106
1583634,32426,61357,79107
1583654,32350,56812,79108
1583674,32310,19009,79109
1583694,32344,1305,79110
1583714,32353,26648,79111
1583734,32374,61355,79112
1583754,32332,56882,79113
1583774,32441,18974,79114
1583794,32449,1334,79115
1583814,32487,26645,79116
1583834,32444,61392,79117
1583854,32457,56857,79118
1583874,32356,19082,79119
1583894,32296,1387,79120
1583914,32322,26649,79121
1583934,32421,61375,79122
1583954,32371,56794,79123
1583974,32481,18994,79124
1583994,32376,1332,79125
1584014,32298,26654,79126
1584034,32364,61377,79127
1584054,32363,56825,79128
1584074,32475,19027,79129
1584094,32252,1343,79130
1584114,32281,26644,79131
1584134,32237,61290,79132
1584154,32441,56832,79133
1584174,32418,18998,79134
1584194,32375,1321,79135
1584214,32315,26626,79136
1584234,32499,61449,79137
1584254,32417,56863,79138
1584274,32445,19004,79139
1584294,32278,1325,79140
1584314,32322,26660,79141
1584334,32335,61389,79142
1584354,32419,56815,79143
1584374,32417,19007,79144
1584394,32263,1339,79145
1584414,32277,26656,79146
1584434,32388,61342,79147
1584454,32489,56769,79148
1584474,32491,18994,79149
1584494,32269,1329,79150
1584514,32296,26647,79151
1584534,32276,61365,79152
1584554,32315,56836,79153
1584574,32390,19006,79154
1584594,32275,1364,79155
1584614,32235,26641,79156
1584634,32321,61369,79157
1584654,32293,56820,79158
1584674,32322,19035,79159
1584694,32165,1341,79160
1584714,32296,26649,79161
1584734,32153,61397,79162
1584754,32369,56843,79163
1584774,32230,19004,79164
1584794,32191,1343,79165
1584814,32241,26622,79166
1584834,32289,61359,79167
1584854,32405,56825,79168
1584874,32417,19047,79169
1584894,32277,1370,79170
1584914,32244,26682,79171
1584934,32206,61370,79172
1584954,32184,56864,79173
1584974,32136,19000,79174
1584994,32215,1352,79175
1585014,32290,26659,79176
1585034,32318,61367,79177
1585054,32378,56785,79178
1585074,32423,18977,79179
1585094,32371,1365,79180
1585114,32427,26637,79181
1585134,32602,61357,79182
1585154,32498,56817,79183
1585174,32441,19000,79184
1585194,32369,1392,79185
1585214,32401,26663,79186
1585234,32414,61347,79187
1585254,32336,56841,79188
1585274,32366,18986,79189
1585294,32306,1324,79190
1585314,32216,26628,79191
1585334,32267,61361,79192
1585354,32205,56799,79193
1585374,32288,19028,79194
1585394,32249,1345,79195
1585414,32310,26671,79196
1585434,32405,61354,79197
1585454,32354,56851,79198
1585474,32342,19004,79199
1585494,32302,1344,79200
1585514,32392,26648,79201
1585534,32453,61314,79202
1585554,32382,56850,79203
1585574,32426,19033,79204
1585594,32332,1352,79205
1585614,32421,26638,79206
1585634,32513,61372,79207
1585654,32376,56846,79208
1585674,32293,19021,79209
1585694,32353,1349,79210
1585714,32326,26628,79211
1585734,32391,61390,79212
1585754,32398,56820,79213
1585774,32443,19013,79214
1585794,32429,1334,79215
1585814,32523,26605,79216
1585834,32485,61378,79217
1585854,32442,56825,79218
1585874,32481,19025,79219
1585894,32303,1355,79220
1585914,32420,26655,79221
1585934,32500,61379,79222
1585954,32468,56856,79223
1585974,32496,19013,79224
1585994,32419,1341,79225
1586014,32393,26648,79226
1586034,32368,61357,79227
1586054,32387,56847,79228
1586074,32420,19001,79229
1586094,32338,1329,79230
1586114,32354,26645,79231
1586134,32418,61365,79232
1586154,32410,56837,79233
1586174,32415,19023,79234
1586194,32290,1355,79235
1586214,32353,26660,79236
1586234,32322,61385,79237
1586254,32312,56840,79238
1586274,32388,19034,79239
1586294,32301,1356,79240
1586314,32258,26633,79241
1586334,32367,61339,79242
1586354,32323,56834,79243
1586374,32369,19005,79244
1586394,32384,1355,79245
1586414,32423,26607,79246
1586434,32392,61343,79247
1586454,32441,56846,79248
1586474,32422,18997,79249
1586494,32284,1331,79250
1586514,32250,26659,79251
1586534,32268,61379,79252
1586554,32375,56808,79253
1586574,32411,19031,79254
1586594,32358,1332,79255
1586614,32407,26643,79256
1586634,32423,61344,79257
1586654,32181,56846,79258
1586674,32139,19009,79259
1586694,32148,1345,79260
1586714,32298,26652,79261
1586734,32236,61352,79262
1586754,32224,56857,79263
1586774,32195,19070,79264
1586794,32231,1344,79265
1586814,32239,26626,79266
1586834,32191,61345,79267
1586854,32209,56818,79268
1586874,31978,19035,79269
1586894,32072,1313,79270
1586914,32022,26636,79271
1586934,32239,61338,79272
1586954,32203,56849,79273
1586974,32170,19050,79274
1586994,32132,1350,79275
1587014,32147,26653,79276
1587034,32205,61400,79277
1587054,32315,56815,79278
1587074,32324,18983,79279
1587094,32329,1345,79280
1587114,32315,26647,79281
1587134,32425,61357,79282
1587154,32437,56826,79283
1587174,32403,19026,79284
1587194,32325,1370,79285
1587214,32372,26638,79286
1587234,32415,61411,79287
1587254,32550,56828,79288
1587274,32468,19033,79289
1587294,32380,1368,79290
1587314,32389,26652,79291
1587334,32350,61362,79292
1587354,32396,56816,79293
1587374,32320,19041,79294
1587394,32229,1346,79295
1587414,32257,26628,79296
1587434,32318,61399,79297
1587454,32299,56865,79298
1587474,32305,19061,79299
1587494,32271,1364,79300
1587514,32316,26646,79301
1587534,32407,61374,79302
1587554,32520,56845,79303
1587574,32399,18974,79304
1587594,32224,1343,79305
1587614,32355,26618,79306
1587634,32438,61372,79307
1587654,32355,56869,79308
1587674,32354,19023,79309
1587694,32337,1342,79310
1587714,32395,26651,79311
1587734,32453,61366,79312
1587754,32394,56823,79313
1587774,32343,19017,79314
1587794,32258,1340,79315
1587814,32339,26631,79316
1587834,32377,61348,79317
1587854,32320,56799,79318
1587874,32395,18991,79319
1587894,32369,1345,79320
1587914,32422,26621,79321
1587934,32460,61366,79322
1587954,32470,56836,79323
1587974,32394,18977,79324
1587994,32339,1361,79325
1588014,32339,26655,79326
1588034,32478,61354,79327
1588054,32473,56854,79328
1588074,32466,19013,79329
1588094,32456,1334,79330
1588114,32364,26629,79331
1588134,32461,61359,79332
1588154,32359,56790,79333
1588174,32413,19019,79334
1588194,32415,1345,79335
1588214,32402,26631,79336
1588234,32467,61377,79337
1588254,32422,56855,79338
1588274,32444,19018,79339
1588294,32386,1314,79340
1588314,32411,26648,79341
1588334,32441,61358,79342
1588354,32365,56813,79343
1588374,32392,18975,79344
1588394,32374,1316,79345
1588414,32468,26600,79346
1588434,32446,61366,79347
1588454,32453,56852,79348
1588474,32394,19019,79349
1588494,32295,1318,79350
1588514,32368,26661,79351
1588534,32440,61369,79352
1588554,32419,56857,79353
1588574,32505,19014,79354
1588594,32308,1339,79355
1588614,32314,26648,79356
1588634,32288,61367,79357
1588654,32372,56837,79358
1588674,32384,19056,79359
1588694,32208,1350,79360
1588714,32275,26616,79361
1588734,32220,61356,79362
1588754,32202,56818,79363
1588774,32265,19008,79364
1588794,32291,1341,79365
1588814,32218,26689,79366
1588834,32264,61412,79367
1588854,32303,56850,79368
1588874,32178,19085,79369
1588894,32232,1327,79370
1588914,32271,26622,79371
1588934,32307,61339,79372
1588954,32355,56819,79373
1588974,32314,18990,79374
1588994,32273,1355,79375
1589014,32257,26650,79376
1589034,32440,61372,79377
1589054,32424,56852,79378
1589074,32384,18982,79379
1589094,32266,1345,79380
1589114,32110,26661,79381
1589134,32153,61374,79382
1589154,32225,56802,79383
1589174,32249,18994,79384
1589194,32325,1360,79385
1589214,32350,26615,79386
1589234,32401,61346,79387
1589254,32484,56841,79388
1589274,32347,19018,79389
1589294,32429,1331,79390
1589314,32385,26642,79391
1589334,32531,61367,79392
1589354,32501,56815,79393
1589374,32491,19009,79394
1589394,32412,1333,79395
1589414,32345,26600,79396
1589434,32356,61368,79397
1589454,32329,56886,79398
1589474,32301,19018,79399
1589494,32270,1351,79400
1589514,32186,26632,79401
1589534,32283,61401,79402
1589554,32399,56811,79403
1589574,32393,19054,79404
1589594,32375,1368,79405
1589614,32386,26636,79406
1589634,32417,61370,79407
1589654,32428,56846,79408
1589674,32421,19004,79409
1589694,32332,1344,79410
1589714,32443,26615,79411
1589734,32489,61336,79412
1589754,32517,56814,79413
1589774,32420,19012,79414
1589794,32399,1367,79415
1589814,32362,26646,79416
1589834,32370,61380,79417
1589854,32402,56865,79418
1589874,32507,19035,79419
1589894,32412,1366,79420
1589914,32560,26621,79421
1589934,32610,61399,79422
1589954,32493,56880,79423
1589974,32430,19017,79424
1589994,32380,1343,79425
1590014,32527,26623,79426
1590034,32588,61353,79427
1590054,32560,56825,79428
1590074,32551,18998,79429
1590094,32463,1350,79430
1590114,32469,26631,79431
1590134,32444,61351,79432
1590154,32548,56808,79433
1590174,32605,18993,79434
1590194,32472,1327,79435
1590214,32515,26637,79436
1590234,32537,61354,79437
1590254,32502,56829,79438
1590274,32539,19029,79439
1590294,32431,1345,79440
1590314,32577,26632,79441
1590334,32545,61357,79442
1590354,32546,56847,79443
1590374,32541,18996,79444
1590394,32468,1359,79445
1590414,32448,26656,79446
1590434,32499,61349,79447
1590454,32515,56802,79448
1590474,32553,18993,79449
1590494,32480,1356,79450
1590514,32466,26598,79451
1590534,32447,61358,79452
1590554,32516,56809,79453
1590574,32540,19029,79454
1590594,32532,1372,79455
1590614,32512,26642,79456
1590634,32497,61343,79457
1590654,32472,56853,79458
1590674,32471,19018,79459
1590694,32476,1351,79460
1590714,32476,26622,79461
1590734,32536,61367,79462
1590754,32506,56796,79463
1590774,32517,19010,79464
1590794,32507,1344,79465
1590814,32503,26643,79466
1590834,32346,61365,79467
1590854,32451,56823,79468
1590874,32340,19046,79469
1590894,32256,1338,79470
1590914,32291,26654,79471
1590934,32365,61386,79472
1590954,32266,56833,79473
1590974,32391,19053,79474
1590994,32390,1371,79475
1591014,32372,26613,79476
1591034,32344,61351,79477
1591054,32281,56861,79478
1591074,32407,19011,79479
1591094,32309,1345,79480
1591114,32379,26637,79481
1591134,32441,61323,79482
1591154,32534,56815,79483
1591174,32491,19018,79484
1591194,32460,1327,79485
1591214,32410,26659,79486
1591234,32390,61370,79487
1591254,32454,56866,79488
1591274,32488,19029,79489
1591294,32449,1370,79490
1591314,32397,26660,79491
1591334,32444,61364,79492
1591354,32403,56828,79493
1591374,32354,18991,79494
1591394,32258,1349,79495
1591414,32197,26649,79496
1591434,32211,61370,79497
1591454,32234,56791,79498
1591474,32285,19006,79499
1591494,32212,1357,79500
1591514,32193,26652,79501
1591534,32276,61362,79502
1591554,32248,56792,79503
1591574,32259,19029,79504
1591594,32180,1340,79505
1591614,32318,26638,79506
1591634,32434,61371,79507
1591654,32515,56850,79508
1591674,32390,19013,79509
1591694,32281,1325,79510
1591714,32249,26642,79511
1591734,32299,61355,79512
1591754,32464,56855,79513
1591774,32512,19019,79514
1591794,32480,1322,79515
1591814,32411,26652,79516
1591834,32385,61327,79517
1591854,32488,56801,79518
1591874,32499,18998,79519
1591894,32430,1338,79520
1591914,32508,26642,79521
1591934,32551,61337,79522
1591954,32650,56860,79523
1591974,32501,19015,79524
1591994,32428,1379,79525
1592014,32421,26661,79526
1592034,32467,61392,79527
1592054,32579,56853,79528
1592074,32550,19053,79529
1592094,32459,1332,79530
1592114,32547,26649,79531
1592134,32512,61396,79532
1592154,32561,56827,79533
1592174,32445,19002,79534
1592194,32458,1388,79535
1592214,32500,26646,79536
1592234,32544,61340,79537
1592254,32559,56836,79538
1592274,32465,18989,79539
1592294,32395,1356,79540
1592314,32427,26624,79541
1592334,32505,61375,79542
1592354,32552,56822,79543
1592374,32523,18999,79544
1592394,32446,1353,79545
1592414,32501,26619,79546
1592434,32481,61369,79547
1592454,32479,56849,79548
1592474,32470,19000,79549
1592494,32435,1349,79550
1592514,32492,26675,79551
1592534,32510,61324,79552
1592554,32547,56785,79553
1592574,32462,18998,79554
1592594,32410,1355,79555
1592614,32486,26652,79556
1592634,32516,61398,79557
1592654,32579,56837,79558
1592674,32539,19045,79559
1592694,32493,1345,79560
1592714,32458,26663,79561
1592734,32321,61354,79562
1592754,32453,56845,79563
1592774,32357,19021,79564
1592794,32447,1334,79565
1592814,32419,26645,79566
1592834,32489,61340,79567
1592854,32510,56839,79568
1592874,32506,19024,79569
1592894,32492,1337,79570
1592914,32519,26648,79571
1592934,32488,61366,79572
1592954,32490,56838,79573
1592974,32500,19008,79574
1592994,32500,1348,79575
1593014,32525,26620,79576
1593034,32512,61379,79577
1593054,32486,56852,79578
1593074,32420,18992,79579
1593094,32438,1335,79580
1593114,32345,26635,79581
1593134,32466,61336,79582
1593154,32391,56844,79583
1593174,32422,19022,79584
1593194,32408,1355,79585
1593214,32391,26614,79586
1593234,32419,61339,79587
1593254,32343,56824,79588
1593274,32456,18997,79589
1593294,32380,1327,79590
1593314,32382,26655,79591
1593334,32451,61365,79592
1593354,32444,56807,79593
1593374,32509,19015,79594
1593394,32318,1368,79595
1593414,32352,26661,79596
1593434,32382,61375,79597
1593454,32347,56849,79598
1593474,32355,19009,79599
1593494,32368,1352,79600
1593514,32398,26601,79601
1593534,32499,61390,79602
1593554,32498,56793,79603
1593574,32462,19002,79604
1593594,32378,1349,79605
1593614,32282,26621,79606
1593634,32319,61377,79607
1593654,32474,56861,79608
1593674,32467,18995,79609
1593694,32490,1365,79610
1593714,32426,26631,79611
1593734,32476,61367,79612
1593754,32534,56826,79613
1593774,32531,19017,79614
1593794,32423,1333,79615
1593814,32480,26659,79616
1593834,32532,61378,79617
1593854,32588,56836,79618
1593874,32512,19036,79619
1593894,32394,1338,79620
1593914,32429,26664,79621
1593934,32517,61370,79622
1593954,32571,56880,79623
1593974,32509,19038,79624
1593994,32487,1343,79625
1594014,32437,26650,79626
1594034,32487,61355,79627
1594054,32493,56806,79628
1594074,32350,19026,79629
1594094,32413,1333,79630
1594114,32473,26636,79631
1594134,32534,61312,79632
1594154,32538,56802,79633
1594174,32495,19031,79634
1594194,32300,1342,79635
1594214,32430,26653,79636
1594234,32495,61386,79637
1594254,32508,56831,79638
1594274,32434,19003,79639
1594294,32416,1322,79640
1594314,32376,26646,79641
1594334,32428,61353,79642
1594354,32335,56843,79643
1594374,32361,19008,79644
1594394,32348,1338,79645
1594414,32311,26626,79646
1594434,32438,61321,79647
1594454,32396,56802,79648
1594474,32417,19019,79649
1594494,32155,1353,79650
1594514,32252,26641,79651
1594534,32343,61366,79652
1594554,32354,56892,79653
1594574,32304,18989,79654
1594594,32293,1354,79655
1594614,32270,26636,79656
1594634,32297,61339,79657
1594654,32311,56839,79658
1594674,32387,18981,79659
1594694,32276,1363,79660
1594714,32357,26665,79661
1594734,32400,61335,79662
1594754,32424,56836,79663
1594774,32407,19020,79664
1594794,32342,1338,79665
1594814,32438,26636,79666
1594834,32239,61380,79667
1594854,32026,56832,79668
1594874,31952,18999,79669
1594894,32075,1328,79670
1594914,32146,26623,79671
1594934,32081,61345,79672
1594954,32140,56838,79673
1594974,32101,19023,79674
1594994,32082,1315,79675
1595014,32157,26642,79676
1595034,32143,61319,79677
1595054,32147,56872,79678
1595074,32215,18981,79679
1595094,32176,1324,79680
1595114,32196,26603,79681
1595134,32233,61388,79682
1595154,32301,56811,79683
1595174,32367,19014,79684
1595194,32331,1364,79685
1595214,32291,26624,79686
1595234,32212,61369,79687
1595254,32160,56820,79688
1595274,32290,18987,79689
1595294,32193,1330,79690
1595314,32368,26623,79691
1595334,32387,61376,79692
1595354,32248,56825,79693
1595374,32423,19036,79694
1595394,32333,1346,79695
1595414,32337,26658,79696
1595434,32298,61387,79697
1595454,32304,56876,79698
1595474,32368,19002,79699
1595494,32345,1375,79700
1595514,32339,26645,79701
1595534,32339,61365,79702
1595554,32409,56803,79703
1595574,32359,19000,79704
1595594,32257,1319,79705
1595614,32311,26634,79706
1595634,32241,61365,79707
1595654,32241,56844,79708
1595674,32389,19012,79709
1595694,32246,1343,79710
1595714,32216,26678,79711
1595734,32216,61342,79712
1595754,32325,56827,79713
1595774,32272,19012,79714
1595794,32278,1363,79715
1595814,32275,26675,79716
1595834,32225,61352,79717
1595854,32361,56783,79718
1595874,32316,19010,79719
1595894,32273,1355,79720
1595914,32290,26626,79721
1595934,32304,61408,79722
1595954,32404,56791,79723
1595974,32433,19009,79724
1595994,32299,1339,79725
1596014,32338,26662,79726
1596034,32372,61375,79727
1596054,32251,56860,79728
1596074,32282,19007,79729
1596094,32200,1337,79730
1596114,32171,26649,79731
1596134,32239,61330,79732
1596154,32296,56800,79733
1596174,32214,19019,79734
1596194,32288,1353,79735
1596214,32221,26607,79736
1596234,32199,61323,79737
1596254,32357,56853,79738
1596274,32226,19050,79739
1596294,32298,1344,79740
1596314,32287,26641,79741
1596334,32365,61350,79742
1596354,32453,56847,79743
1596374,32487,19040,79744
1596394,32408,1313,79745
1596414,32371,26652,79746
1596434,32495,61370,79747
1596454,32495,56880,79748
1596474,32422,18983,79749
1596494,32376,1370,79750
1596514,32320,26666,79751
1596534,32464,61369,79752
1596554,32490,56805,79753
1596574,32452,18967,79754
1596594,32441,1395,79755
1596614,32399,26625,79756
1596634,32398,61424,79757
1596654,32378,56810,79758
1596674,32308,19027,79759
1596694,32284,1312,79760
1596714,32417,26628,79761
1596734,32342,61416,79762
1596754,32431,56831,79763
1596774,32408,19008,79764
1596794,32347,1361,79765
1596814,32417,26627,79766
1596834,32454,61321,79767
1596854,32367,56815,79768
1596874,32301,19012,79769
1596894,32328,1349,79770
1596914,32233,26630,79771
1596934,32369,61349,79772
1596954,32338,56829,79773
1596974,32377,18988,79774
1596994,32371,1372,79775
1597014,32395,26640,79776
1597034,32454,61384,79777
1597054,32338,56856,79778
1597074,32427,19063,79779
1597094,32326,1338,79780
1597114,32299,26659,79781
1597134,32302,61409,79782
1597154,32247,56763,79783
1597174,32358,19022,79784
1597194,32298,1370,79785
1597214,32403,26635,79786
1597234,32451,61353,79787
1597254,32377,56836,79788
1597274,32443,19031,79789
1597294,32393,1314,79790
1597314,32453,26636,79791
1597334,32437,61386,79792
1597354,32481,56880,79793
1597374,32409,19037,79794
1597394,32532,1344,79795
1597414,32438,26616,79796
1597434,32435,61314,79797
1597454,32397,56859,79798
1597474,32439,18979,79799
1597494,32405,1320,79800
1597514,32410,26617,79801
1597534,32420,61407,79802
1597554,32530,56751,79803
1597574,32457,19036,79804
1597594,32403,1321,79805
1597614,32482,26612,79806
1597634,32335,61337,79807
1597654,32332,56805,79808
1597674,32429,19000,79809
1597694,32337,1291,79810
1597714,32435,26683,79811
1597734,32457,61394,79812
1597754,32506,56880,79813
1597774,32301,19030,79814
1597794,32393,1325,79815
1597814,32370,26616,79816
1597834,32493,61383,79817
1597854,32508,56805,79818
1597874,32476,18989,79819
1597894,32374,1375,79820
1597914,32417,26584,79821
1597934,32360,61379,79822
1597954,32385,56862,79823
1597974,32382,18961,79824
1597994,32322,1310,79825
1598014,32279,26616,79826
1598034,32259,61416,79827
1598054,32383,56848,79828
1598074,32470,19024,79829
1598094,32302,1326,79830
1598114,32346,26619,79831
1598134,32214,61410,79832
1598154,32405,56816,79833
1598174,32409,18984,79834
1598194,32328,1352,79835
1598214,32323,26634,79836
1598234,32444,61332,79837
1598254,32355,56843,79838
1598274,32377,18991,79839
1598294,32270,1279,79840
1598314,32370,26630,79841
1598334,32449,61364,79842
1598354,32267,56798,79843
1598374,32139,19022,79844
1598394,32077,1413,79845
1598414,32176,26589,79846
1598434,32189,61308,79847
1598454,32157,56770,79848
1598474,32148,19000,79849
1598494,32068,1316,79850
1598514,32205,26612,79851
1598534,32236,61364,79852
1598554,32211,56788,79853
1598574,32271,19001,79854
1598594,32155,1349,79855
1598614,32314,26640,79856
1598634,32371,61371,79857
1598654,32333,56841,79858
1598674,32217,18999,79859
1598694,32162,1349,79860
1598714,32225,26681,79861
1598734,32332,61345,79862
1598754,32429,56837,79863
1598774,32231,19031,79864
1598794,32306,1370,79865
1598814,32274,26644,79866
1598834,32317,61438,79867
1598854,32121,56894,79868
1598874,32185,18987,79869
1598894,32026,1323,79870
1598914,32113,26633,79871
