Tiempo_us,ADC_IN_A2,ADC_OUT_A3,Muestra
5735887,8368,9027,358400
5735903,8060,1822,358401
5735919,8108,290,358402
5735935,8118,6133,358403
5735951,7983,13984,358404
5735967,8214,16332,358405
5735983,8220,11357,358406
5735999,8130,3611,358407
5736015,8247,290,358408
5736031,8244,4326,358409
5736047,8110,12058,358410
5736063,8362,16276,358411
5736079,8236,12831,358412
5736095,8216,5087,358413
5736111,8220,299,358414
5736127,8009,2376,358415
5736143,7898,10556,358416
5736159,7983,16131,358417
5736175,8145,14591,358418
5736191,8228,7423,358419
5736207,8184,649,358420
5736223,8252,1386,358421
5736239,8338,8260,358422
5736255,7938,15117,358423
5736271,8229,15552,358424
5736287,8191,8987,358425
5736303,8002,1808,358426
5736319,8205,306,358427
5736335,8115,6116,358428
5736351,8068,14098,358429
5736367,8168,16207,358430
5736383,8191,11385,358431
5736399,8104,3661,358432
5736415,8238,300,358433
5736431,8125,4311,358434
5736447,8128,12086,358435
5736463,8228,16315,358436
5736479,8139,12727,358437
5736495,8143,5042,358438
5736511,8096,280,358439
5736527,8091,2341,358440
5736543,8187,10594,358441
5736559,8233,16088,358442
5736575,8206,14567,358443
5736591,8212,7405,358444
5736607,8108,658,358445
5736623,8302,1396,358446
5736639,8003,8168,358447
5736655,8272,15087,358448
5736671,8375,15621,358449
5736687,8052,9019,358450
5736703,8196,1862,358451
5736719,8286,315,358452
5736735,8120,6173,358453
5736751,8338,14036,358454
5736767,8243,16237,358455
5736783,7936,11310,358456
5736799,8181,3584,358457
5736815,7955,260,358458
5736831,8035,4323,358459
5736847,8201,12147,358460
5736863,7976,16314,358461
5736879,8087,12760,358462
5736895,8354,5068,358463
5736911,8077,317,358464
5736927,8293,2361,358465
5736943,8315,10661,358466
5736959,8214,16105,358467
5736975,8339,14558,358468
5736991,8095,7405,358469
5737007,7997,655,358470
5737023,8306,1341,358471
5737039,7925,8201,358472
5737055,8132,15010,358473
5737071,8226,15575,358474
5737087,7992,8980,358475
5737103,8318,1836,358476
5737119,8355,301,358477
5737135,8215,6139,358478
5737151,8494,14028,358479
5737167,8260,16233,358480
5737183,8190,11404,358481
5737199,8354,3678,358482
5737215,7967,334,358483
5737231,8032,4330,358484
5737247,8050,12064,358485
5737263,7925,16228,358486
5737279,8160,12833,358487
5737295,8315,5063,358488
5737311,7966,340,358489
5737327,8266,2388,358490
5737343,8185,10671,358491
5737359,8156,16153,358492
5737375,8301,14594,358493
5737391,8138,7384,358494
5737407,8204,705,358495
5737423,8124,1329,358496
5737439,7957,8191,358497
5737455,8172,15031,358498
5737471,8086,15609,358499
5737487,8141,9053,358500
5737503,8261,1855,358501
5737519,8179,387,358502
5737535,8199,6103,358503
5737551,8143,14042,358504
5737567,8086,16224,358505
5737583,8340,11398,358506
5737599,8184,3672,358507
5737615,8114,343,358508
5737631,8179,4328,358509
5737647,8208,12107,358510
5737663,8169,16292,358511
5737679,8117,12760,358512
5737695,8127,5042,358513
5737711,8165,304,358514
5737727,8456,2366,358515
5737743,8099,10615,358516
5737759,8064,16140,358517
5737775,8148,14649,358518
5737791,8212,7449,358519
5737807,8279,621,358520
5737823,8172,1367,358521
5737839,8179,8163,358522
5737855,8265,15013,358523
5737871,8228,15637,358524
5737887,8273,8988,358525
5737903,7959,1828,358526
5737919,8075,361,358527
5737935,8254,6177,358528
5737951,7959,14022,358529
5737967,8101,16273,358530
5737983,8259,11328,358531
5737999,7992,3586,358532
5738015,8248,349,358533
5738031,8379,4321,358534
5738047,8094,12156,358535
5738063,8513,16290,358536
5738079,8264,12829,358537
5738095,8165,5148,358538
5738111,8336,317,358539
5738127,8014,2405,358540
5738143,8034,10580,358541
5738159,8179,16084,358542
5738175,7786,14587,358543
5738191,8068,7396,358544
5738207,8192,587,358545
5738223,7951,1331,358546
5738239,8460,8269,358547
5738255,8186,15025,358548
5738271,8292,15597,358549
5738287,8406,9034,358550
5738303,8172,1816,358551
5738319,8046,349,358552
5738335,8404,6103,358553
5738351,7947,14061,358554
5738367,8053,16292,358555
5738383,8228,11377,358556
5738399,7885,3676,358557
5738415,8271,352,358558
5738431,8229,4308,358559
5738447,8126,12115,358560
5738463,8345,16328,358561
5738479,8237,12758,358562
5738495,8144,5056,358563
5738511,8359,341,358564
5738527,8034,2373,358565
5738543,8154,10663,358566
5738559,8061,16038,358567
5738575,8112,14631,358568
5738591,8090,7392,358569
5738607,8169,656,358570
5738623,8091,1342,358571
5738639,8234,8243,358572
5738655,8222,15097,358573
5738671,8081,15556,358574
5738687,8179,9044,358575
5738703,8221,1866,358576
5738719,8152,344,358577
5738735,8116,6110,358578
5738751,8295,14066,358579
5738767,8106,16239,358580
5738783,8106,11369,358581
5738799,8210,3615,358582
5738815,8040,312,358583
5738831,8025,4347,358584
5738847,8111,12091,358585
5738863,8234,16281,358586
5738879,8182,12839,358587
5738895,8284,5120,358588
5738911,8054,305,358589
5738927,8238,2403,358590
5738943,8127,10612,358591
5738959,8267,16133,358592
5738975,8269,14581,358593
5738991,8156,7375,358594
5739007,8110,708,358595
5739023,8150,1389,358596
5739039,7976,8220,358597
5739055,8151,15071,358598
5739071,8141,15650,358599
5739087,7973,9045,358600
5739103,8303,1866,358601
5739119,8155,332,358602
5739135,8114,6173,358603
5739151,8469,14102,358604
5739167,8286,16319,358605
5739183,8184,11313,358606
5739199,8367,3620,358607
5739215,8122,350,358608
5739231,8106,4359,358609
5739247,8253,12132,358610
5739263,7929,16287,358611
5739279,7938,12772,358612
5739295,8066,5048,358613
5739311,7971,353,358614
5739327,8320,2366,358615
5739343,8347,10639,358616
5739359,8163,16139,358617
5739375,8281,14610,358618
5739391,8178,7386,358619
5739407,8253,645,358620
5739423,8128,1382,358621
5739439,8017,8207,358622
5739455,8159,15116,358623
5739471,8185,15586,358624
5739487,8065,9009,358625
5739503,8147,1838,358626
5739519,7979,301,358627
5739535,8069,6192,358628
5739551,8249,14023,358629
5739567,8112,16250,358630
5739583,8068,11303,358631
5739599,8297,3578,358632
5739615,7991,290,358633
5739631,8194,4334,358634
5739647,8247,12138,358635
5739663,7996,16332,358636
5739679,8183,12780,358637
5739695,8232,5066,358638
5739711,8021,359,358639
5739727,8130,2386,358640
5739743,8052,10621,358641
5739759,8261,16148,358642
5739775,8084,14547,358643
5739791,8008,7427,358644
5739807,8300,691,358645
5739823,8141,1361,358646
5739839,8175,8224,358647
5739855,8361,15088,358648
5739871,8096,15616,358649
5739887,8257,8991,358650
5739903,8269,1890,358651
5739919,7924,292,358652
5739935,8220,6150,358653
5739951,8037,14071,358654
5739967,7964,16258,358655
5739983,8317,11452,358656
5739999,7997,3634,358657
5740015,8106,324,358658
5740031,8308,4300,358659
5740047,8109,12058,358660
5740063,8306,16342,358661
5740079,8310,12764,358662
5740095,7993,5047,358663
5740111,8215,284,358664
5740127,8025,2363,358665
5740143,7875,10618,358666
5740159,8318,16116,358667
5740175,8049,14566,358668
5740191,8104,7474,358669
5740207,8227,603,358670
5740223,7976,1367,358671
5740239,8259,8162,358672
5740255,8199,15051,358673
5740271,7969,15549,358674
5740287,8319,9055,358675
5740303,8072,1855,358676
5740319,8101,330,358677
5740335,8393,6116,358678
5740351,7927,14088,358679
5740367,8176,16228,358680
5740383,8330,11415,358681
5740399,7913,3643,358682
5740415,8241,324,358683
5740431,8259,4295,358684
5740447,7848,12094,358685
5740463,8370,16340,358686
5740479,8099,12760,358687
5740495,8089,4996,358688
5740511,8369,352,358689
5740527,8084,2355,358690
5740543,7979,10649,358691
5740559,8164,16087,358692
5740575,7954,14551,358693
5740591,8184,7409,358694
5740607,8065,627,358695
5740623,7875,1317,358696
5740639,8112,8209,358697
5740655,8049,15122,358698
5740671,8000,15555,358699
5740687,8226,8989,358700
5740703,8122,1890,358701
5740719,8146,331,358702
5740735,8205,6145,358703
5740751,8072,13989,358704
5740767,8221,16354,358705
5740783,8057,11337,358706
5740799,8035,3642,358707
5740815,8080,267,358708
5740831,7998,4326,358709
5740847,8135,12145,358710
5740863,8136,16288,358711
5740879,7997,12740,358712
5740895,8167,5075,358713
5740911,8051,348,358714
5740927,8099,2339,358715
5740943,8181,10620,358716
5740959,8343,16094,358717
5740975,8244,14634,358718
5740991,8174,7444,358719
5741007,8248,665,358720
5741023,8133,1327,358721
5741039,8060,8222,358722
5741055,8062,15055,358723
5741071,8166,15629,358724
5741087,8071,8982,358725
5741103,8120,1810,358726
5741119,8194,304,358727
5741135,8156,6144,358728
5741151,8235,14018,358729
5741167,8219,16227,358730
5741183,8170,11345,358731
5741199,8200,3648,358732
5741215,8073,327,358733
5741231,7921,4258,358734
5741247,8214,12138,358735
5741263,8048,16299,358736
5741279,8151,12827,358737
5741295,8200,5014,358738
5741311,7994,253,358739
5741327,8100,2377,358740
5741343,8274,10627,358741
5741359,8086,16117,358742
5741375,8205,14546,358743
5741391,8306,7396,358744
5741407,8282,653,358745
5741423,8285,1329,358746
5741439,8012,8176,358747
5741455,8132,15074,358748
5741471,8199,15599,358749
5741487,7965,9007,358750
5741503,8168,1861,358751
5741519,8120,298,358752
5741535,7904,6102,358753
5741551,8308,14038,358754
5741567,8163,16277,358755
5741583,8035,11344,358756
5741599,8364,3585,358757
5741615,8070,324,358758
5741631,8137,4320,358759
5741647,8234,12071,358760
5741663,8015,16251,358761
5741679,8082,12754,358762
5741695,8270,5049,358763
5741711,7927,323,358764
5741727,8119,2428,358765
5741743,8186,10661,358766
5741759,8198,16064,358767
5741775,8214,14527,358768
5741791,8142,7390,358769
5741807,8140,649,358770
5741823,8309,1396,358771
5741839,8130,8149,358772
5741855,8377,15083,358773
5741871,8134,15561,358774
5741887,8145,8992,358775
5741903,8091,1839,358776
5741919,8086,278,358777
5741935,8213,6165,358778
5741951,8092,14052,358779
5741967,8029,16329,358780
5741983,8043,11329,358781
5741999,8132,3618,358782
5742015,7990,283,358783
5742031,8158,4326,358784
5742047,8191,12154,358785
5742063,7987,16280,358786
5742079,8136,12739,358787
5742095,8110,5006,358788
5742111,8166,362,358789
5742127,8266,2416,358790
5742143,8087,10580,358791
5742159,8115,16055,358792
5742175,8161,14535,358793
5742191,8157,7400,358794
5742207,8080,618,358795
5742223,7909,1380,358796
5742239,8295,8249,358797
5742255,8130,15034,358798
5742271,8053,15618,358799
5742287,8238,8975,358800
5742303,8202,1831,358801
5742319,7970,376,358802
5742335,8271,6097,358803
5742351,8060,14091,358804
5742367,8103,16250,358805
5742383,8343,11358,358806
5742399,7773,3675,358807
5742415,8136,392,358808
5742431,8216,4356,358809
5742447,7764,12060,358810
5742463,8159,16218,358811
5742479,8228,12798,358812
5742495,7813,5017,358813
5742511,8269,339,358814
5742527,8138,2386,358815
5742543,8021,10594,358816
5742559,8329,16146,358817
5742575,7953,14601,358818
5742591,8043,7434,358819
5742607,8218,632,358820
5742623,7843,1324,358821
5742639,8064,8153,358822
5742655,8030,15090,358823
5742671,8013,15566,358824
5742687,8285,8989,358825
5742703,8120,1800,358826
5742719,8108,324,358827
5742735,8316,6085,358828
5742751,8094,14078,358829
5742767,8130,16309,358830
5742783,8190,11364,358831
5742799,7851,3607,358832
5742815,8017,319,358833
5742831,8073,4356,358834
5742847,7991,12138,358835
5742863,8204,16331,358836
5742879,8238,12794,358837
5742895,8102,5030,358838
5742911,8252,291,358839
5742927,8215,2409,358840
5742943,7969,10585,358841
5742959,8206,16032,358842
5742975,8109,14651,358843
5742991,8039,7397,358844
5743007,8078,619,358845
5743023,8201,1377,358846
5743039,8084,8226,358847
5743055,8111,15023,358848
5743071,8095,15567,358849
5743087,8076,8953,358850
5743103,8145,1792,358851
5743119,8086,331,358852
5743135,8194,6146,358853
5743151,8119,14005,358854
5743167,8283,16320,358855
5743183,8290,11359,358856
5743199,8191,3612,358857
5743215,8256,314,358858
5743231,8059,4291,358859
5743247,8274,12109,358860
5743263,8007,16285,358861
5743279,8047,12822,358862
5743295,8249,5079,358863
5743311,8091,361,358864
5743327,8009,2425,358865
5743343,8165,10625,358866
5743359,7983,16100,358867
5743375,8235,14614,358868
5743391,8379,7390,358869
5743407,8175,647,358870
5743423,8144,1332,358871
5743439,8225,8255,358872
5743455,8218,15115,358873
5743471,8330,15678,358874
5743487,8012,8996,358875
5743503,8458,1895,358876
5743519,8284,331,358877
5743535,8052,6124,358878
5743551,8224,14025,358879
5743567,8214,16286,358880
5743583,8072,11416,358881
5743599,8283,3609,358882
5743615,8114,337,358883
5743631,7953,4313,358884
5743647,8354,12114,358885
5743663,8067,16321,358886
5743679,8147,12829,358887
5743695,8418,5090,358888
5743711,7934,282,358889
5743727,8377,2444,358890
5743743,8231,10660,358891
5743759,7950,16157,358892
5743775,8228,14602,358893
5743791,8201,7418,358894
5743807,8074,681,358895
5743823,8268,1360,358896
5743839,8214,8230,358897
5743855,8067,15055,358898
5743871,8172,15580,358899
5743887,8097,9047,358900
5743903,8091,1807,358901
5743919,8141,330,358902
5743935,8006,6116,358903
5743951,8272,14113,358904
5743967,8038,16269,358905
5743983,7988,11371,358906
5743999,8415,3646,358907
5744015,7994,304,358908
5744031,8240,4346,358909
5744047,8299,12118,358910
5744063,7997,16225,358911
5744079,8264,12720,358912
5744095,8174,5110,358913
5744111,8083,295,358914
5744127,8227,2320,358915
5744143,8034,10644,358916
5744159,8101,16101,358917
5744175,8131,14563,358918
5744191,8088,7422,358919
5744207,8278,651,358920
5744223,8076,1404,358921
5744239,7972,8178,358922
5744255,8191,15040,358923
5744271,8192,15619,358924
5744287,8079,9029,358925
5744303,8278,1859,358926
5744319,8054,341,358927
5744335,8186,6141,358928
5744351,8173,14031,358929
5744367,8062,16272,358930
5744383,8293,11373,358931
5744399,8027,3638,358932
5744415,7985,288,358933
5744431,8289,4327,358934
5744447,7990,12133,358935
5744463,8073,16287,358936
5744479,8231,12794,358937
5744495,8056,5084,358938
5744511,8199,331,358939
5744527,8271,2380,358940
5744543,8034,10556,358941
5744559,8237,16073,358942
5744575,8259,14647,358943
5744591,8111,7411,358944
5744607,8163,664,358945
5744623,7997,1408,358946
5744639,7952,8230,358947
5744655,8158,15081,358948
5744671,8015,15631,358949
5744687,8177,8955,358950
5744703,8179,1853,358951
5744719,8176,342,358952
5744735,8318,6181,358953
5744751,8196,14051,358954
5744767,8127,16294,358955
5744783,8264,11347,358956
5744799,7969,3624,358957
5744815,8068,297,358958
5744831,8107,4309,358959
5744847,8006,12103,358960
5744863,8073,16307,358961
5744879,8056,12839,358962
5744895,7918,5064,358963
5744911,8184,277,358964
5744927,7980,2331,358965
5744943,8113,10634,358966
5744959,8440,16071,358967
5744975,8119,14587,358968
5744991,8146,7416,358969
5745007,8263,709,358970
5745023,8144,1383,358971
5745039,8037,8185,358972
5745055,8051,15073,358973
5745071,8037,15661,358974
5745087,8154,9033,358975
5745103,8145,1842,358976
5745119,8089,322,358977
5745135,8111,6104,358978
5745151,8147,14025,358979
5745167,8080,16192,358980
5745183,8186,11363,358981
5745199,8038,3615,358982
5745215,8082,271,358983
5745231,8012,4264,358984
5745247,8114,12134,358985
5745263,8222,16303,358986
5745279,8032,12794,358987
5745295,8375,5064,358988
5745311,8076,301,358989
5745327,7962,2358,358990
5745343,8225,10642,358991
5745359,8167,16055,358992
5745375,7978,14582,358993
5745391,8162,7384,358994
5745407,8178,660,358995
5745423,8134,1336,358996
5745439,8221,8198,358997
5745455,8321,15095,358998
5745471,8208,15587,358999
5745487,8138,8985,359000
5745503,8067,1852,359001
5745519,8141,321,359002
5745535,8048,6103,359003
5745551,8037,14013,359004
5745567,8027,16211,359005
5745583,7972,11318,359006
5745599,8221,3620,359007
5745615,8271,284,359008
5745631,8030,4300,359009
5745647,8337,12115,359010
5745663,8200,16263,359011
5745679,8106,12746,359012
5745695,8305,5028,359013
5745711,7990,351,359014
5745727,8030,2421,359015
5745743,8269,10607,359016
5745759,8050,16063,359017
5745775,8092,14623,359018
5745791,8109,7389,359019
5745807,8092,663,359020
5745823,8216,1298,359021
5745839,8274,8228,359022
5745855,8042,15101,359023
5745871,8365,15657,359024
5745887,8232,9047,359025
5745903,8235,1883,359026
5745919,8239,366,359027
5745935,8118,6151,359028
5745951,8232,14025,359029
5745967,8155,16174,359030
5745983,7941,11341,359031
5745999,8151,3672,359032
5746015,8083,349,359033
5746031,8014,4324,359034
5746047,8227,12125,359035
5746063,8211,16320,359036
5746079,8165,12720,359037
5746095,8426,5095,359038
5746111,8174,320,359039
5746127,8194,2389,359040
5746143,8226,10576,359041
5746159,8017,16067,359042
5746175,8160,14555,359043
5746191,8187,7367,359044
5746207,8100,642,359045
5746223,8244,1343,359046
5746239,8193,8204,359047
5746255,8141,15052,359048
5746271,8266,15647,359049
5746287,8280,9044,359050
5746303,8089,1839,359051
5746319,8271,314,359052
5746335,8280,6170,359053
5746351,8143,13990,359054
5746367,8292,16263,359055
5746383,8221,11320,359056
5746399,8100,3619,359057
5746415,8068,277,359058
5746431,8206,4303,359059
5746447,8025,12119,359060
5746463,8085,16279,359061
5746479,8096,12784,359062
5746495,8029,5034,359063
5746511,8185,345,359064
5746527,8237,2378,359065
5746543,8084,10620,359066
5746559,8239,16101,359067
5746575,8183,14620,359068
5746591,8089,7433,359069
5746607,8223,650,359070
5746623,8092,1386,359071
5746639,7971,8181,359072
5746655,8055,15036,359073
5746671,7886,15546,359074
5746687,8203,9046,359075
5746703,8009,1837,359076
5746719,7840,308,359077
5746735,8250,6096,359078
5746751,8167,14015,359079
5746767,7996,16231,359080
5746783,8423,11380,359081
5746799,8162,3612,359082
5746815,8147,363,359083
5746831,8437,4332,359084
5746847,7877,12078,359085
5746863,8047,16252,359086
5746879,8149,12742,359087
5746895,7857,5051,359088
5746911,8285,313,359089
5746927,8198,2358,359090
5746943,7934,10615,359091
5746959,8469,16126,359092
5746975,8145,14566,359093
5746991,7947,7345,359094
5747007,8379,718,359095
5747023,8078,1404,359096
5747039,7986,8167,359097
5747055,8235,15017,359098
5747071,7909,15577,359099
5747087,8124,9050,359100
5747103,8188,1882,359101
5747119,7831,335,359102
5747135,8318,6118,359103
5747151,8225,14047,359104
5747167,7916,16334,359105
5747183,8312,11369,359106
5747199,8117,3624,359107
5747215,8124,323,359108
5747231,8175,4352,359109
5747247,8114,12120,359110
5747263,8236,16282,359111
5747279,8165,12740,359112
5747295,8082,5061,359113
5747311,8102,264,359114
5747327,7919,2371,359115
5747343,8126,10661,359116
5747359,8146,16072,359117
5747375,7960,14556,359118
5747391,8286,7383,359119
5747407,8179,647,359120
5747423,8089,1378,359121
5747439,8313,8230,359122
5747455,8068,15054,359123
5747471,8133,15543,359124
5747487,8097,8963,359125
5747503,8063,1834,359126
5747519,8080,277,359127
5747535,8198,6138,359128
5747551,8101,14012,359129
5747567,8169,16345,359130
5747583,8079,11374,359131
5747599,8157,3668,359132
5747615,8139,308,359133
5747631,8040,4327,359134
5747647,8346,12142,359135
5747663,8305,16304,359136
5747679,8022,12764,359137
5747695,8340,5031,359138
5747711,8218,340,359139
5747727,8142,2435,359140
5747743,8302,10598,359141
5747759,8081,16087,359142
5747775,8021,14563,359143
5747791,8153,7377,359144
5747807,7956,652,359145
5747823,8108,1338,359146
5747839,8336,8243,359147
5747855,8045,15041,359148
5747871,8210,15575,359149
5747887,8307,8981,359150
5747903,8173,1832,359151
5747919,8311,314,359152
5747935,8165,6177,359153
5747951,8148,14047,359154
5747967,8163,16259,359155
5747983,8008,11361,359156
5747999,8171,3580,359157
5748015,8070,310,359158
5748031,7920,4344,359159
5748047,8276,12095,359160
5748063,8158,16241,359161
5748079,8016,12793,359162
5748095,8339,5080,359163
5748111,8172,336,359164
5748127,8159,2394,359165
5748143,8296,10645,359166
5748159,8085,16124,359167
5748175,8222,14590,359168
5748191,8135,7360,359169
5748207,7997,620,359170
5748223,8000,1353,359171
5748239,7946,8210,359172
5748255,7937,15016,359173
5748271,8158,15561,359174
5748287,8156,9058,359175
5748303,8159,1816,359176
5748319,8339,325,359177
5748335,8220,6165,359178
5748351,8238,14065,359179
5748367,8301,16309,359180
5748383,8248,11391,359181
5748399,8215,3666,359182
5748415,8146,314,359183
5748431,8102,4331,359184
5748447,8185,12144,359185
5748463,7989,16213,359186
5748479,8095,12793,359187
5748495,8140,5067,359188
5748511,8102,245,359189
5748527,8328,2409,359190
5748543,8122,10555,359191
5748559,8208,16099,359192
5748575,8171,14607,359193
5748591,8117,7393,359194
5748607,8043,636,359195
5748623,8069,1338,359196
5748639,7986,8230,359197
5748655,8037,15006,359198
5748671,8088,15604,359199
5748687,7981,9033,359200
5748703,8038,1831,359201
5748719,7975,325,359202
5748735,8185,6176,359203
5748751,8252,14057,359204
5748767,8211,16221,359205
5748783,8197,11366,359206
5748799,8125,3606,359207
5748815,8115,359,359208
5748831,8203,4333,359209
5748847,8066,12077,359210
5748863,7925,16289,359211
5748879,8093,12736,359212
5748895,7993,5096,359213
5748911,8042,322,359214
5748927,8178,2358,359215
5748943,7975,10650,359216
5748959,8116,16072,359217
5748975,8230,14592,359218
5748991,8118,7306,359219
5749007,8327,612,359220
5749023,8314,1397,359221
5749039,8227,8199,359222
5749055,8274,15015,359223
5749071,8027,15581,359224
5749087,7991,8997,359225
5749103,8140,1888,359226
5749119,7976,345,359227
5749135,8027,6114,359228
5749151,8061,14037,359229
5749167,7986,16311,359230
5749183,8231,11376,359231
5749199,8147,3653,359232
5749215,8235,308,359233
5749231,8180,4294,359234
5749247,8112,12103,359235
5749263,8399,16338,359236
5749279,8153,12744,359237
5749295,8038,5054,359238
5749311,8029,286,359239
5749327,7915,2384,359240
5749343,7916,10615,359241
5749359,8102,16076,359242
5749375,8114,14586,359243
5749391,8129,7394,359244
5749407,8207,650,359245
5749423,8146,1366,359246
5749439,8185,8215,359247
5749455,8220,15052,359248
5749471,8080,15582,359249
5749487,8145,9001,359250
5749503,8027,1811,359251
5749519,8228,372,359252
5749535,8116,6110,359253
5749551,8133,14017,359254
5749567,8146,16253,359255
5749583,8289,11375,359256
5749599,8102,3607,359257
5749615,8135,345,359258
5749631,8120,4370,359259
5749647,8136,12090,359260
5749663,8240,16210,359261
5749679,8106,12751,359262
5749695,8235,5067,359263
5749711,8308,379,359264
5749727,8036,2371,359265
5749743,8331,10639,359266
5749759,8081,16058,359267
5749775,8119,14677,359268
5749791,8208,7402,359269
5749807,8082,607,359270
5749823,7994,1306,359271
5749839,8143,8205,359272
5749855,7981,14990,359273
5749871,8199,15597,359274
5749887,8208,9043,359275
5749903,8121,1786,359276
5749919,8259,288,359277
5749935,8205,6087,359278
5749951,8143,14031,359279
5749967,8195,16214,359280
5749983,8063,11387,359281
5749999,8241,3656,359282
5750015,8175,357,359283
5750031,7902,4319,359284
5750047,8175,12092,359285
5750063,8184,16274,359286
5750079,8141,12776,359287
5750095,8358,5021,359288
5750111,8041,339,359289
5750127,8083,2342,359290
5750143,8326,10625,359291
5750159,7948,16103,359292
5750175,8168,14549,359293
5750191,8402,7405,359294
5750207,8091,670,359295
5750223,8012,1372,359296
5750239,8210,8249,359297
5750255,7942,15085,359298
5750271,8182,15577,359299
5750287,8185,9009,359300
5750303,8038,1825,359301
5750319,8243,336,359302
5750335,8245,6082,359303
5750351,8183,14038,359304
5750367,8323,16332,359305
5750383,8120,11363,359306
5750399,7993,3620,359307
5750415,8025,327,359308
5750431,7947,4305,359309
5750447,8206,12123,359310
5750463,8126,16344,359311
5750479,7958,12735,359312
5750495,8223,5027,359313
5750511,7950,276,359314
5750527,8024,2360,359315
5750543,8213,10565,359316
5750559,8228,16138,359317
5750575,8144,14548,359318
5750591,8250,7419,359319
5750607,8066,654,359320
5750623,8209,1360,359321
5750639,8300,8244,359322
5750655,8043,15114,359323
5750671,8139,15595,359324
5750687,8184,9005,359325
5750703,8050,1800,359326
5750719,8105,320,359327
5750735,8216,6175,359328
5750751,8079,14078,359329
5750767,8225,16288,359330
5750783,8177,11373,359331
5750799,8147,3647,359332
5750815,8130,335,359333
5750831,8132,4306,359334
5750847,8123,12075,359335
5750863,8085,16328,359336
5750879,8161,12758,359337
5750895,7968,5000,359338
5750911,8011,316,359339
5750927,8220,2431,359340
5750943,8005,10599,359341
5750959,8180,16028,359342
5750975,8301,14602,359343
5750991,7872,7366,359344
5751007,8245,645,359345
5751023,8181,1373,359346
5751039,7958,8227,359347
5751055,8295,15109,359348
5751071,8063,15619,359349
5751087,7967,8986,359350
5751103,8169,1837,359351
5751119,7993,343,359352
5751135,8071,6163,359353
5751151,8145,14049,359354
5751167,7952,16248,359355
5751183,8349,11348,359356
5751199,8197,3654,359357
5751215,7950,346,359358
5751231,8448,4341,359359
5751247,8102,12138,359360
5751263,8142,16288,359361
5751279,8357,12817,359362
5751295,7907,5023,359363
5751311,8146,316,359364
5751327,8222,2389,359365
5751343,7790,10612,359366
5751359,8230,16146,359367
5751375,8168,14603,359368
5751391,7858,7424,359369
5751407,8355,626,359370
5751423,8124,1373,359371
5751439,8038,8185,359372
5751455,8460,15077,359373
5751471,7991,15588,359374
5751487,8111,8970,359375
5751503,8218,1833,359376
5751519,7982,306,359377
5751535,8112,6114,359378
5751551,8221,14047,359379
5751567,8022,16314,359380
5751583,8198,11395,359381
5751599,8130,3634,359382
5751615,7937,285,359383
5751631,8274,4367,359384
5751647,8097,12071,359385
5751663,8230,16319,359386
5751679,8285,12773,359387
5751695,8244,5077,359388
5751711,8272,349,359389
5751727,8169,2396,359390
5751743,8057,10616,359391
5751759,8131,16129,359392
5751775,7924,14586,359393
5751791,8047,7402,359394
5751807,8253,679,359395
5751823,8030,1405,359396
5751839,8221,8255,359397
5751855,8176,15056,359398
5751871,8009,15620,359399
5751887,8332,9002,359400
5751903,8172,1838,359401
5751919,8178,334,359402
5751935,8243,6119,359403
5751951,8085,13965,359404
5751967,8107,16273,359405
5751983,8208,11433,359406
5751999,7969,3613,359407
5752015,8171,298,359408
5752031,7996,4280,359409
5752047,8222,12125,359410
5752063,8276,16298,359411
5752079,7930,12746,359412
5752095,8405,5035,359413
5752111,8294,344,359414
5752127,7951,2358,359415
5752143,8447,10646,359416
5752159,8187,16104,359417
5752175,8124,14610,359418
5752191,8451,7412,359419
5752207,7901,619,359420
5752223,8068,1337,359421
5752239,8218,8265,359422
5752255,7911,15013,359423
5752271,8039,15562,359424
5752287,8129,9071,359425
5752303,7976,1841,359426
5752319,8310,271,359427
5752335,8344,6188,359428
5752351,8003,13984,359429
5752367,8230,16232,359430
5752383,8129,11350,359431
5752399,8076,3695,359432
5752415,8224,321,359433
5752431,8068,4339,359434
5752447,8170,12076,359435
5752463,8194,16311,359436
5752479,7951,12766,359437
5752495,8282,5064,359438
5752511,8055,304,359439
5752527,8020,2422,359440
5752543,8351,10590,359441
5752559,8174,16087,359442
5752575,8222,14613,359443
5752591,8331,7394,359444
5752607,8001,684,359445
5752623,8240,1332,359446
5752639,8178,8221,359447
5752655,7993,15106,359448
5752671,8236,15612,359449
5752687,8026,9033,359450
5752703,8054,1827,359451
5752719,8080,303,359452
5752735,8062,6122,359453
5752751,8194,14062,359454
5752767,8253,16255,359455
5752783,8063,11343,359456
5752799,8073,3582,359457
5752815,8283,267,359458
5752831,8050,4311,359459
5752847,8155,12082,359460
5752863,8146,16313,359461
5752879,8176,12754,359462
5752895,8098,5049,359463
5752911,8155,350,359464
5752927,8276,2375,359465
5752943,8101,10474,359466
5752959,8180,16175,359467
5752975,8073,14580,359468
5752991,8142,7448,359469
5753007,8045,590,359470
5753023,8099,1356,359471
5753039,8032,8271,359472
5753055,8249,15149,359473
5753071,8188,15581,359474
5753087,8089,8964,359475
5753103,8155,1854,359476
5753119,8190,363,359477
5753135,8099,6129,359478
5753151,8153,14035,359479
5753167,8100,16299,359480
5753183,8015,11326,359481
5753199,8027,3564,359482
5753215,8166,315,359483
5753231,8255,4353,359484
5753247,8203,12179,359485
5753263,8261,16284,359486
5753279,8149,12757,359487
5753295,8211,5069,359488
5753311,8166,347,359489
5753327,8230,2401,359490
5753343,8061,10662,359491
5753359,8244,16079,359492
5753375,8153,14619,359493
5753391,7992,7384,359494
5753407,8242,699,359495
5753423,8162,1355,359496
5753439,8092,8204,359497
5753455,8364,15064,359498
5753471,8234,15615,359499
5753487,8104,8967,359500
5753503,8358,1824,359501
5753519,7985,315,359502
5753535,8145,6135,359503
5753551,8144,13999,359504
5753567,8102,16295,359505
5753583,8134,11325,359506
5753599,8015,3689,359507
5753615,8033,308,359508
5753631,8200,4323,359509
5753647,8103,12075,359510
5753663,8230,16312,359511
5753679,8183,12768,359512
5753695,8254,5021,359513
5753711,8272,354,359514
5753727,8104,2354,359515
5753743,8081,10617,359516
5753759,8196,16120,359517
5753775,7981,14567,359518
5753791,8011,7399,359519
5753807,8139,621,359520
5753823,7932,1397,359521
5753839,8134,8244,359522
5753855,8230,14988,359523
5753871,8099,15571,359524
5753887,8128,9050,359525
5753903,8138,1795,359526
5753919,8133,247,359527
5753935,8166,6128,359528
5753951,8149,14041,359529
5753967,8090,16255,359530
5753983,8284,11394,359531
5753999,8090,3571,359532
5754015,8203,350,359533
5754031,8240,4379,359534
5754047,8108,12120,359535
5754063,8157,16260,359536
5754079,8246,12797,359537
5754095,8223,5117,359538
5754111,8106,351,359539
5754127,8124,2398,359540
5754143,8289,10616,359541
5754159,8326,16078,359542
5754175,7971,14608,359543
5754191,8389,7426,359544
5754207,8047,602,359545
5754223,7907,1364,359546
5754239,8239,8195,359547
5754255,8094,15148,359548
5754271,8055,15604,359549
5754287,8172,9014,359550
5754303,7873,1838,359551
5754319,8243,375,359552
5754335,8287,6170,359553
5754351,7954,14026,359554
5754367,8499,16315,359555
5754383,8431,11417,359556
5754399,8336,3633,359557
5754415,8405,350,359558
5754431,7904,4269,359559
5754447,8071,12090,359560
5754463,8291,16350,359561
5754479,7791,12761,359562
5754495,8303,5068,359563
5754511,8078,305,359564
5754527,7782,2350,359565
5754543,8419,10666,359566
5754559,8213,16121,359567
5754575,8121,14611,359568
5754591,8541,7405,359569
5754607,7825,631,359570
5754623,8273,1409,359571
5754639,8437,8243,359572
5754655,7890,15085,359573
5754671,8325,15629,359574
5754687,8225,9008,359575
5754703,7817,1802,359576
5754719,8321,362,359577
5754735,8051,6141,359578
5754751,7907,13976,359579
5754767,8298,16258,359580
5754783,7969,11322,359581
5754799,7989,3648,359582
5754815,8282,411,359583
5754831,7972,4301,359584
5754847,8061,12101,359585
5754863,8265,16288,359586
5754879,7961,12737,359587
5754895,8182,5071,359588
5754911,8137,380,359589
5754927,8080,2401,359590
5754943,8239,10656,359591
5754959,8282,16171,359592
5754975,8306,14587,359593
5754991,8257,7394,359594
5755007,8125,674,359595
5755023,8257,1371,359596
5755039,8092,8179,359597
5755055,8065,15006,359598
5755071,8310,15626,359599
5755087,7997,9017,359600
5755103,8168,1832,359601
5755119,8073,269,359602
5755135,7940,6104,359603
5755151,8204,14063,359604
5755167,8181,16241,359605
5755183,8042,11353,359606
5755199,8135,3619,359607
5755215,8036,333,359608
5755231,8090,4303,359609
5755247,8098,12107,359610
5755263,8164,16323,359611
5755279,8269,12726,359612
5755295,8190,5084,359613
5755311,8029,319,359614
5755327,8317,2423,359615
5755343,7976,10596,359616
5755359,8242,16128,359617
5755375,8170,14649,359618
5755391,7943,7413,359619
5755407,8161,669,359620
5755423,8096,1413,359621
5755439,7971,8218,359622
5755455,8374,15054,359623
5755471,8228,15670,359624
5755487,8059,9041,359625
5755503,8488,1872,359626
5755519,8135,287,359627
5755535,8263,6189,359628
5755551,8263,13966,359629
5755567,7960,16330,359630
5755583,8132,11409,359631
5755599,8304,3658,359632
5755615,7909,313,359633
5755631,8073,4327,359634
5755647,8097,12055,359635
5755663,8138,16305,359636
5755679,8202,12719,359637
5755695,8164,5110,359638
5755711,8075,354,359639
5755727,8261,2381,359640
5755743,8155,10615,359641
5755759,8227,16148,359642
5755775,8173,14571,359643
5755791,7928,7386,359644
5755807,8068,645,359645
5755823,8134,1337,359646
5755839,7942,8185,359647
5755855,8172,15066,359648
5755871,8020,15570,359649
5755887,8195,9054,359650
5755903,8259,1846,359651
5755919,8210,374,359652
5755935,8148,6135,359653
5755951,8352,14082,359654
5755967,8090,16258,359655
5755983,8149,11377,359656
5755999,8315,3680,359657
5756015,8102,365,359658
5756031,8039,4372,359659
5756047,8133,12129,359660
5756063,8050,16274,359661
5756079,8243,12819,359662
5756095,8218,5057,359663
5756111,8025,305,359664
5756127,8206,2377,359665
5756143,8386,10680,359666
5756159,8074,16047,359667
5756175,8119,14590,359668
5756191,8217,7411,359669
5756207,8234,660,359670
5756223,8113,1372,359671
5756239,8457,8260,359672
5756255,8003,15019,359673
5756271,8072,15578,359674
5756287,8293,9039,359675
5756303,8034,1852,359676
5756319,8068,286,359677
5756335,8163,6103,359678
5756351,7992,13976,359679
5756367,8199,16308,359680
5756383,8220,11373,359681
5756399,8108,3650,359682
5756415,8274,356,359683
5756431,8145,4338,359684
5756447,8031,12076,359685
5756463,8217,16316,359686
5756479,8069,12736,359687
5756495,8140,5032,359688
5756511,8129,296,359689
5756527,7893,2361,359690
5756543,8216,10621,359691
5756559,8192,16128,359692
5756575,8031,14510,359693
5756591,8284,7396,359694
5756607,8003,620,359695
5756623,8168,1351,359696
5756639,8300,8168,359697
5756655,8119,15084,359698
5756671,8178,15635,359699
5756687,8242,8996,359700
5756703,7959,1780,359701
5756719,8173,307,359702
5756735,8156,6143,359703
5756751,7944,14002,359704
5756767,8356,16307,359705
5756783,8166,11324,359706
5756799,8142,3685,359707
5756815,8403,368,359708
5756831,8115,4296,359709
5756847,8262,12105,359710
5756863,8324,16281,359711
5756879,8110,12819,359712
5756895,8153,5086,359713
5756911,8126,368,359714
5756927,8024,2359,359715
5756943,8145,10614,359716
5756959,8118,16138,359717
5756975,8005,14584,359718
5756991,8296,7428,359719
5757007,7957,600,359720
5757023,8087,1362,359721
5757039,8149,8260,359722
5757055,8116,15045,359723
5757071,8163,15572,359724
5757087,8176,9024,359725
5757103,8086,1818,359726
5757119,8198,313,359727
5757135,8128,6127,359728
5757151,8182,14069,359729
5757167,8104,16226,359730
5757183,7962,11345,359731
5757199,8188,3681,359732
5757215,8134,363,359733
5757231,8136,4321,359734
5757247,8130,12122,359735
5757263,8177,16376,359736
5757279,8084,12757,359737
5757295,8206,5038,359738
5757311,8070,324,359739
5757327,8160,2397,359740
5757343,8015,10623,359741
5757359,8163,16100,359742
5757375,8137,14546,359743
5757391,8019,7370,359744
5757407,8074,635,359745
5757423,8110,1351,359746
5757439,7983,8205,359747
5757455,8148,15035,359748
5757471,8193,15633,359749
5757487,8059,9033,359750
5757503,8233,1893,359751
5757519,8183,366,359752
5757535,8002,6096,359753
5757551,8360,14077,359754
5757567,8113,16206,359755
5757583,8174,11416,359756
5757599,8298,3672,359757
5757615,8053,349,359758
5757631,8062,4325,359759
5757647,8147,12140,359760
5757663,8174,16316,359761
5757679,8314,12765,359762
5757695,8096,5034,359763
5757711,8076,371,359764
5757727,8215,2343,359765
5757743,8262,10652,359766
5757759,8282,16140,359767
5757775,8262,14562,359768
5757791,8084,7407,359769
5757807,8116,668,359770
5757823,8016,1355,359771
5757839,7869,8161,359772
5757855,8214,15112,359773
5757871,8090,15645,359774
5757887,7961,8969,359775
5757903,8425,1835,359776
5757919,7996,327,359777
5757935,8102,6124,359778
5757951,8259,14020,359779
5757967,8071,16293,359780
5757983,8176,11401,359781
5757999,8323,3635,359782
5758015,7955,304,359783
5758031,8113,4287,359784
5758047,8033,12109,359785
5758063,7996,16341,359786
5758079,8182,12746,359787
5758095,8100,5025,359788
5758111,8205,356,359789
5758127,8223,2343,359790
5758143,8285,10635,359791
5758159,8341,16128,359792
5758175,8175,14606,359793
5758191,8273,7421,359794
5758207,8308,814,359795
5758223,8142,1350,359796
5758239,8045,8195,359797
5758255,8069,15050,359798
5758271,7926,15588,359799
5758287,8039,8982,359800
5758303,7993,1820,359801
5758319,7922,294,359802
5758335,8321,6079,359803
5758351,8225,14037,359804
5758367,8123,16292,359805
5758383,8435,11342,359806
5758399,8075,3590,359807
5758415,8090,357,359808
5758431,8347,4333,359809
5758447,8153,12072,359810
5758463,8307,16342,359811
5758479,8138,12736,359812
5758495,8072,5051,359813
5758511,8156,342,359814
5758527,8066,2364,359815
5758543,8203,10688,359816
5758559,8150,16087,359817
5758575,8029,14603,359818
5758591,8291,7394,359819
5758607,8215,641,359820
5758623,8061,1306,359821
5758639,8326,8158,359822
5758655,8124,15022,359823
5758671,8207,15678,359824
5758687,8438,9051,359825
5758703,7927,1807,359826
5758719,8060,308,359827
5758735,8221,6130,359828
5758751,7935,14025,359829
5758767,8225,16284,359830
5758783,8153,11383,359831
5758799,7858,3604,359832
5758815,8361,367,359833
5758831,8115,4324,359834
5758847,8107,12144,359835
5758863,8376,16367,359836
5758879,8109,12730,359837
5758895,8212,5068,359838
5758911,8295,342,359839
5758927,8125,2429,359840
5758943,8168,10652,359841
5758959,8219,16133,359842
5758975,7951,14555,359843
5758991,8158,7406,359844
5759007,8120,654,359845
5759023,8094,1343,359846
5759039,8346,8210,359847
5759055,8163,15060,359848
5759071,8296,15622,359849
5759087,8223,9014,359850
5759103,8020,1838,359851
5759119,8191,341,359852
5759135,8223,6109,359853
5759151,7947,14033,359854
5759167,8124,16270,359855
5759183,8112,11366,359856
5759199,8082,3654,359857
5759215,8235,321,359858
5759231,8103,4323,359859
5759247,7995,12033,359860
5759263,8172,16329,359861
5759279,8076,12822,359862
5759295,8150,5016,359863
5759311,8303,390,359864
5759327,7948,2368,359865
5759343,8190,10631,359866
5759359,8193,16132,359867
5759375,8138,14565,359868
5759391,7939,7422,359869
5759407,8051,661,359870
5759423,8062,1374,359871
5759439,7937,8230,359872
5759455,8139,15067,359873
5759471,8082,15610,359874
5759487,7979,8982,359875
5759503,8382,1867,359876
5759519,8108,329,359877
5759535,8144,6181,359878
5759551,8430,14084,359879
5759567,8230,16342,359880
5759583,8107,11380,359881
5759599,8236,3621,359882
5759615,7978,333,359883
5759631,8009,4580,359884
5759647,8151,12066,359885
5759663,7874,16173,359886
5759679,8039,12726,359887
5759695,8297,5073,359888
5759711,8024,306,359889
5759727,8290,2327,359890
5759743,8315,10599,359891
5759759,8192,16105,359892
5759775,8413,14577,359893
5759791,8128,7395,359894
5759807,8184,716,359895
5759823,8375,1336,359896
5759839,8004,8285,359897
5759855,8268,15114,359898
5759871,8088,15667,359899
5759887,7863,9044,359900
5759903,8251,1825,359901
5759919,8128,343,359902
5759935,8019,6135,359903
5759951,8322,14024,359904
5759967,8145,16296,359905
5759983,8114,11383,359906
5759999,8234,3647,359907
5760015,7869,323,359908
5760031,8066,4296,359909
5760047,8033,12044,359910
5760063,8121,16222,359911
5760079,8215,12830,359912
5760095,7995,5031,359913
5760111,7920,298,359914
5760127,8349,2396,359915
5760143,8115,10612,359916
5760159,8065,16107,359917
5760175,8277,14571,359918
5760191,8096,7376,359919
5760207,8224,703,359920
5760223,8168,1321,359921
5760239,8121,8248,359922
5760255,8196,15087,359923
5760271,8241,15615,359924
5760287,7900,8987,359925
5760303,8255,1876,359926
5760319,8027,337,359927
5760335,8106,6186,359928
5760351,8122,13972,359929
5760367,8124,16335,359930
5760383,8142,11357,359931
5760399,8115,3621,359932
5760415,8126,368,359933
5760431,8292,4309,359934
5760447,8229,12097,359935
5760463,8125,16309,359936
5760479,8115,12792,359937
5760495,8178,5098,359938
5760511,8123,345,359939
5760527,8029,2439,359940
5760543,8181,10581,359941
5760559,8067,16086,359942
5760575,8151,14600,359943
5760591,8294,7356,359944
5760607,8131,657,359945
5760623,8111,1340,359946
5760639,8242,8195,359947
5760655,8223,15067,359948
5760671,8195,15569,359949
5760687,8220,9022,359950
5760703,8095,1835,359951
5760719,8036,386,359952
5760735,8166,6100,359953
5760751,8042,13980,359954
5760767,8223,16339,359955
5760783,8176,11413,359956
5760799,8030,3590,359957
5760815,8353,344,359958
5760831,8089,4328,359959
5760847,8045,12044,359960
5760863,8408,16237,359961
5760879,8210,12817,359962
5760895,8134,5022,359963
5760911,8287,362,359964
5760927,8188,2388,359965
5760943,8213,10590,359966
5760959,8095,16139,359967
5760975,7982,14553,359968
5760991,8088,7440,359969
5761007,7976,562,359970
5761023,7889,1334,359971
5761039,8234,8258,359972
5761055,8162,15035,359973
5761071,8206,15610,359974
5761087,8471,9046,359975
5761103,8140,1882,359976
5761119,8424,383,359977
5761135,8317,6163,359978
5761151,8010,14049,359979
5761167,8171,16251,359980
5761183,8055,11350,359981
5761199,7896,3632,359982
5761215,8149,346,359983
5761231,8078,4356,359984
5761247,8012,12070,359985
5761263,8285,16236,359986
5761279,8014,12768,359987
5761295,8119,5071,359988
5761311,8283,355,359989
5761327,7947,2415,359990
5761343,8132,10637,359991
5761359,8102,16062,359992
5761375,8085,14573,359993
5761391,8257,7411,359994
5761407,8178,709,359995
5761423,8053,1296,359996
5761439,8245,8182,359997
5761455,8147,15034,359998
5761471,8264,15602,359999
5761487,8148,8999,360000
5761503,8106,1773,360001
5761519,8219,321,360002
5761535,8126,6136,360003
5761551,8135,14075,360004
5761567,8262,16319,360005
5761583,8019,11363,360006
5761599,8283,3680,360007
5761615,8231,322,360008
5761631,7830,4319,360009
5761647,8241,12124,360010
5761663,8009,16267,360011
5761679,7956,12734,360012
5761695,8155,5034,360013
5761711,7912,343,360014
5761727,8133,2419,360015
5761743,8311,10633,360016
5761759,8104,16083,360017
5761775,8240,14567,360018
5761791,8138,7399,360019
5761807,7968,644,360020
5761823,8411,1394,360021
5761839,8071,8283,360022
5761855,7989,15011,360023
5761871,8329,15673,360024
5761887,7868,9013,360025
5761903,8177,1841,360026
5761919,8241,371,360027
5761935,7972,6113,360028
5761951,8412,14054,360029
5761967,8297,16310,360030
5761983,8113,11410,360031
5761999,8444,3584,360032
5762015,8106,361,360033
5762031,8081,4346,360034
5762047,8382,12138,360035
5762063,7846,16230,360036
5762079,8040,12737,360037
5762095,8205,5060,360038
5762111,7940,311,360039
5762127,8239,2390,360040
5762143,8166,10730,360041
5762159,8036,16055,360042
5762175,8282,14584,360043
5762191,8231,7466,360044
5762207,8234,720,360045
5762223,8344,1368,360046
5762239,8141,8274,360047
5762255,8192,15086,360048
5762271,8120,15649,360049
5762287,7858,9029,360050
5762303,8220,1856,360051
5762319,7894,288,360052
5762335,7990,6101,360053
5762351,8225,14042,360054
5762367,8036,16290,360055
5762383,8091,11331,360056
5762399,8292,3648,360057
5762415,8051,335,360058
5762431,8252,4325,360059
5762447,8145,12100,360060
5762463,8088,16335,360061
5762479,8377,12826,360062
5762495,8284,5099,360063
5762511,7915,281,360064
5762527,8256,2409,360065
5762543,8136,10678,360066
5762559,8057,16117,360067
5762575,8176,14520,360068
5762591,8072,7438,360069
5762607,8174,708,360070
5762623,8025,1383,360071
5762639,8018,8209,360072
5762655,8330,15087,360073
5762671,8062,15535,360074
5762687,8124,9023,360075
5762703,8157,1867,360076
5762719,8026,317,360077
5762735,8254,6165,360078
5762751,7988,14011,360079
5762767,8058,16285,360080
5762783,8120,11359,360081
5762799,8043,3678,360082
5762815,8051,357,360083
5762831,8105,4289,360084
5762847,8075,12075,360085
5762863,8190,16241,360086
5762879,8334,12741,360087
5762895,8220,5058,360088
5762911,8403,317,360089
5762927,8215,2371,360090
5762943,8193,10649,360091
5762959,8272,16133,360092
5762975,8151,14604,360093
5762991,8142,7420,360094
5763007,8105,659,360095
5763023,8141,1353,360096
5763039,8093,8241,360097
5763055,8108,15107,360098
5763071,8062,15571,360099
5763087,8344,9051,360100
5763103,8049,1856,360101
5763119,8196,301,360102
5763135,8288,6102,360103
5763151,8066,14058,360104
5763167,8238,16300,360105
5763183,8266,11388,360106
5763199,7929,3582,360107
5763215,8236,254,360108
5763231,8221,4337,360109
5763247,7973,12112,360110
5763263,8276,16246,360111
5763279,8031,12731,360112
5763295,8162,5116,360113
5763311,8358,328,360114
5763327,8144,2405,360115
5763343,8070,10613,360116
5763359,8317,16067,360117
5763375,8029,14532,360118
5763391,8218,7425,360119
5763407,8062,624,360120
5763423,7841,1323,360121
5763439,8168,8214,360122
5763455,8084,15019,360123
5763471,8006,15536,360124
5763487,8218,9022,360125
5763503,8048,1865,360126
5763519,8184,344,360127
5763535,8309,6177,360128
5763551,8053,14027,360129
5763567,8257,16243,360130
5763583,8140,11388,360131
5763599,8061,3639,360132
5763615,8084,265,360133
5763631,8083,4361,360134
5763647,8111,12094,360135
5763663,8159,16305,360136
5763679,7996,12829,360137
5763695,8157,5035,360138
5763711,8238,367,360139
5763727,8149,2381,360140
5763743,8199,10619,360141
5763759,8140,16065,360142
5763775,8257,14588,360143
5763791,8264,7408,360144
5763807,8281,698,360145
5763823,8030,1352,360146
5763839,8133,8210,360147
5763855,8133,15057,360148
5763871,8123,15607,360149
5763887,8130,9055,360150
5763903,8086,1800,360151
5763919,8150,274,360152
5763935,7952,6105,360153
5763951,8221,14005,360154
5763967,8118,16239,360155
5763983,8077,11395,360156
5763999,8214,3659,360157
5764015,8172,352,360158
5764031,8027,4292,360159
5764047,8326,12087,360160
5764063,7956,16262,360161
5764079,8178,12798,360162
5764095,8358,5078,360163
5764111,7835,285,360164
5764127,8160,2372,360165
5764143,8185,10626,360166
5764159,7976,16140,360167
5764175,8172,14570,360168
5764191,8095,7409,360169
5764207,7949,616,360170
5764223,8238,1404,360171
5764239,7934,8174,360172
5764255,8119,15138,360173
5764271,8228,15666,360174
5764287,7821,9007,360175
5764303,8193,1902,360176
5764319,8183,390,360177
5764335,7903,6124,360178
5764351,8270,14046,360179
5764367,8009,16241,360180
5764383,8075,11357,360181
5764399,8351,3645,360182
5764415,8087,233,360183
5764431,8235,4311,360184
5764447,8487,12117,360185
5764463,8025,16316,360186
5764479,8177,12830,360187
5764495,8254,5034,360188
5764511,7869,344,360189
5764527,8188,2390,360190
5764543,8195,10665,360191
5764559,8023,16089,360192
5764575,8219,14596,360193
5764591,8161,7439,360194
5764607,8011,651,360195
5764623,8199,1335,360196
5764639,8042,8170,360197
5764655,8071,15037,360198
5764671,8318,15600,360199
5764687,8133,9059,360200
5764703,8094,1817,360201
5764719,8048,286,360202
5764735,8097,6121,360203
5764751,7997,14047,360204
5764767,8194,16289,360205
5764783,8102,11334,360206
5764799,8181,3648,360207
5764815,8126,365,360208
5764831,8020,4286,360209
5764847,8158,12117,360210
5764863,8066,16313,360211
5764879,8345,12837,360212
5764895,8072,5045,360213
5764911,8077,318,360214
5764927,8228,2372,360215
5764943,8145,10602,360216
5764959,8372,16151,360217
5764975,8016,14572,360218
5764991,8050,7377,360219
5765007,8088,578,360220
5765023,8055,1329,360221
5765039,8120,8208,360222
5765055,8162,15073,360223
5765071,7950,15529,360224
5765087,8332,9017,360225
5765103,8162,1845,360226
5765119,8126,294,360227
5765135,8413,6165,360228
5765151,8152,14059,360229
5765167,8144,16326,360230
5765183,8357,11387,360231
5765199,7852,3631,360232
5765215,8106,264,360233
5765231,8161,4321,360234
5765247,7931,12120,360235
5765263,8145,16246,360236
5765279,8034,12795,360237
5765295,7993,5026,360238
5765311,8421,336,360239
5765327,8077,2362,360240
5765343,8090,10652,360241
5765359,8545,16116,360242
5765375,8012,14534,360243
5765391,8288,7427,360244
5765407,8210,696,360245
5765423,7943,1383,360246
5765439,7963,8185,360247
5765455,8107,15178,360248
5765471,7955,15575,360249
5765487,8109,9021,360250
5765503,8139,1834,360251
5765519,8151,336,360252
5765535,8248,6161,360253
5765551,8107,14022,360254
5765567,8129,16328,360255
5765583,8354,11353,360256
5765599,7959,3535,360257
5765615,8230,280,360258
5765631,8093,4294,360259
5765647,8053,12069,360260
5765663,8215,16217,360261
5765679,7978,12749,360262
5765695,8017,5058,360263
5765711,8318,354,360264
5765727,8032,2371,360265
5765743,8221,10636,360266
5765759,8320,16074,360267
5765775,8055,14530,360268
5765791,8158,7367,360269
5765807,8258,682,360270
5765823,8113,1370,360271
5765839,8145,8152,360272
5765855,8189,15084,360273
5765871,8138,15629,360274
5765887,8157,9040,360275
5765903,7973,1796,360276
5765919,8050,250,360277
5765935,8090,6112,360278
5765951,8207,14082,360279
5765967,8115,16353,360280
5765983,8163,11356,360281
5765999,8254,3579,360282
5766015,8329,358,360283
5766031,8142,4333,360284
5766047,8379,12096,360285
5766063,8256,16362,360286
5766079,8063,12721,360287
5766095,8359,5076,360288
5766111,7876,344,360289
5766127,7929,2396,360290
5766143,8114,10624,360291
5766159,8027,16066,360292
5766175,8189,14658,360293
5766191,8096,7455,360294
5766207,8066,671,360295
5766223,8263,1319,360296
5766239,8150,8233,360297
5766255,8176,15073,360298
5766271,8189,15600,360299
5766287,8085,9027,360300
5766303,8217,1863,360301
5766319,8260,341,360302
5766335,7889,6097,360303
5766351,8145,13996,360304
5766367,8013,16299,360305
5766383,7981,11342,360306
5766399,8249,3606,360307
5766415,8104,347,360308
5766431,8054,4382,360309
5766447,8248,12080,360310
5766463,8144,16178,360311
5766479,8262,12783,360312
5766495,8415,5059,360313
5766511,8017,277,360314
5766527,8187,2424,360315
5766543,8151,10605,360316
5766559,8140,16115,360317
5766575,8138,14605,360318
5766591,8164,7404,360319
5766607,8098,675,360320
5766623,8185,1307,360321
5766639,8201,8231,360322
5766655,8199,15083,360323
5766671,8325,15610,360324
5766687,8228,8993,360325
5766703,8108,1844,360326
5766719,8098,256,360327
5766735,8216,6177,360328
5766751,8255,14050,360329
5766767,8089,16237,360330
5766783,8106,11389,360331
5766799,8110,3641,360332
5766815,7920,296,360333
5766831,8167,4374,360334
5766847,8126,12121,360335
5766863,8082,16254,360336
5766879,8231,12735,360337
5766895,8231,5108,360338
5766911,8127,316,360339
5766927,8300,2388,360340
5766943,8145,10600,360341
5766959,8058,16105,360342
5766975,8185,14605,360343
5766991,7968,7405,360344
5767007,8122,675,360345
5767023,8156,1368,360346
5767039,7966,8235,360347
5767055,8051,15095,360348
5767071,8066,15614,360349
5767087,8084,8973,360350
5767103,8130,1823,360351
5767119,8150,333,360352
5767135,8363,6184,360353
5767151,8145,14032,360354
5767167,8111,16251,360355
5767183,8242,11333,360356
5767199,8008,3635,360357
5767215,8232,334,360358
5767231,8099,4317,360359
5767247,8021,12144,360360
5767263,8039,16226,360361
5767279,8233,12837,360362
5767295,8084,5062,360363
5767311,8283,299,360364
5767327,8280,2362,360365
5767343,8126,10596,360366
5767359,8285,16028,360367
5767375,8224,14600,360368
5767391,8260,7452,360369
5767407,8247,714,360370
5767423,8123,1402,360371
5767439,8180,8154,360372
5767455,8152,15023,360373
5767471,7969,15575,360374
5767487,8063,8980,360375
5767503,8060,1841,360376
5767519,7966,346,360377
5767535,8214,6136,360378
5767551,8146,14025,360379
5767567,8060,16212,360380
5767583,8152,11375,360381
5767599,8037,3612,360382
5767615,8105,387,360383
5767631,8154,4345,360384
5767647,8004,12133,360385
5767663,8205,16286,360386
5767679,8155,12720,360387
5767695,7972,5063,360388
5767711,8161,329,360389
5767727,8098,2397,360390
5767743,8136,10603,360391
5767759,8265,16115,360392
5767775,8111,14567,360393
5767791,8220,7445,360394
5767807,8295,700,360395
5767823,8139,1399,360396
5767839,8256,8234,360397
5767855,8245,15134,360398
5767871,8034,15569,360399
5767887,8083,9034,360400
5767903,8203,1864,360401
5767919,8143,342,360402
5767935,8197,6136,360403
5767951,8213,14016,360404
5767967,8175,16331,360405
5767983,8230,11386,360406
5767999,8212,3657,360407
5768015,8253,288,360408
5768031,8225,4281,360409
5768047,8161,12122,360410
5768063,8245,16293,360411
5768079,8105,12736,360412
5768095,8312,5071,360413
5768111,8160,350,360414
5768127,8151,2355,360415
5768143,8317,10637,360416
5768159,8346,16059,360417
5768175,8255,14616,360418
5768191,8086,7410,360419
5768207,8170,630,360420
5768223,8048,1370,360421
5768239,8139,8194,360422
5768255,8264,15066,360423
5768271,8177,15616,360424
5768287,8318,9007,360425
5768303,8236,1814,360426
5768319,8209,340,360427
5768335,8146,6176,360428
5768351,8031,14002,360429
5768367,8242,16269,360430
5768383,8031,11402,360431
5768399,8173,3634,360432
5768415,8123,362,360433
5768431,7982,4331,360434
5768447,8368,12096,360435
5768463,8195,16307,360436
5768479,8253,12791,360437
5768495,8273,5027,360438
5768511,8059,318,360439
5768527,8264,2436,360440
5768543,8290,10618,360441
5768559,7945,16040,360442
5768575,8262,14582,360443
5768591,8256,7361,360444
5768607,7889,582,360445
5768623,8312,1398,360446
5768639,8125,8178,360447
5768655,7923,15042,360448
5768671,8267,15523,360449
5768687,8186,9031,360450
5768703,8222,1896,360451
5768719,8381,339,360452
5768735,8055,6187,360453
5768751,8194,14079,360454
5768767,8183,16331,360455
5768783,8089,11395,360456
5768799,8313,3681,360457
5768815,7956,375,360458
5768831,8073,4340,360459
5768847,8276,12086,360460
5768863,7983,16316,360461
5768879,8211,12843,360462
5768895,8393,5065,360463
5768911,8102,334,360464
5768927,8289,2413,360465
5768943,8300,10587,360466
5768959,8066,16113,360467
5768975,8287,14603,360468
5768991,8066,7355,360469
5769007,8112,671,360470
5769023,8268,1367,360471
5769039,7973,8278,360472
5769055,8149,15112,360473
5769071,8357,15672,360474
5769087,8151,9041,360475
5769103,8168,1832,360476
5769119,8336,323,360477
5769135,8204,6151,360478
5769151,8213,14088,360479
5769167,8221,16316,360480
5769183,8257,11398,360481
5769199,8213,3624,360482
5769215,8115,285,360483
5769231,8241,4309,360484
5769247,8070,12100,360485
5769263,8062,16256,360486
5769279,8219,12785,360487
5769295,7999,5073,360488
5769311,8322,336,360489
5769327,8228,2353,360490
5769343,7932,10587,360491
5769359,8389,16144,360492
5769375,8279,14599,360493
5769391,8117,7413,360494
5769407,8299,652,360495
5769423,8087,1409,360496
5769439,8107,8271,360497
5769455,8284,15059,360498
5769471,8012,15621,360499
5769487,8235,9000,360500
5769503,8162,1843,360501
5769519,7980,382,360502
5769535,8258,6105,360503
5769551,8210,14024,360504
5769567,8048,16233,360505
5769583,8369,11319,360506
5769599,8163,3646,360507
5769615,8225,360,360508
5769631,8295,4338,360509
5769647,7953,12048,360510
5769663,8163,16383,360511
5769679,8136,12757,360512
5769695,7868,5037,360513
5769711,8184,260,360514
5769727,8106,2400,360515
5769743,7884,10610,360516
5769759,8284,16035,360517
5769775,8044,14562,360518
5769791,8181,7394,360519
5769807,8356,609,360520
5769823,7976,1358,360521
5769839,8386,8168,360522
5769855,8275,15060,360523
5769871,8070,15624,360524
5769887,8084,9026,360525
5769903,8183,1905,360526
5769919,7980,300,360527
5769935,8055,6142,360528
5769951,8082,13989,360529
5769967,8010,16241,360530
5769983,8252,11317,360531
5769999,8021,3654,360532
5770015,8193,290,360533
5770031,8375,4333,360534
5770047,8297,12138,360535
5770063,8173,16206,360536
5770079,8250,12765,360537
5770095,8120,5074,360538
5770111,8208,321,360539
5770127,8082,2353,360540
5770143,8114,10643,360541
5770159,8187,16039,360542
5770175,8075,14571,360543
5770191,8253,7439,360544
5770207,8340,665,360545
5770223,8122,1346,360546
5770239,8206,8217,360547
5770255,8235,15096,360548
5770271,8194,15588,360549
5770287,8065,9017,360550
5770303,8158,1848,360551
5770319,8213,329,360552
5770335,8188,6128,360553
5770351,8171,14036,360554
5770367,8138,16235,360555
5770383,8195,11406,360556
5770399,8124,3636,360557
5770415,8056,322,360558
5770431,8043,4340,360559
5770447,8197,12059,360560
5770463,8191,16300,360561
5770479,8110,12783,360562
5770495,8403,5113,360563
5770511,8094,344,360564
5770527,8315,2396,360565
5770543,8340,10603,360566
5770559,8147,16153,360567
5770575,8114,14556,360568
5770591,8236,7435,360569
5770607,7880,592,360570
5770623,8106,1339,360571
5770639,8025,8188,360572
5770655,7957,15021,360573
5770671,8259,15574,360574
5770687,8236,9027,360575
5770703,8120,1850,360576
5770719,8197,281,360577
5770735,8282,6135,360578
5770751,8123,14011,360579
5770767,8303,16322,360580
5770783,8130,11378,360581
5770799,8216,3679,360582
5770815,8142,365,360583
5770831,8112,4355,360584
5770847,8185,12111,360585
5770863,7965,16310,360586
5770879,8107,12766,360587
5770895,8210,5058,360588
5770911,8099,327,360589
5770927,8275,2391,360590
5770943,8383,10643,360591
5770959,8163,16135,360592
5770975,8351,14643,360593
5770991,8267,7435,360594
5771007,8013,709,360595
5771023,8230,1361,360596
5771039,7989,8208,360597
5771055,8070,15086,360598
5771071,8163,15594,360599
5771087,8047,9073,360600
5771103,7988,1812,360601
5771119,8335,278,360602
5771135,8096,6104,360603
5771151,8193,14014,360604
5771167,8106,16250,360605
5771183,8054,11362,360606
5771199,8096,3631,360607
5771215,8019,314,360608
5771231,8084,4282,360609
5771247,8152,12156,360610
5771263,7975,16335,360611
5771279,8145,12800,360612
5771295,8141,5081,360613
5771311,8039,310,360614
5771327,8257,2375,360615
5771343,8154,10670,360616
5771359,8061,16022,360617
5771375,8175,14589,360618
5771391,7896,7380,360619
5771407,8144,700,360620
5771423,8191,1374,360621
5771439,8112,8221,360622
5771455,8181,15064,360623
5771471,8085,15544,360624
5771487,8097,9041,360625
5771503,8145,1811,360626
5771519,8153,322,360627
5771535,8090,6124,360628
5771551,8120,14053,360629
5771567,8112,16306,360630
5771583,8305,11399,360631
5771599,8118,3613,360632
5771615,8187,379,360633
5771631,8320,4357,360634
5771647,8085,12098,360635
5771663,8213,16305,360636
5771679,8270,12782,360637
5771695,7944,5083,360638
5771711,8174,323,360639
5771727,8043,2418,360640
5771743,7818,10594,360641
5771759,8247,16127,360642
5771775,8105,14587,360643
5771791,7946,7388,360644
5771807,8379,656,360645
5771823,8132,1328,360646
5771839,8242,8238,360647
5771855,8400,15028,360648
5771871,8066,15709,360649
5771887,8211,9063,360650
5771903,8272,1841,360651
5771919,7922,283,360652
5771935,8312,6182,360653
5771951,8096,14044,360654
5771967,7959,16303,360655
5771983,8300,11389,360656
5771999,8072,3657,360657
5772015,8196,346,360658
5772031,8374,4364,360659
5772047,8067,12095,360660
5772063,8300,16327,360661
5772079,8176,12762,360662
5772095,8165,5091,360663
5772111,8248,339,360664
5772127,8098,2404,360665
5772143,8026,10593,360666
5772159,8193,16073,360667
5772175,8138,14584,360668
5772191,8072,7412,360669
5772207,8379,704,360670
5772223,7993,1396,360671
5772239,8144,8210,360672
5772255,8256,15100,360673
5772271,8006,15565,360674
5772287,8355,9045,360675
5772303,8150,1846,360676
5772319,7908,283,360677
5772335,8236,6134,360678
5772351,8149,14013,360679
5772367,8039,16241,360680
5772383,8230,11368,360681
5772399,8185,3628,360682
5772415,8038,265,360683
5772431,8262,4363,360684
5772447,8033,12069,360685
5772463,8260,16250,360686
5772479,8086,12735,360687
5772495,8257,5044,360688
5772511,8253,346,360689
5772527,8108,2421,360690
5772543,8302,10645,360691
5772559,8197,16107,360692
5772575,8048,14574,360693
5772591,8467,7469,360694
5772607,8068,629,360695
5772623,8124,1399,360696
5772639,8185,8199,360697
5772655,7970,15070,360698
5772671,8184,15528,360699
5772687,8109,8984,360700
5772703,8158,1880,360701
5772719,8293,331,360702
5772735,8112,6105,360703
5772751,8085,14012,360704
5772767,8347,16328,360705
5772783,8017,11392,360706
5772799,8183,3636,360707
5772815,8132,288,360708
5772831,7934,4336,360709
5772847,8196,12084,360710
5772863,8189,16338,360711
5772879,8001,12820,360712
5772895,8379,5073,360713
5772911,8104,351,360714
5772927,8106,2370,360715
5772943,8356,10700,360716
5772959,8060,16074,360717
5772975,8263,14586,360718
5772991,8341,7410,360719
5773007,7911,650,360720
5773023,8300,1380,360721
5773039,8178,8214,360722
5773055,7752,15021,360723
5773071,8245,15638,360724
5773087,8052,8997,360725
5773103,8043,1832,360726
5773119,8423,305,360727
5773135,8097,6144,360728
5773151,8116,14011,360729
5773167,8395,16272,360730
5773183,7994,11353,360731
5773199,8162,3629,360732
5773215,8133,281,360733
5773231,8006,4349,360734
5773247,8185,12114,360735
5773263,8116,16218,360736
5773279,7996,12721,360737
5773295,8162,5045,360738
5773311,7948,317,360739
5773327,8082,2361,360740
5773343,8275,10634,360741
5773359,8052,16068,360742
5773375,8304,14542,360743
5773391,8197,7423,360744
5773407,8158,674,360745
5773423,8353,1387,360746
5773439,8072,8155,360747
5773455,7997,15050,360748
5773471,8182,15601,360749
5773487,8016,8999,360750
5773503,7960,1787,360751
5773519,8132,306,360752
5773535,8020,6149,360753
5773551,8133,14012,360754
5773567,8152,16334,360755
5773583,8188,11394,360756
5773599,8075,3579,360757
5773615,8129,396,360758
5773631,8266,4321,360759
5773647,8135,12113,360760
5773663,8271,16299,360761
5773679,8153,12772,360762
5773695,7965,5061,360763
5773711,8036,280,360764
5773727,8178,2401,360765
5773743,8046,10611,360766
5773759,8276,16086,360767
5773775,8092,14550,360768
5773791,8036,7413,360769
5773807,8309,639,360770
5773823,8175,1348,360771
5773839,8180,8190,360772
5773855,8386,15043,360773
5773871,8112,15578,360774
5773887,8108,9014,360775
5773903,8299,1839,360776
5773919,7956,330,360777
5773935,8118,6139,360778
5773951,8024,13994,360779
5773967,7974,16225,360780
5773983,8133,11299,360781
5773999,8064,3590,360782
5774015,8101,357,360783
5774031,8297,4317,360784
5774047,8124,12084,360785
5774063,8199,16331,360786
5774079,8377,12785,360787
5774095,8083,4996,360788
5774111,8233,297,360789
5774127,8142,2395,360790
5774143,8003,10666,360791
5774159,8278,16161,360792
5774175,7997,14563,360793
5774191,8043,7410,360794
5774207,8245,698,360795
5774223,7982,1356,360796
5774239,8031,8255,360797
5774255,8325,15086,360798
5774271,8066,15599,360799
5774287,8270,9029,360800
5774303,8330,1922,360801
5774319,8001,286,360802
5774335,8282,6142,360803
5774351,8119,14030,360804
5774367,7969,16277,360805
5774383,8190,11402,360806
5774399,8036,3613,360807
5774415,8026,381,360808
5774431,8155,4304,360809
5774447,8135,12117,360810
5774463,8164,16247,360811
5774479,8240,12783,360812
5774495,8455,5111,360813
5774511,8229,293,360814
5774527,8207,2438,360815
5774543,8075,10646,360816
5774559,8248,16139,360817
5774575,7967,14540,360818
5774591,8169,7456,360819
5774607,8145,704,360820
5774623,7904,1298,360821
5774639,8151,8190,360822
5774655,8108,15054,360823
5774671,8098,15619,360824
5774687,8198,9008,360825
5774703,8031,1808,360826
5774719,8070,268,360827
5774735,8208,6122,360828
5774751,8046,14041,360829
5774767,8207,16249,360830
5774783,8146,11357,360831
5774799,8055,3588,360832
5774815,8270,342,360833
5774831,8005,4335,360834
5774847,7969,12064,360835
5774863,8003,16238,360836
5774879,7934,12742,360837
5774895,8162,5056,360838
5774911,8020,328,360839
5774927,8144,2383,360840
5774943,8363,10645,360841
5774959,8194,16096,360842
5774975,8149,14560,360843
5774991,8380,7427,360844
5775007,7939,617,360845
5775023,8162,1341,360846
5775039,8143,8173,360847
5775055,7761,14991,360848
5775071,8115,15623,360849
5775087,8001,8996,360850
5775103,7840,1791,360851
5775119,8149,296,360852
5775135,8138,6129,360853
5775151,8209,14042,360854
5775167,8230,16259,360855
5775183,8109,11363,360856
5775199,8259,3641,360857
5775215,8382,380,360858
5775231,8084,4318,360859
5775247,8184,12043,360860
5775263,8214,16270,360861
5775279,8031,12798,360862
5775295,8106,5059,360863
5775311,8145,334,360864
5775327,8064,2359,360865
5775343,8202,10591,360866
5775359,8058,16046,360867
5775375,8122,14622,360868
5775391,8226,7398,360869
5775407,8166,673,360870
5775423,8317,1365,360871
5775439,8185,8230,360872
5775455,8000,15003,360873
5775471,8261,15635,360874
5775487,8033,9025,360875
5775503,8084,1859,360876
5775519,8144,320,360877
5775535,8093,6169,360878
5775551,8163,14132,360879
5775567,8154,16303,360880
5775583,8183,11361,360881
5775599,8274,3636,360882
5775615,8247,386,360883
5775631,8062,4304,360884
5775647,8215,12059,360885
5775663,8215,16235,360886
5775679,8058,12785,360887
5775695,8173,5082,360888
5775711,8095,322,360889
5775727,8154,2388,360890
5775743,7964,10636,360891
5775759,8048,16092,360892
5775775,7962,14530,360893
5775791,8199,7465,360894
5775807,8258,645,360895
5775823,8208,1389,360896
5775839,8110,8177,360897
5775855,8213,15021,360898
5775871,8253,15642,360899
5775887,8133,9049,360900
5775903,8244,1845,360901
5775919,8079,301,360902
5775935,8025,6096,360903
5775951,8189,13999,360904
5775967,8165,16326,360905
5775983,8171,11378,360906
5775999,8278,3620,360907
5776015,8063,367,360908
5776031,8209,4338,360909
5776047,8119,12043,360910
5776063,8108,16229,360911
5776079,8349,12791,360912
5776095,8136,5054,360913
5776111,8293,335,360914
5776127,8214,2414,360915
5776143,7959,10591,360916
5776159,8134,16102,360917
5776175,8320,14606,360918
5776191,8003,7424,360919
5776207,8116,661,360920
5776223,8138,1382,360921
5776239,7975,8199,360922
5776255,8362,15076,360923
5776271,8154,15653,360924
5776287,8192,9020,360925
5776303,8436,1879,360926
5776319,8041,322,360927
5776335,8329,6186,360928
5776351,8325,14062,360929
5776367,7931,16281,360930
5776383,8187,11327,360931
5776399,8056,3665,360932
5776415,7914,308,360933
5776431,8326,4378,360934
5776447,8003,12109,360935
5776463,8071,16259,360936
5776479,8289,12733,360937
5776495,8173,5083,360938
5776511,8153,341,360939
5776527,8343,2394,360940
5776543,8122,10662,360941
5776559,8320,16100,360942
5776575,8056,14581,360943
5776591,7969,7410,360944
5776607,8342,618,360945
5776623,7956,1358,360946
5776639,8149,8220,360947
5776655,8065,15025,360948
5776671,7985,15608,360949
5776687,8243,8986,360950
5776703,8194,1856,360951
5776719,8052,311,360952
5776735,8280,6145,360953
5776751,8118,14073,360954
5776767,8085,16313,360955
5776783,8226,11355,360956
5776799,8095,3645,360957
5776815,8189,300,360958
5776831,8083,4282,360959
5776847,7886,12083,360960
5776863,8176,16331,360961
5776879,7945,12725,360962
5776895,8099,5087,360963
5776911,8175,278,360964
5776927,7973,2351,360965
5776943,8340,10667,360966
5776959,8194,16139,360967
5776975,8167,14654,360968
5776991,8303,7420,360969
5777007,7998,660,360970
5777023,8260,1373,360971
5777039,8384,8174,360972
5777055,7971,15081,360973
5777071,8214,15628,360974
5777087,8181,9041,360975
5777103,7907,1863,360976
5777119,8065,254,360977
5777135,7989,6135,360978
5777151,7999,14036,360979
5777167,8373,16285,360980
5777183,8259,11365,360981
5777199,8128,3609,360982
5777215,8425,367,360983
5777231,8184,4386,360984
5777247,8230,12109,360985
5777263,8353,16239,360986
5777279,7951,12799,360987
5777295,8234,5080,360988
5777311,8157,392,360989
5777327,7883,2341,360990
5777343,8262,10589,360991
5777359,8075,16099,360992
5777375,8079,14573,360993
5777391,8238,7366,360994
5777407,8049,598,360995
5777423,8298,1361,360996
5777439,8304,8206,360997
5777455,8120,15039,360998
5777471,8370,15579,360999
5777487,8216,9034,361000
5777503,8032,1874,361001
5777519,8140,348,361002
5777535,8045,6093,361003
5777551,7986,13999,361004
5777567,8298,16327,361005
5777583,8156,11345,361006
5777599,8002,3635,361007
5777615,8271,262,361008
5777631,8150,4338,361009
5777647,8214,12192,361010
5777663,8329,16296,361011
5777679,8137,12840,361012
5777695,8133,5012,361013
5777711,8217,266,361014
5777727,8013,2359,361015
5777743,8020,10569,361016
5777759,8114,16083,361017
5777775,8112,14592,361018
5777791,8272,7398,361019
5777807,8257,670,361020
5777823,8101,1347,361021
5777839,8189,8224,361022
5777855,8289,15056,361023
5777871,8314,15600,361024
5777887,8221,8993,361025
5777903,8188,1825,361026
5777919,8160,324,361027
5777935,8101,6100,361028
5777951,8229,13983,361029
5777967,8077,16195,361030
5777983,8119,11397,361031
5777999,8181,3687,361032
5778015,8211,333,361033
5778031,8125,4342,361034
5778047,8068,12045,361035
5778063,8119,16247,361036
5778079,8222,12780,361037
5778095,8064,5012,361038
5778111,8113,318,361039
5778127,8207,2367,361040
5778143,7947,10623,361041
5778159,8305,16138,361042
5778175,8114,14530,361043
5778191,7908,7386,361044
5778207,8136,621,361045
5778223,8005,1352,361046
5778239,7925,8174,361047
5778255,8203,15109,361048
5778271,8027,15609,361049
5778287,8127,8985,361050
5778303,8433,1870,361051
5778319,8148,304,361052
5778335,8204,6142,361053
5778351,8436,14100,361054
5778367,7946,16338,361055
5778383,8233,11329,361056
5778399,8273,3701,361057
5778415,7931,319,361058
5778431,8239,4319,361059
5778447,8034,12083,361060
5778463,7897,16246,361061
5778479,8317,12736,361062
5778495,8038,5050,361063
5778511,8138,291,361064
5778527,8437,2352,361065
5778543,8068,10600,361066
5778559,8255,16068,361067
5778575,8328,14610,361068
5778591,7948,7362,361069
5778607,8217,633,361070
5778623,8101,1353,361071
5778639,8113,8225,361072
5778655,8062,15033,361073
5778671,7905,15614,361074
5778687,7891,8986,361075
5778703,8257,1848,361076
5778719,8083,327,361077
5778735,8146,6015,361078
5778751,8339,14044,361079
5778767,8074,16312,361080
5778783,8315,11389,361081
5778799,8120,3612,361082
5778815,8018,327,361083
5778831,8166,4306,361084
5778847,8132,12123,361085
5778863,8164,16333,361086
5778879,8355,12744,361087
5778895,7956,4999,361088
5778911,8042,344,361089
5778927,8176,2434,361090
5778943,8168,10602,361091
5778959,8164,16029,361092
5778975,8038,14587,361093
5778991,8299,7414,361094
5779007,8182,629,361095
5779023,7987,1342,361096
5779039,8205,8199,361097
5779055,8022,15068,361098
5779071,8077,15577,361099
5779087,8210,9038,361100
5779103,8012,1889,361101
5779119,8026,344,361102
5779135,8056,6129,361103
5779151,7950,14039,361104
5779167,8207,16275,361105
5779183,8148,11444,361106
5779199,8133,3666,361107
5779215,8275,277,361108
5779231,8093,4327,361109
5779247,8210,12154,361110
5779263,8261,16241,361111
5779279,7938,12709,361112
5779295,8116,5089,361113
5779311,8051,345,361114
5779327,7847,2365,361115
5779343,8213,10628,361116
5779359,7993,16073,361117
5779375,8016,14562,361118
5779391,8260,7394,361119
5779407,8214,650,361120
5779423,8162,1377,361121
5779439,8380,8217,361122
5779455,8141,15041,361123
5779471,8279,15571,361124
5779487,8321,8999,361125
5779503,7948,1806,361126
5779519,8167,388,361127
5779535,8145,6163,361128
5779551,7972,14046,361129
5779567,8134,16365,361130
5779583,7950,11309,361131
5779599,7896,3668,361132
5779615,8286,346,361133
5779631,8140,4303,361134
5779647,8181,12087,361135
5779663,8187,16298,361136
5779679,8067,12761,361137
5779695,8310,5080,361138
5779711,8217,301,361139
5779727,8025,2383,361140
5779743,8120,10627,361141
5779759,8200,16122,361142
5779775,8013,14597,361143
5779791,8042,7328,361144
5779807,7966,615,361145
5779823,8225,1353,361146
5779839,8230,8239,361147
5779855,8066,15023,361148
5779871,8386,15684,361149
5779887,8205,9033,361150
5779903,8213,1843,361151
5779919,8256,342,361152
5779935,8042,6158,361153
5779951,8097,14109,361154
5779967,8219,16329,361155
5779983,7919,11360,361156
5779999,8091,3576,361157
5780015,8239,298,361158
5780031,8080,4352,361159
5780047,8119,12084,361160
5780063,8157,16280,361161
5780079,8163,12777,361162
5780095,8354,5111,361163
5780111,8301,355,361164
5780127,8083,2390,361165
5780143,8221,10693,361166
5780159,8243,16145,361167
5780175,8183,14548,361168
5780191,8162,7496,361169
5780207,8117,630,361170
5780223,8178,1325,361171
5780239,8068,8204,361172
5780255,8251,15036,361173
5780271,8188,15636,361174
5780287,7940,9009,361175
5780303,8256,1899,361176
5780319,8111,305,361177
5780335,8134,6118,361178
5780351,8307,14012,361179
5780367,8025,16279,361180
5780383,8287,11404,361181
5780399,8274,3715,361182
5780415,8055,303,361183
5780431,8107,4305,361184
5780447,8298,12110,361185
5780463,8000,16262,361186
5780479,8090,12756,361187
5780495,8199,5084,361188
5780511,8052,362,361189
5780527,8318,2410,361190
5780543,8241,10653,361191
5780559,8162,16072,361192
5780575,8270,14599,361193
5780591,8008,7360,361194
5780607,8401,705,361195
5780623,8227,1329,361196
5780639,8000,8202,361197
5780655,8238,15133,361198
5780671,8093,15636,361199
5780687,7903,8981,361200
5780703,8282,1904,361201
5780719,7900,355,361202
5780735,8042,6164,361203
5780751,8400,14093,361204
5780767,8022,16231,361205
5780783,8405,11396,361206
5780799,8156,3625,361207
5780815,7950,312,361208
5780831,8274,4323,361209
5780847,8142,12048,361210
5780863,7897,16276,361211
5780879,8210,12838,361212
5780895,7973,5007,361213
5780911,8025,295,361214
5780927,8226,2433,361215
5780943,8105,10646,361216
5780959,8131,16139,361217
5780975,8229,14577,361218
5780991,8131,7427,361219
5781007,8337,667,361220
5781023,8177,1371,361221
5781039,8065,8254,361222
5781055,8063,15097,361223
5781071,7992,15652,361224
5781087,8205,9048,361225
5781103,8045,1826,361226
5781119,7954,380,361227
5781135,8167,6105,361228
5781151,8000,14038,361229
5781167,7994,16314,361230
5781183,8108,11382,361231
5781199,8140,3617,361232
5781215,8155,317,361233
5781231,8180,4362,361234
5781247,8122,12094,361235
5781263,8194,16348,361236
5781279,8235,12839,361237
5781295,8146,5061,361238
5781311,8047,260,361239
5781327,8131,2412,361240
5781343,8140,10634,361241
5781359,8092,16110,361242
5781375,8081,14607,361243
5781391,8200,7398,361244
5781407,8123,689,361245
5781423,8140,1325,361246
5781439,8399,8177,361247
5781455,8160,15060,361248
5781471,8297,15600,361249
5781487,8290,9017,361250
5781503,8083,1850,361251
5781519,8341,334,361252
5781535,8177,6123,361253
5781551,7897,14050,361254
5781567,8118,16185,361255
5781583,8221,11351,361256
5781599,7958,3604,361257
5781615,8148,343,361258
5781631,8082,4312,361259
5781647,8146,12114,361260
5781663,8199,16275,361261
5781679,8062,12772,361262
5781695,8325,5087,361263
5781711,8190,296,361264
5781727,8010,2393,361265
5781743,8159,10681,361266
5781759,8298,16130,361267
5781775,8101,14577,361268
5781791,8109,7449,361269
5781807,7852,619,361270
5781823,8041,1385,361271
5781839,8355,8198,361272
5781855,8098,15049,361273
5781871,8288,15665,361274
5781887,8344,9061,361275
5781903,7974,1837,361276
5781919,8329,307,361277
5781935,8203,6097,361278
5781951,7970,13996,361279
5781967,8231,16276,361280
5781983,8057,11389,361281
5781999,7884,3584,361282
5782015,8238,370,361283
5782031,7851,4303,361284
5782047,8088,12136,361285
5782063,8441,16326,361286
5782079,8036,12716,361287
5782095,8307,5117,361288
5782111,8249,361,361289
5782127,8001,2315,361290
5782143,8235,10633,361291
5782159,8113,16099,361292
5782175,8090,14566,361293
5782191,8193,7445,361294
5782207,8062,626,361295
5782223,8069,1374,361296
5782239,8131,8230,361297
5782255,7981,15073,361298
5782271,8104,15596,361299
5782287,8069,8972,361300
5782303,8211,1810,361301
5782319,8251,357,361302
5782335,8186,6177,361303
5782351,8337,14018,361304
5782367,8243,16202,361305
5782383,8209,11394,361306
5782399,8234,3689,361307
5782415,8033,359,361308
5782431,7962,4325,361309
5782447,8208,12125,361310
5782463,7983,16306,361311
5782479,8318,12824,361312
5782495,8185,5079,361313
5782511,8007,370,361314
5782527,8123,2394,361315
5782543,8034,10621,361316
5782559,8247,16038,361317
5782575,8278,14563,361318
5782591,8010,7382,361319
5782607,8270,677,361320
5782623,8351,1353,361321
5782639,8078,8215,361322
5782655,8163,15046,361323
5782671,8129,15589,361324
5782687,7963,8998,361325
5782703,8251,1855,361326
5782719,7884,285,361327
5782735,7995,6133,361328
5782751,8401,14080,361329
5782767,8003,16265,361330
5782783,8151,11382,361331
5782799,8264,3627,361332
5782815,7935,338,361333
5782831,8281,4312,361334
5782847,8253,12068,361335
5782863,7908,16290,361336
5782879,8169,12785,361337
5782895,8069,4993,361338
5782911,7835,325,361339
5782927,8106,2412,361340
5782943,8051,10601,361341
5782959,8075,16080,361342
5782975,8236,14586,361343
5782991,8107,7392,361344
5783007,8042,597,361345
5783023,8126,1329,361346
5783039,8063,8202,361347
5783055,8043,15027,361348
5783071,8070,15610,361349
5783087,7867,8971,361350
5783103,8100,1825,361351
5783119,8090,332,361352
5783135,8072,6171,361353
5783151,8181,14025,361354
5783167,8044,16204,361355
5783183,8218,11412,361356
5783199,8273,3641,361357
5783215,8129,383,361358
5783231,8179,4304,361359
5783247,8220,12084,361360
5783263,8014,16323,361361
5783279,8145,12730,361362
5783295,8076,5025,361363
5783311,7969,274,361364
5783327,8102,2360,361365
5783343,7995,10633,361366
5783359,8025,16081,361367
5783375,8191,14581,361368
5783391,8045,7415,361369
5783407,8108,653,361370
5783423,8096,1379,361371
5783439,8152,8186,361372
5783455,8090,14997,361373
5783471,8128,15662,361374
5783487,8281,9039,361375
5783503,8072,1828,361376
5783519,8102,299,361377
5783535,8293,6161,361378
5783551,7991,14054,361379
5783567,8081,16212,361380
5783583,8306,11389,361381
5783599,7925,3614,361382
5783615,8217,293,361383
5783631,8143,4369,361384
5783647,8002,12088,361385
5783663,8250,16265,361386
5783679,7978,12730,361387
5783695,8124,5078,361388
5783711,8351,340,361389
5783727,8018,2390,361390
5783743,8048,10580,361391
5783759,8088,16063,361392
5783775,7895,14580,361393
5783791,8198,7409,361394
5783807,8032,668,361395
5783823,8025,1391,361396
5783839,8383,8229,361397
5783855,8039,15037,361398
5783871,8079,15592,361399
5783887,8225,8993,361400
5783903,7947,1837,361401
5783919,8231,339,361402
5783935,8291,6140,361403
5783951,8046,14091,361404
5783967,8313,16238,361405
5783983,8096,11371,361406
5783999,7772,3572,361407
5784015,8305,297,361408
5784031,7896,4353,361409
5784047,7819,12055,361410
5784063,8360,16251,361411
5784079,7872,12704,361412
5784095,8260,5062,361413
5784111,8333,346,361414
5784127,7877,2382,361415
5784143,8354,10614,361416
5784159,8238,16140,361417
5784175,8024,14677,361418
5784191,8155,7366,361419
5784207,8015,608,361420
5784223,7867,1351,361421
5784239,8224,8244,361422
5784255,7992,15054,361423
5784271,8083,15578,361424
5784287,8249,9009,361425
5784303,8100,1854,361426
5784319,8169,342,361427
5784335,8181,6140,361428
5784351,8188,14010,361429
5784367,8345,16337,361430
5784383,8117,11366,361431
5784399,8138,3627,361432
5784415,8215,375,361433
5784431,7961,4295,361434
5784447,8042,12101,361435
5784463,8039,16335,361436
5784479,7951,12770,361437
5784495,8153,5036,361438
5784511,8100,288,361439
5784527,8029,2370,361440
5784543,8174,10673,361441
5784559,8221,16090,361442
5784575,8349,14605,361443
5784591,8237,7448,361444
5784607,8176,691,361445
5784623,8376,1423,361446
5784639,8168,8230,361447
5784655,8046,15014,361448
5784671,8341,15631,361449
5784687,8021,9055,361450
5784703,8110,1860,361451
5784719,8042,310,361452
5784735,8039,6150,361453
5784751,8173,14059,361454
5784767,8041,16305,361455
5784783,7956,11421,361456
5784799,8360,3615,361457
5784815,8008,384,361458
5784831,8081,4310,361459
5784847,8365,12118,361460
5784863,8146,16325,361461
5784879,8260,12794,361462
5784895,8256,5043,361463
5784911,7947,290,361464
5784927,8017,2362,361465
5784943,7897,10629,361466
5784959,7821,16059,361467
5784975,8153,14599,361468
5784991,8131,7416,361469
5785007,8110,593,361470
5785023,8218,1330,361471
5785039,8206,8202,361472
5785055,8298,15104,361473
5785071,8346,15653,361474
5785087,8047,9018,361475
5785103,8195,1866,361476
5785119,8041,311,361477
5785135,8046,6135,361478
5785151,7992,14108,361479
5785167,7936,16233,361480
5785183,8139,11414,361481
5785199,8217,3614,361482
5785215,8106,295,361483
5785231,8349,4336,361484
5785247,8218,12045,361485
5785263,8128,16282,361486
5785279,8368,12739,361487
5785295,8256,5084,361488
5785311,7976,320,361489
5785327,8185,2377,361490
5785343,8002,10587,361491
5785359,8016,16115,361492
5785375,8093,14555,361493
5785391,8156,7431,361494
5785407,8082,641,361495
5785423,8221,1378,361496
5785439,8332,8251,361497
5785455,8186,15080,361498
5785471,8187,15683,361499
5785487,8135,9012,361500
5785503,8114,1848,361501
5785519,8014,326,361502
5785535,8235,6160,361503
5785551,7982,13978,361504
5785567,8157,16271,361505
5785583,8138,11342,361506
5785599,8003,3629,361507
5785615,8002,289,361508
5785631,8077,4318,361509
5785647,8017,12113,361510
5785663,8050,16309,361511
5785679,8199,12799,361512
5785695,8115,5065,361513
5785711,8084,502,361514
5785727,8003,2325,361515
5785743,7982,10586,361516
5785759,8216,16076,361517
5785775,7986,14579,361518
5785791,8065,7378,361519
5785807,8191,623,361520
5785823,8018,1332,361521
5785839,8321,8189,361522
5785855,8100,15119,361523
5785871,8022,15612,361524
5785887,8295,9051,361525
5785903,7956,1822,361526
5785919,8066,301,361527
5785935,8245,6101,361528
5785951,8084,14036,361529
5785967,8222,16278,361530
5785983,8245,11384,361531
5785999,7901,3639,361532
5786015,8300,347,361533
5786031,7992,4257,361534
5786047,7920,12060,361535
5786063,8334,16292,361536
5786079,7935,12737,361537
5786095,8032,5027,361538
5786111,8267,355,361539
5786127,7979,2368,361540
5786143,8180,10602,361541
5786159,8239,16118,361542
5786175,7996,14517,361543
5786191,8237,7394,361544
5786207,8251,696,361545
5786223,7875,1308,361546
5786239,8188,8195,361547
5786255,7886,15069,361548
5786271,8001,15589,361549
5786287,8207,9035,361550
5786303,8062,1801,361551
5786319,8071,294,361552
5786335,8189,6105,361553
5786351,8047,14004,361554
5786367,8255,16323,361555
5786383,8266,11401,361556
5786399,8031,3607,361557
5786415,8183,276,361558
5786431,8040,4299,361559
5786447,8026,12065,361560
5786463,8044,16228,361561
5786479,7828,12760,361562
5786495,8090,5059,361563
5786511,7975,301,361564
5786527,8001,2376,361565
5786543,8136,10664,361566
5786559,7959,16096,361567
5786575,8078,14509,361568
5786591,8287,7435,361569
5786607,8032,654,361570
5786623,8077,1414,361571
5786639,8071,8183,361572
5786655,8077,15009,361573
5786671,8151,15687,361574
5786687,7993,9011,361575
5786703,7988,1794,361576
5786719,7998,260,361577
5786735,8079,6114,361578
5786751,8160,14006,361579
5786767,8066,16242,361580
5786783,8012,11369,361581
5786799,8242,3651,361582
5786815,7991,283,361583
5786831,8152,4339,361584
5786847,8300,12129,361585
5786863,8103,16299,361586
5786879,8037,12754,361587
5786895,8277,5057,361588
5786911,8095,375,361589
5786927,8144,2433,361590
5786943,8225,10675,361591
5786959,7968,16075,361592
5786975,8199,14523,361593
5786991,8009,7386,361594
5787007,7900,608,361595
5787023,8244,1392,361596
5787039,8162,8216,361597
5787055,8131,15048,361598
5787071,8267,15623,361599
5787087,7947,8991,361600
5787103,8105,1811,361601
5787119,8209,373,361602
5787135,7957,6102,361603
5787151,8123,14087,361604
5787167,7983,16210,361605
5787183,7909,11356,361606
5787199,8177,3658,361607
5787215,7900,307,361608
5787231,8220,4360,361609
5787247,8276,12087,361610
5787263,8080,16240,361611
5787279,8219,12730,361612
5787295,8234,5065,361613
5787311,7946,312,361614
5787327,8202,2394,361615
5787343,8016,10586,361616
5787359,7874,16069,361617
5787375,7986,14578,361618
5787391,7931,7374,361619
5787407,7902,620,361620
5787423,8112,1348,361621
5787439,7971,8146,361622
5787455,8080,15115,361623
5787471,8286,15650,361624
5787487,8005,9000,361625
5787503,8328,1861,361626
5787519,8225,399,361627
5787535,8131,6110,361628
5787551,8189,14009,361629
5787567,8134,16252,361630
5787583,8174,11399,361631
5787599,8069,3639,361632
5787615,8005,332,361633
5787631,8174,4338,361634
5787647,8038,12087,361635
5787663,8148,16332,361636
5787679,8252,12764,361637
5787695,8218,5106,361638
5787711,8228,312,361639
5787727,8245,2318,361640
5787743,8085,10621,361641
5787759,8176,16112,361642
5787775,8120,14591,361643
5787791,8120,7426,361644
5787807,8141,633,361645
5787823,8068,1363,361646
5787839,8041,8248,361647
5787855,8189,15134,361648
5787871,7995,15604,361649
5787887,8118,8978,361650
5787903,8059,1819,361651
5787919,8178,290,361652
5787935,8204,6066,361653
5787951,8134,14015,361654
5787967,8247,16261,361655
5787983,8330,11393,361656
5787999,8002,3651,361657
5788015,8185,376,361658
5788031,7980,4308,361659
5788047,7799,12148,361660
5788063,8230,16289,361661
5788079,8084,12794,361662
5788095,7869,5146,361663
5788111,8311,256,361664
5788127,7941,2369,361665
5788143,8060,10580,361666
5788159,8327,16067,361667
5788175,8043,14655,361668
5788191,8268,7434,361669
5788207,8260,660,361670
5788223,8025,1340,361671
5788239,8210,8185,361672
5788255,8095,15071,361673
5788271,7925,15573,361674
5788287,8231,9041,361675
5788303,8066,1842,361676
5788319,7876,256,361677
5788335,8169,6146,361678
5788351,8096,14073,361679
5788367,8128,16276,361680
5788383,8264,11410,361681
5788399,7945,3556,361682
5788415,8197,377,361683
5788431,8197,4324,361684
5788447,7939,12125,361685
5788463,8091,16240,361686
5788479,7936,12724,361687
5788495,8043,5115,361688
5788511,8109,345,361689
5788527,7917,2364,361690
5788543,8117,10579,361691
5788559,8155,16129,361692
5788575,8003,14601,361693
5788591,8082,7378,361694
5788607,8131,663,361695
5788623,8028,1357,361696
5788639,8154,8205,361697
5788655,8238,15099,361698
5788671,8006,15521,361699
5788687,8066,8993,361700
5788703,7932,1860,361701
5788719,8188,325,361702
5788735,8189,6112,361703
5788751,8082,14091,361704
5788767,8077,16267,361705
5788783,8009,11362,361706
5788799,8075,3626,361707
5788815,8159,357,361708
5788831,8076,4358,361709
5788847,8167,12125,361710
5788863,8276,16297,361711
5788879,8194,12751,361712
5788895,8133,5046,361713
5788911,7974,353,361714
5788927,7935,2373,361715
5788943,8123,10629,361716
5788959,8078,16100,361717
5788975,8106,14587,361718
5788991,8069,7373,361719
5789007,8002,698,361720
5789023,8127,1363,361721
5789039,8070,8173,361722
5789055,8146,15062,361723
5789071,8299,15668,361724
5789087,8060,8969,361725
5789103,8273,1841,361726
5789119,8141,307,361727
5789135,8022,6137,361728
5789151,8031,14093,361729
5789167,7986,16209,361730
5789183,8072,11431,361731
5789199,7979,3639,361732
5789215,7854,310,361733
5789231,7902,4340,361734
5789247,8185,12092,361735
5789263,8055,16264,361736
5789279,8162,12755,361737
5789295,8208,5048,361738
5789311,7955,370,361739
5789327,8231,2379,361740
5789343,8042,10597,361741
5789359,7923,16094,361742
5789375,8081,14577,361743
5789391,8092,7385,361744
5789407,8004,686,361745
5789423,8121,1360,361746
5789439,7910,8232,361747
5789455,7915,15072,361748
5789471,8130,15594,361749
5789487,7995,9018,361750
5789503,8149,1847,361751
5789519,8360,368,361752
5789535,8119,6152,361753
5789551,7980,13994,361754
5789567,8048,16297,361755
5789583,7899,11332,361756
5789599,8283,3674,361757
5789615,8004,323,361758
5789631,8076,4361,361759
5789647,8218,12116,361760
5789663,8059,16214,361761
5789679,8154,12734,361762
5789695,8180,5060,361763
5789711,8077,309,361764
5789727,8229,2324,361765
5789743,8228,10604,361766
5789759,8111,16092,361767
5789775,8163,14573,361768
5789791,8179,7470,361769
5789807,8100,632,361770
5789823,8249,1389,361771
5789839,8046,8226,361772
5789855,8133,15040,361773
5789871,8078,15580,361774
5789887,8181,9023,361775
5789903,8220,1816,361776
5789919,8227,405,361777
5789935,8099,6128,361778
5789951,8246,14049,361779
5789967,8033,16260,361780
5789983,8222,11341,361781
5789999,7992,3627,361782
5790015,8194,318,361783
5790031,8242,4348,361784
5790047,7908,12073,361785
5790063,8252,16234,361786
5790079,8204,12856,361787
5790095,7963,5114,361788
5790111,8187,297,361789
5790127,8090,2359,361790
5790143,7965,10591,361791
5790159,8350,16104,361792
5790175,8223,14603,361793
5790191,8048,7413,361794
5790207,8158,641,361795
5790223,8031,1364,361796
5790239,8215,8192,361797
5790255,8299,15094,361798
5790271,7969,15627,361799
5790287,8220,9031,361800
5790303,8014,1808,361801
5790319,7850,316,361802
5790335,8120,6117,361803
5790351,8025,14024,361804
5790367,8211,16352,361805
5790383,8301,11355,361806
5790399,7990,3609,361807
5790415,8372,336,361808
5790431,8267,4310,361809
5790447,7961,12163,361810
5790463,8237,16265,361811
5790479,8125,12800,361812
5790495,8053,5117,361813
5790511,8218,362,361814
5790527,7853,2364,361815
5790543,8038,10626,361816
5790559,8284,16131,361817
5790575,7966,14572,361818
5790591,8240,7445,361819
5790607,8236,688,361820
5790623,7998,1328,361821
5790639,8198,8191,361822
5790655,8299,15090,361823
5790671,8003,15570,361824
5790687,8161,8998,361825
5790703,8077,1869,361826
5790719,7922,310,361827
5790735,8057,6134,361828
5790751,8008,14042,361829
5790767,7991,16235,361830
5790783,8123,11367,361831
5790799,8260,3630,361832
5790815,8173,310,361833
5790831,8131,4332,361834
5790847,8231,12087,361835
5790863,8426,16315,361836
5790879,8103,12818,361837
5790895,8154,5055,361838
5790911,8090,337,361839
5790927,8113,2363,361840
5790943,8153,10664,361841
5790959,8033,16091,361842
5790975,8110,14598,361843
5790991,8177,7372,361844
5791007,8115,656,361845
5791023,8072,1374,361846
5791039,8259,8247,361847
5791055,8146,15006,361848
5791071,8242,15664,361849
5791087,8160,9046,361850
5791103,8130,1798,361851
5791119,8122,312,361852
5791135,8102,6148,361853
5791151,8134,14041,361854
5791167,8059,16309,361855
5791183,7953,11321,361856
5791199,8211,3646,361857
5791215,7929,282,361858
5791231,7958,4310,361859
5791247,8133,12074,361860
5791263,8057,16222,361861
5791279,8128,12792,361862
5791295,8268,5055,361863
5791311,7931,281,361864
5791327,8221,2406,361865
5791343,8339,10649,361866
5791359,7932,16090,361867
5791375,8215,14607,361868
5791391,8102,7388,361869
5791407,8028,675,361870
5791423,8269,1383,361871
5791439,8108,8276,361872
5791455,8018,15020,361873
5791471,8179,15587,361874
5791487,8044,9032,361875
5791503,8141,1816,361876
5791519,8373,382,361877
5791535,7984,6150,361878
5791551,8261,14010,361879
5791567,8177,16275,361880
5791583,7976,11349,361881
5791599,8159,3636,361882
5791615,7962,313,361883
5791631,8067,4337,361884
5791647,8103,12094,361885
5791663,7907,16256,361886
5791679,7922,12760,361887
5791695,8272,5034,361888
5791711,7975,337,361889
5791727,8370,2365,361890
5791743,8290,10635,361891
5791759,8019,16111,361892
5791775,8320,14536,361893
5791791,7989,7361,361894
5791807,7973,673,361895
5791823,8329,1409,361896
5791839,7870,8149,361897
5791855,8066,15075,361898
5791871,8131,15588,361899
5791887,7966,9006,361900
5791903,8073,1819,361901
5791919,8174,339,361902
5791935,8141,6105,361903
5791951,8297,14038,361904
5791967,8220,16266,361905
5791983,8161,11364,361906
5791999,8219,3635,361907
5792015,8098,353,361908
5792031,8114,4312,361909
5792047,8099,12135,361910
5792063,7893,16286,361911
5792079,8019,12747,361912
5792095,7984,5037,361913
5792111,8049,322,361914
5792127,8171,2412,361915
5792143,7972,10604,361916
5792159,8108,16097,361917
5792175,8225,14552,361918
5792191,7923,7345,361919
5792207,8265,637,361920
5792223,8023,1385,361921
5792239,7942,8189,361922
5792255,8205,15014,361923
5792271,8011,15611,361924
5792287,8230,9015,361925
5792303,8264,1839,361926
5792319,7897,341,361927
5792335,8086,6091,361928
5792351,8015,13974,361929
5792367,8099,16343,361930
5792383,8214,11371,361931
5792399,7979,3615,361932
5792415,8160,346,361933
5792431,8236,4301,361934
5792447,8114,12105,361935
5792463,8242,16254,361936
5792479,8176,12757,361937
5792495,8027,5082,361938
5792511,8302,367,361939
5792527,8061,2410,361940
5792543,8088,10632,361941
5792559,8386,16143,361942
5792575,7881,14525,361943
5792591,8116,7452,361944
5792607,8311,677,361945
5792623,7981,1355,361946
5792639,8129,8194,361947
5792655,8296,15054,361948
5792671,8077,15621,361949
5792687,8170,8971,361950
5792703,8222,1869,361951
5792719,7894,249,361952
5792735,8163,6100,361953
5792751,7999,14034,361954
5792767,8080,16328,361955
5792783,8143,11333,361956
5792799,8062,3613,361957
5792815,8155,268,361958
5792831,8195,4352,361959
5792847,8152,12133,361960
5792863,8237,16276,361961
5792879,8126,12787,361962
5792895,8240,5081,361963
5792911,8193,336,361964
5792927,8015,2354,361965
5792943,8097,10618,361966
5792959,8209,16144,361967
5792975,7909,14603,361968
5792991,8026,7407,361969
5793007,8053,623,361970
5793023,8059,1332,361971
5793039,8297,8215,361972
5793055,8145,15018,361973
5793071,8123,15610,361974
5793087,8288,9073,361975
5793103,8169,1846,361976
5793119,8043,287,361977
5793135,8097,6131,361978
5793151,8092,14028,361979
5793167,8081,16217,361980
5793183,8208,11443,361981
5793199,8138,3658,361982
5793215,8136,323,361983
5793231,8054,4314,361984
5793247,8132,12069,361985
5793263,7986,16315,361986
5793279,8109,12787,361987
5793295,8144,5064,361988
5793311,8130,368,361989
5793327,8090,2345,361990
5793343,8248,10570,361991
5793359,7956,16048,361992
5793375,8110,14553,361993
5793391,8156,7385,361994
5793407,7898,640,361995
5793423,8040,1346,361996
5793439,8089,8211,361997
5793455,8052,14995,361998
5793471,8212,15688,361999
5793487,7963,9031,362000
5793503,8017,1861,362001
5793519,8308,379,362002
5793535,8067,6124,362003
5793551,8166,14052,362004
5793567,8322,16282,362005
5793583,8160,11365,362006
5793599,8253,3672,362007
5793615,8008,273,362008
5793631,7984,4269,362009
5793647,8305,12112,362010
5793663,8107,16347,362011
5793679,8045,12767,362012
5793695,8300,5060,362013
5793711,8135,333,362014
5793727,8280,2418,362015
5793743,8313,10656,362016
5793759,7974,16119,362017
5793775,8387,14636,362018
5793791,8158,7367,362019
5793807,7830,621,362020
5793823,8293,1366,362021
5793839,8152,8231,362022
5793855,7826,15030,362023
5793871,8147,15653,362024
5793887,7889,9028,362025
5793903,8000,1821,362026
5793919,8144,344,362027
5793935,7956,6068,362028
5793951,8210,14014,362029
5793967,8298,16367,362030
5793983,8052,11358,362031
5793999,8293,3643,362032
5794015,8158,357,362033
5794031,8060,4344,362034
5794047,8136,12145,362035
5794063,8037,16205,362036
5794079,7963,12724,362037
5794095,8068,5029,362038
5794111,8047,293,362039
5794127,8240,2372,362040
5794143,8048,10597,362041
5794159,8207,16149,362042
5794175,8157,14541,362043
5794191,8185,7415,362044
5794207,8134,649,362045
5794223,8196,1368,362046
5794239,8034,8228,362047
5794255,8270,15048,362048
5794271,8182,15657,362049
5794287,8129,9060,362050
5794303,8224,1859,362051
5794319,8079,349,362052
5794335,8127,6100,362053
5794351,8206,14087,362054
5794367,8070,16265,362055
5794383,8158,11353,362056
5794399,8095,3626,362057
5794415,8057,385,362058
5794431,8228,4332,362059
5794447,8076,12039,362060
5794463,8206,16246,362061
5794479,8182,12751,362062
5794495,8117,5052,362063
5794511,8338,351,362064
5794527,8120,2403,362065
5794543,7965,10610,362066
5794559,8204,16074,362067
5794575,8136,14626,362068
5794591,7962,7402,362069
5794607,8330,666,362070
5794623,7922,1382,362071
5794639,8061,8164,362072
5794655,8220,15074,362073
5794671,8054,15554,362074
5794687,8338,9000,362075
5794703,8293,1857,362076
5794719,7833,286,362077
5794735,8274,6094,362078
5794751,8011,14019,362079
5794767,7813,16242,362080
5794783,8102,11374,362081
5794799,8055,3632,362082
5794815,8098,288,362083
5794831,8166,4305,362084
5794847,8121,12048,362085
5794863,8303,16303,362086
5794879,8357,12818,362087
5794895,8160,4999,362088
5794911,8416,374,362089
5794927,8189,2429,362090
5794943,8102,10579,362091
5794959,8181,16160,362092
5794975,7907,14532,362093
5794991,8164,7428,362094
5795007,8176,686,362095
5795023,8048,1357,362096
5795039,8110,8214,362097
5795055,8176,15100,362098
5795071,8122,15659,362099
5795087,8268,9034,362100
5795103,8104,1875,362101
5795119,8103,289,362102
5795135,8318,6122,362103
5795151,8068,14029,362104
5795167,8060,16244,362105
5795183,8107,11369,362106
5795199,8044,3646,362107
5795215,8174,328,362108
5795231,8034,4293,362109
5795247,8104,12143,362110
5795263,8149,16254,362111
5795279,8157,12755,362112
5795295,8123,5032,362113
5795311,8255,334,362114
5795327,8170,2391,362115
5795343,8172,10622,362116
5795359,8245,16126,362117
5795375,8088,14600,362118
5795391,8131,7381,362119
5795407,7969,620,362120
5795423,8116,1362,362121
5795439,8105,8198,362122
5795455,7917,15079,362123
5795471,8172,15609,362124
5795487,8079,8997,362125
5795503,7946,1860,362126
5795519,8223,307,362127
5795535,8183,6093,362128
5795551,8106,14092,362129
5795567,8293,16286,362130
5795583,8242,11399,362131
5795599,8221,3672,362132
5795615,8268,322,362133
5795631,8040,4335,362134
5795647,8162,12089,362135
5795663,8063,16342,362136
5795679,7922,12772,362137
5795695,8235,5033,362138
5795711,8007,302,362139
5795727,7938,2330,362140
5795743,8419,10649,362141
5795759,8091,16124,362142
5795775,8213,14554,362143
5795791,8342,7463,362144
5795807,8128,664,362145
5795823,8158,1330,362146
5795839,8065,8219,362147
5795855,7978,15045,362148
5795871,8324,15616,362149
5795887,8004,9046,362150
5795903,7948,1835,362151
5795919,8185,293,362152
5795935,7836,6095,362153
5795951,8079,14038,362154
5795967,8186,16195,362155
5795983,8021,11373,362156
5795999,8221,3587,362157
5796015,8307,351,362158
5796031,8134,4359,362159
5796047,8256,12097,362160
5796063,8208,16363,362161
5796079,8107,12787,362162
5796095,8140,5042,362163
5796111,8017,264,362164
5796127,8210,2433,362165
5796143,8131,10657,362166
5796159,8148,16176,362167
5796175,8108,14585,362168
5796191,8069,7423,362169
5796207,8084,646,362170
5796223,8249,1356,362171
5796239,8102,8255,362172
5796255,8128,14987,362173
5796271,8296,15684,362174
5796287,7994,9031,362175
5796303,8179,1787,362176
5796319,8154,296,362177
5796335,8003,6145,362178
5796351,8144,14028,362179
5796367,8242,16286,362180
5796383,8113,11351,362181
5796399,8206,3635,362182
5796415,8086,345,362183
5796431,8104,4362,362184
5796447,8122,12058,362185
5796463,8111,16249,362186
5796479,8174,12779,362187
5796495,8036,5031,362188
5796511,8061,290,362189
5796527,8145,2361,362190
5796543,7978,10613,362191
5796559,8062,16112,362192
5796575,8092,14573,362193
5796591,8077,7419,362194
5796607,8054,631,362195
5796623,8094,1321,362196
5796639,8089,8194,362197
5796655,8245,15030,362198
5796671,8150,15595,362199
5796687,8178,9015,362200
5796703,8336,1840,362201
5796719,8220,316,362202
5796735,8065,6071,362203
5796751,8256,14050,362204
5796767,7999,16254,362205
5796783,8191,11330,362206
5796799,8123,3633,362207
5796815,8082,306,362208
5796831,8233,4354,362209
5796847,7990,12125,362210
5796863,8100,16289,362211
5796879,8214,12777,362212
5796895,8007,5012,362213
5796911,8184,331,362214
5796927,8073,2402,362215
5796943,8155,10624,362216
5796959,8303,16093,362217
5796975,8015,14530,362218
5796991,8043,7427,362219
5797007,8150,664,362220
5797023,7995,1402,362221
5797039,8019,8211,362222
5797055,8229,15028,362223
5797071,8002,15624,362224
5797087,8123,8987,362225
5797103,8242,1858,362226
5797119,8115,304,362227
5797135,8289,6120,362228
5797151,8188,14078,362229
5797167,8217,16345,362230
5797183,8171,11330,362231
5797199,8157,3612,362232
5797215,8108,297,362233
5797231,8245,4347,362234
5797247,8032,12063,362235
5797263,7970,16309,362236
5797279,8250,12722,362237
5797295,8105,5095,362238
5797311,8057,294,362239
5797327,8098,2343,362240
5797343,8034,10582,362241
5797359,8311,16119,362242
5797375,8020,14546,362243
5797391,8168,7429,362244
5797407,8184,688,362245
5797423,8006,1331,362246
5797439,8155,8257,362247
5797455,7983,15020,362248
5797471,8091,15624,362249
5797487,8213,9020,362250
5797503,8033,1804,362251
5797519,8132,307,362252
5797535,8390,6166,362253
5797551,8117,14012,362254
5797567,8095,16225,362255
5797583,8247,11379,362256
5797599,7968,3614,362257
5797615,8165,304,362258
5797631,8055,4307,362259
5797647,8107,12049,362260
5797663,8075,16285,362261
5797679,7936,12772,362262
5797695,8216,5023,362263
5797711,7964,293,362264
5797727,8095,2379,362265
5797743,8177,10603,362266
5797759,8071,16096,362267
5797775,8145,14571,362268
5797791,8298,7421,362269
5797807,7939,619,362270
5797823,8183,1369,362271
5797839,8294,8249,362272
5797855,7894,15022,362273
5797871,8384,15628,362274
5797887,8143,9021,362275
5797903,8040,1854,362276
5797919,8238,282,362277
5797935,8110,6138,362278
5797951,7989,13989,362279
5797967,8321,16263,362280
5797983,7994,11325,362281
5797999,8220,3620,362282
5798015,8258,371,362283
5798031,7957,4284,362284
5798047,8306,12052,362285
5798063,8233,16333,362286
5798079,7966,12721,362287
5798095,8025,5018,362288
5798111,8011,315,362289
5798127,8055,2406,362290
5798143,7965,10586,362291
5798159,8011,16157,362292
5798175,8013,14498,362293
5798191,8253,7391,362294
5798207,8096,624,362295
5798223,8283,1340,362296
5798239,8190,8194,362297
5798255,8239,15154,362298
5798271,8286,15589,362299
5798287,7935,8966,362300
5798303,7996,1847,362301
5798319,8097,321,362302
5798335,7940,6136,362303
5798351,7985,14035,362304
5798367,8197,16212,362305
5798383,8024,11353,362306
5798399,8207,3572,362307
5798415,8224,334,362308
5798431,8076,4310,362309
5798447,8292,12067,362310
5798463,8301,16328,362311
5798479,8166,12825,362312
5798495,8164,5061,362313
5798511,8138,280,362314
5798527,8116,2411,362315
5798543,8046,10597,362316
5798559,8027,16138,362317
5798575,8027,14633,362318
5798591,8088,7455,362319
5798607,8048,609,362320
5798623,8055,1380,362321
5798639,8127,8189,362322
5798655,8252,15069,362323
5798671,8071,15589,362324
5798687,8074,9051,362325
5798703,8197,1831,362326
5798719,8156,346,362327
5798735,8074,6138,362328
5798751,8192,14098,362329
5798767,8025,16225,362330
5798783,8041,11325,362331
5798799,8021,3622,362332
5798815,8032,341,362333
5798831,8124,4323,362334
5798847,8015,12062,362335
5798863,8219,16313,362336
5798879,8279,12820,362337
5798895,8177,5083,362338
5798911,8369,343,362339
5798927,8197,2346,362340
5798943,8186,10634,362341
5798959,8228,16160,362342
5798975,8278,14609,362343
5798991,8003,7461,362344
5799007,8084,631,362345
5799023,7927,1348,362346
5799039,7900,8211,362347
5799055,8221,15029,362348
5799071,8007,15613,362349
5799087,8139,8968,362350
5799103,8374,1842,362351
5799119,7956,315,362352
5799135,8366,6119,362353
5799151,8427,14081,362354
5799167,8147,16276,362355
5799183,8431,11393,362356
5799199,8200,3668,362357
5799215,7982,286,362358
5799231,8277,4329,362359
5799247,8008,12116,362360
5799263,8035,16310,362361
5799279,8201,12741,362362
5799295,8036,4995,362363
5799311,8266,375,362364
5799327,8370,2381,362365
5799343,8173,10609,362366
5799359,8306,16103,362367
5799375,8266,14552,362368
5799391,8039,7347,362369
5799407,8225,630,362370
5799423,8184,1389,362371
5799439,8086,8430,362372
5799455,8054,15035,362373
5799471,7970,15558,362374
5799487,8228,9036,362375
5799503,8229,1807,362376
5799519,8149,296,362377
5799535,8279,6128,362378
5799551,8216,14080,362379
5799567,8089,16243,362380
5799583,8256,11390,362381
5799599,8129,3623,362382
5799615,8234,332,362383
5799631,8261,4353,362384
5799647,8164,12084,362385
5799663,8179,16284,362386
5799679,8170,12789,362387
5799695,8075,5063,362388
5799711,8133,278,362389
5799727,7997,2369,362390
5799743,8196,10652,362391
5799759,7876,16031,362392
5799775,8110,14561,362393
5799791,8351,7412,362394
5799807,8072,641,362395
5799823,8211,1324,362396
5799839,8210,8255,362397
5799855,8076,15045,362398
5799871,8216,15667,362399
5799887,8197,9060,362400
5799903,7952,1772,362401
5799919,8324,338,362402
5799935,8100,6109,362403
5799951,8032,13988,362404
5799967,8289,16253,362405
5799983,8348,11340,362406
5799999,7852,3555,362407
5800015,8204,360,362408
5800031,8069,4363,362409
5800047,8184,12085,362410
5800063,8336,16231,362411
5800079,8094,12764,362412
5800095,8266,5069,362413
5800111,8236,300,362414
5800127,7925,2342,362415
5800143,8228,10589,362416
5800159,7983,16125,362417
5800175,8024,14595,362418
5800191,8385,7459,362419
5800207,8000,669,362420
5800223,8225,1330,362421
5800239,8305,8183,362422
5800255,8147,15071,362423
5800271,8353,15573,362424
5800287,8261,9046,362425
5800303,7959,1797,362426
5800319,8380,279,362427
5800335,8142,6143,362428
5800351,8077,14102,362429
5800367,8308,16214,362430
5800383,7984,11401,362431
5800399,8086,3615,362432
5800415,8366,393,362433
5800431,8013,4324,362434
5800447,8301,12104,362435
5800463,8223,16222,362436
5800479,8197,12748,362437
5800495,8415,5083,362438
5800511,8096,330,362439
5800527,7987,2366,362440
5800543,8205,10644,362441
5800559,8163,16132,362442
5800575,8167,14603,362443
5800591,8199,7415,362444
5800607,8053,645,362445
5800623,8148,1373,362446
5800639,8179,8156,362447
5800655,8070,15051,362448
5800671,8242,15626,362449
5800687,8084,8977,362450
5800703,8240,1914,362451
5800719,8238,403,362452
5800735,8102,6094,362453
5800751,8076,14053,362454
5800767,8040,16276,362455
5800783,7984,11366,362456
5800799,8224,3661,362457
5800815,8092,266,362458
5800831,8303,4348,362459
5800847,8171,12092,362460
5800863,8142,16287,362461
5800879,8144,12785,362462
5800895,8149,5029,362463
5800911,8252,392,362464
5800927,8304,2385,362465
5800943,8037,10625,362466
5800959,8283,16105,362467
5800975,8274,14610,362468
5800991,8063,7396,362469
5801007,8085,606,362470
5801023,7981,1394,362471
5801039,8073,8236,362472
5801055,8142,15022,362473
5801071,7994,15552,362474
5801087,8022,9029,362475
5801103,8261,1796,362476
5801119,8064,284,362477
5801135,8161,6117,362478
5801151,8276,14018,362479
5801167,8153,16301,362480
5801183,8321,11380,362481
5801199,8250,3670,362482
5801215,8049,331,362483
5801231,8092,4334,362484
5801247,8055,12125,362485
5801263,7912,16268,362486
5801279,8221,12766,362487
5801295,8068,5090,362488
5801311,8125,340,362489
5801327,8317,2356,362490
5801343,8041,10601,362491
5801359,8327,16138,362492
5801375,8124,14623,362493
5801391,8159,7431,362494
5801407,8218,687,362495
