Tiempo_us,ADC_IN_A2,ADC_OUT_A3,Muestra
14101903,8126,15858,881276
14101919,8109,1989,881277
14101935,7936,4602,881278
14101951,8337,7160,881279
14101967,8095,10052,881280
14101983,8149,12617,881281
14101999,8346,15170,881282
14102015,8071,1243,881283
14102031,7926,4099,881284
14102047,8390,6719,881285
14102063,7981,9243,881286
14102079,8031,11797,881287
14102095,8252,14647,881288
14102111,7981,730,881289
14102127,8227,3316,881290
14102143,8258,5920,881291
14102159,8092,8655,881292
14102175,8101,11303,881293
14102191,8098,13790,881294
14102207,8104,5296,881295
14102223,8315,2551,881296
14102239,8095,5395,881297
14102255,8124,8019,881298
14102271,8191,10498,881299
14102287,7937,13099,881300
14102303,8319,15971,881301
14102319,8052,2053,881302
14102335,8193,4596,881303
14102351,8260,7204,881304
14102367,8186,10050,881305
14102383,8200,12629,881306
14102399,8268,15167,881307
14102415,8163,1245,881308
14102431,8100,4039,881309
14102447,8278,6692,881310
14102463,8016,9256,881311
14102479,8056,11799,881312
14102495,8062,14639,881313
14102511,7947,740,881314
14102527,8184,3311,881315
14102543,7956,5883,881316
14102559,8132,8696,881317
14102575,8274,11309,881318
14102591,8116,13868,881319
14102607,8177,5313,881320
14102623,8221,2619,881321
14102639,8048,5358,881322
14102655,8203,7946,881323
14102671,8186,10521,881324
14102687,8018,13172,881325
14102703,8049,15934,881326
14102719,7976,2026,881327
14102735,8135,4568,881328
14102751,8173,7222,881329
14102767,8095,9984,881330
14102783,8285,12620,881331
14102799,8164,15204,881332
14102815,8214,1290,881333
14102831,8371,4124,881334
14102847,8105,6649,881335
14102863,8117,9180,881336
14102879,8196,11812,881337
14102895,8062,14652,881338
14102911,8209,738,881339
14102927,8036,3351,881340
14102943,7951,5912,881341
14102959,8209,8664,881342
14102975,7966,11289,881343
14102991,8163,13909,881344
14103007,8185,5303,881345
14103023,7942,2524,881346
14103039,8151,5394,881347
14103055,8092,7961,881348
14103071,8111,10544,881349
14103087,8173,13054,881350
14103103,8019,16036,881351
14103119,8090,2052,881352
14103135,8279,4585,881353
14103151,7901,7131,881354
14103167,8101,10038,881355
14103183,8219,12642,881356
14103199,7935,15145,881357
14103215,8059,1216,881358
14103231,8326,4163,881359
14103247,8044,6660,881360
14103263,8285,9211,881361
14103279,8289,11815,881362
14103295,7953,14588,881363
14103311,8281,737,881364
14103327,8188,3330,881365
14103343,8007,5869,881366
14103359,8260,8628,881367
14103375,7958,11221,881368
14103391,8029,13854,881369
14103407,8043,5325,881370
14103423,8023,2601,881371
14103439,8230,5383,881372
14103455,8164,7986,881373
14103471,8043,10470,881374
14103487,8200,13067,881375
14103503,8130,15989,881376
14103519,8017,1990,881377
14103535,8301,4601,881378
14103551,8003,7170,881379
14103567,8130,10027,881380
14103583,8040,12588,881381
14103599,7980,15161,881382
14103615,8073,1224,881383
14103631,8160,4135,881384
14103647,7967,6637,881385
14103663,8133,9193,881386
14103679,8170,11855,881387
14103695,8152,14660,881388
14103711,8259,741,881389
14103727,7988,3304,881390
14103743,8213,5929,881391
14103759,8181,8627,881392
14103775,8037,11300,881393
14103791,8030,13889,881394
14103807,8107,5336,881395
14103823,8191,2588,881396
14103839,8123,5402,881397
14103855,8034,7942,881398
14103871,7987,10510,881399
14103887,8128,13105,881400
14103903,8133,15942,881401
14103919,8241,2081,881402
14103935,7993,4604,881403
14103951,8198,7171,881404
14103967,8269,10035,881405
14103983,7998,12568,881406
14103999,8249,15163,881407
14104015,8097,1302,881408
14104031,7908,4072,881409
14104047,8181,6655,881410
14104063,7932,9193,881411
14104079,8037,11807,881412
14104095,8072,14576,881413
14104111,7990,751,881414
14104127,8121,3368,881415
14104143,8260,5922,881416
14104159,7954,8608,881417
14104175,8283,11285,881418
14104191,8246,13886,881419
14104207,8084,5288,881420
14104223,8368,2641,881421
14104239,8114,5332,881422
14104255,8013,7935,881423
14104271,8186,10541,881424
14104287,7947,13096,881425
14104303,8174,15959,881426
14104319,8024,2027,881427
14104335,7933,4580,881428
14104351,8187,7189,881429
14104367,8140,10053,881430
14104383,8004,12564,881431
14104399,8380,15217,881432
14104415,8193,1289,881433
14104431,8103,4072,881434
14104447,8339,6657,881435
14104463,8051,9207,881436
14104479,8048,11907,881437
14104495,8145,14669,881438
14104511,7914,713,881439
14104527,8226,3354,881440
14104543,8065,5914,881441
14104559,7889,8610,881442
14104575,8199,11303,881443
14104591,8188,13843,881444
14104607,8147,5327,881445
14104623,8252,2552,881446
14104639,8027,5395,881447
14104655,8150,7954,881448
14104671,8215,10774,881449
14104687,7961,13032,881450
14104703,8133,15946,881451
14104719,8061,2077,881452
14104735,8077,4597,881453
14104751,8140,7216,881454
14104767,8063,9998,881455
14104783,8106,12535,881456
14104799,8214,15197,881457
14104815,7985,1237,881458
14104831,8216,4070,881459
14104847,8175,6711,881460
14104863,8206,9246,881461
14104879,8230,11851,881462
14104895,8094,14632,881463
14104911,8003,723,881464
14104927,8105,3357,881465
14104943,8068,5904,881466
14104959,8076,8595,881467
14104975,8043,11253,881468
14104991,8062,13878,881469
14105007,8067,5277,881470
14105023,8000,2551,881471
14105039,8101,5342,881472
14105055,8249,7978,881473
14105071,8111,10552,881474
14105087,8167,13081,881475
14105103,8256,15988,881476
14105119,8016,2000,881477
14105135,8262,4630,881478
14105151,8108,7214,881479
14105167,7954,9998,881480
14105183,8147,12537,881481
14105199,7964,15166,881482
14105215,8098,1278,881483
14105231,8227,4101,881484
14105247,7892,6685,881485
14105263,8137,9271,881486
14105279,8227,11797,881487
14105295,8043,14580,881488
14105311,8140,698,881489
14105327,8206,3330,881490
14105343,8011,5888,881491
14105359,8378,8635,881492
14105375,7981,11286,881493
14105391,7979,13871,881494
14105407,8044,5301,881495
14105423,7899,2543,881496
14105439,8098,5427,881497
14105455,8017,7948,881498
14105471,8047,10553,881499
14105487,8195,13086,881500
14105503,8155,15924,881501
14105519,8133,2031,881502
14105535,8293,4590,881503
14105551,8016,7191,881504
14105567,8097,10001,881505
14105583,8222,12593,881506
14105599,7898,15121,881507
14105615,8068,1279,881508
14105631,8106,4139,881509
14105647,7964,6693,881510
14105663,8250,9216,881511
14105679,8091,11828,881512
14105695,7961,14583,881513
14105711,8296,784,881514
14105727,8124,3346,881515
14105743,8153,5902,881516
14105759,8126,8605,881517
14105775,8147,11295,881518
14105791,8107,13862,881519
14105807,8177,5357,881520
14105823,8055,2562,881521
14105839,8150,5425,881522
14105855,8059,7940,881523
14105871,8117,10552,881524
14105887,8078,13075,881525
14105903,8198,15954,881526
14105919,8162,1960,881527
14105935,8134,4603,881528
14105951,8156,7162,881529
14105967,8248,10006,881530
14105983,8116,12586,881531
14105999,8160,15143,881532
14106015,8121,1276,881533
14106031,8038,4082,881534
14106047,8135,6660,881535
14106063,7953,9179,881536
14106079,7964,11771,881537
14106095,8110,14640,881538
14106111,8116,765,881539
14106127,8144,3316,881540
14106143,8278,5890,881541
14106159,8111,8689,881542
14106175,8219,11340,881543
14106191,8293,13899,881544
14106207,8057,5298,881545
14106223,8238,2617,881546
14106239,8085,5397,881547
14106255,8037,7922,881548
14106271,8205,10530,881549
14106287,8035,13116,881550
14106303,8162,15969,881551
14106319,8161,2041,881552
14106335,8051,4661,881553
14106351,8078,7201,881554
14106367,8082,10010,881555
14106383,7969,12566,881556
14106399,8299,15115,881557
14106415,8120,1251,881558
14106431,8208,4120,881559
14106447,8319,6689,881560
14106463,7960,9244,881561
14106479,8064,11801,881562
14106495,8266,14695,881563
14106511,7804,717,881564
14106527,8057,3306,881565
14106543,8100,5904,881566
14106559,7907,8654,881567
14106575,8187,11322,881568
14106591,8217,13855,881569
14106607,8085,5355,881570
14106623,8255,2568,881571
14106639,8167,5355,881572
14106655,8127,7968,881573
14106671,8255,10521,881574
14106687,8032,13029,881575
14106703,8153,15934,881576
14106719,8262,2096,881577
14106735,8014,4643,881578
14106751,8080,7206,881579
14106767,8119,10042,881580
14106783,8008,12600,881581
14106799,8185,15238,881582
14106815,8032,1240,881583
14106831,8061,4087,881584
14106847,8342,6688,881585
14106863,8218,9278,881586
14106879,8249,11831,881587
14106895,8281,14677,881588
14106911,8188,766,881589
14106927,8174,3324,881590
14106943,7985,5855,881591
14106959,8058,8636,881592
14106975,8111,11263,881593
14106991,7994,13896,881594
14107007,8104,5315,881595
14107023,8289,2581,881596
14107039,8162,5414,881597
14107055,8316,7982,881598
14107071,8182,10531,881599
14107087,8200,13114,881600
14107103,8184,15947,881601
14107119,8170,2022,881602
14107135,8176,4666,881603
14107151,8156,7227,881604
14107167,8004,10035,881605
14107183,8297,12640,881606
14107199,7993,15143,881607
14107215,8048,1229,881608
14107231,8111,4123,881609
14107247,8069,6689,881610
14107263,8254,9207,881611
14107279,8162,11839,881612
14107295,8053,14608,881613
14107311,8255,774,881614
14107327,8134,3309,881615
14107343,8090,5907,881616
14107359,8358,8605,881617
14107375,8049,11292,881618
14107391,8063,13880,881619
14107407,8210,5307,881620
14107423,8025,2564,881621
14107439,8049,5388,881622
14107455,8205,7985,881623
14107471,8006,10497,881624
14107487,8229,13153,881625
14107503,8187,15958,881626
14107519,7982,2000,881627
14107535,8443,4569,881628
14107551,8138,7192,881629
14107567,8167,10059,881630
14107583,8305,12573,881631
14107599,8043,15215,881632
14107615,8010,1232,881633
14107631,8053,4124,881634
14107647,7806,6651,881635
14107663,8186,9271,881636
14107679,8091,11810,881637
14107695,7923,14584,881638
14107711,8183,755,881639
14107727,8221,3332,881640
14107743,8056,5893,881641
14107759,8431,8651,881642
14107775,8222,11320,881643
14107791,8140,13881,881644
14107807,8293,5342,881645
14107823,8048,2624,881646
14107839,8055,5409,881647
14107855,8101,7984,881648
14107871,7911,10575,881649
14107887,8160,13086,881650
14107903,8128,16031,881651
14107919,7937,2008,881652
14107935,8199,4607,881653
14107951,8144,7197,881654
14107967,8096,9957,881655
14107983,8153,12543,881656
14107999,8094,15194,881657
14108015,8161,1250,881658
14108031,8234,4137,881659
14108047,8079,6693,881660
14108063,8054,9242,881661
14108079,7949,11813,881662
14108095,8022,14651,881663
14108111,8160,795,881664
14108127,8211,3318,881665
14108143,8203,5923,881666
14108159,8049,8604,881667
14108175,8141,11316,881668
14108191,8296,13875,881669
14108207,7985,5296,881670
14108223,8169,2495,881671
14108239,8142,5364,881672
14108255,8025,7950,881673
14108271,8144,10544,881674
14108287,8170,13133,881675
14108303,8146,15996,881676
14108319,8073,2004,881677
14108335,7959,4585,881678
14108351,8065,7145,881679
14108367,8135,10016,881680
14108383,7975,12592,881681
14108399,8210,15130,881682
14108415,8191,1237,881683
14108431,8229,4137,881684
14108447,8361,6690,881685
14108463,8026,9244,881686
14108479,8083,11847,881687
14108495,8305,14630,881688
14108511,7990,775,881689
14108527,8017,3283,881690
14108543,8277,5918,881691
14108559,7832,8609,881692
14108575,8133,11231,881693
14108591,8227,13802,881694
14108607,7993,5299,881695
14108623,8380,2600,881696
14108639,8305,5410,881697
14108655,8110,7986,881698
14108671,8407,10548,881699
14108687,8106,13087,881700
14108703,8148,15939,881701
14108719,8252,2080,881702
14108735,7955,4593,881703
14108751,8083,7200,881704
14108767,8051,10043,881705
14108783,7941,12616,881706
14108799,8215,15179,881707
14108815,8075,1252,881708
14108831,7999,4079,881709
14108847,8295,6629,881710
14108863,8091,9235,881711
14108879,8117,11857,881712
14108895,8368,14689,881713
14108911,8114,762,881714
14108927,8101,3311,881715
14108943,8161,5929,881716
14108959,7773,8608,881717
14108975,8169,11245,881718
14108991,8099,13892,881719
14109007,7936,5296,881720
14109023,8190,2592,881721
14109039,8237,5408,881722
14109055,8122,7966,881723
14109071,8326,10500,881724
14109087,8074,13072,881725
14109103,8311,15913,881726
14109119,8222,2030,881727
14109135,7995,4565,881728
14109151,8159,7192,881729
14109167,8294,10051,881730
14109183,8120,12595,881731
14109199,8073,15181,881732
14109215,7986,1258,881733
14109231,8152,4124,881734
14109247,8039,6690,881735
14109263,8152,9216,881736
14109279,8216,11832,881737
14109295,8191,14688,881738
14109311,8133,757,881739
14109327,8249,3283,881740
14109343,8039,5859,881741
14109359,8130,8643,881742
14109375,8071,11234,881743
14109391,8163,13917,881744
14109407,8168,5327,881745
14109423,8022,2555,881746
14109439,7875,5372,881747
14109455,8199,8008,881748
14109471,8088,10544,881749
14109487,8098,13185,881750
14109503,8211,15961,881751
14109519,8084,2043,881752
14109535,8263,4644,881753
14109551,8228,7172,881754
14109567,8164,9953,881755
14109583,8168,12585,881756
14109599,8167,15204,881757
14109615,8161,1272,881758
14109631,8273,4142,881759
14109647,8049,6692,881760
14109663,8090,9245,881761
14109679,8202,11837,881762
14109695,7938,14596,881763
14109711,8164,699,881764
14109727,8147,3310,881765
14109743,7953,5917,881766
14109759,8379,8631,881767
14109775,8248,11300,881768
14109791,8128,13903,881769
14109807,8391,5307,881770
14109823,8109,2551,881771
14109839,8130,5398,881772
14109855,8219,7978,881773
14109871,7877,10582,881774
14109887,7948,13073,881775
14109903,8041,15940,881776
14109919,7932,2053,881777
14109935,8157,4591,881778
14109951,8215,7260,881779
14109967,7953,10059,881780
14109983,8253,12598,881781
14109999,8135,15159,881782
14110015,8125,1241,881783
14110031,8189,4072,881784
14110047,8060,6648,881785
14110063,8145,9235,881786
14110079,8036,11865,881787
14110095,7964,14639,881788
14110111,8265,735,881789
14110127,7937,3276,881790
14110143,7947,5865,881791
14110159,8210,8613,881792
14110175,8129,11328,881793
14110191,8135,13848,881794
14110207,8316,5330,881795
14110223,8123,2599,881796
14110239,8187,5422,881797
14110255,8123,7949,881798
14110271,8072,10540,881799
14110287,8094,13042,881800
14110303,8163,15959,881801
14110319,7997,2046,881802
14110335,8085,4607,881803
14110351,7988,7137,881804
14110367,8095,10018,881805
14110383,8073,12610,881806
14110399,8223,15187,881807
14110415,8124,1269,881808
14110431,8181,4099,881809
14110447,8221,6649,881810
14110463,8047,9245,881811
14110479,8119,11793,881812
14110495,8244,14691,881813
14110511,8111,747,881814
14110527,8000,3286,881815
14110543,8220,5913,881816
14110559,8209,8683,881817
14110575,7978,11319,881818
14110591,8106,13881,881819
14110607,7950,5319,881820
14110623,8058,2587,881821
14110639,8259,5371,881822
14110655,7942,7962,881823
14110671,8140,10494,881824
14110687,8323,13137,881825
14110703,8192,15943,881826
14110719,8256,2013,881827
14110735,8167,4611,881828
14110751,8092,7190,881829
14110767,8215,10054,881830
14110783,7852,12558,881831
14110799,8030,15128,881832
14110815,8233,1235,881833
14110831,7932,4073,881834
14110847,8291,6653,881835
14110863,8082,9245,881836
14110879,8119,11809,881837
14110895,8241,14672,881838
14110911,8092,729,881839
14110927,8245,3336,881840
14110943,8367,5930,881841
14110959,7907,8629,881842
14110975,8028,11254,881843
14110991,8233,13871,881844
14111007,7815,5284,881845
14111023,8074,2547,881846
14111039,8032,5362,881847
14111055,8032,7986,881848
14111071,8421,10556,881849
14111087,8136,13067,881850
14111103,8131,15961,881851
14111119,8278,2016,881852
14111135,8039,4600,881853
14111151,8244,7219,881854
14111167,8306,10040,881855
14111183,7860,12519,881856
14111199,8106,15196,881857
14111215,8027,1243,881858
14111231,8083,4133,881859
14111247,8272,6649,881860
14111263,8071,9180,881861
14111279,8034,11799,881862
14111295,8161,14625,881863
14111311,8144,755,881864
14111327,8182,3315,881865
14111343,8118,5899,881866
14111359,8002,8628,881867
14111375,8183,11301,881868
14111391,8133,13902,881869
14111407,8036,5333,881870
14111423,8081,2598,881871
14111439,8122,5380,881872
14111455,8184,7939,881873
14111471,8185,10540,881874
14111487,8147,13122,881875
14111503,8072,15962,881876
14111519,8144,2039,881877
14111535,8136,4612,881878
14111551,8293,7203,881879
14111567,8187,10043,881880
14111583,8261,12587,881881
14111599,8277,15174,881882
14111615,7953,1230,881883
14111631,8266,4138,881884
14111647,7978,6700,881885
14111663,8098,9202,881886
14111679,8262,11820,881887
14111695,7908,14633,881888
14111711,8152,741,881889
14111727,8171,3311,881890
14111743,7894,5865,881891
14111759,8222,8638,881892
14111775,8150,11262,881893
14111791,8086,13904,881894
14111807,8374,5330,881895
14111823,8037,2540,881896
14111839,8026,5423,881897
14111855,8342,7976,881898
14111871,7950,10508,881899
14111887,8091,13108,881900
14111903,8156,15934,881901
14111919,7888,1978,881902
14111935,8019,4541,881903
14111951,8222,7221,881904
14111967,7946,9985,881905
14111983,8307,12602,881906
14111999,8162,15228,881907
14112015,8068,1234,881908
14112031,8332,4121,881909
14112047,8009,6683,881910
14112063,8153,9290,881911
14112079,8179,11818,881912
14112095,8063,14700,881913
14112111,8030,728,881914
14112127,8071,3331,881915
14112143,7959,5876,881916
14112159,8347,8652,881917
14112175,8057,11300,881918
14112191,7993,13840,881919
14112207,8218,5265,881920
14112223,8109,2595,881921
14112239,8055,5320,881922
14112255,8328,7984,881923
14112271,8076,10572,881924
14112287,8211,13050,881925
14112303,8120,15931,881926
14112319,7851,2035,881927
14112335,7991,4604,881928
14112351,8005,7198,881929
14112367,7913,10049,881930
14112383,8175,12551,881931
14112399,8185,15153,881932
14112415,8233,1293,881933
14112431,8138,4137,881934
14112447,8203,6718,881935
14112463,8196,9281,881936
14112479,8085,11742,881937
14112495,8095,14664,881938
14112511,8062,691,881939
14112527,8101,3348,881940
14112543,8211,5898,881941
14112559,8126,8648,881942
14112575,7966,11312,881943
14112591,8189,13801,881944
14112607,8184,5332,881945
14112623,8142,2604,881946
14112639,8189,5346,881947
14112655,8060,8004,881948
14112671,8083,10488,881949
14112687,8255,13111,881950
14112703,8036,15951,881951
14112719,8233,1996,881952
14112735,8089,4734,881953
14112751,8088,7171,881954
14112767,8260,10056,881955
14112783,8069,12563,881956
14112799,8121,15156,881957
14112815,8127,1251,881958
14112831,8087,4116,881959
14112847,8119,6691,881960
14112863,8101,9172,881961
14112879,8523,11820,881962
14112895,8346,14633,881963
14112911,8153,705,881964
14112927,8160,3338,881965
14112943,8355,5934,881966
14112959,8075,8648,881967
14112975,8217,11328,881968
14112991,8267,13866,881969
14113007,7930,5272,881970
14113023,8046,2591,881971
14113039,8224,5415,881972
14113055,7982,7961,881973
14113071,8158,10508,881974
14113087,8029,13056,881975
14113103,7990,15868,881976
14113119,8221,2043,881977
14113135,8116,4576,881978
14113151,8196,7214,881979
14113167,8334,10047,881980
14113183,8144,12565,881981
14113199,7995,15120,881982
14113215,8164,1278,881983
14113231,7955,4138,881984
14113247,8112,6730,881985
14113263,8043,9280,881986
14113279,7901,11760,881987
14113295,8256,14617,881988
14113311,8172,754,881989
14113327,8294,3332,881990
14113343,8345,5898,881991
14113359,8055,8619,881992
14113375,8242,11287,881993
14113391,8191,13928,881994
14113407,8032,5308,881995
14113423,8095,2606,881996
14113439,8024,5451,881997
14113455,7890,7920,881998
14113471,8107,10526,881999
14113487,8130,13082,882000
14113503,7845,15917,882001
14113519,8244,2050,882002
14113535,8173,4638,882003
14113551,8101,7165,882004
14113567,8265,10015,882005
14113583,8273,12590,882006
14113599,8239,15164,882007
14113615,8205,1277,882008
14113631,8224,4073,882009
14113647,8108,6648,882010
14113663,8108,9245,882011
14113679,8074,11811,882012
14113695,8024,14670,882013
14113711,8183,763,882014
14113727,8151,3280,882015
14113743,7986,5899,882016
14113759,8119,8632,882017
14113775,8183,11225,882018
14113791,8065,13932,882019
14113807,8185,5317,882020
14113823,8330,2596,882021
14113839,7958,5329,882022
14113855,8218,7960,882023
14113871,8098,10541,882024
14113887,7876,13070,882025
14113903,8092,15854,882026
14113919,8008,2069,882027
14113935,8054,4641,882028
14113951,8085,7216,882029
14113967,7994,10008,882030
14113983,8100,12630,882031
14113999,8252,15155,882032
14114015,7994,1276,882033
14114031,8092,4068,882034
14114047,8134,6681,882035
14114063,8118,9288,882036
14114079,8329,11823,882037
14114095,8061,14630,882038
14114111,8140,751,882039
14114127,8145,3345,882040
14114143,7912,5884,882041
14114159,8183,8644,882042
14114175,8106,11326,882043
14114191,7817,13854,882044
14114207,8262,5329,882045
14114223,8181,2535,882046
14114239,8031,5334,882047
14114255,8390,7994,882048
14114271,7899,10480,882049
14114287,8028,13059,882050
14114303,8220,15914,882051
14114319,7997,2067,882052
14114335,7952,4635,882053
14114351,8059,7231,882054
14114367,7964,10055,882055
14114383,7992,12569,882056
14114399,8043,15158,882057
14114415,8041,1272,882058
14114431,8187,4132,882059
14114447,8254,6680,882060
14114463,8285,9253,882061
14114479,8226,11841,882062
14114495,8220,14654,882063
14114511,8247,751,882064
14114527,8066,3307,882065
14114543,8035,5925,882066
14114559,8188,8683,882067
14114575,8101,11334,882068
14114591,7987,13817,882069
14114607,8108,5311,882070
14114623,7943,2553,882071
14114639,8138,5367,882072
14114655,8110,7971,882073
14114671,8061,10500,882074
14114687,8208,13128,882075
14114703,8170,15939,882076
14114719,8188,2089,882077
14114735,8204,4613,882078
14114751,8119,7208,882079
14114767,7997,9996,882080
14114783,8058,12592,882081
14114799,8136,15181,882082
14114815,8066,1241,882083
14114831,8027,4158,882084
14114847,8185,6704,882085
14114863,8136,9198,882086
14114879,7946,11752,882087
14114895,8180,14715,882088
14114911,8052,684,882089
14114927,8081,3310,882090
14114943,8216,5858,882091
14114959,8033,8697,882092
14114975,8139,11325,882093
14114991,8333,13841,882094
14115007,8038,5244,882095
14115023,8039,2534,882096
14115039,8232,5392,882097
14115055,7902,7905,882098
14115071,8072,10518,882099
14115087,8123,13116,882100
14115103,7944,15952,882101
14115119,8223,2008,882102
14115135,8169,4599,882103
14115151,8181,7212,882104
14115167,8384,10001,882105
14115183,8172,12616,882106
14115199,8134,15207,882107
14115215,8174,1235,882108
14115231,7960,4118,882109
14115247,8049,6696,882110
14115263,8148,9286,882111
14115279,7913,11739,882112
14115295,8087,14589,882113
14115311,8116,798,882114
14115327,7999,3292,882115
14115343,8314,5957,882116
14115359,8145,8663,882117
14115375,8181,11287,882118
14115391,8184,13852,882119
14115407,8184,5268,882120
14115423,8225,2612,882121
14115439,8158,5390,882122
14115455,7911,8000,882123
14115471,8145,10543,882124
14115487,8043,13075,882125
14115503,8004,15893,882126
14115519,8221,2023,882127
14115535,8015,4591,882128
14115551,8126,7199,882129
14115567,8284,10025,882130
14115583,8150,12567,882131
14115599,8184,15119,882132
14115615,8324,1288,882133
14115631,8079,4128,882134
14115647,8122,6633,882135
14115663,8056,9206,882136
14115679,7981,11875,882137
14115695,8225,14654,882138
14115711,7965,681,882139
14115727,8051,3344,882140
14115743,8167,5921,882141
14115759,8187,8643,882142
14115775,8345,11300,882143
14115791,8065,13804,882144
14115807,8212,5336,882145
14115823,8197,2615,882146
14115839,8147,5391,882147
14115855,8239,8007,882148
14115871,8065,10480,882149
14115887,8058,13070,882150
14115903,8180,15947,882151
14115919,7944,1984,882152
14115935,8026,4596,882153
14115951,8293,7200,882154
14115967,8057,10034,882155
14115983,8138,12603,882156
14115999,8120,15191,882157
14116015,8095,1287,882158
14116031,8325,4125,882159
14116047,8283,6686,882160
14116063,8166,9242,882161
14116079,8213,11833,882162
14116095,7992,14668,882163
14116111,8060,709,882164
14116127,8268,3344,882165
14116143,7907,5878,882166
14116159,8169,8661,882167
14116175,8252,11343,882168
14116191,7981,13911,882169
14116207,8235,5355,882170
14116223,8220,2562,882171
14116239,8049,5432,882172
14116255,8384,7998,882173
14116271,8106,10531,882174
14116287,8132,13123,882175
14116303,8248,15931,882176
14116319,8026,2066,882177
14116335,8213,4601,882178
14116351,8200,7201,882179
14116367,7930,10051,882180
14116383,8160,12564,882181
14116399,8089,15150,882182
14116415,7947,1257,882183
14116431,8214,4111,882184
14116447,8111,6725,882185
14116463,8009,9245,882186
14116479,8271,11832,882187
14116495,8163,14644,882188
14116511,8160,714,882189
14116527,8304,3323,882190
14116543,8094,5910,882191
14116559,8146,8627,882192
14116575,8105,11315,882193
14116591,8003,13880,882194
14116607,8068,5310,882195
14116623,8030,2587,882196
14116639,7956,5401,882197
14116655,8206,7936,882198
14116671,8063,10527,882199
14116687,8242,13045,882200
14116703,8148,15898,882201
14116719,7954,2016,882202
14116735,8202,4632,882203
14116751,8163,7203,882204
14116767,7987,9994,882205
14116783,8110,12622,882206
14116799,8115,15159,882207
14116815,8167,1291,882208
14116831,8107,4087,882209
14116847,8019,6698,882210
14116863,8131,9247,882211
14116879,8133,11812,882212
14116895,8222,14572,882213
14116911,8188,776,882214
14116927,8105,3317,882215
14116943,8149,5881,882216
14116959,8106,8599,882217
14116975,8067,11281,882218
14116991,8250,13908,882219
14117007,7948,5320,882220
14117023,8043,2553,882221
14117039,8215,5439,882222
14117055,8025,8015,882223
14117071,7966,10476,882224
14117087,8271,13145,882225
14117103,7917,15846,882226
14117119,8303,2010,882227
14117135,8299,4591,882228
14117151,8035,7193,882229
14117167,8312,10065,882230
14117183,8096,12547,882231
14117199,7986,15161,882232
14117215,8118,1290,882233
14117231,8096,4123,882234
14117247,8098,6682,882235
14117263,8323,9280,882236
14117279,7974,11868,882237
14117295,8286,14605,882238
14117311,8103,783,882239
14117327,7978,3287,882240
14117343,8309,5911,882241
14117359,8179,8673,882242
14117375,8087,11321,882243
14117391,8364,13904,882244
14117407,8076,5334,882245
14117423,8129,2584,882246
14117439,8167,5398,882247
14117455,7946,7981,882248
14117471,8047,10519,882249
14117487,8082,13173,882250
14117503,7970,15997,882251
14117519,8233,2022,882252
14117535,8066,4641,882253
14117551,7899,7194,882254
14117567,8343,10035,882255
14117583,8090,12587,882256
14117599,8114,15156,882257
14117615,8193,1249,882258
14117631,8116,4138,882259
14117647,8146,6724,882260
14117663,8061,9246,882261
14117679,7908,11838,882262
14117695,8115,14645,882263
14117711,8113,732,882264
14117727,8125,3323,882265
14117743,8102,5922,882266
14117759,7982,8610,882267
14117775,8088,11254,882268
14117791,8194,13894,882269
14117807,8158,5351,882270
14117823,8102,2595,882271
14117839,8238,5403,882272
14117855,7990,7939,882273
14117871,8245,10473,882274
14117887,8041,13061,882275
14117903,8086,15903,882276
14117919,8239,2090,882277
14117935,8007,4642,882278
14117951,8151,7233,882279
14117967,8136,9987,882280
14117983,8120,12623,882281
14117999,8176,15198,882282
14118015,8183,1289,882283
14118031,8124,4113,882284
14118047,8170,6701,882285
14118063,8175,9213,882286
14118079,8047,11801,882287
14118095,8132,14616,882288
14118111,7955,796,882289
14118127,8169,3316,882290
14118143,8024,5873,882291
14118159,8210,8672,882292
14118175,8253,11353,882293
14118191,8022,13959,882294
14118207,8206,5332,882295
14118223,8196,2559,882296
14118239,8008,5363,882297
14118255,8254,7924,882298
14118271,8196,10541,882299
14118287,8017,13092,882300
14118303,8290,15978,882301
14118319,8123,2088,882302
14118335,8022,4549,882303
14118351,8351,7228,882304
14118367,7869,9978,882305
14118383,7879,12559,882306
14118399,8160,15116,882307
14118415,7898,1247,882308
14118431,8188,4125,882309
14118447,8125,6640,882310
14118463,8003,9212,882311
14118479,8284,11850,882312
14118495,8076,14610,882313
14118511,8059,721,882314
14118527,8274,3352,882315
14118543,8010,5923,882316
14118559,8159,8643,882317
14118575,8227,11336,882318
14118591,7847,13886,882319
14118607,8113,5304,882320
14118623,7931,2531,882321
14118639,7863,5364,882322
14118655,8254,7938,882323
14118671,8012,10554,882324
14118687,8036,13081,882325
14118703,8494,16014,882326
14118719,8067,2027,882327
14118735,8249,4639,882328
14118751,8283,7173,882329
14118767,8006,10025,882330
14118783,8091,12580,882331
14118799,8054,15099,882332
14118815,7859,1187,882333
14118831,8206,4141,882334
14118847,8108,6676,882335
14118863,8033,9198,882336
14118879,8277,11814,882337
14118895,8031,14598,882338
14118911,8259,752,882339
14118927,8218,3310,882340
14118943,8037,5894,882341
14118959,8173,8659,882342
14118975,8167,11284,882343
14118991,8178,13932,882344
14119007,8149,5359,882345
14119023,8029,2552,882346
14119039,7982,5403,882347
14119055,8080,8002,882348
14119071,7988,10521,882349
14119087,8162,13015,882350
14119103,8144,15898,882351
14119119,8019,2027,882352
14119135,8192,4604,882353
14119151,7977,7189,882354
14119167,8130,10061,882355
14119183,8170,12544,882356
14119199,8152,15187,882357
14119215,8109,1271,882358
14119231,8138,4089,882359
14119247,8026,6641,882360
14119263,8106,9233,882361
14119279,8073,11843,882362
14119295,8060,14603,882363
14119311,8096,761,882364
14119327,8052,3351,882365
14119343,8210,5873,882366
14119359,8158,8657,882367
14119375,7991,11325,882368
14119391,8323,13925,882369
14119407,8193,5301,882370
14119423,8034,2523,882371
14119439,8417,5346,882372
14119455,8026,7957,882373
14119471,8120,10533,882374
14119487,8318,13119,882375
14119503,7855,15926,882376
14119519,8137,2067,882377
14119535,8187,4594,882378
14119551,7851,7153,882379
14119567,8105,9969,882380
14119583,8020,12556,882381
14119599,8009,15154,882382
14119615,8399,1257,882383
14119631,7946,4112,882384
14119647,8224,6690,882385
14119663,8311,9236,882386
14119679,7982,11804,882387
14119695,8194,14665,882388
14119711,8059,729,882389
14119727,7935,3330,882390
14119743,8195,5933,882391
14119759,7997,8612,882392
14119775,8084,11219,882393
14119791,8236,13838,882394
14119807,8051,5302,882395
14119823,8270,2617,882396
14119839,8298,5396,882397
14119855,8091,7962,882398
14119871,8248,10544,882399
14119887,8168,13068,882400
14119903,8022,15953,882401
14119919,7992,2028,882402
14119935,8055,4600,882403
14119951,8058,7210,882404
14119967,8271,10035,882405
14119983,7995,12600,882406
14119999,8063,15125,882407
14120015,8205,1272,882408
14120031,8148,4162,882409
14120047,8322,6757,882410
14120063,8197,9244,882411
14120079,8098,11871,882412
14120095,8190,14685,882413
14120111,8183,734,882414
14120127,7967,3300,882415
14120143,8241,5939,882416
14120159,8144,8678,882417
14120175,8114,11331,882418
14120191,8162,13940,882419
14120207,8125,5352,882420
14120223,8066,2544,882421
14120239,7913,5376,882422
14120255,8153,7949,882423
14120271,8068,10549,882424
14120287,7959,13080,882425
14120303,8179,15914,882426
14120319,8098,2001,882427
14120335,8167,4639,882428
14120351,8307,7160,882429
14120367,8072,10006,882430
14120383,8054,12597,882431
14120399,8213,15173,882432
14120415,8030,1253,882433
14120431,8066,4100,882434
14120447,8142,6652,882435
14120463,7919,9201,882436
14120479,8241,11837,882437
14120495,8245,14610,882438
14120511,7991,738,882439
14120527,8178,3276,882440
14120543,8104,5908,882441
14120559,8067,8629,882442
14120575,8281,11257,882443
14120591,7897,13908,882444
14120607,8025,5280,882445
14120623,8182,2625,882446
14120639,7879,5371,882447
14120655,8320,7989,882448
14120671,8054,10476,882449
14120687,8072,13116,882450
14120703,8376,15986,882451
14120719,8153,2032,882452
14120735,8196,4610,882453
14120751,8396,7235,882454
14120767,8157,10010,882455
14120783,8195,12674,882456
14120799,8390,15190,882457
14120815,7905,1252,882458
14120831,8136,4078,882459
14120847,8181,6696,882460
14120863,7941,9219,882461
14120879,8169,11771,882462
14120895,8016,14642,882463
14120911,7935,693,882464
14120927,8402,3334,882465
14120943,8153,5897,882466
14120959,8185,8669,882467
14120975,8380,11317,882468
14120991,8108,13893,882469
14121007,8274,5362,882470
14121023,8135,2603,882471
14121039,7924,5376,882472
14121055,8025,7930,882473
14121071,8055,10568,882474
14121087,8119,13128,882475
14121103,8202,15919,882476
14121119,8026,1983,882477
14121135,8115,4563,882478
14121151,8091,7152,882479
14121167,8149,9993,882480
14121183,8188,12571,882481
14121199,8098,15176,882482
14121215,8048,1246,882483
14121231,8160,4114,882484
14121247,8058,6684,882485
14121263,7936,9184,882486
14121279,8120,11794,882487
14121295,7995,14623,882488
14121311,7995,750,882489
14121327,8124,3339,882490
14121343,8122,5907,882491
14121359,8224,8638,882492
14121375,8012,11293,882493
14121391,8148,13869,882494
14121407,8060,5300,882495
14121423,8132,2586,882496
14121439,8185,5407,882497
14121455,8140,7990,882498
14121471,8127,10542,882499
14121487,8279,13150,882500
14121503,8026,15973,882501
14121519,8057,2069,882502
14121535,8046,4583,882503
14121551,7930,7119,882504
14121567,8317,10019,882505
14121583,8113,12600,882506
14121599,7845,15128,882507
14121615,8341,1256,882508
14121631,8162,4129,882509
14121647,8035,6609,882510
14121663,8259,9249,882511
14121679,8080,11874,882512
14121695,8104,14674,882513
14121711,8237,784,882514
14121727,8037,3290,882515
14121743,8032,5895,882516
14121759,8006,8622,882517
14121775,7919,11260,882518
14121791,8177,13929,882519
14121807,7959,5268,882520
14121823,8058,2606,882521
14121839,8284,5421,882522
14121855,8164,7950,882523
14121871,8181,10533,882524
14121887,8215,13067,882525
14121903,8140,15973,882526
14121919,8186,2077,882527
14121935,8022,4639,882528
14121951,7944,7315,882529
14121967,8027,10035,882530
14121983,8020,12598,882531
14121999,8043,15152,882532
14122015,8259,1327,882533
14122031,7932,4100,882534
14122047,8089,6657,882535
14122063,8334,9255,882536
14122079,8164,11824,882537
14122095,8111,14571,882538
14122111,8201,774,882539
14122127,8073,3331,882540
14122143,8133,5929,882541
14122159,8000,8635,882542
14122175,7987,11302,882543
14122191,8134,13933,882544
14122207,7987,5311,882545
14122223,8072,2543,882546
14122239,8141,5396,882547
14122255,8197,7973,882548
14122271,8126,10529,882549
14122287,8140,13110,882550
14122303,8252,16027,882551
14122319,8213,2042,882552
14122335,8148,4629,882553
14122351,8102,7164,882554
14122367,8024,9993,882555
14122383,8065,12553,882556
14122399,8090,15156,882557
14122415,8090,1273,882558
14122431,7944,4089,882559
14122447,8133,6650,882560
14122463,8103,9219,882561
14122479,8172,11871,882562
14122495,8300,14647,882563
14122511,8143,753,882564
14122527,8143,3289,882565
14122543,8176,5883,882566
14122559,8010,8576,882567
14122575,8172,11255,882568
14122591,8184,13922,882569
14122607,8114,5343,882570
14122623,8120,2528,882571
14122639,7886,5384,882572
14122655,8150,7960,882573
14122671,8041,10569,882574
14122687,7866,13043,882575
14122703,8215,15927,882576
14122719,8017,1992,882577
14122735,8033,4521,882578
14122751,8277,7209,882579
14122767,7912,9978,882580
14122783,8065,12616,882581
14122799,8275,15124,882582
14122815,8026,1284,882583
14122831,8043,4148,882584
14122847,8287,6716,882585
14122863,7978,9208,882586
14122879,8094,11798,882587
14122895,8152,14631,882588
14122911,8066,762,882589
14122927,8296,3278,882590
14122943,8073,5906,882591
14122959,8090,8623,882592
14122975,8404,11367,882593
14122991,8029,13845,882594
14123007,8293,5375,882595
14123023,8160,2588,882596
14123039,7940,5410,882597
14123055,8184,7964,882598
14123071,8041,10534,882599
14123087,7971,13146,882600
14123103,8066,15914,882601
14123119,8028,2029,882602
14123135,7976,4589,882603
14123151,8235,7161,882604
14123167,8066,10013,882605
14123183,8250,12538,882606
14123199,8200,15125,882607
14123215,8145,1313,882608
14123231,8385,4156,882609
14123247,8175,6677,882610
14123263,7983,9271,882611
14123279,8216,11816,882612
14123295,7977,14619,882613
14123311,8017,698,882614
14123327,8089,3331,882615
14123343,8011,5898,882616
14123359,8215,8604,882617
14123375,8206,11295,882618
14123391,8116,13855,882619
14123407,8150,5299,882620
14123423,8153,2593,882621
14123439,8185,5352,882622
14123455,8093,7986,882623
14123471,8024,10508,882624
14123487,8146,13023,882625
14123503,7979,15840,882626
14123519,8069,2109,882627
14123535,8165,4591,882628
14123551,8075,7244,882629
14123567,8177,10034,882630
14123583,8100,12605,882631
14123599,7963,15144,882632
14123615,8115,1269,882633
14123631,8100,4122,882634
14123647,8058,6685,882635
14123663,8201,9235,882636
14123679,8098,11798,882637
14123695,8153,14646,882638
14123711,8235,740,882639
14123727,8043,3322,882640
14123743,8043,5912,882641
14123759,8143,8611,882642
14123775,7981,11322,882643
14123791,8226,13886,882644
14123807,8212,5326,882645
14123823,7994,2600,882646
14123839,8245,5334,882647
14123855,8160,7923,882648
14123871,8184,10564,882649
14123887,8306,13070,882650
14123903,8114,15926,882651
14123919,8129,2006,882652
14123935,8208,4635,882653
14123951,7979,7198,882654
14123967,8151,10044,882655
14123983,8110,12607,882656
14123999,7970,15178,882657
14124015,8174,1276,882658
14124031,8080,4100,882659
14124047,7981,6609,882660
14124063,8376,9271,882661
14124079,8078,11805,882662
14124095,8160,14597,882663
14124111,8290,747,882664
14124127,8170,3345,882665
14124143,8259,5927,882666
14124159,8197,8621,882667
14124175,7999,11360,882668
14124191,8159,13845,882669
14124207,7953,5313,882670
14124223,8080,2523,882671
14124239,8222,5415,882672
14124255,8211,8005,882673
14124271,8232,10566,882674
14124287,8286,13117,882675
14124303,8148,15923,882676
14124319,8164,2004,882677
14124335,8117,4612,882678
14124351,8119,7197,882679
14124367,8262,10069,882680
14124383,8107,12578,882681
14124399,8098,15244,882682
14124415,8228,1275,882683
14124431,7905,4061,882684
14124447,8127,6745,882685
14124463,8009,9239,882686
14124479,8061,11751,882687
14124495,8222,14600,882688
14124511,8086,687,882689
14124527,8139,3279,882690
14124543,8380,5927,882691
14124559,8125,8595,882692
14124575,8015,11303,882693
14124591,8073,13860,882694
14124607,8023,5320,882695
14124623,8234,2634,882696
14124639,7941,5346,882697
14124655,8113,7917,882698
14124671,8150,10530,882699
14124687,7986,13069,882700
14124703,8134,15918,882701
14124719,8212,1991,882702
14124735,8102,4600,882703
14124751,8402,7195,882704
14124767,8125,10076,882705
14124783,8077,12598,882706
14124799,8319,15183,882707
14124815,8066,1287,882708
14124831,8160,4098,882709
14124847,8325,6680,882710
14124863,7981,9235,882711
14124879,8096,11824,882712
14124895,8216,14647,882713
14124911,7800,711,882714
14124927,8238,3269,882715
14124943,8110,5919,882716
14124959,8031,8652,882717
14124975,8299,11295,882718
14124991,8179,13880,882719
14125007,8145,5317,882720
14125023,8376,2631,882721
14125039,8050,5356,882722
14125055,8161,7980,882723
14125071,8144,10547,882724
14125087,7860,13147,882725
14125103,8131,15987,882726
14125119,7976,2160,882727
14125135,7990,4597,882728
14125151,8254,7188,882729
14125167,8073,10034,882730
14125183,8105,12546,882731
14125199,8200,15142,882732
14125215,8091,1297,882733
14125231,8330,4130,882734
14125247,8265,6649,882735
14125263,7952,9173,882736
14125279,8088,11753,882737
14125295,8150,14661,882738
14125311,7986,765,882739
14125327,8116,3351,882740
14125343,8010,5896,882741
14125359,7961,8612,882742
14125375,8207,11319,882743
14125391,8120,13939,882744
14125407,8243,5348,882745
14125423,8203,2566,882746
14125439,8198,5419,882747
14125455,8220,7974,882748
14125471,8191,10564,882749
14125487,8133,13113,882750
14125503,8037,15960,882751
14125519,8073,2039,882752
14125535,8087,4612,882753
14125551,8025,7173,882754
14125567,8047,10035,882755
14125583,8270,12607,882756
14125599,7987,15107,882757
14125615,8153,1206,882758
14125631,8303,4158,882759
14125647,8030,6630,882760
14125663,8295,9211,882761
14125679,8313,11775,882762
14125695,8084,14574,882763
14125711,8185,738,882764
14125727,8101,3330,882765
14125743,8013,5901,882766
14125759,8188,8628,882767
14125775,8195,11314,882768
14125791,8121,13932,882769
14125807,8045,5321,882770
14125823,7963,2583,882771
14125839,8230,5374,882772
14125855,8144,8005,882773
14125871,8118,10555,882774
14125887,8338,13154,882775
14125903,8124,15872,882776
14125919,8256,2045,882777
14125935,8226,4611,882778
14125951,7985,7196,882779
14125967,8177,10087,882780
14125983,8126,12556,882781
14125999,7984,15137,882782
14126015,8284,1271,882783
14126031,8107,4077,882784
14126047,7986,6649,882785
14126063,8321,9275,882786
14126079,8221,11866,882787
14126095,8179,14646,882788
14126111,8314,741,882789
14126127,8011,3278,882790
14126143,8233,5925,882791
14126159,8414,8644,882792
14126175,8001,11291,882793
14126191,8177,13875,882794
14126207,8333,5335,882795
14126223,7889,2488,882796
14126239,8059,5378,882797
14126255,8145,7918,882798
14126271,8081,10539,882799
14126287,8153,13084,882800
14126303,8230,15902,882801
14126319,8299,2046,882802
14126335,8226,4637,882803
14126351,8184,7215,882804
14126367,8349,10130,882805
14126383,8074,12558,882806
14126399,7958,15121,882807
14126415,8163,1226,882808
14126431,8067,4115,882809
14126447,8000,6637,882810
14126463,8089,9252,882811
14126479,7972,11827,882812
14126495,8114,14625,882813
14126511,8230,762,882814
14126527,8088,3350,882815
14126543,8167,5880,882816
14126559,8240,8644,882817
14126575,8116,11247,882818
14126591,8281,13954,882819
14126607,7985,5303,882820
14126623,7998,2547,882821
14126639,7961,5330,882822
14126655,8153,7997,882823
14126671,7977,10488,882824
14126687,8050,13060,882825
14126703,8194,15940,882826
14126719,8021,2023,882827
14126735,8080,4574,882828
14126751,8212,7161,882829
14126767,8144,10023,882830
14126783,7996,12544,882831
14126799,8203,15128,882832
14126815,8060,1239,882833
14126831,7960,4080,882834
14126847,8136,6697,882835
14126863,7911,9234,882836
14126879,8023,11798,882837
14126895,8291,14636,882838
14126911,7818,737,882839
14126927,8043,3316,882840
14126943,8191,5896,882841
14126959,7961,8647,882842
14126975,8185,11304,882843
14126991,8171,13907,882844
14127007,8130,5333,882845
14127023,8311,2617,882846
14127039,8122,5339,882847
14127055,8110,7932,882848
14127071,8238,10539,882849
14127087,8072,13094,882850
14127103,8065,15922,882851
14127119,8088,2029,882852
14127135,8000,4643,882853
14127151,8119,7142,882854
14127167,8003,10034,882855
14127183,8050,12632,882856
14127199,8330,15165,882857
14127215,8083,1229,882858
14127231,8065,4122,882859
14127247,8310,6706,882860
14127263,8067,9238,882861
14127279,8229,11845,882862
14127295,8198,14585,882863
14127311,7960,741,882864
14127327,8148,3376,882865
14127343,7967,5875,882866
14127359,8010,8601,882867
14127375,8256,11323,882868
14127391,7926,13814,882869
14127407,7987,5306,882870
14127423,8453,2626,882871
14127439,8111,5372,882872
14127455,8071,7918,882873
14127471,8313,10522,882874
14127487,8111,13097,882875
14127503,8243,15988,882876
14127519,8107,2077,882877
14127535,8102,4826,882878
14127551,8146,7191,882879
14127567,8098,10028,882880
14127583,8067,12625,882881
14127599,8145,15167,882882
14127615,8111,1295,882883
14127631,8111,4076,882884
14127647,8153,6637,882885
14127663,8164,9244,882886
14127679,8317,11850,882887
14127695,8061,14607,882888
14127711,8152,761,882889
14127727,8261,3323,882890
14127743,8044,5871,882891
14127759,8145,8604,882892
14127775,7942,11304,882893
14127791,7987,13875,882894
14127807,8018,5301,882895
14127823,8151,2549,882896
14127839,8212,5396,882897
14127855,8212,7934,882898
14127871,8092,10515,882899
14127887,8208,13155,882900
14127903,8132,15929,882901
14127919,8134,2055,882902
14127935,8102,4594,882903
14127951,7947,7206,882904
14127967,8045,10041,882905
14127983,8162,12600,882906
14127999,7834,15131,882907
14128015,8134,1216,882908
14128031,8026,4125,882909
14128047,7964,6643,882910
14128063,8210,9194,882911
14128079,8141,11839,882912
14128095,8059,14617,882913
14128111,8269,726,882914
14128127,8127,3322,882915
14128143,8125,5904,882916
14128159,8403,8680,882917
14128175,8124,11348,882918
14128191,8096,13846,882919
14128207,8381,5346,882920
14128223,7915,2555,882921
14128239,7999,5347,882922
14128255,8098,7943,882923
14128271,7911,10478,882924
14128287,8137,13098,882925
14128303,8056,15941,882926
14128319,8127,2008,882927
14128335,8308,4652,882928
14128351,8169,7174,882929
14128367,8214,10056,882930
14128383,8232,12549,882931
14128399,7994,15122,882932
14128415,8170,1229,882933
14128431,8069,4116,882934
14128447,7933,6678,882935
14128463,8144,9267,882936
14128479,7933,11804,882937
14128495,7952,14605,882938
14128511,8249,738,882939
14128527,8040,3341,882940
14128543,8167,5903,882941
14128559,8328,8612,882942
14128575,8025,11268,882943
14128591,8284,13888,882944
14128607,8151,5303,882945
14128623,8038,2522,882946
14128639,8068,5368,882947
14128655,8024,7965,882948
14128671,7994,10547,882949
14128687,8214,13149,882950
14128703,8027,15910,882951
14128719,8066,1997,882952
14128735,8257,4610,882953
14128751,8180,7224,882954
14128767,8305,10029,882955
14128783,8045,12555,882956
14128799,8180,15162,882957
14128815,8159,1278,882958
14128831,8056,4100,882959
14128847,8103,6660,882960
14128863,8083,9244,882961
14128879,8037,11866,882962
14128895,8253,14671,882963
14128911,8184,783,882964
14128927,7946,3317,882965
14128943,8148,5927,882966
14128959,8008,8640,882967
14128975,8292,11321,882968
14128991,8179,13822,882969
14129007,8051,5276,882970
14129023,8183,2549,882971
14129039,8148,5369,882972
14129055,8097,7959,882973
14129071,8103,10553,882974
14129087,7980,13154,882975
14129103,8127,15950,882976
14129119,8092,2015,882977
14129135,7865,4572,882978
14129151,8095,7167,882979
14129167,8140,9996,882980
14129183,7954,12567,882981
14129199,8338,15131,882982
14129215,8139,1225,882983
14129231,8101,4088,882984
14129247,8282,6656,882985
14129263,8151,9267,882986
14129279,8221,11826,882987
14129295,8339,14682,882988
14129311,7947,713,882989
14129327,8192,3314,882990
14129343,8133,5880,882991
14129359,7911,8643,882992
14129375,8264,11334,882993
14129391,8154,13904,882994
14129407,7803,5275,882995
14129423,8271,2522,882996
14129439,8161,5384,882997
14129455,8125,7964,882998
14129471,8387,10511,882999
14129487,7964,13086,883000
14129503,8262,15979,883001
14129519,8139,1989,883002
14129535,7932,4572,883003
14129551,8107,7206,883004
14129567,7975,9975,883005
14129583,7961,12567,883006
14129599,8299,15219,883007
14129615,8002,1266,883008
14129631,8006,4077,883009
14129647,8380,6683,883010
14129663,8049,9205,883011
14129679,8223,11798,883012
14129695,8324,14679,883013
14129711,8011,699,883014
14129727,8342,3349,883015
14129743,7977,5859,883016
14129759,7955,8606,883017
14129775,8193,11307,883018
14129791,8119,13887,883019
14129807,7946,5289,883020
14129823,8156,2525,883021
14129839,7980,5364,883022
14129855,8209,7971,883023
14129871,8163,10517,883024
14129887,8000,13046,883025
14129903,8281,16024,883026
14129919,8087,1995,883027
14129935,8145,4634,883028
14129951,8022,7187,883029
14129967,8230,10057,883030
14129983,8104,12528,883031
14129999,7968,15112,883032
14130015,8174,1290,883033
14130031,8204,4144,883034
14130047,8038,6684,883035
14130063,8085,9263,883036
14130079,8221,11805,883037
14130095,7992,14622,883038
14130111,8126,687,883039
14130127,8186,3279,883040
14130143,8039,5882,883041
14130159,8355,8639,883042
14130175,8107,11310,883043
14130191,8101,13848,883044
14130207,8220,5299,883045
14130223,8140,2605,883046
14130239,8090,5401,883047
14130255,8242,7954,883048
14130271,8060,10532,883049
14130287,8083,13046,883050
14130303,8212,15993,883051
14130319,8103,2045,883052
14130335,8304,4646,883053
14130351,8033,7237,883054
14130367,8125,10031,883055
14130383,8400,12612,883056
14130399,8028,15183,883057
14130415,8295,1222,883058
14130431,8145,4141,883059
14130447,7961,6655,883060
14130463,8166,9245,883061
14130479,8021,11770,883062
14130495,7947,14656,883063
14130511,8217,746,883064
14130527,8013,3280,883065
14130543,7997,5863,883066
14130559,8379,8680,883067
14130575,8058,11300,883068
14130591,8113,13934,883069
14130607,8371,5316,883070
14130623,8014,2637,883071
14130639,8161,5366,883072
14130655,8167,7971,883073
14130671,7743,10477,883074
14130687,8093,13099,883075
14130703,8022,15967,883076
14130719,8061,2021,883077
14130735,8237,4630,883078
14130751,8083,7172,883079
14130767,8066,10009,883080
14130783,8269,12565,883081
14130799,8114,15146,883082
14130815,8218,1311,883083
14130831,8295,4125,883084
14130847,8100,6619,883085
14130863,8192,9212,883086
14130879,7961,11818,883087
14130895,8061,14665,883088
14130911,8121,745,883089
14130927,8068,3335,883090
14130943,8176,5907,883091
14130959,8111,8615,883092
14130975,7925,11249,883093
14130991,8101,13860,883094
14131007,8117,5355,883095
14131023,8155,2555,883096
14131039,8185,5426,883097
14131055,8007,7958,883098
14131071,8049,10522,883099
14131087,8069,13098,883100
14131103,8025,15951,883101
14131119,8084,2007,883102
14131135,8079,4637,883103
14131151,8114,7141,883104
14131167,8032,10013,883105
14131183,8003,12606,883106
14131199,8290,15187,883107
14131215,8049,1263,883108
14131231,7947,4155,883109
14131247,8251,6743,883110
14131263,8105,9257,883111
14131279,8081,11756,883112
14131295,8371,14597,883113
14131311,8059,796,883114
14131327,8048,3355,883115
14131343,8390,5887,883116
14131359,7996,8685,883117
14131375,8110,11281,883118
14131391,8095,13845,883119
14131407,8024,5334,883120
14131423,8216,2556,883121
14131439,8104,5377,883122
14131455,8078,7932,883123
14131471,8242,10494,883124
14131487,8088,13076,883125
14131503,8173,15948,883126
14131519,8209,2103,883127
14131535,7944,4577,883128
14131551,8151,7163,883129
14131567,8122,10000,883130
14131583,7890,12520,883131
14131599,8221,15187,883132
14131615,7974,1241,883133
14131631,7922,4097,883134
14131647,8200,6648,883135
14131663,8135,9240,883136
14131679,8050,11761,883137
14131695,8145,14646,883138
14131711,8142,800,883139
14131727,8185,3309,883140
14131743,8164,5883,883141
14131759,7901,8595,883142
14131775,8150,11325,883143
14131791,8031,13902,883144
14131807,7912,5264,883145
14131823,8246,2494,883146
14131839,7974,5384,883147
14131855,8045,7941,883148
14131871,8289,10497,883149
14131887,8160,13142,883150
14131903,8193,15987,883151
14131919,8207,1984,883152
14131935,8127,4639,883153
14131951,8247,7226,883154
14131967,8076,10051,883155
14131983,8089,12634,883156
14131999,8105,15192,883157
14132015,7974,1212,883158
14132031,8074,4111,883159
14132047,8064,6692,883160
14132063,8055,9235,883161
14132079,8267,11891,883162
14132095,8139,14631,883163
14132111,8190,739,883164
14132127,8230,3298,883165
14132143,8043,5908,883166
14132159,8141,8627,883167
14132175,8269,11352,883168
14132191,8174,13917,883169
14132207,8134,5344,883170
14132223,8127,2602,883171
14132239,8116,5369,883172
14132255,8051,7997,883173
14132271,7985,10490,883174
14132287,8105,13083,883175
14132303,8217,15926,883176
14132319,8141,2017,883177
14132335,8327,4578,883178
14132351,8156,7210,883179
14132367,8084,10024,883180
14132383,8188,12618,883181
14132399,8006,15206,883182
14132415,8201,1260,883183
14132431,8295,4160,883184
14132447,7951,6649,883185
14132463,8106,9246,883186
14132479,8232,11873,883187
14132495,7990,14684,883188
14132511,8169,733,883189
14132527,8150,3308,883190
14132543,8014,5922,883191
14132559,8356,8629,883192
14132575,8189,11301,883193
14132591,8017,13869,883194
14132607,8442,5340,883195
14132623,8066,2559,883196
14132639,8151,5397,883197
14132655,8344,7926,883198
14132671,7885,10568,883199
14132687,8066,13093,883200
14132703,8173,16053,883201
14132719,7890,1990,883202
14132735,8311,4568,883203
14132751,7988,7220,883204
14132767,7947,10000,883205
14132783,8322,12579,883206
14132799,8145,15198,883207
14132815,8142,1212,883208
14132831,8181,4096,883209
14132847,8119,6695,883210
14132863,8317,9270,883211
14132879,8221,11862,883212
14132895,8054,14677,883213
14132911,8204,788,883214
14132927,7905,3297,883215
14132943,7889,5912,883216
14132959,8069,8703,883217
14132975,7948,11284,883218
14132991,8131,13904,883219
14133007,8211,5308,883220
14133023,8141,2613,883221
14133039,8295,5413,883222
14133055,8124,7906,883223
14133071,7995,10495,883224
14133087,8243,13147,883225
14133103,8071,15903,883226
14133119,8003,2006,883227
14133135,8038,4571,883228
14133151,7969,7214,883229
14133167,7902,10076,883230
14133183,7934,12593,883231
14133199,8094,15143,883232
14133215,8201,1265,883233
14133231,8042,4100,883234
14133247,8170,6700,883235
14133263,8239,9265,883236
14133279,8147,11817,883237
14133295,8226,14627,883238
14133311,8119,761,883239
14133327,8024,3362,883240
14133343,8165,5932,883241
14133359,8003,8640,883242
14133375,8088,11303,883243
14133391,8268,13928,883244
14133407,7908,5342,883245
14133423,8000,2520,883246
14133439,8136,5387,883247
14133455,7929,7945,883248
14133471,8178,10536,883249
14133487,8304,13149,883250
14133503,8146,15933,883251
14133519,8260,2043,883252
14133535,8153,4692,883253
14133551,8178,7229,883254
14133567,8245,10003,883255
14133583,8089,12610,883256
14133599,7954,15102,883257
14133615,8064,1256,883258
14133631,7864,4067,883259
14133647,8176,6692,883260
14133663,7974,9191,883261
14133679,8072,11837,883262
14133695,8244,14625,883263
14133711,8047,714,883264
14133727,8179,3327,883265
14133743,8216,5893,883266
14133759,7974,8628,883267
14133775,8215,11235,883268
14133791,8167,13846,883269
14133807,7788,5306,883270
14133823,8215,2563,883271
14133839,7954,5388,883272
14133855,7931,7966,883273
14133871,8281,10545,883274
14133887,8105,13073,883275
14133903,8004,15948,883276
14133919,8455,2018,883277
14133935,8071,4577,883278
14133951,8218,7192,883279
14133967,8261,9987,883280
14133983,8057,12574,883281
14133999,8146,15162,883282
14134015,8167,1261,883283
14134031,8044,4121,883284
14134047,8153,6713,883285
14134063,7988,9275,883286
14134079,8004,11822,883287
14134095,8116,14673,883288
14134111,8151,745,883289
14134127,8235,3315,883290
14134143,8092,5895,883291
14134159,8194,8663,883292
14134175,8360,11318,883293
14134191,8137,13869,883294
14134207,7983,5306,883295
14134223,8165,2603,883296
14134239,8093,5363,883297
14134255,8075,7959,883298
14134271,8076,10516,883299
14134287,8035,13069,883300
14134303,8143,15967,883301
14134319,8123,2006,883302
14134335,8199,4631,883303
14134351,8297,7209,883304
14134367,8145,10009,883305
14134383,8243,12642,883306
14134399,8071,15158,883307
14134415,8206,1276,883308
14134431,8208,4123,883309
14134447,8164,6728,883310
14134463,8278,9245,883311
14134479,8155,11944,883312
14134495,7907,14609,883313
14134511,7997,717,883314
14134527,8140,3334,883315
14134543,8065,5923,883316
14134559,8307,8664,883317
14134575,8194,11303,883318
14134591,7987,13819,883319
14134607,8374,5353,883320
14134623,8048,2542,883321
14134639,8105,5386,883322
14134655,8260,7909,883323
14134671,8064,10552,883324
14134687,8124,13133,883325
14134703,8295,15987,883326
14134719,8099,2065,883327
14134735,8207,4645,883328
14134751,8193,7188,883329
14134767,8054,10043,883330
14134783,8290,12570,883331
14134799,8127,15143,883332
14134815,8064,1242,883333
14134831,8333,4126,883334
14134847,8037,6656,883335
14134863,8143,9210,883336
14134879,8261,11852,883337
14134895,8027,14676,883338
14134911,8130,746,883339
14134927,8112,3299,883340
14134943,7982,5894,883341
14134959,8156,8644,883342
14134975,7975,11315,883343
14134991,8016,13941,883344
14135007,8254,5327,883345
14135023,8134,2557,883346
14135039,8228,5403,883347
14135055,8215,7957,883348
14135071,8152,10563,883349
14135087,8275,13065,883350
14135103,8205,15978,883351
14135119,8034,2041,883352
14135135,8117,4601,883353
14135151,8074,7140,883354
14135167,7940,9985,883355
14135183,8125,12621,883356
14135199,8101,15191,883357
14135215,8031,1262,883358
14135231,8172,4125,883359
14135247,8128,6646,883360
14135263,8071,9177,883361
14135279,8049,11801,883362
14135295,8228,14638,883363
14135311,8137,735,883364
14135327,8056,3334,883365
14135343,8160,5939,883366
14135359,8064,8665,883367
14135375,7987,11323,883368
14135391,8102,13847,883369
14135407,7999,5310,883370
14135423,8064,2582,883371
14135439,8180,5364,883372
14135455,8014,7950,883373
14135471,8210,10542,883374
14135487,8196,13123,883375
14135503,8005,15941,883376
14135519,8181,2009,883377
14135535,8130,4661,883378
14135551,8013,7156,883379
14135567,8301,10030,883380
14135583,8029,12574,883381
14135599,8091,15217,883382
14135615,8153,1273,883383
14135631,7949,4088,883384
14135647,8176,6660,883385
14135663,8049,9215,883386
14135679,8185,11880,883387
14135695,8301,14692,883388
14135711,8066,717,883389
14135727,8167,3318,883390
14135743,8268,5909,883391
14135759,8077,8657,883392
14135775,8145,11310,883393
14135791,8318,13918,883394
14135807,7966,5303,883395
14135823,8183,2633,883396
14135839,8136,5387,883397
14135855,7999,7990,883398
14135871,8290,10554,883399
14135887,8155,13109,883400
14135903,7987,15959,883401
14135919,8248,2053,883402
14135935,8220,4640,883403
14135951,8220,7195,883404
14135967,8224,9990,883405
14135983,8059,12562,883406
14135999,8069,15121,883407
14136015,8149,1284,883408
14136031,8055,4111,883409
14136047,8134,6686,883410
14136063,8049,9246,883411
14136079,7849,11813,883412
14136095,8144,14620,883413
14136111,7912,747,883414
14136127,8132,3356,883415
14136143,8250,5950,883416
14136159,8047,8601,883417
14136175,8289,11325,883418
14136191,8253,13877,883419
14136207,8041,5320,883420
14136223,8340,2634,883421
14136239,8108,5394,883422
14136255,8104,8009,883423
14136271,8109,10491,883424
14136287,8092,13108,883425
14136303,8152,16040,883426
14136319,8111,2017,883427
14136335,8043,4568,883428
14136351,8227,7232,883429
14136367,8093,9994,883430
14136383,8056,12557,883431
14136399,8249,15128,883432
14136415,8167,1236,883433
14136431,8205,4122,883434
14136447,8140,6703,883435
14136463,8038,9246,883436
14136479,8112,11815,883437
14136495,8132,14617,883438
14136511,7986,765,883439
14136527,8269,3358,883440
14136543,8100,5918,883441
14136559,8178,8649,883442
14136575,8118,11264,883443
14136591,8102,13864,883444
14136607,8253,5295,883445
14136623,8171,2596,883446
14136639,8079,5393,883447
14136655,8207,7951,883448
14136671,8048,10507,883449
14136687,8097,13066,883450
14136703,8275,15919,883451
14136719,7948,2022,883452
14136735,8207,4652,883453
14136751,8176,7202,883454
14136767,8012,10025,883455
14136783,8127,12520,883456
14136799,8122,15134,883457
14136815,7964,1253,883458
14136831,8339,4088,883459
14136847,8150,6685,883460
14136863,8141,9180,883461
14136879,8268,11763,883462
14136895,8016,14653,883463
14136911,8245,800,883464
14136927,8146,3305,883465
14136943,7913,5899,883466
14136959,8114,8639,883467
14136975,8094,11294,883468
14136991,7942,13860,883469
14137007,8242,5332,883470
14137023,7994,2538,883471
14137039,8047,5392,883472
14137055,8332,7987,883473
14137071,8106,10533,883474
14137087,8281,13120,883475
14137103,8388,15956,883476
14137119,7899,2011,883477
14137135,8192,4612,883478
14137151,8090,7142,883479
14137167,7937,10087,883480
14137183,8219,12605,883481
14137199,7946,15139,883482
14137215,8048,1295,883483
14137231,8197,4146,883484
14137247,8125,6697,883485
14137263,8188,9256,883486
14137279,8175,11775,883487
14137295,8181,14703,883488
14137311,8134,729,883489
14137327,8164,3316,883490
14137343,7994,5899,883491
14137359,8248,8664,883492
14137375,8106,11327,883493
14137391,8048,13873,883494
14137407,8029,5361,883495
14137423,7909,2539,883496
14137439,8158,5411,883497
14137455,8116,7980,883498
14137471,8074,10540,883499
14137487,8290,13097,883500
14137503,8048,15922,883501
14137519,8105,2042,883502
14137535,8219,4570,883503
14137551,8074,7219,883504
14137567,8089,10020,883505
14137583,8115,12656,883506
14137599,7897,15127,883507
14137615,8183,1266,883508
14137631,8110,4087,883509
14137647,7843,6621,883510
14137663,8110,9248,883511
14137679,8184,11867,883512
14137695,8136,14617,883513
14137711,8078,796,883514
14137727,8140,3308,883515
14137743,8327,5915,883516
14137759,8186,8686,883517
14137775,8083,11320,883518
14137791,8204,13859,883519
14137807,7905,5292,883520
14137823,8135,2552,883521
14137839,8262,5386,883522
14137855,7948,7973,883523
14137871,8109,10544,883524
14137887,8048,13063,883525
14137903,7888,15964,883526
14137919,8250,2055,883527
14137935,8144,4632,883528
14137951,8016,7209,883529
14137967,8219,9976,883530
14137983,8111,12547,883531
14137999,8088,15134,883532
14138015,8348,1314,883533
14138031,7938,4096,883534
14138047,8146,6689,883535
14138063,8101,9246,883536
14138079,7923,11826,883537
14138095,8114,14599,883538
14138111,7903,705,883539
14138127,8024,3318,883540
14138143,8209,5844,883541
14138159,8057,8623,883542
14138175,8204,11261,883543
14138191,8302,13877,883544
14138207,8020,5315,883545
14138223,8323,2617,883546
14138239,8151,5396,883547
14138255,8031,8011,883548
14138271,8204,10498,883549
14138287,7883,13049,883550
14138303,7839,15916,883551
14138319,8179,2041,883552
14138335,7912,4567,883553
14138351,7951,7148,883554
14138367,8308,10041,883555
14138383,8138,12593,883556
14138399,8170,15127,883557
14138415,8318,1278,883558
14138431,8129,4154,883559
14138447,8204,6647,883560
14138463,8134,9246,883561
14138479,7987,11820,883562
14138495,8034,14603,883563
14138511,8073,742,883564
14138527,8043,3329,883565
14138543,8052,5859,883566
14138559,7976,8631,883567
14138575,8019,11292,883568
14138591,8159,13873,883569
14138607,8175,5346,883570
14138623,8052,2549,883571
14138639,8037,5396,883572
14138655,8149,7978,883573
14138671,8142,10541,883574
14138687,8088,13105,883575
14138703,8241,15915,883576
14138719,8045,2021,883577
14138735,8017,4592,883578
14138751,8136,7205,883579
14138767,8122,10019,883580
14138783,8071,12583,883581
14138799,8096,15144,883582
14138815,7939,1243,883583
14138831,8245,4151,883584
14138847,8144,6632,883585
14138863,8102,9192,883586
14138879,8218,11769,883587
14138895,8064,14673,883588
14138911,8230,808,883589
14138927,8298,3309,883590
14138943,7997,5932,883591
14138959,8080,8601,883592
14138975,8138,11314,883593
14138991,7879,13934,883594
14139007,8253,5306,883595
14139023,8175,2600,883596
14139039,7941,5330,883597
14139055,8286,7987,883598
14139071,8017,10572,883599
14139087,8220,13126,883600
14139103,8286,15910,883601
14139119,7906,2082,883602
14139135,8207,4669,883603
14139151,8119,7157,883604
14139167,7918,9993,883605
14139183,8160,12632,883606
14139199,8219,15201,883607
14139215,7873,1230,883608
14139231,8238,4165,883609
14139247,8017,6684,883610
14139263,8011,9235,883611
14139279,8166,11816,883612
14139295,7982,14608,883613
14139311,8267,776,883614
14139327,8235,3290,883615
14139343,8168,5945,883616
14139359,8251,8625,883617
14139375,8043,11341,883618
14139391,7924,13893,883619
14139407,8085,5324,883620
14139423,7956,2508,883621
14139439,7934,5358,883622
14139455,8194,7929,883623
14139471,7980,10497,883624
14139487,8158,13137,883625
14139503,8304,15935,883626
14139519,7992,2024,883627
14139535,8151,4589,883628
14139551,8173,7256,883629
14139567,7959,10003,883630
14139583,8202,12555,883631
14139599,8004,15110,883632
14139615,7908,1262,883633
14139631,8093,4089,883634
14139647,7935,6632,883635
14139663,8082,9246,883636
14139679,8185,11860,883637
14139695,8145,14692,883638
14139711,8127,760,883639
14139727,8118,3356,883640
14139743,8185,5918,883641
14139759,8286,8693,883642
14139775,8031,11336,883643
14139791,8178,13883,883644
14139807,8036,5298,883645
14139823,7934,2530,883646
14139839,8262,5407,883647
14139855,7970,7968,883648
14139871,8102,10527,883649
14139887,8177,13129,883650
14139903,7842,15909,883651
14139919,8045,2040,883652
14139935,8140,4610,883653
14139951,8098,7212,883654
14139967,8056,9997,883655
14139983,8096,12505,883656
14139999,7979,15153,883657
14140015,8326,1299,883658
14140031,8017,4114,883659
14140047,8072,6639,883660
14140063,8339,9280,883661
14140079,7866,11775,883662
14140095,8116,14633,883663
14140111,8183,761,883664
14140127,7973,3303,883665
14140143,8255,5922,883666
14140159,8076,8639,883667
14140175,7999,11249,883668
14140191,8293,13925,883669
14140207,8094,5359,883670
14140223,8208,2622,883671
14140239,8318,5376,883672
14140255,8011,7943,883673
14140271,8103,10503,883674
14140287,8056,13039,883675
14140303,7952,15964,883676
14140319,8190,2055,883677
14140335,7999,4628,883678
14140351,7988,7137,883679
14140367,8221,10006,883680
14140383,7874,12557,883681
14140399,8140,15176,883682
14140415,8266,1237,883683
14140431,8042,4065,883684
14140447,8270,6648,883685
14140463,8168,9208,883686
14140479,8055,11805,883687
14140495,8347,14655,883688
14140511,7979,728,883689
14140527,7930,3288,883690
14140543,8209,5893,883691
14140559,7906,8638,883692
14140575,8034,11259,883693
14140591,8172,13870,883694
14140607,8139,5351,883695
14140623,8218,2598,883696
14140639,8053,5358,883697
14140655,8008,7927,883698
14140671,8237,10495,883699
14140687,8105,13085,883700
14140703,8136,15905,883701
14140719,8195,2041,883702
14140735,7967,4664,883703
14140751,8026,7139,883704
14140767,8064,9992,883705
14140783,8061,12577,883706
14140799,8114,15170,883707
14140815,7973,1251,883708
14140831,8067,4126,883709
14140847,8247,6655,883710
14140863,8123,9215,883711
14140879,8165,11847,883712
14140895,8277,14741,883713
14140911,8107,775,883714
14140927,8016,3303,883715
14140943,8041,5891,883716
14140959,8221,8620,883717
14140975,8223,11322,883718
14140991,8027,13925,883719
14141007,8054,5341,883720
14141023,8279,2613,883721
14141039,8045,5398,883722
14141055,8203,7938,883723
14141071,8077,10518,883724
14141087,7947,13045,883725
14141103,8353,15979,883726
14141119,8114,2044,883727
14141135,8127,4567,883728
14141151,8248,7240,883729
14141167,7939,10002,883730
14141183,8156,12570,883731
14141199,8227,15105,883732
14141215,7881,1259,883733
14141231,8260,4099,883734
14141247,8175,6647,883735
14141263,7936,9275,883736
14141279,8221,11801,883737
14141295,8156,14650,883738
14141311,8027,684,883739
14141327,8126,3305,883740
14141343,7973,5859,883741
14141359,8184,8613,883742
14141375,8242,11352,883743
14141391,8062,13934,883744
14141407,8297,5354,883745
14141423,7998,2608,883746
14141439,7868,5376,883747
14141455,8291,7995,883748
14141471,7926,10528,883749
14141487,8057,13090,883750
14141503,8192,15935,883751
14141519,7913,2009,883752
14141535,8221,4598,883753
14141551,8307,7198,883754
14141567,7965,10011,883755
14141583,8313,12571,883756
14141599,8214,15160,883757
14141615,7880,1278,883758
14141631,8313,4090,883759
14141647,7980,6615,883760
14141663,7955,9236,883761
14141679,8239,11745,883762
14141695,8078,14703,883763
14141711,8082,733,883764
14141727,8285,3334,883765
14141743,8145,5918,883766
14141759,8272,8660,883767
14141775,8036,11240,883768
14141791,8173,13884,883769
14141807,8157,5298,883770
14141823,8011,2546,883771
14141839,8180,5372,883772
14141855,8034,7962,883773
14141871,7988,10519,883774
14141887,8150,13067,883775
14141903,8111,15976,883776
14141919,8088,2028,883777
14141935,8124,4559,883778
14141951,8154,7224,883779
14141967,8184,9998,883780
14141983,8289,12638,883781
14141999,8040,15206,883782
14142015,8195,1228,883783
14142031,8209,4086,883784
14142047,8153,6689,883785
14142063,8133,9256,883786
14142079,8069,11820,883787
14142095,7999,14607,883788
14142111,8055,690,883789
14142127,7877,3275,883790
14142143,8076,5938,883791
14142159,8139,8632,883792
14142175,8026,11267,883793
14142191,8379,13888,883794
14142207,8133,5311,883795
14142223,8172,2632,883796
14142239,8195,5369,883797
14142255,8073,7989,883798
14142271,8098,10515,883799
14142287,8214,13136,883800
14142303,8044,15981,883801
14142319,8179,2041,883802
14142335,8072,4541,883803
14142351,7880,7137,883804
14142367,8246,10008,883805
14142383,8094,12584,883806
14142399,7947,15150,883807
14142415,8402,1318,883808
14142431,8115,4118,883809
14142447,8116,6696,883810
14142463,8278,9210,883811
14142479,8011,11840,883812
14142495,8191,14625,883813
14142511,8245,806,883814
14142527,7914,3302,883815
14142543,8125,5883,883816
14142559,8004,8625,883817
14142575,7845,11239,883818
14142591,8129,13824,883819
14142607,7986,5253,883820
14142623,8240,2521,883821
14142639,8262,5376,883822
14142655,8140,7959,883823
14142671,8332,10559,883824
14142687,8181,13122,883825
14142703,7952,15916,883826
14142719,8221,1962,883827
14142735,8046,4601,883828
14142751,7974,7200,883829
14142767,8073,10006,883830
14142783,8061,12564,883831
14142799,8007,15134,883832
14142815,8333,1233,883833
14142831,8032,4088,883834
14142847,8038,6650,883835
14142863,8253,9264,883836
14142879,8004,11794,883837
14142895,8221,14634,883838
14142911,8209,734,883839
14142927,8145,3293,883840
14142943,8061,5898,883841
14142959,8026,8655,883842
14142975,7972,11305,883843
14142991,8024,13824,883844
14143007,8045,5334,883845
14143023,8017,2547,883846
14143039,8087,5413,883847
14143055,8220,7952,883848
14143071,8110,10507,883849
14143087,8112,13101,883850
14143103,8283,15900,883851
14143119,8138,1999,883852
14143135,8091,4632,883853
14143151,8057,7171,883854
14143167,8086,10049,883855
14143183,8143,12621,883856
14143199,8219,15189,883857
14143215,7977,1266,883858
14143231,8002,4122,883859
14143247,8228,6724,883860
14143263,8063,9283,883861
14143279,8148,11833,883862
14143295,8174,14622,883863
14143311,8093,766,883864
14143327,8353,3349,883865
14143343,8067,5899,883866
14143359,8124,8596,883867
14143375,8265,11255,883868
14143391,8067,13899,883869
14143407,8175,5323,883870
14143423,8123,2627,883871
14143439,7939,5369,883872
14143455,8076,7906,883873
14143471,7882,10505,883874
14143487,7928,13055,883875
14143503,8353,15938,883876
14143519,8058,2047,883877
14143535,8106,4590,883878
14143551,8305,7225,883879
14143567,8086,10041,883880
14143583,8181,12564,883881
14143599,8348,15200,883882
14143615,7826,1247,883883
14143631,8196,4178,883884
14143647,8136,6685,883885
14143663,7888,9256,883886
14143679,8173,11824,883887
14143695,8066,14678,883888
14143711,8043,778,883889
14143727,8261,3356,883890
14143743,7905,5860,883891
14143759,8173,8654,883892
14143775,8219,11293,883893
14143791,7977,13859,883894
14143807,8318,5338,883895
14143823,8237,2626,883896
14143839,8162,5392,883897
14143855,8136,7986,883898
14143871,8111,10491,883899
14143887,8064,13056,883900
14143903,8082,15940,883901
14143919,7986,1983,883902
14143935,8055,4644,883903
14143951,8135,7154,883904
14143967,8134,10035,883905
14143983,8170,12591,883906
14143999,8089,15188,883907
14144015,8199,1251,883908
14144031,8152,4063,883909
14144047,8149,6698,883910
14144063,8078,9190,883911
14144079,7969,11835,883912
14144095,7948,14629,883913
14144111,8038,772,883914
14144127,8101,3361,883915
14144143,7990,5914,883916
14144159,8147,8646,883917
14144175,8007,11304,883918
14144191,8106,13854,883919
14144207,8254,5342,883920
14144223,8162,2589,883921
14144239,8237,5417,883922
14144255,8175,8029,883923
14144271,8133,10546,883924
14144287,8291,13186,883925
14144303,7952,15976,883926
14144319,8168,2057,883927
14144335,8105,4580,883928
14144351,7839,7158,883929
14144367,8096,10009,883930
14144383,8008,12554,883931
14144399,7902,15133,883932
14144415,8279,1269,883933
14144431,8131,4129,883934
14144447,8069,6709,883935
14144463,8262,9242,883936
14144479,8071,11771,883937
14144495,8030,14577,883938
14144511,8368,752,883939
14144527,8045,3342,883940
14144543,8191,5908,883941
14144559,8192,8605,883942
14144575,8007,11340,883943
14144591,8138,13857,883944
14144607,7956,5282,883945
14144623,8078,2600,883946
14144639,8200,5386,883947
14144655,8026,7944,883948
14144671,8075,10553,883949
14144687,8301,13111,883950
14144703,7993,15941,883951
14144719,8283,2073,883952
14144735,8152,4695,883953
14144751,8017,7192,883954
14144767,8132,9973,883955
14144783,7987,12568,883956
14144799,8062,15152,883957
14144815,8195,1264,883958
14144831,8084,4124,883959
14144847,8169,6695,883960
14144863,8275,9204,883961
14144879,7970,11800,883962
14144895,8244,14644,883963
14144911,8183,661,883964
14144927,8043,3348,883965
14144943,8313,5952,883966
14144959,8162,8648,883967
14144975,8136,11345,883968
14144991,8121,13869,883969
14145007,8022,5347,883970
14145023,8039,2511,883971
14145039,8045,5347,883972
14145055,8024,7987,883973
14145071,8210,10557,883974
14145087,8256,13146,883975
14145103,8242,15984,883976
14145119,8152,2071,883977
14145135,8037,4642,883978
14145151,8207,7206,883979
14145167,8189,10062,883980
14145183,7992,12512,883981
14145199,8141,15138,883982
14145215,8003,1230,883983
14145231,7973,4119,883984
14145247,8156,6609,883985
14145263,8122,9220,883986
14145279,8060,11735,883987
14145295,8218,14627,883988
14145311,8041,737,883989
14145327,8243,3335,883990
14145343,8138,5951,883991
14145359,8112,8671,883992
14145375,8315,11315,883993
14145391,8097,13892,883994
14145407,8110,5326,883995
14145423,8124,2557,883996
14145439,8064,5378,883997
14145455,8183,7913,883998
14145471,7995,10482,883999
14145487,7978,13097,884000
14145503,8239,15980,884001
14145519,8036,2032,884002
14145535,7926,4599,884003
14145551,8300,7170,884004
14145567,8019,9995,884005
14145583,8241,12625,884006
14145599,8357,15145,884007
14145615,8012,1313,884008
14145631,8262,4129,884009
14145647,8141,6636,884010
14145663,7895,9196,884011
14145679,8217,11828,884012
14145695,8035,14602,884013
14145711,7903,717,884014
14145727,8233,3313,884015
14145743,8049,5867,884016
14145759,7919,8606,884017
14145775,8340,11306,884018
14145791,8063,13854,884019
14145807,8156,5320,884020
14145823,8340,2606,884021
14145839,8043,5342,884022
14145855,8123,7935,884023
14145871,8178,10514,884024
14145887,7866,13063,884025
14145903,8021,15963,884026
14145919,7910,2037,884027
14145935,8038,4658,884028
14145951,8221,7151,884029
14145967,8067,9986,884030
14145983,8238,12543,884031
14145999,8326,15138,884032
14146015,8130,1270,884033
14146031,8279,4073,884034
14146047,8360,6732,884035
14146063,7943,9210,884036
14146079,8255,11807,884037
14146095,8161,14618,884038
14146111,7973,732,884039
14146127,8211,3350,884040
14146143,8052,5873,884041
14146159,7980,8657,884042
14146175,8192,11329,884043
14146191,8029,13894,884044
14146207,8099,5274,884045
14146223,8116,2610,884046
14146239,8192,5409,884047
14146255,8122,7943,884048
14146271,8171,10542,884049
14146287,8237,13107,884050
14146303,8015,15925,884051
14146319,8107,2034,884052
14146335,8212,4645,884053
14146351,8098,7217,884054
14146367,8026,10001,884055
14146383,8163,12608,884056
14146399,8028,15161,884057
14146415,8148,1251,884058
14146431,8035,4088,884059
14146447,8027,6695,884060
14146463,8159,9246,884061
14146479,8121,11845,884062
14146495,8226,14661,884063
14146511,8252,781,884064
14146527,8094,3389,884065
14146543,8160,5955,884066
14146559,8151,8611,884067
14146575,7956,11249,884068
14146591,8161,13891,884069
14146607,8116,5312,884070
14146623,8046,2590,884071
14146639,8243,5346,884072
14146655,8146,7974,884073
14146671,8120,10507,884074
14146687,8335,13115,884075
14146703,8101,15992,884076
14146719,8275,1997,884077
14146735,8186,4560,884078
14146751,7916,7139,884079
14146767,8199,10005,884080
14146783,8085,12547,884081
14146799,7917,15160,884082
14146815,8137,1250,884083
14146831,7957,4089,884084
14146847,8067,6658,884085
14146863,8361,9263,884086
14146879,7832,11798,884087
14146895,8116,14584,884088
14146911,8282,756,884089
14146927,8073,3345,884090
14146943,8206,5921,884091
14146959,8347,8687,884092
14146975,7991,11287,884093
14146991,8214,13880,884094
14147007,8122,5369,884095
14147023,7990,2628,884096
14147039,8065,5374,884097
14147055,8062,7956,884098
14147071,7975,10471,884099
14147087,8233,13089,884100
14147103,8057,15893,884101
14147119,8087,2027,884102
14147135,8135,4586,884103
14147151,8196,7196,884104
14147167,8172,10016,884105
14147183,8073,12588,884106
14147199,8134,15199,884107
14147215,8143,1268,884108
14147231,8055,4140,884109
14147247,8215,6689,884110
14147263,8168,9234,884111
14147279,8090,11872,884112
14147295,8142,14658,884113
14147311,8120,765,884114
14147327,8085,3306,884115
14147343,8358,5938,884116
14147359,8162,8644,884117
14147375,8135,11306,884118
14147391,8134,13899,884119
14147407,8124,5268,884120
14147423,8007,2517,884121
14147439,8046,5386,884122
14147455,8105,7947,884123
14147471,8113,10476,884124
14147487,8068,13127,884125
14147503,8237,15942,884126
14147519,8179,2068,884127
14147535,8008,4517,884128
14147551,8312,7216,884129
14147567,8025,10048,884130
14147583,8112,12592,884131
14147599,8350,15208,884132
14147615,8079,1286,884133
14147631,8085,4082,884134
14147647,8222,6657,884135
14147663,8022,9239,884136
14147679,8178,11773,884137
14147695,8130,14631,884138
14147711,7996,778,884139
14147727,8253,3310,884140
14147743,8122,5910,884141
14147759,8001,8618,884142
14147775,8325,11293,884143
14147791,8015,13789,884144
14147807,8065,5279,884145
14147823,8350,2565,884146
14147839,8069,5408,884147
14147855,8286,7966,884148
14147871,8243,10484,884149
14147887,8002,13128,884150
14147903,8273,15954,884151
14147919,7994,1992,884152
14147935,7921,4564,884153
14147951,8200,7221,884154
14147967,8102,10029,884155
14147983,8099,12589,884156
14147999,8304,15183,884157
14148015,8054,1269,884158
14148031,8235,4069,884159
14148047,8284,6654,884160
14148063,7996,9250,884161
14148079,8183,11770,884162
14148095,8232,14686,884163
14148111,8094,784,884164
14148127,8127,3319,884165
14148143,7897,5869,884166
14148159,8034,8598,884167
14148175,8189,11249,884168
14148191,8028,13912,884169
14148207,8106,5298,884170
14148223,8230,2540,884171
14148239,8193,5377,884172
14148255,8292,7992,884173
14148271,8334,10577,884174
14148287,8176,13079,884175
14148303,8185,15947,884176
14148319,8137,2041,884177
14148335,8068,4604,884178
14148351,8075,7221,884179
14148367,8000,10064,884180
14148383,8139,12532,884181
14148399,8083,15193,884182
14148415,8069,1274,884183
14148431,8211,4166,884184
14148447,7896,6720,884185
14148463,8138,9252,884186
14148479,8098,11822,884187
14148495,8076,14618,884188
14148511,8211,771,884189
14148527,8254,3373,884190
14148543,8065,5918,884191
14148559,8168,8633,884192
14148575,8075,11353,884193
14148591,8059,13890,884194
14148607,8116,5307,884195
14148623,7956,2545,884196
14148639,8227,5394,884197
14148655,8216,7992,884198
14148671,8031,10560,884199
14148687,8281,13131,884200
14148703,8112,15968,884201
14148719,8130,2039,884202
14148735,8144,4582,884203
14148751,8117,7219,884204
14148767,8093,10000,884205
14148783,8278,12622,884206
14148799,7835,15105,884207
14148815,8251,1305,884208
14148831,8099,4132,884209
14148847,7965,6647,884210
14148863,8428,9212,884211
14148879,8018,11853,884212
14148895,8176,14671,884213
14148911,8361,778,884214
14148927,8094,3319,884215
14148943,8180,5885,884216
14148959,8366,8641,884217
14148975,8003,11311,884218
14148991,8110,13892,884219
14149007,8227,5268,884220
14149023,7881,2619,884221
14149039,8145,5424,884222
14149055,8002,7963,884223
14149071,7980,10472,884224
14149087,8050,13101,884225
14149103,7932,15977,884226
14149119,8002,2047,884227
14149135,8197,4592,884228
14149151,8211,7217,884229
14149167,8259,9958,884230
14149183,8068,12569,884231
14149199,8015,15198,884232
14149215,8247,1226,884233
14149231,8013,4090,884234
14149247,8134,6654,884235
14149263,8119,9208,884236
14149279,7933,11877,884237
14149295,8170,14664,884238
14149311,8162,729,884239
14149327,8053,3363,884240
14149343,8260,5903,884241
14149359,8225,8628,884242
14149375,8076,11244,884243
14149391,8480,13925,884244
14149407,8081,5271,884245
14149423,8173,2586,884246
14149439,8194,5386,884247
14149455,8074,7990,884248
14149471,7934,10531,884249
14149487,8048,13126,884250
14149503,8110,15942,884251
14149519,8119,1968,884252
14149535,8084,4579,884253
14149551,8137,7197,884254
14149567,8120,10019,884255
14149583,8022,12522,884256
14149599,8272,15171,884257
14149615,8184,1224,884258
14149631,8085,4083,884259
14149647,8256,6647,884260
14149663,8074,9197,884261
14149679,8150,11805,884262
14149695,8147,14613,884263
14149711,8062,783,884264
14149727,8050,3317,884265
14149743,8028,5914,884266
14149759,8142,8725,884267
14149775,8321,11285,884268
14149791,8032,13862,884269
14149807,7988,5276,884270
14149823,8150,2584,884271
14149839,8123,5389,884272
14149855,8182,8007,884273
14149871,8245,10506,884274
14149887,8169,13166,884275
14149903,8234,15935,884276
14149919,8203,2043,884277
14149935,7926,4576,884278
14149951,8309,7245,884279
14149967,7932,9999,884280
14149983,7999,12533,884281
14149999,8248,15154,884282
14150015,8047,1278,884283
14150031,8091,4079,884284
14150047,8390,6682,884285
14150063,7907,9237,884286
14150079,8185,11822,884287
14150095,8094,14602,884288
14150111,8021,791,884289
14150127,8155,3292,884290
14150143,7975,5878,884291
14150159,7960,8627,884292
14150175,8194,11285,884293
14150191,8013,13920,884294
14150207,8008,5327,884295
14150223,8223,2547,884296
14150239,7990,5321,884297
14150255,8104,7960,884298
14150271,8260,10500,884299
14150287,7999,13069,884300
14150303,8233,15935,884301
14150319,8128,2018,884302
14150335,7891,4577,884303
14150351,8166,7139,884304
14150367,7994,10017,884305
14150383,8058,12570,884306
14150399,8154,15156,884307
14150415,8005,1269,884308
14150431,8278,4126,884309
14150447,8223,6645,884310
14150463,7974,9188,884311
14150479,8252,11850,884312
14150495,8203,14673,884313
14150511,7977,751,884314
14150527,8237,3293,884315
14150543,8112,5906,884316
14150559,8128,8616,884317
14150575,8164,11311,884318
14150591,8074,13918,884319
14150607,8106,5307,884320
14150623,8207,2608,884321
14150639,8103,5441,884322
14150655,8166,7961,884323
14150671,8111,10514,884324
14150687,8140,13068,884325
14150703,8157,15957,884326
14150719,8184,2094,884327
14150735,8146,4600,884328
14150751,8079,7233,884329
14150767,8120,10008,884330
14150783,8102,12576,884331
14150799,7962,15163,884332
14150815,8105,1291,884333
14150831,8163,4165,884334
14150847,7987,6722,884335
14150863,8102,9181,884336
14150879,8139,11842,884337
14150895,8057,14610,884338
14150911,8166,775,884339
14150927,8056,3316,884340
14150943,8047,5919,884341
14150959,8373,8651,884342
14150975,7905,11254,884343
14150991,8181,13927,884344
14151007,8144,5341,884345
14151023,7984,2633,884346
14151039,8207,5368,884347
14151055,8261,7980,884348
14151071,8079,10546,884349
14151087,8220,13113,884350
14151103,8045,15964,884351
14151119,8055,2013,884352
14151135,8236,4577,884353
14151151,8053,7156,884354
14151167,8300,10017,884355
14151183,8252,12605,884356
14151199,8010,15154,884357
14151215,8296,1284,884358
14151231,7950,4098,884359
14151247,7948,6649,884360
14151263,8146,9234,884361
14151279,7948,11850,884362
14151295,8026,14641,884363
14151311,8182,764,884364
14151327,7914,3275,884365
14151343,8090,5899,884366
14151359,8138,8605,884367
14151375,7897,11313,884368
14151391,8197,13886,884369
14151407,8251,5347,884370
14151423,8035,2542,884371
14151439,8276,5387,884372
14151455,8139,7965,884373
14151471,7897,10516,884374
14151487,7986,13034,884375
14151503,7941,15944,884376
14151519,8071,2053,884377
14151535,8028,4581,884378
14151551,8145,7187,884379
14151567,8148,10007,884380
14151583,8247,12579,884381
14151599,8209,15206,884382
14151615,8196,1254,884383
14151631,8089,4091,884384
14151647,8110,6686,884385
14151663,8143,9262,884386
14151679,8032,11773,884387
14151695,8102,14610,884388
14151711,8091,744,884389
14151727,7960,3313,884390
14151743,8070,5861,884391
14151759,8145,8637,884392
14151775,8075,11254,884393
14151791,8248,13895,884394
14151807,8061,5293,884395
14151823,8247,2614,884396
14151839,8160,5393,884397
14151855,8116,7947,884398
14151871,8144,10530,884399
14151887,8121,13059,884400
14151903,8215,15922,884401
14151919,8230,2076,884402
14151935,7987,4603,884403
14151951,8250,7190,884404
14151967,8206,10031,884405
14151983,7931,12615,884406
14151999,8320,15153,884407
14152015,8025,1246,884408
14152031,8007,4084,884409
14152047,8423,6699,884410
14152063,8038,9254,884411
14152079,8333,11844,884412
14152095,8217,14600,884413
14152111,7908,723,884414
14152127,8298,3291,884415
14152143,8155,5882,884416
14152159,7942,8607,884417
14152175,8190,11356,884418
14152191,7958,13871,884419
14152207,8034,5306,884420
14152223,8178,2521,884421
14152239,7984,5374,884422
14152255,8023,7948,884423
14152271,8376,10507,884424
14152287,8132,13154,884425
14152303,8228,15898,884426
14152319,8300,2048,884427
14152335,7930,4595,884428
14152351,8173,7167,884429
14152367,8145,9996,884430
14152383,7957,12586,884431
14152399,8073,15136,884432
14152415,8062,1281,884433
14152431,7952,4077,884434
14152447,8229,6626,884435
14152463,8144,9236,884436
14152479,8153,11758,884437
14152495,8457,14605,884438
14152511,8033,692,884439
14152527,8261,3302,884440
14152543,8094,5883,884441
14152559,8122,8677,884442
14152575,8289,11311,884443
14152591,8026,13939,884444
14152607,8037,5269,884445
14152623,8080,2551,884446
14152639,7944,5383,884447
14152655,8045,7993,884448
14152671,8294,10536,884449
14152687,8112,13051,884450
14152703,8225,15919,884451
14152719,8244,1987,884452
14152735,8037,4600,884453
14152751,8139,7171,884454
14152767,8282,10003,884455
14152783,8148,12608,884456
14152799,8215,15162,884457
14152815,8076,1261,884458
14152831,8071,4094,884459
14152847,8076,6689,884460
14152863,8220,9254,884461
14152879,8122,11821,884462
14152895,8017,14719,884463
14152911,8327,778,884464
14152927,8116,3336,884465
14152943,7974,5931,884466
14152959,8190,8637,884467
14152975,8044,11290,884468
14152991,8126,13885,884469
14153007,8170,5338,884470
14153023,8024,2619,884471
14153039,8157,5377,884472
14153055,8170,7928,884473
14153071,7947,10514,884474
14153087,8196,13116,884475
14153103,8119,15913,884476
14153119,8108,2040,884477
14153135,8166,4562,884478
14153151,8189,7160,884479
14153167,8223,9980,884480
14153183,8152,12563,884481
14153199,8082,15126,884482
14153215,8248,1256,884483
14153231,8212,4167,884484
14153247,8026,6645,884485
14153263,8273,9263,884486
14153279,8079,11843,884487
14153295,8019,14656,884488
14153311,8112,732,884489
14153327,7980,3307,884490
14153343,7974,5896,884491
14153359,8301,8670,884492
14153375,7881,11282,884493
14153391,8164,13883,884494
14153407,8175,5329,884495
14153423,7878,2550,884496
14153439,8379,5420,884497
14153455,8214,7993,884498
14153471,8005,10524,884499
14153487,8230,13156,884500
14153503,8228,15991,884501
14153519,7967,2002,884502
14153535,8144,4592,884503
14153551,8054,7154,884504
14153567,8104,9989,884505
14153583,8219,12643,884506
14153599,8051,15152,884507
14153615,8144,1203,884508
14153631,8155,4124,884509
14153647,8006,6686,884510
14153663,8206,9277,884511
14153679,8102,11801,884512
14153695,8081,14597,884513
14153711,8007,736,884514
14153727,7970,3297,884515
14153743,8237,5955,884516
14153759,7981,8661,884517
14153775,8034,11310,884518
14153791,8183,13876,884519
14153807,8113,5280,884520
14153823,8183,2614,884521
14153839,8213,5384,884522
14153855,8185,7986,884523
14153871,8233,10502,884524
14153887,8214,13102,884525
14153903,8081,15921,884526
14153919,8254,2079,884527
14153935,8091,4587,884528
14153951,8179,7196,884529
14153967,8275,10021,884530
14153983,7977,12552,884531
14153999,8124,15181,884532
14154015,8199,1266,884533
14154031,7988,4114,884534
14154047,8300,6705,884535
14154063,8141,9255,884536
14154079,8076,11813,884537
14154095,8257,14677,884538
14154111,7957,712,884539
14154127,8095,3306,884540
14154143,8102,5886,884541
14154159,7907,8657,884542
14154175,8091,11312,884543
14154191,8140,13897,884544
14154207,7925,5343,884545
14154223,8172,2585,884546
14154239,8026,5376,884547
14154255,8073,8008,884548
14154271,8183,10470,884549
14154287,8080,13034,884550
14154303,8066,15909,884551
14154319,8389,2065,884552
14154335,8039,4664,884553
14154351,8231,7191,884554
14154367,8241,10025,884555
14154383,8022,12576,884556
14154399,8156,15239,884557
14154415,7945,1294,884558
14154431,8011,4117,884559
14154447,8085,6658,884560
14154463,7988,9209,884561
14154479,8141,11842,884562
14154495,8112,14612,884563
14154511,7974,730,884564
14154527,8309,3339,884565
14154543,8169,5901,884566
14154559,7908,8597,884567
14154575,8380,11339,884568
14154591,8131,13927,884569
14154607,7922,5269,884570
14154623,8152,2556,884571
14154639,7910,5362,884572
14154655,7949,7949,884573
14154671,8200,10529,884574
14154687,7947,12995,884575
14154703,8101,15892,884576
14154719,8259,1989,884577
14154735,8054,4643,884578
14154751,8212,7229,884579
14154767,8153,10046,884580
14154783,8111,12611,884581
14154799,8105,15154,884582
14154815,8215,1311,884583
14154831,8117,4129,884584
14154847,8151,6634,884585
14154863,8000,9190,884586
14154879,8058,11824,884587
14154895,8037,14579,884588
14154911,8227,785,884589
14154927,8098,3318,884590
14154943,8172,5922,884591
14154959,8342,8638,884592
14154975,8195,11334,884593
14154991,8083,13844,884594
14155007,8240,5308,884595
14155023,8237,2644,884596
14155039,8103,5388,884597
14155055,8085,7932,884598
14155071,7991,10510,884599
14155087,8149,13088,884600
14155103,7995,15901,884601
14155119,7978,2069,884602
14155135,8104,4559,884603
14155151,8102,7212,884604
14155167,8153,10014,884605
14155183,8232,12560,884606
14155199,8066,15161,884607
14155215,8345,1279,884608
14155231,8312,4157,884609
14155247,8088,6725,884610
14155263,8275,9234,884611
14155279,8195,11861,884612
14155295,7994,14639,884613
14155311,8092,721,884614
14155327,8047,3311,884615
14155343,7917,5906,884616
14155359,8214,8610,884617
14155375,7919,11315,884618
14155391,8277,13879,884619
14155407,8402,5343,884620
14155423,8132,2601,884621
14155439,8262,5377,884622
14155455,8259,7935,884623
14155471,8033,10512,884624
14155487,8302,13108,884625
14155503,8152,15968,884626
14155519,7921,2071,884627
14155535,8056,4631,884628
14155551,8041,7212,884629
14155567,8134,10033,884630
14155583,8267,12569,884631
14155599,8090,15116,884632
14155615,8242,1303,884633
14155631,8294,4123,884634
14155647,8057,6637,884635
14155663,8330,9276,884636
14155679,8282,11888,884637
14155695,8026,14612,884638
14155711,8236,749,884639
14155727,8085,3315,884640
14155743,7979,5894,884641
14155759,8173,8684,884642
14155775,8004,11325,884643
14155791,8109,13888,884644
14155807,8201,5310,884645
14155823,8058,2556,884646
14155839,8220,5392,884647
14155855,8168,7963,884648
14155871,8196,10567,884649
14155887,8379,13172,884650
14155903,8165,15958,884651
14155919,8262,2044,884652
14155935,8089,4636,884653
14155951,8113,7197,884654
14155967,7996,10024,884655
14155983,8090,12559,884656
14155999,8148,15167,884657
14156015,8178,1276,884658
14156031,8215,4097,884659
14156047,8145,6676,884660
14156063,8227,9269,884661
14156079,8213,11827,884662
14156095,8336,14618,884663
14156111,8236,778,884664
14156127,8180,3290,884665
14156143,8370,5934,884666
14156159,8162,8639,884667
14156175,8068,11257,884668
14156191,8264,13927,884669
14156207,8105,5256,884670
14156223,8128,2611,884671
14156239,8119,5359,884672
14156255,8067,8004,884673
14156271,8279,10508,884674
14156287,8098,13093,884675
14156303,8131,15963,884676
14156319,8349,2045,884677
14156335,7993,4601,884678
14156351,8085,7191,884679
14156367,8145,9990,884680
14156383,8106,12640,884681
14156399,8278,15173,884682
14156415,8158,1241,884683
14156431,8184,4133,884684
14156447,8241,6721,884685
14156463,8152,9277,884686
14156479,7992,11766,884687
14156495,8323,14632,884688
14156511,8036,754,884689
14156527,8095,3303,884690
14156543,8119,5878,884691
14156559,8104,8670,884692
14156575,8287,11321,884693
14156591,8231,13889,884694
14156607,7957,5305,884695
14156623,8261,2598,884696
14156639,8139,5394,884697
14156655,7951,7944,884698
14156671,8203,10550,884699
14156687,8039,13127,884700
14156703,8093,15941,884701
14156719,8221,2009,884702
14156735,8118,4629,884703
14156751,8127,7127,884704
14156767,8244,9997,884705
14156783,8038,12560,884706
14156799,8251,15119,884707
14156815,8161,1242,884708
14156831,8087,4115,884709
14156847,8158,6652,884710
14156863,8140,9303,884711
14156879,8168,11853,884712
14156895,8110,14632,884713
14156911,7955,739,884714
14156927,8192,3382,884715
14156943,8082,5899,884716
14156959,8167,8656,884717
14156975,8309,11360,884718
14156991,7979,13899,884719
14157007,8168,5353,884720
14157023,8185,2590,884721
14157039,8016,5356,884722
14157055,8091,7954,884723
14157071,8106,10534,884724
14157087,8029,13077,884725
14157103,8085,15925,884726
14157119,8069,2026,884727
14157135,8170,4654,884728
14157151,8108,7144,884729
14157167,8102,10034,884730
14157183,8262,12625,884731
14157199,8070,15139,884732
14157215,8207,1253,884733
14157231,8059,4117,884734
14157247,8134,6703,884735
14157263,8170,9244,884736
14157279,8218,11827,884737
14157295,7956,14629,884738
14157311,8239,772,884739
14157327,8090,3353,884740
14157343,8006,5884,884741
14157359,8251,8594,884742
14157375,8162,11316,884743
14157391,8142,13872,884744
14157407,8299,5376,884745
14157423,8014,2616,884746
14157439,8082,5450,884747
14157455,8309,7954,884748
14157471,8030,10538,884749
14157487,8195,13114,884750
14157503,8239,15917,884751
14157519,7925,2033,884752
14157535,8311,4669,884753
14157551,8142,7226,884754
14157567,7983,10005,884755
14157583,8110,12561,884756
14157599,8062,15122,884757
14157615,8071,1276,884758
14157631,8260,4124,884759
14157647,8157,6710,884760
14157663,8192,9262,884761
14157679,8226,11773,884762
14157695,8075,14642,884763
14157711,8317,777,884764
14157727,8165,3322,884765
14157743,7977,5873,884766
14157759,8222,8648,884767
14157775,7916,11312,884768
14157791,8059,13880,884769
14157807,8272,5371,884770
14157823,7950,2584,884771
14157839,8227,5384,884772
14157855,8299,7985,884773
14157871,8011,10479,884774
14157887,8310,13074,884775
14157903,8253,15980,884776
14157919,8147,2075,884777
14157935,8331,4694,884778
14157951,8145,7227,884779
14157967,7877,10035,884780
14157983,8089,12607,884781
14157999,7925,15158,884782
14158015,8104,1251,884783
14158031,8158,4118,884784
14158047,8083,6679,884785
14158063,8162,9195,884786
14158079,8181,11795,884787
14158095,8236,14718,884788
14158111,8205,720,884789
14158127,8223,3309,884790
14158143,8204,5906,884791
14158159,8097,8600,884792
14158175,8162,11262,884793
14158191,8215,13930,884794
14158207,7913,5325,884795
14158223,8008,2588,884796
14158239,8190,5397,884797
14158255,8035,7960,884798
14158271,8083,10501,884799
14158287,8234,13135,884800
14158303,8082,15967,884801
14158319,8212,2026,884802
14158335,8195,4592,884803
14158351,8115,7198,884804
14158367,8259,9994,884805
14158383,8000,12557,884806
14158399,8121,15200,884807
14158415,8217,1264,884808
14158431,8114,4154,884809
14158447,8008,6683,884810
14158463,8023,9258,884811
14158479,8015,11812,884812
14158495,8243,14684,884813
14158511,8095,758,884814
14158527,8091,3336,884815
14158543,8277,5899,884816
14158559,8057,8639,884817
14158575,8337,11316,884818
14158591,8341,13920,884819
14158607,8038,5350,884820
14158623,8273,2602,884821
14158639,8186,5393,884822
14158655,7873,7985,884823
14158671,8147,10516,884824
14158687,8021,13085,884825
14158703,8091,15905,884826
14158719,8273,2039,884827
14158735,8118,4662,884828
14158751,8182,7237,884829
14158767,8275,9989,884830
14158783,8135,12618,884831
14158799,8298,15152,884832
14158815,8241,1269,884833
14158831,8054,4123,884834
14158847,8295,6695,884835
14158863,7996,9271,884836
14158879,8039,11829,884837
14158895,7953,14606,884838
14158911,8124,739,884839
14158927,7957,3285,884840
14158943,8205,5921,884841
14158959,8010,8677,884842
14158975,8224,11261,884843
14158991,8239,13879,884844
14159007,8026,5336,884845
14159023,8336,2582,884846
14159039,8157,5407,884847
14159055,7998,7958,884848
14159071,8285,10596,884849
14159087,8013,13091,884850
14159103,8076,15976,884851
14159119,8178,2047,884852
14159135,7991,4600,884853
14159151,8073,7221,884854
14159167,8257,10008,884855
14159183,8045,12562,884856
14159199,8249,15148,884857
14159215,8300,1235,884858
14159231,8146,4133,884859
14159247,8282,6715,884860
14159263,8227,9254,884861
14159279,8149,11872,884862
14159295,8133,14682,884863
14159311,8006,737,884864
14159327,8025,3313,884865
14159343,8076,5904,884866
14159359,8109,8668,884867
14159375,8056,11306,884868
14159391,8142,13892,884869
14159407,8312,5329,884870
14159423,8030,2559,884871
14159439,8183,5387,884872
14159455,8316,7976,884873
14159471,8065,10510,884874
14159487,8174,13083,884875
14159503,8115,15976,884876
14159519,7943,2042,884877
14159535,7989,4582,884878
14159551,8209,7218,884879
14159567,8014,10027,884880
14159583,8190,12567,884881
14159599,8195,15175,884882
14159615,8051,1268,884883
14159631,8214,4140,884884
14159647,8006,6652,884885
14159663,8087,9239,884886
14159679,8237,11849,884887
14159695,8026,14646,884888
14159711,8174,729,884889
14159727,8121,3299,884890
14159743,7925,5889,884891
14159759,8208,8618,884892
14159775,8066,11309,884893
14159791,8095,13938,884894
14159807,8270,5343,884895
14159823,8042,2600,884896
14159839,8167,5368,884897
14159855,8193,7983,884898
14159871,7893,10498,884899
14159887,8075,13027,884900
14159903,8165,15920,884901
14159919,7939,2006,884902
14159935,8312,4662,884903
14159951,8181,7214,884904
14159967,7871,9983,884905
14159983,8208,12603,884906
14159999,8041,15194,884907
14160015,8036,1288,884908
14160031,8152,4092,884909
14160047,8088,6687,884910
14160063,8036,9161,884911
14160079,8136,11860,884912
14160095,8013,14644,884913
14160111,8115,733,884914
14160127,8072,3301,884915
14160143,8045,5901,884916
14160159,8071,8617,884917
14160175,8146,11332,884918
14160191,8122,13881,884919
14160207,8033,5349,884920
14160223,7902,2622,884921
14160239,8272,5409,884922
14160255,8108,7991,884923
14160271,8003,10578,884924
14160287,8163,13037,884925
14160303,8187,15918,884926
14160319,8035,2090,884927
14160335,8170,4593,884928
14160351,8043,7174,884929
14160367,8005,9977,884930
14160383,8120,12563,884931
14160399,8056,15167,884932
14160415,8004,1272,884933
14160431,8140,4144,884934
14160447,7975,6692,884935
14160463,8094,9232,884936
14160479,8012,11817,884937
14160495,8108,14593,884938
14160511,8039,692,884939
14160527,8133,3329,884940
14160543,8300,5908,884941
14160559,8012,8670,884942
14160575,8145,11331,884943
14160591,8276,13949,884944
14160607,8002,5313,884945
14160623,8184,2529,884946
14160639,8122,5497,884947
14160655,8088,7987,884948
14160671,8210,10506,884949
14160687,8122,13075,884950
14160703,7985,15907,884951
14160719,8355,2048,884952
14160735,8132,4675,884953
14160751,8035,7203,884954
14160767,8270,10027,884955
14160783,8033,12525,884956
14160799,8237,15165,884957
14160815,8219,1233,884958
14160831,7886,4113,884959
14160847,8258,6726,884960
14160863,8110,9251,884961
14160879,7838,11769,884962
14160895,8099,14610,884963
14160911,8059,793,884964
14160927,8150,3321,884965
14160943,8268,5937,884966
14160959,8004,8657,884967
14160975,8237,11295,884968
14160991,8274,13884,884969
14161007,8053,5308,884970
14161023,8359,2649,884971
14161039,8226,5350,884972
14161055,8094,7972,884973
14161071,8420,10568,884974
14161087,7958,13084,884975
14161103,8131,15995,884976
14161119,8106,2056,884977
14161135,7947,4601,884978
14161151,7966,7144,884979
14161167,8290,9992,884980
14161183,7963,12539,884981
14161199,8067,15147,884982
14161215,8123,1258,884983
14161231,8127,4165,884984
14161247,8304,6615,884985
14161263,8209,9274,884986
14161279,8169,11870,884987
14161295,8247,14652,884988
14161311,8140,739,884989
14161327,8059,3364,884990
14161343,8121,5954,884991
14161359,7947,8585,884992
14161375,8090,11262,884993
14161391,8107,13909,884994
14161407,8127,5324,884995
14161423,8173,2558,884996
14161439,8080,5350,884997
14161455,8334,7968,884998
14161471,8209,10526,884999
14161487,8212,13149,885000
14161503,8161,15944,885001
14161519,8112,1995,885002
14161535,8096,4610,885003
14161551,8072,7160,885004
14161567,8059,10021,885005
14161583,8188,12611,885006
14161599,8117,15219,885007
14161615,7921,1232,885008
14161631,8237,4133,885009
14161647,8196,6701,885010
14161663,8081,9256,885011
14161679,8235,11803,885012
14161695,8161,14629,885013
14161711,8100,711,885014
14161727,8221,3343,885015
14161743,7980,5882,885016
14161759,8124,8632,885017
14161775,8193,11351,885018
14161791,8004,13866,885019
14161807,8079,5297,885020
14161823,7988,2627,885021
14161839,8031,5372,885022
14161855,8118,7931,885023
14161871,7987,10521,885024
14161887,8209,13084,885025
14161903,8435,15948,885026
14161919,7935,1986,885027
14161935,8173,4578,885028
14161951,8309,7236,885029
14161967,7962,9975,885030
14161983,8254,12583,885031
14161999,8084,15129,885032
14162015,7811,1251,885033
14162031,8211,4120,885034
14162047,7989,6593,885035
14162063,8002,9279,885036
14162079,8248,11798,885037
14162095,8015,14649,885038
14162111,8153,735,885039
14162127,8252,3298,885040
14162143,8130,5969,885041
14162159,8267,8657,885042
14162175,8226,11350,885043
14162191,8034,13891,885044
14162207,8148,5314,885045
14162223,7975,2551,885046
14162239,8045,5426,885047
14162255,7994,7908,885048
14162271,7895,10512,885049
14162287,8131,13071,885050
14162303,8168,15948,885051
14162319,8059,2022,885052
14162335,8259,4561,885053
14162351,8260,7236,885054
14162367,8027,9965,885055
14162383,8256,12557,885056
14162399,8080,15141,885057
14162415,8072,1290,885058
14162431,8179,4121,885059
14162447,7987,6696,885060
14162463,8009,9272,885061
14162479,8127,11810,885062
14162495,7927,14645,885063
14162511,8011,711,885064
14162527,8049,3309,885065
14162543,8181,5927,885066
14162559,8270,8617,885067
14162575,8035,11228,885068
14162591,8173,13918,885069
14162607,8180,5307,885070
14162623,8123,2618,885071
14162639,8221,5404,885072
14162655,7999,8005,885073
14162671,8027,10510,885074
14162687,8142,13119,885075
14162703,8135,15941,885076
14162719,8146,2087,885077
14162735,8144,4636,885078
14162751,8049,7210,885079
14162767,8076,9994,885080
14162783,8084,12576,885081
14162799,8006,15092,885082
14162815,8214,1229,885083
14162831,8090,4085,885084
14162847,8141,6685,885085
14162863,8212,9204,885086
14162879,7978,11818,885087
14162895,8199,14637,885088
14162911,8186,773,885089
14162927,8009,3311,885090
14162943,8133,5857,885091
14162959,8115,8599,885092
14162975,8170,11325,885093
14162991,8287,13844,885094
14163007,8029,5278,885095
14163023,8071,2604,885096
14163039,8069,5370,885097
14163055,7924,7986,885098
14163071,8181,10520,885099
14163087,8053,13107,885100
14163103,8005,15874,885101
14163119,8301,2055,885102
14163135,8039,4608,885103
14163151,7995,7199,885104
14163167,8232,10016,885105
14163183,8082,12597,885106
14163199,8071,15155,885107
14163215,8318,1194,885108
14163231,8026,4129,885109
14163247,8160,6625,885110
14163263,8225,9241,885111
14163279,7949,11844,885112
14163295,8186,14680,885113
14163311,8120,718,885114
14163327,7945,3327,885115
14163343,8065,5921,885116
14163359,8135,8636,885117
14163375,8200,11266,885118
14163391,8187,13917,885119
14163407,8098,5382,885120
14163423,8158,2536,885121
14163439,8136,5401,885122
14163455,8298,7973,885123
14163471,8216,10547,885124
14163487,8069,13149,885125
14163503,8295,15946,885126
14163519,8259,2024,885127
14163535,8108,4628,885128
14163551,8186,7232,885129
14163567,8053,10010,885130
14163583,8063,12634,885131
14163599,8184,15131,885132
14163615,8048,1271,885133
14163631,8002,4141,885134
14163647,8157,6622,885135
14163663,8127,9193,885136
14163679,8164,11749,885137
14163695,8255,14682,885138
14163711,7998,645,885139
14163727,8167,3349,885140
14163743,8227,5914,885141
14163759,8053,8576,885142
14163775,8072,11295,885143
14163791,8071,13876,885144
14163807,8127,5393,885145
14163823,8001,2554,885146
14163839,8081,5393,885147
14163855,8322,7979,885148
14163871,7948,10523,885149
14163887,8133,13059,885150
14163903,8325,15908,885151
14163919,7921,2014,885152
14163935,8183,4633,885153
14163951,8317,7198,885154
14163967,7912,9958,885155
14163983,8285,12607,885156
14163999,8254,15157,885157
14164015,7910,1295,885158
14164031,8169,4163,885159
14164047,8076,6690,885160
14164063,7985,9200,885161
14164079,8196,11769,885162
14164095,8128,14653,885163
14164111,7963,749,885164
14164127,8352,3305,885165
14164143,8060,5897,885166
14164159,8146,8667,885167
14164175,8260,11373,885168
14164191,8026,13894,885169
14164207,8316,5343,885170
14164223,8182,2647,885171
14164239,7969,5351,885172
14164255,8197,7998,885173
14164271,7908,10525,885174
14164287,7967,13049,885175
14164303,8305,15994,885176
14164319,7847,1999,885177
14164335,8154,4558,885178
14164351,8196,7198,885179
14164367,8066,9972,885180
14164383,8399,12552,885181
14164399,8144,15133,885182
14164415,7975,1253,885183
14164431,8392,4142,885184
14164447,8014,6681,885185
14164463,7885,9208,885186
14164479,8187,11817,885187
14164495,7907,14589,885188
14164511,7947,670,885189
14164527,8108,3266,885190
14164543,7972,5883,885191
14164559,8027,8619,885192
14164575,8293,11292,885193
14164591,8153,13825,885194
14164607,8246,5364,885195
14164623,8199,2553,885196
14164639,8261,5389,885197
14164655,8188,7950,885198
14164671,8104,10547,885199
14164687,8041,13099,885200
14164703,7932,15973,885201
14164719,7877,1997,885202
14164735,8109,4573,885203
14164751,8105,7211,885204
14164767,8194,10033,885205
14164783,8135,12582,885206
14164799,8061,15144,885207
14164815,8166,1261,885208
14164831,8163,4149,885209
14164847,8209,6729,885210
14164863,8200,9238,885211
14164879,8036,11843,885212
14164895,8155,14682,885213
14164911,8014,736,885214
14164927,7961,3325,885215
14164943,8099,5898,885216
14164959,8056,8619,885217
14164975,8030,11309,885218
14164991,8271,13909,885219
14165007,7992,5270,885220
14165023,8077,2546,885221
14165039,8189,5386,885222
14165055,7999,7958,885223
14165071,8257,10507,885224
14165087,8253,13109,885225
14165103,8038,15992,885226
14165119,8197,2028,885227
14165135,8089,4590,885228
14165151,8080,7208,885229
14165167,8192,10062,885230
14165183,7981,12585,885231
14165199,7968,15112,885232
14165215,8270,1280,885233
14165231,7957,4120,885234
14165247,8296,6744,885235
14165263,8352,9257,885236
14165279,8127,11772,885237
14165295,8417,14631,885238
14165311,8219,761,885239
14165327,8077,3342,885240
14165343,8313,5894,885241
14165359,8137,8665,885242
14165375,7946,11326,885243
14165391,8066,13907,885244
14165407,7902,5347,885245
14165423,8022,2589,885246
14165439,8115,5370,885247
14165455,8034,7929,885248
14165471,8286,10554,885249
14165487,8162,13094,885250
14165503,8286,16008,885251
14165519,8402,2064,885252
14165535,8078,4587,885253
14165551,8240,7208,885254
14165567,8065,10023,885255
14165583,7956,12625,885256
14165599,7979,15184,885257
14165615,8073,1303,885258
14165631,8029,4050,885259
14165647,8213,6717,885260
14165663,8150,9239,885261
14165679,8082,11820,885262
14165695,8227,14644,885263
14165711,8103,737,885264
14165727,8096,3354,885265
14165743,8230,5923,885266
14165759,8069,8604,885267
14165775,8102,11244,885268
14165791,8027,13882,885269
14165807,8027,5366,885270
14165823,7993,2614,885271
14165839,8075,5386,885272
14165855,7970,7947,885273
14165871,8022,10555,885274
14165887,8052,13036,885275
14165903,8276,15938,885276
14165919,8175,2039,885277
14165935,8126,4573,885278
14165951,8231,7171,885279
14165967,8119,10009,885280
14165983,8182,12554,885281
14165999,8243,15169,885282
14166015,7878,1232,885283
14166031,8233,4124,885284
14166047,8114,6631,885285
14166063,7974,9192,885286
14166079,8215,11758,885287
14166095,8068,14608,885288
14166111,8063,738,885289
14166127,8241,3278,885290
14166143,7924,5867,885291
14166159,7853,8636,885292
14166175,8287,11308,885293
14166191,8100,13863,885294
14166207,8205,5361,885295
14166223,8186,2594,885296
14166239,7950,5369,885297
14166255,8183,7932,885298
14166271,8216,10534,885299
14166287,8129,13081,885300
14166303,8174,15937,885301
14166319,7968,1998,885302
14166335,8101,4575,885303
14166351,8287,7160,885304
14166367,7983,9999,885305
14166383,8170,12599,885306
14166399,8221,15184,885307
14166415,7911,1206,885308
14166431,8334,4130,885309
14166447,8025,6609,885310
14166463,7994,9190,885311
14166479,8321,11854,885312
14166495,7950,14644,885313
14166511,8086,769,885314
14166527,8210,3299,885315
14166543,8029,5900,885316
14166559,7988,8641,885317
14166575,8219,11295,885318
14166591,8028,13868,885319
14166607,8111,5298,885320
14166623,8134,2523,885321
14166639,8085,5330,885322
14166655,8204,7956,885323
14166671,8089,10533,885324
14166687,7991,13072,885325
14166703,8150,15935,885326
14166719,7982,2027,885327
14166735,8078,4641,885328
14166751,8075,7216,885329
14166767,8067,10020,885330
14166783,8220,12612,885331
14166799,8088,15154,885332
14166815,8151,1309,885333
14166831,8217,4144,885334
14166847,8075,6684,885335
14166863,8017,9193,885336
14166879,8164,11776,885337
14166895,7991,14603,885338
14166911,8186,796,885339
14166927,8037,3354,885340
14166943,8007,5916,885341
14166959,8021,8621,885342
14166975,8084,11295,885343
14166991,8154,13940,885344
14167007,8147,5288,885345
14167023,8161,2609,885346
14167039,8094,5368,885347
14167055,8104,7982,885348
14167071,8028,10494,885349
14167087,8177,13069,885350
14167103,8068,15982,885351
14167119,8081,2016,885352
14167135,8115,4599,885353
14167151,7964,7196,885354
14167167,8206,10036,885355
14167183,7984,12574,885356
14167199,7886,15114,885357
14167215,8094,1294,885358
14167231,8056,4139,885359
14167247,8087,6675,885360
14167263,8225,9193,885361
14167279,8006,11799,885362
14167295,8272,14643,885363
14167311,8244,734,885364
14167327,8044,3286,885365
14167343,8255,5907,885366
14167359,8288,8680,885367
14167375,7887,11265,885368
14167391,8235,13927,885369
14167407,8026,5326,885370
14167423,8021,2551,885371
