Tiempo_us,ADC_IN_A2,ADC_OUT_A3,Muestra
11323407,8091,8227,707620
11323423,8089,13453,707621
11323439,8309,3050,707622
11323455,7970,7161,707623
11323471,8175,15438,707624
11323487,8369,4339,707625
11323503,8090,6162,707626
11323519,8274,16257,707627
11323535,8264,6165,707628
11323551,8087,4549,707629
11323567,8384,15409,707630
11323583,8127,7128,707631
11323599,7880,3021,707632
11323615,8215,13465,707633
11323631,7948,8259,707634
11323647,7910,1994,707635
11323663,8172,12306,707636
11323679,8008,10285,707637
11323695,8095,276,707638
11323711,8180,11338,707639
11323727,8197,11248,707640
11323743,8319,986,707641
11323759,8230,10324,707642
11323775,8190,12382,707643
11323791,8205,2030,707644
11323807,8069,8178,707645
11323823,8012,13384,707646
11323839,8053,3043,707647
11323855,7937,7230,707648
11323871,8031,15478,707649
11323887,7950,4276,707650
11323903,7990,6106,707651
11323919,8204,16331,707652
11323935,8100,6120,707653
11323951,8131,4590,707654
11323967,8402,15503,707655
11323983,8128,7166,707656
11323999,8159,3062,707657
11324015,8129,13413,707658
11324031,8064,8146,707659
11324047,8156,2076,707660
11324063,8182,12364,707661
11324079,7969,10242,707662
11324095,8080,298,707663
11324111,8093,11332,707664
11324127,8145,11327,707665
11324143,8031,971,707666
11324159,8504,10288,707667
11324175,8196,12332,707668
11324191,8193,2044,707669
11324207,8230,8242,707670
11324223,8329,13466,707671
11324239,7974,3050,707672
11324255,8114,7197,707673
11324271,8215,15469,707674
11324287,7997,4245,707675
11324303,8287,6200,707676
11324319,8191,16318,707677
11324335,8020,6120,707678
11324351,8206,4568,707679
11324367,8136,15418,707680
11324383,8102,7204,707681
11324399,8271,3077,707682
11324415,8153,13398,707683
11324431,8185,8150,707684
11324447,8301,2016,707685
11324463,8050,12283,707686
11324479,8170,10303,707687
11324495,8050,289,707688
11324511,8095,11313,707689
11324527,8152,11295,707690
11324543,7974,1002,707691
11324559,8186,10312,707692
11324575,8179,12253,707693
11324591,8059,1972,707694
11324607,8243,8183,707695
11324623,8156,13473,707696
11324639,8048,3028,707697
11324655,8296,7197,707698
11324671,8276,15429,707699
11324687,8052,4354,707700
11324703,8330,6184,707701
11324719,8039,16322,707702
11324735,8021,6182,707703
11324751,8290,4548,707704
11324767,7965,15406,707705
11324783,8046,7164,707706
11324799,8184,3074,707707
11324815,7943,13376,707708
11324831,8112,8195,707709
11324847,8161,2052,707710
11324863,7966,12274,707711
11324879,8224,10235,707712
11324895,8123,334,707713
11324911,8106,11300,707714
11324927,8250,11282,707715
11324943,8026,1004,707716
11324959,8094,10271,707717
11324975,8127,12317,707718
11324991,8033,2050,707719
11325007,7967,8188,707720
11325023,8151,13413,707721
11325039,8061,2989,707722
11325055,8300,7159,707723
11325071,8077,15427,707724
11325087,8247,4300,707725
11325103,8290,6125,707726
11325119,8111,16268,707727
11325135,8066,6117,707728
11325151,8068,4543,707729
11325167,8061,15482,707730
11325183,8012,7189,707731
11325199,7949,3063,707732
11325215,8078,13487,707733
11325231,8009,8231,707734
11325247,7898,1980,707735
11325263,7969,12312,707736
11325279,8115,10280,707737
11325295,8199,331,707738
11325311,8195,11259,707739
11325327,7998,11301,707740
11325343,8242,971,707741
11325359,8191,10265,707742
11325375,7886,12254,707743
11325391,8139,2066,707744
11325407,8082,8188,707745
11325423,8134,13412,707746
11325439,8099,3038,707747
11325455,7875,7135,707748
11325471,8077,15431,707749
11325487,8307,4314,707750
11325503,8027,6209,707751
11325519,8254,16321,707752
11325535,8192,6115,707753
11325551,7942,4574,707754
11325567,8299,15431,707755
11325583,8175,7210,707756
11325599,7881,3051,707757
11325615,8304,13413,707758
11325631,8021,8203,707759
11325647,8015,2084,707760
11325663,8194,12370,707761
11325679,8027,10307,707762
11325695,8076,346,707763
11325711,8132,11295,707764
11325727,7986,11226,707765
11325743,8196,972,707766
11325759,8185,10289,707767
11325775,8032,12312,707768
11325791,8322,2030,707769
11325807,8031,8201,707770
11325823,7983,13390,707771
11325839,8142,3074,707772
11325855,8017,7219,707773
11325871,7998,15444,707774
11325887,8174,4338,707775
11325903,7848,6124,707776
11325919,8146,16235,707777
11325935,8183,6149,707778
11325951,7869,4516,707779
11325967,8183,15386,707780
11325983,8157,7188,707781
11325999,7977,3036,707782
11326015,8283,13423,707783
11326031,8078,8169,707784
11326047,7963,1985,707785
11326063,8176,12317,707786
11326079,8067,10316,707787
11326095,7985,306,707788
11326111,8091,11228,707789
11326127,8021,11298,707790
11326143,8044,989,707791
11326159,8257,10326,707792
11326175,8066,12366,707793
11326191,8213,2035,707794
11326207,8237,8215,707795
11326223,8239,13395,707796
11326239,8043,3042,707797
11326255,8265,7235,707798
11326271,8181,15444,707799
11326287,7976,4283,707800
11326303,8126,6097,707801
11326319,8078,16232,707802
11326335,7987,6177,707803
11326351,8165,4577,707804
11326367,8181,15429,707805
11326383,8050,7116,707806
11326399,8228,3064,707807
11326415,8177,13377,707808
11326431,8108,8189,707809
11326447,8237,2041,707810
11326463,8082,12314,707811
11326479,8253,10312,707812
11326495,8131,273,707813
11326511,8107,11352,707814
11326527,8111,11339,707815
11326543,8097,1045,707816
11326559,8120,10292,707817
11326575,7989,12308,707818
11326591,8065,2096,707819
11326607,8178,8192,707820
11326623,8293,13453,707821
11326639,8036,3125,707822
11326655,8287,7164,707823
11326671,8280,15456,707824
11326687,8027,4289,707825
11326703,8310,6172,707826
11326719,8081,16343,707827
11326735,8008,6207,707828
11326751,8296,4542,707829
11326767,7951,15391,707830
11326783,8129,7229,707831
11326799,8173,3043,707832
11326815,7868,13359,707833
11326831,8174,8240,707834
11326847,8207,2046,707835
11326863,8040,12284,707836
11326879,8367,10283,707837
11326895,8352,349,707838
11326911,8081,11372,707839
11326927,8262,11312,707840
11326943,8105,1046,707841
11326959,8047,10278,707842
11326975,8406,12333,707843
11326991,8055,2041,707844
11327007,7999,8177,707845
11327023,8152,13385,707846
11327039,8089,3116,707847
11327055,8140,7197,707848
11327071,8184,15419,707849
11327087,8058,4255,707850
11327103,8196,6132,707851
11327119,8212,16318,707852
11327135,8239,6171,707853
11327151,8148,4543,707854
11327167,7796,15438,707855
11327183,8132,7222,707856
11327199,8140,3062,707857
11327215,7987,13405,707858
11327231,8118,8206,707859
11327247,8075,2000,707860
11327263,8144,12358,707861
11327279,8116,10261,707862
11327295,7999,303,707863
11327311,8106,11296,707864
11327327,8346,11311,707865
11327343,8047,1002,707866
11327359,8219,10285,707867
11327375,8018,12267,707868
11327391,8286,2022,707869
11327407,8125,8192,707870
11327423,8108,13446,707871
11327439,8158,3097,707872
11327455,8164,7210,707873
11327471,8015,15408,707874
11327487,8180,4300,707875
11327503,7926,6147,707876
11327519,8100,16338,707877
11327535,8287,6150,707878
11327551,8088,4542,707879
11327567,8152,15417,707880
11327583,8151,7244,707881
11327599,8037,3010,707882
11327615,8164,13438,707883
11327631,8064,8192,707884
11327647,7861,2044,707885
11327663,8167,12349,707886
11327679,8024,10270,707887
11327695,7910,302,707888
11327711,8122,11308,707889
11327727,8029,11286,707890
11327743,8127,1005,707891
11327759,8088,10284,707892
11327775,7953,12341,707893
11327791,8204,2077,707894
11327807,8107,8176,707895
11327823,8169,13441,707896
11327839,8175,3046,707897
11327855,8056,7194,707898
11327871,8078,15416,707899
11327887,8220,4302,707900
11327903,7896,6116,707901
11327919,8085,16341,707902
11327935,8133,6109,707903
11327951,7989,4529,707904
11327967,8281,15392,707905
11327983,8180,7154,707906
11327999,8092,3030,707907
11328015,8312,13441,707908
11328031,8219,8195,707909
11328047,8114,2024,707910
11328063,8316,12384,707911
11328079,8022,10238,707912
11328095,7966,313,707913
11328111,8103,11326,707914
11328127,7897,11265,707915
11328143,8106,959,707916
11328159,8093,10254,707917
11328175,7981,12282,707918
11328191,8151,2056,707919
11328207,8099,8171,707920
11328223,8312,13451,707921
11328239,8305,3108,707922
11328255,8130,7171,707923
11328271,8140,15409,707924
11328287,8219,4370,707925
11328303,7985,6094,707926
11328319,8136,16312,707927
11328335,7966,6141,707928
11328351,8070,4556,707929
11328367,8222,15468,707930
11328383,8031,7221,707931
11328399,8095,3099,707932
11328415,8116,13431,707933
11328431,8111,8233,707934
11328447,8260,2008,707935
11328463,8237,12351,707936
11328479,8084,10285,707937
11328495,8106,262,707938
11328511,8122,11286,707939
11328527,8073,11307,707940
11328543,8128,1017,707941
11328559,8085,10242,707942
11328575,8088,12374,707943
11328591,7966,2004,707944
11328607,8048,8186,707945
11328623,8332,13504,707946
11328639,8000,2990,707947
11328655,8175,7212,707948
11328671,8237,15440,707949
11328687,8059,4312,707950
11328703,8162,6106,707951
11328719,8160,16237,707952
11328735,8086,6128,707953
11328751,8279,4547,707954
11328767,8058,15461,707955
11328783,8046,7174,707956
11328799,8224,3041,707957
11328815,7886,13417,707958
11328831,8112,8177,707959
11328847,8300,2044,707960
11328863,8078,12341,707961
11328879,8352,10299,707962
11328895,8130,268,707963
11328911,8008,11304,707964
11328927,8420,11339,707965
11328943,8201,1020,707966
11328959,7953,10315,707967
11328975,8274,12354,707968
11328991,8106,2037,707969
11329007,7999,8226,707970
11329023,8256,13461,707971
11329039,7966,3058,707972
11329055,8155,7142,707973
11329071,8229,15451,707974
11329087,7936,4240,707975
11329103,8332,6122,707976
11329119,8248,16290,707977
11329135,8168,6148,707978
11329151,8359,4479,707979
11329167,8120,15477,707980
11329183,8000,7155,707981
11329199,8152,3032,707982
11329215,7829,13343,707983
11329231,8149,8252,707984
11329247,8209,2038,707985
11329263,8030,12330,707986
11329279,8178,10278,707987
11329295,8286,318,707988
11329311,8074,11288,707989
11329327,8383,11264,707990
11329343,8282,1065,707991
11329359,8080,10324,707992
11329375,8157,12318,707993
11329391,8142,2078,707994
11329407,8125,8235,707995
11329423,8110,13439,707996
11329439,8110,3054,707997
11329455,8173,7204,707998
11329471,8043,15354,707999
11329487,8105,4246,708000
11329503,8129,6132,708001
11329519,8071,16301,708002
11329535,8314,6209,708003
11329551,8106,4498,708004
11329567,8031,15389,708005
11329583,8244,7203,708006
11329599,7986,2987,708007
11329615,8170,13410,708008
11329631,8184,8161,708009
11329647,8126,2092,708010
11329663,8077,12349,708011
11329679,8050,10290,708012
11329695,7947,314,708013
11329711,8185,11331,708014
11329727,7983,11259,708015
11329743,8025,943,708016
11329759,8281,10312,708017
11329775,7931,12275,708018
11329791,8145,2071,708019
11329807,8209,8230,708020
11329823,8038,13406,708021
11329839,8300,3041,708022
11329855,8062,7219,708023
11329871,8022,15416,708024
11329887,8365,4295,708025
11329903,7803,6097,708026
11329919,7957,16292,708027
11329935,8159,6114,708028
11329951,7915,4531,708029
11329967,8178,15418,708030
11329983,8241,7218,708031
11329999,8019,3103,708032
11330015,8354,13386,708033
11330031,8290,8151,708034
11330047,7980,1991,708035
11330063,8247,12281,708036
11330079,8091,10301,708037
11330095,7818,254,708038
11330111,8231,11320,708039
11330127,7845,11243,708040
11330143,8005,988,708041
11330159,8220,10320,708042
11330175,7807,12307,708043
11330191,8283,2089,708044
11330207,8146,8183,708045
11330223,8029,13368,708046
11330239,8211,3102,708047
11330255,8162,7147,708048
11330271,8148,15408,708049
11330287,8325,4340,708050
11330303,8025,6205,708051
11330319,8070,16268,708052
11330335,8038,6149,708053
11330351,7845,4481,708054
11330367,8155,15442,708055
11330383,8033,7224,708056
11330399,8070,3061,708057
11330415,8222,13379,708058
11330431,8038,8206,708059
11330447,8213,2088,708060
11330463,8228,12404,708061
11330479,8178,10322,708062
11330495,8150,330,708063
11330511,8112,11301,708064
11330527,7963,11289,708065
11330543,8083,1009,708066
11330559,8209,10314,708067
11330575,8002,12365,708068
11330591,8081,2077,708069
11330607,8120,8217,708070
11330623,8133,13443,708071
11330639,8043,3043,708072
11330655,8191,7121,708073
11330671,8189,15390,708074
11330687,8129,4257,708075
11330703,8274,6179,708076
11330719,8276,16256,708077
11330735,8182,6175,708078
11330751,8175,4529,708079
11330767,8181,15451,708080
11330783,7955,7161,708081
11330799,8208,3054,708082
11330815,8145,13436,708083
11330831,7992,8183,708084
11330847,8322,2026,708085
11330863,8058,12333,708086
11330879,8149,10277,708087
11330895,8293,346,708088
11330911,8145,11290,708089
11330927,8170,11290,708090
11330943,8240,976,708091
11330959,8086,10297,708092
11330975,8178,12280,708093
11330991,8146,2070,708094
11331007,8114,8266,708095
11331023,8383,13500,708096
11331039,8039,3051,708097
11331055,8165,7229,708098
11331071,8128,15419,708099
11331087,8087,4313,708100
11331103,8205,6147,708101
11331119,8159,16309,708102
11331135,8043,6087,708103
11331151,8304,4501,708104
11331167,8143,15404,708105
11331183,8138,7197,708106
11331199,8233,3060,708107
11331215,7908,13368,708108
11331231,8022,8204,708109
11331247,8180,2065,708110
11331263,7827,12327,708111
11331279,8086,10247,708112
11331295,8180,343,708113
11331311,8011,11296,708114
11331327,8213,11264,708115
11331343,8233,983,708116
11331359,8026,10272,708117
11331375,8279,12280,708118
11331391,8152,2002,708119
11331407,8077,8184,708120
11331423,8255,13432,708121
11331439,7903,3071,708122
11331455,8106,7247,708123
11331471,7995,15383,708124
11331487,7944,4288,708125
11331503,8217,6142,708126
11331519,8119,16348,708127
11331535,8232,6167,708128
11331551,8256,4551,708129
11331567,8181,15474,708130
11331583,8294,7239,708131
11331599,8296,3127,708132
11331615,7960,13388,708133
11331631,8228,8194,708134
11331647,8254,2071,708135
11331663,7934,12288,708136
11331679,8150,10262,708137
11331695,7952,289,708138
11331711,8026,11299,708139
11331727,8237,11294,708140
11331743,7980,963,708141
11331759,8172,10304,708142
11331775,8190,12374,708143
11331791,8172,2005,708144
11331807,8321,8259,708145
11331823,8066,13435,708146
11331839,8088,3063,708147
11331855,8061,7156,708148
11331871,8115,15455,708149
11331887,8300,4255,708150
11331903,8099,6179,708151
11331919,8027,16220,708152
11331935,8340,6182,708153
11331951,7992,4528,708154
11331967,8019,15438,708155
11331983,8281,7163,708156
11331999,7977,3057,708157
11332015,8182,13444,708158
11332031,8166,8213,708159
11332047,8127,2041,708160
11332063,8167,12271,708161
11332079,8174,10256,708162
11332095,7895,293,708163
11332111,8171,11350,708164
11332127,8057,11282,708165
11332143,8042,959,708166
11332159,8207,10328,708167
11332175,7890,12345,708168
11332191,8180,2045,708169
11332207,8130,8182,708170
11332223,8112,13493,708171
11332239,8087,2976,708172
11332255,8141,7167,708173
11332271,7947,15418,708174
11332287,8320,4291,708175
11332303,8099,6181,708176
11332319,8064,16307,708177
11332335,8233,6162,708178
11332351,7977,4566,708179
11332367,8100,15393,708180
11332383,8241,7213,708181
11332399,7914,3028,708182
11332415,8308,13406,708183
11332431,8153,8195,708184
11332447,8161,2072,708185
11332463,8252,12329,708186
11332479,8160,10303,708187
11332495,8182,341,708188
11332511,8355,11332,708189
11332527,8014,11218,708190
11332543,7988,996,708191
11332559,8142,10312,708192
11332575,7833,12328,708193
11332591,8023,2020,708194
11332607,8100,8168,708195
11332623,8051,13452,708196
11332639,8204,3093,708197
11332655,8071,7129,708198
11332671,8190,15411,708199
11332687,8322,4313,708200
11332703,8219,6178,708201
11332719,8184,16287,708202
11332735,8133,6149,708203
11332751,8145,4590,708204
11332767,8121,15397,708205
11332783,7984,7171,708206
11332799,8026,3075,708207
11332815,8092,13444,708208
11332831,8101,8244,708209
11332847,8058,1982,708210
11332863,8150,12353,708211
11332879,8037,10270,708212
11332895,8262,337,708213
11332911,8155,11331,708214
11332927,8083,11264,708215
11332943,8290,1061,708216
11332959,8134,10273,708217
11332975,8101,12366,708218
11332991,8122,2033,708219
11333007,8047,8236,708220
11333023,8160,13476,708221
11333039,7901,3048,708222
11333055,8088,7139,708223
11333071,8244,15386,708224
11333087,7947,4282,708225
11333103,8185,6192,708226
11333119,8280,16319,708227
11333135,8067,6132,708228
11333151,8171,4521,708229
11333167,8146,15394,708230
11333183,8059,7159,708231
11333199,8271,3063,708232
11333215,8123,13417,708233
11333231,8112,8210,708234
11333247,8370,2052,708235
11333263,7913,12319,708236
11333279,8117,10306,708237
11333295,8184,288,708238
11333311,7924,11318,708239
11333327,8297,11308,708240
11333343,8263,1016,708241
11333359,7944,10197,708242
11333375,8396,12363,708243
11333391,8303,2041,708244
11333407,8019,8223,708245
11333423,8285,13410,708246
11333439,8191,3104,708247
11333455,8091,7202,708248
11333471,8249,15458,708249
11333487,7841,4276,708250
11333503,7971,6104,708251
11333519,8363,16318,708252
11333535,8000,6147,708253
11333551,8218,4585,708254
11333567,8206,15418,708255
11333583,8139,7232,708256
11333599,8293,3042,708257
11333615,8184,13425,708258
11333631,8032,8179,708259
11333647,8231,2040,708260
11333663,7864,12261,708261
11333679,8202,10241,708262
11333695,7994,284,708263
11333711,7950,11293,708264
11333727,8068,11255,708265
11333743,8028,977,708266
11333759,8096,10290,708267
11333775,8182,12400,708268
11333791,8029,1995,708269
11333807,8174,8216,708270
11333823,8225,13392,708271
11333839,8218,3046,708272
11333855,8166,7234,708273
11333871,8111,15471,708274
11333887,8020,4272,708275
11333903,8159,6141,708276
11333919,7979,16312,708277
11333935,8131,6115,708278
11333951,8247,4586,708279
11333967,8016,15378,708280
11333983,8128,7132,708281
11333999,8215,3103,708282
11334015,8153,13422,708283
11334031,8205,8170,708284
11334047,8150,2044,708285
11334063,8142,12295,708286
11334079,8212,10313,708287
11334095,8001,301,708288
11334111,8217,11324,708289
11334127,8121,11320,708290
11334143,8004,983,708291
11334159,8217,10310,708292
11334175,7947,12333,708293
11334191,8019,1989,708294
11334207,8279,8203,708295
11334223,8022,13448,708296
11334239,8084,3043,708297
11334255,8233,7172,708298
11334271,7908,15428,708299
11334287,8369,4329,708300
11334303,8220,6173,708301
11334319,8026,16289,708302
11334335,8352,6193,708303
11334351,8058,4505,708304
11334367,8079,15411,708305
11334383,8084,7209,708306
11334399,7879,3130,708307
11334415,7985,13379,708308
11334431,8113,8185,708309
11334447,7931,2002,708310
11334463,8255,12348,708311
11334479,8166,10233,708312
11334495,8056,325,708313
11334511,8467,11308,708314
11334527,8120,11311,708315
11334543,8094,976,708316
11334559,8196,10304,708317
11334575,7986,12283,708318
11334591,8092,2040,708319
11334607,8292,8185,708320
11334623,7955,13470,708321
11334639,8068,3058,708322
11334655,8123,7208,708323
11334671,8053,15410,708324
11334687,8218,4299,708325
11334703,8038,6117,708326
11334719,8033,16257,708327
11334735,8247,6189,708328
11334751,8094,4492,708329
11334767,8111,15455,708330
11334783,8062,7189,708331
11334799,8017,3070,708332
11334815,8083,13490,708333
11334831,8167,8236,708334
11334847,8081,2014,708335
11334863,8214,12373,708336
11334879,7993,10310,708337
11334895,8261,265,708338
11334911,8183,11340,708339
11334927,8077,11321,708340
11334943,8332,1023,708341
11334959,8174,10301,708342
11334975,8017,12306,708343
11334991,8078,1965,708344
11335007,8133,8249,708345
11335023,8110,13479,708346
11335039,8050,3070,708347
11335055,7979,7226,708348
11335071,7993,15361,708349
11335087,7990,4301,708350
11335103,7993,6130,708351
11335119,8107,16233,708352
11335135,7970,6105,708353
11335151,8210,4599,708354
11335167,8306,15501,708355
11335183,8088,7198,708356
11335199,8223,3048,708357
11335215,8205,13464,708358
11335231,7954,8207,708359
11335247,8233,2030,708360
11335263,7877,12344,708361
11335279,7955,10257,708362
11335295,8150,332,708363
11335311,7938,11289,708364
11335327,8055,11233,708365
11335343,8304,1017,708366
11335359,7991,10254,708367
11335375,8211,12372,708368
11335391,8184,2043,708369
11335407,8035,8235,708370
11335423,8204,13401,708371
11335439,7980,3036,708372
11335455,8056,7225,708373
11335471,8145,15441,708374
11335487,7938,4279,708375
11335503,8067,6189,708376
11335519,8095,16243,708377
11335535,7890,6166,708378
11335551,8102,4548,708379
11335567,8220,15425,708380
11335583,8083,7164,708381
11335599,8266,3063,708382
11335615,8103,13380,708383
11335631,8201,8215,708384
11335647,8282,2035,708385
11335663,8065,12317,708386
11335679,8132,10229,708387
11335695,8169,336,708388
11335711,7855,11290,708389
11335727,8146,11231,708390
11335743,8124,1011,708391
11335759,7983,10267,708392
11335775,8266,12385,708393
11335791,8161,2066,708394
11335807,8014,8177,708395
11335823,8249,13358,708396
11335839,8149,3101,708397
11335855,8118,7147,708398
11335871,8196,15425,708399
11335887,8110,4305,708400
11335903,8146,6184,708401
11335919,8195,16314,708402
11335935,8068,6164,708403
11335951,8217,4529,708404
11335967,8208,15399,708405
11335983,8162,7132,708406
11335999,8025,3024,708407
11336015,8108,13445,708408
11336031,8203,8170,708409
11336047,8159,2069,708410
11336063,8136,12361,708411
11336079,8296,10271,708412
11336095,8018,304,708413
11336111,8145,11258,708414
11336127,8184,11302,708415
11336143,8044,1010,708416
11336159,8168,10349,708417
11336175,8006,12283,708418
11336191,8026,2031,708419
11336207,8242,8230,708420
11336223,8180,13486,708421
11336239,7919,3008,708422
11336255,8270,7168,708423
11336271,8121,15356,708424
11336287,8184,4264,708425
11336303,8231,6197,708426
11336319,8159,16360,708427
11336335,8197,6108,708428
11336351,8076,4522,708429
11336367,8075,15447,708430
11336383,8262,7208,708431
11336399,8010,3075,708432
11336415,7973,13378,708433
11336431,8086,8213,708434
11336447,7850,1957,708435
11336463,8105,12286,708436
11336479,8186,10225,708437
11336495,7965,319,708438
11336511,8299,11241,708439
11336527,8220,11294,708440
11336543,7973,973,708441
11336559,8308,10311,708442
11336575,7970,12292,708443
11336591,7952,2002,708444
11336607,8186,8218,708445
11336623,7975,13433,708446
11336639,8010,3037,708447
11336655,8111,7156,708448
11336671,7951,15400,708449
11336687,8240,4265,708450
11336703,8271,6185,708451
11336719,8162,16182,708452
11336735,8395,6143,708453
11336751,8124,4526,708454
11336767,8187,15399,708455
11336783,8248,7149,708456
11336799,7970,3063,708457
11336815,8110,13411,708458
11336831,7881,8216,708459
11336847,8075,2041,708460
11336863,8077,12258,708461
11336879,7997,10220,708462
11336895,7999,262,708463
11336911,8195,11267,708464
11336927,8217,11251,708465
11336943,8157,1057,708466
11336959,8346,10292,708467
11336975,8118,12336,708468
11336991,8126,2035,708469
11337007,8132,8199,708470
11337023,8028,13438,708471
11337039,8046,3040,708472
11337055,8096,7226,708473
11337071,7950,15445,708474
11337087,8096,4267,708475
11337103,8194,6117,708476
11337119,7990,16234,708477
11337135,8185,6140,708478
11337151,8244,4588,708479
11337167,8218,15474,708480
11337183,8196,7197,708481
11337199,8098,3030,708482
11337215,8150,13447,708483
11337231,8008,8215,708484
11337247,8364,2043,708485
11337263,8038,12281,708486
11337279,7914,10280,708487
11337295,8143,305,708488
11337311,7895,11314,708489
11337327,8122,11256,708490
11337343,8197,976,708491
11337359,7964,10332,708492
11337375,8136,12343,708493
11337391,8342,2050,708494
11337407,7964,8168,708495
11337423,8323,13450,708496
11337439,8096,3041,708497
11337455,7925,7221,708498
11337471,8260,15469,708499
11337487,7991,4285,708500
11337503,7994,6148,708501
11337519,8275,16318,708502
11337535,7986,6166,708503
11337551,8025,4521,708504
11337567,8339,15453,708505
11337583,8112,7172,708506
11337599,8212,3024,708507
11337615,8271,13423,708508
11337631,8121,8220,708509
11337647,8484,2026,708510
11337663,8067,12373,708511
11337679,8072,10282,708512
11337695,8247,340,708513
11337711,7864,11303,708514
11337727,8035,11312,708515
11337743,8291,1069,708516
11337759,7917,10504,708517
11337775,8260,12369,708518
11337791,8214,2014,708519
11337807,8048,8266,708520
11337823,8335,13429,708521
11337839,8170,3066,708522
11337855,8043,7124,708523
11337871,8393,15502,708524
11337887,8079,4278,708525
11337903,8073,6136,708526
11337919,8261,16307,708527
11337935,8025,6197,708528
11337951,7998,4535,708529
11337967,7989,15402,708530
11337983,8035,7219,708531
11337999,8129,3021,708532
11338015,8148,13462,708533
11338031,8031,8194,708534
11338047,8178,1989,708535
11338063,8161,12316,708536
11338079,8192,10264,708537
11338095,8258,385,708538
11338111,8021,11281,708539
11338127,8164,11292,708540
11338143,8176,1053,708541
11338159,8033,10339,708542
11338175,8098,12265,708543
11338191,8080,2092,708544
11338207,8088,8174,708545
11338223,8170,13449,708546
11338239,8071,3076,708547
11338255,8115,7206,708548
11338271,8228,15423,708549
11338287,8199,4254,708550
11338303,8208,6173,708551
11338319,8170,16302,708552
11338335,8296,6174,708553
11338351,8180,4597,708554
11338367,8079,15448,708555
11338383,8146,7202,708556
11338399,7949,3009,708557
11338415,8189,13459,708558
11338431,8278,8190,708559
11338447,7936,2035,708560
11338463,8132,12318,708561
11338479,8251,10242,708562
11338495,7957,356,708563
11338511,8284,11284,708564
11338527,8198,11252,708565
11338543,8057,1001,708566
11338559,8303,10265,708567
11338575,8109,12362,708568
11338591,8010,2033,708569
11338607,8238,8211,708570
11338623,8122,13512,708571
11338639,7997,3049,708572
11338655,8348,7172,708573
11338671,8082,15423,708574
11338687,8134,4304,708575
11338703,8259,6145,708576
11338719,7985,16266,708577
11338735,8424,6222,708578
11338751,8215,4538,708579
11338767,8162,15438,708580
11338783,8275,7171,708581
11338799,8138,3054,708582
11338815,8285,13392,708583
11338831,8069,8192,708584
11338847,7909,2047,708585
11338863,8100,12256,708586
11338879,8047,10232,708587
11338895,8256,316,708588
11338911,8316,11352,708589
11338927,8051,11251,708590
11338943,8154,1020,708591
11338959,8461,10386,708592
11338975,8114,12380,708593
11338991,8143,2042,708594
11339007,8380,8203,708595
11339023,8008,13433,708596
11339039,8108,3072,708597
11339055,8153,7195,708598
11339071,7918,15430,708599
11339087,8077,4298,708600
11339103,8118,6175,708601
11339119,8051,16319,708602
11339135,8112,6125,708603
11339151,8245,4556,708604
11339167,8168,15414,708605
11339183,8305,7156,708606
11339199,8199,3052,708607
11339215,8094,13406,708608
11339231,8105,8186,708609
11339247,8177,2100,708610
11339263,8216,12376,708611
11339279,8019,10273,708612
11339295,8037,278,708613
11339311,8051,11303,708614
11339327,8024,11326,708615
11339343,8119,1006,708616
11339359,8125,10302,708617
11339375,8024,12284,708618
11339391,8279,2054,708619
11339407,8154,8205,708620
11339423,8048,13386,708621
11339439,8268,3037,708622
11339455,8128,7198,708623
11339471,8024,15431,708624
11339487,8146,4336,708625
11339503,8111,6182,708626
11339519,8107,16272,708627
11339535,8096,6167,708628
11339551,8104,4491,708629
11339567,8119,15385,708630
11339583,8095,7210,708631
11339599,8062,3045,708632
11339615,8168,13415,708633
11339631,8064,8193,708634
11339647,8267,2112,708635
11339663,8199,12374,708636
11339679,8043,10228,708637
11339695,8364,294,708638
11339711,7990,11336,708639
11339727,8112,11328,708640
11339743,8195,983,708641
11339759,7914,10283,708642
11339775,8078,12372,708643
11339791,8210,2022,708644
11339807,7947,8230,708645
11339823,8258,13458,708646
11339839,8128,3058,708647
11339855,7912,7150,708648
11339871,8290,15419,708649
11339887,8186,4278,708650
11339903,8000,6125,708651
11339919,8271,16254,708652
11339935,8031,6192,708653
11339951,8112,4566,708654
11339967,8193,15418,708655
11339983,7867,7148,708656
11339999,8107,3059,708657
11340015,8240,13424,708658
11340031,8025,8213,708659
11340047,8344,2032,708660
11340063,8106,12368,708661
11340079,8129,10263,708662
11340095,8381,295,708663
11340111,8022,11259,708664
11340127,8180,11291,708665
11340143,8209,1016,708666
11340159,7921,10270,708667
11340175,8059,12292,708668
11340191,8155,2042,708669
11340207,8002,8199,708670
11340223,8308,13438,708671
11340239,8004,3055,708672
11340255,8160,7226,708673
11340271,8325,15393,708674
11340287,8171,4295,708675
11340303,8110,6141,708676
11340319,8229,16287,708677
11340335,8181,6170,708678
11340351,8263,4575,708679
11340367,8062,15395,708680
11340383,8065,7197,708681
11340399,8079,3037,708682
11340415,8098,13389,708683
11340431,8112,8162,708684
11340447,8098,2024,708685
11340463,8041,12340,708686
11340479,8191,10265,708687
11340495,8066,323,708688
11340511,8162,11260,708689
11340527,8287,11260,708690
11340543,8225,1002,708691
11340559,8115,10287,708692
11340575,8238,12390,708693
11340591,8061,2024,708694
11340607,8119,8144,708695
11340623,8192,13405,708696
11340639,8072,3096,708697
11340655,8199,7161,708698
11340671,8072,15393,708699
11340687,7997,4236,708700
11340703,8350,6208,708701
11340719,8031,16248,708702
11340735,8147,6137,708703
11340751,8246,4560,708704
11340767,8005,15412,708705
11340783,8188,7192,708706
11340799,8184,3004,708707
11340815,8013,13358,708708
11340831,8253,8203,708709
11340847,7988,2043,708710
11340863,7992,12326,708711
11340879,8290,10303,708712
11340895,7935,305,708713
11340911,8301,11313,708714
11340927,8190,11294,708715
11340943,8066,1058,708716
11340959,8411,10303,708717
11340975,8120,12351,708718
11340991,8135,2069,708719
11341007,8497,8239,708720
11341023,8156,13500,708721
11341039,7992,3040,708722
11341055,8401,7284,708723
11341071,7954,15403,708724
11341087,8150,4331,708725
11341103,8209,6185,708726
11341119,7892,16260,708727
11341135,8174,6164,708728
11341151,8255,4542,708729
11341167,8201,15497,708730
11341183,8365,7203,708731
11341199,8237,3078,708732
11341215,8243,13454,708733
11341231,8304,8268,708734
11341247,8044,2012,708735
11341263,8044,12309,708736
11341279,8074,10256,708737
11341295,7907,250,708738
11341311,8041,11309,708739
11341327,7963,11251,708740
11341343,8056,970,708741
11341359,8189,10275,708742
11341375,7976,12358,708743
11341391,8130,1983,708744
11341407,8284,8210,708745
11341423,8256,13449,708746
11341439,8259,3100,708747
11341455,8177,7168,708748
11341471,7913,15385,708749
11341487,8195,4254,708750
11341503,8063,6133,708751
11341519,7970,16307,708752
11341535,8102,6162,708753
11341551,8199,4579,708754
11341567,8082,15389,708755
11341583,8115,7197,708756
11341599,8012,3049,708757
11341615,8127,13415,708758
11341631,8039,8210,708759
11341647,8129,2001,708760
11341663,8130,12356,708761
11341679,7996,10245,708762
11341695,8237,336,708763
11341711,8013,11253,708764
11341727,7924,11329,708765
11341743,8183,1051,708766
11341759,7909,10330,708767
11341775,7903,12305,708768
11341791,8182,2031,708769
11341807,7933,8184,708770
11341823,8068,13399,708771
11341839,8221,2995,708772
11341855,7984,7230,708773
11341871,8242,15404,708774
11341887,8107,4304,708775
11341903,7936,6142,708776
11341919,8373,16295,708777
11341935,8144,6122,708778
11341951,8117,4548,708779
11341967,8177,15417,708780
11341983,7973,7169,708781
11341999,8109,3111,708782
11342015,8189,13348,708783
11342031,7964,8228,708784
11342047,8192,2027,708785
11342063,8100,12291,708786
11342079,8115,10231,708787
11342095,8305,341,708788
11342111,8151,11300,708789
11342127,8160,11261,708790
11342143,8246,1014,708791
11342159,8060,10332,708792
11342175,8070,12399,708793
11342191,8090,2023,708794
11342207,7961,8227,708795
11342223,8151,13420,708796
11342239,8247,3097,708797
11342255,7902,7197,708798
11342271,8378,15465,708799
11342287,8187,4307,708800
11342303,8055,6170,708801
11342319,8221,16353,708802
11342335,8079,6141,708803
11342351,8054,4489,708804
11342367,8161,15392,708805
11342383,7947,7146,708806
11342399,8146,3101,708807
11342415,8101,13379,708808
11342431,7982,8179,708809
11342447,8120,2041,708810
11342463,8067,12286,708811
11342479,8144,10257,708812
11342495,8293,281,708813
11342511,8145,11336,708814
11342527,8144,11348,708815
11342543,8145,994,708816
11342559,8076,10319,708817
11342575,8118,12321,708818
11342591,8077,2019,708819
11342607,8135,8213,708820
11342623,8085,13405,708821
11342639,8066,3125,708822
11342655,8020,7150,708823
11342671,8040,15480,708824
11342687,8022,4251,708825
11342703,8306,6231,708826
11342719,7991,16218,708827
11342735,8116,6139,708828
11342751,8149,4518,708829
11342767,8105,15431,708830
11342783,8296,7198,708831
11342799,8142,3025,708832
11342815,8088,13351,708833
11342831,8285,8225,708834
11342847,8141,2040,708835
11342863,8084,12363,708836
11342879,8174,10277,708837
11342895,8111,349,708838
11342911,8044,11293,708839
11342927,8209,11360,708840
11342943,7990,968,708841
11342959,8255,10229,708842
11342975,8131,12345,708843
11342991,8063,2032,708844
11343007,8405,8213,708845
11343023,8113,13420,708846
11343039,8078,3103,708847
11343055,8201,7145,708848
11343071,8073,15465,708849
11343087,8040,4296,708850
11343103,8126,6133,708851
11343119,7844,16298,708852
11343135,8031,6139,708853
11343151,8271,4540,708854
11343167,7903,15425,708855
11343183,8210,7235,708856
11343199,7953,3029,708857
11343215,8197,13447,708858
11343231,8375,8174,708859
11343247,8153,2024,708860
11343263,8050,12319,708861
11343279,8312,10308,708862
11343295,8017,324,708863
11343311,7998,11257,708864
11343327,8023,11286,708865
11343343,7913,964,708866
11343359,8185,10333,708867
11343375,8037,12317,708868
11343391,8062,2029,708869
11343407,8219,8192,708870
11343423,8085,13396,708871
11343439,8004,3042,708872
11343455,8320,7169,708873
11343471,7985,15435,708874
11343487,8121,4294,708875
11343503,8213,6225,708876
11343519,7992,16312,708877
11343535,8174,6146,708878
11343551,7999,4553,708879
11343567,7936,15350,708880
11343583,8122,7165,708881
11343599,8148,3061,708882
11343615,8008,13395,708883
11343631,8114,8204,708884
11343647,8211,2022,708885
11343663,8094,12371,708886
11343679,8204,10294,708887
11343695,8019,299,708888
11343711,8193,11291,708889
11343727,8128,11261,708890
11343743,7965,981,708891
11343759,8108,10336,708892
11343775,7974,12328,708893
11343791,8109,2024,708894
11343807,7992,8191,708895
11343823,7936,13419,708896
11343839,8151,3129,708897
11343855,8066,7164,708898
11343871,8172,15480,708899
11343887,8242,4351,708900
11343903,7964,6204,708901
11343919,8135,16264,708902
11343935,8114,6144,708903
11343951,7975,4548,708904
11343967,8248,15381,708905
11343983,8035,7143,708906
11343999,7991,3064,708907
11344015,8325,13449,708908
11344031,8008,8209,708909
11344047,8047,2014,708910
11344063,8139,12302,708911
11344079,8044,10263,708912
11344095,8256,295,708913
11344111,8122,11286,708914
11344127,8252,11336,708915
11344143,8389,1043,708916
11344159,8092,10266,708917
11344175,8119,12339,708918
11344191,8154,2039,708919
11344207,8039,8259,708920
11344223,8156,13419,708921
11344239,8100,3046,708922
11344255,7988,7138,708923
11344271,8282,15487,708924
11344287,8248,4296,708925
11344303,8141,6181,708926
11344319,8204,16313,708927
11344335,8173,6126,708928
11344351,8098,4534,708929
11344367,8400,15421,708930
11344383,7994,7142,708931
11344399,8030,3065,708932
11344415,8033,13363,708933
11344431,7847,8156,708934
11344447,7951,1988,708935
11344463,8175,12372,708936
11344479,7954,10240,708937
11344495,8123,282,708938
11344511,8073,11319,708939
11344527,8036,11293,708940
11344543,8215,975,708941
11344559,8171,10360,708942
11344575,8077,12356,708943
11344591,8220,2083,708944
11344607,8111,8244,708945
11344623,8208,13448,708946
11344639,8066,3074,708947
11344655,8121,7215,708948
11344671,8115,15450,708949
11344687,8033,4243,708950
11344703,8130,6165,708951
11344719,8227,16306,708952
11344735,8036,6132,708953
11344751,8135,4566,708954
11344767,8174,15381,708955
11344783,8038,7148,708956
11344799,8083,3057,708957
11344815,8191,13465,708958
11344831,8194,8232,708959
11344847,8215,2023,708960
11344863,8129,12353,708961
11344879,8115,10235,708962
11344895,8047,296,708963
11344911,7996,11309,708964
11344927,8288,11331,708965
11344943,7918,959,708966
11344959,8066,10242,708967
11344975,8249,12343,708968
11344991,8178,1991,708969
11345007,8320,8221,708970
11345023,8261,13461,708971
11345039,8116,3075,708972
11345055,8341,7226,708973
11345071,8234,15433,708974
11345087,8104,4306,708975
11345103,8181,6153,708976
11345119,8028,16318,708977
11345135,8094,6130,708978
11345151,8131,4527,708979
11345167,7917,15445,708980
11345183,8266,7236,708981
11345199,8256,3062,708982
11345215,8045,13397,708983
11345231,8208,8159,708984
11345247,8290,2070,708985
11345263,8027,12262,708986
11345279,8321,10314,708987
11345295,8138,338,708988
11345311,7926,11288,708989
11345327,8139,11237,708990
11345343,7904,1018,708991
11345359,8206,10342,708992
11345375,7950,12292,708993
11345391,7979,1999,708994
11345407,8329,8168,708995
11345423,8213,13443,708996
11345439,8086,3066,708997
11345455,8297,7163,708998
11345471,8109,15427,708999
11345487,8266,4282,709000
11345503,8372,6183,709001
11345519,7944,16299,709002
11345535,8165,6149,709003
11345551,8226,4523,709004
11345567,7856,15408,709005
11345583,8221,7146,709006
11345599,8203,3077,709007
11345615,7929,13350,709008
11345631,8205,8182,709009
11345647,8276,2028,709010
11345663,8011,12307,709011
11345679,8380,10276,709012
11345695,8337,331,709013
11345711,8118,11292,709014
11345727,8312,11308,709015
11345743,8088,1026,709016
11345759,8209,10354,709017
11345775,7949,12318,709018
11345791,7981,1999,709019
11345807,7946,8254,709020
11345823,8188,13383,709021
11345839,8206,3091,709022
11345855,8070,7212,709023
11345871,7979,15349,709024
11345887,8255,4283,709025
11345903,8114,6136,709026
11345919,8215,16263,709027
11345935,8218,6201,709028
11345951,8054,4531,709029
11345967,8219,15389,709030
11345983,8115,7229,709031
11345999,7940,3044,709032
11346015,8042,13360,709033
11346031,7946,8160,709034
11346047,7975,2034,709035
11346063,8157,12345,709036
11346079,8121,10318,709037
11346095,8268,364,709038
11346111,8132,11318,709039
11346127,8088,11300,709040
11346143,8220,971,709041
11346159,8171,10273,709042
11346175,8008,12316,709043
11346191,8284,2082,709044
11346207,8008,8221,709045
11346223,8132,13479,709046
11346239,8110,3024,709047
11346255,7905,7141,709048
11346271,8138,15439,709049
11346287,8285,4292,709050
11346303,8011,6107,709051
11346319,8197,16248,709052
11346335,8144,6138,709053
11346351,8032,4543,709054
11346367,8372,15431,709055
11346383,8129,7197,709056
11346399,8005,3050,709057
11346415,8340,13429,709058
11346431,8066,8241,709059
11346447,8110,1995,709060
11346463,8176,12248,709061
11346479,7973,10315,709062
11346495,8196,305,709063
11346511,8152,11259,709064
11346527,8119,11328,709065
11346543,8369,1001,709066
11346559,8320,10336,709067
11346575,8042,12294,709068
11346591,8382,2088,709069
11346607,8155,8205,709070
11346623,8207,13431,709071
11346639,8141,3064,709072
11346655,8046,7186,709073
11346671,8199,15441,709074
11346687,8066,4322,709075
11346703,7936,6142,709076
11346719,8210,16299,709077
11346735,8184,6099,709078
11346751,8066,4522,709079
11346767,8340,15417,709080
11346783,8230,7208,709081
11346799,8067,3063,709082
11346815,8271,13392,709083
11346831,8053,8245,709084
11346847,8146,1999,709085
11346863,8206,12353,709086
11346879,7973,10281,709087
11346895,7951,270,709088
11346911,8038,11292,709089
11346927,8114,11332,709090
11346943,7989,1006,709091
11346959,8192,10308,709092
11346975,8020,12335,709093
11346991,8075,2011,709094
11347007,8105,8163,709095
11347023,8182,13424,709096
11347039,8066,3073,709097
11347055,8268,7191,709098
11347071,8076,15395,709099
11347087,7927,4267,709100
11347103,8308,6215,709101
11347119,7996,16308,709102
11347135,7868,6186,709103
11347151,8265,4533,709104
11347167,7927,15395,709105
11347183,8043,7230,709106
11347199,8148,3004,709107
11347215,7972,13402,709108
11347231,8103,8181,709109
11347247,8228,2049,709110
11347263,8006,12288,709111
11347279,8092,10233,709112
11347295,8184,332,709113
11347311,7986,11334,709114
11347327,8132,11285,709115
11347343,8027,1003,709116
11347359,8078,10276,709117
11347375,8069,12316,709118
11347391,7913,2004,709119
11347407,8176,8221,709120
11347423,8248,13434,709121
11347439,7918,3028,709122
11347455,8336,7210,709123
11347471,7985,15400,709124
11347487,8027,4257,709125
11347503,8335,6148,709126
11347519,7929,16267,709127
11347535,8111,6113,709128
11347551,8118,4501,709129
11347567,7905,15307,709130
11347583,8042,7199,709131
11347599,8043,3030,709132
11347615,7856,13454,709133
11347631,8160,8232,709134
11347647,8132,2018,709135
11347663,8065,12357,709136
11347679,8269,10257,709137
11347695,8211,367,709138
11347711,8111,11294,709139
11347727,8308,11302,709140
11347743,8141,998,709141
11347759,8063,10332,709142
11347775,7982,12289,709143
11347791,7941,1994,709144
11347807,8144,8243,709145
11347823,8070,13456,709146
11347839,8041,3054,709147
11347855,8127,7137,709148
11347871,8007,15431,709149
11347887,8055,4288,709150
11347903,8187,6105,709151
11347919,8007,16317,709152
11347935,8283,6169,709153
11347951,8077,4516,709154
11347967,7968,15406,709155
11347983,8144,7204,709156
11347999,7960,3064,709157
11348015,8068,13459,709158
11348031,8000,8173,709159
11348047,7981,1981,709160
11348063,8071,12332,709161
11348079,8123,10292,709162
11348095,8066,293,709163
11348111,8161,11292,709164
11348127,8304,11306,709165
11348143,8162,998,709166
11348159,8138,10271,709167
11348175,8131,12380,709168
11348191,8184,1992,709169
11348207,8182,8228,709170
11348223,8115,13469,709171
11348239,8191,3036,709172
11348255,8097,7241,709173
11348271,8066,15428,709174
11348287,8239,4316,709175
11348303,7888,6092,709176
11348319,8175,16344,709177
11348335,8216,6166,709178
11348351,8083,4537,709179
11348367,8421,15451,709180
11348383,8296,7199,709181
11348399,8175,3100,709182
11348415,8342,13408,709183
11348431,8209,8272,709184
11348447,8006,1985,709185
11348463,8185,12352,709186
11348479,7990,10241,709187
11348495,8085,354,709188
11348511,8121,11295,709189
11348527,8107,11263,709190
11348543,8209,1012,709191
11348559,8152,10264,709192
11348575,8055,12320,709193
11348591,8244,2041,709194
11348607,8231,8218,709195
11348623,8200,13430,709196
11348639,8310,3045,709197
11348655,8173,7219,709198
11348671,8299,15439,709199
11348687,8061,4279,709200
11348703,7958,6135,709201
11348719,8209,16307,709202
11348735,8094,6209,709203
11348751,8053,4544,709204
11348767,8253,15386,709205
11348783,8111,7191,709206
11348799,8211,3112,709207
11348815,8400,13421,709208
11348831,8051,8198,709209
11348847,8129,2015,709210
11348863,8222,12369,709211
11348879,8044,10259,709212
11348895,8137,286,709213
11348911,8050,11229,709214
11348927,7909,11267,709215
11348943,8098,1009,709216
11348959,8009,10301,709217
11348975,8074,12323,709218
11348991,8150,2022,709219
11349007,8083,8212,709220
11349023,8355,13448,709221
11349039,8174,2990,709222
11349055,8125,7185,709223
11349071,8235,15429,709224
11349087,7985,4259,709225
11349103,8099,6183,709226
11349119,8071,16242,709227
11349135,7920,6101,709228
11349151,8043,4549,709229
11349167,8112,15488,709230
11349183,7959,7131,709231
11349199,8070,3044,709232
11349215,8094,13418,709233
11349231,8108,8239,709234
11349247,8237,2050,709235
11349263,8062,12283,709236
11349279,8076,10232,709237
11349295,8152,322,709238
11349311,8072,11335,709239
11349327,8195,11267,709240
11349343,8043,954,709241
11349359,8088,10280,709242
11349375,8064,12343,709243
11349391,8037,2072,709244
11349407,8166,8204,709245
11349423,8188,13442,709246
11349439,8036,3059,709247
11349455,8365,7212,709248
11349471,8116,15420,709249
11349487,7966,4251,709250
11349503,8358,6183,709251
11349519,8146,16250,709252
11349535,8193,6184,709253
11349551,8256,4550,709254
11349567,7981,15482,709255
11349583,8191,7232,709256
11349599,8198,3035,709257
11349615,7831,13383,709258
11349631,8157,8251,709259
11349647,8112,2026,709260
11349663,7986,12346,709261
11349679,8256,10217,709262
11349695,8185,355,709263
11349711,8050,11293,709264
11349727,8356,11316,709265
11349743,8132,998,709266
11349759,8014,10268,709267
11349775,8279,12355,709268
11349791,7975,2030,709269
11349807,8067,8186,709270
11349823,8162,13472,709271
11349839,7729,3003,709272
11349855,8075,7149,709273
11349871,8065,15456,709274
11349887,8078,4312,709275
11349903,8335,6143,709276
11349919,8090,16287,709277
11349935,8140,6120,709278
11349951,8314,4539,709279
11349967,7909,15396,709280
11349983,8138,7163,709281
11349999,8092,3045,709282
11350015,7910,13439,709283
11350031,8082,8183,709284
11350047,8066,2006,709285
11350063,7930,12324,709286
11350079,8131,10233,709287
11350095,8094,337,709288
11350111,8057,11316,709289
11350127,8288,11336,709290
11350143,8196,1003,709291
11350159,8165,10293,709292
11350175,8209,12344,709293
11350191,8048,2002,709294
11350207,8206,8221,709295
11350223,8190,13425,709296
11350239,8097,3018,709297
11350255,8013,7135,709298
11350271,7999,15390,709299
11350287,8325,4305,709300
11350303,8153,6167,709301
11350319,8146,16268,709302
11350335,8281,6200,709303
11350351,8069,4502,709304
11350367,8187,15443,709305
11350383,8161,7168,709306
11350399,7987,3078,709307
11350415,8177,13382,709308
11350431,8184,8174,709309
11350447,8075,2069,709310
11350463,8186,12347,709311
11350479,8077,10307,709312
11350495,7999,284,709313
11350511,8095,11296,709314
11350527,7948,11281,709315
11350543,8125,1006,709316
11350559,8244,10329,709317
11350575,7984,12319,709318
11350591,8244,2000,709319
11350607,8085,8173,709320
11350623,8069,13460,709321
11350639,8208,3098,709322
11350655,8082,7189,709323
11350671,8116,15423,709324
11350687,8231,4318,709325
11350703,7945,6191,709326
11350719,8084,16252,709327
11350735,8224,6150,709328
11350751,7914,4544,709329
11350767,8267,15455,709330
11350783,8172,7197,709331
11350799,8063,3042,709332
11350815,8475,13402,709333
11350831,8065,8185,709334
11350847,8180,2066,709335
11350863,8419,12393,709336
11350879,8044,10244,709337
11350895,8088,311,709338
11350911,8253,11291,709339
11350927,7889,11256,709340
11350943,8199,1009,709341
11350959,8227,10324,709342
11350975,7741,12241,709343
11350991,8288,2035,709344
11351007,8186,8273,709345
11351023,7990,13384,709346
11351039,8298,3041,709347
11351055,8182,7206,709348
11351071,8245,15441,709349
11351087,8296,4299,709350
11351103,7977,6162,709351
11351119,8090,16208,709352
11351135,7988,6165,709353
11351151,7958,4574,709354
11351167,8146,15386,709355
11351183,8087,7250,709356
11351199,7962,2996,709357
11351215,8127,13358,709358
11351231,8076,8222,709359
11351247,8097,2017,709360
11351263,8189,12373,709361
11351279,8006,10238,709362
11351295,8068,330,709363
11351311,8136,11328,709364
11351327,8062,11315,709365
11351343,8245,1053,709366
11351359,8064,10323,709367
11351375,8090,12322,709368
11351391,8095,2004,709369
11351407,8108,8180,709370
11351423,8211,13377,709371
11351439,8120,3057,709372
11351455,8173,7190,709373
11351471,8240,15417,709374
11351487,7967,4275,709375
11351503,8231,6131,709376
11351519,8212,16299,709377
11351535,8077,6169,709378
11351551,8205,4532,709379
11351567,8216,15463,709380
11351583,8040,7148,709381
11351599,8131,3028,709382
11351615,8123,13411,709383
11351631,8065,8211,709384
11351647,8280,2096,709385
11351663,7899,12266,709386
11351679,8039,10266,709387
11351695,8228,278,709388
11351711,7994,11320,709389
11351727,8258,11267,709390
11351743,8192,995,709391
11351759,8153,10303,709392
11351775,8184,12280,709393
11351791,8024,2026,709394
11351807,7975,8162,709395
11351823,8131,13456,709396
11351839,7927,3110,709397
11351855,8185,7211,709398
11351871,8185,15455,709399
11351887,7912,4233,709400
11351903,8320,6209,709401
11351919,8196,16352,709402
11351935,8132,6109,709403
11351951,8398,4519,709404
11351967,8018,15468,709405
11351983,8252,7242,709406
11351999,8123,3001,709407
11352015,7962,13464,709408
11352031,8121,8240,709409
11352047,8092,2003,709410
11352063,7828,12331,709411
11352079,8180,10277,709412
11352095,8118,361,709413
11352111,8028,11300,709414
11352127,8322,11294,709415
11352143,8198,1022,709416
11352159,8224,10382,709417
11352175,8221,12287,709418
11352191,8102,2013,709419
11352207,8268,8227,709420
11352223,8224,13459,709421
11352239,8064,3030,709422
11352255,8261,7191,709423
11352271,7853,15390,709424
11352287,8030,4273,709425
11352303,8053,6151,709426
11352319,8147,16315,709427
11352335,8281,6205,709428
11352351,8070,4498,709429
11352367,8172,15451,709430
11352383,8253,7168,709431
11352399,8149,3065,709432
11352415,8195,13456,709433
11352431,8150,8161,709434
11352447,8115,2066,709435
11352463,8132,12348,709436
11352479,8217,10308,709437
11352495,7994,287,709438
11352511,8252,11331,709439
11352527,7991,11267,709440
11352543,8118,986,709441
11352559,8105,10289,709442
11352575,8065,12375,709443
11352591,8199,1985,709444
11352607,8201,8155,709445
11352623,8238,13467,709446
11352639,8217,3003,709447
11352655,8139,7172,709448
11352671,8059,15396,709449
11352687,8251,4360,709450
11352703,8032,6151,709451
11352719,8056,16210,709452
11352735,8158,6141,709453
11352751,7934,4543,709454
11352767,8143,15384,709455
11352783,8131,7239,709456
11352799,7973,3058,709457
11352815,8225,13378,709458
11352831,8221,8203,709459
11352847,8108,2028,709460
11352863,8469,12341,709461
11352879,8206,10308,709462
11352895,8188,339,709463
11352911,8305,11329,709464
11352927,8012,11319,709465
11352943,8258,1013,709466
11352959,8259,10300,709467
11352975,7843,12351,709468
11352991,8023,2024,709469
11353007,8149,8186,709470
11353023,8213,13453,709471
11353039,8175,3065,709472
11353055,8193,7212,709473
11353071,8194,15446,709474
11353087,8319,4306,709475
11353103,8159,6161,709476
11353119,8160,16262,709477
11353135,8101,6200,709478
11353151,7900,4559,709479
11353167,8163,15470,709480
11353183,7969,7148,709481
11353199,7918,3020,709482
11353215,8261,13455,709483
11353231,8042,8211,709484
11353247,8198,2067,709485
11353263,8319,12351,709486
11353279,7988,10242,709487
11353295,8174,324,709488
11353311,8169,11268,709489
11353327,7903,11302,709490
11353343,8118,1011,709491
11353359,8092,10275,709492
11353375,7880,12227,709493
11353391,8143,2038,709494
11353407,7958,8193,709495
11353423,8053,13367,709496
11353439,8170,3126,709497
11353455,8254,7228,709498
11353471,8244,15430,709499
11353487,8262,4277,709500
11353503,8145,6145,709501
11353519,8246,16313,709502
11353535,8058,6113,709503
11353551,8251,4655,709504
11353567,8123,15419,709505
11353583,8021,7204,709506
11353599,8143,3102,709507
11353615,8112,13425,709508
11353631,7987,8139,709509
11353647,8147,2011,709510
11353663,7897,12325,709511
11353679,8101,10237,709512
11353695,8288,317,709513
11353711,7998,11315,709514
11353727,8188,11282,709515
11353743,8153,979,709516
11353759,7963,10312,709517
11353775,8300,12366,709518
11353791,8166,2074,709519
11353807,8042,8207,709520
11353823,8221,13458,709521
11353839,7996,3044,709522
11353855,8070,7164,709523
11353871,8212,15413,709524
11353887,7995,4306,709525
11353903,8110,6143,709526
11353919,8183,16271,709527
11353935,8000,6166,709528
11353951,8421,4578,709529
11353967,8002,15411,709530
11353983,8106,7157,709531
11353999,8257,3030,709532
11354015,8027,13434,709533
11354031,8045,8156,709534
11354047,8134,2036,709535
11354063,7907,12369,709536
11354079,8221,10235,709537
11354095,8211,363,709538
11354111,7819,11296,709539
11354127,8333,11313,709540
11354143,8079,1005,709541
11354159,7999,10314,709542
11354175,8332,12326,709543
11354191,8103,1988,709544
11354207,8084,8114,709545
11354223,8277,13412,709546
11354239,8020,3034,709547
11354255,8084,7215,709548
11354271,8213,15425,709549
11354287,7867,4235,709550
11354303,8130,6137,709551
11354319,8126,16264,709552
11354335,8110,6173,709553
11354351,8218,4585,709554
11354367,8067,15438,709555
11354383,8240,7144,709556
11354399,8149,3059,709557
11354415,8225,13366,709558
11354431,8121,8227,709559
11354447,8152,2027,709560
11354463,8162,12305,709561
11354479,8217,10307,709562
11354495,8041,272,709563
11354511,8056,11354,709564
11354527,8128,11290,709565
11354543,8069,994,709566
11354559,8250,10280,709567
11354575,8145,12397,709568
11354591,8040,2000,709569
11354607,8131,8179,709570
11354623,8189,13409,709571
11354639,8297,3068,709572
11354655,8184,7084,709573
11354671,8133,15401,709574
11354687,8190,4323,709575
11354703,8063,6120,709576
11354719,8067,16352,709577
11354735,8039,6168,709578
11354751,8047,4564,709579
11354767,8271,15457,709580
11354783,8182,7148,709581
11354799,8041,3063,709582
11354815,8339,13449,709583
11354831,8121,8242,709584
11354847,8042,2000,709585
11354863,8236,12281,709586
11354879,8197,10229,709587
11354895,8022,279,709588
11354911,8273,11288,709589
11354927,7993,11248,709590
11354943,8036,1001,709591
11354959,8276,10347,709592
11354975,7722,12290,709593
11354991,8249,2088,709594
11355007,8112,8162,709595
11355023,7997,13484,709596
11355039,8230,3001,709597
11355055,8258,7229,709598
11355071,8103,15408,709599
11355087,8326,4288,709600
11355103,8194,6143,709601
11355119,8062,16241,709602
11355135,8402,6146,709603
11355151,7974,4495,709604
11355167,8070,15400,709605
11355183,7970,7164,709606
11355199,7869,3023,709607
11355215,8115,13437,709608
11355231,8096,8240,709609
11355247,7934,1971,709610
11355263,8363,12270,709611
11355279,8044,10256,709612
11355295,8063,252,709613
11355311,8368,11221,709614
11355327,8066,11248,709615
11355343,8144,1022,709616
11355359,8297,10279,709617
11355375,7962,12258,709618
11355391,8112,2042,709619
11355407,8107,8197,709620
11355423,7968,13379,709621
11355439,8104,3047,709622
11355455,8054,7164,709623
11355471,8019,15363,709624
11355487,8215,4322,709625
11355503,8210,6150,709626
11355519,8184,16256,709627
11355535,8114,6175,709628
11355551,8111,4551,709629
11355567,8225,15438,709630
11355583,7960,7155,709631
11355599,8162,3065,709632
11355615,8185,13456,709633
11355631,8134,8249,709634
11355647,8068,2006,709635
11355663,8185,12383,709636
11355679,8002,10226,709637
11355695,8263,284,709638
11355711,8106,11263,709639
11355727,8155,11318,709640
11355743,8286,980,709641
11355759,8047,10263,709642
11355775,8088,12319,709643
11355791,8195,2037,709644
11355807,8111,8248,709645
11355823,8126,13423,709646
11355839,8032,3040,709647
11355855,8137,7168,709648
11355871,8116,15429,709649
11355887,7979,4275,709650
11355903,7975,6172,709651
11355919,8078,16316,709652
11355935,8019,6093,709653
11355951,8236,4503,709654
11355967,8349,15410,709655
11355983,8022,7136,709656
11355999,8175,2998,709657
11356015,8080,13377,709658
11356031,8079,8259,709659
11356047,8221,2037,709660
11356063,7827,12347,709661
11356079,8151,10287,709662
11356095,8221,300,709663
11356111,7791,11280,709664
11356127,8219,11284,709665
11356143,8183,1052,709666
11356159,7859,10262,709667
11356175,8290,12286,709668
11356191,8226,2018,709669
11356207,8066,8239,709670
11356223,8356,13413,709671
11356239,8117,3105,709672
11356255,8084,7208,709673
11356271,8183,15396,709674
11356287,7889,4238,709675
11356303,8067,6087,709676
11356319,8104,16329,709677
11356335,8009,6173,709678
11356351,8196,4599,709679
11356367,8170,15490,709680
11356383,8187,7229,709681
11356399,8151,3101,709682
11356415,8146,13434,709683
11356431,8210,8314,709684
11356447,8237,2083,709685
11356463,8025,12372,709686
11356479,8250,10263,709687
11356495,8110,317,709688
11356511,7946,11288,709689
11356527,8135,11290,709690
11356543,8042,1014,709691
11356559,7868,10307,709692
11356575,8142,12318,709693
11356591,8104,2001,709694
11356607,8133,8243,709695
11356623,8249,13416,709696
11356639,8225,3113,709697
11356655,8171,7194,709698
11356671,8176,15423,709699
11356687,8179,4293,709700
11356703,8070,6123,709701
11356719,8180,16264,709702
11356735,8074,6169,709703
11356751,8085,4576,709704
11356767,8049,15471,709705
11356783,8051,7194,709706
11356799,8142,3063,709707
11356815,8168,13475,709708
11356831,8283,8211,709709
11356847,8005,2026,709710
11356863,8221,12253,709711
11356879,8251,10254,709712
11356895,7952,355,709713
11356911,8192,11343,709714
11356927,8139,11342,709715
11356943,7983,1014,709716
11356959,8111,10308,709717
11356975,7890,12379,709718
11356991,8005,2031,709719
11357007,8066,8187,709720
11357023,8043,13375,709721
11357039,8102,3058,709722
11357055,8222,7174,709723
11357071,8009,15459,709724
11357087,8285,4319,709725
11357103,8175,6134,709726
11357119,8037,16288,709727
11357135,8225,6167,709728
11357151,8154,4574,709729
11357167,8084,15472,709730
11357183,8162,7236,709731
11357199,7882,3037,709732
11357215,8107,13444,709733
11357231,8143,8259,709734
11357247,8074,2030,709735
11357263,8317,12368,709736
11357279,8263,10314,709737
11357295,8114,329,709738
11357311,8369,11315,709739
11357327,8147,11265,709740
11357343,8151,962,709741
11357359,8418,10294,709742
11357375,7920,12320,709743
11357391,8173,2025,709744
11357407,8108,8204,709745
11357423,7872,13410,709746
11357439,8103,3101,709747
11357455,8010,7154,709748
11357471,7999,15410,709749
11357487,8228,4264,709750
11357503,8166,6131,709751
11357519,8050,16300,709752
11357535,8240,6148,709753
11357551,8219,4548,709754
11357567,8161,15455,709755
11357583,8138,7170,709756
11357599,8101,3058,709757
11357615,8176,13427,709758
11357631,7941,8120,709759
11357647,7996,2077,709760
11357663,8089,12363,709761
11357679,7989,10220,709762
11357695,8067,241,709763
11357711,8091,11252,709764
11357727,8042,11307,709765
11357743,8253,976,709766
11357759,8208,10278,709767
11357775,8182,12330,709768
11357791,8249,2031,709769
11357807,8078,8160,709770
11357823,7984,13421,709771
11357839,8033,2985,709772
11357855,8019,7164,709773
11357871,7999,15390,709774
11357887,8015,4244,709775
11357903,8135,6140,709776
11357919,8234,16263,709777
11357935,8050,6136,709778
11357951,8149,4549,709779
11357967,8204,15395,709780
11357983,8120,7157,709781
11357999,8240,3028,709782
11358015,8086,13424,709783
11358031,8020,8160,709784
11358047,8217,2014,709785
11358063,8010,12363,709786
11358079,8169,10312,709787
11358095,8252,345,709788
11358111,8060,11358,709789
11358127,8127,11251,709790
11358143,8286,979,709791
11358159,8030,10289,709792
11358175,8202,12374,709793
11358191,8258,2006,709794
11358207,7932,8200,709795
11358223,8332,13461,709796
11358239,7988,3035,709797
11358255,8071,7216,709798
11358271,8255,15406,709799
11358287,7988,4280,709800
11358303,8060,6142,709801
11358319,8255,16292,709802
11358335,7974,6161,709803
11358351,8111,4527,709804
11358367,8134,15469,709805
11358383,7955,7187,709806
11358399,8250,3024,709807
11358415,8118,13392,709808
11358431,8087,8202,709809
11358447,8308,2036,709810
11358463,7997,12284,709811
11358479,8116,10236,709812
11358495,8161,294,709813
11358511,7867,11321,709814
11358527,8130,11289,709815
11358543,8049,1059,709816
11358559,7812,10280,709817
11358575,8015,12361,709818
11358591,8130,2053,709819
11358607,7902,8161,709820
11358623,8338,13406,709821
11358639,7987,3093,709822
11358655,8246,7207,709823
11358671,8317,15427,709824
11358687,7987,4289,709825
11358703,8114,6146,709826
11358719,8034,16287,709827
11358735,8137,6137,709828
11358751,8054,4486,709829
11358767,8135,15470,709830
11358783,7928,7141,709831
11358799,8108,3063,709832
11358815,8017,13436,709833
11358831,8195,8244,709834
11358847,8231,2005,709835
11358863,8025,12328,709836
11358879,8228,10289,709837
11358895,8150,345,709838
11358911,8285,11319,709839
11358927,8228,11312,709840
11358943,8075,1014,709841
11358959,8118,10276,709842
11358975,8017,12351,709843
11358991,8006,2066,709844
11359007,8074,8245,709845
11359023,8049,13414,709846
11359039,8058,3090,709847
11359055,8239,7171,709848
11359071,8120,15472,709849
11359087,8265,4299,709850
11359103,8172,6189,709851
11359119,8009,16274,709852
11359135,8076,6175,709853
11359151,8073,4585,709854
11359167,8038,15458,709855
11359183,8165,7115,709856
11359199,7969,3110,709857
11359215,8130,13393,709858
11359231,8241,8140,709859
11359247,8073,2099,709860
11359263,8157,12295,709861
11359279,8033,10273,709862
11359295,7846,317,709863
11359311,8215,11243,709864
11359327,8030,11293,709865
11359343,8084,1025,709866
11359359,8406,10319,709867
11359375,7862,12290,709868
11359391,8197,2081,709869
11359407,8207,8191,709870
11359423,8016,13430,709871
11359439,8252,3022,709872
11359455,8196,7197,709873
11359471,7897,15401,709874
11359487,8090,4277,709875
11359503,8216,6166,709876
11359519,7991,16368,709877
11359535,8300,6137,709878
11359551,8116,4499,709879
11359567,8133,15462,709880
11359583,8330,7239,709881
11359599,7947,3057,709882
11359615,8300,13430,709883
11359631,8180,8241,709884
11359647,7889,2041,709885
11359663,8204,12285,709886
11359679,8084,10244,709887
11359695,8024,283,709888
11359711,8177,11294,709889
11359727,8088,11305,709890
11359743,8212,963,709891
11359759,8278,10284,709892
11359775,7934,12346,709893
11359791,8178,1999,709894
11359807,8365,8238,709895
11359823,8119,13468,709896
11359839,8221,3091,709897
11359855,8105,7147,709898
11359871,8017,15484,709899
11359887,8125,4294,709900
11359903,7925,6135,709901
11359919,8171,16308,709902
11359935,8253,6211,709903
11359951,8075,4526,709904
11359967,8135,15469,709905
11359983,8244,7213,709906
11359999,8152,3055,709907
11360015,8179,13443,709908
11360031,8083,8210,709909
11360047,7966,2036,709910
11360063,8182,12281,709911
11360079,8044,10297,709912
11360095,8073,317,709913
11360111,8039,11318,709914
11360127,7883,11325,709915
11360143,8229,981,709916
11360159,7948,10265,709917
11360175,8083,12255,709918
11360191,8332,2012,709919
11360207,7981,8170,709920
11360223,8221,13482,709921
11360239,8322,3094,709922
11360255,8108,7223,709923
11360271,8141,15442,709924
11360287,8136,4270,709925
11360303,8030,6195,709926
11360319,8172,16257,709927
11360335,8156,6106,709928
11360351,8198,4533,709929
11360367,8145,15379,709930
11360383,7947,7203,709931
11360399,8084,3056,709932
11360415,8196,13419,709933
11360431,8028,8156,709934
11360447,8386,2036,709935
11360463,8026,12375,709936
11360479,8211,10296,709937
11360495,8291,276,709938
11360511,8016,11346,709939
11360527,8177,11317,709940
11360543,8250,949,709941
11360559,7798,10234,709942
11360575,8150,12373,709943
11360591,8127,2075,709944
11360607,7957,8259,709945
11360623,8311,13443,709946
11360639,8049,3057,709947
11360655,8172,7195,709948
11360671,8336,15459,709949
11360687,8179,4332,709950
11360703,8249,6175,709951
11360719,8219,16273,709952
11360735,7954,6117,709953
11360751,8149,4562,709954
11360767,8106,15445,709955
11360783,7983,7228,709956
11360799,8123,3032,709957
11360815,8078,13392,709958
11360831,8040,8203,709959
11360847,8208,2013,709960
11360863,8095,12304,709961
11360879,8233,10275,709962
11360895,8214,407,709963
11360911,8039,11299,709964
11360927,8071,11303,709965
11360943,8150,1023,709966
11360959,7952,10271,709967
11360975,8030,12343,709968
11360991,8011,2010,709969
11361007,8054,8256,709970
11361023,8189,13426,709971
11361039,8003,3065,709972
11361055,8077,7187,709973
11361071,8166,15337,709974
11361087,7978,4276,709975
11361103,8134,6120,709976
11361119,8228,16295,709977
11361135,8250,6183,709978
11361151,8118,4528,709979
11361167,8038,15462,709980
11361183,7960,7173,709981
11361199,8060,3111,709982
11361215,8064,13419,709983
11361231,8246,8239,709984
11361247,8035,2028,709985
11361263,8088,12318,709986
11361279,8117,10264,709987
11361295,8011,327,709988
11361311,8183,11336,709989
11361327,8170,11254,709990
11361343,8032,947,709991
11361359,8325,10318,709992
11361375,8239,12383,709993
11361391,7928,2032,709994
11361407,8136,8161,709995
11361423,8065,13437,709996
11361439,7885,3063,709997
11361455,8197,7169,709998
11361471,7897,15424,709999
11361487,8114,4285,710000
11361503,8268,6176,710001
11361519,7979,16237,710002
11361535,8234,6148,710003
11361551,8137,4557,710004
11361567,8099,15406,710005
11361583,8332,7144,710006
11361599,8076,3025,710007
11361615,8129,13355,710008
11361631,8201,8222,710009
11361647,7957,2021,710010
11361663,8106,12281,710011
11361679,8086,10306,710012
11361695,7823,342,710013
11361711,8246,11281,710014
11361727,7985,11318,710015
11361743,8126,1006,710016
11361759,8370,10317,710017
11361775,8087,12346,710018
11361791,8149,1978,710019
11361807,8488,8241,710020
11361823,8097,13427,710021
11361839,8146,3046,710022
11361855,8222,7159,710023
11361871,7993,15428,710024
11361887,8295,4294,710025
11361903,8208,6199,710026
11361919,8038,16299,710027
11361935,8197,6110,710028
11361951,8141,4523,710029
11361967,8048,15398,710030
11361983,8276,7146,710031
11361999,8025,3011,710032
11362015,8110,13386,710033
11362031,8175,8221,710034
11362047,8157,2035,710035
11362063,8220,12307,710036
11362079,8106,10208,710037
11362095,8088,384,710038
11362111,8097,11311,710039
11362127,8146,11263,710040
11362143,8082,969,710041
11362159,8085,10345,710042
11362175,8020,12349,710043
11362191,8239,2072,710044
11362207,8098,8199,710045
11362223,8158,13418,710046
11362239,8139,3063,710047
11362255,8072,7155,710048
11362271,8227,15458,710049
11362287,8201,4299,710050
11362303,8145,6202,710051
11362319,8075,16219,710052
11362335,8037,6189,710053
11362351,8087,4531,710054
11362367,8099,15404,710055
11362383,7973,7133,710056
11362399,8067,3021,710057
11362415,8112,13404,710058
11362431,7968,8157,710059
11362447,8096,2009,710060
11362463,8166,12355,710061
11362479,8051,10235,710062
11362495,8297,330,710063
11362511,8122,11303,710064
11362527,8182,11280,710065
11362543,8119,971,710066
11362559,7838,10333,710067
11362575,8130,12363,710068
11362591,8053,1991,710069
11362607,7857,8243,710070
11362623,8264,13428,710071
11362639,8201,3094,710072
11362655,7987,7160,710073
11362671,8329,15454,710074
11362687,7961,4264,710075
11362703,8028,6162,710076
11362719,8346,16263,710077
11362735,8088,6201,710078
11362751,8268,4580,710079
11362767,8327,15447,710080
11362783,7894,7189,710081
11362799,8022,3038,710082
11362815,8181,13416,710083
11362831,7819,8176,710084
11362847,8370,2033,710085
11362863,8169,12391,710086
11362879,8121,10242,710087
11362895,8285,327,710088
11362911,8126,11319,710089
11362927,8245,11268,710090
11362943,8257,1015,710091
11362959,7975,10309,710092
11362975,8074,12346,710093
11362991,8186,2053,710094
11363007,7842,8187,710095
11363023,8247,13467,710096
11363039,7986,3073,710097
11363055,7919,7208,710098
11363071,8119,15410,710099
11363087,8136,4282,710100
11363103,8098,6165,710101
11363119,8089,16252,710102
11363135,8015,6136,710103
11363151,8151,4522,710104
11363167,8246,15448,710105
11363183,8073,7196,710106
11363199,8142,3104,710107
11363215,8076,13454,710108
11363231,8136,8247,710109
11363247,8084,2019,710110
11363263,8007,12347,710111
11363279,8069,10192,710112
11363295,8072,281,710113
11363311,8077,11267,710114
11363327,8294,11328,710115
11363343,8026,1022,710116
11363359,8051,10239,710117
11363375,8048,12287,710118
11363391,7963,2054,710119
11363407,8133,8192,710120
11363423,7956,13399,710121
11363439,7932,3003,710122
11363455,8067,7163,710123
11363471,7923,15385,710124
11363487,8141,4288,710125
11363503,8231,6179,710126
11363519,8039,16244,710127
11363535,8087,6160,710128
11363551,8134,4517,710129
11363567,8058,15397,710130
11363583,8291,7193,710131
11363599,8147,3060,710132
11363615,8050,13377,710133
11363631,8170,8247,710134
11363647,7915,2029,710135
11363663,7935,12306,710136
11363679,8115,10239,710137
11363695,7775,271,710138
11363711,8107,11369,710139
11363727,8097,11326,710140
11363743,7953,976,710141
11363759,8280,10309,710142
11363775,8069,12400,710143
11363791,8190,2087,710144
11363807,8455,8201,710145
11363823,8146,13405,710146
11363839,8120,3045,710147
11363855,8275,7187,710148
11363871,7871,15419,710149
11363887,8199,4260,710150
11363903,8192,6192,710151
11363919,7810,16239,710152
11363935,8231,6116,710153
11363951,8093,4540,710154
11363967,7915,15417,710155
11363983,8275,7223,710156
11363999,8146,3125,710157
11364015,8112,13436,710158
11364031,8302,8204,710159
11364047,8042,2010,710160
11364063,8213,12335,710161
11364079,8137,10234,710162
11364095,7865,298,710163
11364111,8130,11328,710164
11364127,8139,11288,710165
11364143,8113,1016,710166
11364159,8118,10330,710167
11364175,7915,12335,710168
11364191,8127,1984,710169
11364207,8099,8246,710170
11364223,8108,13450,710171
11364239,8272,3101,710172
11364255,8166,7172,710173
11364271,8134,15385,710174
11364287,8223,4287,710175
11364303,8037,6192,710176
11364319,8110,16314,710177
11364335,8145,6146,710178
11364351,7862,4543,710179
11364367,8081,15461,710180
11364383,8171,7210,710181
11364399,8114,3048,710182
11364415,8261,13435,710183
11364431,8094,8161,710184
11364447,8134,1979,710185
11364463,8318,12323,710186
11364479,8119,10246,710187
11364495,8223,321,710188
11364511,8151,11331,710189
11364527,8141,11315,710190
11364543,8268,1014,710191
11364559,8115,10298,710192
11364575,8011,12304,710193
11364591,8226,2016,710194
11364607,7933,8208,710195
11364623,8136,13364,710196
11364639,8139,3006,710197
11364655,8026,7197,710198
11364671,8337,15447,710199
11364687,8163,4307,710200
11364703,8102,6170,710201
11364719,8296,16291,710202
11364735,8011,6112,710203
11364751,8132,4547,710204
11364767,8209,15448,710205
11364783,7985,7175,710206
11364799,7982,3057,710207
11364815,8114,13359,710208
11364831,7973,8227,710209
11364847,8067,2028,710210
11364863,8178,12360,710211
11364879,8085,10242,710212
11364895,8210,307,710213
11364911,8158,11342,710214
11364927,8122,11298,710215
11364943,8363,1024,710216
11364959,8008,10258,710217
11364975,8029,12318,710218
11364991,8044,2014,710219
11365007,7991,8205,710220
11365023,8261,13392,710221
11365039,8013,3057,710222
11365055,7818,7199,710223
11365071,8135,15416,710224
11365087,8064,4264,710225
11365103,7958,6131,710226
11365119,8342,16322,710227
11365135,8005,6150,710228
11365151,8217,4525,710229
11365167,8306,15451,710230
11365183,8066,7159,710231
11365199,8140,3032,710232
11365215,8048,13397,710233
11365231,7947,8189,710234
11365247,8144,2038,710235
11365263,8040,12345,710236
11365279,7940,10278,710237
11365295,8072,271,710238
11365311,8203,11304,710239
11365327,8162,11282,710240
11365343,8228,1025,710241
11365359,8068,10269,710242
11365375,8266,12368,710243
11365391,8136,2037,710244
11365407,8147,8245,710245
11365423,8110,13435,710246
11365439,7992,3119,710247
11365455,8100,7192,710248
11365471,7926,15383,710249
11365487,8046,4299,710250
11365503,8107,6165,710251
11365519,8039,16297,710252
11365535,8143,6167,710253
11365551,8310,4547,710254
11365567,8156,15413,710255
11365583,8146,7221,710256
11365599,8146,3054,710257
11365615,8093,13425,710258
11365631,8196,8225,710259
11365647,8146,2034,710260
11365663,7944,12286,710261
11365679,8117,10271,710262
11365695,7964,252,710263
11365711,7998,11286,710264
11365727,8150,11341,710265
11365743,7990,976,710266
11365759,8230,10306,710267
11365775,8129,12334,710268
11365791,8134,2019,710269
11365807,8240,8184,710270
11365823,8092,13407,710271
11365839,8054,3032,710272
11365855,8299,7127,710273
11365871,7954,15425,710274
11365887,8085,4266,710275
11365903,8275,6165,710276
11365919,7829,16274,710277
11365935,8145,6176,710278
11365951,8194,4516,710279
11365967,7900,15417,710280
11365983,8157,7189,710281
11365999,8110,3021,710282
11366015,7982,13369,710283
11366031,8311,8259,710284
11366047,7979,2027,710285
11366063,8050,12270,710286
11366079,8351,10307,710287
11366095,8107,345,710288
11366111,8047,11306,710289
11366127,8205,11250,710290
11366143,8001,1016,710291
11366159,8151,10267,710292
11366175,8049,12321,710293
11366191,8084,2031,710294
11366207,8107,8220,710295
11366223,8225,13443,710296
11366239,8182,2999,710297
11366255,8230,7196,710298
11366271,8122,15434,710299
11366287,8287,4276,710300
11366303,8228,6174,710301
11366319,8049,16256,710302
11366335,8286,6141,710303
11366351,8088,4574,710304
11366367,8042,15438,710305
11366383,8132,7164,710306
11366399,7977,3076,710307
11366415,8106,13419,710308
11366431,8129,8214,710309
11366447,8177,2045,710310
11366463,8133,12258,710311
11366479,8270,10244,710312
11366495,8255,322,710313
11366511,8220,11294,710314
11366527,8181,11256,710315
11366543,8180,1026,710316
11366559,8133,10293,710317
11366575,8045,12362,710318
11366591,8004,2019,710319
11366607,7891,8160,710320
11366623,8174,13452,710321
11366639,8084,3106,710322
11366655,7989,7151,710323
11366671,8217,15378,710324
11366687,8158,4266,710325
11366703,8072,6141,710326
11366719,8395,16323,710327
11366735,8047,6104,710328
11366751,8066,4577,710329
11366767,8312,15397,710330
11366783,8158,7156,710331
11366799,8056,3121,710332
11366815,8227,13449,710333
11366831,8066,8253,710334
11366847,8017,2002,710335
11366863,8048,12262,710336
11366879,7978,10289,710337
11366895,8314,371,710338
11366911,8152,11306,710339
11366927,8104,11286,710340
11366943,8357,1015,710341
11366959,7969,10299,710342
11366975,8152,12324,710343
11366991,8310,2073,710344
11367007,7926,8220,710345
11367023,8174,13402,710346
11367039,8189,3108,710347
11367055,7912,7143,710348
11367071,8340,15493,710349
11367087,8076,4322,710350
11367103,7973,6152,710351
11367119,8282,16351,710352
11367135,7970,6181,710353
11367151,8060,4544,710354
11367167,8275,15404,710355
11367183,7995,7163,710356
11367199,8181,3064,710357
11367215,8336,13474,710358
11367231,7928,8172,710359
11367247,8169,2053,710360
11367263,8066,12319,710361
11367279,7966,10322,710362
11367295,8082,290,710363
11367311,7998,11294,710364
11367327,8030,11295,710365
11367343,8219,1007,710366
11367359,7989,10292,710367
11367375,8126,12258,710368
11367391,8314,2107,710369
11367407,8161,8201,710370
11367423,8144,13399,710371
11367439,8066,2997,710372
11367455,7989,7173,710373
11367471,8129,15430,710374
11367487,8008,4293,710375
11367503,8106,6185,710376
11367519,8064,16236,710377
11367535,7934,6104,710378
11367551,8180,4504,710379
11367567,8195,15427,710380
11367583,8102,7156,710381
11367599,8278,3069,710382
11367615,8169,13440,710383
11367631,8081,8195,710384
11367647,8243,2049,710385
11367663,8009,12334,710386
11367679,8105,10269,710387
11367695,7983,285,710388
11367711,7860,11268,710389
11367727,8025,11266,710390
11367743,7936,948,710391
11367759,8091,10300,710392
11367775,8127,12393,710393
11367791,8009,2037,710394
11367807,8218,8165,710395
11367823,8285,13461,710396
11367839,8071,3066,710397
11367855,8320,7196,710398
11367871,8101,15411,710399
11367887,8142,4282,710400
11367903,8262,6181,710401
11367919,7917,16259,710402
11367935,8104,6179,710403
11367951,8149,4559,710404
11367967,7825,15416,710405
11367983,8107,7173,710406
11367999,8060,3025,710407
11368015,7945,13359,710408
11368031,8260,8186,710409
11368047,8120,2011,710410
11368063,8127,12369,710411
11368079,8311,10262,710412
11368095,8030,295,710413
11368111,8213,11335,710414
11368127,8276,11317,710415
11368143,8112,1021,710416
11368159,8107,10277,710417
11368175,8100,12284,710418
11368191,8079,2066,710419
11368207,8149,8170,710420
11368223,8107,13439,710421
11368239,8173,3035,710422
11368255,8217,7143,710423
11368271,8000,15441,710424
11368287,8218,4344,710425
11368303,8328,6168,710426
11368319,7908,16277,710427
11368335,8076,6125,710428
11368351,8275,4563,710429
11368367,8015,15445,710430
11368383,8162,7162,710431
11368399,8095,3099,710432
11368415,7876,13381,710433
11368431,8227,8214,710434
11368447,8066,2040,710435
11368463,8121,12292,710436
11368479,8314,10310,710437
11368495,8186,284,710438
11368511,8128,11320,710439
11368527,8229,11294,710440
11368543,8166,1018,710441
11368559,8227,10344,710442
11368575,8047,12308,710443
11368591,8049,2039,710444
11368607,8100,8206,710445
11368623,8028,13429,710446
11368639,8056,3018,710447
11368655,8061,7201,710448
11368671,7993,15388,710449
11368687,8234,4294,710450
11368703,8096,6119,710451
11368719,8261,16319,710452
11368735,8365,6151,710453
11368751,8119,4574,710454
11368767,8159,15418,710455
11368783,8313,7164,710456
11368799,7970,3039,710457
11368815,8232,13479,710458
11368831,8047,8209,710459
11368847,7949,2026,710460
11368863,8116,12242,710461
11368879,8110,10299,710462
11368895,8141,333,710463
11368911,8258,11304,710464
11368927,8151,11337,710465
11368943,8290,984,710466
11368959,8186,10279,710467
11368975,8114,12398,710468
11368991,8244,2009,710469
11369007,8005,8229,710470
11369023,8191,13476,710471
11369039,8225,3047,710472
11369055,7886,7155,710473
11369071,8192,15471,710474
11369087,8143,4324,710475
11369103,7914,6132,710476
11369119,8346,16314,710477
11369135,8051,6140,710478
11369151,8067,4575,710479
11369167,8450,15488,710480
11369183,8059,7215,710481
11369199,7934,3032,710482
11369215,8420,13427,710483
11369231,7909,8169,710484
11369247,8107,2056,710485
11369263,8094,12273,710486
11369279,7917,10275,710487
11369295,8019,306,710488
11369311,8076,11327,710489
11369327,7903,11260,710490
11369343,8236,934,710491
11369359,8054,10292,710492
11369375,8122,12341,710493
11369391,8252,2005,710494
11369407,8099,8209,710495
11369423,8320,13471,710496
11369439,8242,3120,710497
11369455,7971,7144,710498
11369471,8137,15447,710499
11369487,8120,4276,710500
11369503,8032,6135,710501
11369519,8167,16337,710502
11369535,7864,6133,710503
11369551,8007,4521,710504
11369567,8329,15433,710505
11369583,8029,7203,710506
11369599,8192,3063,710507
11369615,8232,13391,710508
11369631,8146,8228,710509
11369647,8256,2049,710510
11369663,8054,12273,710511
11369679,8005,10313,710512
11369695,8022,309,710513
11369711,7999,11267,710514
11369727,7958,11326,710515
11369743,8055,1052,710516
11369759,8056,10316,710517
11369775,8027,12287,710518
11369791,8029,2024,710519
11369807,8091,8206,710520
11369823,8085,13420,710521
11369839,8071,3015,710522
11369855,8176,7153,710523
11369871,8122,15440,710524
11369887,7925,4296,710525
11369903,8184,6138,710526
11369919,8105,16331,710527
11369935,8059,6191,710528
11369951,8157,4554,710529
11369967,8106,15461,710530
11369983,8228,7237,710531
11369999,8186,3048,710532
11370015,8083,13414,710533
11370031,8161,8161,710534
11370047,8162,2019,710535
11370063,8010,12263,710536
11370079,8248,10267,710537
11370095,8084,291,710538
11370111,8050,11357,710539
11370127,8333,11345,710540
11370143,8066,996,710541
11370159,8187,10319,710542
11370175,8075,12359,710543
11370191,8006,2017,710544
11370207,8141,8175,710545
11370223,8253,13444,710546
11370239,8089,3095,710547
11370255,8243,7166,710548
11370271,8188,15468,710549
11370287,8127,4273,710550
11370303,8310,6103,710551
11370319,7973,16262,710552
11370335,8316,6189,710553
11370351,8326,4576,710554
11370367,7872,15364,710555
11370383,8289,7193,710556
11370399,8145,3031,710557
11370415,7915,13432,710558
11370431,8327,8248,710559
11370447,8096,2048,710560
11370463,7832,12317,710561
11370479,8380,10271,710562
11370495,8085,347,710563
11370511,8123,11324,710564
11370527,8548,11347,710565
11370543,8125,950,710566
11370559,8165,10261,710567
11370575,8147,12357,710568
11370591,8131,2044,710569
11370607,8316,8241,710570
11370623,8181,13381,710571
11370639,8038,3025,710572
11370655,8359,7237,710573
11370671,7954,15410,710574
11370687,8135,4307,710575
11370703,8250,6114,710576
11370719,8146,16270,710577
11370735,8437,6193,710578
11370751,8235,4547,710579
11370767,8123,15417,710580
11370783,8322,7236,710581
11370799,8036,3044,710582
11370815,8138,13411,710583
11370831,8236,8221,710584
11370847,7989,1984,710585
11370863,8146,12391,710586
11370879,8164,10225,710587
11370895,7980,274,710588
11370911,8296,11326,710589
11370927,8252,11357,710590
11370943,8251,1048,710591
11370959,8305,10352,710592
11370975,8114,12353,710593
11370991,8173,2007,710594
11371007,8046,8231,710595
11371023,8102,13461,710596
11371039,8085,3026,710597
11371055,8038,7132,710598
11371071,8149,15420,710599
11371087,8188,4269,710600
11371103,7993,6151,710601
11371119,8150,16304,710602
11371135,8153,6150,710603
11371151,7998,4562,710604
11371167,8289,15425,710605
11371183,8185,7217,710606
11371199,7954,3017,710607
11371215,8446,13471,710608
11371231,7948,8190,710609
11371247,8048,2010,710610
11371263,8261,12356,710611
11371279,7908,10229,710612
11371295,8064,294,710613
11371311,8269,11359,710614
11371327,7977,11299,710615
11371343,8187,1016,710616
11371359,8190,10330,710617
11371375,8035,12365,710618
11371391,8233,2015,710619
11371407,7992,8210,710620
11371423,8136,13406,710621
11371439,8357,3099,710622
11371455,7940,7209,710623
11371471,8211,15385,710624
11371487,8164,4272,710625
11371503,7896,6088,710626
11371519,8270,16239,710627
11371535,8171,6184,710628
11371551,7827,4532,710629
11371567,8277,15415,710630
11371583,8000,7150,710631
11371599,8026,2990,710632
11371615,8340,13445,710633
11371631,7889,8169,710634
11371647,8310,2092,710635
11371663,8328,12322,710636
11371679,8083,10275,710637
11371695,8162,288,710638
11371711,8087,11314,710639
11371727,7897,11344,710640
11371743,8173,1016,710641
11371759,8079,10291,710642
11371775,8013,12420,710643
11371791,8130,2047,710644
11371807,8180,8206,710645
11371823,8201,13487,710646
11371839,8156,3031,710647
11371855,8130,7190,710648
11371871,8184,15422,710649
11371887,8185,4298,710650
11371903,8127,6143,710651
11371919,8236,16338,710652
11371935,8007,6206,710653
11371951,7955,4526,710654
11371967,8140,15462,710655
11371983,8061,7160,710656
11371999,8169,3071,710657
11372015,8193,13438,710658
11372031,8186,8183,710659
11372047,8333,2010,710660
11372063,8232,12350,710661
11372079,8132,10276,710662
11372095,8309,371,710663
11372111,8131,11334,710664
11372127,8175,11294,710665
11372143,8126,1019,710666
11372159,8141,10302,710667
11372175,7966,12322,710668
11372191,8108,2020,710669
11372207,8146,8236,710670
11372223,8164,13402,710671
11372239,8134,3074,710672
11372255,8110,7141,710673
11372271,8192,15429,710674
11372287,8139,4295,710675
11372303,8277,6136,710676
11372319,8064,16366,710677
11372335,8093,6128,710678
11372351,8292,4519,710679
11372367,8020,15418,710680
11372383,8184,7239,710681
11372399,8325,3091,710682
11372415,7985,13433,710683
11372431,8217,8220,710684
11372447,8232,2029,710685
11372463,7916,12321,710686
11372479,8254,10316,710687
11372495,8185,349,710688
11372511,8022,11305,710689
11372527,8279,11286,710690
11372543,8071,969,710691
11372559,8209,10266,710692
11372575,8217,12357,710693
11372591,8194,2051,710694
11372607,8089,8252,710695
11372623,8162,13420,710696
11372639,7909,3042,710697
11372655,8084,7163,710698
11372671,8045,15446,710699
11372687,7951,4221,710700
11372703,8151,6118,710701
11372719,8200,16269,710702
11372735,8253,6148,710703
11372751,8408,4543,710704
11372767,8000,15435,710705
11372783,8266,7134,710706
11372799,8142,3042,710707
11372815,8121,13450,710708
11372831,8155,8208,710709
11372847,8004,2082,710710
11372863,7859,12338,710711
11372879,8286,10234,710712
11372895,7946,349,710713
11372911,7987,11263,710714
11372927,8299,11342,710715
11372943,8185,993,710716
11372959,8346,10315,710717
11372975,8324,12325,710718
11372991,8111,2072,710719
11373007,8236,8199,710720
11373023,8100,13425,710721
11373039,8113,3098,710722
11373055,8148,7208,710723
11373071,8095,15416,710724
11373087,8157,4264,710725
11373103,8050,6183,710726
11373119,8143,16253,710727
11373135,8311,6124,710728
11373151,8119,4525,710729
11373167,8121,15411,710730
11373183,8261,7195,710731
11373199,8043,3065,710732
11373215,8186,13402,710733
11373231,8166,8195,710734
11373247,7987,2041,710735
11373263,8346,12351,710736
11373279,8129,10216,710737
11373295,7924,283,710738
11373311,8082,11336,710739
11373327,8076,11317,710740
11373343,7978,970,710741
11373359,8289,10320,710742
11373375,7981,12319,710743
11373391,8218,2039,710744
11373407,8168,8259,710745
11373423,8243,13464,710746
11373439,8223,3011,710747
11373455,8092,7199,710748
11373471,8193,15401,710749
11373487,8296,4322,710750
11373503,8092,6161,710751
11373519,8226,16339,710752
11373535,8177,6208,710753
11373551,7938,4568,710754
11373567,8172,15474,710755
11373583,7937,7163,710756
11373599,7914,3040,710757
11373615,8352,13449,710758
11373631,8065,8229,710759
11373647,8123,2023,710760
11373663,8499,12390,710761
11373679,8135,10292,710762
11373695,8160,273,710763
11373711,8240,11254,710764
11373727,7985,11293,710765
11373743,8146,1015,710766
11373759,8050,10339,710767
11373775,7896,12324,710768
11373791,8186,2009,710769
11373807,8003,8217,710770
11373823,8092,13408,710771
11373839,8168,3054,710772
11373855,8033,7191,710773
11373871,8237,15396,710774
11373887,8161,4258,710775
11373903,8122,6149,710776
11373919,8163,16299,710777
11373935,8192,6211,710778
11373951,8012,4533,710779
11373967,8265,15443,710780
11373983,7968,7216,710781
11373999,8051,3119,710782
11374015,8131,13359,710783
11374031,8062,8189,710784
11374047,8236,2047,710785
11374063,8171,12353,710786
11374079,8085,10282,710787
11374095,8229,285,710788
11374111,8048,11256,710789
11374127,8155,11324,710790
11374143,8219,1025,710791
11374159,8130,10298,710792
11374175,8094,12314,710793
11374191,8227,2014,710794
11374207,8164,8236,710795
11374223,8128,13453,710796
11374239,8004,3075,710797
11374255,8232,7209,710798
11374271,8200,15440,710799
11374287,8125,4321,710800
11374303,8144,6123,710801
11374319,8193,16302,710802
11374335,8151,6113,710803
11374351,8252,4535,710804
11374367,8061,15436,710805
11374383,8150,7163,710806
11374399,8200,3029,710807
11374415,7949,13367,710808
11374431,8068,8174,710809
11374447,8138,1991,710810
11374463,7866,12356,710811
11374479,8208,10311,710812
11374495,8283,336,710813
11374511,8027,11332,710814
11374527,8369,11311,710815
11374543,8190,971,710816
11374559,8148,10294,710817
11374575,8259,12284,710818
11374591,8218,2038,710819
11374607,8106,8190,710820
11374623,8220,13395,710821
11374639,8034,3048,710822
11374655,8151,7171,710823
11374671,8188,15397,710824
11374687,8044,4283,710825
11374703,8134,6135,710826
11374719,8066,16269,710827
11374735,8240,6150,710828
11374751,8202,4516,710829
11374767,8104,15446,710830
11374783,8252,7204,710831
11374799,8207,3056,710832
11374815,8120,13441,710833
11374831,8368,8224,710834
11374847,8208,2043,710835
11374863,7961,12361,710836
11374879,8096,10270,710837
11374895,8065,368,710838
11374911,8016,11309,710839
11374927,8301,11336,710840
11374943,8092,941,710841
11374959,8226,10267,710842
11374975,8270,12364,710843
11374991,8056,2069,710844
11375007,8184,8254,710845
11375023,8198,13487,710846
11375039,8073,3047,710847
11375055,8105,7148,710848
11375071,8152,15452,710849
11375087,8020,4252,710850
11375103,8105,6208,710851
11375119,8155,16354,710852
11375135,8196,6224,710853
11375151,8167,4521,710854
11375167,8134,15434,710855
11375183,8248,7191,710856
11375199,8136,3026,710857
11375215,8259,13447,710858
11375231,8174,8164,710859
11375247,8043,1959,710860
11375263,8129,12273,710861
11375279,8120,10274,710862
11375295,8059,312,710863
11375311,8174,11334,710864
11375327,7995,11280,710865
11375343,8062,946,710866
11375359,8113,10246,710867
11375375,8024,12324,710868
11375391,8085,2080,710869
11375407,8032,8245,710870
11375423,8093,13435,710871
11375439,8214,3072,710872
11375455,8043,7196,710873
11375471,8129,15411,710874
11375487,8093,4259,710875
11375503,8063,6163,710876
11375519,8047,16222,710877
11375535,8102,6164,710878
11375551,7932,4552,710879
11375567,8220,15458,710880
11375583,8115,7194,710881
11375599,7843,3014,710882
11375615,8129,13405,710883
11375631,8094,8178,710884
11375647,7948,1962,710885
11375663,8294,12292,710886
11375679,8071,10256,710887
11375695,8211,348,710888
11375711,8349,11285,710889
11375727,8061,11320,710890
11375743,8083,968,710891
11375759,8113,10302,710892
11375775,7866,12361,710893
11375791,8242,2025,710894
11375807,8156,8228,710895
11375823,7911,13421,710896
11375839,8280,3070,710897
11375855,8145,7190,710898
11375871,8139,15427,710899
11375887,8306,4300,710900
11375903,8087,6136,710901
11375919,8180,16213,710902
11375935,8321,6231,710903
11375951,8050,4551,710904
11375967,8170,15412,710905
11375983,7983,7171,710906
11375999,7795,3044,710907
11376015,7992,13427,710908
11376031,8029,8237,710909
11376047,8079,2067,710910
11376063,8141,12319,710911
11376079,7945,10227,710912
11376095,8192,288,710913
11376111,8221,11288,710914
11376127,8022,11256,710915
11376143,8163,978,710916
11376159,8052,10303,710917
11376175,7981,12315,710918
11376191,8121,2034,710919
11376207,8067,8179,710920
11376223,7994,13439,710921
11376239,8061,3077,710922
11376255,8139,7225,710923
11376271,8044,15358,710924
11376287,8184,4290,710925
11376303,8157,6163,710926
11376319,8074,16264,710927
11376335,8268,6177,710928
11376351,8231,4538,710929
11376367,7969,15435,710930
11376383,8085,7222,710931
11376399,8079,3030,710932
11376415,8090,13450,710933
11376431,8067,8197,710934
11376447,8156,2055,710935
11376463,8083,12352,710936
11376479,8202,10268,710937
11376495,8159,281,710938
11376511,7987,11321,710939
11376527,8289,11311,710940
11376543,8077,970,710941
11376559,8137,10259,710942
11376575,8094,12311,710943
11376591,8248,2046,710944
11376607,7983,8211,710945
11376623,8236,13437,710946
11376639,8065,3075,710947
11376655,7979,7195,710948
11376671,8128,15457,710949
11376687,7828,4294,710950
11376703,8017,6135,710951
11376719,7988,16293,710952
11376735,8151,6202,710953
11376751,8380,4567,710954
11376767,8088,15427,710955
11376783,8214,7169,710956
11376799,8300,3024,710957
11376815,8095,13421,710958
11376831,8225,8211,710959
11376847,8144,2035,710960
11376863,7793,12344,710961
11376879,8146,10281,710962
11376895,7974,342,710963
11376911,7863,11320,710964
11376927,8206,11285,710965
11376943,8018,963,710966
11376959,8141,10301,710967
11376975,8165,12280,710968
11376991,8126,1977,710969
11377007,8170,8163,710970
11377023,8326,13492,710971
11377039,8085,3020,710972
11377055,8198,7167,710973
11377071,8234,15441,710974
11377087,7967,4307,710975
11377103,8333,6197,710976
11377119,8116,16222,710977
11377135,7996,6126,710978
11377151,8223,4560,710979
11377167,7991,15405,710980
11377183,8070,7156,710981
11377199,8171,3048,710982
11377215,8191,13388,710983
11377231,8260,8223,710984
11377247,8220,2055,710985
11377263,8127,12344,710986
11377279,8310,10262,710987
11377295,8119,328,710988
11377311,8039,11250,710989
11377327,8211,11304,710990
11377343,7944,1020,710991
11377359,8143,10312,710992
11377375,8020,12309,710993
11377391,8156,2055,710994
11377407,8233,8192,710995
11377423,8021,13366,710996
11377439,8243,3053,710997
11377455,8209,7196,710998
11377471,7988,15398,710999
11377487,8193,4297,711000
11377503,8205,6135,711001
11377519,8004,16308,711002
11377535,8114,6136,711003
11377551,8012,4569,711004
11377567,8072,15433,711005
11377583,8078,7159,711006
11377599,7918,3021,711007
11377615,8208,13419,711008
11377631,8124,8201,711009
11377647,7962,2008,711010
11377663,8281,12312,711011
11377679,8182,10245,711012
11377695,8024,307,711013
11377711,8321,11323,711014
11377727,8107,11339,711015
11377743,7973,977,711016
11377759,8459,10286,711017
11377775,7881,12306,711018
11377791,8001,2040,711019
11377807,8080,8179,711020
11377823,7818,13391,711021
11377839,8226,3033,711022
11377855,8064,7166,711023
11377871,8115,15433,711024
11377887,8208,4275,711025
11377903,7964,6109,711026
11377919,8178,16316,711027
11377935,8267,6186,711028
11377951,8023,4562,711029
11377967,8162,15412,711030
11377983,8056,7201,711031
11377999,7928,3063,711032
11378015,8401,13409,711033
11378031,8030,8175,711034
11378047,7942,2067,711035
11378063,8248,12356,711036
11378079,7984,10309,711037
11378095,8061,237,711038
11378111,8191,11263,711039
11378127,7895,11287,711040
11378143,8205,1000,711041
11378159,8162,10272,711042
11378175,7959,12364,711043
11378191,8224,2020,711044
11378207,8165,8214,711045
11378223,7946,13432,711046
11378239,8023,3101,711047
11378255,7984,7167,711048
11378271,7987,15389,711049
11378287,8203,4256,711050
11378303,7897,6146,711051
11378319,8193,16224,711052
11378335,8221,6110,711053
11378351,8075,4533,711054
11378367,8326,15468,711055
11378383,8097,7162,711056
11378399,8076,3075,711057
11378415,8081,13399,711058
11378431,7946,8185,711059
11378447,8138,2051,711060
11378463,7948,12324,711061
11378479,7878,10255,711062
11378495,8011,278,711063
11378511,7978,11317,711064
11378527,8103,11334,711065
11378543,8221,1003,711066
11378559,8027,10337,711067
11378575,8128,12342,711068
11378591,8300,2033,711069
11378607,8144,8224,711070
11378623,8241,13453,711071
11378639,8135,3064,711072
11378655,8268,7191,711073
11378671,8107,15425,711074
11378687,7966,4251,711075
11378703,8063,6169,711076
11378719,8214,16252,711077
11378735,8077,6137,711078
11378751,8256,4559,711079
11378767,8127,15456,711080
11378783,8102,7221,711081
11378799,8191,3095,711082
11378815,8004,13334,711083
11378831,8060,8160,711084
11378847,8261,2044,711085
11378863,7948,12273,711086
11378879,8030,10273,711087
11378895,8155,283,711088
11378911,7882,11287,711089
11378927,8255,11334,711090
11378943,8056,984,711091
11378959,7955,10331,711092
11378975,8185,12311,711093
11378991,8144,2018,711094
11379007,8008,8215,711095
11379023,8359,13483,711096
11379039,8120,3122,711097
11379055,8184,7236,711098
11379071,8211,15362,711099
11379087,7980,4282,711100
11379103,8208,6126,711101
11379119,8178,16332,711102
11379135,8061,6126,711103
11379151,8208,4562,711104
11379167,7981,15427,711105
11379183,7938,7191,711106
11379199,8221,3058,711107
11379215,8143,13436,711108
11379231,8147,8227,711109
11379247,8295,2072,711110
11379263,8100,12381,711111
11379279,8227,10272,711112
11379295,8148,284,711113
11379311,8003,11299,711114
11379327,8102,11314,711115
11379343,8056,1001,711116
11379359,8022,10292,711117
11379375,8266,12393,711118
11379391,8034,2017,711119
11379407,8098,8223,711120
11379423,8302,13408,711121
11379439,8169,3119,711122
11379455,8255,7170,711123
11379471,8376,15469,711124
11379487,8185,4323,711125
11379503,8149,6167,711126
11379519,8135,16259,711127
11379535,7992,6102,711128
11379551,8224,4576,711129
11379567,8228,15436,711130
11379583,8004,7161,711131
11379599,7940,3033,711132
11379615,8245,13464,711133
11379631,8201,8210,711134
11379647,8264,2066,711135
11379663,8150,12354,711136
11379679,8083,10298,711137
11379695,8239,307,711138
11379711,8172,11248,711139
11379727,8252,11329,711140
11379743,8085,1071,711141
11379759,8117,10342,711142
11379775,7911,12281,711143
11379791,8180,2038,711144
11379807,8122,8265,711145
11379823,8073,13390,711146
11379839,8049,3072,711147
11379855,8105,7173,711148
11379871,7999,15393,711149
11379887,8181,4320,711150
11379903,8143,6175,711151
11379919,8175,16254,711152
11379935,8282,6211,711153
11379951,8094,4489,711154
11379967,8136,15420,711155
11379983,8141,7121,711156
11379999,7998,3099,711157
11380015,8163,13474,711158
11380031,8013,8170,711159
11380047,7829,2013,711160
11380063,8182,12307,711161
11380079,8136,10271,711162
11380095,8058,364,711163
11380111,8278,11294,711164
11380127,8101,11346,711165
11380143,8220,976,711166
11380159,8372,10270,711167
11380175,8004,12287,711168
11380191,8108,1976,711169
11380207,8041,8193,711170
11380223,7928,13434,711171
11380239,8108,3061,711172
11380255,8048,7162,711173
11380271,7911,15415,711174
11380287,8070,4229,711175
11380303,8017,6139,711176
11380319,8103,16248,711177
11380335,8214,6126,711178
11380351,7895,4548,711179
11380367,8114,15398,711180
11380383,8148,7173,711181
11380399,7905,3072,711182
11380415,8260,13468,711183
11380431,7986,8172,711184
11380447,8066,2085,711185
11380463,8152,12332,711186
11380479,7974,10265,711187
11380495,8101,324,711188
11380511,8142,11314,711189
11380527,7909,11265,711190
11380543,8227,1017,711191
11380559,8124,10319,711192
11380575,8000,12360,711193
11380591,8418,2040,711194
11380607,8098,8229,711195
11380623,8110,13455,711196
11380639,8261,3093,711197
11380655,8074,7210,711198
11380671,8111,15441,711199
11380687,8130,4267,711200
11380703,7909,6203,711201
11380719,8193,16266,711202
11380735,8100,6126,711203
11380751,8110,4581,711204
11380767,8269,15405,711205
11380783,8176,7204,711206
11380799,8103,3109,711207
11380815,8159,13371,711208
11380831,8099,8230,711209
11380847,8276,2064,711210
11380863,7962,12317,711211
11380879,8052,10273,711212
11380895,8162,284,711213
11380911,7817,11319,711214
11380927,8188,11304,711215
11380943,8242,1048,711216
11380959,7822,10271,711217
11380975,8191,12357,711218
11380991,8231,2019,711219
11381007,7987,8189,711220
11381023,8424,13435,711221
11381039,8164,3071,711222
11381055,8159,7158,711223
11381071,8372,15442,711224
11381087,7961,4289,711225
11381103,8133,6172,711226
11381119,8312,16328,711227
11381135,8035,6095,711228
11381151,8320,4514,711229
11381167,8110,15407,711230
11381183,7856,7153,711231
11381199,8292,3046,711232
11381215,8093,13398,711233
11381231,8068,8148,711234
11381247,8369,2067,711235
11381263,8084,12369,711236
11381279,8352,10316,711237
11381295,8252,392,711238
11381311,7948,11260,711239
11381327,8367,11353,711240
11381343,8095,1061,711241
11381359,7895,10294,711242
11381375,8353,12328,711243
11381391,8004,2002,711244
11381407,7982,8194,711245
11381423,8246,13376,711246
11381439,7977,3016,711247
11381455,8207,7192,711248
11381471,8200,15449,711249
11381487,8015,4299,711250
11381503,8381,6126,711251
11381519,8149,16275,711252
11381535,8130,6115,711253
11381551,8234,4525,711254
11381567,8132,15478,711255
11381583,7906,7166,711256
11381599,8187,3048,711257
11381615,7932,13362,711258
11381631,8145,8202,711259
11381647,8131,2018,711260
11381663,8074,12264,711261
11381679,8220,10290,711262
11381695,8205,269,711263
11381711,8190,11301,711264
11381727,8229,11309,711265
11381743,8066,1041,711266
11381759,8144,10299,711267
11381775,7975,12322,711268
11381791,8002,1976,711269
11381807,8022,8181,711270
11381823,7985,13430,711271
11381839,7919,3077,711272
11381855,8190,7206,711273
11381871,8072,15431,711274
11381887,8130,4299,711275
11381903,8210,6117,711276
11381919,8104,16355,711277
11381935,8293,6165,711278
11381951,7919,4495,711279
11381967,7978,15360,711280
11381983,8081,7170,711281
11381999,7995,3063,711282
11382015,8225,13434,711283
11382031,8117,8200,711284
11382047,7977,2046,711285
11382063,8208,12306,711286
11382079,8132,10297,711287
11382095,8016,280,711288
11382111,8276,11346,711289
11382127,8208,11289,711290
11382143,8129,1017,711291
11382159,8155,10284,711292
11382175,7989,12380,711293
11382191,8027,2074,711294
11382207,8201,8226,711295
11382223,8015,13379,711296
11382239,8120,3066,711297
11382255,8266,7198,711298
11382271,8059,15451,711299
11382287,8309,4267,711300
11382303,8186,6206,711301
11382319,8063,16247,711302
11382335,8215,6235,711303
11382351,8033,4504,711304
11382367,8223,15441,711305
11382383,8330,7201,711306
11382399,8044,3019,711307
11382415,8175,13462,711308
11382431,8147,8217,711309
11382447,8026,1999,711310
11382463,8221,12360,711311
11382479,8049,10321,711312
11382495,8005,303,711313
11382511,8153,11371,711314
11382527,7983,11285,711315
11382543,7957,958,711316
11382559,8220,10313,711317
11382575,7946,12324,711318
11382591,8253,2039,711319
11382607,8185,8269,711320
11382623,8058,13473,711321
11382639,8221,3100,711322
11382655,8120,7196,711323
11382671,7897,15412,711324
11382687,8159,4313,711325
11382703,7987,6126,711326
11382719,7984,16318,711327
11382735,7985,6148,711328
11382751,8037,4595,711329
11382767,7987,15415,711330
11382783,8185,7197,711331
11382799,7884,3059,711332
11382815,8157,13388,711333
11382831,8134,8197,711334
11382847,8106,2037,711335
11382863,8114,12396,711336
11382879,8157,10305,711337
11382895,8075,262,711338
11382911,8051,11281,711339
11382927,7956,11301,711340
11382943,8187,1069,711341
11382959,8046,10330,711342
11382975,8180,12309,711343
11382991,8142,1984,711344
11383007,7971,8173,711345
11383023,8250,13411,711346
11383039,8095,2996,711347
11383055,8100,7228,711348
11383071,8240,15423,711349
11383087,8115,4272,711350
11383103,8095,6199,711351
11383119,8217,16341,711352
11383135,8081,6225,711353
11383151,8106,4562,711354
11383167,8253,15468,711355
11383183,8000,7198,711356
11383199,8064,3041,711357
11383215,8100,13446,711358
11383231,8022,8197,711359
11383247,8225,2025,711360
11383263,8037,12360,711361
11383279,8199,10307,711362
11383295,8208,303,711363
11383311,7995,11333,711364
11383327,8164,11306,711365
11383343,8161,935,711366
11383359,8084,10326,711367
11383375,8207,12328,711368
11383391,8060,2056,711369
11383407,7880,8235,711370
11383423,8321,13466,711371
11383439,8084,3102,711372
11383455,8015,7166,711373
11383471,8349,15410,711374
11383487,7984,4278,711375
11383503,8190,6166,711376
11383519,8395,16332,711377
11383535,8070,6169,711378
11383551,8249,4473,711379
11383567,8144,15448,711380
11383583,8057,7222,711381
11383599,8163,3101,711382
11383615,8137,13402,711383
11383631,7981,8167,711384
11383647,8054,2012,711385
11383663,7949,12306,711386
11383679,8233,10298,711387
11383695,8187,344,711388
11383711,8088,11287,711389
11383727,8220,11242,711390
11383743,8267,1021,711391
11383759,8151,10302,711392
11383775,8191,12364,711393
11383791,7940,1992,711394
11383807,7924,8215,711395
11383823,8025,13435,711396
11383839,7943,3072,711397
11383855,8145,7191,711398
11383871,8143,15435,711399
11383887,8107,4258,711400
11383903,8127,6143,711401
11383919,8214,16263,711402
11383935,8205,6162,711403
11383951,8282,4530,711404
11383967,8185,15395,711405
11383983,8175,7148,711406
11383999,8099,3035,711407
11384015,7968,13421,711408
11384031,7973,8184,711409
11384047,8019,2070,711410
11384063,8088,12288,711411
11384079,8065,10258,711412
11384095,8041,281,711413
11384111,8161,11243,711414
11384127,8065,11279,711415
11384143,8248,977,711416
11384159,8339,10303,711417
11384175,7986,12355,711418
11384191,8211,2050,711419
11384207,8330,8251,711420
11384223,7871,13416,711421
11384239,8056,3023,711422
11384255,8167,7201,711423
11384271,7867,15456,711424
11384287,8215,4284,711425
11384303,8038,6127,711426
11384319,7905,16220,711427
11384335,8158,6146,711428
11384351,8029,4572,711429
11384367,8059,15479,711430
11384383,8265,7198,711431
11384399,7965,3089,711432
11384415,8103,13418,711433
11384431,8261,8180,711434
11384447,8028,2014,711435
11384463,8137,12321,711436
11384479,8152,10268,711437
11384495,8095,325,711438
11384511,8188,11292,711439
11384527,8021,11261,711440
11384543,7965,973,711441
11384559,8176,10286,711442
11384575,7842,12293,711443
11384591,8157,1985,711444
11384607,8260,8239,711445
11384623,7907,13368,711446
11384639,8215,3103,711447
11384655,8113,7148,711448
11384671,7977,15446,711449
11384687,8318,4295,711450
11384703,7938,6147,711451
11384719,7935,16289,711452
11384735,8110,6136,711453
11384751,7939,4540,711454
11384767,8004,15450,711455
11384783,8215,7221,711456
11384799,8026,3044,711457
11384815,8174,13361,711458
11384831,8209,8150,711459
11384847,8140,2043,711460
11384863,8284,12366,711461
11384879,8272,10254,711462
11384895,8025,309,711463
11384911,8084,11332,711464
11384927,8045,11320,711465
11384943,7936,976,711466
11384959,8028,10273,711467
11384975,7934,12308,711468
11384991,8097,2012,711469
11385007,8003,8167,711470
11385023,8189,13451,711471
11385039,8183,3006,711472
11385055,8172,7161,711473
11385071,8276,15411,711474
11385087,8214,4273,711475
11385103,8103,6187,711476
11385119,8302,16306,711477
11385135,8146,6277,711478
11385151,8087,4567,711479
11385167,8178,15487,711480
11385183,7971,7159,711481
11385199,8132,3062,711482
11385215,8198,13386,711483
11385231,8124,8233,711484
11385247,8225,2041,711485
11385263,8188,12363,711486
11385279,8067,10274,711487
11385295,8328,325,711488
11385311,7977,11306,711489
11385327,8248,11331,711490
11385343,8296,1006,711491
11385359,8031,10315,711492
11385375,8161,12306,711493
11385391,8178,2097,711494
11385407,7891,8222,711495
11385423,8224,13398,711496
11385439,7950,3033,711497
11385455,7886,7146,711498
11385471,8330,15512,711499
11385487,8090,4268,711500
11385503,8129,6161,711501
11385519,8435,16336,711502
11385535,8115,6199,711503
11385551,8254,4555,711504
11385567,8220,15445,711505
11385583,7997,7159,711506
11385599,8229,3028,711507
11385615,8179,13392,711508
11385631,7987,8185,711509
11385647,8132,2071,711510
11385663,8101,12309,711511
11385679,8126,10240,711512
11385695,8108,250,711513
11385711,8015,11232,711514
11385727,8376,11332,711515
11385743,8273,989,711516
11385759,8269,10329,711517
11385775,8313,12364,711518
11385791,8188,2048,711519
11385807,7926,8184,711520
11385823,8236,13453,711521
11385839,7966,3077,711522
11385855,8088,7190,711523
11385871,8124,15457,711524
11385887,7957,4268,711525
11385903,8226,6138,711526
11385919,8285,16259,711527
11385935,8025,6123,711528
11385951,8283,4583,711529
11385967,8224,15382,711530
11385983,8311,7221,711531
11385999,8129,2995,711532
11386015,8112,13359,711533
11386031,7994,8178,711534
11386047,8168,2105,711535
11386063,8028,12307,711536
11386079,7990,10259,711537
11386095,8169,344,711538
11386111,8195,11305,711539
11386127,8079,11256,711540
11386143,8149,1047,711541
11386159,8270,10275,711542
11386175,8013,12313,711543
11386191,8127,2009,711544
11386207,8297,8247,711545
11386223,8033,13400,711546
11386239,8078,3060,711547
11386255,8194,7197,711548
11386271,7941,15406,711549
11386287,8165,4323,711550
11386303,8260,6173,711551
11386319,8052,16306,711552
11386335,8059,6171,711553
11386351,8204,4526,711554
11386367,8194,15400,711555
11386383,8233,7227,711556
11386399,8089,3018,711557
11386415,8071,13408,711558
11386431,8274,8221,711559
11386447,8067,2018,711560
11386463,8137,12389,711561
11386479,8086,10245,711562
11386495,7954,304,711563
11386511,8095,11292,711564
11386527,8158,11362,711565
11386543,8100,1008,711566
11386559,8139,10342,711567
11386575,8043,12328,711568
11386591,8135,2045,711569
11386607,8176,8194,711570
11386623,8274,13483,711571
11386639,8221,3078,711572
11386655,8264,7167,711573
11386671,8170,15434,711574
11386687,8153,4307,711575
11386703,8186,6173,711576
11386719,8070,16282,711577
11386735,8096,6173,711578
11386751,8102,4564,711579
11386767,7956,15440,711580
11386783,8003,7197,711581
11386799,8066,3054,711582
11386815,8009,13393,711583
11386831,8144,8201,711584
11386847,8196,2027,711585
11386863,8144,12352,711586
11386879,8301,10336,711587
11386895,7985,310,711588
11386911,8119,11285,711589
11386927,8195,11338,711590
11386943,8029,1011,711591
11386959,8032,10293,711592
11386975,7879,12329,711593
11386991,7904,2066,711594
11387007,8031,8199,711595
11387023,8107,13352,711596
11387039,8123,3049,711597
11387055,8224,7197,711598
11387071,8193,15451,711599
11387087,8165,4333,711600
11387103,8059,6117,711601
11387119,8153,16278,711602
11387135,8006,6130,711603
11387151,7948,4517,711604
11387167,8087,15450,711605
11387183,7985,7122,711606
11387199,7909,3003,711607
11387215,8059,13475,711608
11387231,8178,8221,711609
11387247,8145,2011,711610
11387263,8099,12326,711611
11387279,8197,10258,711612
11387295,8205,318,711613
11387311,8066,11291,711614
11387327,8251,11334,711615
11387343,8121,989,711616
11387359,8055,10321,711617
11387375,8036,12278,711618
11387391,8059,1985,711619
11387407,7930,8163,711620
11387423,8237,13408,711621
11387439,8082,3044,711622
11387455,7914,7199,711623
11387471,8294,15469,711624
11387487,8026,4266,711625
11387503,8039,6111,711626
11387519,8296,16270,711627
11387535,7961,6113,711628
11387551,8085,4584,711629
11387567,8353,15468,711630
11387583,8032,7193,711631
11387599,8090,3054,711632
11387615,8093,13431,711633
11387631,7979,8210,711634
11387647,8179,2011,711635
11387663,8143,12359,711636
11387679,7852,10220,711637
11387695,8285,294,711638
11387711,8035,11234,711639
11387727,8227,11358,711640
11387743,8059,977,711641
11387759,8031,10296,711642
11387775,8218,12354,711643
11387791,8314,2013,711644
11387807,8065,8210,711645
11387823,8244,13408,711646
11387839,7950,3048,711647
11387855,8026,7245,711648
11387871,8163,15412,711649
11387887,7927,4299,711650
11387903,8100,6191,711651
11387919,8299,16302,711652
11387935,8068,6151,711653
11387951,8318,4550,711654
11387967,8249,15382,711655
11387983,8172,7239,711656
11387999,8429,3103,711657
11388015,8137,13477,711658
11388031,7958,8231,711659
11388047,8318,2076,711660
11388063,7952,12359,711661
11388079,8064,10283,711662
11388095,8049,286,711663
11388111,7957,11282,711664
11388127,8111,11237,711665
11388143,8175,986,711666
11388159,8174,10308,711667
11388175,8244,12265,711668
11388191,8277,2037,711669
11388207,8098,8175,711670
11388223,8286,13441,711671
11388239,8108,3131,711672
11388255,8139,7155,711673
11388271,8058,15390,711674
11388287,7937,4273,711675
11388303,8126,6130,711676
11388319,7964,16292,711677
11388335,8099,6188,711678
11388351,8357,4599,711679
11388367,7957,15360,711680
11388383,8193,7191,711681
11388399,8268,3030,711682
11388415,8135,13440,711683
11388431,8403,8230,711684
11388447,8183,2094,711685
11388463,8116,12393,711686
11388479,8185,10247,711687
11388495,8019,301,711688
11388511,8121,11293,711689
11388527,8117,11250,711690
11388543,8097,1060,711691
11388559,8304,10291,711692
11388575,7943,12269,711693
11388591,7985,1984,711694
11388607,8249,8172,711695
11388623,7987,13459,711696
11388639,8030,3027,711697
11388655,8363,7221,711698
11388671,8086,15431,711699
11388687,8192,4273,711700
11388703,8209,6167,711701
11388719,7825,16193,711702
11388735,8143,6135,711703
11388751,7971,4521,711704
11388767,7908,15434,711705
11388783,8222,7201,711706
11388799,7870,3008,711707
11388815,8064,13423,711708
11388831,8252,8206,711709
11388847,8104,2046,711710
11388863,8175,12364,711711
11388879,8340,10271,711712
11388895,7965,270,711713
11388911,8127,11303,711714
11388927,8244,11342,711715
