Tiempo_us,ADC_IN_A2,ADC_OUT_A3,Muestra
1538495,8519,354,96063
1538511,8341,177,96064
1538527,8273,16336,96065
1538543,8420,16262,96066
1538559,8216,16284,96067
1538575,8377,270,96068
1538591,8460,342,96069
1538607,8288,318,96070
1538623,8344,16266,96071
1538639,8354,16297,96072
1538655,8231,16227,96073
1538671,8303,350,96074
1538687,8189,337,96075
1538703,8193,360,96076
1538719,8523,16238,96077
1538735,8239,16328,96078
1538751,8393,16242,96079
1538767,8255,328,96080
1538783,8257,332,96081
1538799,8351,313,96082
1538815,8387,16235,96083
1538831,8428,16336,96084
1538847,8438,16276,96085
1538863,8498,8544,96086
1538879,8482,312,96087
1538895,8466,373,96088
1538911,8301,111,96089
1538927,8385,16224,96090
1538943,8425,16252,96091
1538959,8303,16247,96092
1538975,8285,298,96093
1538991,8245,312,96094
1539007,8214,344,96095
1539023,8223,16273,96096
1539039,8351,16315,96097
1539055,8512,16355,96098
1539071,8241,347,96099
1539087,8290,357,96100
1539103,8548,378,96101
1539119,8250,16313,96102
1539135,8380,16229,96103
1539151,8404,16201,96104
1539167,8232,373,96105
1539183,8317,345,96106
1539199,8236,369,96107
1539215,8261,16209,96108
1539231,8542,16323,96109
1539247,8108,16250,96110
1539263,8360,8485,96111
1539279,8584,328,96112
1539295,8293,301,96113
1539311,8441,72,96114
1539327,8663,16258,96115
1539343,8224,16167,96116
1539359,8370,16309,96117
1539375,8301,325,96118
1539391,8254,301,96119
1539407,8300,393,96120
1539423,8338,16262,96121
1539439,8225,16309,96122
1539455,8381,16256,96123
1539471,8141,319,96124
1539487,8469,265,96125
1539503,8438,323,96126
1539519,8253,16359,96127
1539535,8406,16275,96128
1539551,8521,16330,96129
1539567,8318,334,96130
1539583,8392,360,96131
1539599,8298,338,96132
1539615,8236,16265,96133
1539631,8621,16251,96134
1539647,8166,16341,96135
1539663,8299,8398,96136
1539679,8643,346,96137
1539695,8291,343,96138
1539711,8308,121,96139
1539727,8512,16364,96140
1539743,8155,16377,96141
1539759,8525,16344,96142
1539775,8384,399,96143
1539791,8330,353,96144
1539807,8486,357,96145
1539823,8259,16252,96146
1539839,8380,16258,96147
1539855,8330,16301,96148
1539871,8226,291,96149
1539887,8441,322,96150
1539903,8290,354,96151
1539919,8361,16337,96152
1539935,8359,16227,96153
1539951,8301,16266,96154
1539967,8328,293,96155
1539983,8408,353,96156
1539999,8305,342,96157
1540015,8485,16312,96158
1540031,8404,16259,96159
1540047,8362,16303,96160
1540063,8403,8449,96161
1540079,8293,253,96162
1540095,8243,297,96163
1540111,8315,58,96164
1540127,8265,16234,96165
1540143,8426,16279,96166
1540159,8368,16183,96167
1540175,8337,340,96168
1540191,8525,385,96169
1540207,8327,360,96170
1540223,8438,16300,96171
1540239,8442,16295,96172
1540255,8247,16242,96173
1540271,8244,389,96174
1540287,8253,296,96175
1540303,8256,385,96176
1540319,8303,16218,96177
1540335,8308,16252,96178
1540351,8315,16303,96179
1540367,8282,356,96180
1540383,8224,390,96181
1540399,8393,345,96182
1540415,8652,16368,96183
1540431,8264,16334,96184
1540447,8516,16289,96185
1540463,8499,8522,96186
1540479,8122,355,96187
1540495,8419,290,96188
1540511,8283,70,96189
1540527,7994,16300,96190
1540543,8439,16290,96191
1540559,8159,16214,96192
1540575,8260,310,96193
1540591,8420,375,96194
1540607,8297,352,96195
1540623,8389,16349,96196
1540639,8473,16353,96197
1540655,8313,16264,96198
1540671,8436,339,96199
1540687,8333,339,96200
1540703,8128,349,96201
1540719,8443,16265,96202
1540735,8262,16271,96203
1540751,8319,16270,96204
1540767,8224,307,96205
1540783,8110,281,96206
1540799,8444,315,96207
1540815,8267,16263,96208
1540831,8261,16307,96209
1540847,8515,16285,96210
1540863,8396,8423,96211
1540879,8308,345,96212
1540895,8522,307,96213
1540911,8302,132,96214
1540927,8282,16293,96215
1540943,8402,16332,96216
1540959,8194,16282,96217
1540975,8338,315,96218
1540991,8346,369,96219
1541007,8287,301,96220
1541023,8321,16216,96221
1541039,8366,16316,96222
1541055,8179,16230,96223
1541071,8420,328,96224
1541087,8480,371,96225
1541103,8420,303,96226
1541119,8436,16312,96227
1541135,8440,16270,96228
1541151,8435,16285,96229
1541167,8169,294,96230
1541183,8381,366,96231
1541199,8344,353,96232
1541215,8204,16306,96233
1541231,8460,16316,96234
1541247,8335,16241,96235
1541263,8227,8494,96236
1541279,8534,319,96237
1541295,8456,367,96238
1541311,8448,168,96239
1541327,8651,16292,96240
1541343,8416,16349,96241
1541359,8440,16301,96242
1541375,8504,373,96243
1541391,8178,362,96244
1541407,8223,314,96245
1541423,8379,16209,96246
1541439,8236,16308,96247
1541455,8398,16336,96248
1541471,8379,353,96249
1541487,8359,320,96250
1541503,8487,338,96251
1541519,8411,16286,96252
1541535,8345,16271,96253
1541551,8562,16347,96254
1541567,8328,302,96255
1541583,8649,366,96256
1541599,8223,305,96257
1541615,8253,16199,96258
1541631,8509,16265,96259
1541647,8303,16294,96260
1541663,8316,8470,96261
1541679,8604,360,96262
1541695,8162,310,96263
1541711,8390,130,96264
1541727,8581,16207,96265
1541743,8211,16293,96266
1541759,8523,16366,96267
1541775,8418,344,96268
1541791,8260,349,96269
1541807,8418,345,96270
1541823,8419,16357,96271
1541839,8340,16329,96272
1541855,8606,16324,96273
1541871,8249,327,96274
1541887,8338,330,96275
1541903,8518,395,96276
1541919,8134,16320,96277
1541935,8574,16275,96278
1541951,8463,16320,96279
1541967,8319,355,96280
1541983,8459,302,96281
1541999,8439,344,96282
1542015,8236,16224,96283
1542031,8593,16340,96284
1542047,8348,16326,96285
1542063,8272,8452,96286
1542079,8393,330,96287
1542095,8120,311,96288
1542111,8454,133,96289
1542127,8261,16235,96290
1542143,8272,16293,96291
1542159,8340,16248,96292
1542175,8217,386,96293
1542191,8306,317,96294
1542207,8465,341,96295
1542223,8354,16321,96296
1542239,8355,16233,96297
1542255,8418,16254,96298
1542271,8397,338,96299
1542287,8204,306,96300
1542303,8349,359,96301
1542319,8286,16247,96302
1542335,8159,16222,96303
1542351,8227,16265,96304
1542367,8289,318,96305
1542383,8168,269,96306
1542399,8439,399,96307
1542415,8504,16257,96308
1542431,8406,16345,96309
1542447,8388,16284,96310
1542463,8363,8442,96311
1542479,8298,311,96312
1542495,8330,328,96313
1542511,8337,123,96314
1542527,8104,16301,96315
1542543,8331,16234,96316
1542559,8183,16353,96317
1542575,8090,318,96318
1542591,8506,298,96319
1542607,8211,347,96320
1542623,8293,16286,96321
1542639,8496,16287,96322
1542655,8175,16287,96323
1542671,8354,356,96324
1542687,8372,338,96325
1542703,8104,288,96326
1542719,8350,16279,96327
1542735,8276,16303,96328
1542751,8179,16307,96329
1542767,8354,356,96330
1542783,8049,319,96331
1542799,8337,354,96332
1542815,8367,16238,96333
1542831,8225,16276,96334
1542847,8486,16294,96335
1542863,8526,8503,96336
1542879,8100,375,96337
1542895,8653,371,96338
1542911,8351,108,96339
1542927,8189,16206,96340
1542943,8512,16304,96341
1542959,8176,16223,96342
1542975,8179,325,96343
1542991,8489,342,96344
1543007,8179,366,96345
1543023,8456,16299,96346
1543039,8553,16335,96347
1543055,8190,16186,96348
1543071,8309,326,96349
1543087,8373,345,96350
1543103,8260,318,96351
1543119,8399,16275,96352
1543135,8351,16341,96353
1543151,8351,16271,96354
1543167,8398,331,96355
1543183,8339,310,96356
1543199,8438,340,96357
1543215,8319,16195,96358
1543231,8297,16283,96359
1543247,8380,16294,96360
1543263,8291,8504,96361
1543279,8392,373,96362
1543295,8355,350,96363
1543311,8278,131,96364
1543327,8553,16285,96365
1543343,8431,16274,96366
1543359,8438,16272,96367
1543375,8517,371,96368
1543391,8338,312,96369
1543407,8297,291,96370
1543423,8384,16349,96371
1543439,8230,16203,96372
1543455,8267,16235,96373
1543471,8396,378,96374
1543487,8151,324,96375
1543503,8469,337,96376
1543519,8338,16260,96377
1543535,8392,16258,96378
1543551,8499,16273,96379
1543567,8357,350,96380
1543583,8434,291,96381
1543599,8440,334,96382
1543615,8310,16309,96383
1543631,8604,16363,96384
1543647,8337,16293,96385
1543663,8148,8427,96386
1543679,8623,346,96387
1543695,8167,345,96388
1543711,8432,135,96389
1543727,8672,16350,96390
1543743,8146,16251,96391
1543759,8498,16298,96392
1543775,8394,278,96393
1543791,8228,304,96394
1543807,8476,310,96395
1543823,8358,16274,96396
1543839,8130,16321,96397
1543855,8547,16284,96398
1543871,8380,335,96399
1543887,8273,340,96400
1543903,8550,344,96401
1543919,8286,16278,96402
1543935,8367,16289,96403
1543951,8415,16287,96404
1543967,8264,277,96405
1543983,8446,291,96406
1543999,8381,425,96407
1544015,8277,16236,96408
1544031,8420,16299,96409
1544047,8328,16248,96410
1544063,8296,8432,96411
1544079,8502,362,96412
1544095,8200,300,96413
1544111,8373,40,96414
1544127,8425,16232,96415
1544143,8128,16236,96416
1544159,8464,16285,96417
1544175,8349,325,96418
1544191,8301,305,96419
1544207,8471,327,96420
1544223,8335,16334,96421
1544239,8313,16232,96422
1544255,8546,16269,96423
1544271,8322,336,96424
1544287,8347,311,96425
1544303,8435,347,96426
1544319,8213,16250,96427
1544335,8332,16281,96428
1544351,8244,16305,96429
1544367,8264,340,96430
1544383,8302,323,96431
1544399,8338,386,96432
1544415,8383,16246,96433
1544431,8412,16268,96434
1544447,8409,16271,96435
1544463,8636,8537,96436
1544479,8446,381,96437
1544495,8354,360,96438
1544511,8462,93,96439
1544527,8221,16376,96440
1544543,8396,16282,96441
1544559,8328,16312,96442
1544575,8146,335,96443
1544591,8308,303,96444
1544607,8190,356,96445
1544623,8205,16295,96446
1544639,8424,16226,96447
1544655,8273,16235,96448
1544671,8297,382,96449
1544687,8424,290,96450
1544703,8372,327,96451
1544719,8440,16248,96452
1544735,8389,16265,96453
1544751,8183,16279,96454
1544767,8307,306,96455
1544783,8336,348,96456
1544799,8284,343,96457
1544815,8353,16262,96458
1544831,8236,16328,96459
1544847,8544,16265,96460
1544863,8437,8473,96461
1544879,8234,317,96462
1544895,8544,345,96463
1544911,8519,159,96464
1544927,8211,16299,96465
1544943,8561,16286,96466
1544959,8264,16307,96467
1544975,8051,301,96468
1544991,8517,385,96469
1545007,8216,350,96470
1545023,8206,16250,96471
1545039,8406,16240,96472
1545055,8357,16288,96473
1545071,8410,312,96474
1545087,8348,301,96475
1545103,8258,365,96476
1545119,8398,16283,96477
1545135,8407,16326,96478
1545151,8136,16203,96479
1545167,8335,353,96480
1545183,8262,360,96481
1545199,8284,288,96482
1545215,8413,16277,96483
1545231,8222,16294,96484
1545247,8381,16291,96485
1545263,8395,8537,96486
1545279,8281,329,96487
1545295,8332,334,96488
1545311,8364,138,96489
1545327,8355,16272,96490
1545343,8490,16354,96491
1545359,8295,16263,96492
1545375,8450,328,96493
1545391,8478,429,96494
1545407,8253,324,96495
1545423,8420,16216,96496
1545439,8363,16320,96497
1545455,8389,16340,96498
1545471,8243,283,96499
1545487,8182,328,96500
1545503,8221,319,96501
1545519,8216,16242,96502
1545535,8286,16318,96503
1545551,8431,16334,96504
1545567,8261,327,96505
1545583,8349,348,96506
1545599,8373,337,96507
1545615,8371,16321,96508
1545631,8449,16241,96509
1545647,8448,16338,96510
1545663,8256,8465,96511
1545679,8497,390,96512
1545695,8284,370,96513
1545711,8117,91,96514
1545727,8558,16200,96515
1545743,8151,16298,96516
1545759,8444,16344,96517
1545775,8667,386,96518
1545791,8295,314,96519
1545807,8344,362,96520
1545823,8570,16350,96521
1545839,8277,16314,96522
1545855,8419,16175,96523
1545871,8400,360,96524
1545887,8214,359,96525
1545903,8461,324,96526
1545919,8153,16313,96527
1545935,8229,16236,96528
1545951,8430,16319,96529
1545967,8192,286,96530
1545983,8337,301,96531
1545999,8489,387,96532
1546015,8160,16297,96533
1546031,8529,16350,96534
1546047,8283,16190,96535
1546063,8339,8538,96536
1546079,8451,346,96537
1546095,8204,324,96538
1546111,8259,127,96539
1546127,8380,16238,96540
1546143,8080,16283,96541
1546159,8248,16245,96542
1546175,8502,314,96543
1546191,8145,295,96544
1546207,8492,348,96545
1546223,8468,16250,96546
1546239,8249,16311,96547
1546255,8647,16308,96548
1546271,8272,335,96549
1546287,8211,310,96550
1546303,8574,289,96551
1546319,8293,16211,96552
1546335,8240,16252,96553
1546351,8344,16194,96554
1546367,8131,322,96555
1546383,8129,277,96556
1546399,8280,342,96557
1546415,8293,16225,96558
1546431,8206,16279,96559
1546447,8257,16275,96560
1546463,8480,8497,96561
1546479,8337,344,96562
1546495,8393,375,96563
1546511,8373,126,96564
1546527,8367,16316,96565
1546543,8307,16311,96566
1546559,8370,16288,96567
1546575,8134,347,96568
1546591,8251,283,96569
1546607,8343,297,96570
1546623,8363,16281,96571
1546639,8429,16294,96572
1546655,8479,16309,96573
1546671,8309,379,96574
1546687,8550,371,96575
1546703,8159,286,96576
1546719,8260,16232,96577
1546735,8356,16265,96578
1546751,8343,16316,96579
1546767,8337,331,96580
1546783,8233,349,96581
1546799,8094,303,96582
1546815,8437,16335,96583
1546831,8202,16204,96584
1546847,8360,16306,96585
1546863,8425,8387,96586
1546879,8225,343,96587
1546895,8316,355,96588
1546911,8545,131,96589
1546927,8222,16301,96590
1546943,8607,16299,96591
1546959,8488,16236,96592
1546975,8220,380,96593
1546991,8400,339,96594
1547007,8165,298,96595
1547023,8163,16239,96596
1547039,8548,16295,96597
1547055,8059,16240,96598
1547071,8340,346,96599
1547087,8566,379,96600
1547103,8129,289,96601
1547119,8425,16271,96602
1547135,8430,16215,96603
1547151,8241,16286,96604
1547167,8395,279,96605
1547183,8260,300,96606
1547199,8227,365,96607
1547215,8464,16260,96608
1547231,8159,16215,96609
1547247,8263,16313,96610
1547263,8358,8423,96611
1547279,8260,382,96612
1547295,8395,394,96613
1547311,8367,163,96614
1547327,8369,16286,96615
1547343,8427,16271,96616
1547359,8261,16317,96617
1547375,8433,363,96618
1547391,8544,345,96619
1547407,8316,394,96620
1547423,8316,16288,96621
1547439,8305,16268,96622
1547455,8230,16286,96623
1547471,8290,340,96624
1547487,8396,328,96625
1547503,8264,354,96626
1547519,8362,16278,96627
1547535,8245,16258,96628
1547551,8350,16272,96629
1547567,8341,333,96630
1547583,8351,353,96631
1547599,8349,295,96632
1547615,8429,16288,96633
1547631,8492,16275,96634
1547647,8400,16299,96635
1547663,8400,8500,96636
1547679,8334,273,96637
1547695,8274,336,96638
1547711,8091,113,96639
1547727,8338,16197,96640
1547743,8209,16293,96641
1547759,8307,16326,96642
1547775,8512,405,96643
1547791,8316,297,96644
1547807,8407,358,96645
1547823,8474,16323,96646
1547839,8373,16253,96647
1547855,8317,16235,96648
1547871,8515,338,96649
1547887,8194,323,96650
1547903,8428,306,96651
1547919,8238,16266,96652
1547935,8034,16258,96653
1547951,8245,16289,96654
1547967,8335,346,96655
1547983,8385,361,96656
1547999,8563,322,96657
1548015,8438,16217,96658
1548031,8463,16291,96659
1548047,8497,16179,96660
1548063,8406,8484,96661
1548079,8514,365,96662
1548095,8245,305,96663
1548111,8213,178,96664
1548127,8307,16239,96665
1548143,8203,16257,96666
1548159,8122,16251,96667
1548175,8383,297,96668
1548191,8022,311,96669
1548207,8428,329,96670
1548223,8504,16341,96671
1548239,8162,16259,96672
1548255,8531,16348,96673
1548271,8468,388,96674
1548287,8247,351,96675
1548303,8577,332,96676
1548319,8264,16259,96677
1548335,8144,16158,96678
1548351,8362,16273,96679
1548367,8298,266,96680
1548383,8216,307,96681
1548399,8372,316,96682
1548415,8163,16234,96683
1548431,8248,16379,96684
1548447,8268,16248,96685
1548463,8183,8446,96686
1548479,8568,387,96687
1548495,8412,372,96688
1548511,8348,136,96689
1548527,8463,16339,96690
1548543,8359,16316,96691
1548559,8306,16181,96692
1548575,8317,305,96693
1548591,8129,300,96694
1548607,8547,340,96695
1548623,8423,16349,96696
1548639,8372,16213,96697
1548655,8298,16298,96698
1548671,8300,366,96699
1548687,8356,323,96700
1548703,8321,324,96701
1548719,8323,16253,96702
1548735,8483,16267,96703
1548751,8296,16225,96704
1548767,8269,282,96705
1548783,8295,351,96706
1548799,8248,308,96707
1548815,8283,16259,96708
1548831,8209,16243,96709
1548847,8336,16259,96710
1548863,8337,8433,96711
1548879,8328,282,96712
1548895,8250,266,96713
1548911,8528,120,96714
1548927,8374,16280,96715
1548943,8274,16239,96716
1548959,8346,16241,96717
1548975,8261,317,96718
1548991,8344,300,96719
1549007,8275,314,96720
1549023,7966,16236,96721
1549039,8336,16290,96722
1549055,8272,16338,96723
1549071,8248,329,96724
1549087,8436,344,96725
1549103,8163,352,96726
1549119,8358,16362,96727
1549135,8427,16276,96728
1549151,8330,16338,96729
1549167,8337,289,96730
1549183,8379,301,96731
1549199,8106,357,96732
1549215,8550,16328,96733
1549231,8307,16264,96734
1549247,8292,16327,96735
1549263,8322,8465,96736
1549279,8239,286,96737
1549295,8301,344,96738
1549311,8391,138,96739
1549327,8270,16176,96740
1549343,8334,16291,96741
1549359,8452,16243,96742
1549375,8320,371,96743
1549391,8485,324,96744
1549407,8333,303,96745
1549423,8185,16259,96746
1549439,8485,16281,96747
1549455,8201,16327,96748
1549471,8237,306,96749
1549487,8286,358,96750
1549503,8102,283,96751
1549519,8405,16231,96752
1549535,8301,16273,96753
1549551,8251,16212,96754
1549567,8370,301,96755
1549583,8361,334,96756
1549599,8436,316,96757
1549615,8537,16304,96758
1549631,8308,16321,96759
1549647,8353,16262,96760
1549663,8332,8429,96761
1549679,8273,335,96762
1549695,8418,329,96763
1549711,8256,137,96764
1549727,8228,16283,96765
1549743,8170,16272,96766
1549759,8297,16232,96767
1549775,8376,359,96768
1549791,8379,370,96769
1549807,8300,379,96770
1549823,8493,16335,96771
1549839,8485,16349,96772
1549855,8429,16267,96773
1549871,8481,336,96774
1549887,8255,364,96775
1549903,8377,349,96776
1549919,8379,16328,96777
1549935,8268,16345,96778
1549951,8210,16204,96779
1549967,8260,313,96780
1549983,8225,351,96781
1549999,8493,374,96782
1550015,8366,16314,96783
1550031,8429,16231,96784
1550047,8556,16292,96785
1550063,8358,8461,96786
1550079,8478,346,96787
1550095,8437,346,96788
1550111,8218,90,96789
1550127,8403,16320,96790
1550143,8227,16292,96791
1550159,8259,16201,96792
1550175,8467,321,96793
1550191,8093,348,96794
1550207,8242,287,96795
1550223,8659,16345,96796
1550239,8286,16242,96797
1550255,8499,16269,96798
1550271,8582,328,96799
1550287,8217,323,96800
1550303,8477,336,96801
1550319,8299,16245,96802
1550335,8080,16247,96803
1550351,8398,16229,96804
1550367,8251,349,96805
1550383,8149,247,96806
1550399,8482,346,96807
1550415,8227,16218,96808
1550431,8320,16240,96809
1550447,8593,16308,96810
1550463,8248,8468,96811
1550479,8385,320,96812
1550495,8338,365,96813
1550511,8312,147,96814
1550527,8431,16263,96815
1550543,8243,16326,96816
1550559,8262,16324,96817
1550575,8426,366,96818
1550591,8331,374,96819
1550607,8268,294,96820
1550623,8353,16222,96821
1550639,8206,16280,96822
1550655,8528,16295,96823
1550671,8371,366,96824
1550687,8338,391,96825
1550703,8536,360,96826
1550719,8397,16240,96827
1550735,8361,16268,96828
1550751,8556,16321,96829
1550767,8386,351,96830
1550783,8463,344,96831
1550799,8426,385,96832
1550815,8313,16250,96833
1550831,8378,16247,96834
1550847,8273,16247,96835
1550863,8271,8480,96836
1550879,8291,305,96837
1550895,8293,340,96838
1550911,8305,105,96839
1550927,8271,16277,96840
1550943,8398,16260,96841
1550959,8526,16329,96842
1550975,8261,350,96843
1550991,8397,364,96844
1551007,8368,297,96845
1551023,8196,16287,96846
1551039,8363,16260,96847
1551055,8219,16288,96848
1551071,8220,377,96849
1551087,8438,294,96850
1551103,8211,321,96851
1551119,8230,16252,96852
1551135,8581,16309,96853
1551151,8332,16284,96854
1551167,8404,344,96855
1551183,8534,369,96856
1551199,8318,359,96857
1551215,8370,16276,96858
1551231,8256,16278,96859
1551247,8129,16353,96860
1551263,8316,8420,96861
1551279,8142,329,96862
1551295,8278,313,96863
1551311,8345,127,96864
1551327,8109,16232,96865
1551343,8497,16281,96866
1551359,8544,16247,96867
1551375,8134,364,96868
1551391,8576,310,96869
1551407,8418,306,96870
1551423,8246,16253,96871
1551439,8472,16295,96872
1551455,8202,16215,96873
1551471,8159,358,96874
1551487,8377,303,96875
1551503,8121,308,96876
1551519,8281,16260,96877
1551535,8380,16231,96878
1551551,8272,16326,96879
1551567,8401,379,96880
1551583,8416,399,96881
1551599,8140,296,96882
1551615,8408,16242,96883
1551631,8405,16328,96884
1551647,8381,16304,96885
1551663,8411,8494,96886
1551679,8287,295,96887
1551695,8322,288,96888
1551711,8224,89,96889
1551727,8191,16279,96890
1551743,8343,16212,96891
1551759,8295,16238,96892
1551775,8361,366,96893
1551791,8317,337,96894
1551807,8188,300,96895
1551823,8347,16372,96896
1551839,8441,16367,96897
1551855,8220,16303,96898
1551871,8392,286,96899
1551887,8444,345,96900
1551903,8331,312,96901
1551919,8397,16257,96902
1551935,8338,16283,96903
1551951,8257,16294,96904
1551967,8383,323,96905
1551983,8287,397,96906
1551999,8189,300,96907
1552015,8503,16302,96908
1552031,8398,16247,96909
1552047,8483,16254,96910
1552063,8347,8437,96911
1552079,8340,326,96912
1552095,8296,279,96913
1552111,8368,128,96914
1552127,8557,16279,96915
1552143,8410,16335,96916
1552159,8315,16282,96917
1552175,8401,346,96918
1552191,8211,336,96919
1552207,8367,383,96920
1552223,8584,16313,96921
1552239,8164,16301,96922
1552255,8319,16224,96923
1552271,8506,327,96924
1552287,8347,349,96925
1552303,8412,322,96926
1552319,8543,16257,96927
1552335,8226,16316,96928
1552351,8368,16235,96929
1552367,8264,293,96930
1552383,8210,370,96931
1552399,8383,335,96932
1552415,8186,16280,96933
1552431,8313,16321,96934
1552447,8578,16201,96935
1552463,8353,8412,96936
1552479,8351,363,96937
1552495,8359,310,96938
1552511,8181,80,96939
1552527,8400,16347,96940
1552543,8408,16231,96941
1552559,8300,16300,96942
1552575,8421,272,96943
1552591,8245,392,96944
1552607,8262,329,96945
1552623,8520,16252,96946
1552639,8100,16295,96947
1552655,8418,16275,96948
1552671,8430,353,96949
1552687,8191,275,96950
1552703,8458,564,96951
1552719,8418,16340,96952
1552735,8330,16356,96953
1552751,8584,16304,96954
1552767,8200,286,96955
1552783,8261,332,96956
1552799,8552,424,96957
1552815,8160,16226,96958
1552831,8298,16241,96959
1552847,8340,16225,96960
1552863,8172,8433,96961
1552879,8463,285,96962
1552895,8396,352,96963
1552911,8220,91,96964
1552927,8485,16315,96965
1552943,8465,16305,96966
1552959,8377,16286,96967
1552975,8520,349,96968
1552991,8284,311,96969
1553007,8477,269,96970
1553023,8304,16253,96971
1553039,8404,16278,96972
1553055,8515,16238,96973
1553071,8235,292,96974
1553087,8220,357,96975
1553103,8473,328,96976
1553119,8295,16213,96977
1553135,8310,16275,96978
1553151,8366,16303,96979
1553167,8224,337,96980
1553183,8534,318,96981
1553199,8412,337,96982
1553215,8249,16294,96983
1553231,8374,16268,96984
1553247,8250,16219,96985
1553263,8272,8418,96986
1553279,8248,327,96987
1553295,8194,313,96988
1553311,8297,20,96989
1553327,8245,16258,96990
1553343,8233,16307,96991
1553359,8347,16221,96992
1553375,8352,423,96993
1553391,8444,343,96994
1553407,8400,359,96995
1553423,8464,16307,96996
1553439,8538,16265,96997
1553455,8419,16253,96998
1553471,8086,277,96999
1553487,8445,365,97000
1553503,8097,357,97001
1553519,8232,16298,97002
1553535,8521,16295,97003
1553551,8213,16302,97004
1553567,8383,378,97005
1553583,8504,309,97006
1553599,8224,279,97007
1553615,8366,16283,97008
1553631,8427,16260,97009
1553647,8323,16338,97010
1553663,8591,8495,97011
1553679,8351,368,97012
1553695,8183,341,97013
1553711,8391,83,97014
1553727,8136,16353,97015
1553743,8284,16253,97016
1553759,8381,16328,97017
1553775,8264,339,97018
1553791,8466,311,97019
1553807,8286,325,97020
1553823,8243,16261,97021
1553839,8410,16288,97022
1553855,8271,16286,97023
1553871,8305,346,97024
1553887,8432,297,97025
1553903,8139,292,97026
1553919,8274,16259,97027
1553935,8374,16287,97028
1553951,8205,16227,97029
1553967,8348,328,97030
1553983,8234,324,97031
1553999,8248,292,97032
1554015,8425,16300,97033
1554031,8320,16276,97034
1554047,8188,16325,97035
1554063,8400,8429,97036
1554079,8297,349,97037
1554095,8212,298,97038
1554111,8391,141,97039
1554127,8313,16191,97040
1554143,8338,16256,97041
1554159,8368,16237,97042
1554175,8327,357,97043
1554191,8212,305,97044
1554207,8241,345,97045
1554223,8313,16269,97046
1554239,8296,16235,97047
1554255,8257,16204,97048
1554271,8351,361,97049
1554287,8444,362,97050
1554303,8476,377,97051
1554319,8482,16266,97052
1554335,8344,16294,97053
1554351,8353,16253,97054
1554367,8371,324,97055
1554383,8199,339,97056
1554399,8363,363,97057
1554415,8400,16359,97058
1554431,8230,16292,97059
1554447,8494,16274,97060
1554463,8388,8446,97061
1554479,8450,306,97062
1554495,8585,390,97063
1554511,8338,97,97064
1554527,8566,16349,97065
1554543,8444,16337,97066
1554559,8300,16294,97067
1554575,8450,323,97068
1554591,8282,294,97069
1554607,8141,359,97070
1554623,8366,16251,97071
1554639,8120,16281,97072
1554655,8383,16263,97073
1554671,8378,394,97074
1554687,8243,375,97075
1554703,8471,284,97076
1554719,8514,16315,97077
1554735,8229,16281,97078
1554751,8734,16289,97079
1554767,8364,378,97080
1554783,8276,368,97081
1554799,8497,329,97082
1554815,8213,16257,97083
1554831,8136,16304,97084
1554847,8340,16235,97085
1554863,8188,8496,97086
1554879,8312,351,97087
1554895,8427,324,97088
1554911,8256,103,97089
1554927,8486,16243,97090
1554943,8302,16298,97091
1554959,8186,16200,97092
1554975,8633,337,97093
1554991,8251,310,97094
1555007,8368,346,97095
1555023,8485,16301,97096
1555039,8367,16293,97097
1555055,8324,16272,97098
1555071,8216,301,97099
1555087,8191,352,97100
1555103,8529,362,97101
1555119,8374,16313,97102
1555135,8373,16311,97103
1555151,8504,16218,97104
1555167,8184,356,97105
1555183,8533,367,97106
1555199,8548,343,97107
1555215,8336,16299,97108
1555231,8493,16353,97109
1555247,8378,16343,97110
1555263,8312,8403,97111
1555279,8167,300,97112
1555295,8278,305,97113
1555311,8370,140,97114
1555327,8282,16312,97115
1555343,8430,16250,97116
1555359,8395,16279,97117
1555375,8293,332,97118
1555391,8447,373,97119
1555407,8463,303,97120
1555423,8261,16247,97121
1555439,8419,16248,97122
1555455,8405,16275,97123
1555471,8253,328,97124
1555487,8531,389,97125
1555503,8122,288,97126
1555519,8166,16177,97127
1555535,8360,16291,97128
1555551,8284,16312,97129
1555567,8159,271,97130
1555583,8399,326,97131
1555599,8264,384,97132
1555615,8312,16208,97133
1555631,8419,16252,97134
1555647,8312,16234,97135
1555663,8443,8435,97136
1555679,8362,319,97137
1555695,8282,362,97138
1555711,8353,56,97139
1555727,8192,16263,97140
1555743,8258,16179,97141
1555759,8352,16285,97142
1555775,8306,343,97143
1555791,8392,345,97144
1555807,8455,364,97145
1555823,8281,16257,97146
1555839,8554,16246,97147
1555855,8431,16295,97148
1555871,8236,414,97149
1555887,8516,353,97150
1555903,8222,350,97151
1555919,8329,16299,97152
1555935,8516,16254,97153
1555951,8195,16296,97154
1555967,8327,331,97155
1555983,8482,342,97156
1555999,8196,328,97157
1556015,8430,16232,97158
1556031,8320,16214,97159
1556047,8122,16256,97160
1556063,8380,8448,97161
1556079,8326,340,97162
1556095,8205,314,97163
1556111,8521,112,97164
1556127,8271,16306,97165
1556143,8403,16303,97166
1556159,8459,16338,97167
1556175,8227,348,97168
1556191,8389,266,97169
1556207,8344,379,97170
1556223,8272,16332,97171
1556239,8431,16336,97172
1556255,8490,16287,97173
1556271,8299,303,97174
1556287,8260,354,97175
1556303,8262,288,97176
1556319,8492,16326,97177
1556335,8339,16303,97178
1556351,8424,16339,97179
1556367,8391,369,97180
1556383,8289,302,97181
1556399,8323,296,97182
1556415,8358,16246,97183
1556431,8152,16251,97184
1556447,8382,16327,97185
1556463,8272,8513,97186
1556479,8190,317,97187
1556495,8441,302,97188
1556511,8458,125,97189
1556527,8453,16316,97190
1556543,8557,16269,97191
1556559,8337,16362,97192
1556575,8476,368,97193
1556591,8297,294,97194
1556607,8256,302,97195
1556623,8394,16272,97196
1556639,8308,16283,97197
1556655,8273,16236,97198
1556671,8359,286,97199
1556687,8101,304,97200
1556703,8341,310,97201
1556719,8366,16190,97202
1556735,8301,16240,97203
1556751,8600,16284,97204
1556767,8516,399,97205
1556783,8330,311,97206
1556799,8612,413,97207
1556815,8359,16252,97208
1556831,8161,16277,97209
1556847,8380,16236,97210
1556863,8214,8472,97211
1556879,8323,351,97212
1556895,8474,310,97213
1556911,8227,141,97214
1556927,8305,16249,97215
1556943,8441,16277,97216
1556959,8355,16282,97217
1556975,8342,307,97218
1556991,8438,377,97219
1557007,8378,340,97220
1557023,8399,16309,97221
1557039,8384,16328,97222
1557055,8405,16258,97223
1557071,8364,360,97224
1557087,8264,350,97225
1557103,8301,336,97226
1557119,8234,16230,97227
1557135,8265,16327,97228
1557151,8551,16351,97229
1557167,8365,285,97230
1557183,8271,320,97231
1557199,8392,441,97232
1557215,8253,16292,97233
1557231,8412,16324,97234
1557247,8557,16301,97235
1557263,8256,8475,97236
1557279,8338,290,97237
1557295,8453,345,97238
1557311,8286,136,97239
1557327,8291,16208,97240
1557343,8330,16312,97241
1557359,8421,16303,97242
1557375,8444,330,97243
1557391,8392,379,97244
1557407,8401,340,97245
1557423,8483,16263,97246
1557439,8374,16254,97247
1557455,8366,16199,97248
1557471,8345,350,97249
1557487,8408,348,97250
1557503,8418,342,97251
1557519,8288,16297,97252
1557535,8476,16301,97253
1557551,8366,16333,97254
1557567,8106,302,97255
1557583,8445,363,97256
1557599,8160,325,97257
1557615,8292,16283,97258
1557631,8458,16247,97259
1557647,8415,16245,97260
1557663,8537,8511,97261
1557679,8466,327,97262
1557695,8332,341,97263
1557711,8477,187,97264
1557727,8335,16239,97265
1557743,8196,16318,97266
1557759,8378,16298,97267
1557775,8307,375,97268
1557791,8222,311,97269
1557807,8303,331,97270
1557823,8227,16304,97271
1557839,8431,16274,97272
1557855,8459,16259,97273
1557871,8214,320,97274
1557887,8500,337,97275
1557903,8325,316,97276
1557919,8308,16253,97277
1557935,8491,16299,97278
1557951,8225,16372,97279
1557967,8191,364,97280
1557983,8429,304,97281
1557999,8097,351,97282
1558015,8206,16255,97283
1558031,8487,16246,97284
1558047,8270,16263,97285
1558063,8544,8394,97286
1558079,8436,348,97287
1558095,8193,322,97288
1558111,8500,184,97289
1558127,8327,16215,97290
1558143,8262,16232,97291
1558159,8351,16237,97292
1558175,8279,313,97293
1558191,8246,294,97294
1558207,8399,316,97295
1558223,8268,16281,97296
1558239,8276,16290,97297
1558255,8394,16335,97298
1558271,8310,336,97299
1558287,8405,341,97300
1558303,8462,389,97301
1558319,8271,16269,97302
1558335,8288,16312,97303
1558351,8298,16233,97304
1558367,8408,398,97305
1558383,8325,359,97306
1558399,8415,273,97307
1558415,8355,16277,97308
1558431,8143,16277,97309
1558447,8229,16224,97310
1558463,8276,8454,97311
1558479,8087,300,97312
1558495,8298,273,97313
1558511,8447,128,97314
1558527,8264,16238,97315
1558543,8398,16244,97316
1558559,8331,16259,97317
1558575,8268,357,97318
1558591,8256,354,97319
1558607,8312,338,97320
1558623,8493,16259,97321
1558639,8307,16177,97322
1558655,8279,16285,97323
1558671,8286,346,97324
1558687,8324,317,97325
1558703,8251,367,97326
1558719,8421,16342,97327
1558735,8315,16264,97328
1558751,8409,16326,97329
1558767,8464,305,97330
1558783,8424,393,97331
1558799,8536,264,97332
1558815,8410,16266,97333
1558831,8117,16229,97334
1558847,8508,16333,97335
1558863,8177,8454,97336
1558879,8170,344,97337
1558895,8408,335,97338
1558911,8141,105,97339
1558927,8228,16256,97340
1558943,8444,16256,97341
1558959,8256,16296,97342
1558975,8435,307,97343
1558991,8410,355,97344
1559007,8217,311,97345
1559023,8453,16275,97346
1559039,8244,16224,97347
1559055,8263,16366,97348
1559071,8361,344,97349
1559087,8277,353,97350
1559103,8191,324,97351
1559119,8321,16303,97352
1559135,8072,16256,97353
1559151,8361,16265,97354
1559167,8403,292,97355
1559183,8213,353,97356
1559199,8471,294,97357
1559215,8439,16272,97358
1559231,8421,16342,97359
1559247,8496,16252,97360
1559263,8185,8468,97361
1559279,8162,285,97362
1559295,8467,329,97363
1559311,8242,125,97364
1559327,8293,16249,97365
1559343,8380,16192,97366
1559359,8286,16249,97367
1559375,8463,284,97368
1559391,8384,370,97369
1559407,8209,344,97370
1559423,8537,16324,97371
1559439,8380,16350,97372
1559455,8439,16222,97373
1559471,8335,310,97374
1559487,8365,340,97375
1559503,8364,356,97376
1559519,8326,16222,97377
1559535,8294,16227,97378
1559551,8359,16318,97379
1559567,8296,382,97380
1559583,8367,348,97381
1559599,8271,392,97382
1559615,8288,16217,97383
1559631,8351,16212,97384
1559647,8295,16282,97385
1559663,8310,8433,97386
1559679,8551,348,97387
1559695,8361,346,97388
1559711,8458,139,97389
1559727,8320,16261,97390
1559743,8257,16330,97391
1559759,8331,16249,97392
1559775,8304,307,97393
1559791,8251,329,97394
1559807,8306,340,97395
1559823,8291,16321,97396
1559839,8389,16255,97397
1559855,8483,16281,97398
1559871,8283,357,97399
1559887,8550,376,97400
1559903,8368,321,97401
1559919,8261,16291,97402
1559935,8473,16302,97403
1559951,8284,16296,97404
1559967,8217,330,97405
1559983,8310,306,97406
1559999,8183,333,97407
1560015,8252,16267,97408
1560031,8330,16291,97409
1560047,8096,16211,97410
1560063,8500,8462,97411
1560079,8541,313,97412
1560095,8256,320,97413
1560111,8552,128,97414
1560127,8344,16260,97415
1560143,8218,16265,97416
1560159,8458,16273,97417
1560175,8245,339,97418
1560191,8179,342,97419
1560207,8411,346,97420
1560223,8027,16285,97421
1560239,8155,16196,97422
1560255,8333,16306,97423
1560271,8157,295,97424
1560287,8431,352,97425
1560303,8477,372,97426
1560319,8204,16258,97427
1560335,8442,16301,97428
1560351,8421,16279,97429
1560367,8200,296,97430
1560383,8392,298,97431
1560399,8222,362,97432
1560415,8422,16309,97433
1560431,8344,16299,97434
1560447,8081,16267,97435
1560463,8276,8478,97436
1560479,8334,405,97437
1560495,8124,322,97438
1560511,8500,139,97439
1560527,8374,16332,97440
1560543,8298,16240,97441
1560559,8483,16282,97442
1560575,8350,338,97443
1560591,8374,345,97444
1560607,8535,324,97445
1560623,8286,16283,97446
1560639,8345,16224,97447
1560655,8213,16342,97448
1560671,8164,257,97449
1560687,8318,299,97450
1560703,8211,295,97451
1560719,8380,16292,97452
1560735,8311,16372,97453
1560751,8315,16232,97454
1560767,8260,347,97455
1560783,8146,313,97456
1560799,8429,346,97457
1560815,8379,16332,97458
1560831,8250,16201,97459
1560847,8497,16280,97460
1560863,8293,8539,97461
1560879,8138,369,97462
1560895,8329,333,97463
1560911,8329,118,97464
1560927,8157,16289,97465
1560943,8459,16238,97466
1560959,8442,16300,97467
1560975,8297,356,97468
1560991,8531,373,97469
1561007,8347,337,97470
1561023,8363,16225,97471
1561039,8432,16245,97472
1561055,8468,16336,97473
1561071,8320,357,97474
1561087,8298,294,97475
1561103,8231,265,97476
1561119,8204,16342,97477
1561135,8051,16241,97478
1561151,8316,16267,97479
1561167,8261,262,97480
1561183,8220,285,97481
1561199,8600,349,97482
1561215,8438,16240,97483
1561231,8223,16239,97484
1561247,8641,16294,97485
1561263,8480,8488,97486
1561279,8185,293,97487
1561295,8440,346,97488
1561311,8206,139,97489
1561327,8433,16297,97490
1561343,8466,16295,97491
1561359,8130,16335,97492
1561375,8372,350,97493
1561391,8393,319,97494
1561407,8242,370,97495
1561423,8598,16265,97496
1561439,8376,16324,97497
1561455,8309,16293,97498
1561471,8512,358,97499
1561487,8340,316,97500
1561503,8359,290,97501
1561519,8312,16203,97502
1561535,8160,16292,97503
1561551,8363,16240,97504
1561567,8234,374,97505
1561583,8153,328,97506
1561599,8469,346,97507
1561615,8298,16203,97508
1561631,8328,16242,97509
1561647,8460,16285,97510
1561663,8224,8476,97511
1561679,8537,337,97512
1561695,8385,278,97513
1561711,8274,126,97514
1561727,8511,16291,97515
1561743,8333,16322,97516
1561759,8327,16291,97517
1561775,8285,361,97518
1561791,8149,327,97519
1561807,8176,329,97520
1561823,8221,16234,97521
1561839,8258,16369,97522
1561855,8208,16246,97523
1561871,8295,344,97524
1561887,8311,393,97525
1561903,8425,336,97526
1561919,8471,16234,97527
1561935,8393,16321,97528
1561951,8296,16293,97529
1561967,8176,342,97530
1561983,8498,350,97531
1561999,8271,347,97532
1562015,8215,16254,97533
1562031,8285,16249,97534
1562047,8111,16299,97535
1562063,8265,8459,97536
1562079,8447,336,97537
1562095,8122,326,97538
1562111,8458,119,97539
1562127,8507,16328,97540
1562143,8262,16209,97541
1562159,8527,16226,97542
1562175,8527,300,97543
1562191,8295,351,97544
1562207,8408,328,97545
1562223,8283,16306,97546
1562239,8258,16284,97547
1562255,8422,16212,97548
1562271,8289,325,97549
1562287,8385,296,97550
1562303,8413,318,97551
1562319,8328,16326,97552
1562335,8493,16214,97553
1562351,8300,16284,97554
1562367,8384,338,97555
1562383,8468,359,97556
1562399,8117,316,97557
1562415,8276,16260,97558
1562431,8321,16261,97559
1562447,8115,16271,97560
1562463,8319,8417,97561
1562479,8290,300,97562
1562495,8109,245,97563
1562511,8383,54,97564
1562527,8403,16251,97565
1562543,8161,16241,97566
1562559,8564,16271,97567
1562575,8423,355,97568
1562591,8237,316,97569
1562607,8470,386,97570
1562623,8260,16265,97571
1562639,8355,16279,97572
1562655,8476,16303,97573
1562671,8084,311,97574
1562687,8307,356,97575
1562703,8350,374,97576
1562719,8203,16315,97577
1562735,8383,16260,97578
1562751,8297,16297,97579
1562767,8220,272,97580
1562783,8332,332,97581
1562799,8361,341,97582
1562815,8291,16200,97583
1562831,8334,16308,97584
1562847,8230,16225,97585
1562863,8407,8469,97586
1562879,8285,348,97587
1562895,8089,358,97588
1562911,8299,96,97589
1562927,8291,16250,97590
1562943,8403,16281,97591
1562959,8324,16226,97592
1562975,8244,379,97593
1562991,8393,343,97594
1563007,8208,322,97595
1563023,8331,16308,97596
1563039,8442,16336,97597
1563055,8285,16351,97598
1563071,8414,308,97599
1563087,8296,329,97600
1563103,8244,300,97601
1563119,8371,16243,97602
1563135,8284,16250,97603
1563151,8305,16373,97604
1563167,8314,316,97605
1563183,8192,323,97606
1563199,8300,301,97607
1563215,8432,16251,97608
1563231,8361,16373,97609
1563247,8524,16272,97610
1563263,8362,8459,97611
1563279,8258,323,97612
1563295,8663,271,97613
1563311,8226,96,97614
1563327,8189,16298,97615
1563343,8487,16336,97616
1563359,8144,16383,97617
1563375,8305,326,97618
1563391,8554,373,97619
1563407,8122,369,97620
1563423,8452,16303,97621
1563439,8386,16294,97622
1563455,8235,16240,97623
1563471,8620,302,97624
1563487,8227,308,97625
1563503,8251,279,97626
1563519,8464,16225,97627
1563535,8090,16243,97628
1563551,8365,16336,97629
1563567,8346,294,97630
1563583,8151,296,97631
1563599,8385,276,97632
1563615,8330,16253,97633
1563631,8208,16270,97634
1563647,8618,16304,97635
1563663,8280,8509,97636
1563679,8390,327,97637
1563695,8502,347,97638
1563711,8230,84,97639
1563727,8463,16301,97640
1563743,8538,16265,97641
1563759,8188,16259,97642
1563775,8330,289,97643
1563791,8379,385,97644
1563807,8066,295,97645
1563823,8444,16336,97646
1563839,8278,16255,97647
1563855,8241,16180,97648
1563871,8331,349,97649
1563887,8440,378,97650
1563903,8244,262,97651
1563919,8498,16313,97652
1563935,8391,16243,97653
1563951,8279,16261,97654
1563967,8449,371,97655
1563983,8378,349,97656
1563999,8390,346,97657
1564015,8296,16272,97658
1564031,8257,16242,97659
1564047,8271,16330,97660
1564063,8247,8478,97661
1564079,8379,300,97662
1564095,8299,387,97663
1564111,8413,111,97664
1564127,8534,16322,97665
1564143,8341,16219,97666
1564159,8418,16253,97667
1564175,8462,368,97668
1564191,8263,317,97669
1564207,8468,305,97670
1564223,8311,16319,97671
1564239,8217,16341,97672
1564255,8250,16214,97673
1564271,8231,351,97674
1564287,8158,305,97675
1564303,8419,284,97676
1564319,8209,16230,97677
1564335,8550,16281,97678
1564351,8446,16248,97679
1564367,8339,261,97680
1564383,8493,361,97681
1564399,8261,355,97682
1564415,8281,16276,97683
1564431,8410,16314,97684
1564447,8037,16289,97685
1564463,8348,8489,97686
1564479,8317,305,97687
1564495,8139,305,97688
1564511,8270,35,97689
1564527,8346,16257,97690
1564543,8282,16331,97691
1564559,8523,16323,97692
1564575,8509,370,97693
1564591,8340,370,97694
1564607,8514,364,97695
1564623,8308,16258,97696
1564639,8352,16302,97697
1564655,8538,16247,97698
1564671,8208,293,97699
1564687,8307,266,97700
1564703,8321,329,97701
1564719,8300,16252,97702
1564735,8560,16343,97703
1564751,8369,16332,97704
1564767,8190,279,97705
1564783,8578,352,97706
1564799,8340,345,97707
1564815,8394,16274,97708
1564831,8497,16340,97709
1564847,8284,16236,97710
1564863,8455,8500,97711
1564879,8395,299,97712
1564895,8116,243,97713
1564911,8366,107,97714
1564927,8207,16300,97715
1564943,8278,16246,97716
1564959,8468,16287,97717
1564975,8276,337,97718
1564991,8224,262,97719
1565007,8316,282,97720
1565023,8175,16258,97721
1565039,8422,16273,97722
1565055,8315,16254,97723
1565071,8322,314,97724
1565087,8452,308,97725
1565103,8366,317,97726
1565119,8297,16328,97727
1565135,8320,16184,97728
1565151,8093,16263,97729
1565167,8271,276,97730
1565183,8277,327,97731
1565199,8199,276,97732
1565215,8388,16210,97733
1565231,8211,16305,97734
1565247,8489,16288,97735
1565263,8598,8466,97736
1565279,8293,318,97737
1565295,8548,323,97738
1565311,8450,154,97739
1565327,8261,16335,97740
1565343,8454,16285,97741
1565359,8188,16283,97742
1565375,8192,349,97743
1565391,8451,283,97744
1565407,8205,360,97745
1565423,8345,16336,97746
1565439,8463,16218,97747
1565455,8236,16195,97748
1565471,8486,356,97749
1565487,8551,386,97750
1565503,8215,290,97751
1565519,8617,16352,97752
1565535,8266,16230,97753
1565551,8339,16247,97754
1565567,8309,309,97755
1565583,8208,333,97756
1565599,8329,337,97757
1565615,8255,16228,97758
1565631,8251,16304,97759
1565647,8578,16348,97760
1565663,8492,8442,97761
1565679,8183,305,97762
1565695,8577,293,97763
1565711,8358,113,97764
1565727,8298,16208,97765
1565743,8553,16341,97766
1565759,8307,16257,97767
1565775,8356,335,97768
1565791,8521,373,97769
1565807,8210,357,97770
1565823,8331,16237,97771
1565839,8446,16274,97772
1565855,8171,16294,97773
1565871,8289,297,97774
1565887,8370,423,97775
1565903,8270,341,97776
1565919,8367,16342,97777
1565935,8354,16279,97778
1565951,8400,16306,97779
1565967,8436,397,97780
1565983,8334,341,97781
1565999,8391,350,97782
1566015,8389,16263,97783
1566031,8266,16288,97784
1566047,8493,16273,97785
1566063,8259,8492,97786
1566079,8301,295,97787
1566095,8377,405,97788
1566111,8183,167,97789
1566127,8520,16309,97790
1566143,8372,16257,97791
1566159,8280,16272,97792
1566175,8476,300,97793
1566191,8383,321,97794
1566207,8307,332,97795
1566223,8493,16266,97796
1566239,8192,16238,97797
1566255,8273,16271,97798
1566271,8279,279,97799
1566287,8137,380,97800
1566303,8327,344,97801
1566319,8200,16339,97802
1566335,8248,16213,97803
1566351,8431,16240,97804
1566367,8453,361,97805
1566383,8400,290,97806
1566399,8511,357,97807
1566415,8374,16304,97808
1566431,8448,16197,97809
1566447,8296,16273,97810
1566463,8222,8429,97811
1566479,8741,347,97812
1566495,8217,349,97813
1566511,8284,113,97814
1566527,8400,16320,97815
1566543,8095,16299,97816
1566559,8493,16197,97817
1566575,8528,311,97818
1566591,8332,333,97819
1566607,8434,319,97820
1566623,8436,16332,97821
1566639,8248,16263,97822
1566655,8544,16367,97823
1566671,8160,342,97824
1566687,8103,315,97825
1566703,8401,304,97826
1566719,8142,16233,97827
1566735,8456,16292,97828
1566751,8502,16266,97829
1566767,8192,388,97830
1566783,8521,386,97831
1566799,8448,373,97832
1566815,8419,16299,97833
1566831,8491,16310,97834
1566847,8233,16251,97835
1566863,8349,8483,97836
1566879,8425,352,97837
1566895,8137,295,97838
1566911,8307,109,97839
1566927,8391,16210,97840
1566943,8222,16317,97841
1566959,8364,16290,97842
1566975,8440,373,97843
1566991,8150,327,97844
1567007,8472,296,97845
1567023,8456,16307,97846
1567039,8289,16279,97847
1567055,8402,16210,97848
1567071,8295,345,97849
1567087,8335,354,97850
1567103,8346,368,97851
1567119,8348,16327,97852
1567135,8308,16338,97853
1567151,8279,16325,97854
1567167,8380,345,97855
1567183,8410,319,97856
1567199,8318,352,97857
1567215,8387,16254,97858
1567231,8282,16307,97859
1567247,8251,16302,97860
1567263,8514,8471,97861
1567279,8338,292,97862
1567295,8330,335,97863
1567311,8327,107,97864
1567327,8236,16205,97865
1567343,8426,16248,97866
1567359,8299,16207,97867
1567375,8150,365,97868
1567391,8299,226,97869
1567407,8365,331,97870
1567423,8164,16299,97871
1567439,8415,16204,97872
1567455,8297,16356,97873
1567471,8402,312,97874
1567487,8586,358,97875
1567503,8187,332,97876
1567519,8411,16286,97877
1567535,8375,16208,97878
1567551,8234,16277,97879
1567567,8429,359,97880
1567583,8193,293,97881
1567599,8375,326,97882
1567615,8287,16281,97883
1567631,8245,16337,97884
1567647,8481,16292,97885
1567663,8371,8480,97886
1567679,8347,385,97887
1567695,8729,384,97888
1567711,8423,104,97889
1567727,8156,16259,97890
1567743,8621,16284,97891
1567759,8315,16306,97892
1567775,8257,316,97893
1567791,8380,357,97894
1567807,8096,310,97895
1567823,8297,16357,97896
1567839,8493,16258,97897
1567855,8045,16221,97898
1567871,8281,344,97899
1567887,8381,300,97900
1567903,8178,285,97901
1567919,8482,16244,97902
1567935,8388,16343,97903
1567951,8310,16279,97904
1567967,8415,330,97905
1567983,8283,328,97906
1567999,8355,374,97907
1568015,8398,16324,97908
1568031,8301,16262,97909
1568047,8391,16322,97910
1568063,8239,8497,97911
1568079,8236,319,97912
1568095,8356,282,97913
1568111,8357,78,97914
1568127,8351,16279,97915
1568143,8401,16315,97916
1568159,8332,16259,97917
1568175,8402,302,97918
1568191,8522,410,97919
1568207,8332,338,97920
1568223,8427,16223,97921
1568239,8406,16236,97922
1568255,8276,16214,97923
1568271,8376,319,97924
1568287,8277,302,97925
1568303,8283,271,97926
1568319,8277,16242,97927
1568335,8387,16172,97928
1568351,8308,16280,97929
1568367,8207,333,97930
1568383,8317,320,97931
1568399,8496,333,97932
1568415,8374,16337,97933
1568431,8465,16293,97934
1568447,8333,16267,97935
1568463,8366,8511,97936
1568479,8505,343,97937
1568495,8170,272,97938
1568511,8217,77,97939
1568527,8315,16259,97940
1568543,8084,16231,97941
1568559,8296,16234,97942
1568575,8385,377,97943
1568591,8271,355,97944
1568607,8412,307,97945
1568623,8468,16292,97946
1568639,8404,16256,97947
1568655,8546,16356,97948
1568671,8404,362,97949
1568687,8209,344,97950
1568703,8297,276,97951
1568719,8259,16281,97952
1568735,8243,16266,97953
1568751,8332,16336,97954
1568767,8100,258,97955
1568783,8315,314,97956
1568799,8387,296,97957
1568815,8424,16332,97958
1568831,8544,16288,97959
1568847,8463,16305,97960
1568863,8253,8463,97961
1568879,8524,388,97962
1568895,8262,334,97963
1568911,8361,154,97964
1568927,8394,16287,97965
1568943,8277,16322,97966
1568959,8466,16260,97967
1568975,8278,311,97968
1568991,8269,354,97969
1569007,8501,362,97970
1569023,8368,16298,97971
1569039,8276,16252,97972
1569055,8550,16279,97973
1569071,8351,299,97974
1569087,8340,350,97975
1569103,8565,417,97976
1569119,8220,16337,97977
1569135,8283,16315,97978
1569151,8437,16267,97979
1569167,8113,305,97980
1569183,8290,297,97981
1569199,8422,343,97982
1569215,8176,16222,97983
1569231,8451,16309,97984
1569247,8321,16362,97985
1569263,8458,8480,97986
1569279,8477,340,97987
1569295,8471,380,97988
1569311,8313,106,97989
1569327,8441,16309,97990
1569343,8329,16287,97991
1569359,8483,16333,97992
1569375,8278,358,97993
1569391,8317,307,97994
1569407,8289,344,97995
1569423,8249,16254,97996
1569439,8349,16282,97997
1569455,8320,16324,97998
1569471,8303,383,97999
1569487,8447,296,98000
1569503,8436,346,98001
1569519,8407,16354,98002
1569535,8423,16215,98003
1569551,8264,16241,98004
1569567,8337,337,98005
1569583,8346,350,98006
1569599,8284,297,98007
1569615,8280,16212,98008
1569631,8308,16309,98009
1569647,8377,16223,98010
1569663,8423,8489,98011
1569679,8252,353,98012
1569695,8359,355,98013
1569711,8367,123,98014
1569727,8334,16318,98015
1569743,8509,16314,98016
1569759,8345,16235,98017
1569775,8283,378,98018
1569791,8522,318,98019
1569807,8259,277,98020
1569823,8206,16284,98021
1569839,8407,16246,98022
1569855,8301,16318,98023
1569871,8222,328,98024
1569887,8326,306,98025
1569903,8158,349,98026
1569919,8385,16298,98027
1569935,8444,16227,98028
1569951,8187,16200,98029
1569967,8509,327,98030
1569983,8263,259,98031
1569999,8213,310,98032
1570015,8434,16286,98033
1570031,8205,16302,98034
1570047,8185,16203,98035
1570063,8334,8478,98036
1570079,8164,335,98037
1570095,8465,340,98038
1570111,8366,123,98039
1570127,8196,16222,98040
1570143,8578,16359,98041
1570159,8317,16304,98042
1570175,8368,408,98043
1570191,8434,341,98044
1570207,8272,345,98045
1570223,8359,16252,98046
1570239,8327,16230,98047
1570255,8261,16230,98048
1570271,8347,372,98049
1570287,8332,295,98050
1570303,8112,338,98051
1570319,8381,16259,98052
1570335,8408,16327,98053
1570351,8345,16214,98054
1570367,8437,352,98055
1570383,8244,345,98056
1570399,8344,271,98057
1570415,8439,16271,98058
1570431,8381,16297,98059
1570447,8282,16237,98060
1570463,8344,8474,98061
1570479,8372,351,98062
1570495,8381,356,98063
1570511,8201,79,98064
1570527,8302,16281,98065
1570543,8236,16289,98066
1570559,8302,16345,98067
1570575,8284,306,98068
1570591,8225,300,98069
1570607,8312,314,98070
1570623,8458,16229,98071
1570639,8232,16219,98072
1570655,8498,16258,98073
1570671,8409,303,98074
1570687,8376,392,98075
1570703,8474,279,98076
1570719,8277,16275,98077
1570735,8311,16326,98078
1570751,8377,16235,98079
1570767,8137,305,98080
1570783,8195,324,98081
1570799,8323,301,98082
1570815,8184,16228,98083
1570831,8463,16242,98084
1570847,8507,16334,98085
1570863,8396,8488,98086
1570879,8585,344,98087
1570895,8348,344,98088
1570911,8294,139,98089
1570927,8435,16292,98090
1570943,8082,16294,98091
1570959,8351,16309,98092
1570975,8392,289,98093
1570991,8106,338,98094
1571007,8500,366,98095
1571023,8471,16307,98096
1571039,8253,16306,98097
1571055,8622,16284,98098
1571071,8463,367,98099
1571087,8307,397,98100
1571103,8590,322,98101
1571119,8277,16280,98102
1571135,8303,16300,98103
1571151,8426,16328,98104
1571167,8225,361,98105
1571183,8397,322,98106
1571199,8432,305,98107
1571215,8105,16224,98108
1571231,8355,16182,98109
1571247,8494,16328,98110
1571263,8276,8393,98111
1571279,8442,351,98112
1571295,8349,311,98113
1571311,8417,135,98114
1571327,8466,16336,98115
1571343,8334,16299,98116
1571359,8356,16282,98117
1571375,8369,306,98118
1571391,8271,304,98119
1571407,8193,320,98120
1571423,8278,16260,98121
1571439,8265,16295,98122
1571455,8410,16240,98123
1571471,8137,343,98124
1571487,8418,362,98125
1571503,8422,319,98126
1571519,8354,16280,98127
1571535,8356,16283,98128
1571551,8507,16338,98129
1571567,8226,306,98130
1571583,8303,322,98131
1571599,8449,378,98132
1571615,8351,16306,98133
1571631,8350,16338,98134
1571647,8314,16298,98135
1571663,8267,8476,98136
1571679,8271,308,98137
1571695,8409,374,98138
1571711,8357,108,98139
1571727,8268,16303,98140
1571743,8406,16234,98141
1571759,8434,16286,98142
1571775,8274,313,98143
1571791,8379,320,98144
1571807,8290,307,98145
1571823,8221,16264,98146
1571839,8452,16287,98147
1571855,8192,16205,98148
1571871,8300,319,98149
1571887,8417,391,98150
1571903,8188,324,98151
1571919,8360,16289,98152
1571935,8470,16305,98153
1571951,8271,16280,98154
1571967,8380,334,98155
1571983,8603,371,98156
1571999,8300,320,98157
1572015,8499,16252,98158
1572031,8218,16230,98159
1572047,8243,16342,98160
1572063,8422,8486,98161
1572079,8141,368,98162
1572095,8238,317,98163
1572111,8341,134,98164
1572127,8101,16290,98165
1572143,8551,16336,98166
1572159,8512,16238,98167
1572175,8309,350,98168
1572191,8653,358,98169
1572207,8353,296,98170
1572223,8322,16292,98171
1572239,8478,16235,98172
1572255,8190,16268,98173
1572271,8243,316,98174
1572287,8374,355,98175
1572303,8105,289,98176
1572319,8245,16229,98177
1572335,8455,16311,98178
1572351,8244,16288,98179
1572367,8555,382,98180
1572383,8345,324,98181
1572399,8269,345,98182
1572415,8446,16278,98183
1572431,8233,16233,98184
1572447,8407,16243,98185
1572463,8494,8532,98186
1572479,8303,362,98187
1572495,8491,342,98188
1572511,8356,107,98189
1572527,8220,16199,98190
1572543,8288,16237,98191
1572559,8280,16269,98192
1572575,8281,321,98193
1572591,8311,327,98194
1572607,8227,323,98195
1572623,8391,16289,98196
1572639,8328,16316,98197
1572655,8396,16223,98198
1572671,8476,351,98199
1572687,8346,386,98200
1572703,8415,350,98201
1572719,8510,16342,98202
1572735,8272,16340,98203
1572751,8357,16299,98204
1572767,8380,337,98205
1572783,8281,357,98206
1572799,8277,361,98207
1572815,8466,16322,98208
1572831,8321,16297,98209
1572847,8461,16282,98210
1572863,8397,8511,98211
1572879,8473,369,98212
1572895,8292,362,98213
1572911,8318,141,98214
1572927,8598,16332,98215
1572943,8281,16258,98216
1572959,8162,16240,98217
1572975,8450,375,98218
1572991,8196,345,98219
1573007,8233,289,98220
1573023,8438,16241,98221
1573039,8239,16296,98222
1573055,8514,16271,98223
1573071,8439,344,98224
1573087,8231,325,98225
1573103,8573,309,98226
1573119,8460,16304,98227
1573135,8220,16241,98228
1573151,8562,16343,98229
1573167,8110,293,98230
1573183,8145,274,98231
1573199,8336,327,98232
1573215,8146,16282,98233
1573231,8271,16270,98234
1573247,8473,16328,98235
1573263,8378,8482,98236
1573279,8555,379,98237
1573295,8395,327,98238
1573311,8347,131,98239
1573327,8548,16308,98240
1573343,8267,16234,98241
1573359,8405,16265,98242
1573375,8356,381,98243
1573391,8110,284,98244
1573407,8397,331,98245
1573423,8306,16378,98246
1573439,8191,16289,98247
1573455,8518,16290,98248
1573471,8205,343,98249
1573487,8204,299,98250
1573503,8471,307,98251
1573519,8373,16292,98252
1573535,8425,16329,98253
1573551,8617,16346,98254
1573567,8119,295,98255
1573583,8438,372,98256
1573599,8419,320,98257
1573615,8407,16338,98258
1573631,8459,16292,98259
1573647,8264,16312,98260
1573663,8282,8467,98261
1573679,8492,353,98262
1573695,8325,322,98263
1573711,8250,69,98264
1573727,8285,16270,98265
1573743,8340,16293,98266
1573759,8562,16330,98267
1573775,8343,312,98268
1573791,8361,284,98269
1573807,8491,344,98270
1573823,8419,16280,98271
1573839,8429,16195,98272
1573855,8393,16263,98273
1573871,8257,344,98274
1573887,8362,297,98275
1573903,8289,365,98276
1573919,8249,16263,98277
1573935,8465,16259,98278
1573951,8283,16280,98279
1573967,8423,353,98280
1573983,8567,368,98281
1573999,8237,334,98282
1574015,8464,16307,98283
1574031,8520,16342,98284
1574047,8363,16276,98285
1574063,8358,8443,98286
1574079,8296,328,98287
1574095,8258,397,98288
1574111,8320,76,98289
1574127,8252,16231,98290
1574143,8521,16296,98291
1574159,8382,16260,98292
1574175,8253,332,98293
1574191,8564,333,98294
1574207,8440,354,98295
1574223,8360,16343,98296
1574239,8579,16254,98297
1574255,8172,16310,98298
1574271,8341,329,98299
1574287,8492,368,98300
1574303,8230,386,98301
1574319,8497,16290,98302
1574335,8461,16256,98303
1574351,8214,16344,98304
1574367,8445,345,98305
1574383,8366,280,98306
1574399,8264,362,98307
1574415,8646,16336,98308
1574431,8371,16296,98309
1574447,8273,16307,98310
1574463,8577,8459,98311
1574479,8331,295,98312
1574495,8248,303,98313
1574511,8300,115,98314
1574527,8331,16318,98315
1574543,8450,16224,98316
1574559,8344,16260,98317
1574575,8349,329,98318
1574591,8456,298,98319
1574607,8339,369,98320
1574623,8274,16240,98321
1574639,8601,16296,98322
1574655,8292,16297,98323
1574671,8406,430,98324
1574687,8398,356,98325
1574703,8240,330,98326
1574719,8485,16315,98327
1574735,8357,16231,98328
1574751,8433,16321,98329
1574767,8372,306,98330
1574783,8315,390,98331
1574799,8193,318,98332
1574815,8561,16327,98333
1574831,8395,16273,98334
1574847,8389,16317,98335
1574863,8371,8477,98336
1574879,8236,313,98337
1574895,8469,362,98338
1574911,8443,87,98339
1574927,8421,16301,98340
1574943,8355,16274,98341
1574959,8244,16358,98342
1574975,8285,307,98343
1574991,8217,310,98344
1575007,8278,321,98345
1575023,8379,16199,98346
1575039,8123,16219,98347
1575055,8379,16237,98348
1575071,8431,300,98349
1575087,8311,365,98350
1575103,8444,351,98351
1575119,8477,16296,98352
1575135,8323,16364,98353
1575151,8515,16306,98354
1575167,8334,343,98355
1575183,8208,352,98356
1575199,8286,270,98357
1575215,8089,16306,98358
1575231,8252,16219,98359
1575247,8319,16242,98360
1575263,8240,8406,98361
1575279,8482,367,98362
1575295,8526,342,98363
1575311,8289,89,98364
1575327,8695,16282,98365
1575343,8303,16257,98366
1575359,8264,16326,98367
1575375,8541,278,98368
1575391,8234,326,98369
1575407,8227,380,98370
1575423,8304,16327,98371
1575439,8065,16274,98372
1575455,8453,16238,98373
1575471,8280,277,98374
1575487,8104,289,98375
1575503,8513,273,98376
1575519,8341,16330,98377
1575535,8317,16301,98378
1575551,8589,16296,98379
1575567,8182,283,98380
1575583,8400,302,98381
1575599,8421,303,98382
1575615,8126,16219,98383
1575631,8378,16275,98384
1575647,8487,16272,98385
1575663,8191,8452,98386
1575679,8357,339,98387
1575695,8459,348,98388
1575711,8286,111,98389
1575727,8538,16319,98390
1575743,8273,16226,98391
1575759,8352,16344,98392
1575775,8440,337,98393
1575791,8336,305,98394
1575807,8508,340,98395
1575823,8392,16308,98396
1575839,8269,16293,98397
1575855,8465,16254,98398
1575871,8325,361,98399
1575887,8449,315,98400
1575903,8292,381,98401
1575919,8347,16290,98402
1575935,8419,16187,98403
1575951,8341,16256,98404
1575967,8234,292,98405
1575983,8561,385,98406
1575999,8407,330,98407
1576015,8423,16238,98408
1576031,8455,16347,98409
1576047,8434,16280,98410
1576063,8493,8491,98411
1576079,8487,282,98412
1576095,8283,322,98413
1576111,8329,114,98414
1576127,8283,16231,98415
1576143,8354,16295,98416
1576159,8370,16166,98417
1576175,8223,316,98418
1576191,8404,286,98419
1576207,8473,371,98420
1576223,8259,16332,98421
1576239,8638,16309,98422
1576255,8443,16253,98423
1576271,8352,333,98424
1576287,8607,335,98425
1576303,8202,350,98426
1576319,8258,16273,98427
1576335,8466,16314,98428
1576351,8148,16260,98429
1576367,8317,363,98430
1576383,8350,278,98431
1576399,8118,293,98432
1576415,8612,16318,98433
1576431,8579,16342,98434
1576447,8466,16287,98435
1576463,8595,8423,98436
1576479,8366,305,98437
1576495,8374,366,98438
1576511,8443,123,98439
1576527,8265,16298,98440
1576543,8335,16276,98441
1576559,8445,16271,98442
1576575,8188,355,98443
1576591,8452,318,98444
1576607,8332,326,98445
1576623,8290,16320,98446
1576639,8514,16319,98447
1576655,8363,16222,98448
1576671,8363,330,98449
1576687,8524,338,98450
1576703,8231,332,98451
1576719,8312,16246,98452
1576735,8351,16235,98453
1576751,8264,16341,98454
1576767,8307,314,98455
1576783,8258,285,98456
1576799,8301,355,98457
1576815,8511,16270,98458
1576831,8407,16270,98459
1576847,8355,16309,98460
1576863,8587,8545,98461
1576879,8354,345,98462
1576895,8376,327,98463
1576911,8487,140,98464
1576927,8283,16256,98465
1576943,8423,16215,98466
1576959,8316,16290,98467
1576975,8264,308,98468
1576991,8356,368,98469
1577007,8284,300,98470
1577023,8422,16279,98471
1577039,8437,16277,98472
1577055,8320,16263,98473
1577071,8380,314,98474
1577087,8232,324,98475
1577103,8298,301,98476
1577119,8429,16250,98477
1577135,8214,16287,98478
1577151,8436,16281,98479
1577167,8307,295,98480
1577183,8215,360,98481
1577199,8558,383,98482
1577215,8213,16306,98483
1577231,8094,16219,98484
1577247,8432,16256,98485
1577263,8257,8484,98486
1577279,8252,312,98487
1577295,8492,363,98488
1577311,8280,82,98489
1577327,8620,16333,98490
1577343,8379,16333,98491
1577359,8306,16272,98492
1577375,8538,299,98493
1577391,8281,344,98494
1577407,8359,352,98495
1577423,8423,16282,98496
1577439,8128,16212,98497
1577455,8181,16271,98498
1577471,8388,367,98499
1577487,8190,333,98500
1577503,8429,363,98501
1577519,8451,16298,98502
1577535,8339,16239,98503
1577551,8548,16220,98504
1577567,8286,378,98505
1577583,8331,350,98506
1577599,8499,371,98507
1577615,8214,16334,98508
1577631,8353,16268,98509
1577647,8512,16341,98510
1577663,8203,8425,98511
1577679,8460,303,98512
1577695,8427,363,98513
1577711,8357,103,98514
1577727,8489,16207,98515
1577743,8476,16345,98516
1577759,8340,16338,98517
1577775,8366,336,98518
1577791,8271,313,98519
1577807,8309,283,98520
1577823,8436,16267,98521
1577839,8286,16263,98522
1577855,8420,16299,98523
1577871,8298,357,98524
1577887,8351,306,98525
1577903,8424,313,98526
1577919,8292,16300,98527
1577935,8402,16283,98528
1577951,8399,16216,98529
1577967,8291,366,98530
1577983,8448,340,98531
1577999,8319,375,98532
1578015,8322,16260,98533
1578031,8399,16371,98534
1578047,8433,16294,98535
1578063,8398,8487,98536
1578079,8520,333,98537
1578095,8298,339,98538
1578111,8361,138,98539
1578127,8306,16209,98540
1578143,8315,16229,98541
1578159,8385,16322,98542
1578175,8379,365,98543
1578191,8215,306,98544
1578207,8426,351,98545
1578223,8318,16296,98546
1578239,8456,16357,98547
1578255,8379,16274,98548
1578271,8378,337,98549
1578287,8515,321,98550
1578303,8399,372,98551
1578319,8312,16277,98552
1578335,8378,16248,98553
1578351,8340,16285,98554
1578367,8332,312,98555
1578383,8463,338,98556
1578399,8265,361,98557
1578415,8310,16303,98558
1578431,8528,16352,98559
1578447,8326,16281,98560
1578463,8498,8408,98561
1578479,8328,317,98562
1578495,8316,365,98563
1578511,8458,85,98564
1578527,8357,16262,98565
1578543,8133,16314,98566
1578559,8389,16312,98567
1578575,8146,346,98568
1578591,8334,276,98569
1578607,8248,327,98570
1578623,8134,16211,98571
1578639,8415,16173,98572
1578655,8530,16288,98573
1578671,8236,322,98574
1578687,8552,371,98575
1578703,8288,329,98576
1578719,8511,16296,98577
1578735,8461,16333,98578
1578751,8222,16339,98579
1578767,8280,313,98580
1578783,8243,359,98581
1578799,8119,300,98582
1578815,8443,16243,98583
1578831,8345,16271,98584
1578847,8146,16213,98585
1578863,8493,8515,98586
1578879,8457,336,98587
1578895,8314,321,98588
1578911,8458,68,98589
1578927,8301,16200,98590
1578943,8216,16290,98591
1578959,8462,16259,98592
1578975,8105,325,98593
1578991,8221,307,98594
1579007,8321,358,98595
1579023,8269,16304,98596
1579039,8302,16321,98597
1579055,8373,16224,98598
1579071,8348,298,98599
1579087,8320,324,98600
1579103,8418,356,98601
1579119,8428,16256,98602
1579135,8379,16314,98603
1579151,8354,16186,98604
1579167,8408,318,98605
1579183,8349,303,98606
1579199,8432,350,98607
1579215,8529,16336,98608
1579231,8254,16321,98609
1579247,8567,16248,98610
1579263,8382,8509,98611
1579279,8192,373,98612
1579295,8232,271,98613
1579311,8240,167,98614
1579327,8292,16235,98615
1579343,8337,16222,98616
1579359,8242,16235,98617
1579375,8408,342,98618
1579391,8459,343,98619
1579407,8235,305,98620
1579423,8504,16266,98621
1579439,8362,16298,98622
1579455,8232,16279,98623
1579471,8265,279,98624
1579487,8019,312,98625
1579503,8364,324,98626
1579519,8281,16231,98627
1579535,8091,16210,98628
1579551,8465,16195,98629
1579567,8340,383,98630
1579583,8290,328,98631
1579599,8409,274,98632
1579615,8410,16309,98633
1579631,8277,16306,98634
1579647,8383,16320,98635
1579663,8121,8436,98636
1579679,8322,380,98637
1579695,8312,383,98638
1579711,8191,147,98639
1579727,8283,16256,98640
1579743,8312,16262,98641
1579759,8206,16263,98642
1579775,8467,378,98643
1579791,8361,351,98644
1579807,8257,296,98645
1579823,8492,16377,98646
1579839,8357,16206,98647
1579855,8376,16254,98648
1579871,8381,320,98649
1579887,8116,312,98650
1579903,8352,283,98651
1579919,8265,16289,98652
1579935,8162,16299,98653
1579951,8498,16308,98654
1579967,8256,341,98655
1579983,8242,327,98656
1579999,8417,358,98657
1580015,8216,16341,98658
1580031,8490,16324,98659
1580047,8647,16300,98660
1580063,8301,8456,98661
1580079,8385,283,98662
1580095,8494,361,98663
1580111,8139,74,98664
1580127,8436,16341,98665
1580143,8216,16235,98666
1580159,8261,16315,98667
1580175,8395,319,98668
1580191,8335,308,98669
1580207,8298,321,98670
1580223,8411,16352,98671
1580239,8366,16248,98672
1580255,8401,16267,98673
1580271,8377,357,98674
1580287,8505,374,98675
1580303,8434,343,98676
1580319,8414,16260,98677
1580335,8544,16271,98678
1580351,8256,16380,98679
1580367,8215,312,98680
1580383,8316,337,98681
1580399,8220,323,98682
1580415,8299,16321,98683
1580431,8349,16262,98684
1580447,8176,16235,98685
1580463,8515,8491,98686
1580479,8484,288,98687
1580495,8548,358,98688
1580511,8523,99,98689
1580527,8483,16307,98690
1580543,8273,16343,98691
1580559,8488,16276,98692
1580575,8214,392,98693
1580591,8227,287,98694
1580607,8316,323,98695
1580623,8138,16224,98696
1580639,8372,16299,98697
1580655,8527,16314,98698
1580671,8272,342,98699
1580687,8407,285,98700
1580703,8386,384,98701
1580719,8363,16301,98702
1580735,8620,16231,98703
1580751,8301,16257,98704
1580767,8313,363,98705
1580783,8408,375,98706
1580799,8131,286,98707
1580815,8437,16255,98708
1580831,8434,16274,98709
1580847,8050,16237,98710
1580863,8391,8476,98711
1580879,8419,339,98712
1580895,8332,362,98713
1580911,8508,92,98714
1580927,8310,16317,98715
1580943,8356,16258,98716
1580959,8615,16299,98717
1580975,8145,335,98718
1580991,8388,327,98719
1581007,8453,305,98720
1581023,8225,16263,98721
1581039,8409,16255,98722
1581055,8411,16296,98723
1581071,8177,316,98724
1581087,8504,377,98725
1581103,8351,302,98726
1581119,8410,16284,98727
1581135,8464,16344,98728
1581151,8262,16319,98729
1581167,8297,278,98730
1581183,8398,412,98731
1581199,8363,322,98732
1581215,8307,16309,98733
1581231,8315,16364,98734
1581247,8180,16291,98735
1581263,8372,8436,98736
1581279,8181,318,98737
1581295,8243,318,98738
1581311,8311,197,98739
1581327,8173,16182,98740
1581343,8274,16258,98741
1581359,8274,16310,98742
1581375,8280,259,98743
1581391,8381,345,98744
1581407,8365,380,98745
1581423,8345,16228,98746
1581439,8294,16301,98747
1581455,8314,16321,98748
1581471,8352,325,98749
1581487,8284,339,98750
1581503,8395,348,98751
1581519,8331,16274,98752
1581535,8102,16326,98753
1581551,8330,16280,98754
1581567,8301,497,98755
1581583,8287,342,98756
1581599,8491,273,98757
1581615,8335,16257,98758
1581631,8281,16301,98759
1581647,8571,16332,98760
1581663,8210,8453,98761
1581679,8135,353,98762
1581695,8303,307,98763
1581711,8020,159,98764
1581727,8274,16327,98765
1581743,8362,16312,98766
1581759,8231,16306,98767
1581775,8401,375,98768
1581791,8584,331,98769
1581807,8138,304,98770
1581823,8466,16239,98771
1581839,8311,16279,98772
1581855,8410,16303,98773
1581871,8375,347,98774
1581887,8180,370,98775
1581903,8378,292,98776
1581919,8259,16272,98777
1581935,8072,16317,98778
1581951,8424,16282,98779
1581967,8159,322,98780
1581983,8132,293,98781
1581999,8553,376,98782
1582015,8377,16203,98783
1582031,8316,16239,98784
1582047,8605,16287,98785
1582063,8278,8464,98786
1582079,8404,290,98787
1582095,8480,402,98788
1582111,8157,116,98789
1582127,8256,16300,98790
1582143,8334,16298,98791
1582159,8335,16290,98792
1582175,8336,339,98793
1582191,8303,356,98794
1582207,8207,274,98795
1582223,8466,16216,98796
1582239,8218,16254,98797
1582255,8499,16274,98798
1582271,8515,385,98799
1582287,8291,350,98800
1582303,8486,343,98801
1582319,8432,16271,98802
1582335,8336,16293,98803
1582351,8438,16318,98804
1582367,8145,266,98805
1582383,8446,353,98806
1582399,8388,290,98807
1582415,8355,16226,98808
1582431,8428,16300,98809
1582447,8399,16331,98810
1582463,8330,8453,98811
1582479,8567,337,98812
1582495,8286,360,98813
1582511,8300,93,98814
1582527,8610,16302,98815
1582543,8387,16345,98816
1582559,8381,16291,98817
1582575,8517,383,98818
1582591,8293,352,98819
1582607,8368,352,98820
1582623,8361,16277,98821
1582639,8354,16178,98822
1582655,8420,16322,98823
1582671,8316,370,98824
1582687,8488,349,98825
1582703,8553,357,98826
1582719,8452,16276,98827
1582735,8552,16239,98828
1582751,8356,16284,98829
1582767,8451,349,98830
1582783,8461,307,98831
1582799,8157,286,98832
1582815,8295,16302,98833
1582831,8436,16288,98834
1582847,8134,16237,98835
1582863,8388,8438,98836
1582879,8430,351,98837
1582895,8157,300,98838
1582911,8556,96,98839
1582927,8494,16285,98840
1582943,8422,16306,98841
1582959,8674,16270,98842
1582975,8401,369,98843
1582991,8361,283,98844
1583007,8452,332,98845
1583023,8185,16251,98846
1583039,8340,16278,98847
1583055,8257,16296,98848
1583071,8276,376,98849
1583087,8514,367,98850
1583103,8286,331,98851
1583119,8303,16303,98852
1583135,8466,16262,98853
1583151,8324,16311,98854
1583167,8290,361,98855
1583183,8541,383,98856
1583199,8235,318,98857
1583215,8379,16290,98858
1583231,8361,16340,98859
1583247,8267,16255,98860
1583263,8370,8448,98861
1583279,8232,322,98862
1583295,8242,334,98863
1583311,8500,169,98864
1583327,8318,16312,98865
1583343,8278,16222,98866
1583359,8424,16280,98867
1583375,8223,343,98868
1583391,8383,377,98869
1583407,8391,287,98870
1583423,8223,16300,98871
1583439,8355,16300,98872
1583455,8367,16298,98873
1583471,8275,342,98874
1583487,8417,286,98875
1583503,8179,286,98876
1583519,8160,16206,98877
1583535,8358,16306,98878
1583551,8258,16184,98879
1583567,8302,307,98880
1583583,8211,353,98881
1583599,8340,266,98882
1583615,8412,16179,98883
1583631,8276,16308,98884
1583647,8433,16246,98885
1583663,8454,8539,98886
1583679,8208,312,98887
1583695,8346,256,98888
1583711,8458,109,98889
1583727,8142,16241,98890
1583743,8458,16337,98891
1583759,8115,16319,98892
1583775,8149,341,98893
1583791,8408,344,98894
1583807,8221,322,98895
1583823,8419,16285,98896
1583839,8404,16239,98897
1583855,8315,16208,98898
1583871,8473,295,98899
1583887,8228,263,98900
1583903,8339,334,98901
1583919,8446,16297,98902
1583935,8064,16250,98903
1583951,8327,16180,98904
1583967,8252,301,98905
1583983,8098,363,98906
1583999,8538,333,98907
1584015,8451,16362,98908
1584031,8388,16329,98909
1584047,8651,16276,98910
1584063,8324,8461,98911
1584079,8314,325,98912
1584095,8453,317,98913
1584111,8300,141,98914
1584127,8304,16305,98915
1584143,8442,16285,98916
1584159,8187,16292,98917
1584175,8374,322,98918
1584191,8346,381,98919
1584207,8065,306,98920
1584223,8435,16249,98921
1584239,8356,16249,98922
1584255,8300,16200,98923
1584271,8435,351,98924
1584287,8330,336,98925
1584303,8343,356,98926
1584319,8503,16300,98927
1584335,8109,16252,98928
1584351,8461,16349,98929
1584367,8234,317,98930
1584383,8307,365,98931
1584399,8490,346,98932
1584415,8333,16228,98933
1584431,8322,16353,98934
1584447,8529,16249,98935
1584463,8313,8461,98936
1584479,8419,310,98937
1584495,8394,363,98938
1584511,8264,136,98939
1584527,8539,16319,98940
1584543,8374,16258,98941
1584559,8279,16358,98942
1584575,8384,278,98943
1584591,8330,344,98944
1584607,8291,394,98945
1584623,8319,16226,98946
1584639,8253,16249,98947
1584655,8341,16237,98948
1584671,8470,388,98949
1584687,8379,393,98950
1584703,8553,315,98951
1584719,8398,16313,98952
1584735,8339,16256,98953
1584751,8448,16321,98954
1584767,8418,341,98955
1584783,8529,369,98956
1584799,8362,291,98957
1584815,8426,16256,98958
1584831,8363,16280,98959
1584847,8191,16313,98960
1584863,8351,8406,98961
1584879,8457,315,98962
1584895,8237,345,98963
1584911,8442,95,98964
1584927,8484,16293,98965
1584943,8327,16253,98966
1584959,8594,16291,98967
1584975,8444,323,98968
1584991,8312,301,98969
1585007,8430,344,98970
1585023,8304,16241,98971
1585039,8246,16249,98972
1585055,8521,16287,98973
1585071,8188,369,98974
1585087,8486,385,98975
1585103,8323,315,98976
1585119,8288,16335,98977
1585135,8548,16288,98978
1585151,8435,16302,98979
1585167,8290,291,98980
1585183,8539,300,98981
1585199,8286,366,98982
1585215,8425,16383,98983
1585231,8434,16235,98984
1585247,8204,16200,98985
1585263,8419,8426,98986
1585279,8325,306,98987
1585295,8084,359,98988
1585311,8408,86,98989
1585327,8449,16358,98990
1585343,8166,16274,98991
1585359,8616,16306,98992
1585375,8276,338,98993
1585391,8368,358,98994
1585407,8494,375,98995
1585423,8292,16219,98996
1585439,8531,16326,98997
1585455,8430,16244,98998
1585471,8076,264,98999
1585487,8283,302,99000
1585503,8349,365,99001
1585519,8156,16149,99002
1585535,8436,16365,99003
1585551,8449,16308,99004
1585567,8323,321,99005
1585583,8440,323,99006
1585599,8360,351,99007
1585615,8301,16258,99008
1585631,8260,16277,99009
1585647,8136,16288,99010
1585663,8207,8440,99011
1585679,8346,354,99012
1585695,8407,309,99013
1585711,8351,142,99014
1585727,8239,16251,99015
1585743,8409,16288,99016
1585759,8333,16264,99017
1585775,8283,359,99018
1585791,8199,289,99019
1585807,8270,358,99020
1585823,8267,16217,99021
1585839,8368,16359,99022
1585855,8301,16277,99023
1585871,8294,305,99024
1585887,8342,346,99025
1585903,8331,357,99026
1585919,8370,16279,99027
1585935,8305,16318,99028
1585951,8413,16298,99029
1585967,8408,312,99030
1585983,8184,322,99031
1585999,8293,325,99032
1586015,8267,16274,99033
1586031,8046,16258,99034
1586047,8507,16308,99035
1586063,8343,8488,99036
1586079,8363,373,99037
1586095,8551,293,99038
1586111,8290,81,99039
1586127,8352,16242,99040
1586143,8428,16227,99041
1586159,8175,16231,99042
1586175,8323,316,99043
1586191,8432,276,99044
1586207,8034,346,99045
1586223,8474,16192,99046
1586239,8378,16260,99047
1586255,8283,16251,99048
1586271,8544,296,99049
1586287,8374,341,99050
1586303,8298,333,99051
1586319,8643,16299,99052
1586335,8363,16290,99053
1586351,8309,16268,99054
1586367,8459,382,99055
1586383,8065,296,99056
1586399,8364,346,99057
1586415,8252,16250,99058
1586431,8192,16252,99059
1586447,8517,16252,99060
1586463,8309,8488,99061
1586479,8243,296,99062
1586495,8550,352,99063
1586511,8278,116,99064
1586527,8408,16259,99065
1586543,8526,16361,99066
1586559,8288,16356,99067
1586575,8469,352,99068
1586591,8356,326,99069
1586607,8193,329,99070
1586623,8370,16326,99071
1586639,8289,16274,99072
1586655,8280,16207,99073
1586671,8493,361,99074
1586687,8371,286,99075
1586703,8334,390,99076
1586719,8532,16257,99077
1586735,8340,16242,99078
1586751,8380,16239,99079
1586767,8324,322,99080
1586783,8256,333,99081
1586799,8339,350,99082
1586815,8367,16194,99083
1586831,8409,16262,99084
1586847,8304,16288,99085
1586863,8135,8419,99086
1586879,8419,331,99087
1586895,8346,385,99088
1586911,8234,90,99089
1586927,8376,16268,99090
1586943,8239,16207,99091
1586959,8413,16242,99092
1586975,8460,379,99093
1586991,8341,306,99094
1587007,8389,305,99095
1587023,8321,16180,99096
1587039,8251,16245,99097
1587055,8403,16239,99098
1587071,8292,392,99099
1587087,8156,355,99100
1587103,8302,288,99101
1587119,8233,16286,99102
1587135,8353,16313,99103
1587151,8320,16257,99104
1587167,8144,381,99105
1587183,8550,295,99106
1587199,8366,403,99107
1587215,8456,16360,99108
1587231,8522,16241,99109
1587247,8162,16243,99110
1587263,8274,8417,99111
1587279,8356,327,99112
1587295,8189,348,99113
1587311,8360,108,99114
1587327,8239,16220,99115
1587343,8077,16239,99116
1587359,8585,16266,99117
1587375,8366,288,99118
1587391,8359,352,99119
1587407,8615,319,99120
1587423,8340,16257,99121
1587439,8349,16348,99122
1587455,8566,16253,99123
1587471,8158,290,99124
1587487,8402,320,99125
1587503,8358,327,99126
1587519,8219,16316,99127
1587535,8279,16313,99128
1587551,8402,16321,99129
1587567,8127,299,99130
1587583,8526,373,99131
1587599,8432,401,99132
1587615,8345,16254,99133
1587631,8404,16272,99134
1587647,8383,16253,99135
1587663,8480,8439,99136
1587679,8366,305,99137
1587695,8384,351,99138
1587711,8379,102,99139
1587727,8199,16320,99140
1587743,8344,16246,99141
1587759,8424,16261,99142
1587775,8195,298,99143
1587791,8382,336,99144
1587807,8426,352,99145
1587823,8168,16238,99146
1587839,8381,16267,99147
1587855,8344,16294,99148
1587871,8333,313,99149
1587887,8455,360,99150
1587903,8267,346,99151
1587919,8315,16244,99152
1587935,8419,16285,99153
1587951,8362,16346,99154
1587967,8293,343,99155
1587983,8169,282,99156
1587999,8310,326,99157
1588015,8436,16271,99158
1588031,8168,16316,99159
1588047,8444,16300,99160
1588063,8496,8459,99161
1588079,8233,336,99162
1588095,8438,316,99163
1588111,8282,76,99164
1588127,8276,16271,99165
1588143,8552,16337,99166
1588159,8149,16227,99167
1588175,8089,314,99168
1588191,8324,318,99169
1588207,8100,375,99170
1588223,8272,16308,99171
1588239,8223,16297,99172
1588255,8215,16287,99173
1588271,8489,316,99174
1588287,8385,334,99175
1588303,8285,344,99176
1588319,8476,16320,99177
1588335,8256,16306,99178
1588351,8418,16339,99179
1588367,8409,305,99180
1588383,8140,264,99181
1588399,8330,361,99182
1588415,8330,16221,99183
1588431,8142,16374,99184
1588447,8348,16219,99185
1588463,8281,8481,99186
1588479,8211,306,99187
1588495,8597,375,99188
1588511,8424,78,99189
1588527,8344,16233,99190
1588543,8505,16287,99191
1588559,8358,16235,99192
1588575,8427,321,99193
1588591,8488,374,99194
1588607,8084,312,99195
1588623,8473,16275,99196
1588639,8367,16353,99197
1588655,7993,16258,99198
1588671,8491,299,99199
1588687,8162,344,99200
1588703,8247,341,99201
1588719,8439,16318,99202
1588735,8326,16279,99203
1588751,8296,16327,99204
1588767,8451,304,99205
1588783,8281,318,99206
1588799,8306,342,99207
1588815,8345,16316,99208
1588831,8286,16288,99209
1588847,8291,16310,99210
1588863,8297,8468,99211
1588879,8311,315,99212
1588895,8360,368,99213
1588911,8259,148,99214
1588927,8346,16332,99215
1588943,8299,16280,99216
1588959,8427,16259,99217
1588975,8394,312,99218
1588991,8396,344,99219
1589007,8403,359,99220
1589023,8284,16278,99221
1589039,8238,16237,99222
1589055,8411,16326,99223
1589071,8348,379,99224
1589087,8167,340,99225
1589103,8228,266,99226
1589119,8361,16337,99227
1589135,8287,16283,99228
1589151,8238,16332,99229
1589167,8166,345,99230
1589183,8402,341,99231
1589199,8357,363,99232
1589215,8341,16327,99233
1589231,8439,16245,99234
1589247,8169,16288,99235
1589263,8354,8475,99236
1589279,8390,307,99237
1589295,8035,330,99238
1589311,8357,123,99239
1589327,8343,16326,99240
1589343,8097,16280,99241
1589359,8392,16277,99242
1589375,8195,319,99243
1589391,8189,396,99244
1589407,8498,273,99245
1589423,8273,16250,99246
1589439,8294,16258,99247
1589455,8417,16237,99248
1589471,8117,374,99249
1589487,8255,311,99250
1589503,8349,325,99251
1589519,8134,16279,99252
1589535,8213,16228,99253
1589551,8357,16315,99254
1589567,8011,286,99255
1589583,8367,287,99256
1589599,8353,314,99257
1589615,8227,16277,99258
1589631,8519,16281,99259
1589647,8351,16278,99260
1589663,8495,8503,99261
1589679,8406,344,99262
1589695,8169,347,99263
1589711,8400,175,99264
1589727,8311,16307,99265
1589743,8284,16355,99266
1589759,8349,16290,99267
1589775,8339,288,99268
1589791,8144,296,99269
1589807,8526,319,99270
1589823,8300,16334,99271
1589839,8233,16239,99272
1589855,8521,16233,99273
1589871,8164,290,99274
1589887,8446,338,99275
1589903,8500,344,99276
1589919,8177,16211,99277
1589935,8427,16337,99278
1589951,8412,16297,99279
1589967,8238,383,99280
1589983,8307,333,99281
1589999,8414,381,99282
1590015,8227,16226,99283
1590031,8397,16360,99284
1590047,8463,16347,99285
1590063,8320,8436,99286
1590079,8366,378,99287
1590095,8398,295,99288
1590111,8449,101,99289
1590127,8418,16275,99290
1590143,8491,16260,99291
1590159,8342,16236,99292
1590175,8242,292,99293
1590191,8354,318,99294
1590207,8175,344,99295
1590223,8223,16241,99296
1590239,8336,16354,99297
1590255,8191,16340,99298
1590271,8274,318,99299
1590287,8440,325,99300
1590303,8306,357,99301
1590319,8418,16294,99302
1590335,8419,16237,99303
1590351,8342,16213,99304
1590367,8454,351,99305
1590383,8233,327,99306
1590399,8286,305,99307
1590415,8321,16209,99308
1590431,8341,16234,99309
1590447,8351,16279,99310
1590463,8340,8446,99311
1590479,8142,384,99312
1590495,8453,302,99313
1590511,8320,65,99314
1590527,8303,16255,99315
1590543,8649,16289,99316
1590559,8378,16319,99317
1590575,8407,341,99318
1590591,8639,339,99319
1590607,8159,327,99320
1590623,8369,16283,99321
1590639,8370,16255,99322
1590655,8184,16226,99323
1590671,8394,296,99324
1590687,8384,404,99325
1590703,8213,350,99326
1590719,8439,16345,99327
1590735,8410,16328,99328
1590751,8421,16282,99329
1590767,8450,357,99330
1590783,8289,303,99331
1590799,8265,287,99332
1590815,8490,16344,99333
1590831,8273,16279,99334
1590847,8344,16265,99335
1590863,8339,8445,99336
1590879,8369,369,99337
1590895,8532,333,99338
1590911,8313,94,99339
1590927,8307,16244,99340
1590943,8344,16350,99341
1590959,8406,16362,99342
1590975,8381,319,99343
1590991,8410,323,99344
1591007,8287,354,99345
1591023,8472,16299,99346
1591039,8282,16217,99347
1591055,8321,16299,99348
1591071,8320,338,99349
1591087,8167,310,99350
1591103,8291,356,99351
1591119,8334,16268,99352
1591135,8369,16286,99353
1591151,8363,16265,99354
1591167,8427,386,99355
1591183,8270,323,99356
1591199,8447,293,99357
1591215,8377,16218,99358
1591231,8506,16295,99359
1591247,8440,16355,99360
1591263,8334,8459,99361
1591279,8513,362,99362
1591295,8163,364,99363
1591311,8215,93,99364
1591327,8306,16236,99365
1591343,8120,16239,99366
1591359,8271,16175,99367
1591375,8428,341,99368
1591391,8185,340,99369
1591407,8421,294,99370
1591423,8541,16276,99371
1591439,8431,16319,99372
1591455,8386,16256,99373
1591471,8376,387,99374
1591487,8239,299,99375
1591503,8512,360,99376
1591519,8277,16333,99377
1591535,8286,16293,99378
1591551,8420,16233,99379
1591567,8171,314,99380
1591583,8403,308,99381
1591599,8279,322,99382
1591615,8228,16279,99383
1591631,8511,16226,99384
1591647,8501,16243,99385
1591663,8418,8453,99386
1591679,8540,359,99387
1591695,8226,317,99388
1591711,8448,109,99389
1591727,8379,16240,99390
1591743,8141,16248,99391
1591759,8350,16280,99392
1591775,8316,319,99393
1591791,8221,356,99394
1591807,8499,360,99395
1591823,8358,16258,99396
1591839,8311,16225,99397
1591855,8594,16243,99398
1591871,8287,316,99399
1591887,8452,365,99400
1591903,8569,366,99401
1591919,8284,16293,99402
1591935,8473,16342,99403
1591951,8464,16298,99404
1591967,8187,337,99405
1591983,8397,295,99406
1591999,8380,323,99407
1592015,8106,16242,99408
1592031,8446,16229,99409
1592047,8262,16327,99410
1592063,8339,8460,99411
1592079,8493,346,99412
1592095,8260,384,99413
1592111,8453,135,99414
1592127,8297,16265,99415
1592143,8254,16226,99416
1592159,8385,16255,99417
1592175,8321,388,99418
1592191,8387,306,99419
1592207,8233,267,99420
1592223,8254,16252,99421
1592239,8274,16212,99422
1592255,8360,16260,99423
1592271,8330,305,99424
1592287,8342,313,99425
1592303,8276,315,99426
1592319,8379,16336,99427
1592335,8463,16280,99428
1592351,8336,16277,99429
1592367,8371,353,99430
1592383,8279,297,99431
1592399,8333,359,99432
1592415,8403,16273,99433
1592431,8295,16303,99434
1592447,8341,16280,99435
1592463,8464,8483,99436
1592479,8185,346,99437
1592495,8403,325,99438
1592511,8351,129,99439
1592527,8321,16299,99440
1592543,8506,16277,99441
1592559,8452,16218,99442
1592575,8310,289,99443
1592591,8499,304,99444
1592607,8262,346,99445
1592623,8344,16271,99446
1592639,8350,16208,99447
1592655,8141,16314,99448
1592671,8199,311,99449
1592687,8355,264,99450
1592703,8138,339,99451
1592719,8517,16317,99452
1592735,8378,16294,99453
1592751,8406,16304,99454
1592767,8476,298,99455
1592783,8435,322,99456
1592799,8402,329,99457
1592815,8558,16302,99458
1592831,8293,16282,99459
1592847,8221,16230,99460
1592863,8297,8442,99461
1592879,8074,307,99462
1592895,8500,356,99463
1592911,8365,75,99464
1592927,8202,16238,99465
1592943,8603,16311,99466
1592959,8398,16320,99467
1592975,8327,326,99468
1592991,8463,334,99469
1593007,8343,348,99470
1593023,8476,16290,99471
1593039,8420,16263,99472
1593055,8172,16285,99473
1593071,8417,345,99474
1593087,8320,379,99475
1593103,8120,357,99476
1593119,8404,16348,99477
1593135,8211,16331,99478
1593151,8300,16245,99479
1593167,8412,294,99480
1593183,8341,369,99481
1593199,8371,361,99482
1593215,8547,16350,99483
1593231,8320,16241,99484
1593247,8328,16261,99485
1593263,8412,8494,99486
1593279,8278,290,99487
1593295,8315,334,99488
1593311,8294,161,99489
1593327,8332,16227,99490
1593343,8327,16333,99491
1593359,8362,16281,99492
1593375,8282,298,99493
1593391,8419,318,99494
1593407,8261,280,99495
1593423,8355,16348,99496
1593439,8181,16255,99497
1593455,8534,16316,99498
1593471,8344,322,99499
1593487,8381,396,99500
1593503,8469,283,99501
1593519,8306,16266,99502
1593535,8275,16300,99503
1593551,8474,16260,99504
1593567,8291,340,99505
1593583,8328,308,99506
1593599,8280,357,99507
1593615,8252,16247,99508
1593631,8249,16322,99509
1593647,8454,16264,99510
1593663,8221,8503,99511
1593679,8502,299,99512
1593695,8232,353,99513
1593711,8342,142,99514
1593727,8518,16217,99515
1593743,8239,16333,99516
1593759,8245,16189,99517
1593775,8255,331,99518
1593791,8176,372,99519
1593807,8468,337,99520
1593823,8205,16224,99521
1593839,8064,16303,99522
1593855,8620,16307,99523
1593871,8346,355,99524
1593887,8341,321,99525
1593903,8645,323,99526
1593919,8356,16223,99527
1593935,8413,16300,99528
1593951,8456,16318,99529
1593967,8027,334,99530
1593983,8337,278,99531
1593999,8304,360,99532
1594015,8046,16251,99533
1594031,8463,16277,99534
1594047,8440,16301,99535
1594063,8158,8409,99536
1594079,8583,338,99537
1594095,8319,330,99538
1594111,8424,97,99539
1594127,8442,16280,99540
1594143,8294,16383,99541
1594159,8432,16299,99542
1594175,8372,338,99543
1594191,8148,287,99544
1594207,8332,324,99545
1594223,8367,16295,99546
1594239,8385,16255,99547
1594255,8533,16361,99548
1594271,8249,269,99549
1594287,8302,344,99550
1594303,8520,315,99551
1594319,8203,16309,99552
1594335,8408,16363,99553
1594351,8487,16268,99554
1594367,8250,381,99555
1594383,8519,399,99556
1594399,8395,319,99557
1594415,8263,16218,99558
1594431,8527,16354,99559
1594447,8304,16267,99560
1594463,8231,8394,99561
1594479,8419,336,99562
1594495,8259,322,99563
1594511,8246,51,99564
1594527,8415,16248,99565
1594543,8375,16275,99566
1594559,8433,16316,99567
1594575,8359,336,99568
1594591,8476,293,99569
1594607,8496,406,99570
1594623,8273,16302,99571
1594639,8577,16279,99572
1594655,8238,16282,99573
1594671,8274,313,99574
1594687,8376,329,99575
1594703,8095,296,99576
1594719,8357,16327,99577
1594735,8349,16309,99578
1594751,8217,16223,99579
1594767,8387,364,99580
1594783,8440,360,99581
1594799,8368,347,99582
1594815,8679,16191,99583
1594831,8380,16242,99584
1594847,8393,16209,99585
1594863,8553,8452,99586
1594879,8135,352,99587
1594895,8304,300,99588
1594911,8346,76,99589
1594927,8233,16272,99590
1594943,8471,16309,99591
1594959,8430,16302,99592
1594975,8310,283,99593
1594991,8570,321,99594
1595007,8315,273,99595
1595023,8419,16302,99596
1595039,8528,16234,99597
1595055,8122,16236,99598
1595071,8370,366,99599
1595087,8362,287,99600
1595103,8193,337,99601
1595119,8500,16328,99602
1595135,8300,16297,99603
1595151,8238,16268,99604
1595167,8414,350,99605
1595183,8239,346,99606
1595199,8368,315,99607
1595215,8587,16355,99608
1595231,8285,16268,99609
1595247,8352,16367,99610
1595263,8438,8425,99611
1595279,8241,393,99612
1595295,8411,313,99613
1595311,8324,151,99614
1595327,8204,16220,99615
1595343,8300,16214,99616
1595359,8241,16200,99617
1595375,8261,274,99618
1595391,8430,345,99619
1595407,8287,294,99620
1595423,8459,16257,99621
1595439,8407,16254,99622
1595455,8367,16345,99623
1595471,8499,395,99624
1595487,8263,374,99625
1595503,8456,376,99626
1595519,8364,16219,99627
1595535,8300,16251,99628
1595551,8410,16305,99629
1595567,8321,326,99630
1595583,8192,334,99631
1595599,8268,297,99632
1595615,8365,16258,99633
1595631,8348,16303,99634
1595647,8395,16278,99635
1595663,8367,8504,99636
1595679,8319,302,99637
1595695,8309,272,99638
1595711,8340,104,99639
1595727,8314,16214,99640
1595743,8248,16228,99641
1595759,8378,16287,99642
1595775,8381,313,99643
1595791,8078,318,99644
1595807,8275,345,99645
1595823,8378,16340,99646
1595839,8175,16356,99647
1595855,8480,16275,99648
1595871,8303,330,99649
1595887,8189,300,99650
1595903,8619,374,99651
1595919,8289,16261,99652
1595935,8292,16321,99653
1595951,8576,16318,99654
1595967,8087,291,99655
1595983,8379,327,99656
1595999,8376,358,99657
1596015,8180,16296,99658
1596031,8368,16241,99659
1596047,8348,16323,99660
1596063,8247,8474,99661
1596079,8527,386,99662
1596095,8499,316,99663
1596111,8321,119,99664
1596127,8554,16308,99665
1596143,8332,16282,99666
1596159,8392,16209,99667
1596175,8573,350,99668
1596191,8342,363,99669
1596207,8397,344,99670
1596223,8397,16330,99671
1596239,8291,16299,99672
1596255,8477,16285,99673
1596271,8190,333,99674
1596287,8304,350,99675
1596303,8505,335,99676
1596319,8400,16211,99677
1596335,8421,16273,99678
1596351,8379,16223,99679
1596367,8220,373,99680
1596383,8500,330,99681
1596399,8370,318,99682
1596415,8191,16253,99683
1596431,8442,16304,99684
1596447,8305,16312,99685
1596463,8217,8412,99686
1596479,8456,345,99687
1596495,8291,328,99688
1596511,8262,149,99689
1596527,8459,16295,99690
1596543,8273,16236,99691
1596559,8335,16294,99692
1596575,8415,381,99693
1596591,8340,302,99694
1596607,8493,363,99695
1596623,8456,16348,99696
1596639,8483,16293,99697
1596655,8396,16290,99698
1596671,8257,342,99699
1596687,8502,342,99700
1596703,8303,348,99701
1596719,8304,16297,99702
1596735,8449,16259,99703
1596751,8352,16268,99704
1596767,8303,377,99705
1596783,8425,344,99706
1596799,8221,287,99707
1596815,8463,16248,99708
1596831,8475,16289,99709
1596847,8321,16258,99710
1596863,8476,8459,99711
1596879,8270,344,99712
1596895,8407,422,99713
1596911,8390,92,99714
1596927,8354,16340,99715
1596943,8412,16268,99716
1596959,8435,16237,99717
1596975,8241,314,99718
1596991,8418,298,99719
1597007,8255,314,99720
1597023,8431,16244,99721
1597039,8473,16322,99722
1597055,8259,16298,99723
1597071,8444,311,99724
1597087,8510,306,99725
1597103,8056,362,99726
1597119,8313,16300,99727
1597135,8300,16242,99728
1597151,8105,16287,99729
1597167,8444,341,99730
1597183,8221,316,99731
1597199,8338,359,99732
1597215,8655,16308,99733
1597231,8288,16239,99734
1597247,8323,16306,99735
1597263,8536,8445,99736
1597279,8288,335,99737
1597295,8402,312,99738
1597311,8489,121,99739
1597327,8156,16260,99740
1597343,8366,16316,99741
1597359,8379,16360,99742
1597375,8187,294,99743
1597391,8418,312,99744
1597407,8319,384,99745
1597423,8356,16307,99746
1597439,8437,16244,99747
1597455,8210,16236,99748
1597471,8462,341,99749
1597487,8389,398,99750
1597503,8381,373,99751
1597519,8350,16251,99752
1597535,8297,16231,99753
1597551,8320,16290,99754
1597567,8276,310,99755
1597583,8312,366,99756
1597599,8434,353,99757
1597615,8458,16256,99758
1597631,8349,16268,99759
1597647,8264,16223,99760
1597663,8413,8478,99761
1597679,8245,272,99762
1597695,8300,277,99763
1597711,8305,105,99764
1597727,8435,16275,99765
1597743,8435,16257,99766
1597759,8320,16254,99767
1597775,8333,363,99768
1597791,8225,264,99769
1597807,8276,306,99770
1597823,8398,16250,99771
1597839,8127,16281,99772
1597855,8267,16243,99773
1597871,8241,306,99774
1597887,8244,366,99775
1597903,8360,339,99776
1597919,8379,16221,99777
1597935,8206,16173,99778
1597951,8554,16299,99779
1597967,8189,306,99780
1597983,8379,356,99781
1597999,8539,359,99782
1598015,8340,16250,99783
1598031,8397,16303,99784
1598047,8420,16311,99785
1598063,8209,8448,99786
1598079,8316,278,99787
1598095,8247,267,99788
1598111,8163,105,99789
1598127,8546,16288,99790
1598143,8384,16282,99791
1598159,8447,16313,99792
1598175,8576,299,99793
1598191,8224,347,99794
1598207,8379,279,99795
1598223,8307,16234,99796
1598239,8192,16199,99797
1598255,8473,16279,99798
1598271,8301,334,99799
1598287,8204,310,99800
1598303,8443,339,99801
1598319,8308,16291,99802
1598335,8382,16325,99803
1598351,8603,16285,99804
1598367,8294,368,99805
1598383,8469,326,99806
1598399,8519,332,99807
1598415,8139,16318,99808
1598431,8397,16330,99809
1598447,8383,16267,99810
1598463,8220,8453,99811
1598479,8341,274,99812
1598495,8364,347,99813
1598511,8137,16,99814
1598527,8387,16295,99815
1598543,8238,16243,99816
1598559,8380,16260,99817
1598575,8447,357,99818
1598591,8383,377,99819
1598607,8438,306,99820
1598623,8499,16234,99821
1598639,8361,16268,99822
1598655,8423,16235,99823
1598671,8311,344,99824
1598687,8379,346,99825
1598703,8356,342,99826
1598719,8170,16198,99827
1598735,8347,16240,99828
1598751,8351,16271,99829
1598767,8241,306,99830
1598783,8490,375,99831
1598799,8242,345,99832
1598815,8461,16295,99833
1598831,8460,16234,99834
1598847,8379,16210,99835
1598863,8424,8443,99836
1598879,8334,337,99837
1598895,8328,354,99838
1598911,8479,98,99839
1598927,8267,16178,99840
1598943,8286,16284,99841
1598959,8426,16277,99842
1598975,8211,359,99843
1598991,8369,344,99844
1599007,8408,339,99845
1599023,8326,16254,99846
1599039,8510,16233,99847
1599055,8325,16295,99848
1599071,8455,370,99849
1599087,8580,347,99850
1599103,8290,349,99851
1599119,8409,16269,99852
1599135,8460,16317,99853
1599151,8153,16249,99854
1599167,8340,346,99855
1599183,8349,380,99856
1599199,8151,314,99857
1599215,8448,16277,99858
1599231,8316,16335,99859
1599247,8342,16259,99860
1599263,8759,8500,99861
1599279,8423,323,99862
1599295,8283,373,99863
1599311,8475,120,99864
1599327,8231,16303,99865
1599343,8321,16323,99866
1599359,8453,16329,99867
1599375,8150,375,99868
1599391,8376,321,99869
1599407,8193,277,99870
1599423,8266,16328,99871
1599439,8507,16317,99872
1599455,8365,16275,99873
1599471,8336,323,99874
1599487,8411,325,99875
1599503,8192,298,99876
1599519,8440,16323,99877
1599535,8490,16311,99878
1599551,8144,16275,99879
1599567,8321,314,99880
1599583,8285,329,99881
1599599,8256,346,99882
1599615,8468,16267,99883
1599631,8305,16285,99884
1599647,8383,16321,99885
1599663,8500,8502,99886
1599679,8278,315,99887
1599695,8367,285,99888
1599711,8563,119,99889
1599727,8332,16276,99890
1599743,8408,16285,99891
1599759,8409,16248,99892
1599775,8393,350,99893
1599791,8459,386,99894
1599807,8299,311,99895
1599823,8255,16347,99896
1599839,8226,16265,99897
1599855,8187,16296,99898
1599871,8166,285,99899
1599887,8227,343,99900
1599903,8349,348,99901
1599919,8400,16307,99902
1599935,8379,16266,99903
1599951,8539,16308,99904
1599967,8336,339,99905
1599983,8403,304,99906
1599999,8508,337,99907
1600015,8314,16228,99908
1600031,8265,16296,99909
1600047,8540,16290,99910
1600063,8255,8482,99911
1600079,8186,297,99912
1600095,8363,305,99913
1600111,8105,91,99914
1600127,8378,16286,99915
1600143,8371,16291,99916
1600159,8240,16252,99917
1600175,8445,323,99918
1600191,8313,283,99919
1600207,8435,305,99920
1600223,8512,16264,99921
1600239,8305,16314,99922
1600255,8427,16234,99923
1600271,8332,287,99924
1600287,8061,349,99925
1600303,8577,323,99926
1600319,8358,16216,99927
1600335,8289,16289,99928
1600351,8525,16261,99929
1600367,8372,314,99930
1600383,8541,375,99931
1600399,8533,311,99932
1600415,8357,16284,99933
1600431,8384,16222,99934
1600447,8456,16249,99935
1600463,8089,8463,99936
1600479,8305,307,99937
1600495,8255,320,99938
1600511,8192,142,99939
1600527,8516,16239,99940
1600543,8372,16299,99941
1600559,8232,16191,99942
1600575,8467,364,99943
1600591,8357,363,99944
1600607,8449,333,99945
1600623,8390,16265,99946
1600639,8312,16231,99947
1600655,8395,16211,99948
1600671,8401,378,99949
1600687,8277,383,99950
1600703,8297,314,99951
1600719,8328,16216,99952
1600735,8219,16271,99953
1600751,8456,16351,99954
1600767,8207,382,99955
1600783,8421,341,99956
1600799,8408,329,99957
1600815,8243,16267,99958
1600831,8543,16323,99959
1600847,8467,16270,99960
1600863,8276,8406,99961
1600879,8383,394,99962
1600895,8317,341,99963
1600911,8302,107,99964
1600927,8443,16299,99965
1600943,8347,16340,99966
1600959,8417,16245,99967
1600975,8244,335,99968
1600991,8373,369,99969
1601007,8235,337,99970
1601023,8406,16315,99971
1601039,8491,16336,99972
1601055,8465,16258,99973
1601071,8500,382,99974
1601087,8627,327,99975
1601103,8338,278,99976
1601119,8364,16233,99977
1601135,8419,16257,99978
1601151,8245,16337,99979
1601167,8184,282,99980
1601183,8318,336,99981
1601199,8139,360,99982
1601215,8210,16268,99983
1601231,8240,16258,99984
1601247,8165,16258,99985
1601263,8621,8446,99986
1601279,8400,329,99987
1601295,8307,366,99988
1601311,8535,114,99989
1601327,8414,16288,99990
1601343,8243,16236,99991
1601359,8377,16251,99992
1601375,8153,303,99993
1601391,8376,307,99994
1601407,8224,284,99995
1601423,8161,16264,99996
1601439,8387,16284,99997
1601455,8262,16223,99998
1601471,8236,303,99999
1601487,8581,349,100000
1601503,8384,398,100001
1601519,8346,16186,100002
1601535,8498,16313,100003
1601551,8229,16310,100004
1601567,8417,370,100005
1601583,8374,384,100006
1601599,8102,365,100007
1601615,8525,16331,100008
1601631,8441,16253,100009
1601647,8245,16215,100010
1601663,8685,8497,100011
1601679,8380,385,100012
1601695,8252,344,100013
1601711,8527,111,100014
1601727,8165,16230,100015
1601743,8379,16273,100016
1601759,8459,16282,100017
1601775,8138,359,100018
1601791,8461,318,100019
1601807,8259,317,100020
1601823,8342,16195,100021
1601839,8577,16281,100022
1601855,8268,16255,100023
1601871,8261,310,100024
1601887,8371,344,100025
1601903,8389,372,100026
1601919,8408,16235,100027
1601935,8248,16245,100028
1601951,8304,16208,100029
1601967,8388,303,100030
1601983,8286,332,100031
1601999,8262,334,100032
1602015,8280,16330,100033
1602031,8269,16293,100034
1602047,8517,16356,100035
1602063,8298,8415,100036
1602079,8241,334,100037
1602095,8367,295,100038
1602111,8402,139,100039
1602127,8317,16250,100040
1602143,8503,16249,100041
1602159,8464,16212,100042
1602175,8452,329,100043
1602191,8457,308,100044
1602207,8231,363,100045
1602223,8317,16270,100046
1602239,8302,16268,100047
1602255,8274,16316,100048
1602271,8432,337,100049
1602287,8214,345,100050
1602303,8309,310,100051
1602319,8274,16184,100052
1602335,8150,16228,100053
1602351,8514,16285,100054
1602367,8279,385,100055
1602383,8325,310,100056
1602399,8632,348,100057
1602415,8361,16249,100058
1602431,8445,16204,100059
1602447,8532,16236,100060
1602463,8181,8442,100061
1602479,8356,376,100062
1602495,8377,368,100063
1602511,8021,262,100064
1602527,8500,16301,100065
1602543,8216,16269,100066
1602559,8226,16236,100067
1602575,8458,273,100068
1602591,8135,353,100069
1602607,8328,337,100070
1602623,8509,16271,100071
1602639,8285,16259,100072
1602655,8477,16227,100073
1602671,8499,323,100074
1602687,8188,378,100075
1602703,8447,378,100076
1602719,8375,16343,100077
1602735,8198,16302,100078
1602751,8441,16234,100079
1602767,8145,352,100080
1602783,8226,235,100081
1602799,8471,340,100082
1602815,8312,16313,100083
1602831,8618,16230,100084
1602847,8334,16232,100085
1602863,8285,8450,100086
1602879,8498,275,100087
1602895,8384,397,100088
1602911,8273,105,100089
1602927,8349,16383,100090
1602943,8344,16328,100091
1602959,8241,16184,100092
1602975,8546,327,100093
1602991,8222,319,100094
1603007,8331,328,100095
1603023,8453,16267,100096
1603039,8308,16211,100097
1603055,8295,16231,100098
1603071,8364,340,100099
1603087,8488,356,100100
1603103,8430,333,100101
1603119,8450,16369,100102
1603135,8343,16200,100103
1603151,8339,16309,100104
1603167,8167,325,100105
1603183,8401,327,100106
1603199,8197,278,100107
1603215,8352,16284,100108
1603231,8553,16270,100109
1603247,8283,16339,100110
1603263,8415,8431,100111
1603279,8337,318,100112
1603295,8222,314,100113
1603311,8460,100,100114
1603327,8463,16316,100115
1603343,8387,16377,100116
1603359,8483,16206,100117
1603375,8215,279,100118
1603391,8354,277,100119
1603407,8332,297,100120
1603423,8257,16290,100121
1603439,8538,16334,100122
1603455,8400,16266,100123
1603471,8121,269,100124
1603487,8464,347,100125
1603503,8271,300,100126
1603519,8383,16311,100127
1603535,8599,16336,100128
1603551,8265,16264,100129
1603567,8510,357,100130
1603583,8536,375,100131
1603599,8182,318,100132
1603615,8381,16281,100133
1603631,8328,16320,100134
1603647,8072,16327,100135
1603663,8458,8398,100136
1603679,8170,330,100137
1603695,8304,324,100138
1603711,8505,96,100139
1603727,8303,16307,100140
1603743,8488,16335,100141
1603759,8491,16303,100142
1603775,8107,299,100143
1603791,8331,345,100144
1603807,8378,307,100145
1603823,8291,16287,100146
1603839,8432,16320,100147
1603855,8331,16213,100148
1603871,8221,379,100149
1603887,8584,372,100150
1603903,8300,404,100151
1603919,8336,16265,100152
1603935,8400,16357,100153
1603951,8200,16218,100154
1603967,8307,318,100155
1603983,8226,308,100156
1603999,8153,305,100157
1604015,8426,16334,100158
