Tiempo_us,ADC_IN_A2,ADC_OUT_A3,Muestra
4344671,8194,15216,271449
4344687,8440,14722,271450
4344703,8099,14105,271451
4344719,8071,13595,271452
4344735,8224,12948,271453
4344751,8272,12288,271454
4344767,8178,11540,271455
4344783,8152,10726,271456
4344799,8150,9961,271457
4344815,8349,9273,271458
4344831,8207,8230,271459
4344847,8375,7419,271460
4344863,8341,6643,271461
4344879,8111,5818,271462
4344895,8160,5041,271463
4344911,8117,4300,271464
4344927,8099,3672,271465
4344943,8271,3022,271466
4344959,8202,2393,271467
4344975,8227,1866,271468
4344991,8349,1251,271469
4345007,8072,829,271470
4345023,8325,535,271471
4345039,8447,345,271472
4345055,8106,328,271473
4345071,8191,291,271474
4345087,8374,327,271475
4345103,7977,334,271476
4345119,8152,270,271477
4345135,8199,368,271478
4345151,8077,734,271479
4345167,8437,1162,271480
4345183,8349,1588,271481
4345199,8059,2075,271482
4345215,8530,2687,271483
4345231,8338,3333,271484
4345247,8127,3974,271485
4345263,8292,4710,271486
4345279,8171,5428,271487
4345295,8169,6183,271488
4345311,8352,6993,271489
4345327,7999,7987,271490
4345343,8260,8847,271491
4345359,8174,9581,271492
4345375,8158,10351,271493
4345391,8166,11156,271494
4345407,8266,11954,271495
4345423,8234,12605,271496
4345439,8329,13315,271497
4345455,8208,13868,271498
4345471,8374,14479,271499
4345487,8375,15119,271500
4345503,8085,15527,271501
4345519,8339,15891,271502
4345535,8197,16127,271503
4345551,8203,16224,271504
4345567,8268,16294,271505
4345583,8341,16219,271506
4345599,8234,16333,271507
4345615,8161,16276,271508
4345631,8225,16102,271509
4345647,8189,15795,271510
4345663,8268,15359,271511
4345679,8315,14985,271512
4345695,8374,14454,271513
4345711,8215,13921,271514
4345727,8331,13344,271515
4345743,8231,12581,271516
4345759,8173,11928,271517
4345775,8230,11150,271518
4345791,8319,10446,271519
4345807,8249,9576,271520
4345823,8221,8609,271521
4345839,8137,7805,271522
4345855,8157,7007,271523
4345871,8292,6165,271524
4345887,8249,5475,271525
4345903,8367,4744,271526
4345919,8439,3998,271527
4345935,8252,3316,271528
4345951,8475,2682,271529
4345967,8265,2149,271530
4345983,8161,1497,271531
4345999,8340,1060,271532
4346015,7980,678,271533
4346031,8156,318,271534
4346047,8260,360,271535
4346063,8040,350,271536
4346079,8449,338,271537
4346095,8341,337,271538
4346111,7957,271,271539
4346127,8435,306,271540
4346143,8239,503,271541
4346159,8181,925,271542
4346175,8388,1355,271543
4346191,8127,1815,271544
4346207,8324,2363,271545
4346223,8343,3054,271546
4346239,7950,3843,271547
4346255,8383,4354,271548
4346271,8050,5061,271549
4346287,8079,5772,271550
4346303,8426,6590,271551
4346319,8260,7648,271552
4346335,8321,8442,271553
4346351,8448,9184,271554
4346367,8087,10020,271555
4346383,8175,10782,271556
4346399,8292,11502,271557
4346415,8111,12353,271558
4346431,8288,12979,271559
4346447,8259,13658,271560
4346463,8092,14169,271561
4346479,8324,14711,271562
4346495,8085,15281,271563
4346511,8100,15605,271564
4346527,8293,16013,271565
4346543,8121,16147,271566
4346559,8426,16248,271567
4346575,8294,16232,271568
4346591,8298,16336,271569
4346607,8491,16329,271570
4346623,8124,16274,271571
4346639,8117,16014,271572
4346655,8281,15615,271573
4346671,8040,15113,271574
4346687,8258,14688,271575
4346703,8288,14192,271576
4346719,8167,13640,271577
4346735,8238,12977,271578
4346751,8325,12336,271579
4346767,8143,11552,271580
4346783,8157,10799,271581
4346799,8200,10033,271582
4346815,8255,9141,271583
4346831,8304,8229,271584
4346847,8214,7374,271585
4346863,8340,6581,271586
4346879,8263,5852,271587
4346895,8191,5040,271588
4346911,8288,4357,271589
4346927,8076,3659,271590
4346943,8127,2961,271591
4346959,8194,2356,271592
4346975,8005,1829,271593
4346991,8168,1216,271594
4347007,8189,813,271595
4347023,8089,477,271596
4347039,8335,350,271597
4347055,8305,369,271598
4347071,8144,278,271599
4347087,8323,316,271600
4347103,8108,345,271601
4347119,8236,311,271602
4347135,8213,374,271603
4347151,8020,744,271604
4347167,8182,1111,271605
4347183,8253,1579,271606
4347199,8203,2114,271607
4347215,8350,2695,271608
4347231,8150,3287,271609
4347247,8200,3977,271610
4347263,8370,4703,271611
4347279,8184,5427,271612
4347295,8111,6200,271613
4347311,8286,6985,271614
4347327,8205,8057,271615
4347343,8319,8844,271616
4347359,8255,9679,271617
4347375,8066,10390,271618
4347391,8159,11171,271619
4347407,8315,11965,271620
4347423,8209,12666,271621
4347439,8373,13301,271622
4347455,8081,13871,271623
4347471,8244,14443,271624
4347487,8325,15019,271625
4347503,8106,15458,271626
4347519,8384,15828,271627
4347535,8349,16139,271628
4347551,8171,16275,271629
4347567,8276,16234,271630
4347583,8251,16227,271631
4347599,8187,16295,271632
4347615,8213,16296,271633
4347631,8233,16099,271634
4347647,8099,15786,271635
4347663,8365,15433,271636
4347679,8250,14973,271637
4347695,8283,14472,271638
4347711,8199,13897,271639
4347727,8246,13264,271640
4347743,8229,12633,271641
4347759,8349,11912,271642
4347775,8183,11144,271643
4347791,8333,10458,271644
4347807,8285,9645,271645
4347823,8272,8583,271646
4347839,8230,7843,271647
4347855,8175,6981,271648
4347871,8293,6196,271649
4347887,8327,5474,271650
4347903,8277,4711,271651
4347919,8337,3996,271652
4347935,8163,3264,271653
4347951,8473,2734,271654
4347967,8408,2166,271655
4347983,8186,1465,271656
4347999,8297,1074,271657
4348015,8248,705,271658
4348031,8144,386,271659
4348047,8312,257,271660
4348063,8047,366,271661
4348079,8174,286,271662
4348095,8170,263,271663
4348111,8195,357,271664
4348127,8286,273,271665
4348143,8181,492,271666
4348159,8225,936,271667
4348175,8494,1388,271668
4348191,8315,1852,271669
4348207,8244,2367,271670
4348223,8418,3031,271671
4348239,8063,3679,271672
4348255,8289,4324,271673
4348271,8294,5062,271674
4348287,8009,5801,271675
4348303,8437,6618,271676
4348319,8012,7600,271677
4348335,8106,8405,271678
4348351,8405,9240,271679
4348367,8198,9971,271680
4348383,8168,10777,271681
4348399,8578,11610,271682
4348415,8101,12259,271683
4348431,8170,12902,271684
4348447,8301,13613,271685
4348463,7991,14162,271686
4348479,8211,14674,271687
4348495,8236,15322,271688
4348511,7993,15636,271689
4348527,8179,15966,271690
4348543,8258,16212,271691
4348559,8215,16257,271692
4348575,8256,16282,271693
4348591,8284,16294,271694
4348607,8368,16335,271695
4348623,8306,16289,271696
4348639,8209,15959,271697
4348655,8242,15533,271698
4348671,8262,15178,271699
4348687,8184,14730,271700
4348703,8274,14186,271701
4348719,8256,13608,271702
4348735,8105,12950,271703
4348751,8288,12251,271704
4348767,8102,11506,271705
4348783,8210,10745,271706
4348799,8388,10058,271707
4348815,8220,9093,271708
4348831,8295,8257,271709
4348847,8380,7424,271710
4348863,8322,6620,271711
4348879,8289,5874,271712
4348895,8275,5081,271713
4348911,8164,4291,271714
4348927,8261,3673,271715
4348943,8241,3000,271716
4348959,8167,2377,271717
4348975,8145,1808,271718
4348991,8265,1264,271719
4349007,8281,852,271720
4349023,8161,479,271721
4349039,8344,314,271722
4349055,8353,342,271723
4349071,8181,362,271724
4349087,8345,342,271725
4349103,8191,338,271726
4349119,8221,358,271727
4349135,8279,348,271728
4349151,7994,727,271729
4349167,8211,1203,271730
4349183,8222,1598,271731
4349199,7964,2049,271732
4349215,8326,2689,271733
4349231,8179,3297,271734
4349247,8166,4008,271735
4349263,8297,4695,271736
4349279,8192,5383,271737
4349295,8278,6197,271738
4349311,8418,7007,271739
4349327,8150,8067,271740
4349343,8227,8811,271741
4349359,8324,9666,271742
4349375,8031,10398,271743
4349391,8146,11169,271744
4349407,8333,11911,271745
4349423,8077,12633,271746
4349439,8340,13236,271747
4349455,8129,13848,271748
4349471,8192,14465,271749
4349487,8517,15000,271750
4349503,8175,15486,271751
4349519,8318,15821,271752
4349535,8398,16099,271753
4349551,8128,16317,271754
4349567,8358,16298,271755
4349583,8377,16251,271756
4349599,7981,16314,271757
4349615,8266,16359,271758
4349631,8277,16068,271759
4349647,8171,15785,271760
4349663,8363,15335,271761
4349679,8195,15014,271762
4349695,8247,14445,271763
4349711,8493,13931,271764
4349727,8213,13251,271765
4349743,8296,12565,271766
4349759,8321,11889,271767
4349775,8220,11125,271768
4349791,8217,10393,271769
4349807,8380,9648,271770
4349823,8191,8606,271771
4349839,8215,7838,271772
4349855,8156,6968,271773
4349871,8224,6242,271774
4349887,8180,5423,271775
4349903,8178,4688,271776
4349919,8453,4019,271777
4349935,8411,3304,271778
4349951,8268,2729,271779
4349967,8420,2120,271780
4349983,8189,1494,271781
4349999,8221,976,271782
4350015,8318,651,271783
4350031,8216,415,271784
4350047,8238,342,271785
4350063,8094,372,271786
4350079,8112,307,271787
4350095,8253,313,271788
4350111,8079,354,271789
4350127,8165,300,271790
4350143,8193,473,271791
4350159,8245,926,271792
4350175,8307,1395,271793
4350191,8303,1839,271794
4350207,8173,2401,271795
4350223,8234,2985,271796
4350239,8114,3588,271797
4350255,8189,4319,271798
4350271,8309,5072,271799
4350287,7963,5816,271800
4350303,8140,6581,271801
4350319,8322,7565,271802
4350335,7997,8431,271803
4350351,8415,9258,271804
4350367,8299,9976,271805
4350383,8089,10820,271806
4350399,8471,11508,271807
4350415,8248,12272,271808
4350431,8277,13012,271809
4350447,8330,13550,271810
4350463,8041,14200,271811
4350479,8231,14664,271812
4350495,8192,15281,271813
4350511,7896,15635,271814
4350527,8300,15991,271815
4350543,8117,16189,271816
4350559,8010,16277,271817
4350575,8354,16326,271818
4350591,8122,16250,271819
4350607,8207,16251,271820
4350623,8449,16219,271821
4350639,8303,16056,271822
4350655,8283,15556,271823
4350671,8367,15206,271824
4350687,8068,14673,271825
4350703,8339,14141,271826
4350719,8113,13575,271827
4350735,8111,12937,271828
4350751,8220,12275,271829
4350767,8077,11531,271830
4350783,8129,10752,271831
4350799,8409,10080,271832
4350815,8180,9125,271833
4350831,8265,8211,271834
4350847,8287,7354,271835
4350863,8282,6598,271836
4350879,8234,5820,271837
4350895,8263,5042,271838
4350911,8208,4333,271839
4350927,8322,3673,271840
4350943,8267,2954,271841
4350959,8173,2399,271842
4350975,8146,1865,271843
4350991,8240,1291,271844
4351007,8221,908,271845
4351023,8294,579,271846
4351039,8180,303,271847
4351055,8252,363,271848
4351071,8187,304,271849
4351087,8333,342,271850
4351103,8297,305,271851
4351119,8164,305,271852
4351135,8297,448,271853
4351151,8156,731,271854
4351167,8240,1188,271855
4351183,8198,1599,271856
4351199,8204,2141,271857
4351215,8126,2684,271858
4351231,8102,3257,271859
4351247,8306,4014,271860
4351263,8268,4695,271861
4351279,8105,5474,271862
4351295,8429,6225,271863
4351311,8387,7026,271864
4351327,8256,8017,271865
4351343,8266,8773,271866
4351359,8192,9630,271867
4351375,8149,10450,271868
4351391,8167,11139,271869
4351407,8145,11877,271870
4351423,8034,12599,271871
4351439,8170,13303,271872
4351455,8221,13885,271873
4351471,8112,14399,271874
4351487,8509,15110,271875
4351503,8233,15496,271876
4351519,8180,15750,271877
4351535,8507,16100,271878
4351551,8222,16298,271879
4351567,8204,16264,271880
4351583,8271,16259,271881
4351599,8103,16239,271882
4351615,8299,16266,271883
4351631,8133,16075,271884
4351647,8077,15836,271885
4351663,8302,15364,271886
4351679,8185,14957,271887
4351695,8253,14476,271888
4351711,8304,13858,271889
4351727,8232,13252,271890
4351743,8405,12619,271891
4351759,8347,11968,271892
4351775,8288,11215,271893
4351791,8241,10405,271894
4351807,8261,9650,271895
4351823,8115,8579,271896
4351839,8223,7814,271897
4351855,8056,7034,271898
4351871,8167,6217,271899
4351887,8424,5474,271900
4351903,7993,4717,271901
4351919,8349,4005,271902
4351935,8417,3296,271903
4351951,7962,2589,271904
4351967,8333,2133,271905
4351983,8181,1483,271906
4351999,7987,1065,271907
4352015,8496,736,271908
4352031,8150,419,271909
4352047,7992,282,271910
4352063,8465,309,271911
4352079,8069,266,271912
4352095,8346,303,271913
4352111,8296,365,271914
4352127,8249,345,271915
4352143,8337,517,271916
4352159,8183,950,271917
4352175,8213,1385,271918
4352191,8321,1850,271919
4352207,8242,2377,271920
4352223,8146,2981,271921
4352239,8301,3641,271922
4352255,8038,4336,271923
4352271,8243,5077,271924
4352287,8086,5813,271925
4352303,8133,6553,271926
4352319,8165,7539,271927
4352335,7949,8411,271928
4352351,8177,9271,271929
4352367,8272,10036,271930
4352383,8091,10738,271931
4352399,8306,11562,271932
4352415,8420,12293,271933
4352431,8018,12918,271934
4352447,8433,13575,271935
4352463,8218,14216,271936
4352479,8181,14735,271937
4352495,8312,15237,271938
4352511,8006,15666,271939
4352527,8154,15981,271940
4352543,8211,16175,271941
4352559,8007,16347,271942
4352575,8295,16302,271943
4352591,8293,16286,271944
4352607,8216,16296,271945
4352623,8500,16294,271946
4352639,8211,15974,271947
4352655,8244,15591,271948
4352671,8367,15224,271949
4352687,8066,14708,271950
4352703,8268,14172,271951
4352719,8224,13620,271952
4352735,8137,12981,271953
4352751,8190,12204,271954
4352767,8072,11562,271955
4352783,8054,10786,271956
4352799,8343,9992,271957
4352815,8128,9209,271958
4352831,8141,8190,271959
4352847,8439,7371,271960
4352863,7947,6631,271961
4352879,8257,5853,271962
4352895,8248,5023,271963
4352911,8104,4330,271964
4352927,8372,3670,271965
4352943,8071,2983,271966
4352959,7977,2405,271967
4352975,8290,1803,271968
4352991,8130,1211,271969
4353007,8185,735,271970
4353023,8281,493,271971
4353039,8124,333,271972
4353055,8365,386,271973
4353071,8279,319,271974
4353087,8143,341,271975
4353103,8355,364,271976
4353119,8196,381,271977
4353135,8114,388,271978
4353151,8355,784,271979
4353167,8160,1154,271980
4353183,7970,1599,271981
4353199,8191,2116,271982
4353215,8135,2683,271983
4353231,8108,3281,271984
4353247,8274,3974,271985
4353263,8225,4655,271986
4353279,8222,5438,271987
4353295,8369,6252,271988
4353311,8059,7001,271989
4353327,8259,7994,271990
4353343,8212,8805,271991
4353359,8272,9575,271992
4353375,8234,10423,271993
4353391,8258,11196,271994
4353407,8389,11920,271995
4353423,8180,12606,271996
4353439,8295,13256,271997
4353455,8157,13869,271998
4353471,8069,14445,271999
4353487,8371,15098,272000
4353503,8224,15491,272001
4353519,8250,15802,272002
4353535,8459,16132,272003
4353551,8199,16314,272004
4353567,8338,16277,272005
4353583,8399,16276,272006
4353599,7867,16264,272007
4353615,8354,16287,272008
4353631,8357,16062,272009
4353647,7951,15806,272010
4353663,8284,15400,272011
4353679,8224,14926,272012
4353695,8160,14469,272013
4353711,8465,13953,272014
4353727,8290,13314,272015
4353743,8175,12587,272016
4353759,8818,11999,272017
4353775,8274,11133,272018
4353791,8341,10442,272019
4353807,8250,9606,272020
4353823,8053,8622,272021
4353839,8358,7810,272022
4353855,8149,6990,272023
4353871,7964,6217,272024
4353887,8387,5469,272025
4353903,8131,4688,272026
4353919,8222,3946,272027
4353935,8493,3276,272028
4353951,8068,2691,272029
4353967,8309,2099,272030
4353983,8447,1514,272031
4353999,8061,1009,272032
4354015,8373,704,272033
4354031,8317,441,272034
4354047,8033,342,272035
4354063,8293,281,272036
4354079,8230,345,272037
4354095,8026,331,272038
4354111,8318,358,272039
4354127,8177,351,272040
4354143,8235,511,272041
4354159,8357,981,272042
4354175,8273,1337,272043
4354191,8363,1881,272044
4354207,8371,2437,272045
4354223,8128,2994,272046
4354239,8182,3607,272047
4354255,8236,4329,272048
4354271,8226,5034,272049
4354287,8281,5850,272050
4354303,8231,6606,272051
4354319,8156,7554,272052
4354335,8323,8455,272053
4354351,8132,9406,272054
4354367,8255,9993,272055
4354383,8262,10806,272056
4354399,8141,11566,272057
4354415,8203,12241,272058
4354431,8236,13015,272059
4354447,8321,13624,272060
4354463,8362,14200,272061
4354479,8245,14693,272062
4354495,8303,15261,272063
4354511,8313,15667,272064
4354527,8119,16003,272065
4354543,8185,16181,272066
4354559,8129,16247,272067
4354575,8238,16220,272068
4354591,8234,16268,272069
4354607,8281,16230,272070
4354623,8269,16204,272071
4354639,8186,15965,272072
4354655,8366,15546,272073
4354671,8412,15167,272074
4354687,8225,14688,272075
4354703,8293,14208,272076
4354719,8361,13617,272077
4354735,8075,12914,272078
4354751,8277,12252,272079
4354767,8162,11577,272080
4354783,8104,10782,272081
4354799,8372,10008,272082
4354815,8262,9148,272083
4354831,8231,8177,272084
4354847,8395,7401,272085
4354863,8159,6602,272086
4354879,8299,5797,272087
4354895,8522,5098,272088
4354911,8156,4292,272089
4354927,8312,3663,272090
4354943,8227,2965,272091
4354959,8003,2355,272092
4354975,8186,1808,272093
4354991,8230,1243,272094
4355007,8179,873,272095
4355023,8185,504,272096
4355039,8161,303,272097
4355055,8286,355,272098
4355071,8358,358,272099
4355087,8138,311,272100
4355103,8237,303,272101
4355119,8311,343,272102
4355135,8091,355,272103
4355151,8065,711,272104
4355167,8244,1171,272105
4355183,8109,1596,272106
4355199,8173,2064,272107
4355215,8139,2707,272108
4355231,8247,3303,272109
4355247,8240,3974,272110
4355263,7962,4693,272111
4355279,8188,5401,272112
4355295,8262,6213,272113
4355311,8224,7040,272114
4355327,8306,8032,272115
4355343,8126,8835,272116
4355359,8176,9572,272117
4355375,8396,10453,272118
4355391,8118,11141,272119
4355407,8230,11942,272120
4355423,8141,12664,272121
4355439,8033,13299,272122
4355455,8347,13926,272123
4355471,8145,14426,272124
4355487,8279,15067,272125
4355503,8281,15505,272126
4355519,8147,15816,272127
4355535,8339,16126,272128
4355551,8564,16287,272129
4355567,8110,16303,272130
4355583,8298,16297,272131
4355599,8203,16269,272132
4355615,8274,16208,272133
4355631,8315,16073,272134
4355647,8109,15856,272135
4355663,8233,15358,272136
4355679,8329,14949,272137
4355695,8120,14501,272138
4355711,8271,13909,272139
4355727,8396,13252,272140
4355743,8017,12613,272141
4355759,8398,11967,272142
4355775,8312,11129,272143
4355791,8135,10409,272144
4355807,8349,9637,272145
4355823,8030,8584,272146
4355839,8243,7823,272147
4355855,8310,7034,272148
4355871,8022,6237,272149
4355887,8260,5440,272150
4355903,8190,4726,272151
4355919,8106,3998,272152
4355935,8446,3255,272153
4355951,8116,2713,272154
4355967,8281,2181,272155
4355983,8417,1493,272156
4355999,8081,1064,272157
4356015,8393,695,272158
4356031,8362,374,272159
4356047,7894,347,272160
4356063,8257,358,272161
4356079,8310,413,272162
4356095,7992,358,272163
4356111,8276,289,272164
4356127,8141,308,272165
4356143,8112,500,272166
4356159,8380,916,272167
4356175,8142,1347,272168
4356191,8285,1870,272169
4356207,8303,2390,272170
4356223,8006,2948,272171
4356239,8260,3631,272172
4356255,8219,4309,272173
4356271,8006,5035,272174
4356287,8350,5861,272175
4356303,8051,6549,272176
4356319,8179,7630,272177
4356335,8281,8496,272178
4356351,8114,9232,272179
4356367,8357,10001,272180
4356383,8249,10664,272181
4356399,8041,11514,272182
4356415,8266,12245,272183
4356431,8191,12995,272184
4356447,8146,13628,272185
4356463,8458,14197,272186
4356479,8105,14737,272187
4356495,8128,15259,272188
4356511,8257,15650,272189
4356527,8051,15948,272190
4356543,8221,16122,272191
4356559,8090,16226,272192
4356575,8107,16244,272193
4356591,8176,16255,272194
4356607,8155,16284,272195
4356623,8237,16226,272196
4356639,8261,15981,272197
4356655,8135,15504,272198
4356671,8175,15131,272199
4356687,8168,14711,272200
4356703,8186,14138,272201
4356719,8295,13640,272202
4356735,8233,12980,272203
4356751,8370,12313,272204
4356767,8150,11563,272205
4356783,8039,10801,272206
4356799,8250,10012,272207
4356815,8221,9159,272208
4356831,8169,8234,272209
4356847,8379,7417,272210
4356863,8219,6600,272211
4356879,8169,5872,272212
4356895,8340,5040,272213
4356911,8257,4325,272214
4356927,8297,3647,272215
4356943,8240,2975,272216
4356959,8145,2381,272217
4356975,8249,1872,272218
4356991,8357,1214,272219
4357007,8007,828,272220
4357023,8325,567,272221
4357039,8260,355,272222
4357055,8184,355,272223
4357071,8441,355,272224
4357087,8293,314,272225
4357103,8154,353,272226
4357119,8344,392,272227
4357135,8192,374,272228
4357151,8127,730,272229
4357167,8270,1131,272230
4357183,8110,1583,272231
4357199,8203,2081,272232
4357215,8052,2661,272233
4357231,8244,3271,272234
4357247,8201,3932,272235
4357263,8148,4710,272236
4357279,8135,5440,272237
4357295,8421,6210,272238
4357311,8265,7037,272239
4357327,8222,8005,272240
4357343,8329,8816,272241
4357359,8248,9645,272242
4357375,8339,10416,272243
4357391,8237,11123,272244
4357407,8046,11997,272245
4357423,8183,12567,272246
4357439,8077,13234,272247
4357455,8086,13894,272248
4357471,8246,14492,272249
4357487,8223,15051,272250
4357503,8332,15477,272251
4357519,8337,15816,272252
4357535,8301,16142,272253
4357551,8414,16348,272254
4357567,8299,16245,272255
4357583,8327,16254,272256
4357599,8315,16202,272257
4357615,8360,16330,272258
4357631,8287,16186,272259
4357647,8187,15836,272260
4357663,8200,15413,272261
4357679,8202,14953,272262
4357695,8209,14480,272263
4357711,8222,13966,272264
4357727,8191,13259,272265
4357743,8104,12564,272266
4357759,8418,11947,272267
4357775,8289,11147,272268
4357791,8219,10439,272269
4357807,8425,9654,272270
4357823,8258,8648,272271
4357839,8253,7808,272272
4357855,8427,7018,272273
4357871,8040,6203,272274
4357887,8283,5453,272275
4357903,8215,4719,272276
4357919,7998,3970,272277
4357935,8315,3251,272278
4357951,8230,2683,272279
4357967,8067,2105,272280
4357983,8508,1471,272281
4357999,8045,1005,272282
4358015,8277,700,272283
4358031,8374,399,272284
4358047,7950,290,272285
4358063,8210,328,272286
4358079,8420,363,272287
4358095,7910,364,272288
4358111,8372,333,272289
4358127,8190,350,272290
4358143,7885,517,272291
4358159,8494,949,272292
4358175,8183,1386,272293
4358191,8186,1847,272294
4358207,8473,2429,272295
4358223,8127,2986,272296
4358239,8335,3676,272297
4358255,8448,4335,272298
4358271,8188,5060,272299
4358287,8349,5856,272300
4358303,8347,6620,272301
4358319,8101,7627,272302
4358335,8344,8456,272303
4358351,8078,9209,272304
4358367,8183,9987,272305
4358383,8375,10810,272306
4358399,8072,11579,272307
4358415,8352,12231,272308
4358431,8489,12952,272309
4358447,8246,13569,272310
4358463,8467,14145,272311
4358479,8317,14677,272312
4358495,8205,15277,272313
4358511,8448,15617,272314
4358527,8191,15968,272315
4358543,8092,16226,272316
4358559,8343,16260,272317
4358575,8044,16256,272318
4358591,8161,16238,272319
4358607,8379,16314,272320
4358623,8152,16303,272321
4358639,8206,15937,272322
4358655,8292,15499,272323
4358671,8233,15110,272324
4358687,8152,14707,272325
4358703,8325,14236,272326
4358719,8282,13601,272327
4358735,8316,12949,272328
4358751,8312,12281,272329
4358767,8200,11462,272330
4358783,8247,10840,272331
4358799,8301,10034,272332
4358815,8317,9160,272333
4358831,8081,8244,272334
4358847,8323,7422,272335
4358863,8343,6594,272336
4358879,8322,5856,272337
4358895,8460,5115,272338
4358911,8219,4330,272339
4358927,8286,3652,272340
4358943,8493,2947,272341
4358959,8275,2379,272342
4358975,8175,1822,272343
4358991,8379,1261,272344
4359007,8191,895,272345
4359023,8082,514,272346
4359039,8219,319,272347
4359055,7991,330,272348
4359071,8088,275,272349
4359087,8067,363,272350
4359103,8223,344,272351
4359119,8426,308,272352
4359135,8376,407,272353
4359151,8237,728,272354
4359167,8257,1154,272355
4359183,8187,1579,272356
4359199,8272,2115,272357
4359215,8107,2647,272358
4359231,8072,3343,272359
4359247,8148,3969,272360
4359263,8200,4744,272361
4359279,8439,5453,272362
4359295,8273,6193,272363
4359311,8109,7001,272364
4359327,8313,8031,272365
4359343,8397,8782,272366
4359359,8155,9617,272367
4359375,8368,10429,272368
4359391,8339,11193,272369
4359407,8204,11941,272370
4359423,8320,12646,272371
4359439,8243,13298,272372
4359455,8027,13926,272373
4359471,8365,14447,272374
4359487,8230,15102,272375
4359503,8211,15499,272376
4359519,8231,15746,272377
4359535,8222,16048,272378
4359551,8245,16281,272379
4359567,8263,16281,272380
4359583,8299,16371,272381
4359599,8293,16380,272382
4359615,8139,16236,272383
4359631,8283,16140,272384
4359647,8219,15794,272385
4359663,8163,15424,272386
4359679,8300,15038,272387
4359695,8166,14411,272388
4359711,8086,13887,272389
4359727,8261,13231,272390
4359743,8340,12622,272391
4359759,8255,11921,272392
4359775,8475,11193,272393
4359791,8176,10367,272394
4359807,8260,9619,272395
4359823,8285,8588,272396
4359839,8240,7826,272397
4359855,8283,7028,272398
4359871,8353,6226,272399
4359887,8284,5404,272400
4359903,8401,4739,272401
4359919,8107,3968,272402
4359935,8124,3293,272403
4359951,8262,2667,272404
4359967,8217,2094,272405
4359983,8300,1502,272406
4359999,8222,1007,272407
4360015,8324,721,272408
4360031,8402,337,272409
4360047,8372,345,272410
4360063,8322,383,272411
4360079,8280,292,272412
4360095,8194,412,272413
4360111,8371,345,272414
4360127,8390,308,272415
4360143,8163,507,272416
4360159,8223,901,272417
4360175,8282,1348,272418
4360191,8134,1854,272419
4360207,8297,2397,272420
4360223,8175,2980,272421
4360239,8283,3635,272422
4360255,8392,4344,272423
4360271,8271,5021,272424
4360287,8258,5858,272425
4360303,8387,6580,272426
4360319,8109,7585,272427
4360335,8160,8375,272428
4360351,8192,9201,272429
4360367,8005,10038,272430
4360383,8245,10735,272431
4360399,8105,11551,272432
4360415,8323,12267,272433
4360431,8409,12935,272434
4360447,8125,13574,272435
4360463,8383,14114,272436
4360479,8455,14723,272437
4360495,8222,15291,272438
4360511,8395,15646,272439
4360527,8318,16018,272440
4360543,8058,16197,272441
4360559,8347,16296,272442
4360575,8092,16200,272443
4360591,8084,16255,272444
4360607,8416,16338,272445
4360623,8181,16275,272446
4360639,8236,15954,272447
4360655,8323,15535,272448
4360671,8328,15240,272449
4360687,8356,14707,272450
4360703,8351,14175,272451
4360719,8217,13554,272452
4360735,8296,12959,272453
4360751,8273,12279,272454
4360767,8253,11567,272455
4360783,8269,10792,272456
4360799,8243,10025,272457
4360815,8358,9094,272458
4360831,8274,8224,272459
4360847,8296,7435,272460
4360863,8371,6619,272461
4360879,8387,5878,272462
4360895,8254,5040,272463
4360911,8421,4290,272464
4360927,8268,3611,272465
4360943,8236,2998,272466
4360959,8359,2399,272467
4360975,8238,1885,272468
4360991,8269,1278,272469
4361007,8138,859,272470
4361023,8264,542,272471
4361039,8197,328,272472
4361055,8173,397,272473
4361071,8205,308,272474
4361087,8304,374,272475
4361103,8258,384,272476
4361119,8305,347,272477
4361135,8267,327,272478
4361151,8353,768,272479
4361167,8397,1139,272480
4361183,8119,1625,272481
4361199,8335,2156,272482
4361215,8213,2678,272483
4361231,8067,3374,272484
4361247,8284,3960,272485
4361263,8159,4716,272486
4361279,7919,5417,272487
4361295,8206,6188,272488
4361311,8026,6997,272489
4361327,8146,8030,272490
4361343,8473,8886,272491
4361359,8056,9569,272492
4361375,8224,10426,272493
4361391,8363,11151,272494
4361407,7995,11895,272495
4361423,8231,12580,272496
4361439,8300,13304,272497
4361455,7871,13842,272498
4361471,8112,14404,272499
4361487,8087,15036,272500
4361503,8060,15468,272501
4361519,8270,15823,272502
4361535,8140,16166,272503
4361551,8244,16331,272504
4361567,8342,16270,272505
4361583,8139,16294,272506
4361599,8409,16267,272507
4361615,8317,16289,272508
4361631,8112,16067,272509
4361647,8305,15893,272510
4361663,8276,15416,272511
4361679,8041,14936,272512
4361695,8387,14377,272513
4361711,7928,13859,272514
4361727,8014,13273,272515
4361743,8295,12595,272516
4361759,8183,11964,272517
4361775,8355,11104,272518
4361791,8517,10443,272519
4361807,8037,9641,272520
4361823,8322,8582,272521
4361839,8296,7844,272522
4361855,8037,6938,272523
4361871,8443,6235,272524
4361887,8064,5469,272525
4361903,8197,4671,272526
4361919,8281,3970,272527
4361935,8120,3300,272528
4361951,8254,2671,272529
4361967,8347,2157,272530
4361983,8136,1451,272531
4361999,8375,1089,272532
4362015,8242,714,272533
4362031,8273,348,272534
4362047,8326,341,272535
4362063,8137,355,272536
4362079,8249,334,272537
4362095,8178,342,272538
4362111,8109,292,272539
4362127,8220,303,272540
4362143,8197,468,272541
4362159,8074,931,272542
4362175,8065,1324,272543
4362191,8127,1898,272544
4362207,8229,2363,272545
4362223,8170,3009,272546
4362239,8148,3622,272547
4362255,8356,4338,272548
4362271,8216,5081,272549
4362287,8202,5827,272550
4362303,8437,6652,272551
4362319,8040,7524,272552
4362335,8204,8403,272553
4362351,8325,9207,272554
4362367,7946,9986,272555
4362383,8311,10790,272556
4362399,8072,11604,272557
4362415,8049,12238,272558
4362431,8453,13009,272559
4362447,7982,13578,272560
4362463,8307,14197,272561
4362479,8365,14638,272562
4362495,8106,15285,272563
4362511,8391,15610,272564
4362527,8317,15976,272565
4362543,7967,16173,272566
4362559,8408,16290,272567
4362575,8167,16324,272568
4362591,8126,16312,272569
4362607,8357,16286,272570
4362623,8209,16308,272571
4362639,8128,15908,272572
4362655,8352,15544,272573
4362671,8205,15118,272574
4362687,8300,14697,272575
4362703,8515,14183,272576
4362719,8253,13580,272577
4362735,8190,12944,272578
4362751,8304,12274,272579
4362767,8161,11551,272580
4362783,8204,10777,272581
4362799,8133,10047,272582
4362815,8049,9102,272583
4362831,8253,8234,272584
4362847,8175,7381,272585
4362863,8301,6626,272586
4362879,8353,5878,272587
4362895,8146,5055,272588
4362911,8278,4294,272589
4362927,8410,3636,272590
4362943,8248,2995,272591
4362959,8264,2410,272592
4362975,8286,1840,272593
4362991,8203,1300,272594
4363007,8299,880,272595
4363023,8124,468,272596
4363039,8055,269,272597
4363055,8327,335,272598
4363071,8218,325,272599
4363087,8048,322,272600
4363103,8237,356,272601
4363119,8110,288,272602
4363135,8234,390,272603
4363151,8343,754,272604
4363167,8213,1162,272605
4363183,8186,1593,272606
4363199,8214,2084,272607
4363215,8208,2685,272608
4363231,8150,3288,272609
4363247,8198,3950,272610
4363263,8159,4696,272611
4363279,8124,5462,272612
4363295,8269,6251,272613
4363311,8168,7005,272614
4363327,8080,7997,272615
4363343,8302,8838,272616
4363359,8117,9620,272617
4363375,8157,10439,272618
4363391,8342,11239,272619
4363407,8188,11935,272620
4363423,7974,12573,272621
4363439,8196,13247,272622
4363455,7925,13879,272623
4363471,8248,14483,272624
4363487,8177,15031,272625
4363503,8034,15479,272626
4363519,8228,15781,272627
4363535,8154,16117,272628
4363551,8209,16273,272629
4363567,8346,16202,272630
4363583,8216,16316,272631
4363599,8362,16239,272632
4363615,8332,16237,272633
4363631,8137,16150,272634
4363647,8194,15747,272635
4363663,8153,15353,272636
4363679,8000,14954,272637
4363695,8390,14494,272638
4363711,8017,13845,272639
4363727,8054,13289,272640
4363743,8434,12651,272641
4363759,8001,11916,272642
4363775,8329,11215,272643
4363791,8530,10456,272644
4363807,7977,9602,272645
4363823,8459,8613,272646
4363839,8441,7812,272647
4363855,7947,6965,272648
4363871,8515,6269,272649
4363887,8095,5442,272650
4363903,7970,4681,272651
4363919,8425,3983,272652
4363935,8089,3297,272653
4363951,8155,2656,272654
4363967,8325,2095,272655
4363983,8041,1477,272656
4363999,8344,1025,272657
4364015,8065,648,272658
4364031,8128,404,272659
4364047,8237,283,272660
4364063,8121,392,272661
4364079,8335,344,272662
4364095,8298,362,272663
4364111,8037,283,272664
4364127,8305,298,272665
4364143,8217,557,272666
4364159,8176,966,272667
4364175,8439,1396,272668
4364191,8008,1832,272669
4364207,8298,2439,272670
4364223,8308,2990,272671
4364239,7998,3617,272672
4364255,8226,4340,272673
4364271,8376,5032,272674
4364287,8130,5828,272675
4364303,8340,6568,272676
4364319,8151,7572,272677
4364335,8065,8390,272678
4364351,8562,9256,272679
4364367,8023,9971,272680
4364383,8213,10799,272681
4364399,8273,11552,272682
4364415,7959,12249,272683
4364431,8252,12912,272684
4364447,8324,13609,272685
4364463,8193,14148,272686
4364479,8426,14686,272687
4364495,8238,15312,272688
4364511,8332,15672,272689
4364527,8424,15970,272690
4364543,8104,16146,272691
4364559,8269,16326,272692
4364575,8323,16258,272693
4364591,8142,16306,272694
4364607,8337,16252,272695
4364623,8279,16314,272696
4364639,8066,15981,272697
4364655,8336,15553,272698
4364671,8085,15161,272699
4364687,8168,14641,272700
4364703,8473,14193,272701
4364719,8176,13584,272702
4364735,8304,12954,272703
4364751,8399,12329,272704
4364767,8214,11595,272705
4364783,8353,10803,272706
4364799,8317,10027,272707
4364815,8180,9202,272708
4364831,8306,8163,272709
4364847,8054,7389,272710
4364863,8165,6626,272711
4364879,8301,5838,272712
4364895,8109,5034,272713
4364911,8363,4325,272714
4364927,8397,3589,272715
4364943,8137,3003,272716
4364959,8505,2411,272717
4364975,8106,1842,272718
4364991,8297,1265,272719
4365007,8405,847,272720
4365023,8145,500,272721
4365039,8007,264,272722
4365055,8254,400,272723
4365071,8181,378,272724
4365087,8264,316,272725
4365103,8185,331,272726
4365119,8174,341,272727
4365135,8319,423,272728
4365151,8199,726,272729
4365167,8191,1133,272730
4365183,8318,1588,272731
4365199,8230,2093,272732
4365215,8200,2633,272733
4365231,8308,3332,272734
4365247,8199,3973,272735
4365263,8045,4674,272736
4365279,8087,5397,272737
4365295,8078,6194,272738
4365311,8175,7024,272739
4365327,8188,8017,272740
4365343,8384,8812,272741
4365359,8167,9619,272742
4365375,8053,10410,272743
4365391,8387,11189,272744
4365407,8261,11882,272745
4365423,8116,12578,272746
4365439,8274,13240,272747
4365455,8113,13937,272748
4365471,8239,14508,272749
4365487,8271,15068,272750
4365503,8128,15512,272751
4365519,8214,15793,272752
4365535,8215,16105,272753
4365551,8136,16264,272754
4365567,8224,16188,272755
4365583,8218,16300,272756
4365599,8347,16274,272757
4365615,8284,16302,272758
4365631,8306,16109,272759
4365647,8413,15867,272760
4365663,8291,15391,272761
4365679,8173,14956,272762
4365695,8380,14511,272763
4365711,8187,13929,272764
4365727,8070,13329,272765
4365743,8338,12603,272766
4365759,8096,11913,272767
4365775,8088,11158,272768
4365791,8288,10399,272769
4365807,8075,9605,272770
4365823,8313,8572,272771
4365839,8591,7850,272772
4365855,8128,7031,272773
4365871,8393,6208,272774
4365887,8278,5434,272775
4365903,7920,4685,272776
4365919,8307,3969,272777
4365935,8105,3259,272778
4365951,7866,2667,272779
4365967,8340,2098,272780
4365983,8154,1486,272781
4365999,8117,1041,272782
4366015,8339,672,272783
4366031,8145,393,272784
4366047,8259,331,272785
4366063,8190,323,272786
4366079,8160,361,272787
4366095,8307,359,272788
4366111,8140,318,272789
4366127,8258,346,272790
4366143,8245,559,272791
4366159,8021,955,272792
4366175,8126,1331,272793
4366191,8224,1812,272794
4366207,8106,2326,272795
4366223,8296,2989,272796
4366239,8396,3656,272797
4366255,8196,4339,272798
4366271,8256,5002,272799
4366287,8207,5821,272800
4366303,8288,6592,272801
4366319,8260,7613,272802
4366335,8131,8357,272803
4366351,8233,9244,272804
4366367,8262,9989,272805
4366383,8085,10824,272806
4366399,8211,11603,272807
4366415,8070,12251,272808
4366431,8138,12910,272809
4366447,8066,13561,272810
4366463,8181,14253,272811
4366479,8363,14729,272812
4366495,8239,15320,272813
4366511,8323,15655,272814
4366527,8429,16006,272815
4366543,8281,16158,272816
4366559,8311,16313,272817
4366575,8209,16247,272818
4366591,8133,16299,272819
4366607,8310,16300,272820
4366623,8209,16228,272821
4366639,8046,15941,272822
4366655,8261,15623,272823
4366671,8211,15172,272824
4366687,8119,14739,272825
4366703,8307,14147,272826
4366719,8233,13607,272827
4366735,8301,12925,272828
4366751,8487,12252,272829
4366767,8142,11514,272830
4366783,8250,10805,272831
4366799,8315,10024,272832
4366815,8125,9144,272833
4366831,8328,8210,272834
4366847,8258,7409,272835
4366863,8067,6557,272836
4366879,8272,5819,272837
4366895,8240,5061,272838
4366911,8284,4308,272839
4366927,8403,3647,272840
4366943,8210,3006,272841
4366959,8318,2384,272842
4366975,8240,1841,272843
4366991,8138,1240,272844
4367007,8338,902,272845
4367023,8250,574,272846
4367039,7943,306,272847
4367055,8289,331,272848
4367071,8091,345,272849
4367087,8071,305,272850
4367103,8351,338,272851
4367119,8052,282,272852
4367135,8176,319,272853
4367151,8362,740,272854
4367167,8223,1168,272855
4367183,8347,1616,272856
4367199,8401,2098,272857
4367215,8133,2661,272858
4367231,8324,3318,272859
4367247,8154,3979,272860
4367263,8142,4694,272861
4367279,8119,5425,272862
4367295,8123,6202,272863
4367311,8127,7025,272864
4367327,8087,8000,272865
4367343,8152,8791,272866
4367359,8121,9601,272867
4367375,8301,10458,272868
4367391,8260,11142,272869
4367407,8296,11885,272870
4367423,8224,12645,272871
4367439,8231,13309,272872
4367455,8304,13907,272873
4367471,8214,14479,272874
4367487,8128,15044,272875
4367503,8260,15505,272876
4367519,8334,15835,272877
4367535,8165,16100,272878
4367551,8149,16321,272879
4367567,8257,16299,272880
4367583,8328,16300,272881
4367599,8210,16315,272882
4367615,8320,16203,272883
4367631,8317,16103,272884
4367647,8232,15777,272885
4367663,8261,15336,272886
4367679,8287,15003,272887
4367695,8321,14508,272888
4367711,8310,13947,272889
4367727,8035,13305,272890
4367743,8402,12610,272891
4367759,8216,11899,272892
4367775,8101,11142,272893
4367791,8348,10405,272894
4367807,8083,9616,272895
4367823,8249,8605,272896
4367839,8536,7633,272897
4367855,8169,7018,272898
4367871,8371,6230,272899
4367887,8388,5464,272900
4367903,8175,4720,272901
4367919,8298,3930,272902
4367935,8291,3310,272903
4367951,7788,2649,272904
4367967,8322,2089,272905
4367983,8095,1513,272906
4367999,7985,1043,272907
4368015,8340,655,272908
4368031,8111,339,272909
4368047,8180,346,272910
4368063,8447,343,272911
4368079,8239,376,272912
4368095,8386,346,272913
4368111,8223,344,272914
4368127,8219,372,272915
4368143,8288,486,272916
4368159,8203,970,272917
4368175,8010,1325,272918
4368191,8142,1830,272919
4368207,7922,2376,272920
4368223,8348,3010,272921
4368239,8403,3648,272922
4368255,8188,4342,272923
4368271,8407,5080,272924
4368287,8209,5809,272925
4368303,8096,6597,272926
4368319,8342,7624,272927
4368335,8120,8457,272928
4368351,8128,9252,272929
4368367,8218,9985,272930
4368383,7919,10749,272931
4368399,8098,11531,272932
4368415,8145,12281,272933
4368431,7990,12943,272934
4368447,8168,13597,272935
4368463,8183,14173,272936
4368479,8080,14687,272937
4368495,8403,15327,272938
4368511,8244,15628,272939
4368527,8290,15985,272940
4368543,8386,16258,272941
4368559,8268,16271,272942
4368575,8234,16256,272943
4368591,8172,16275,272944
4368607,8238,16280,272945
4368623,8233,16305,272946
4368639,8113,15968,272947
4368655,8153,15557,272948
4368671,8192,15163,272949
4368687,8131,14705,272950
4368703,8242,14219,272951
4368719,8301,13632,272952
4368735,8211,12977,272953
4368751,8147,12222,272954
4368767,8297,11553,272955
4368783,8293,10809,272956
4368799,8432,10042,272957
4368815,8218,9146,272958
4368831,8138,8190,272959
4368847,8264,7393,272960
4368863,8177,6574,272961
4368879,8194,5814,272962
4368895,8098,5038,272963
4368911,8117,4363,272964
4368927,8158,3652,272965
4368943,8072,2940,272966
4368959,8218,2339,272967
4368975,8353,1862,272968
4368991,8376,1244,272969
4369007,8238,861,272970
4369023,8300,553,272971
4369039,8285,308,272972
4369055,8250,395,272973
4369071,8166,334,272974
4369087,8089,349,272975
4369103,8180,257,272976
4369119,8222,358,272977
4369135,8243,356,272978
4369151,8280,776,272979
4369167,8186,1128,272980
4369183,8237,1630,272981
4369199,8254,2083,272982
4369215,8236,2667,272983
4369231,8198,3331,272984
4369247,8365,3999,272985
4369263,8176,4705,272986
4369279,8227,5430,272987
4369295,8110,6185,272988
4369311,8122,7011,272989
4369327,8262,8027,272990
4369343,8077,8818,272991
4369359,8172,9621,272992
4369375,8262,10371,272993
4369391,8217,11177,272994
4369407,8275,11901,272995
4369423,8227,12567,272996
4369439,8221,13301,272997
4369455,8303,13929,272998
4369471,8289,14498,272999
4369487,8153,15038,273000
4369503,8189,15500,273001
4369519,8123,15668,273002
4369535,8223,16150,273003
4369551,8225,16303,273004
4369567,8093,16279,273005
4369583,8249,16253,273006
4369599,8128,16306,273007
4369615,8288,16279,273008
4369631,8196,16147,273009
4369647,8219,15854,273010
4369663,8181,15334,273011
4369679,8201,14967,273012
4369695,8256,14486,273013
4369711,8321,13882,273014
4369727,8183,13277,273015
4369743,8170,12538,273016
4369759,8222,11911,273017
4369775,8019,11170,273018
4369791,8388,10412,273019
4369807,8173,9608,273020
4369823,8130,8594,273021
4369839,8409,7777,273022
4369855,8268,7042,273023
4369871,8266,6213,273024
4369887,8472,5470,273025
4369903,8199,4746,273026
4369919,8300,4005,273027
4369935,8347,3311,273028
4369951,7947,2681,273029
4369967,8266,2093,273030
4369983,8226,1497,273031
4369999,7910,1010,273032
4370015,8397,707,273033
4370031,8178,423,273034
4370047,8257,337,273035
4370063,8482,397,273036
4370079,8091,346,273037
4370095,8393,371,273038
4370111,8327,304,273039
4370127,8044,310,273040
4370143,8273,559,273041
4370159,8092,933,273042
4370175,8003,1355,273043
4370191,8387,1841,273044
4370207,8059,2420,273045
4370223,8007,2960,273046
4370239,8433,3678,273047
4370255,7943,4301,273048
4370271,8391,5049,273049
4370287,8502,5859,273050
4370303,7997,6605,273051
4370319,8339,7612,273052
4370335,8330,8447,273053
4370351,7875,9180,273054
4370367,8308,9982,273055
4370383,8145,10820,273056
4370399,8035,11549,273057
4370415,8457,12224,273058
4370431,8013,12932,273059
4370447,8243,13650,273060
4370463,8412,14185,273061
4370479,8193,14723,273062
4370495,8261,15228,273063
4370511,8321,15637,273064
4370527,8172,15904,273065
4370543,8414,16291,273066
4370559,8373,16202,273067
4370575,8275,16275,273068
4370591,8383,16323,273069
4370607,8183,16236,273070
4370623,8163,16311,273071
4370639,8144,15893,273072
4370655,8245,15531,273073
4370671,8207,15158,273074
4370687,8237,14718,273075
4370703,8311,14247,273076
4370719,8227,13561,273077
4370735,8194,13009,273078
4370751,8278,12215,273079
4370767,8185,11529,273080
4370783,8201,10796,273081
4370799,8345,9973,273082
4370815,8317,9162,273083
4370831,8229,8180,273084
4370847,8346,7426,273085
4370863,8229,6649,273086
4370879,8300,5817,273087
4370895,8222,5053,273088
4370911,8072,4349,273089
4370927,8301,3673,273090
4370943,8072,2970,273091
4370959,8217,2348,273092
4370975,8381,1893,273093
4370991,8049,1199,273094
4371007,8277,831,273095
4371023,8313,595,273096
4371039,8080,312,273097
4371055,8373,328,273098
4371071,8089,319,273099
4371087,8021,355,273100
4371103,8329,373,273101
4371119,8123,308,273102
4371135,8146,395,273103
4371151,8396,759,273104
4371167,8075,1132,273105
4371183,8183,1558,273106
4371199,8539,2135,273107
4371215,8080,2643,273108
4371231,8280,3302,273109
4371247,8389,4005,273110
4371263,8021,4690,273111
4371279,8296,5398,273112
4371295,8201,6237,273113
4371311,8069,7025,273114
4371327,8206,8026,273115
4371343,8056,8772,273116
4371359,8022,9600,273117
4371375,8379,10422,273118
4371391,8134,11151,273119
4371407,8228,11902,273120
4371423,8384,12619,273121
4371439,8154,13298,273122
4371455,8383,13971,273123
4371471,8159,14457,273124
4371487,8224,15146,273125
4371503,8332,15513,273126
4371519,8037,15794,273127
4371535,8014,16061,273128
4371551,8244,16287,273129
4371567,8251,16267,273130
4371583,8268,16301,273131
4371599,8383,16352,273132
4371615,8083,16249,273133
4371631,8310,16083,273134
4371647,8314,15827,273135
4371663,8231,15363,273136
4371679,8577,14933,273137
4371695,8324,14485,273138
4371711,8275,13949,273139
4371727,8190,13279,273140
4371743,8024,12604,273141
4371759,8143,11856,273142
4371775,8209,11219,273143
4371791,8257,10445,273144
4371807,8334,9645,273145
4371823,8042,8591,273146
4371839,8327,7812,273147
4371855,8262,7059,273148
4371871,8144,6194,273149
4371887,8404,5435,273150
4371903,8119,4678,273151
4371919,8139,4001,273152
4371935,8229,3348,273153
4371951,8079,2662,273154
4371967,8189,2075,273155
4371983,8285,1496,273156
4371999,8017,1087,273157
4372015,8116,657,273158
4372031,8208,397,273159
4372047,8111,318,273160
4372063,8297,248,273161
4372079,8106,305,273162
4372095,8220,354,273163
4372111,8285,300,273164
4372127,8123,358,273165
4372143,8391,563,273166
4372159,8261,947,273167
4372175,8123,1427,273168
4372191,8311,1889,273169
4372207,8085,2403,273170
4372223,8002,2969,273171
4372239,8247,3653,273172
4372255,8045,4302,273173
4372271,8086,5028,273174
4372287,8264,5816,273175
4372303,7918,6571,273176
4372319,8302,7559,273177
4372335,8467,8420,273178
4372351,8094,9215,273179
4372367,8300,9975,273180
4372383,8192,10837,273181
4372399,7979,11573,273182
4372415,8352,12310,273183
4372431,8187,12928,273184
4372447,8112,13619,273185
4372463,8408,14175,273186
4372479,7975,14681,273187
4372495,7993,15289,273188
4372511,8200,15649,273189
4372527,8256,15981,273190
4372543,8286,16188,273191
4372559,8309,16266,273192
4372575,8124,16281,273193
4372591,8304,16311,273194
4372607,8253,16263,273195
4372623,8196,16333,273196
4372639,8299,16023,273197
4372655,8076,15514,273198
4372671,8180,15103,273199
4372687,8251,14773,273200
4372703,8136,14238,273201
4372719,8367,13622,273202
4372735,8284,12932,273203
4372751,8174,12246,273204
4372767,8389,11582,273205
4372783,8146,10809,273206
4372799,8243,10063,273207
4372815,8400,9168,273208
4372831,8177,8260,273209
4372847,8229,7439,273210
4372863,8204,6612,273211
4372879,8177,5842,273212
4372895,8404,5058,273213
4372911,8227,4336,273214
4372927,8088,3617,273215
4372943,8323,2986,273216
4372959,8210,2429,273217
4372975,8310,1862,273218
4372991,8262,1252,273219
4373007,8248,869,273220
4373023,8212,481,273221
4373039,8142,347,273222
4373055,8363,360,273223
4373071,8166,317,273224
4373087,8225,351,273225
4373103,8213,328,273226
4373119,8260,302,273227
4373135,7954,408,273228
4373151,8180,732,273229
4373167,8198,1161,273230
4373183,8067,1613,273231
4373199,8368,2085,273232
4373215,8164,2625,273233
4373231,8158,3278,273234
4373247,8418,3955,273235
4373263,8178,4652,273236
4373279,8175,5433,273237
4373295,8333,6237,273238
4373311,8167,7039,273239
4373327,8322,8003,273240
4373343,8204,8808,273241
4373359,8095,9616,273242
4373375,8379,10412,273243
4373391,8207,11202,273244
4373407,8345,11985,273245
4373423,8344,12636,273246
4373439,8202,13277,273247
4373455,8407,13932,273248
4373471,8305,14476,273249
4373487,8111,15077,273250
4373503,8272,15576,273251
4373519,8204,15843,273252
4373535,8078,16093,273253
4373551,8369,16252,273254
4373567,8099,16343,273255
4373583,8231,16339,273256
4373599,8321,16194,273257
4373615,7999,16189,273258
4373631,8334,16105,273259
4373647,8288,15809,273260
4373663,8178,15421,273261
4373679,8410,14958,273262
4373695,8277,14457,273263
4373711,8053,13839,273264
4373727,8509,13268,273265
4373743,8323,12657,273266
4373759,8057,11907,273267
4373775,8316,11188,273268
4373791,7988,10401,273269
4373807,8300,9603,273270
4373823,8156,8591,273271
4373839,8055,7796,273272
4373855,8448,6989,273273
4373871,8133,6228,273274
4373887,8288,5456,273275
4373903,8374,4700,273276
4373919,8075,3978,273277
4373935,8410,3340,273278
4373951,8353,2691,273279
4373967,8097,2156,273280
4373983,8278,1469,273281
4373999,8225,1057,273282
4374015,8215,714,273283
4374031,8318,314,273284
4374047,8247,301,273285
4374063,8122,274,273286
4374079,8179,349,273287
4374095,8266,361,273288
4374111,8332,341,273289
4374127,8323,329,273290
4374143,8253,602,273291
4374159,8215,967,273292
4374175,8212,1399,273293
4374191,8235,1882,273294
4374207,8301,2407,273295
4374223,7972,2968,273296
4374239,8238,3655,273297
4374255,8156,4286,273298
4374271,7991,5019,273299
4374287,8406,5792,273300
4374303,7998,6599,273301
4374319,8207,7543,273302
4374335,8493,8426,273303
4374351,8038,9191,273304
4374367,8311,9990,273305
4374383,8235,10732,273306
4374399,7869,11525,273307
4374415,8270,12276,273308
4374431,8216,13022,273309
4374447,7926,13546,273310
4374463,8327,14207,273311
4374479,8161,14687,273312
4374495,8056,15254,273313
4374511,8334,15707,273314
4374527,8306,16032,273315
4374543,8225,16222,273316
4374559,8359,16260,273317
4374575,8110,16201,273318
4374591,8347,16273,273319
4374607,8302,16359,273320
4374623,8209,16342,273321
4374639,8187,15914,273322
4374655,8233,15665,273323
4374671,8078,15151,273324
4374687,8228,14731,273325
4374703,8221,14256,273326
4374719,8304,13615,273327
4374735,8301,12928,273328
4374751,8148,12310,273329
4374767,8508,11593,273330
4374783,8164,10822,273331
4374799,8317,10000,273332
4374815,8497,9155,273333
4374831,8195,8168,273334
4374847,8188,7447,273335
4374863,8282,6604,273336
4374879,8199,5836,273337
4374895,8134,5042,273338
4374911,8359,4339,273339
4374927,8157,3606,273340
4374943,8056,2997,273341
4374959,8342,2395,273342
4374975,8243,1834,273343
4374991,8074,1180,273344
4375007,8383,849,273345
4375023,8149,477,273346
4375039,8264,378,273347
4375055,8466,283,273348
4375071,8066,329,273349
4375087,8107,351,273350
4375103,8308,323,273351
4375119,8162,318,273352
4375135,8242,412,273353
4375151,8220,728,273354
4375167,8040,1123,273355
4375183,8250,1575,273356
4375199,8218,2124,273357
4375215,8279,2664,273358
4375231,8245,3342,273359
4375247,8481,3991,273360
4375263,8215,4681,273361
4375279,8067,5461,273362
4375295,8169,6196,273363
4375311,8144,6993,273364
4375327,8233,8024,273365
4375343,8282,8782,273366
4375359,8060,9642,273367
4375375,8139,10376,273368
4375391,8141,11211,273369
4375407,8129,11931,273370
4375423,8340,12649,273371
4375439,8233,13280,273372
4375455,8190,13888,273373
4375471,8321,14491,273374
4375487,8184,15132,273375
4375503,8521,15553,273376
4375519,8084,15774,273377
4375535,8077,16099,273378
4375551,8336,16234,273379
4375567,8137,16267,273380
4375583,8113,16275,273381
4375599,8323,16284,273382
4375615,8156,16245,273383
4375631,8195,16111,273384
4375647,8314,15893,273385
4375663,8104,15385,273386
4375679,8364,15025,273387
4375695,8331,14445,273388
4375711,8244,13938,273389
4375727,8446,13291,273390
4375743,8305,12624,273391
4375759,8106,11924,273392
4375775,8328,11170,273393
4375791,8081,10424,273394
4375807,8179,9648,273395
4375823,8298,8590,273396
4375839,8145,7811,273397
4375855,8355,6994,273398
4375871,8292,6189,273399
4375887,8042,5447,273400
4375903,8433,4643,273401
4375919,8216,3921,273402
4375935,8082,3276,273403
4375951,8386,2707,273404
4375967,8073,2110,273405
4375983,8261,1486,273406
4375999,8370,1067,273407
4376015,8040,688,273408
4376031,8305,410,273409
4376047,8091,337,273410
4376063,8141,361,273411
4376079,8307,288,273412
4376095,8255,346,273413
4376111,8242,286,273414
4376127,8271,325,273415
4376143,8176,542,273416
4376159,8162,925,273417
4376175,8192,1338,273418
4376191,8145,1853,273419
4376207,8194,2364,273420
4376223,8058,2953,273421
4376239,8059,3648,273422
4376255,8129,4331,273423
4376271,8025,5064,273424
4376287,8261,5872,273425
4376303,8208,6639,273426
4376319,8081,7559,273427
4376335,8374,8397,273428
4376351,8165,9181,273429
4376367,8224,9999,273430
4376383,8547,10871,273431
4376399,8141,11577,273432
4376415,8230,12253,273433
4376431,8281,12917,273434
4376447,7860,13540,273435
4376463,8420,14221,273436
4376479,8145,14733,273437
4376495,7985,15281,273438
4376511,8270,15636,273439
4376527,8112,15922,273440
4376543,8173,16211,273441
4376559,8248,16266,273442
4376575,8040,16275,273443
4376591,8193,16262,273444
4376607,8266,16288,273445
4376623,8173,16240,273446
4376639,8272,16029,273447
4376655,8144,15571,273448
4376671,7960,15136,273449
4376687,8148,14733,273450
4376703,8032,14241,273451
4376719,8185,13562,273452
4376735,8264,12963,273453
4376751,8040,12260,273454
4376767,8175,11481,273455
4376783,8286,10861,273456
4376799,8111,9999,273457
4376815,8431,9175,273458
4376831,8261,8220,273459
4376847,8088,7399,273460
4376863,8394,6656,273461
4376879,8162,5803,273462
4376895,8143,5007,273463
4376911,8249,4285,273464
4376927,8055,3667,273465
4376943,8200,3011,273466
4376959,8284,2417,273467
4376975,8044,1862,273468
4376991,8251,1262,273469
4377007,8265,844,273470
4377023,8313,557,273471
4377039,8242,261,273472
4377055,8261,331,273473
4377071,8262,327,273474
4377087,8134,270,273475
4377103,8205,368,273476
4377119,8136,269,273477
4377135,8181,362,273478
4377151,8015,766,273479
4377167,8154,1161,273480
4377183,7986,1528,273481
4377199,8291,2176,273482
4377215,8315,2715,273483
4377231,8233,3338,273484
4377247,8316,4002,273485
4377263,8290,4716,273486
4377279,8263,5452,273487
4377295,8273,6227,273488
4377311,8184,6978,273489
4377327,8200,7972,273490
4377343,8171,8817,273491
4377359,8075,9610,273492
4377375,8138,10479,273493
4377391,8248,11178,273494
4377407,8056,11895,273495
4377423,8294,12667,273496
4377439,8185,13244,273497
4377455,8254,13905,273498
4377471,8211,14449,273499
4377487,8114,15004,273500
4377503,8415,15527,273501
4377519,8259,15778,273502
4377535,8222,16098,273503
4377551,8272,16251,273504
4377567,8099,16347,273505
4377583,8220,16332,273506
4377599,8231,16294,273507
4377615,8161,16232,273508
4377631,8084,16100,273509
4377647,8375,15898,273510
4377663,8215,15451,273511
4377679,8297,14931,273512
4377695,8512,14494,273513
4377711,8243,13934,273514
4377727,8463,13342,273515
4377743,8284,12605,273516
4377759,8125,11933,273517
4377775,8354,11158,273518
4377791,8200,10441,273519
4377807,8062,9609,273520
4377823,8297,8608,273521
4377839,8200,7829,273522
4377855,8186,6974,273523
4377871,8281,6168,273524
4377887,8158,5432,273525
4377903,8415,4683,273526
4377919,8423,4026,273527
4377935,8293,3291,273528
4377951,8348,2706,273529
4377967,8221,2036,273530
4377983,8191,1566,273531
4377999,8336,1058,273532
4378015,8193,701,273533
4378031,8050,331,273534
4378047,8271,362,273535
4378063,8106,342,273536
4378079,8270,310,273537
4378095,8276,316,273538
4378111,8180,351,273539
4378127,8282,331,273540
4378143,8317,580,273541
4378159,8183,961,273542
4378175,8323,1394,273543
4378191,8166,1884,273544
4378207,8213,2397,273545
4378223,8112,2937,273546
4378239,8154,3676,273547
4378255,8118,4324,273548
4378271,8061,5048,273549
4378287,8105,5847,273550
4378303,8264,6625,273551
4378319,8076,7565,273552
4378335,8277,8429,273553
4378351,8249,9236,273554
4378367,8166,9966,273555
4378383,8340,10779,273556
4378399,8251,11548,273557
4378415,8190,12308,273558
4378431,8280,12970,273559
4378447,8116,13608,273560
4378463,8118,14166,273561
4378479,8249,14710,273562
4378495,7944,15294,273563
4378511,8138,15679,273564
4378527,8102,15993,273565
4378543,8107,16150,273566
4378559,8378,16300,273567
4378575,8230,16189,273568
4378591,8189,16289,273569
4378607,8251,16248,273570
4378623,8212,16281,273571
4378639,8279,15941,273572
4378655,8245,15552,273573
4378671,8196,15178,273574
4378687,8240,14704,273575
4378703,8116,14194,273576
4378719,8214,13625,273577
4378735,8310,13010,273578
4378751,8125,12242,273579
4378767,8186,11548,273580
4378783,8357,10843,273581
4378799,8041,10012,273582
4378815,8409,9209,273583
4378831,8357,8218,273584
4378847,8029,7360,273585
4378863,8391,6591,273586
4378879,8121,5839,273587
4378895,8048,5074,273588
4378911,8264,4304,273589
4378927,8103,3555,273590
4378943,7918,2984,273591
4378959,8308,2368,273592
4378975,8044,1844,273593
4378991,8144,1195,273594
4379007,8460,891,273595
4379023,8055,451,273596
4379039,8241,314,273597
4379055,8265,289,273598
4379071,8134,367,273599
4379087,8242,342,273600
4379103,8221,349,273601
4379119,7995,294,273602
4379135,8170,364,273603
4379151,8044,752,273604
4379167,8161,1127,273605
4379183,8188,1620,273606
4379199,8162,2076,273607
4379215,8221,2672,273608
4379231,8299,3350,273609
4379247,8261,3977,273610
4379263,8217,4647,273611
4379279,8161,5425,273612
4379295,8241,6187,273613
4379311,8358,7031,273614
4379327,8182,8032,273615
4379343,8177,8806,273616
4379359,8245,9616,273617
4379375,8091,10347,273618
4379391,8140,11159,273619
4379407,8113,11892,273620
4379423,8108,12619,273621
4379439,8077,13228,273622
4379455,8216,13929,273623
4379471,8196,14393,273624
4379487,8194,15043,273625
4379503,8212,15518,273626
4379519,8324,15821,273627
4379535,8251,16139,273628
4379551,8369,16259,273629
4379567,8216,16289,273630
4379583,8109,16249,273631
4379599,8302,16241,273632
4379615,8163,16207,273633
4379631,8018,16046,273634
4379647,8239,15783,273635
4379663,8209,15396,273636
4379679,8194,14932,273637
4379695,8391,14438,273638
4379711,8254,13937,273639
4379727,8296,13263,273640
4379743,8415,12562,273641
4379759,8054,11928,273642
4379775,8322,11140,273643
4379791,8299,10438,273644
4379807,7905,9567,273645
4379823,8405,8640,273646
4379839,8115,7788,273647
4379855,7976,6936,273648
4379871,8360,6220,273649
4379887,8089,5453,273650
4379903,8294,4687,273651
4379919,8415,3949,273652
4379935,8087,3282,273653
4379951,8576,2708,273654
4379967,8237,2105,273655
4379983,8160,1487,273656
4379999,8391,1024,273657
4380015,8168,715,273658
4380031,8135,407,273659
4380047,8228,333,273660
4380063,8031,345,273661
4380079,8111,289,273662
4380095,8380,319,273663
4380111,8107,374,273664
4380127,8339,331,273665
4380143,8367,517,273666
4380159,8185,905,273667
4380175,8348,1349,273668
4380191,8208,1809,273669
4380207,8060,2361,273670
4380223,8417,2986,273671
4380239,8167,3681,273672
4380255,8202,4360,273673
4380271,8415,5077,273674
4380287,8161,5872,273675
4380303,8300,6635,273676
4380319,8216,7537,273677
4380335,8237,8456,273678
4380351,8281,9211,273679
4380367,8151,9967,273680
4380383,8283,10798,273681
4380399,8351,11572,273682
4380415,8216,12262,273683
4380431,8322,13011,273684
4380447,8224,13590,273685
4380463,8181,14162,273686
4380479,8072,14702,273687
4380495,8217,15313,273688
4380511,8268,15694,273689
4380527,8140,15970,273690
4380543,8175,16170,273691
4380559,8206,16278,273692
4380575,8195,16273,273693
4380591,8296,16247,273694
4380607,8383,16302,273695
4380623,8179,16270,273696
4380639,8224,15943,273697
4380655,8235,15556,273698
4380671,8288,15149,273699
4380687,8243,14725,273700
4380703,8062,14145,273701
4380719,8096,13551,273702
4380735,8329,12953,273703
4380751,8075,12262,273704
4380767,8198,11583,273705
4380783,8215,10783,273706
4380799,8122,10045,273707
4380815,8322,9156,273708
4380831,8439,8223,273709
4380847,8156,7398,273710
4380863,8359,6598,273711
4380879,8307,5870,273712
4380895,8026,5031,273713
4380911,8401,4362,273714
4380927,8132,3675,273715
4380943,7984,2959,273716
4380959,8258,2400,273717
4380975,8064,1878,273718
4380991,8147,1212,273719
4381007,8238,842,273720
4381023,8285,574,273721
4381039,8177,328,273722
4381055,8347,324,273723
4381071,8146,320,273724
4381087,8251,334,273725
4381103,8323,370,273726
4381119,8201,356,273727
4381135,8288,418,273728
4381151,8199,717,273729
4381167,8100,1147,273730
4381183,8176,1585,273731
4381199,8176,2143,273732
4381215,8196,2671,273733
4381231,8316,3286,273734
4381247,8113,3975,273735
4381263,8362,4711,273736
4381279,8157,5397,273737
4381295,8127,6222,273738
4381311,8316,7053,273739
4381327,8054,8019,273740
4381343,8097,8810,273741
4381359,8308,9660,273742
4381375,8035,10406,273743
4381391,8125,11130,273744
4381407,8292,11888,273745
4381423,8152,12644,273746
4381439,8297,13348,273747
4381455,8293,13884,273748
4381471,8108,14426,273749
4381487,8301,15045,273750
4381503,8225,15501,273751
4381519,8081,15826,273752
4381535,8162,16143,273753
4381551,8083,16255,273754
4381567,8159,16299,273755
4381583,8289,16344,273756
4381599,8182,16281,273757
4381615,8146,16332,273758
4381631,8117,16097,273759
4381647,8157,15787,273760
4381663,8126,15379,273761
4381679,8183,14905,273762
4381695,8295,14433,273763
4381711,8307,13867,273764
4381727,8104,13237,273765
4381743,8578,12618,273766
4381759,8262,11990,273767
4381775,8170,11154,273768
4381791,8335,10371,273769
4381807,8077,9640,273770
4381823,8250,8596,273771
4381839,8371,7783,273772
4381855,7999,7043,273773
4381871,8270,6214,273774
4381887,8225,5413,273775
4381903,8153,4713,273776
4381919,8266,3940,273777
4381935,8167,3345,273778
4381951,8242,2697,273779
4381967,8536,2131,273780
4381983,8151,1485,273781
4381999,8332,1001,273782
4382015,8105,669,273783
4382031,8082,389,273784
4382047,8357,341,273785
4382063,8066,378,273786
4382079,8148,375,273787
4382095,8295,386,273788
4382111,8041,280,273789
4382127,8322,344,273790
4382143,8508,546,273791
4382159,8056,996,273792
4382175,8387,1362,273793
4382191,8318,1830,273794
4382207,7895,2326,273795
4382223,8473,3032,273796
4382239,8135,3658,273797
4382255,8046,4323,273798
4382271,8185,5059,273799
4382287,7960,5821,273800
4382303,8075,6623,273801
4382319,8290,7612,273802
4382335,8025,8381,273803
4382351,8510,9199,273804
4382367,8339,10016,273805
4382383,8072,10794,273806
4382399,8455,11531,273807
4382415,8044,12250,273808
4382431,8215,12942,273809
4382447,8277,13561,273810
4382463,8032,14196,273811
4382479,8304,14722,273812
4382495,8218,15293,273813
4382511,8031,15685,273814
4382527,8352,15954,273815
4382543,8167,16230,273816
4382559,8162,16240,273817
4382575,8313,16286,273818
4382591,8126,16229,273819
4382607,8203,16192,273820
4382623,8376,16330,273821
4382639,8176,15980,273822
4382655,8168,15585,273823
4382671,8337,15229,273824
4382687,7987,14676,273825
4382703,8218,14161,273826
4382719,8144,13586,273827
4382735,8122,12897,273828
4382751,8298,12236,273829
4382767,8078,11588,273830
4382783,8183,10789,273831
4382799,8297,10027,273832
4382815,8241,9126,273833
4382831,8419,8197,273834
4382847,8303,7417,273835
4382863,8187,6629,273836
4382879,8510,5857,273837
4382895,8108,5075,273838
4382911,8190,4348,273839
4382927,8277,3699,273840
4382943,8061,2955,273841
4382959,8313,2375,273842
4382975,8216,1836,273843
4382991,8163,1292,273844
4383007,8325,863,273845
4383023,8103,509,273846
4383039,8125,352,273847
4383055,8324,322,273848
4383071,8112,338,273849
4383087,8232,381,273850
4383103,8357,388,273851
4383119,8128,357,273852
4383135,8227,384,273853
4383151,8068,696,273854
4383167,8046,1150,273855
4383183,8244,1573,273856
4383199,7933,2063,273857
4383215,8123,2630,273858
4383231,8302,3310,273859
4383247,8017,3926,273860
4383263,8273,4681,273861
4383279,8388,5487,273862
4383295,8073,6231,273863
4383311,8339,6972,273864
4383327,8180,8040,273865
4383343,8065,8792,273866
4383359,8317,9595,273867
4383375,7947,10426,273868
4383391,7943,11179,273869
4383407,8231,11930,273870
4383423,7979,12641,273871
4383439,8104,13272,273872
4383455,8401,13951,273873
4383471,8065,14444,273874
4383487,8283,15074,273875
4383503,8305,15526,273876
4383519,8152,15851,273877
4383535,8357,16177,273878
4383551,8317,16352,273879
4383567,8049,16249,273880
4383583,8191,16240,273881
4383599,8159,16330,273882
4383615,8154,16277,273883
4383631,8259,16117,273884
4383647,8242,15854,273885
4383663,8205,15322,273886
4383679,8042,14957,273887
4383695,8256,14466,273888
4383711,8271,13899,273889
4383727,8090,13270,273890
4383743,8357,12620,273891
4383759,8288,11892,273892
4383775,8067,11179,273893
4383791,8422,10431,273894
4383807,8217,9621,273895
4383823,8116,8599,273896
4383839,8362,7821,273897
4383855,8153,7049,273898
4383871,8060,6201,273899
4383887,8244,5406,273900
4383903,8197,4716,273901
4383919,8157,3945,273902
4383935,8200,3277,273903
4383951,8332,2708,273904
4383967,8197,2096,273905
4383983,8193,1497,273906
4383999,8328,1052,273907
4384015,8173,627,273908
4384031,8101,373,273909
4384047,8262,330,273910
4384063,8043,260,273911
4384079,8129,343,273912
4384095,8282,334,273913
4384111,8010,287,273914
4384127,8105,331,273915
4384143,8247,484,273916
4384159,8027,931,273917
4384175,8340,1353,273918
4384191,8274,1830,273919
4384207,8042,2353,273920
4384223,8420,3024,273921
4384239,8204,3577,273922
4384255,8087,4356,273923
4384271,8380,5080,273924
4384287,8092,5813,273925
4384303,8037,6593,273926
4384319,8264,7594,273927
4384335,8087,8418,273928
4384351,8288,9190,273929
4384367,8260,9995,273930
4384383,8010,10790,273931
4384399,8485,11551,273932
4384415,8295,12232,273933
4384431,8061,12906,273934
4384447,8539,13603,273935
4384463,8166,14149,273936
4384479,8199,14706,273937
4384495,8300,15276,273938
4384511,8055,15628,273939
4384527,8161,15999,273940
4384543,8235,16218,273941
4384559,8057,16252,273942
4384575,8264,16299,273943
4384591,8393,16309,273944
4384607,8156,16215,273945
4384623,8377,16215,273946
4384639,8187,15919,273947
4384655,8142,15547,273948
4384671,8361,15159,273949
4384687,8378,14733,273950
4384703,8120,14173,273951
4384719,8197,13559,273952
4384735,8144,12908,273953
4384751,8075,12223,273954
4384767,8265,11571,273955
4384783,8145,10787,273956
4384799,8249,10057,273957
4384815,8177,9129,273958
4384831,8193,8200,273959
4384847,8257,7386,273960
4384863,8279,6603,273961
4384879,8396,5858,273962
4384895,8227,5071,273963
4384911,8374,4360,273964
4384927,8306,3696,273965
4384943,8093,2981,273966
4384959,8312,2383,273967
4384975,8215,1892,273968
4384991,8024,1195,273969
4385007,8126,812,273970
4385023,8070,481,273971
4385039,8233,344,273972
4385055,8340,300,273973
4385071,8182,343,273974
4385087,8180,349,273975
4385103,8379,327,273976
4385119,8180,287,273977
4385135,8223,362,273978
4385151,8094,715,273979
4385167,8077,1210,273980
4385183,8349,1601,273981
4385199,8128,2127,273982
4385215,8107,2692,273983
4385231,8163,3269,273984
4385247,8020,4014,273985
4385263,8254,4661,273986
4385279,8442,5412,273987
4385295,8053,6209,273988
4385311,8290,6967,273989
4385327,8323,8008,273990
4385343,7971,8766,273991
4385359,8347,9558,273992
4385375,8196,10414,273993
4385391,8099,11126,273994
4385407,8288,11916,273995
4385423,8008,12630,273996
4385439,8127,13329,273997
4385455,8261,13853,273998
4385471,7992,14400,273999
4385487,8300,15065,274000
4385503,8381,15534,274001
4385519,8185,15815,274002
4385535,8438,16139,274003
4385551,8347,16354,274004
4385567,8065,16329,274005
4385583,8294,16293,274006
4385599,8077,16348,274007
4385615,8217,16307,274008
4385631,8340,16130,274009
4385647,8083,15811,274010
4385663,8193,15380,274011
4385679,8279,14964,274012
4385695,8102,14400,274013
4385711,8348,13907,274014
4385727,8286,13281,274015
4385743,8108,12587,274016
4385759,8387,11903,274017
4385775,8228,11181,274018
4385791,8202,10424,274019
4385807,8390,9633,274020
4385823,8111,8626,274021
4385839,8127,7839,274022
4385855,8236,7016,274023
4385871,8016,6188,274024
4385887,8262,5423,274025
4385903,8187,4690,274026
4385919,8136,3972,274027
4385935,8308,3334,274028
4385951,8102,2658,274029
4385967,8247,2091,274030
4385983,8301,1483,274031
4385999,8121,1002,274032
4386015,8258,699,274033
4386031,8343,436,274034
4386047,8250,302,274035
4386063,8103,279,274036
4386079,8214,404,274037
4386095,8216,322,274038
4386111,8209,295,274039
4386127,8107,340,274040
4386143,8366,591,274041
4386159,8163,982,274042
4386175,8221,1370,274043
4386191,8369,1843,274044
4386207,7924,2343,274045
4386223,8173,3000,274046
4386239,8532,3710,274047
4386255,7936,4355,274048
4386271,8220,5023,274049
4386287,8191,5810,274050
4386303,7878,6608,274051
4386319,8064,7561,274052
4386335,7993,8387,274053
4386351,8168,9190,274054
4386367,8339,9995,274055
4386383,8136,10799,274056
4386399,8255,11540,274057
4386415,8441,12240,274058
4386431,8176,12893,274059
4386447,8282,13556,274060
4386463,8266,14206,274061
4386479,8189,14751,274062
4386495,8214,15291,274063
4386511,8138,15712,274064
4386527,8015,15889,274065
4386543,8221,16253,274066
4386559,8121,16251,274067
4386575,8217,16196,274068
4386591,8170,16277,274069
4386607,8100,16250,274070
4386623,8300,16272,274071
4386639,8425,15993,274072
4386655,8417,15627,274073
4386671,8340,15157,274074
4386687,8172,14665,274075
4386703,8181,14230,274076
4386719,8363,13579,274077
4386735,8171,12995,274078
4386751,8196,12292,274079
4386767,8168,11560,274080
4386783,8179,10856,274081
4386799,8262,9988,274082
4386815,8331,9169,274083
4386831,8089,8200,274084
4386847,8270,7402,274085
4386863,8184,6560,274086
4386879,8337,5858,274087
4386895,8306,5035,274088
4386911,8213,4320,274089
4386927,8225,3673,274090
4386943,8290,3003,274091
4386959,8204,2360,274092
4386975,8014,1857,274093
4386991,8170,1278,274094
4387007,8247,887,274095
4387023,8143,490,274096
4387039,8157,349,274097
4387055,8277,345,274098
4387071,8220,315,274099
4387087,8152,305,274100
4387103,8348,342,274101
4387119,8247,363,274102
4387135,8247,342,274103
4387151,8277,799,274104
4387167,8211,1161,274105
4387183,8063,1585,274106
4387199,8167,2131,274107
4387215,8190,2684,274108
4387231,8106,3282,274109
4387247,8236,4001,274110
4387263,8129,4710,274111
4387279,8369,5491,274112
4387295,8047,6183,274113
4387311,8248,6969,274114
4387327,8266,8009,274115
4387343,8269,8821,274116
4387359,8426,9639,274117
4387375,8169,10464,274118
4387391,8152,11182,274119
4387407,8210,11892,274120
4387423,8094,12658,274121
4387439,8065,13239,274122
4387455,8369,13920,274123
4387471,8016,14405,274124
4387487,8185,15028,274125
4387503,8203,15447,274126
4387519,8032,15785,274127
4387535,8284,16111,274128
4387551,8447,16263,274129
4387567,8222,16320,274130
4387583,8341,16349,274131
4387599,8337,16288,274132
4387615,8022,16282,274133
4387631,8306,16055,274134
4387647,8080,15838,274135
4387663,8136,15360,274136
4387679,8322,14939,274137
4387695,8007,14408,274138
4387711,8413,13930,274139
4387727,8361,13256,274140
4387743,8090,12600,274141
4387759,8501,11911,274142
4387775,8216,11153,274143
4387791,8195,10395,274144
4387807,8416,9636,274145
4387823,8196,8601,274146
4387839,8292,7851,274147
4387855,8470,7005,274148
4387871,8010,6236,274149
4387887,8332,5504,274150
4387903,8204,4705,274151
4387919,8047,3958,274152
4387935,8357,3271,274153
4387951,8282,2679,274154
4387967,8190,2077,274155
4387983,8284,1495,274156
4387999,8193,1067,274157
4388015,8197,684,274158
4388031,8300,392,274159
4388047,8063,326,274160
4388063,8111,353,274161
4388079,8115,375,274162
4388095,8294,308,274163
4388111,8214,267,274164
4388127,8219,300,274165
4388143,8133,494,274166
4388159,8271,977,274167
4388175,8070,1404,274168
4388191,8368,1840,274169
4388207,8135,2408,274170
4388223,8062,2979,274171
4388239,8419,3659,274172
4388255,8086,4250,274173
4388271,8102,5062,274174
4388287,8340,5873,274175
4388303,8034,6587,274176
4388319,8162,7602,274177
4388335,8266,8401,274178
4388351,8084,9182,274179
4388367,8301,10006,274180
4388383,8098,10844,274181
4388399,8218,11540,274182
4388415,8280,12260,274183
4388431,8008,12964,274184
4388447,8172,13575,274185
4388463,8370,14199,274186
4388479,8175,14663,274187
4388495,8238,15242,274188
4388511,8066,15695,274189
4388527,8058,16010,274190
4388543,8356,16229,274191
4388559,8010,16239,274192
4388575,8026,16284,274193
4388591,8292,16259,274194
4388607,8160,16200,274195
4388623,8307,16233,274196
4388639,8219,15982,274197
4388655,8106,15600,274198
4388671,8444,15185,274199
4388687,8404,14710,274200
4388703,8205,14190,274201
4388719,8431,13627,274202
4388735,8026,12964,274203
4388751,8026,12306,274204
4388767,8321,11572,274205
4388783,8081,10776,274206
4388799,8092,10049,274207
4388815,8343,9231,274208
4388831,8230,8213,274209
4388847,8330,7420,274210
4388863,8281,6607,274211
4388879,8143,5861,274212
4388895,8394,5014,274213
4388911,8376,4364,274214
4388927,8110,3657,274215
4388943,8325,3001,274216
4388959,8233,2446,274217
4388975,8189,1860,274218
4388991,8141,1265,274219
4389007,8025,820,274220
4389023,8113,572,274221
4389039,8295,284,274222
4389055,8221,274,274223
4389071,8280,373,274224
4389087,8293,315,274225
4389103,8190,350,274226
4389119,8161,377,274227
4389135,8217,361,274228
4389151,8183,739,274229
4389167,8256,1167,274230
4389183,8184,1603,274231
4389199,8056,2085,274232
4389215,8322,2678,274233
4389231,8241,3342,274234
4389247,8095,3946,274235
4389263,8324,4744,274236
4389279,8156,5391,274237
4389295,8091,6205,274238
4389311,8265,7042,274239
4389327,8380,8041,274240
4389343,8231,8863,274241
4389359,8289,9580,274242
4389375,8253,10425,274243
4389391,8287,11162,274244
4389407,8437,11976,274245
4389423,8007,12680,274246
4389439,8148,13281,274247
4389455,8327,13918,274248
4389471,8103,14495,274249
4389487,8201,15075,274250
4389503,8310,15486,274251
4389519,8132,15780,274252
4389535,8298,16056,274253
4389551,8263,16335,274254
4389567,8184,16308,274255
4389583,8351,16275,274256
4389599,8381,16225,274257
4389615,8168,16261,274258
4389631,8316,16119,274259
4389647,8110,15767,274260
4389663,8094,15389,274261
4389679,8276,14909,274262
4389695,8063,14425,274263
4389711,8200,13943,274264
4389727,8366,13253,274265
4389743,8128,12647,274266
4389759,8419,11918,274267
4389775,8317,11201,274268
4389791,8161,10403,274269
4389807,8559,9633,274270
4389823,8325,8585,274271
4389839,8097,7786,274272
4389855,8458,7008,274273
4389871,7953,6243,274274
4389887,8049,5396,274275
4389903,8321,4662,274276
4389919,7863,3988,274277
4389935,8374,3274,274278
4389951,8275,2653,274279
4389967,8112,2081,274280
4389983,8290,1456,274281
4389999,8318,1006,274282
4390015,8185,656,274283
4390031,8266,409,274284
4390047,8275,311,274285
4390063,8176,292,274286
4390079,8347,315,274287
4390095,8180,263,274288
4390111,8077,253,274289
4390127,8157,282,274290
4390143,8121,505,274291
4390159,8058,1001,274292
4390175,8264,1373,274293
4390191,8361,1799,274294
4390207,8218,2367,274295
4390223,8112,2916,274296
4390239,8211,3636,274297
4390255,8296,4255,274298
4390271,8244,5030,274299
4390287,8326,5792,274300
4390303,8110,6578,274301
4390319,8180,7592,274302
4390335,8290,8436,274303
4390351,8049,9168,274304
4390367,8168,9998,274305
4390383,8286,10832,274306
4390399,8149,11545,274307
4390415,8284,12316,274308
4390431,8308,12948,274309
4390447,8277,13618,274310
4390463,8323,14191,274311
4390479,8304,14752,274312
4390495,8446,15296,274313
4390511,8247,15686,274314
4390527,8104,15920,274315
4390543,8237,16134,274316
4390559,8122,16298,274317
4390575,8163,16376,274318
4390591,8248,16278,274319
4390607,8177,16267,274320
4390623,8226,16214,274321
4390639,8332,15962,274322
4390655,8068,15543,274323
4390671,8309,15144,274324
4390687,8369,14701,274325
4390703,8234,14187,274326
4390719,8357,13581,274327
4390735,8343,12976,274328
4390751,8112,12274,274329
4390767,8306,11568,274330
4390783,8123,10820,274331
4390799,8123,10047,274332
4390815,8072,9167,274333
4390831,8105,8158,274334
4390847,8260,7356,274335
4390863,8366,6614,274336
4390879,8093,5802,274337
4390895,8429,5024,274338
4390911,8471,4357,274339
4390927,8218,3578,274340
4390943,8339,3004,274341
4390959,8215,2428,274342
4390975,8149,1837,274343
4390991,8198,1269,274344
4391007,7983,818,274345
4391023,8156,483,274346
4391039,8172,344,274347
4391055,8135,312,274348
4391071,8450,347,274349
4391087,8380,335,274350
4391103,8253,330,274351
4391119,8335,301,274352
4391135,8244,363,274353
4391151,8157,698,274354
4391167,8191,1130,274355
4391183,8181,1633,274356
4391199,8237,2163,274357
4391215,8148,2690,274358
4391231,7971,3266,274359
4391247,8201,4003,274360
4391263,8274,4732,274361
4391279,8066,5418,274362
4391295,8237,6251,274363
4391311,8314,7023,274364
4391327,8216,7976,274365
4391343,8360,8890,274366
4391359,8337,9620,274367
4391375,8200,10446,274368
4391391,8102,11151,274369
4391407,8227,11896,274370
4391423,8172,12614,274371
4391439,8096,13309,274372
4391455,8327,13915,274373
4391471,8219,14532,274374
4391487,8228,15053,274375
4391503,8213,15491,274376
4391519,8139,15764,274377
4391535,8097,16108,274378
4391551,8408,16270,274379
4391567,8255,16359,274380
4391583,8263,16355,274381
4391599,8291,16302,274382
4391615,8077,16201,274383
4391631,8152,16093,274384
4391647,8416,15867,274385
4391663,8057,15389,274386
4391679,8259,14916,274387
4391695,8192,14448,274388
4391711,8050,13816,274389
4391727,8338,13212,274390
4391743,8131,12591,274391
4391759,8381,11936,274392
4391775,8460,11216,274393
4391791,8161,10399,274394
4391807,8447,9637,274395
4391823,8440,8603,274396
4391839,8262,7837,274397
4391855,8496,7055,274398
4391871,8105,6169,274399
4391887,7966,5428,274400
4391903,8446,4717,274401
4391919,7919,4008,274402
4391935,8287,3337,274403
4391951,8252,2681,274404
4391967,8001,2095,274405
4391983,8370,1448,274406
4391999,8305,1065,274407
4392015,8092,674,274408
4392031,8483,420,274409
4392047,8255,302,274410
4392063,8129,321,274411
4392079,8302,362,274412
4392095,7975,287,274413
4392111,8093,341,274414
4392127,8221,300,274415
4392143,7849,492,274416
4392159,8291,956,274417
4392175,8106,1299,274418
4392191,8136,1882,274419
4392207,8405,2394,274420
4392223,8317,3007,274421
4392239,8221,3625,274422
4392255,8244,4309,274423
4392271,7954,5034,274424
4392287,8323,5823,274425
4392303,8373,6608,274426
4392319,8041,7595,274427
4392335,8224,8379,274428
4392351,8280,9255,274429
4392367,8043,9999,274430
4392383,8455,10818,274431
4392399,8098,11510,274432
4392415,8180,12267,274433
4392431,8379,12991,274434
4392447,8214,13577,274435
4392463,8210,14125,274436
4392479,8340,14723,274437
4392495,8185,15256,274438
4392511,8154,15666,274439
4392527,8289,15986,274440
4392543,8259,16227,274441
4392559,8248,16301,274442
4392575,8314,16293,274443
4392591,8342,16276,274444
4392607,8125,16277,274445
4392623,8250,16285,274446
4392639,8360,15959,274447
4392655,8153,15527,274448
4392671,8376,15197,274449
4392687,8384,14699,274450
4392703,8144,14157,274451
4392719,8444,13629,274452
4392735,8344,12954,274453
4392751,8212,12286,274454
4392767,8525,11587,274455
4392783,8287,10805,274456
4392799,8092,9995,274457
4392815,8353,9208,274458
4392831,8145,8218,274459
4392847,8221,7406,274460
4392863,8329,6551,274461
4392879,8129,5844,274462
4392895,8425,5039,274463
4392911,8433,4290,274464
4392927,8312,3646,274465
4392943,8379,2987,274466
4392959,8300,2381,274467
4392975,8225,1802,274468
4392991,8419,1253,274469
4393007,8029,887,274470
4393023,8091,482,274471
4393039,8306,385,274472
4393055,8031,306,274473
4393071,8310,337,274474
4393087,8327,391,274475
4393103,8066,318,274476
4393119,8318,296,274477
4393135,8374,434,274478
4393151,8249,716,274479
4393167,8511,1164,274480
4393183,8092,1520,274481
4393199,8111,2093,274482
4393215,8390,2660,274483
4393231,8124,3355,274484
4393247,8065,3955,274485
4393263,8221,4692,274486
4393279,8145,5422,274487
4393295,8250,6170,274488
4393311,8358,7020,274489
4393327,8115,8037,274490
4393343,8299,8809,274491
4393359,8284,9649,274492
4393375,8313,10443,274493
4393391,8331,11194,274494
4393407,8207,11953,274495
4393423,8345,12666,274496
4393439,8280,13360,274497
4393455,8168,13841,274498
4393471,8184,14394,274499
4393487,8077,15062,274500
4393503,8207,15481,274501
4393519,8173,15781,274502
4393535,8256,16129,274503
4393551,8325,16242,274504
4393567,8284,16290,274505
4393583,8175,16271,274506
4393599,8491,16306,274507
4393615,8276,16383,274508
4393631,8195,16077,274509
4393647,8232,15796,274510
4393663,8193,15455,274511
4393679,8201,14956,274512
4393695,8210,14442,274513
4393711,8126,13953,274514
4393727,8140,13273,274515
4393743,8222,12609,274516
4393759,8143,11900,274517
4393775,8262,11145,274518
4393791,8102,10370,274519
4393807,8350,9579,274520
4393823,8265,8616,274521
4393839,8070,7813,274522
4393855,8432,6972,274523
4393871,8307,6229,274524
4393887,7929,5410,274525
4393903,8468,4723,274526
4393919,8047,3977,274527
4393935,8034,3316,274528
4393951,8550,2649,274529
4393967,8010,2154,274530
4393983,8225,1496,274531
4393999,8440,1077,274532
4394015,7927,659,274533
4394031,8441,397,274534
4394047,8377,345,274535
4394063,8124,328,274536
4394079,8383,352,274537
4394095,8055,344,274538
4394111,7884,304,274539
4394127,8267,334,274540
4394143,7994,504,274541
4394159,8135,958,274542
4394175,8250,1354,274543
4394191,8017,1825,274544
4394207,8361,2389,274545
4394223,8225,2973,274546
4394239,8105,3569,274547
4394255,8540,4345,274548
4394271,8173,5011,274549
4394287,8198,5825,274550
4394303,8404,6569,274551
4394319,7974,7572,274552
4394335,8091,8424,274553
4394351,8291,9208,274554
4394367,7941,9978,274555
4394383,8294,10824,274556
4394399,8120,11523,274557
4394415,7983,12196,274558
4394431,8403,12898,274559
4394447,8185,13575,274560
4394463,8036,14138,274561
4394479,8422,14735,274562
4394495,8132,15296,274563
4394511,8287,15641,274564
4394527,8301,15989,274565
4394543,8008,16206,274566
4394559,8263,16316,274567
4394575,8198,16257,274568
4394591,8185,16317,274569
4394607,8100,16319,274570
4394623,8036,16278,274571
4394639,8131,15981,274572
4394655,8196,15508,274573
4394671,8181,15191,274574
4394687,8412,14763,274575
4394703,8257,14175,274576
4394719,8233,13634,274577
4394735,8556,13029,274578
4394751,8161,12207,274579
4394767,8264,11537,274580
4394783,8296,10754,274581
4394799,8184,10022,274582
4394815,8410,9169,274583
4394831,8124,8220,274584
4394847,8083,7405,274585
4394863,8238,6569,274586
4394879,8297,5833,274587
4394895,8167,5089,274588
4394911,8413,4301,274589
4394927,8157,3583,274590
4394943,8299,2987,274591
4394959,8352,2363,274592
4394975,8141,1851,274593
4394991,8473,1255,274594
4395007,8217,821,274595
4395023,8220,549,274596
4395039,8435,347,274597
4395055,8061,304,274598
4395071,8294,363,274599
4395087,8183,330,274600
4395103,8067,323,274601
4395119,8265,320,274602
4395135,8300,395,274603
4395151,8109,733,274604
4395167,8470,1210,274605
4395183,8170,1576,274606
4395199,8099,2159,274607
4395215,8403,2720,274608
4395231,8224,3232,274609
4395247,8082,3997,274610
4395263,8215,4707,274611
4395279,7964,5441,274612
4395295,8120,6218,274613
4395311,8161,6987,274614
4395327,8129,8025,274615
4395343,8333,8825,274616
4395359,8254,9577,274617
4395375,8329,10439,274618
4395391,8260,11166,274619
4395407,8085,11895,274620
4395423,8180,12641,274621
4395439,8225,13270,274622
4395455,8146,13956,274623
4395471,8202,14451,274624
4395487,8044,14978,274625
4395503,8260,15515,274626
4395519,8244,15832,274627
4395535,8224,16127,274628
4395551,8242,16297,274629
4395567,8229,16200,274630
4395583,8249,16365,274631
4395599,8321,16338,274632
4395615,8317,16281,274633
4395631,8151,16094,274634
4395647,8228,15791,274635
4395663,8355,15430,274636
4395679,8218,14979,274637
4395695,8333,14514,274638
4395711,8244,13824,274639
4395727,8193,13306,274640
4395743,8281,12643,274641
4395759,8235,11927,274642
4395775,8137,11146,274643
4395791,8230,10387,274644
4395807,8146,9554,274645
4395823,8365,8613,274646
4395839,8265,7841,274647
4395855,8291,7026,274648
4395871,8185,6237,274649
4395887,8162,5442,274650
4395903,8184,4696,274651
4395919,8077,3947,274652
4395935,8076,3253,274653
4395951,8329,2695,274654
4395967,8117,2104,274655
4395983,8065,1488,274656
4395999,8289,1058,274657
4396015,8107,677,274658
4396031,8239,360,274659
4396047,8309,384,274660
4396063,8279,395,274661
4396079,8288,352,274662
4396095,8405,330,274663
4396111,8105,389,274664
4396127,8187,316,274665
4396143,8054,508,274666
4396159,8106,982,274667
4396175,8262,1402,274668
4396191,7940,1819,274669
4396207,8318,2399,274670
4396223,8185,2958,274671
4396239,8152,3681,274672
4396255,8332,4391,274673
4396271,8257,5060,274674
4396287,8205,5815,274675
4396303,8358,6579,274676
4396319,8220,7604,274677
4396335,8070,8404,274678
4396351,8296,9189,274679
4396367,8011,10031,274680
4396383,8134,10812,274681
4396399,8104,11497,274682
4396415,8009,12280,274683
4396431,8316,12919,274684
4396447,8385,13635,274685
4396463,8185,14223,274686
4396479,8466,14778,274687
4396495,8286,15272,274688
4396511,8230,15624,274689
4396527,8356,16023,274690
4396543,8118,16260,274691
4396559,8239,16299,274692
4396575,8287,16327,274693
4396591,8142,16255,274694
4396607,8148,16246,274695
4396623,8129,16279,274696
4396639,7943,15902,274697
4396655,8093,15565,274698
4396671,8092,15245,274699
4396687,8166,14704,274700
4396703,8308,14227,274701
4396719,8022,13546,274702
4396735,8239,12920,274703
4396751,8255,12316,274704
4396767,8246,11598,274705
4396783,8261,10856,274706
4396799,8008,10010,274707
4396815,8098,9129,274708
4396831,8252,8226,274709
4396847,8150,7431,274710
4396863,8153,6570,274711
4396879,8177,5813,274712
4396895,8024,5018,274713
4396911,8180,4305,274714
4396927,8313,3654,274715
4396943,8279,3036,274716
4396959,8357,2369,274717
4396975,8158,1821,274718
4396991,8085,1249,274719
4397007,8245,864,274720
4397023,8207,511,274721
4397039,8263,319,274722
4397055,8109,297,274723
4397071,7995,345,274724
4397087,8178,378,274725
4397103,8027,334,274726
4397119,8210,371,274727
4397135,8265,415,274728
4397151,7937,745,274729
4397167,8359,1152,274730
4397183,8294,1571,274731
4397199,8152,2131,274732
4397215,8330,2652,274733
4397231,8157,3322,274734
4397247,8128,3964,274735
4397263,8258,4704,274736
4397279,8077,5435,274737
4397295,8137,6219,274738
4397311,8312,6944,274739
4397327,8116,7983,274740
4397343,8158,8793,274741
4397359,8318,9695,274742
4397375,8174,10428,274743
4397391,8305,11185,274744
4397407,8379,11966,274745
4397423,8142,12619,274746
4397439,8317,13226,274747
4397455,8163,13889,274748
4397471,8079,14447,274749
4397487,8328,15104,274750
4397503,7932,15486,274751
4397519,8195,15788,274752
4397535,8152,16045,274753
4397551,7968,16265,274754
4397567,8349,16332,274755
4397583,8301,16260,274756
4397599,8183,16294,274757
4397615,8399,16274,274758
4397631,8272,16162,274759
4397647,8213,15774,274760
4397663,8434,15439,274761
4397679,8092,14990,274762
4397695,8188,14438,274763
4397711,8226,13888,274764
4397727,8051,13289,274765
4397743,8171,12607,274766
4397759,8353,11926,274767
4397775,8211,11189,274768
4397791,8417,10439,274769
4397807,8193,9602,274770
4397823,8194,8609,274771
4397839,8232,7764,274772
4397855,8231,6973,274773
4397871,8200,6182,274774
4397887,8269,5466,274775
4397903,8105,4699,274776
4397919,8169,3982,274777
4397935,8151,3327,274778
4397951,8144,2654,274779
4397967,8243,2094,274780
4397983,8138,1469,274781
4397999,8254,1014,274782
4398015,8216,670,274783
4398031,8117,332,274784
4398047,8364,274,274785
4398063,8187,308,274786
4398079,8281,369,274787
4398095,8380,358,274788
4398111,8099,344,274789
4398127,8268,274,274790
4398143,8062,602,274791
4398159,7977,961,274792
4398175,8187,1351,274793
4398191,8050,1848,274794
4398207,8101,2372,274795
4398223,8253,3014,274796
4398239,8086,3617,274797
4398255,8330,4326,274798
4398271,8243,5073,274799
4398287,7989,5810,274800
4398303,8414,6608,274801
4398319,8365,7613,274802
4398335,8053,8398,274803
4398351,8445,9218,274804
4398367,8050,9984,274805
4398383,8220,10842,274806
4398399,8422,11548,274807
4398415,7882,12237,274808
4398431,8171,13017,274809
4398447,8236,13555,274810
4398463,7970,14137,274811
4398479,8286,14635,274812
4398495,8357,15242,274813
4398511,8158,15687,274814
4398527,8391,15905,274815
4398543,8228,16138,274816
4398559,7943,16228,274817
4398575,8337,16201,274818
4398591,8182,16269,274819
4398607,8094,16297,274820
4398623,8178,16221,274821
4398639,8043,15964,274822
4398655,8282,15594,274823
4398671,8330,15178,274824
4398687,8277,14711,274825
4398703,8389,14149,274826
4398719,8277,13595,274827
4398735,8276,12938,274828
4398751,8322,12282,274829
4398767,8244,11613,274830
4398783,8155,10831,274831
4398799,8242,9995,274832
4398815,8121,9144,274833
4398831,8168,8222,274834
4398847,8154,7385,274835
4398863,8211,6651,274836
4398879,8286,5826,274837
4398895,8179,5071,274838
4398911,8264,4312,274839
4398927,8267,3641,274840
4398943,8239,2985,274841
4398959,8424,2394,274842
4398975,8335,1825,274843
4398991,8189,1236,274844
4399007,8301,885,274845
4399023,8288,572,274846
4399039,8276,291,274847
4399055,8155,314,274848
4399071,8159,314,274849
4399087,8119,297,274850
4399103,8129,311,274851
4399119,8180,328,274852
4399135,8187,395,274853
4399151,8109,784,274854
4399167,8195,1118,274855
4399183,8286,1586,274856
4399199,8221,2124,274857
4399215,8313,2702,274858
4399231,8313,3338,274859
4399247,8066,3981,274860
4399263,8227,4668,274861
4399279,8083,5395,274862
4399295,8091,6223,274863
4399311,8163,7021,274864
4399327,8030,8002,274865
4399343,8117,8878,274866
4399359,8139,9622,274867
4399375,8109,10401,274868
4399391,8157,11119,274869
4399407,8342,11958,274870
4399423,8122,12684,274871
4399439,8223,13299,274872
4399455,8124,13904,274873
4399471,8030,14437,274874
4399487,8226,15041,274875
4399503,8036,15551,274876
4399519,8059,15807,274877
4399535,8215,16117,274878
4399551,8046,16252,274879
4399567,8259,16229,274880
4399583,8259,16310,274881
4399599,8137,16292,274882
4399615,8362,16263,274883
4399631,8266,16097,274884
4399647,8242,15812,274885
4399663,8327,15378,274886
4399679,8106,14959,274887
4399695,8139,14439,274888
4399711,8456,13937,274889
4399727,7913,13236,274890
4399743,8079,12617,274891
4399759,8257,11907,274892
4399775,8001,11137,274893
4399791,8232,10421,274894
4399807,8262,9664,274895
4399823,8184,8565,274896
4399839,8324,7809,274897
4399855,8262,7012,274898
4399871,8275,6212,274899
4399887,8339,5451,274900
4399903,8242,4743,274901
4399919,8249,3967,274902
4399935,8176,3334,274903
4399951,7982,2703,274904
4399967,8171,2098,274905
4399983,8071,1457,274906
4399999,8169,1001,274907
4400015,8283,671,274908
4400031,8044,339,274909
4400047,8366,327,274910
4400063,8185,303,274911
4400079,8093,302,274912
4400095,8421,358,274913
4400111,8210,356,274914
4400127,8265,352,274915
4400143,8421,566,274916
4400159,8128,958,274917
4400175,8290,1398,274918
4400191,8294,1894,274919
4400207,8051,2371,274920
4400223,8187,3001,274921
4400239,8263,3665,274922
4400255,8093,4290,274923
4400271,8273,5019,274924
4400287,8160,5854,274925
4400303,8261,6626,274926
4400319,8389,7624,274927
4400335,8161,8407,274928
4400351,8267,9189,274929
4400367,8206,10035,274930
4400383,8089,10821,274931
4400399,8342,11520,274932
4400415,8121,12282,274933
4400431,7971,12940,274934
4400447,8279,13601,274935
4400463,8078,14224,274936
4400479,8351,14752,274937
4400495,8311,15282,274938
4400511,8034,15680,274939
4400527,8475,15985,274940
4400543,8317,16194,274941
4400559,8025,16228,274942
4400575,8384,16172,274943
4400591,8086,16299,274944
4400607,8073,16258,274945
4400623,8394,16234,274946
4400639,7954,16023,274947
4400655,8156,15575,274948
4400671,8361,15217,274949
4400687,7928,14664,274950
4400703,8317,14154,274951
4400719,8291,13608,274952
4400735,8227,12957,274953
4400751,8530,12316,274954
4400767,8236,11591,274955
4400783,8198,10771,274956
4400799,8392,10056,274957
4400815,8037,9165,274958
4400831,8161,8189,274959
4400847,8219,7395,274960
4400863,7922,6582,274961
4400879,8408,5854,274962
4400895,8096,5053,274963
4400911,8131,4312,274964
4400927,8398,3624,274965
4400943,8278,3032,274966
4400959,8244,2394,274967
4400975,8315,1835,274968
4400991,8135,1221,274969
4401007,8217,853,274970
4401023,8349,581,274971
4401039,8144,329,274972
4401055,8165,327,274973
4401071,8212,352,274974
4401087,8145,295,274975
4401103,8184,332,274976
4401119,8219,316,274977
4401135,8104,343,274978
4401151,8147,704,274979
4401167,8156,1109,274980
4401183,8300,1628,274981
4401199,8176,2104,274982
4401215,8199,2642,274983
4401231,8127,3281,274984
4401247,8199,3974,274985
4401263,8216,4665,274986
4401279,8109,5411,274987
4401295,8274,6219,274988
4401311,8196,7050,274989
4401327,8158,8071,274990
4401343,8030,8779,274991
4401359,8291,9664,274992
4401375,8196,10404,274993
4401391,8306,11200,274994
4401407,8208,11926,274995
4401423,8283,12655,274996
4401439,8312,13289,274997
4401455,8159,13855,274998
4401471,8229,14434,274999
4401487,8375,15005,275000
4401503,8155,15513,275001
4401519,8330,15856,275002
4401535,8250,16116,275003
4401551,8003,16250,275004
4401567,8258,16251,275005
4401583,8162,16257,275006
4401599,8011,16232,275007
4401615,8437,16324,275008
4401631,8292,16086,275009
4401647,8178,15773,275010
4401663,8428,15406,275011
4401679,8293,14985,275012
4401695,8218,14427,275013
4401711,8460,13884,275014
4401727,8127,13269,275015
4401743,8154,12599,275016
4401759,8262,11987,275017
4401775,8152,11177,275018
4401791,8110,10391,275019
4401807,8260,9573,275020
4401823,8140,8604,275021
4401839,8363,7829,275022
4401855,8287,6996,275023
4401871,8152,6252,275024
4401887,8236,5420,275025
4401903,8325,4709,275026
4401919,8141,3947,275027
4401935,8306,3311,275028
4401951,8067,2691,275029
4401967,7956,2048,275030
4401983,8258,1478,275031
4401999,7980,1010,275032
4402015,8274,715,275033
4402031,8227,398,275034
4402047,8127,263,275035
4402063,8370,348,275036
4402079,8333,330,275037
4402095,8252,332,275038
4402111,8361,355,275039
4402127,8006,284,275040
4402143,8197,480,275041
4402159,8209,918,275042
4402175,8050,1357,275043
4402191,8149,1878,275044
4402207,8188,2389,275045
4402223,8064,3011,275046
4402239,8174,3607,275047
4402255,8304,4336,275048
4402271,8065,5022,275049
4402287,8125,5815,275050
4402303,8116,6600,275051
4402319,8201,7560,275052
4402335,8207,8369,275053
4402351,8211,9181,275054
4402367,8241,10029,275055
4402383,8107,10774,275056
4402399,8273,11534,275057
4402415,8183,12290,275058
4402431,8064,12906,275059
4402447,8257,13564,275060
4402463,8124,14170,275061
4402479,8180,14771,275062
4402495,8220,15226,275063
4402511,8153,15608,275064
4402527,8254,16027,275065
4402543,8259,16176,275066
4402559,8102,16294,275067
4402575,8401,16340,275068
4402591,8332,16299,275069
4402607,8146,16323,275070
4402623,8319,16290,275071
4402639,8076,15944,275072
4402655,8123,15517,275073
4402671,8359,15197,275074
4402687,8081,14717,275075
4402703,8260,14149,275076
4402719,8233,13576,275077
4402735,8062,12961,275078
4402751,8399,12246,275079
4402767,8225,11550,275080
4402783,8149,10783,275081
4402799,8526,10088,275082
4402815,8107,9170,275083
4402831,8191,8228,275084
4402847,8418,7406,275085
4402863,7822,6599,275086
4402879,8105,5810,275087
4402895,8184,5064,275088
4402911,7950,4341,275089
4402927,8518,3605,275090
4402943,8212,2996,275091
4402959,7997,2512,275092
4402975,8375,1817,275093
4402991,8161,1203,275094
4403007,8232,900,275095
4403023,8261,539,275096
4403039,7942,386,275097
4403055,7993,309,275098
4403071,8306,325,275099
4403087,7841,291,275100
4403103,8185,351,275101
4403119,8199,321,275102
4403135,8029,265,275103
4403151,8374,763,275104
4403167,8247,1171,275105
4403183,8278,1578,275106
4403199,8252,2110,275107
4403215,8167,2708,275108
4403231,8218,3357,275109
4403247,8136,3973,275110
4403263,8015,4670,275111
4403279,8309,5500,275112
4403295,8008,6146,275113
4403311,7996,7020,275114
4403327,8262,8068,275115
4403343,8010,8785,275116
4403359,8134,9569,275117
4403375,8194,10437,275118
4403391,8009,11213,275119
4403407,8136,11945,275120
4403423,8116,12606,275121
4403439,8035,13292,275122
4403455,8190,13857,275123
4403471,8250,14499,275124
4403487,8185,15106,275125
4403503,8305,15519,275126
4403519,8185,15817,275127
4403535,8249,16085,275128
4403551,8137,16262,275129
4403567,8033,16253,275130
4403583,8274,16225,275131
4403599,8260,16317,275132
4403615,8325,16312,275133
4403631,8344,16154,275134
4403647,8096,15803,275135
4403663,8308,15349,275136
4403679,8319,14928,275137
4403695,8097,14440,275138
4403711,8380,13965,275139
4403727,8053,13216,275140
4403743,8223,12616,275141
4403759,8378,11943,275142
4403775,8057,11167,275143
4403791,8068,10394,275144
4403807,8371,9563,275145
4403823,8050,8573,275146
4403839,8370,7782,275147
4403855,8429,7022,275148
4403871,8088,6226,275149
4403887,8500,5475,275150
4403903,8194,4654,275151
4403919,8149,3967,275152
4403935,8421,3349,275153
4403951,7995,2707,275154
4403967,8262,2134,275155
4403983,8173,1472,275156
4403999,8029,988,275157
4404015,8147,652,275158
4404031,8213,422,275159
4404047,8002,337,275160
4404063,8507,304,275161
4404079,8288,365,275162
4404095,8365,335,275163
4404111,8515,316,275164
4404127,7947,333,275165
4404143,8253,503,275166
4404159,8245,957,275167
4404175,7970,1410,275168
4404191,8253,1862,275169
4404207,8184,2427,275170
4404223,7947,2943,275171
4404239,8353,3657,275172
4404255,8228,4390,275173
4404271,8271,5069,275174
4404287,8292,5829,275175
4404303,8173,6617,275176
4404319,8265,7613,275177
4404335,8192,8445,275178
4404351,8260,9205,275179
4404367,8286,10003,275180
4404383,8221,10781,275181
4404399,8143,11530,275182
4404415,8186,12263,275183
4404431,7957,12944,275184
4404447,8242,13587,275185
4404463,8188,14112,275186
4404479,8094,14726,275187
4404495,8390,15279,275188
4404511,8247,15705,275189
4404527,8079,15972,275190
4404543,8498,16209,275191
4404559,8150,16250,275192
4404575,8088,16347,275193
4404591,8325,16223,275194
4404607,8114,16310,275195
4404623,8242,16335,275196
4404639,8267,16007,275197
4404655,8153,15604,275198
4404671,8258,15187,275199
4404687,8067,14694,275200
4404703,7915,14113,275201
4404719,8290,13588,275202
4404735,8190,12967,275203
4404751,8214,12262,275204
4404767,8318,11600,275205
4404783,8081,10824,275206
4404799,8338,10016,275207
4404815,8257,9133,275208
4404831,8051,8180,275209
4404847,8309,7390,275210
4404863,8195,6642,275211
4404879,8111,5815,275212
4404895,8205,5069,275213
4404911,8004,4390,275214
4404927,8184,3581,275215
4404943,8293,3001,275216
4404959,7975,2387,275217
4404975,8397,1856,275218
4404991,8229,1217,275219
4405007,8283,839,275220
4405023,8497,542,275221
4405039,8081,328,275222
4405055,8063,293,275223
4405071,8315,376,275224
4405087,8054,352,275225
4405103,7980,291,275226
4405119,8138,310,275227
4405135,8068,384,275228
4405151,8196,722,275229
4405167,8311,1165,275230
4405183,8210,1664,275231
4405199,8338,2114,275232
4405215,8305,2697,275233
4405231,8220,3216,275234
4405247,8222,3989,275235
4405263,8066,4720,275236
4405279,8103,5437,275237
4405295,8249,6165,275238
4405311,8029,6966,275239
4405327,8151,8004,275240
4405343,8228,8807,275241
4405359,8153,9605,275242
4405375,8194,10393,275243
4405391,8143,11186,275244
4405407,8209,11909,275245
4405423,8420,12668,275246
4405439,8157,13266,275247
4405455,8267,13885,275248
4405471,8266,14459,275249
4405487,8161,15066,275250
4405503,8184,15465,275251
4405519,8206,15856,275252
4405535,8160,16152,275253
4405551,8221,16282,275254
4405567,8163,16334,275255
4405583,8177,16288,275256
4405599,8093,16305,275257
4405615,8205,16280,275258
4405631,8245,16073,275259
4405647,8270,15847,275260
4405663,8292,15387,275261
4405679,8179,14956,275262
4405695,8175,14473,275263
4405711,8363,13927,275264
4405727,8249,13249,275265
4405743,7959,12579,275266
4405759,8203,11898,275267
4405775,8146,11147,275268
4405791,7975,10496,275269
4405807,8262,9594,275270
4405823,8095,8543,275271
4405839,8160,7807,275272
4405855,8207,6968,275273
4405871,8085,6270,275274
4405887,8334,5481,275275
4405903,8400,4690,275276
4405919,8184,3965,275277
4405935,8471,3335,275278
4405951,8120,2802,275279
4405967,8181,2117,275280
4405983,8328,1533,275281
4405999,8172,1093,275282
4406015,8106,640,275283
4406031,8303,428,275284
4406047,8091,335,275285
4406063,8284,311,275286
4406079,8311,389,275287
4406095,8081,354,275288
4406111,8504,335,275289
4406127,8350,321,275290
4406143,8161,480,275291
4406159,8300,962,275292
4406175,7961,1387,275293
4406191,8193,1831,275294
4406207,8184,2327,275295
4406223,8000,2954,275296
4406239,8152,3605,275297
4406255,8222,4329,275298
4406271,7987,5074,275299
4406287,8385,5840,275300
4406303,8271,6577,275301
4406319,8106,7614,275302
4406335,8362,8469,275303
4406351,8237,9262,275304
4406367,8261,10055,275305
4406383,8279,10738,275306
4406399,8066,11575,275307
4406415,7991,12230,275308
4406431,8226,12947,275309
4406447,8048,13609,275310
4406463,8229,14212,275311
4406479,8287,14706,275312
4406495,8156,15246,275313
4406511,8260,15658,275314
4406527,8234,15984,275315
4406543,8273,16240,275316
4406559,8273,16273,275317
4406575,8129,16299,275318
4406591,8342,16213,275319
4406607,8313,16341,275320
4406623,8116,16259,275321
4406639,8086,15997,275322
4406655,8042,15558,275323
4406671,8195,15190,275324
4406687,8252,14764,275325
4406703,8033,14133,275326
4406719,8379,13600,275327
4406735,8201,12884,275328
4406751,8117,12208,275329
4406767,8338,11637,275330
4406783,7996,10780,275331
4406799,8403,10034,275332
4406815,8341,9151,275333
4406831,8203,8238,275334
4406847,8245,7380,275335
4406863,8217,6588,275336
4406879,8085,5826,275337
4406895,8372,5016,275338
4406911,8006,4349,275339
4406927,8185,3687,275340
4406943,8235,2992,275341
4406959,7821,2320,275342
4406975,8395,1860,275343
4406991,8335,1266,275344
4407007,8027,863,275345
4407023,8538,540,275346
4407039,8191,369,275347
4407055,8057,307,275348
4407071,8298,305,275349
4407087,7993,304,275350
4407103,8127,318,275351
4407119,8273,341,275352
4407135,7890,379,275353
4407151,8192,778,275354
4407167,8316,1181,275355
4407183,8022,1627,275356
4407199,8269,2071,275357
4407215,8151,2703,275358
4407231,8142,3316,275359
4407247,8368,4037,275360
4407263,8136,4653,275361
4407279,8180,5398,275362
4407295,8261,6229,275363
4407311,7982,6975,275364
4407327,8176,8029,275365
4407343,8251,8864,275366
4407359,7932,9589,275367
4407375,8261,10446,275368
4407391,8208,11140,275369
4407407,8018,11925,275370
4407423,8313,12660,275371
4407439,8198,13271,275372
4407455,8213,13936,275373
4407471,8468,14410,275374
4407487,8139,15115,275375
4407503,8222,15421,275376
4407519,8239,15768,275377
4407535,8073,16140,275378
4407551,8144,16326,275379
4407567,8278,16245,275380
4407583,8001,16252,275381
4407599,8204,16243,275382
4407615,8244,16285,275383
4407631,8105,16132,275384
4407647,8144,15817,275385
4407663,8324,15385,275386
4407679,8251,15000,275387
4407695,8151,14438,275388
4407711,8226,13864,275389
4407727,8220,13243,275390
4407743,8066,12562,275391
4407759,8135,11862,275392
4407775,8077,11134,275393
4407791,8146,10413,275394
4407807,8199,9610,275395
4407823,8262,8603,275396
4407839,8200,7828,275397
4407855,8241,6999,275398
4407871,8081,6212,275399
4407887,8196,5434,275400
4407903,8243,4706,275401
4407919,8078,3912,275402
4407935,8227,3302,275403
4407951,8305,2686,275404
4407967,8144,2066,275405
4407983,8273,1496,275406
4407999,8248,1090,275407
4408015,8189,699,275408
4408031,8190,405,275409
4408047,8059,350,275410
4408063,8234,365,275411
4408079,8242,350,275412
4408095,8141,415,275413
4408111,8253,333,275414
4408127,8366,293,275415
4408143,8203,470,275416
4408159,8313,920,275417
4408175,8160,1386,275418
4408191,8091,1885,275419
4408207,8406,2392,275420
4408223,7921,2969,275421
4408239,8204,3647,275422
4408255,8155,4309,275423
4408271,7947,5043,275424
4408287,8293,5820,275425
4408303,8270,6614,275426
4408319,8036,7574,275427
4408335,8374,8409,275428
4408351,8439,9242,275429
4408367,8263,9974,275430
4408383,8313,10779,275431
4408399,8255,11526,275432
4408415,8273,12312,275433
4408431,8190,12884,275434
4408447,8081,13646,275435
4408463,8221,14159,275436
4408479,8079,14737,275437
4408495,8127,15295,275438
4408511,8197,15656,275439
4408527,8317,16015,275440
4408543,8232,16286,275441
4408559,8386,16277,275442
4408575,8251,16249,275443
4408591,8224,16208,275444
4408607,8386,16304,275445
4408623,8125,16237,275446
4408639,8234,15991,275447
4408655,8046,15533,275448
4408671,8093,15193,275449
4408687,8115,14674,275450
4408703,8104,14199,275451
4408719,8230,13636,275452
4408735,8313,12968,275453
4408751,8261,12238,275454
4408767,8260,11772,275455
4408783,8219,10834,275456
4408799,8221,10002,275457
4408815,8370,9239,275458
4408831,8310,8191,275459
4408847,8272,7377,275460
4408863,8237,6607,275461
4408879,8216,5838,275462
4408895,8288,5141,275463
4408911,8217,4371,275464
4408927,8019,3616,275465
4408943,8161,2964,275466
4408959,8096,2417,275467
4408975,8136,1843,275468
4408991,8234,1240,275469
4409007,8139,858,275470
4409023,8372,514,275471
4409039,8285,338,275472
4409055,8176,339,275473
4409071,8306,312,275474
4409087,8316,386,275475
4409103,8130,313,275476
4409119,8184,297,275477
4409135,7978,402,275478
4409151,7958,707,275479
4409167,8221,1163,275480
4409183,8185,1609,275481
4409199,8163,2119,275482
4409215,8286,2649,275483
4409231,8234,3356,275484
4409247,8260,3978,275485
4409263,8271,4734,275486
4409279,8218,5417,275487
4409295,8368,6238,275488
4409311,8102,6954,275489
4409327,8300,8045,275490
4409343,8265,8755,275491
4409359,8049,9650,275492
4409375,8106,10381,275493
4409391,8203,11205,275494
4409407,8049,11873,275495
4409423,8329,12587,275496
4409439,8185,13343,275497
4409455,8079,13876,275498
4409471,8602,14542,275499
4409487,8102,15018,275500
4409503,8199,15438,275501
4409519,8352,15873,275502
4409535,8048,16077,275503
4409551,8220,16262,275504
4409567,8363,16316,275505
4409583,8066,16309,275506
4409599,8257,16276,275507
4409615,8231,16226,275508
4409631,8071,16095,275509
4409647,8310,15759,275510
4409663,8261,15381,275511
4409679,8238,14939,275512
4409695,8194,14446,275513
4409711,8159,13892,275514
4409727,8221,13284,275515
4409743,8198,12567,275516
4409759,8245,11951,275517
4409775,8317,11225,275518
4409791,8024,10361,275519
4409807,8074,9629,275520
4409823,8284,8652,275521
4409839,8060,7808,275522
4409855,8185,6985,275523
4409871,8145,6174,275524
4409887,8133,5464,275525
4409903,8232,4699,275526
4409919,8248,3978,275527
4409935,8107,3284,275528
4409951,8291,2719,275529
4409967,8266,2128,275530
4409983,8272,1463,275531
4409999,8252,1056,275532
4410015,8093,658,275533
4410031,8242,345,275534
4410047,8095,303,275535
4410063,8000,301,275536
4410079,8215,287,275537
4410095,8124,290,275538
4410111,8226,356,275539
4410127,8319,363,275540
4410143,8028,505,275541
4410159,8346,955,275542
4410175,8236,1352,275543
4410191,8218,1856,275544
