Tiempo_us,ADC_IN_A2,ADC_OUT_A3,Muestra
15494271,8028,9745,968299
15494287,8300,15390,968300
15494303,8341,4135,968301
15494319,8101,9252,968302
15494335,8165,14375,968303
15494351,8124,3498,968304
15494367,8055,8681,968305
15494383,8216,13933,968306
15494399,7903,2516,968307
15494415,7991,7993,968308
15494431,8089,13389,968309
15494447,8120,2040,968310
15494463,8218,7234,968311
15494479,8290,12396,968312
15494495,8178,1487,968313
15494511,8358,6658,968314
15494527,8088,11747,968315
15494543,8088,469,968316
15494559,8263,6204,968317
15494575,7985,11297,968318
15494591,8115,6087,968319
15494607,8025,5095,968320
15494623,7996,10747,968321
15494639,8175,15945,968322
15494655,8045,4579,968323
15494671,8116,9713,968324
15494687,8389,15470,968325
15494703,8192,4161,968326
15494719,8186,9256,968327
15494735,8208,14408,968328
15494751,8045,3488,968329
15494767,8145,8701,968330
15494783,8067,13893,968331
15494799,8141,2586,968332
15494815,8175,7929,968333
15494831,8019,13357,968334
15494847,8163,2080,968335
15494863,8041,7196,968336
15494879,7935,12381,968337
15494895,8233,1536,968338
15494911,8053,6622,968339
15494927,7973,11841,968340
15494943,8183,454,968341
15494959,8224,6149,968342
15494975,8186,11245,968343
15494991,8397,6101,968344
15495007,7947,5076,968345
15495023,8032,10854,968346
15495039,8215,15905,968347
15495055,7994,4539,968348
15495071,8094,9750,968349
15495087,7993,15428,968350
15495103,8167,4090,968351
15495119,8158,9198,968352
15495135,8077,14324,968353
15495151,8071,3533,968354
15495167,8189,8753,968355
15495183,7927,13905,968356
15495199,8189,2519,968357
15495215,8230,8020,968358
15495231,7975,13339,968359
15495247,8332,2035,968360
15495263,8023,7218,968361
15495279,7896,12398,968362
15495295,8168,1448,968363
15495311,7964,6678,968364
15495327,8013,11846,968365
15495343,8245,464,968366
15495359,7916,6106,968367
15495375,8183,11346,968368
15495391,8176,6024,968369
15495407,8005,5073,968370
15495423,8255,10802,968371
15495439,8262,15955,968372
15495455,8032,4643,968373
15495471,8159,9759,968374
15495487,8116,15472,968375
15495503,8045,4148,968376
15495519,8071,9256,968377
15495535,7908,14381,968378
15495551,7986,3579,968379
15495567,8085,8744,968380
15495583,8211,13910,968381
15495599,8105,2544,968382
15495615,8147,8002,968383
15495631,8120,13331,968384
15495647,8082,2015,968385
15495663,8101,7154,968386
15495679,8262,12424,968387
15495695,8105,1473,968388
15495711,8066,6620,968389
15495727,8118,11755,968390
15495743,8122,504,968391
15495759,8063,6183,968392
15495775,8353,11308,968393
15495791,7975,6052,968394
15495807,8148,5123,968395
15495823,8170,10742,968396
15495839,8093,15996,968397
15495855,8027,4655,968398
15495871,8101,9757,968399
15495887,8211,15489,968400
15495903,8142,4065,968401
15495919,8074,9233,968402
15495935,7984,14380,968403
15495951,7911,3508,968404
15495967,8032,8670,968405
15495983,8143,13886,968406
15495999,7860,2549,968407
15496015,8134,7968,968408
15496031,8182,13370,968409
15496047,8019,2070,968410
15496063,8213,7190,968411
15496079,8103,12371,968412
15496095,8080,1473,968413
15496111,8236,6731,968414
15496127,8153,11854,968415
15496143,7929,508,968416
15496159,8071,6142,968417
15496175,8168,11304,968418
15496191,7986,6096,968419
15496207,8238,5124,968420
15496223,7954,10779,968421
15496239,8123,15953,968422
15496255,8368,4586,968423
15496271,7943,9789,968424
15496287,8174,15420,968425
15496303,8357,4117,968426
15496319,7900,9244,968427
15496335,8360,14397,968428
15496351,8303,3574,968429
15496367,7929,8770,968430
15496383,8253,13845,968431
15496399,7996,2518,968432
15496415,7852,7962,968433
15496431,8271,13352,968434
15496447,8022,2043,968435
15496463,8077,7198,968436
15496479,8270,12410,968437
15496495,8180,1494,968438
15496511,8340,6701,968439
15496527,8180,11775,968440
15496543,8122,495,968441
15496559,8228,6160,968442
15496575,8072,11244,968443
15496591,8137,6088,968444
15496607,8128,5107,968445
15496623,7983,10837,968446
15496639,8009,15942,968447
15496655,8101,4588,968448
15496671,8087,9787,968449
15496687,8173,15469,968450
15496703,8128,4035,968451
15496719,8042,9243,968452
15496735,8188,14334,968453
15496751,8145,3554,968454
15496767,8082,8743,968455
15496783,8182,13967,968456
15496799,8020,2537,968457
15496815,8201,7997,968458
15496831,8158,13400,968459
15496847,8123,2039,968460
15496863,8252,7149,968461
15496879,8024,12463,968462
15496895,8161,1475,968463
15496911,8132,6634,968464
15496927,7983,11778,968465
15496943,8190,435,968466
15496959,8254,6148,968467
15496975,8108,11314,968468
15496991,8182,6063,968469
15497007,8088,5139,968470
15497023,8105,10826,968471
15497039,8228,15939,968472
15497055,7897,4587,968473
15497071,8186,9812,968474
15497087,8084,15385,968475
15497103,8059,4113,968476
15497119,8181,9209,968477
15497135,8158,14487,968478
15497151,8071,3565,968479
15497167,8272,8761,968480
15497183,8205,13937,968481
15497199,8179,2509,968482
15497215,8161,7971,968483
15497231,7998,13352,968484
15497247,8205,2047,968485
15497263,8146,7235,968486
15497279,7980,12375,968487
15497295,8245,1515,968488
15497311,7981,6660,968489
15497327,7949,11761,968490
15497343,8363,473,968491
15497359,7942,6202,968492
15497375,8062,11294,968493
15497391,8448,6073,968494
15497407,8044,5100,968495
15497423,8221,10754,968496
15497439,8328,15998,968497
15497455,8082,4637,968498
15497471,8266,9763,968499
15497487,8049,15395,968500
15497503,7952,4116,968501
15497519,8212,9188,968502
15497535,7903,14380,968503
15497551,7977,3551,968504
15497567,8206,8723,968505
15497583,7879,13884,968506
15497599,8106,2534,968507
15497615,8223,8020,968508
15497631,8131,13420,968509
15497647,8232,2006,968510
15497663,8150,7171,968511
15497679,8073,12408,968512
15497695,8209,1524,968513
15497711,8008,6619,968514
15497727,7939,11793,968515
15497743,7979,514,968516
15497759,7972,6191,968517
15497775,8057,11265,968518
15497791,8036,6027,968519
15497807,8089,5091,968520
15497823,8184,10799,968521
15497839,8270,15898,968522
15497855,8144,4636,968523
15497871,8356,9771,968524
15497887,8214,15425,968525
15497903,7998,4075,968526
15497919,8098,9237,968527
15497935,8038,14400,968528
15497951,8114,3513,968529
15497967,8117,8760,968530
15497983,7986,13865,968531
15497999,8083,2521,968532
15498015,8066,7965,968533
15498031,8244,13417,968534
15498047,8115,2036,968535
15498063,8104,7190,968536
15498079,8262,12427,968537
15498095,7971,1493,968538
15498111,8149,6643,968539
15498127,8397,11875,968540
15498143,7907,456,968541
15498159,8120,6151,968542
15498175,8135,11347,968543
15498191,7985,6057,968544
15498207,8179,5099,968545
15498223,8113,10820,968546
15498239,7939,15975,968547
15498255,8291,4600,968548
15498271,8137,9762,968549
15498287,8061,15420,968550
15498303,8211,4071,968551
15498319,8236,9284,968552
15498335,8238,14405,968553
15498351,8158,3536,968554
15498367,7998,8729,968555
15498383,8208,13872,968556
15498399,8024,2467,968557
15498415,8024,7959,968558
15498431,8272,13428,968559
15498447,8108,2070,968560
15498463,8110,7160,968561
15498479,8213,12451,968562
15498495,7964,1564,968563
15498511,8189,6645,968564
15498527,8288,11828,968565
15498543,8053,420,968566
15498559,8441,6209,968567
15498575,8356,11353,968568
15498591,7966,6096,968569
15498607,8218,5119,968570
15498623,8010,10782,968571
15498639,8075,15977,968572
15498655,8282,4648,968573
15498671,7922,9712,968574
15498687,8171,15591,968575
15498703,8297,4147,968576
15498719,8055,9235,968577
15498735,8225,14316,968578
15498751,8251,3556,968579
15498767,8066,8749,968580
15498783,8236,13852,968581
15498799,8187,2540,968582
15498815,8265,7988,968583
15498831,8164,13328,968584
15498847,8016,2079,968585
15498863,8117,7174,968586
15498879,8151,12390,968587
15498895,8134,1539,968588
15498911,8242,6719,968589
15498927,8067,11826,968590
15498943,8078,504,968591
15498959,8174,6136,968592
15498975,8053,11387,968593
15498991,8295,6045,968594
15499007,8267,5155,968595
15499023,8109,10818,968596
15499039,8184,15909,968597
15499055,8121,4606,968598
15499071,8039,9758,968599
15499087,8128,15384,968600
15499103,8167,4084,968601
15499119,8107,9177,968602
15499135,8134,14370,968603
15499151,8103,3563,968604
15499167,8194,8724,968605
15499183,8168,13869,968606
15499199,8141,2542,968607
15499215,8218,7977,968608
15499231,8144,13300,968609
15499247,8262,2038,968610
15499263,8153,7161,968611
15499279,8407,12377,968612
15499295,8114,1497,968613
15499311,8048,6641,968614
15499327,8015,11748,968615
15499343,8225,496,968616
15499359,8013,6138,968617
15499375,8072,11314,968618
15499391,8171,6046,968619
15499407,7918,5076,968620
15499423,8148,10807,968621
15499439,8390,15962,968622
15499455,7917,4606,968623
15499471,8277,9784,968624
15499487,8160,15471,968625
15499503,8097,4133,968626
15499519,8272,9268,968627
15499535,8125,14430,968628
15499551,7944,3549,968629
15499567,8107,8736,968630
15499583,8029,13941,968631
15499599,8017,2470,968632
15499615,8189,8019,968633
15499631,8001,13306,968634
15499647,8263,2063,968635
15499663,8264,7222,968636
15499679,8047,12363,968637
15499695,8224,1501,968638
15499711,8183,6676,968639
15499727,8085,11829,968640
15499743,8189,490,968641
15499759,7961,6146,968642
15499775,8012,11355,968643
15499791,8175,6018,968644
15499807,7934,5149,968645
15499823,8165,10809,968646
15499839,8368,15957,968647
15499855,7891,4576,968648
15499871,8290,9760,968649
15499887,8190,15461,968650
15499903,8020,4041,968651
15499919,8255,9207,968652
15499935,8107,14458,968653
15499951,8066,3573,968654
15499967,8174,8660,968655
15499983,8034,13892,968656
15499999,8159,2509,968657
15500015,8261,7997,968658
15500031,8001,13336,968659
15500047,8121,1974,968660
15500063,8215,7210,968661
15500079,8268,12436,968662
15500095,8131,1489,968663
15500111,8220,6715,968664
15500127,8055,11811,968665
15500143,8107,500,968666
15500159,8155,6163,968667
15500175,8055,11265,968668
15500191,8189,6057,968669
15500207,8082,5112,968670
15500223,8129,10840,968671
15500239,8166,15981,968672
15500255,8226,4631,968673
15500271,8264,9787,968674
15500287,8186,15444,968675
15500303,8256,4082,968676
15500319,8116,9170,968677
15500335,8236,14439,968678
15500351,8205,3532,968679
15500367,8077,8731,968680
15500383,8077,13878,968681
15500399,8146,2496,968682
15500415,7981,8001,968683
15500431,8226,13358,968684
15500447,8138,1997,968685
15500463,7964,7138,968686
15500479,8260,12408,968687
15500495,8059,1484,968688
15500511,8061,6644,968689
15500527,8278,11817,968690
15500543,7936,486,968691
15500559,8385,6185,968692
15500575,8297,11253,968693
15500591,8001,6133,968694
15500607,8270,5189,968695
15500623,8181,10811,968696
15500639,8048,15981,968697
15500655,8250,4600,968698
15500671,7956,9758,968699
15500687,8022,15351,968700
15500703,8254,4089,968701
15500719,7897,9215,968702
15500735,8062,14340,968703
15500751,8260,3532,968704
15500767,8083,8752,968705
15500783,8301,13934,968706
15500799,8238,2547,968707
15500815,8156,8012,968708
15500831,8361,13330,968709
15500847,8031,2079,968710
15500863,8067,7185,968711
15500879,8104,12393,968712
15500895,7896,1457,968713
15500911,8278,6677,968714
15500927,8132,11765,968715
15500943,8010,468,968716
15500959,8325,6173,968717
15500975,8149,11334,968718
15500991,8139,6050,968719
15501007,8410,5141,968720
15501023,8075,10819,968721
15501039,8273,16003,968722
15501055,8290,4649,968723
15501071,7903,9755,968724
15501087,8124,15393,968725
15501103,8143,4089,968726
15501119,7899,9237,968727
15501135,8236,14421,968728
15501151,8077,3500,968729
15501167,8032,8740,968730
15501183,8280,13903,968731
15501199,8203,2584,968732
15501215,8162,8006,968733
15501231,8125,13295,968734
15501247,8069,2033,968735
15501263,8032,7199,968736
15501279,8021,12387,968737
15501295,8034,1513,968738
15501311,8107,6711,968739
15501327,7858,11775,968740
15501343,8134,442,968741
15501359,8127,6177,968742
15501375,7945,11238,968743
15501391,8031,6073,968744
15501407,8062,5123,968745
15501423,8050,10769,968746
15501439,8333,15955,968747
15501455,8011,4627,968748
15501471,8026,9757,968749
15501487,8378,15443,968750
15501503,8052,4121,968751
15501519,8156,9264,968752
15501535,8104,14388,968753
15501551,8047,3566,968754
15501567,8121,8753,968755
15501583,7909,13850,968756
15501599,8106,2534,968757
15501615,8193,7929,968758
15501631,8092,13417,968759
15501647,8240,2050,968760
15501663,8273,7221,968761
15501679,8156,12400,968762
15501695,8291,1535,968763
15501711,8254,6661,968764
15501727,8032,11835,968765
15501743,8336,468,968766
15501759,7900,6134,968767
15501775,7944,11335,968768
15501791,8160,6071,968769
15501807,7845,5125,968770
15501823,8150,10815,968771
15501839,8219,15939,968772
15501855,8002,4600,968773
15501871,8315,9768,968774
15501887,8178,15351,968775
15501903,8176,4125,968776
15501919,8262,9195,968777
15501935,8246,14432,968778
15501951,8009,3578,968779
15501967,8239,8687,968780
15501983,8120,13884,968781
15501999,7935,2538,968782
15502015,8168,8013,968783
15502031,7966,13340,968784
15502047,8022,2029,968785
15502063,8261,7220,968786
15502079,8092,12348,968787
15502095,8215,1515,968788
15502111,8279,6650,968789
15502127,8195,11894,968790
15502143,8143,470,968791
15502159,8262,6224,968792
15502175,8297,11334,968793
15502191,8206,6119,968794
15502207,8002,5148,968795
15502223,8235,10812,968796
15502239,8065,15933,968797
15502255,8037,4599,968798
15502271,8173,9700,968799
15502287,7970,15380,968800
15502303,8169,4071,968801
15502319,8257,9209,968802
15502335,8191,14408,968803
15502351,8222,3590,968804
15502367,8274,8748,968805
15502383,8197,13942,968806
15502399,8167,2516,968807
15502415,7977,7969,968808
15502431,8014,13334,968809
15502447,8199,2034,968810
15502463,7931,7126,968811
15502479,8259,12447,968812
15502495,8106,1497,968813
15502511,8103,6697,968814
15502527,8221,11770,968815
15502543,8153,493,968816
15502559,8111,6139,968817
15502575,8281,11292,968818
15502591,8166,6028,968819
15502607,8249,5113,968820
15502623,8197,10808,968821
15502639,8054,15911,968822
15502655,8147,4637,968823
15502671,8158,9821,968824
15502687,7949,15427,968825
15502703,8154,4063,968826
15502719,8048,9244,968827
15502735,8038,14426,968828
15502751,8241,3509,968829
15502767,8019,8743,968830
15502783,8252,13901,968831
15502799,8330,2595,968832
15502815,8149,7998,968833
15502831,8293,13362,968834
15502847,8145,2041,968835
15502863,7932,7193,968836
15502879,8161,12406,968837
15502895,7947,1499,968838
15502911,7959,6686,968839
15502927,8144,11825,968840
15502943,8024,540,968841
15502959,8215,6198,968842
15502975,8121,11258,968843
15502991,8184,6103,968844
15503007,8400,5105,968845
15503023,8172,10805,968846
15503039,8038,15913,968847
15503055,8307,4603,968848
15503071,8040,9744,968849
15503087,8125,15459,968850
15503103,8210,4113,968851
15503119,7947,9257,968852
15503135,8180,14411,968853
15503151,8145,3606,968854
15503167,8069,8748,968855
15503183,8091,13849,968856
15503199,8219,2559,968857
15503215,8197,8026,968858
15503231,8262,13357,968859
15503247,8222,2029,968860
15503263,8143,7196,968861
15503279,8126,12331,968862
15503295,8042,1508,968863
15503311,8027,6649,968864
15503327,8078,11804,968865
15503343,7995,482,968866
15503359,8035,6164,968867
15503375,8066,11307,968868
15503391,8090,6082,968869
15503407,8091,5118,968870
15503423,8091,10782,968871
15503439,8250,16001,968872
15503455,8199,4630,968873
15503471,8100,9702,968874
15503487,8311,15476,968875
15503503,8153,4094,968876
15503519,8022,9234,968877
15503535,8217,14363,968878
15503551,7992,3520,968879
15503567,8076,8723,968880
15503583,8155,13862,968881
15503599,8025,2527,968882
15503615,8239,8027,968883
15503631,8127,13367,968884
15503647,8158,2000,968885
15503663,8371,7258,968886
15503679,7961,12330,968887
15503695,8111,1522,968888
15503711,8295,6702,968889
15503727,8001,11865,968890
15503743,8335,489,968891
15503759,8190,6166,968892
15503775,7957,11320,968893
15503791,8174,6050,968894
15503807,7905,5099,968895
15503823,7995,10775,968896
15503839,8286,15991,968897
15503855,7907,4539,968898
15503871,8085,9728,968899
15503887,8233,15498,968900
15503903,8073,4043,968901
15503919,8221,9256,968902
15503935,8223,14456,968903
15503951,7999,3535,968904
15503967,8151,8706,968905
15503983,8197,13855,968906
15503999,8010,2558,968907
15504015,8188,8019,968908
15504031,7951,13401,968909
15504047,7968,2020,968910
15504063,8265,7189,968911
15504079,8020,12383,968912
15504095,8169,1477,968913
15504111,8254,6719,968914
15504127,7843,11771,968915
15504143,8438,475,968916
15504159,8155,6161,968917
15504175,8053,11344,968918
15504191,8274,6004,968919
15504207,8013,5113,968920
15504223,8155,10836,968921
15504239,8135,15898,968922
15504255,7964,4600,968923
15504271,8168,9712,968924
15504287,8105,15411,968925
15504303,8157,4084,968926
15504319,8105,9218,968927
15504335,8173,14388,968928
15504351,8179,3542,968929
15504367,8156,8775,968930
15504383,8066,13843,968931
15504399,7968,2519,968932
15504415,8239,8026,968933
15504431,8033,13356,968934
15504447,7925,1989,968935
15504463,8126,7214,968936
15504479,8099,12401,968937
15504495,8076,1498,968938
15504511,8148,6711,968939
15504527,8082,11774,968940
15504543,8037,464,968941
15504559,8103,6164,968942
15504575,8078,11267,968943
15504591,8096,6087,968944
15504607,8083,5090,968945
15504623,8105,10805,968946
15504639,8041,15960,968947
15504655,8093,4629,968948
15504671,8152,9720,968949
15504687,7789,15404,968950
15504703,8223,4137,968951
15504719,7985,9232,968952
15504735,7921,14402,968953
15504751,8262,3550,968954
15504767,8089,8726,968955
15504783,8002,13911,968956
15504799,8114,2559,968957
15504815,8123,7977,968958
15504831,8156,13384,968959
15504847,8143,2020,968960
15504863,8079,7235,968961
15504879,7988,12344,968962
15504895,8095,1541,968963
15504911,7964,6683,968964
15504927,7982,11816,968965
15504943,7775,456,968966
15504959,8056,6182,968967
15504975,8188,11373,968968
15504991,7935,6059,968969
15505007,8061,5094,968970
15505023,8170,10768,968971
15505039,7947,15937,968972
15505055,8296,4573,968973
15505071,8128,9767,968974
15505087,7862,15448,968975
15505103,8107,4065,968976
15505119,7884,9244,968977
15505135,7991,14387,968978
15505151,8158,3539,968979
15505167,7835,8663,968980
15505183,8030,13875,968981
15505199,8178,2506,968982
15505215,7913,7986,968983
15505231,8292,13408,968984
15505247,8107,1985,968985
15505263,7909,7110,968986
15505279,8233,12436,968987
15505295,7911,1515,968988
15505311,7906,6696,968989
15505327,8115,11899,968990
15505343,7862,428,968991
15505359,8088,6203,968992
15505375,8076,11292,968993
15505391,7984,6107,968994
15505407,8085,5111,968995
15505423,8035,10782,968996
15505439,8193,15965,968997
15505455,8241,4556,968998
15505471,8084,9750,968999
15505487,8260,15435,969000
15505503,8300,4126,969001
15505519,8017,9204,969002
15505535,8253,14395,969003
15505551,8035,3551,969004
15505567,7901,8729,969005
15505583,8241,13943,969006
15505599,8059,2530,969007
15505615,8096,8026,969008
15505631,8078,13341,969009
15505647,8041,2050,969010
15505663,8137,7224,969011
15505679,8257,12435,969012
15505695,8200,1457,969013
15505711,8083,6613,969014
15505727,8126,11839,969015
15505743,8163,544,969016
15505759,8083,6140,969017
15505775,7997,11262,969018
15505791,8144,6108,969019
15505807,8101,5151,969020
15505823,7988,10810,969021
15505839,8255,15982,969022
15505855,7903,4565,969023
15505871,8107,9725,969024
15505887,8219,15445,969025
15505903,8159,4047,969026
15505919,8184,9243,969027
15505935,8171,14338,969028
15505951,7968,3571,969029
15505967,8321,8706,969030
15505983,8214,13853,969031
15505999,7821,2521,969032
15506015,8221,7983,969033
15506031,8026,13376,969034
15506047,7912,2067,969035
15506063,8214,7167,969036
15506079,7935,12422,969037
15506095,8073,1502,969038
15506111,8177,6686,969039
15506127,8105,11830,969040
15506143,8300,481,969041
15506159,8196,6142,969042
15506175,8100,11336,969043
15506191,8180,6083,969044
15506207,8011,5122,969045
15506223,8129,10860,969046
15506239,8058,15920,969047
15506255,7874,4642,969048
15506271,8029,9695,969049
15506287,8106,15425,969050
15506303,8084,4091,969051
15506319,8051,9243,969052
15506335,8131,14340,969053
15506351,7996,3566,969054
15506367,8264,8737,969055
15506383,8144,13920,969056
15506399,8050,2589,969057
15506415,8230,8005,969058
15506431,8066,13397,969059
15506447,8109,2067,969060
15506463,8074,7175,969061
15506479,7913,12349,969062
15506495,8127,1535,969063
15506511,8082,6732,969064
15506527,8032,11812,969065
15506543,8118,429,969066
15506559,8077,6148,969067
15506575,8152,11284,969068
15506591,8134,5994,969069
15506607,8040,5118,969070
15506623,8200,10821,969071
15506639,7960,15976,969072
15506655,8136,4675,969073
15506671,8088,9768,969074
15506687,7956,15423,969075
15506703,8072,4113,969076
15506719,8122,9274,969077
15506735,7954,14406,969078
15506751,8150,3517,969079
15506767,8098,8695,969080
15506783,7954,13850,969081
15506799,8141,2524,969082
15506815,8087,7981,969083
15506831,8101,13362,969084
15506847,8174,2046,969085
15506863,8089,7203,969086
15506879,8114,12449,969087
15506895,8139,1522,969088
15506911,7956,6619,969089
15506927,8136,11867,969090
15506943,8105,542,969091
15506959,8066,6215,969092
15506975,8137,11315,969093
15506991,7970,6020,969094
15507007,8087,5151,969095
15507023,8179,10791,969096
15507039,7988,15871,969097
15507055,8200,4585,969098
15507071,8220,9756,969099
15507087,7908,15446,969100
15507103,8152,4095,969101
15507119,8131,9239,969102
15507135,7992,14397,969103
15507151,8184,3534,969104
15507167,7961,8722,969105
15507183,7966,13872,969106
15507199,8116,2511,969107
15507215,7985,8025,969108
15507231,8228,13359,969109
15507247,8262,1996,969110
15507263,7983,7159,969111
15507279,8226,12368,969112
15507295,8211,1506,969113
15507311,8056,6711,969114
15507327,8126,11808,969115
15507343,7948,439,969116
15507359,7870,6116,969117
15507375,8159,11262,969118
15507391,7923,6074,969119
15507407,8020,5141,969120
15507423,8133,10804,969121
15507439,8044,15911,969122
15507455,8053,4595,969123
15507471,8144,9697,969124
15507487,8052,15392,969125
15507503,8290,4092,969126
15507519,8191,9261,969127
15507535,8071,14375,969128
15507551,8160,3546,969129
15507567,8013,8743,969130
15507583,8026,13887,969131
15507599,8145,2554,969132
15507615,8026,8003,969133
15507631,8095,13310,969134
15507647,8113,1967,969135
15507663,7970,7199,969136
15507679,8034,12430,969137
15507695,8097,1512,969138
15507711,7941,6616,969139
15507727,8107,11762,969140
15507743,8168,501,969141
15507759,8065,6116,969142
15507775,8043,11297,969143
15507791,8121,6052,969144
15507807,8066,5115,969145
15507823,8081,10792,969146
15507839,8255,16032,969147
15507855,8050,4592,969148
15507871,7948,9719,969149
15507887,8226,15427,969150
15507903,8107,4069,969151
15507919,8100,9238,969152
15507935,8307,14476,969153
15507951,7998,3510,969154
15507967,8184,8787,969155
15507983,8281,13923,969156
15507999,7931,2527,969157
15508015,8059,8008,969158
15508031,8065,13306,969159
15508047,8056,2019,969160
15508063,8108,7168,969161
15508079,8132,12421,969162
15508095,8109,1565,969163
15508111,8217,6697,969164
15508127,8094,11824,969165
15508143,8114,459,969166
15508159,8282,6188,969167
15508175,8025,11358,969168
15508191,8269,6078,969169
15508207,8092,5081,969170
15508223,7994,10800,969171
15508239,8200,15929,969172
15508255,8034,4605,969173
15508271,7997,9709,969174
15508287,8350,15521,969175
15508303,7849,4078,969176
15508319,8204,9288,969177
15508335,8160,14405,969178
15508351,7836,3521,969179
15508367,8208,8746,969180
15508383,8214,13884,969181
15508399,8033,2591,969182
15508415,8418,7969,969183
15508431,8099,13353,969184
15508447,7944,2037,969185
15508463,8344,7170,969186
15508479,7736,12393,969187
15508495,7968,1499,969188
15508511,8208,6701,969189
15508527,7885,11804,969190
15508543,8131,458,969191
15508559,8212,6153,969192
15508575,8065,11318,969193
15508591,8166,6002,969194
15508607,8195,5141,969195
15508623,8133,10816,969196
15508639,8113,15928,969197
15508655,8144,4641,969198
15508671,8126,9818,969199
15508687,8226,15459,969200
15508703,8041,4065,969201
15508719,8094,9213,969202
15508735,8127,14452,969203
15508751,7959,3532,969204
15508767,8301,8726,969205
15508783,8085,13822,969206
15508799,8263,2603,969207
15508815,8320,7961,969208
15508831,8081,13369,969209
15508847,8259,2040,969210
15508863,8133,7161,969211
15508879,8009,12339,969212
15508895,8129,1527,969213
15508911,7918,6637,969214
15508927,7953,11804,969215
15508943,8250,505,969216
15508959,8046,6211,969217
15508975,8129,11311,969218
15508991,8007,6016,969219
15509007,8006,5098,969220
15509023,8230,10753,969221
15509039,8125,15909,969222
15509055,8276,4643,969223
15509071,8297,9795,969224
15509087,8134,15492,969225
15509103,8280,4090,969226
15509119,8048,9234,969227
15509135,7992,14426,969228
15509151,8210,3588,969229
15509167,7995,8673,969230
15509183,7984,13843,969231
15509199,8147,2526,969232
15509215,7960,8045,969233
15509231,8102,13401,969234
15509247,8187,2017,969235
15509263,7911,7149,969236
15509279,8244,12400,969237
15509295,8172,1464,969238
15509311,8141,6707,969239
15509327,8183,11844,969240
15509343,8117,463,969241
15509359,7930,6167,969242
15509375,8115,11294,969243
15509391,7886,6056,969244
15509407,7947,5146,969245
15509423,8208,10816,969246
15509439,7984,15931,969247
15509455,8053,4601,969248
15509471,8093,9782,969249
15509487,8037,15463,969250
15509503,8335,4103,969251
15509519,7992,9203,969252
15509535,7956,14454,969253
15509551,8278,3526,969254
15509567,7805,8730,969255
15509583,8117,13907,969256
15509599,8020,2381,969257
15509615,7746,8016,969258
15509631,8058,13353,969259
15509647,8201,2052,969260
15509663,7825,7157,969261
15509679,8266,12351,969262
15509695,8037,1534,969263
15509711,8107,6715,969264
15509727,8276,11800,969265
15509743,8146,490,969266
15509759,8018,6167,969267
15509775,8130,11289,969268
15509791,8040,6073,969269
15509807,8004,5168,969270
15509823,8056,10775,969271
15509839,7994,15905,969272
15509855,7973,4638,969273
15509871,8143,9801,969274
15509887,8111,15477,969275
15509903,8183,4087,969276
15509919,8043,9266,969277
15509935,8113,14429,969278
15509951,8044,3529,969279
15509967,8045,8736,969280
15509983,8113,13861,969281
15509999,8059,2542,969282
15510015,7974,7998,969283
15510031,8197,13379,969284
15510047,7959,2004,969285
15510063,8085,7232,969286
15510079,8112,12384,969287
15510095,8134,1527,969288
15510111,8194,6659,969289
15510127,8133,11814,969290
15510143,8126,519,969291
15510159,8256,6117,969292
15510175,8056,11302,969293
15510191,8117,6053,969294
15510207,8210,5113,969295
15510223,8125,10788,969296
15510239,8175,15936,969297
15510255,8194,4612,969298
15510271,7949,9749,969299
15510287,8272,15474,969300
15510303,8002,4123,969301
15510319,7904,9206,969302
15510335,8228,14385,969303
15510351,7868,3552,969304
15510367,8068,8729,969305
15510383,8220,13930,969306
15510399,8016,2544,969307
15510415,8263,7992,969308
15510431,8146,13359,969309
15510447,8033,2017,969310
15510463,8216,7207,969311
15510479,8059,12401,969312
15510495,7961,1489,969313
15510511,8199,6685,969314
15510527,8005,11744,969315
15510543,8111,408,969316
15510559,8245,6209,969317
15510575,7920,11262,969318
15510591,8313,6053,969319
15510607,8174,5101,969320
15510623,8045,10788,969321
15510639,8312,15961,969322
15510655,8134,4586,969323
15510671,8129,9792,969324
15510687,8333,15469,969325
15510703,8052,4087,969326
15510719,8042,9239,969327
15510735,8066,14425,969328
15510751,7807,3524,969329
15510767,8097,8723,969330
15510783,8220,13901,969331
15510799,7918,2493,969332
15510815,8346,8005,969333
15510831,8107,13377,969334
15510847,7986,1990,969335
15510863,8285,7199,969336
15510879,8214,12411,969337
15510895,7991,1495,969338
15510911,8248,6724,969339
15510927,8063,11826,969340
15510943,8140,497,969341
15510959,8144,6144,969342
15510975,8038,11311,969343
15510991,8076,6075,969344
15511007,8127,5084,969345
15511023,8093,10780,969346
15511039,8302,16002,969347
15511055,8042,4556,969348
15511071,8150,9773,969349
15511087,8196,15500,969350
15511103,8142,4099,969351
15511119,8151,9208,969352
15511135,8072,14383,969353
15511151,8101,3532,969354
15511167,8049,8735,969355
15511183,7968,13879,969356
15511199,8145,2533,969357
15511215,8008,7957,969358
15511231,7994,13433,969359
15511247,8260,2015,969360
15511263,8105,7171,969361
15511279,8192,12406,969362
15511295,8260,1492,969363
15511311,8081,6703,969364
15511327,8127,11805,969365
15511343,8247,535,969366
15511359,7977,6113,969367
15511375,8288,11351,969368
15511391,7964,6081,969369
15511407,7974,5115,969370
15511423,8185,10746,969371
15511439,7997,15922,969372
15511455,8022,4572,969373
15511471,8156,9720,969374
15511487,7975,15417,969375
15511503,8333,4136,969376
15511519,8091,9216,969377
15511535,8133,14380,969378
15511551,8319,3612,969379
15511567,8202,8683,969380
15511583,8126,13917,969381
15511599,8302,2548,969382
15511615,8050,8030,969383
15511631,8214,13428,969384
15511647,8248,2018,969385
15511663,7957,7238,969386
15511679,8164,12420,969387
15511695,8250,1508,969388
15511711,7852,6655,969389
15511727,8256,11812,969390
15511743,8077,511,969391
15511759,7935,6178,969392
15511775,8391,11317,969393
15511791,8019,6052,969394
15511807,8069,5158,969395
15511823,8225,10817,969396
15511839,7912,15966,969397
15511855,8141,4596,969398
15511871,8172,9764,969399
15511887,7958,15398,969400
15511903,8319,4113,969401
15511919,8021,9240,969402
15511935,8139,14379,969403
15511951,8183,3547,969404
15511967,8051,8697,969405
15511983,8265,13929,969406
15511999,8277,2519,969407
15512015,8060,7986,969408
15512031,8245,13434,969409
15512047,8018,2030,969410
15512063,7943,7157,969411
15512079,7931,12380,969412
15512095,8107,1478,969413
15512111,8137,6706,969414
15512127,7954,11852,969415
15512143,8265,483,969416
15512159,8233,6196,969417
15512175,8166,11312,969418
15512191,8210,6056,969419
15512207,8067,5170,969420
15512223,8222,10782,969421
15512239,8247,15989,969422
15512255,8046,4573,969423
15512271,8120,9805,969424
15512287,8086,15431,969425
15512303,8081,4117,969426
15512319,7958,9232,969427
15512335,8119,14378,969428
15512351,8032,3548,969429
15512367,8072,8734,969430
15512383,8301,13900,969431
15512399,8028,2507,969432
15512415,8175,7957,969433
15512431,8384,13415,969434
15512447,7945,2026,969435
15512463,8300,7229,969436
15512479,8139,12446,969437
15512495,7793,1503,969438
15512511,8227,6693,969439
15512527,7811,11742,969440
15512543,7889,449,969441
15512559,8186,6174,969442
15512575,7939,11302,969443
15512591,8128,6051,969444
15512607,8237,5124,969445
15512623,8221,10790,969446
15512639,8212,15915,969447
15512655,8228,4666,969448
15512671,8133,9788,969449
15512687,8174,15478,969450
15512703,8156,4061,969451
15512719,8092,9238,969452
15512735,7931,14339,969453
15512751,7947,3560,969454
15512767,8107,8782,969455
15512783,8027,13851,969456
15512799,8020,2539,969457
15512815,8064,7968,969458
15512831,8292,13381,969459
15512847,8150,2050,969460
15512863,8312,7161,969461
15512879,8099,12398,969462
15512895,8139,1536,969463
15512911,8296,6739,969464
15512927,8016,11832,969465
15512943,8026,421,969466
15512959,8108,6137,969467
15512975,7818,11311,969468
15512991,8093,6110,969469
15513007,8223,5125,969470
15513023,8041,10797,969471
15513039,8288,15914,969472
15513055,8201,4597,969473
15513071,8135,9791,969474
15513087,8223,15429,969475
15513103,8114,4083,969476
15513119,8144,9242,969477
15513135,8091,14405,969478
15513151,8136,3635,969479
15513167,8134,8748,969480
15513183,8025,13919,969481
15513199,8060,2553,969482
15513215,8102,8014,969483
15513231,8005,13391,969484
15513247,8223,2009,969485
15513263,8065,7161,969486
15513279,8127,12382,969487
15513295,8217,1515,969488
15513311,8250,6715,969489
15513327,8010,11763,969490
15513343,8213,463,969491
15513359,8136,6206,969492
15513375,8094,11292,969493
15513391,8114,6133,969494
15513407,7998,5118,969495
15513423,8192,10807,969496
15513439,8023,15866,969497
15513455,8066,4637,969498
15513471,8172,9773,969499
15513487,7977,15502,969500
15513503,8292,4052,969501
15513519,8181,9212,969502
15513535,7966,14364,969503
15513551,8334,3609,969504
15513567,8150,8776,969505
15513583,7928,13869,969506
15513599,8180,2541,969507
15513615,8108,8000,969508
15513631,7994,13369,969509
15513647,8280,1997,969510
15513663,7884,7195,969511
15513679,7978,12404,969512
15513695,8285,1523,969513
15513711,7856,6636,969514
15513727,8299,11832,969515
15513743,8234,491,969516
15513759,7913,6140,969517
15513775,8451,11382,969518
15513791,8205,6075,969519
15513807,7942,5150,969520
15513823,8335,10806,969521
15513839,7919,15887,969522
15513855,7884,4562,969523
15513871,8153,9745,969524
15513887,7834,15463,969525
15513903,8046,4060,969526
15513919,8017,9176,969527
15513935,8060,14424,969528
15513951,8044,3558,969529
15513967,8142,8725,969530
15513983,8012,13876,969531
15513999,8152,2498,969532
15514015,8049,7955,969533
15514031,8206,13404,969534
15514047,8165,2070,969535
15514063,8031,7197,969536
15514079,8204,12392,969537
15514095,8081,1479,969538
15514111,8009,6686,969539
15514127,8088,11802,969540
15514143,8068,493,969541
15514159,8032,6141,969542
15514175,8210,11285,969543
15514191,8139,6061,969544
15514207,8171,5150,969545
15514223,8284,10855,969546
15514239,8116,15965,969547
15514255,8153,4565,969548
15514271,8167,9757,969549
15514287,8083,15469,969550
15514303,8181,4129,969551
15514319,8016,9247,969552
15514335,8089,14404,969553
15514351,8056,3518,969554
15514367,7890,8700,969555
15514383,8183,13798,969556
15514399,8099,2555,969557
15514415,8226,7981,969558
15514431,8544,13410,969559
15514447,8145,2006,969560
15514463,8237,7196,969561
15514479,8185,12413,969562
15514495,7935,1481,969563
15514511,8156,6688,969564
15514527,7964,11807,969565
15514543,8008,468,969566
15514559,8173,6223,969567
15514575,7996,11280,969568
15514591,8012,6040,969569
15514607,8097,5102,969570
15514623,8030,10782,969571
15514639,8075,15902,969572
15514655,8117,4644,969573
15514671,8056,9871,969574
15514687,8164,15433,969575
15514703,8222,4100,969576
15514719,8074,9251,969577
15514735,8191,14408,969578
15514751,8068,3582,969579
15514767,8046,8759,969580
15514783,8068,13842,969581
15514799,7986,2554,969582
15514815,8148,8001,969583
15514831,8276,13347,969584
15514847,8005,2048,969585
15514863,8282,7214,969586
15514879,8193,12420,969587
15514895,8018,1478,969588
15514911,8289,6695,969589
15514927,8073,11795,969590
15514943,7987,464,969591
15514959,8246,6172,969592
15514975,7767,11311,969593
15514991,8056,6045,969594
15515007,8094,5073,969595
15515023,7995,10832,969596
15515039,8149,15970,969597
15515055,8090,4566,969598
15515071,8155,9780,969599
15515087,8304,15442,969600
15515103,8177,4084,969601
15515119,8075,9249,969602
15515135,8164,14360,969603
15515151,8173,3569,969604
15515167,8076,8733,969605
15515183,8217,13932,969606
15515199,8065,2588,969607
15515215,8134,7981,969608
15515231,8120,13399,969609
15515247,8083,2017,969610
15515263,8220,7173,969611
15515279,8055,12399,969612
15515295,8223,1529,969613
15515311,8223,6646,969614
15515327,8060,11769,969615
15515343,8100,447,969616
15515359,8129,6147,969617
15515375,8163,11359,969618
15515391,8105,6067,969619
15515407,8141,5119,969620
15515423,8034,10825,969621
15515439,8256,15986,969622
15515455,8106,4692,969623
15515471,8049,9773,969624
15515487,8153,15507,969625
15515503,8194,4116,969626
15515519,8180,9213,969627
15515535,8003,14367,969628
15515551,8248,3610,969629
15515567,8127,8698,969630
15515583,7958,13815,969631
15515599,8218,2551,969632
15515615,8118,7990,969633
15515631,8102,13408,969634
15515647,8190,1999,969635
15515663,8021,7196,969636
15515679,8120,12426,969637
15515695,8276,1583,969638
15515711,7920,6684,969639
15515727,8148,11815,969640
15515743,8395,540,969641
15515759,7918,6169,969642
15515775,8288,11288,969643
15515791,8258,6066,969644
15515807,7970,5114,969645
15515823,8265,10816,969646
15515839,8155,15984,969647
15515855,7948,4596,969648
15515871,8243,9803,969649
15515887,8071,15457,969650
15515903,8115,4131,969651
15515919,8136,9210,969652
15515935,7979,14319,969653
15515951,8012,3526,969654
15515967,8094,8693,969655
15515983,8117,13842,969656
15515999,8225,2511,969657
15516015,8128,7993,969658
15516031,8215,13412,969659
15516047,8136,1991,969660
15516063,8062,7194,969661
15516079,7974,12348,969662
15516095,8078,1475,969663
15516111,7782,6718,969664
15516127,8090,11776,969665
15516143,8123,501,969666
15516159,7949,6142,969667
15516175,8233,11320,969668
15516191,8164,6076,969669
15516207,8148,5119,969670
15516223,8332,10846,969671
15516239,8161,15918,969672
15516255,8206,4640,969673
15516271,8338,9778,969674
15516287,7986,15449,969675
15516303,8134,4098,969676
15516319,8060,9272,969677
15516335,7970,14329,969678
15516351,7947,3555,969679
15516367,7996,8690,969680
15516383,7960,13866,969681
15516399,8063,2531,969682
15516415,8208,7989,969683
15516431,8255,13371,969684
15516447,8210,2000,969685
15516463,8136,7166,969686
15516479,8191,12356,969687
15516495,8084,1583,969688
15516511,8030,6720,969689
15516527,8090,11757,969690
15516543,8033,507,969691
15516559,8021,6207,969692
15516575,7941,11268,969693
15516591,8017,6116,969694
15516607,8131,5111,969695
15516623,8109,10816,969696
15516639,8052,15859,969697
15516655,8142,4639,969698
15516671,8145,9811,969699
15516687,8268,15406,969700
15516703,8210,4088,969701
15516719,7949,9218,969702
15516735,8114,14413,969703
15516751,8056,3558,969704
15516767,7962,8733,969705
15516783,8110,13886,969706
15516799,7897,2589,969707
15516815,8131,7991,969708
15516831,8079,13313,969709
15516847,7916,2052,969710
15516863,8031,7150,969711
15516879,8150,12401,969712
15516895,8098,1506,969713
15516911,8336,6698,969714
15516927,8087,11752,969715
15516943,8071,518,969716
15516959,8272,6125,969717
15516975,7920,11256,969718
15516991,8102,6096,969719
15517007,8168,5110,969720
15517023,7977,10785,969721
15517039,8022,15989,969722
15517055,8292,4600,969723
15517071,7993,9764,969724
15517087,8204,15442,969725
15517103,8264,4126,969726
15517119,8025,9271,969727
15517135,8238,14341,969728
15517151,8067,3512,969729
15517167,8128,8761,969730
15517183,8308,13873,969731
15517199,8059,2553,969732
15517215,8014,7941,969733
15517231,8242,13427,969734
15517247,8054,2047,969735
15517263,8048,7169,969736
15517279,8140,12416,969737
15517295,7903,1478,969738
15517311,8176,6658,969739
15517327,8135,11804,969740
15517343,8247,469,969741
15517359,8281,6199,969742
15517375,7980,11288,969743
15517391,8149,6057,969744
15517407,8152,5165,969745
15517423,7986,10815,969746
15517439,8176,15970,969747
15517455,8144,4575,969748
15517471,8029,9820,969749
15517487,8111,15458,969750
15517503,8097,4124,969751
15517519,8047,9276,969752
15517535,8174,14387,969753
15517551,8149,3569,969754
15517567,8192,8767,969755
15517583,8196,13891,969756
15517599,8207,2484,969757
15517615,8040,7970,969758
15517631,8026,13338,969759
15517647,8158,2024,969760
15517663,8141,7166,969761
15517679,7977,12350,969762
15517695,8233,1503,969763
15517711,8058,6653,969764
15517727,8001,11836,969765
15517743,8324,503,969766
15517759,8066,6150,969767
15517775,8085,11303,969768
15517791,8241,6086,969769
15517807,8079,5119,969770
15517823,8197,10839,969771
15517839,8124,15869,969772
15517855,8027,4630,969773
15517871,8217,9778,969774
15517887,8153,15447,969775
15517903,7909,4053,969776
15517919,8189,9219,969777
15517935,8085,14381,969778
15517951,8043,3516,969779
15517967,8203,8724,969780
15517983,8112,13887,969781
15517999,8227,2512,969782
15518015,8151,8023,969783
15518031,8087,13352,969784
15518047,8255,2052,969785
15518063,8147,7218,969786
15518079,8095,12390,969787
15518095,8027,1501,969788
15518111,7917,6686,969789
15518127,7927,11810,969790
15518143,7995,446,969791
15518159,8030,6142,969792
15518175,7951,11244,969793
15518191,8248,6088,969794
15518207,8076,5120,969795
15518223,8273,10807,969796
15518239,8076,15929,969797
15518255,8131,4645,969798
15518271,8249,9758,969799
15518287,8093,15459,969800
15518303,7946,4063,969801
15518319,8205,9247,969802
15518335,7987,14446,969803
15518351,7984,3514,969804
15518367,8004,8691,969805
15518383,7993,13867,969806
15518399,8187,2542,969807
15518415,7990,8006,969808
15518431,8158,13378,969809
15518447,8208,2000,969810
15518463,8006,7167,969811
15518479,8114,12399,969812
15518495,8162,1562,969813
15518511,7918,6633,969814
15518527,8132,11848,969815
15518543,8103,540,969816
15518559,7961,6196,969817
15518575,8268,11323,969818
15518591,8010,6091,969819
15518607,8105,5167,969820
15518623,8251,10733,969821
15518639,8211,15995,969822
15518655,8114,4560,969823
15518671,8132,9757,969824
15518687,8078,15442,969825
15518703,8120,4053,969826
15518719,8184,9194,969827
15518735,8038,14407,969828
15518751,8090,3538,969829
15518767,7987,8727,969830
15518783,8093,13918,969831
15518799,8033,2549,969832
15518815,8014,7998,969833
15518831,8132,13370,969834
15518847,8139,2072,969835
15518863,8069,7164,969836
15518879,8168,12406,969837
15518895,7946,1477,969838
15518911,8250,6712,969839
15518927,8131,11825,969840
15518943,7900,470,969841
15518959,8272,6185,969842
15518975,8031,11300,969843
15518991,8009,6084,969844
15519007,8368,5145,969845
15519023,7948,10814,969846
15519039,7942,15951,969847
15519055,8294,4595,969848
15519071,7903,9744,969849
15519087,8066,15431,969850
15519103,8301,4136,969851
15519119,8054,9252,969852
15519135,8272,14392,969853
15519151,8211,3565,969854
15519167,7920,8733,969855
15519183,8378,13885,969856
15519199,7975,2513,969857
15519215,8143,8012,969858
15519231,8042,13299,969859
15519247,8009,2088,969860
15519263,8136,7217,969861
15519279,8431,12399,969862
15519295,7980,1537,969863
15519311,8347,6698,969864
15519327,8132,11844,969865
15519343,8007,432,969866
15519359,8473,6182,969867
15519375,8129,11327,969868
15519391,8133,6078,969869
15519407,8324,5139,969870
15519423,7889,10791,969871
15519439,8118,15907,969872
15519455,8165,4613,969873
15519471,7760,9721,969874
15519487,8169,15478,969875
15519503,8198,4080,969876
15519519,8138,9295,969877
15519535,8346,14415,969878
15519551,8173,3579,969879
15519567,8027,8763,969880
15519583,8300,13916,969881
15519599,7996,2508,969882
15519615,8005,7959,969883
15519631,8230,13347,969884
15519647,7952,2035,969885
15519663,8092,7212,969886
15519679,8081,12463,969887
15519695,7919,1455,969888
15519711,8044,6634,969889
15519727,8069,11795,969890
15519743,8133,425,969891
15519759,8198,6181,969892
15519775,8053,11311,969893
15519791,8270,6054,969894
15519807,8162,5171,969895
15519823,8143,10830,969896
15519839,8321,15975,969897
15519855,7967,4581,969898
15519871,8063,9755,969899
15519887,8141,15413,969900
15519903,7966,4097,969901
15519919,8122,9241,969902
15519935,7985,14378,969903
15519951,8044,3570,969904
15519967,8386,8690,969905
15519983,8159,13891,969906
15519999,8128,2511,969907
15520015,8248,8011,969908
15520031,7949,13283,969909
15520047,8430,2112,969910
15520063,8147,7202,969911
15520079,7953,12415,969912
15520095,8372,1599,969913
15520111,7986,6642,969914
15520127,7995,11748,969915
15520143,8049,479,969916
15520159,7774,6148,969917
15520175,7918,11289,969918
15520191,8114,6016,969919
15520207,7970,5059,969920
15520223,8131,10750,969921
15520239,8142,15914,969922
15520255,8172,4654,969923
15520271,8254,9746,969924
15520287,8100,15431,969925
15520303,8119,4118,969926
15520319,8090,9244,969927
15520335,7924,14370,969928
15520351,7886,3512,969929
15520367,7990,8658,969930
15520383,8065,13852,969931
15520399,8039,2603,969932
15520415,8131,8010,969933
15520431,8171,13360,969934
15520447,8174,1992,969935
15520463,8116,7196,969936
15520479,8183,12394,969937
15520495,8297,1532,969938
15520511,7968,6658,969939
15520527,8051,11758,969940
15520543,8089,459,969941
15520559,7863,6209,969942
15520575,8031,11296,969943
15520591,8065,6079,969944
15520607,7889,5110,969945
15520623,8199,10815,969946
15520639,8067,15946,969947
15520655,8084,4636,969948
15520671,8264,9727,969949
15520687,8298,15417,969950
15520703,8141,4065,969951
15520719,8281,9260,969952
15520735,8144,14351,969953
15520751,8019,3563,969954
15520767,8179,8739,969955
15520783,7979,13858,969956
15520799,8016,2506,969957
15520815,8205,8018,969958
15520831,8006,13273,969959
15520847,7972,2027,969960
15520863,8075,7155,969961
15520879,8085,12415,969962
15520895,8128,1501,969963
15520911,8078,6697,969964
15520927,7984,11761,969965
15520943,8041,541,969966
15520959,8088,6141,969967
15520975,8196,11337,969968
15520991,7869,6036,969969
15521007,8104,5083,969970
15521023,8009,10794,969971
15521039,8153,16012,969972
15521055,8241,4601,969973
15521071,8062,9747,969974
15521087,8017,15352,969975
15521103,8279,4036,969976
15521119,8022,9235,969977
15521135,8135,14398,969978
15521151,8238,3543,969979
15521167,7957,8701,969980
15521183,8054,13824,969981
15521199,8025,2550,969982
15521215,7932,7958,969983
15521231,8235,13375,969984
15521247,8024,2065,969985
15521263,8028,7237,969986
15521279,8155,12401,969987
15521295,7843,1497,969988
15521311,8175,6677,969989
15521327,8165,11774,969990
15521343,8066,496,969991
15521359,8232,6135,969992
15521375,8096,11320,969993
15521391,7961,6037,969994
15521407,8272,5106,969995
15521423,8054,10800,969996
15521439,8115,15937,969997
15521455,8213,4540,969998
15521471,7838,9758,969999
15521487,8068,15435,970000
15521503,8269,4089,970001
15521519,7958,9283,970002
15521535,8145,14428,970003
15521551,8183,3558,970004
15521567,7926,8681,970005
15521583,8419,13905,970006
15521599,8066,2537,970007
15521615,8142,8058,970008
15521631,8210,13353,970009
15521647,8060,2035,970010
15521663,8055,7191,970011
15521679,8120,12455,970012
15521695,7988,1508,970013
15521711,8072,6632,970014
15521727,8011,11854,970015
15521743,8089,457,970016
15521759,8184,6166,970017
15521775,7903,11286,970018
15521791,8374,6067,970019
15521807,8334,5141,970020
15521823,8029,10745,970021
15521839,8273,15999,970022
15521855,8237,4648,970023
15521871,7890,9777,970024
15521887,8255,15430,970025
15521903,7987,4078,970026
15521919,7946,9238,970027
15521935,8179,14360,970028
15521951,7894,3526,970029
15521967,8043,8697,970030
15521983,8264,13960,970031
15521999,8066,2489,970032
15522015,8295,7980,970033
15522031,8137,13375,970034
15522047,8043,1992,970035
15522063,8216,7218,970036
15522079,8008,12477,970037
15522095,8164,1471,970038
15522111,7957,6630,970039
15522127,7951,11797,970040
15522143,8134,451,970041
15522159,7922,6171,970042
15522175,7943,11221,970043
15522191,8134,6052,970044
15522207,8009,5189,970045
15522223,8117,10823,970046
15522239,8242,15923,970047
15522255,7988,4598,970048
15522271,8261,9789,970049
15522287,8196,15449,970050
15522303,8090,4124,970051
15522319,8254,9238,970052
15522335,7910,14382,970053
15522351,7836,3521,970054
15522367,8269,8751,970055
15522383,7862,13847,970056
15522399,7947,2471,970057
15522415,8346,7998,970058
15522431,7907,13340,970059
15522447,8200,2023,970060
15522463,8239,7165,970061
15522479,8053,12395,970062
15522495,8364,1517,970063
15522511,8001,6645,970064
15522527,8089,11822,970065
15522543,8175,498,970066
15522559,7959,6169,970067
15522575,8144,11259,970068
15522591,8168,6046,970069
15522607,7880,5098,970070
15522623,8114,10787,970071
15522639,8212,15916,970072
15522655,8011,4598,970073
15522671,8289,9749,970074
15522687,8105,15441,970075
15522703,8080,4059,970076
15522719,8284,9251,970077
15522735,8065,14382,970078
15522751,8087,3515,970079
15522767,8226,8753,970080
15522783,8176,13938,970081
15522799,7999,2524,970082
15522815,8186,7965,970083
15522831,7939,13284,970084
15522847,8054,1996,970085
15522863,8126,7150,970086
15522879,8131,12352,970087
15522895,8135,1565,970088
15522911,8149,6694,970089
15522927,8116,11759,970090
15522943,8134,506,970091
15522959,8068,6191,970092
15522975,8170,11293,970093
15522991,8093,6056,970094
15523007,8007,5092,970095
15523023,8115,10823,970096
15523039,8003,15861,970097
15523055,8057,4613,970098
15523071,8182,9771,970099
15523087,8066,15383,970100
15523103,8093,4034,970101
15523119,8194,9249,970102
15523135,8162,14385,970103
15523151,8120,3570,970104
15523167,8207,8748,970105
15523183,8192,13850,970106
15523199,8358,2588,970107
15523215,8027,8027,970108
15523231,8066,13335,970109
15523247,8109,2051,970110
15523263,8044,7157,970111
15523279,8186,12361,970112
15523295,7907,1477,970113
15523311,8115,6628,970114
15523327,8308,11818,970115
15523343,8006,425,970116
15523359,8197,6147,970117
15523375,8185,11285,970118
15523391,8132,6095,970119
15523407,8256,5119,970120
15523423,8162,10837,970121
15523439,8014,15902,970122
15523455,8182,4598,970123
15523471,7810,9749,970124
15523487,8015,15417,970125
15523503,8175,4101,970126
15523519,7890,9239,970127
15523535,8036,14335,970128
15523551,8301,3513,970129
15523567,8033,8720,970130
15523583,8254,13922,970131
15523599,8378,2537,970132
15523615,8059,7966,970133
15523631,8349,13342,970134
15523647,8259,2038,970135
15523663,8024,7171,970136
15523679,8223,12403,970137
15523695,7970,1528,970138
15523711,8085,6674,970139
15523727,7979,11822,970140
15523743,7951,417,970141
15523759,8177,6203,970142
15523775,8070,11305,970143
15523791,8195,6076,970144
15523807,8421,5140,970145
15523823,8076,10819,970146
15523839,8311,15985,970147
15523855,8380,4610,970148
15523871,8029,9776,970149
15523887,8003,15454,970150
15523903,8039,4064,970151
15523919,7975,9247,970152
15523935,8025,14359,970153
15523951,8152,3613,970154
15523967,7916,8745,970155
15523983,8058,13894,970156
15523999,8190,2487,970157
15524015,8137,8010,970158
15524031,8116,13342,970159
15524047,8244,2035,970160
15524063,8161,7140,970161
15524079,8272,12456,970162
15524095,8253,1574,970163
15524111,8120,6698,970164
15524127,8083,11824,970165
15524143,8118,491,970166
15524159,8059,6145,970167
15524175,8099,11359,970168
15524191,8184,6088,970169
15524207,8002,5163,970170
15524223,8089,10883,970171
15524239,8297,15924,970172
15524255,8025,4597,970173
15524271,8178,9774,970174
15524287,8300,15459,970175
15524303,8058,4073,970176
15524319,8683,9303,970177
15524335,8169,14385,970178
15524351,8038,3539,970179
15524367,8259,8773,970180
15524383,7925,13875,970181
15524399,7964,2511,970182
15524415,8177,8049,970183
15524431,7989,13387,970184
15524447,8076,2001,970185
15524463,8256,7155,970186
15524479,8048,12380,970187
15524495,8321,1527,970188
15524511,8230,6657,970189
15524527,7982,11802,970190
15524543,8301,477,970191
15524559,8071,6172,970192
15524575,7973,11283,970193
15524591,8169,6051,970194
15524607,8026,5149,970195
15524623,7980,10786,970196
15524639,8278,15901,970197
15524655,7860,4605,970198
15524671,8265,9772,970199
15524687,8157,15457,970200
15524703,8037,4084,970201
15524719,8288,9192,970202
15524735,8088,14342,970203
15524751,8066,3537,970204
15524767,8158,8688,970205
15524783,8060,13859,970206
15524799,8172,2596,970207
15524815,8221,7996,970208
15524831,7953,13372,970209
15524847,8078,2014,970210
15524863,8172,7205,970211
15524879,7988,12441,970212
15524895,8090,1521,970213
15524911,8188,6642,970214
15524927,8131,11836,970215
15524943,8291,503,970216
15524959,8189,6101,970217
15524975,8102,11302,970218
15524991,8222,6090,970219
15525007,8159,5149,970220
15525023,8268,10846,970221
15525039,8124,15930,970222
15525055,8027,4579,970223
15525071,8162,9720,970224
15525087,8183,15463,970225
15525103,8222,4096,970226
15525119,8045,9238,970227
15525135,8034,14324,970228
15525151,8185,3512,970229
15525167,8269,8772,970230
15525183,8078,13852,970231
15525199,8244,2527,970232
15525215,8028,7975,970233
15525231,8088,13347,970234
15525247,8141,2053,970235
15525263,8002,7161,970236
15525279,8120,12402,970237
15525295,8144,1518,970238
15525311,8047,6686,970239
15525327,8126,11755,970240
15525343,8049,504,970241
15525359,8066,6132,970242
15525375,8189,11290,970243
15525391,7917,6019,970244
15525407,8142,5119,970245
15525423,8261,10804,970246
15525439,7987,15948,970247
15525455,8252,4655,970248
15525471,8000,9759,970249
15525487,7968,15430,970250
15525503,8278,4088,970251
15525519,7963,9286,970252
15525535,8010,14377,970253
15525551,8276,3581,970254
15525567,8039,8788,970255
15525583,8227,13967,970256
15525599,8234,2536,970257
15525615,8092,7955,970258
15525631,8282,13400,970259
15525647,8163,2049,970260
15525663,8027,7214,970261
15525679,8299,12415,970262
15525695,8157,1519,970263
15525711,8125,6697,970264
15525727,8121,11817,970265
15525743,7990,496,970266
15525759,8068,6185,970267
15525775,8248,11323,970268
15525791,7966,6074,970269
15525807,8271,5107,970270
15525823,8208,10797,970271
15525839,8329,15952,970272
15525855,8278,4588,970273
15525871,8072,9801,970274
15525887,8049,15405,970275
15525903,8208,4129,970276
15525919,7859,9203,970277
15525935,8231,14414,970278
15525951,8042,3534,970279
15525967,7709,8670,970280
15525983,8135,13904,970281
15525999,8066,2552,970282
15526015,7977,7974,970283
15526031,8209,13350,970284
15526047,8067,1995,970285
15526063,8122,7187,970286
15526079,8340,12426,970287
15526095,8210,1483,970288
15526111,8236,6657,970289
15526127,8082,11845,970290
15526143,8111,536,970291
15526159,7948,6188,970292
15526175,7935,11239,970293
15526191,8128,6105,970294
15526207,8040,5048,970295
15526223,8098,10814,970296
15526239,8300,15972,970297
15526255,8071,4571,970298
15526271,8132,9724,970299
15526287,8424,15445,970300
15526303,8076,4053,970301
15526319,8216,9196,970302
15526335,8121,14421,970303
15526351,8050,3539,970304
15526367,8242,8772,970305
15526383,8133,13800,970306
15526399,8030,2592,970307
15526415,8303,8013,970308
15526431,8037,13399,970309
15526447,8058,2030,970310
15526463,8317,7195,970311
15526479,8045,12390,970312
15526495,8137,1501,970313
15526511,8239,6736,970314
15526527,8001,11838,970315
15526543,8210,477,970316
15526559,8118,6172,970317
15526575,7967,11294,970318
15526591,8289,6050,970319
15526607,7851,5158,970320
15526623,8088,10819,970321
15526639,8264,15970,970322
15526655,7853,4575,970323
15526671,8148,9775,970324
15526687,8300,15510,970325
15526703,7992,4118,970326
15526719,8418,9250,970327
15526735,8116,14390,970328
15526751,7970,3565,970329
15526767,8408,8735,970330
15526783,8048,13880,970331
15526799,8027,2528,970332
15526815,8353,8020,970333
15526831,7849,13366,970334
15526847,7931,2020,970335
15526863,8154,7167,970336
15526879,7842,12400,970337
15526895,8200,1524,970338
15526911,8260,6687,970339
15526927,8044,11746,970340
15526943,8341,491,970341
15526959,8248,6189,970342
15526975,8029,11293,970343
15526991,8367,6096,970344
15527007,8158,5148,970345
15527023,8162,10776,970346
15527039,8291,15946,970347
15527055,7873,4576,970348
15527071,8143,9765,970349
15527087,8155,15478,970350
15527103,7975,4094,970351
15527119,8219,9242,970352
15527135,8075,14395,970353
15527151,7993,3540,970354
15527167,8277,8729,970355
15527183,8144,13873,970356
15527199,8193,2532,970357
15527215,8243,8039,970358
15527231,8104,13368,970359
15527247,8131,2035,970360
15527263,8064,7134,970361
15527279,8043,12319,970362
15527295,8027,1481,970363
15527311,8170,6713,970364
15527327,7949,11772,970365
15527343,7986,411,970366
15527359,8133,6125,970367
15527375,8179,11304,970368
15527391,8221,6091,970369
15527407,8181,5151,970370
15527423,8204,10782,970371
15527439,8074,15928,970372
15527455,8319,4665,970373
15527471,8048,9708,970374
15527487,7917,15356,970375
15527503,8151,4087,970376
15527519,8046,9258,970377
15527535,7955,14371,970378
15527551,8186,3552,970379
15527567,8085,8698,970380
15527583,8085,13874,970381
15527599,8387,2589,970382
15527615,8127,8018,970383
15527631,8266,13398,970384
15527647,8316,2016,970385
15527663,8104,7253,970386
15527679,8312,12460,970387
15527695,8138,1571,970388
15527711,7957,6633,970389
15527727,8173,11832,970390
15527743,8042,542,970391
15527759,8216,6216,970392
15527775,8181,11319,970393
15527791,7924,6022,970394
15527807,8269,5124,970395
15527823,8196,10793,970396
15527839,8160,15914,970397
15527855,8305,4650,970398
15527871,8187,9751,970399
15527887,8119,15501,970400
15527903,8403,4094,970401
15527919,7997,9257,970402
15527935,8116,14399,970403
15527951,8114,3614,970404
15527967,7824,8740,970405
15527983,8208,13880,970406
15527999,8177,2629,970407
15528015,7971,7978,970408
15528031,8110,13338,970409
15528047,8144,2073,970410
15528063,8112,7217,970411
15528079,8338,12389,970412
15528095,8251,1487,970413
15528111,8005,6632,970414
15528127,8190,11860,970415
15528143,8104,443,970416
15528159,8005,6148,970417
15528175,8111,11316,970418
15528191,7988,6074,970419
15528207,8068,5112,970420
15528223,8126,10742,970421
15528239,8222,15997,970422
15528255,8137,4571,970423
15528271,8005,9722,970424
15528287,8179,15456,970425
15528303,8173,4085,970426
15528319,8206,9213,970427
15528335,8138,14445,970428
15528351,8155,3515,970429
15528367,8033,8696,970430
15528383,8140,13927,970431
15528399,8007,2534,970432
15528415,8026,8005,970433
15528431,8120,13344,970434
15528447,7981,2025,970435
15528463,8066,7165,970436
15528479,8254,12373,970437
15528495,8005,1474,970438
15528511,8106,6698,970439
15528527,8122,11834,970440
15528543,8107,473,970441
15528559,8086,6173,970442
15528575,8081,11334,970443
15528591,8054,6033,970444
15528607,7950,5102,970445
15528623,8067,10826,970446
15528639,8297,15949,970447
15528655,8026,4590,970448
15528671,8172,9763,970449
15528687,8140,15436,970450
15528703,8085,4081,970451
15528719,8247,9312,970452
15528735,8129,14369,970453
15528751,7996,3496,970454
15528767,8217,8744,970455
15528783,8170,13886,970456
15528799,8084,2526,970457
15528815,8257,7994,970458
15528831,8145,13382,970459
15528847,7999,1998,970460
15528863,8132,7198,970461
15528879,8134,12393,970462
15528895,8048,1512,970463
15528911,8128,6643,970464
15528927,7985,11759,970465
15528943,8128,455,970466
15528959,8144,6122,970467
15528975,8204,11335,970468
15528991,8265,6085,970469
15529007,8150,5141,970470
15529023,8073,10778,970471
15529039,8171,15927,970472
15529055,8015,4673,970473
15529071,8048,9769,970474
15529087,8239,15419,970475
15529103,7903,4055,970476
15529119,8290,9245,970477
15529135,8089,14332,970478
15529151,7952,3559,970479
15529167,8260,8681,970480
15529183,8083,13893,970481
15529199,8142,2548,970482
15529215,8288,7978,970483
15529231,7929,13338,970484
15529247,8056,2031,970485
15529263,8147,7149,970486
15529279,7877,12367,970487
15529295,8063,1516,970488
15529311,8071,6708,970489
15529327,7929,11820,970490
15529343,8167,468,970491
15529359,8009,6109,970492
15529375,8211,11316,970493
15529391,8277,6011,970494
15529407,8112,5100,970495
15529423,8292,10825,970496
15529439,8177,15938,970497
15529455,8091,4638,970498
15529471,8218,9812,970499
15529487,7990,15430,970500
15529503,7979,4055,970501
15529519,8126,9204,970502
15529535,7988,14397,970503
15529551,8114,3555,970504
15529567,8224,8736,970505
15529583,7960,13904,970506
15529599,8160,2528,970507
15529615,8285,8011,970508
15529631,8084,13377,970509
15529647,8288,2077,970510
15529663,8071,7216,970511
15529679,7973,12386,970512
15529695,8262,1525,970513
15529711,8086,6695,970514
15529727,8157,11841,970515
15529743,8162,441,970516
15529759,8022,6126,970517
15529775,8224,11308,970518
15529791,7909,6045,970519
15529807,8126,5111,970520
15529823,8262,10805,970521
15529839,7878,15864,970522
15529855,8251,4599,970523
15529871,8123,9696,970524
15529887,7959,15428,970525
15529903,8461,4083,970526
15529919,8123,9247,970527
15529935,8012,14384,970528
15529951,8342,3546,970529
15529967,7908,8722,970530
15529983,8054,13888,970531
15529999,8385,2589,970532
15530015,7800,7941,970533
15530031,8270,13370,970534
15530047,8225,2007,970535
15530063,7973,7159,970536
15530079,8237,12346,970537
15530095,8113,1488,970538
15530111,8096,6692,970539
15530127,8396,11802,970540
15530143,8019,480,970541
15530159,8083,6179,970542
15530175,8235,11297,970543
15530191,7994,6059,970544
15530207,8059,5119,970545
15530223,8049,10793,970546
15530239,7959,15927,970547
15530255,8232,4629,970548
15530271,8083,9729,970549
15530287,8021,15481,970550
15530303,8258,4087,970551
15530319,8084,9263,970552
15530335,8159,14379,970553
15530351,8217,3564,970554
15530367,7930,8742,970555
15530383,8220,13894,970556
15530399,8163,2520,970557
15530415,8039,8015,970558
15530431,8216,13365,970559
15530447,8034,2031,970560
15530463,8034,7221,970561
15530479,8282,12419,970562
15530495,7935,1468,970563
15530511,8037,6699,970564
15530527,8337,11886,970565
15530543,8140,504,970566
15530559,8190,6179,970567
15530575,8079,11290,970568
15530591,8091,6038,970569
15530607,8196,5140,970570
15530623,7979,10785,970571
15530639,8126,15982,970572
15530655,8186,4605,970573
15530671,8059,9758,970574
15530687,8151,15390,970575
15530703,8145,4099,970576
15530719,8118,9247,970577
15530735,8218,14432,970578
15530751,8072,3551,970579
15530767,8209,8749,970580
15530783,8253,13877,970581
15530799,8076,2538,970582
15530815,8173,7979,970583
15530831,8126,13365,970584
15530847,7928,2022,970585
15530863,8228,7218,970586
15530879,8078,12367,970587
15530895,8096,1490,970588
15530911,8243,6637,970589
15530927,8039,11825,970590
15530943,8165,466,970591
15530959,8286,6189,970592
15530975,8188,11319,970593
15530991,8146,6036,970594
15531007,8149,5078,970595
15531023,8267,10835,970596
15531039,8173,15908,970597
15531055,8103,4656,970598
15531071,8102,9815,970599
15531087,8255,15479,970600
15531103,7974,4117,970601
15531119,8058,9262,970602
15531135,8081,14388,970603
15531151,7935,3606,970604
15531167,8317,8742,970605
15531183,8220,13952,970606
15531199,8063,2560,970607
15531215,8443,7988,970608
15531231,8036,13347,970609
15531247,8158,2046,970610
15531263,8298,7208,970611
15531279,8064,12419,970612
15531295,8084,1516,970613
15531311,8136,6683,970614
15531327,7805,11794,970615
15531343,8057,464,970616
15531359,8042,6091,970617
15531375,7950,11262,970618
15531391,8234,6085,970619
15531407,8173,5077,970620
15531423,8173,10822,970621
15531439,8356,15940,970622
15531455,8202,4633,970623
15531471,8124,9783,970624
15531487,8236,15466,970625
15531503,8077,4113,970626
15531519,8151,9191,970627
15531535,8112,14370,970628
15531551,8005,3539,970629
15531567,8102,8759,970630
15531583,8134,13886,970631
15531599,8099,2549,970632
15531615,8148,7965,970633
15531631,8246,13375,970634
15531647,8272,2049,970635
15531663,8205,7160,970636
15531679,8101,12363,970637
15531695,8154,1505,970638
15531711,8144,6692,970639
15531727,7994,11820,970640
15531743,8107,463,970641
15531759,8014,6174,970642
15531775,8028,11307,970643
15531791,8089,6096,970644
15531807,8070,5162,970645
15531823,8146,10796,970646
15531839,8183,15914,970647
15531855,8256,4584,970648
15531871,8102,9761,970649
15531887,8133,15422,970650
15531903,8320,4117,970651
15531919,8172,9242,970652
15531935,8027,14378,970653
15531951,8171,3553,970654
15531967,8081,8722,970655
15531983,8008,13872,970656
15531999,8116,2518,970657
15532015,7924,7949,970658
15532031,8161,13405,970659
15532047,8155,1999,970660
15532063,7912,7166,970661
15532079,8192,12361,970662
15532095,8094,1488,970663
15532111,8109,6679,970664
15532127,8271,11806,970665
15532143,8120,463,970666
15532159,7911,6176,970667
15532175,8200,11333,970668
15532191,7982,6029,970669
15532207,8036,5107,970670
15532223,8160,10803,970671
15532239,7998,15929,970672
15532255,8116,4637,970673
15532271,8224,9781,970674
15532287,8044,15357,970675
15532303,8287,4048,970676
15532319,8236,9290,970677
15532335,8096,14450,970678
15532351,8352,3574,970679
15532367,8054,8737,970680
15532383,8136,13860,970681
15532399,8084,2516,970682
15532415,7981,8014,970683
15532431,8310,13388,970684
15532447,8149,2004,970685
15532463,7965,7194,970686
15532479,8274,12416,970687
15532495,8179,1538,970688
15532511,8067,6632,970689
15532527,8455,11852,970690
15532543,8192,444,970691
15532559,8185,6216,970692
15532575,8340,11333,970693
15532591,7952,6022,970694
15532607,8002,5080,970695
15532623,8106,10814,970696
15532639,8072,15983,970697
15532655,8025,4586,970698
15532671,8106,9730,970699
15532687,8001,15388,970700
15532703,8243,4102,970701
15532719,8028,9191,970702
15532735,8343,14400,970703
15532751,8282,3540,970704
15532767,8183,8737,970705
15532783,8216,13932,970706
15532799,8210,2593,970707
15532815,8079,7992,970708
15532831,8123,13393,970709
15532847,8009,2014,970710
15532863,8066,7215,970711
15532879,8185,12386,970712
15532895,7975,1465,970713
15532911,8101,6658,970714
15532927,8065,11768,970715
15532943,8087,451,970716
15532959,8239,6132,970717
15532975,8124,11319,970718
15532991,8143,6057,970719
15533007,8262,5146,970720
15533023,8064,10813,970721
15533039,8210,15974,970722
15533055,8083,4586,970723
15533071,8024,9706,970724
15533087,8168,15453,970725
15533103,8011,4098,970726
15533119,8108,9257,970727
15533135,8240,14354,970728
15533151,7987,3581,970729
15533167,8149,8690,970730
15533183,8269,13921,970731
15533199,7909,2504,970732
15533215,8281,7973,970733
15533231,8179,13303,970734
15533247,8102,2040,970735
15533263,8442,7238,970736
15533279,8148,12370,970737
15533295,8149,1481,970738
15533311,8271,6679,970739
15533327,7926,11829,970740
15533343,8034,401,970741
15533359,8207,6178,970742
15533375,7835,11251,970743
15533391,8169,6053,970744
15533407,8147,5076,970745
15533423,8042,10792,970746
15533439,8382,15985,970747
15533455,8047,4678,970748
15533471,8077,9689,970749
15533487,8336,15522,970750
15533503,8075,4116,970751
15533519,8119,9259,970752
15533535,8130,14410,970753
15533551,7893,3577,970754
15533567,8069,8677,970755
15533583,8135,13911,970756
15533599,8054,2558,970757
15533615,8218,8024,970758
15533631,8065,13356,970759
15533647,8185,2006,970760
15533663,8327,7134,970761
15533679,7977,12369,970762
15533695,8141,1482,970763
15533711,8250,6695,970764
15533727,7923,11757,970765
15533743,8260,507,970766
15533759,8036,6170,970767
15533775,7902,11235,970768
15533791,8135,6039,970769
15533807,8179,5166,970770
15533823,8294,10848,970771
15533839,8307,15946,970772
15533855,8032,4572,970773
15533871,8317,9774,970774
15533887,8102,15381,970775
15533903,8171,4157,970776
15533919,8277,9256,970777
15533935,8045,14378,970778
15533951,8110,3504,970779
15533967,8156,8774,970780
15533983,7918,13862,970781
15533999,8209,2556,970782
15534015,8039,7968,970783
15534031,8132,13402,970784
15534047,8293,2038,970785
15534063,8030,7194,970786
15534079,8214,12392,970787
15534095,8363,1542,970788
15534111,8047,6679,970789
15534127,8144,11806,970790
15534143,8192,493,970791
15534159,7982,6142,970792
15534175,8248,11267,970793
15534191,8210,6109,970794
15534207,8082,5157,970795
15534223,8154,10878,970796
15534239,7973,15906,970797
15534255,8101,4614,970798
15534271,8242,9727,970799
15534287,8061,15413,970800
15534303,8231,4146,970801
15534319,8194,9219,970802
15534335,8065,14401,970803
15534351,8349,3508,970804
15534367,8108,8732,970805
15534383,7915,13876,970806
15534399,8291,2545,970807
15534415,7889,7966,970808
15534431,8131,13342,970809
15534447,8222,2009,970810
15534463,7733,7126,970811
15534479,8213,12393,970812
15534495,8059,1459,970813
15534511,7887,6655,970814
15534527,8314,11835,970815
15534543,8139,455,970816
15534559,8171,6137,970817
15534575,8453,11336,970818
15534591,8226,6104,970819
15534607,8180,5139,970820
15534623,8293,10816,970821
15534639,8054,15947,970822
15534655,8154,4664,970823
15534671,8068,9719,970824
15534687,7988,15472,970825
15534703,8218,4098,970826
15534719,8004,9180,970827
15534735,8127,14375,970828
15534751,8219,3533,970829
15534767,8064,8737,970830
15534783,8313,13869,970831
15534799,8376,2589,970832
15534815,8139,8014,970833
15534831,8284,13417,970834
15534847,8145,2000,970835
15534863,8009,7191,970836
15534879,8150,12363,970837
15534895,7918,1518,970838
15534911,8051,6688,970839
15534927,8119,11751,970840
15534943,8126,475,970841
15534959,8246,6195,970842
15534975,8141,11299,970843
15534991,8068,6016,970844
15535007,8205,5118,970845
15535023,8189,10745,970846
15535039,8299,15937,970847
15535055,8168,4671,970848
15535071,8136,9780,970849
15535087,8140,15480,970850
15535103,8152,4097,970851
15535119,8042,9213,970852
15535135,8049,14416,970853
15535151,7932,3523,970854
15535167,8153,8744,970855
15535183,8082,13817,970856
15535199,8076,2514,970857
15535215,8335,8037,970858
15535231,8238,13338,970859
15535247,8212,2022,970860
15535263,8253,7137,970861
15535279,8204,12419,970862
15535295,7999,1506,970863
15535311,8221,6717,970864
15535327,7981,11766,970865
15535343,7910,426,970866
15535359,8228,6188,970867
15535375,7930,11239,970868
15535391,8155,6079,970869
15535407,8238,5141,970870
15535423,8044,10799,970871
15535439,8351,15931,970872
15535455,8228,4782,970873
15535471,8123,9781,970874
15535487,8344,15438,970875
15535503,8136,4063,970876
15535519,8055,9192,970877
15535535,8261,14421,970878
15535551,7992,3533,970879
15535567,8090,8694,970880
15535583,8184,13946,970881
15535599,7919,2533,970882
15535615,8121,8010,970883
15535631,8256,13425,970884
15535647,8041,2011,970885
15535663,8355,7165,970886
15535679,8162,12436,970887
15535695,8133,1507,970888
15535711,8303,6635,970889
15535727,7953,11804,970890
15535743,8073,466,970891
15535759,8106,6140,970892
15535775,7934,11296,970893
15535791,8057,6046,970894
15535807,8092,5113,970895
15535823,7949,10751,970896
15535839,8060,15950,970897
15535855,8157,4602,970898
15535871,8144,9750,970899
15535887,8146,15440,970900
15535903,8224,4171,970901
15535919,8070,9259,970902
15535935,8107,14327,970903
15535951,8185,3566,970904
15535967,8149,8767,970905
15535983,8083,13877,970906
15535999,8105,2525,970907
15536015,8085,8052,970908
15536031,8091,13328,970909
15536047,8061,2043,970910
15536063,8083,7214,970911
15536079,8011,12394,970912
15536095,8090,1523,970913
15536111,8186,6705,970914
15536127,8140,11812,970915
15536143,8264,478,970916
15536159,8131,6204,970917
15536175,8182,11332,970918
15536191,8211,6062,970919
15536207,8076,5105,970920
15536223,8193,10801,970921
15536239,8027,15944,970922
15536255,8023,4552,970923
15536271,8146,9755,970924
15536287,7989,15406,970925
15536303,8124,4070,970926
15536319,8155,9283,970927
15536335,8104,14399,970928
15536351,8269,3562,970929
15536367,8162,8743,970930
15536383,8209,13906,970931
15536399,8267,2540,970932
15536415,8157,8002,970933
15536431,8031,13402,970934
15536447,8099,2076,970935
15536463,8131,7231,970936
15536479,8157,12427,970937
15536495,8096,1507,970938
15536511,7924,6692,970939
15536527,8170,11810,970940
15536543,8128,435,970941
15536559,7981,6105,970942
15536575,8322,11324,970943
15536591,8169,6013,970944
15536607,8024,5124,970945
15536623,8323,10833,970946
15536639,8095,15980,970947
15536655,7991,4583,970948
15536671,8241,9768,970949
15536687,7891,15402,970950
15536703,8066,4129,970951
15536719,8169,9210,970952
15536735,8111,14446,970953
15536751,8198,3537,970954
15536767,8133,8762,970955
15536783,8107,13885,970956
15536799,8352,2530,970957
15536815,8065,8013,970958
15536831,8246,13394,970959
15536847,8172,2016,970960
15536863,7958,7128,970961
15536879,8290,12357,970962
15536895,8024,1613,970963
15536911,7971,6714,970964
15536927,8136,11830,970965
15536943,7919,476,970966
15536959,8201,6198,970967
15536975,8221,11315,970968
15536991,8090,6091,970969
15537007,8265,5183,970970
15537023,8331,10797,970971
15537039,8118,15954,970972
15537055,8118,4552,970973
15537071,8145,9809,970974
15537087,8150,15430,970975
15537103,8094,4083,970976
15537119,8026,9259,970977
15537135,8022,14366,970978
15537151,7969,3534,970979
15537167,8138,8766,970980
15537183,8118,13906,970981
15537199,8122,2539,970982
15537215,8191,7993,970983
15537231,8215,13349,970984
15537247,8127,2051,970985
15537263,8193,7191,970986
15537279,8184,12382,970987
15537295,7988,1565,970988
15537311,8233,6681,970989
15537327,8047,11801,970990
15537343,7903,462,970991
15537359,8273,6140,970992
15537375,8028,11322,970993
15537391,8027,6100,970994
15537407,8260,5149,970995
15537423,7870,10738,970996
15537439,8189,15979,970997
15537455,8324,4659,970998
15537471,7990,9764,970999
15537487,8224,15440,971000
15537503,8211,4055,971001
15537519,7993,9181,971002
15537535,8175,14364,971003
15537551,8114,3607,971004
15537567,8027,8766,971005
15537583,8262,13932,971006
15537599,7836,2541,971007
15537615,8158,7971,971008
15537631,8186,13427,971009
15537647,7824,2022,971010
15537663,8154,7157,971011
15537679,8092,12397,971012
15537695,7980,1435,971013
15537711,8424,6717,971014
15537727,8093,11798,971015
15537743,8096,580,971016
15537759,8253,6110,971017
15537775,7801,11194,971018
15537791,8133,6093,971019
15537807,8278,5179,971020
15537823,7790,10804,971021
15537839,8233,15980,971022
15537855,8171,4647,971023
15537871,7911,9723,971024
15537887,8315,15521,971025
15537903,7973,4134,971026
15537919,8164,9277,971027
15537935,8249,14392,971028
15537951,7949,3543,971029
15537967,8148,8745,971030
15537983,8099,13853,971031
15537999,7841,2513,971032
15538015,8218,7985,971033
15538031,7907,13398,971034
15538047,8059,2001,971035
15538063,8228,7242,971036
15538079,8041,12391,971037
15538095,8102,1526,971038
15538111,8300,6704,971039
15538127,7949,11799,971040
15538143,8223,430,971041
15538159,8094,6130,971042
15538175,7980,11205,971043
15538191,8196,6044,971044
15538207,7997,5157,971045
15538223,8006,10817,971046
15538239,8270,15970,971047
15538255,7867,4545,971048
15538271,8086,9781,971049
15538287,8037,15395,971050
15538303,8117,4135,971051
15538319,8298,9187,971052
15538335,8090,14405,971053
15538351,8157,3575,971054
15538367,8253,8739,971055
15538383,8092,13885,971056
15538399,8195,2508,971057
15538415,8250,8050,971058
15538431,8010,13349,971059
15538447,8082,1979,971060
15538463,8086,7207,971061
15538479,8129,12412,971062
15538495,8160,1484,971063
15538511,8043,6721,971064
15538527,8163,11845,971065
15538543,8126,443,971066
15538559,8001,6130,971067
15538575,8123,11237,971068
15538591,8136,6054,971069
15538607,8068,5162,971070
15538623,8197,10795,971071
15538639,8174,15928,971072
15538655,7941,4570,971073
15538671,8318,9812,971074
15538687,7960,15463,971075
15538703,8109,4114,971076
15538719,8038,9213,971077
15538735,8050,14480,971078
15538751,8052,3530,971079
15538767,8032,8650,971080
15538783,8054,13862,971081
15538799,8288,2554,971082
15538815,8095,7966,971083
15538831,8078,13335,971084
15538847,8306,2000,971085
15538863,7992,7160,971086
15538879,8107,12357,971087
15538895,8146,1541,971088
15538911,7827,6718,971089
15538927,8186,11836,971090
15538943,8034,455,971091
15538959,7849,6175,971092
15538975,8196,11321,971093
15538991,8101,6068,971094
15539007,8050,5149,971095
15539023,8385,10843,971096
15539039,8183,15933,971097
15539055,8112,4589,971098
15539071,8315,9756,971099
15539087,8086,15430,971100
15539103,8153,4121,971101
15539119,8066,9185,971102
15539135,7907,14389,971103
15539151,8067,3536,971104
15539167,8098,8774,971105
15539183,8141,13900,971106
15539199,8133,2512,971107
15539215,8111,7959,971108
15539231,8254,13342,971109
15539247,8210,2035,971110
15539263,8292,7223,971111
15539279,8162,12382,971112
15539295,8161,1525,971113
15539311,8168,6657,971114
15539327,8131,11880,971115
15539343,8140,538,971116
15539359,7966,6135,971117
15539375,8102,11334,971118
15539391,7964,6025,971119
15539407,8064,5091,971120
15539423,8249,10811,971121
15539439,8224,15966,971122
15539455,8250,4651,971123
15539471,8244,9783,971124
15539487,8141,15424,971125
15539503,8093,4051,971126
15539519,8234,9266,971127
15539535,8128,14407,971128
15539551,7991,3526,971129
15539567,8187,8776,971130
15539583,8036,13902,971131
15539599,8105,2591,971132
15539615,8046,8016,971133
15539631,8192,13368,971134
15539647,8020,1946,971135
15539663,8172,7193,971136
15539679,8081,12366,971137
15539695,7990,1466,971138
15539711,8155,6656,971139
15539727,8072,11814,971140
15539743,8174,512,971141
15539759,8269,6151,971142
15539775,7965,11338,971143
15539791,8100,6047,971144
15539807,8229,5139,971145
15539823,7913,10806,971146
15539839,8165,16000,971147
15539855,8097,4599,971148
15539871,7912,9726,971149
15539887,8156,15425,971150
15539903,8172,4007,971151
15539919,8070,9219,971152
15539935,8257,14407,971153
15539951,8264,3569,971154
15539967,8058,8723,971155
15539983,8341,13927,971156
15539999,8122,2547,971157
15540015,8091,8016,971158
15540031,8154,13379,971159
15540047,8006,2076,971160
15540063,8263,7217,971161
15540079,8067,12397,971162
15540095,8063,1484,971163
15540111,8267,6685,971164
15540127,7984,11822,971165
15540143,8265,470,971166
15540159,8368,6175,971167
15540175,8053,11268,971168
15540191,8134,6050,971169
15540207,8150,5139,971170
15540223,7865,10803,971171
15540239,8189,15919,971172
15540255,8027,4600,971173
15540271,8055,9787,971174
15540287,8217,15506,971175
15540303,8193,4087,971176
15540319,8123,9261,971177
15540335,8249,14439,971178
15540351,8247,3615,971179
15540367,8250,8750,971180
15540383,8134,13880,971181
15540399,8097,2519,971182
15540415,8101,7971,971183
15540431,8105,13374,971184
15540447,8201,2081,971185
15540463,8070,7190,971186
15540479,8036,12460,971187
15540495,8175,1544,971188
15540511,8051,6613,971189
15540527,8166,11845,971190
15540543,8284,465,971191
15540559,7999,6185,971192
15540575,8030,11234,971193
15540591,8178,6074,971194
15540607,8012,5149,971195
15540623,8237,10825,971196
15540639,8148,15868,971197
15540655,7919,4576,971198
15540671,8184,9706,971199
15540687,8099,15502,971200
15540703,8013,4088,971201
15540719,8282,9257,971202
15540735,7941,14434,971203
15540751,7925,3497,971204
15540767,8144,8675,971205
15540783,8004,13861,971206
15540799,8166,2553,971207
15540815,8060,7933,971208
15540831,7946,13306,971209
15540847,8286,2018,971210
15540863,8077,7167,971211
15540879,8110,12402,971212
15540895,8324,1560,971213
15540911,7921,6649,971214
15540927,8134,11819,971215
15540943,8197,508,971216
15540959,7806,6137,971217
15540975,8255,11305,971218
15540991,8087,6097,971219
15541007,8021,5154,971220
15541023,8356,10814,971221
15541039,8184,15941,971222
15541055,8216,4668,971223
15541071,8432,9778,971224
15541087,8168,15504,971225
15541103,8151,4053,971226
15541119,8332,9297,971227
15541135,7927,14366,971228
15541151,8105,3515,971229
15541167,7982,8730,971230
15541183,7953,13934,971231
15541199,8158,2542,971232
15541215,8073,8021,971233
15541231,8060,13352,971234
15541247,8355,2040,971235
15541263,8090,7199,971236
15541279,8185,12356,971237
15541295,8292,1566,971238
15541311,8006,6649,971239
15541327,8261,11874,971240
15541343,8155,510,971241
15541359,8038,6146,971242
15541375,8145,11313,971243
15541391,7886,6075,971244
15541407,8083,5144,971245
15541423,8233,10858,971246
15541439,7920,15928,971247
15541455,8183,4610,971248
15541471,8101,9724,971249
15541487,8034,15418,971250
15541503,8255,4142,971251
15541519,8117,9281,971252
15541535,8152,14380,971253
15541551,8216,3548,971254
15541567,8114,8800,971255
15541583,8120,13885,971256
15541599,8006,2530,971257
15541615,8100,7970,971258
15541631,8175,13344,971259
15541647,7996,2021,971260
15541663,8144,7158,971261
15541679,8203,12428,971262
15541695,8148,1539,971263
15541711,8299,6722,971264
15541727,8099,11848,971265
15541743,8070,462,971266
15541759,8239,6195,971267
15541775,8109,11302,971268
15541791,7998,6103,971269
15541807,8397,5149,971270
15541823,7912,10788,971271
15541839,8051,15953,971272
15541855,8264,4604,971273
15541871,7897,9751,971274
15541887,8135,15394,971275
15541903,8261,4139,971276
15541919,8067,9251,971277
15541935,8405,14422,971278
15541951,8095,3505,971279
15541967,8103,8703,971280
15541983,8341,13864,971281
15541999,7984,2553,971282
15542015,8116,8022,971283
15542031,8217,13379,971284
15542047,7980,2047,971285
15542063,8190,7211,971286
15542079,8135,12440,971287
15542095,7949,1560,971288
15542111,8115,6607,971289
15542127,7966,11796,971290
15542143,8082,471,971291
15542159,8260,6129,971292
15542175,7968,11244,971293
15542191,8119,6070,971294
15542207,8321,5115,971295
15542223,7902,10804,971296
15542239,8242,15975,971297
15542255,8049,4647,971298
15542271,7888,9782,971299
15542287,8195,15442,971300
15542303,8065,4086,971301
15542319,7860,9208,971302
15542335,8243,14398,971303
15542351,7985,3509,971304
15542367,8144,8743,971305
15542383,8249,13848,971306
15542399,8008,2552,971307
15542415,8182,8019,971308
15542431,8299,13384,971309
15542447,7913,2021,971310
15542463,7987,7169,971311
15542479,7950,12358,971312
15542495,7962,1498,971313
15542511,8106,6688,971314
15542527,8067,11804,971315
15542543,8105,441,971316
15542559,8136,6119,971317
15542575,7975,11293,971318
15542591,8222,6028,971319
15542607,8260,5150,971320
15542623,8264,10844,971321
15542639,8227,15926,971322
15542655,8179,4582,971323
15542671,8174,9726,971324
15542687,8248,15470,971325
15542703,8088,4126,971326
15542719,8062,9191,971327
15542735,8045,14402,971328
15542751,8094,3497,971329
15542767,8152,8704,971330
15542783,8067,13847,971331
15542799,8134,2599,971332
15542815,8185,8026,971333
15542831,8224,13435,971334
15542847,8201,2047,971335
15542863,8059,7198,971336
15542879,7981,12358,971337
15542895,8181,1530,971338
15542911,8039,6685,971339
15542927,8106,11874,971340
15542943,8106,464,971341
15542959,7887,6098,971342
15542975,8119,11364,971343
15542991,8187,6063,971344
15543007,7920,5164,971345
15543023,8302,10742,971346
15543039,8256,15987,971347
15543055,8027,4649,971348
15543071,8348,9724,971349
15543087,8246,15497,971350
15543103,8076,4062,971351
15543119,8353,9249,971352
15543135,7895,14402,971353
15543151,8209,3578,971354
15543167,8156,8791,971355
15543183,7847,13841,971356
15543199,8081,2512,971357
15543215,8265,8033,971358
15543231,7950,13328,971359
15543247,8109,2053,971360
15543263,8192,7171,971361
15543279,8179,12357,971362
15543295,8350,1521,971363
15543311,8137,6680,971364
15543327,8132,11861,971365
15543343,8293,493,971366
15543359,8178,6187,971367
15543375,8085,11320,971368
15543391,7971,6053,971369
15543407,8023,5140,971370
15543423,8071,10778,971371
15543439,8192,15997,971372
15543455,8041,4558,971373
15543471,8418,9779,971374
15543487,8227,15468,971375
15543503,8325,4146,971376
15543519,8360,9259,971377
15543535,8053,14403,971378
15543551,8162,3574,971379
15543567,8146,8725,971380
15543583,8182,13822,971381
15543599,8193,2602,971382
15543615,8159,8017,971383
15543631,8062,13416,971384
15543647,8098,2070,971385
15543663,8027,7190,971386
15543679,8164,12390,971387
15543695,8062,1511,971388
15543711,8227,6716,971389
15543727,8217,11805,971390
15543743,8180,511,971391
15543759,8172,6127,971392
15543775,8059,11307,971393
15543791,8145,6090,971394
15543807,8148,5098,971395
15543823,8002,10740,971396
15543839,8086,15947,971397
15543855,8219,4650,971398
15543871,8045,9721,971399
15543887,8231,15505,971400
15543903,8143,4066,971401
15543919,8062,9244,971402
15543935,8095,14399,971403
15543951,8186,3613,971404
15543967,8010,8681,971405
15543983,8227,13843,971406
15543999,8106,2557,971407
15544015,8126,8042,971408
15544031,8095,13381,971409
15544047,7983,2033,971410
15544063,8195,7215,971411
15544079,8059,12424,971412
15544095,8013,1496,971413
15544111,8256,6726,971414
15544127,8058,11795,971415
15544143,8136,472,971416
15544159,8221,6177,971417
15544175,8034,11258,971418
15544191,8095,6075,971419
15544207,8468,5105,971420
15544223,8000,10815,971421
15544239,8145,15854,971422
15544255,8144,4535,971423
15544271,7891,9751,971424
15544287,8226,15522,971425
15544303,8010,4124,971426
15544319,7828,9242,971427
15544335,8305,14411,971428
15544351,8059,3551,971429
15544367,7927,8759,971430
15544383,8322,13933,971431
15544399,7959,2486,971432
15544415,8037,7935,971433
15544431,8455,13445,971434
15544447,8097,2024,971435
15544463,8122,7143,971436
15544479,8222,12386,971437
15544495,8096,1508,971438
15544511,8221,6522,971439
15544527,8089,11845,971440
15544543,7921,486,971441
15544559,8004,6194,971442
15544575,7983,11302,971443
15544591,8106,6068,971444
15544607,8175,5094,971445
15544623,8115,10814,971446
15544639,8307,15954,971447
15544655,8087,4589,971448
15544671,8157,9781,971449
15544687,8206,15421,971450
15544703,8143,4135,971451
15544719,8054,9249,971452
15544735,8262,14462,971453
15544751,8078,3580,971454
15544767,8130,8681,971455
15544783,8119,13896,971456
15544799,8078,2554,971457
15544815,8311,7958,971458
15544831,8237,13417,971459
15544847,8085,2016,971460
15544863,8254,7240,971461
15544879,8093,12475,971462
15544895,8168,1509,971463
15544911,8148,6684,971464
15544927,7925,11769,971465
15544943,8126,432,971466
15544959,7908,6196,971467
15544975,8013,11257,971468
15544991,8312,6066,971469
15545007,7988,5172,971470
15545023,8130,10842,971471
15545039,8242,15903,971472
15545055,7997,4646,971473
15545071,8272,9780,971474
15545087,8213,15464,971475
15545103,8029,4059,971476
15545119,8471,9276,971477
15545135,8105,14404,971478
15545151,8036,3582,971479
15545167,8398,8779,971480
15545183,7959,13917,971481
15545199,7981,2537,971482
15545215,8204,8026,971483
15545231,7902,13352,971484
15545247,8248,2044,971485
15545263,8260,7208,971486
15545279,8039,12316,971487
15545295,8216,1508,971488
15545311,8079,6627,971489
15545327,8115,11805,971490
15545343,8365,542,971491
15545359,8130,6181,971492
15545375,8172,11293,971493
15545391,8215,6062,971494
15545407,7863,5089,971495
15545423,8247,10802,971496
15545439,8084,15868,971497
15545455,7867,4519,971498
15545471,8330,9757,971499
15545487,7986,15426,971500
15545503,8052,4050,971501
15545519,8306,9252,971502
15545535,7994,14405,971503
15545551,8240,3552,971504
15545567,8262,8765,971505
15545583,8080,13874,971506
15545599,8163,2527,971507
15545615,8026,7994,971508
15545631,7985,13358,971509
15545647,8216,2091,971510
15545663,8064,7191,971511
15545679,8070,12421,971512
15545695,8107,1504,971513
15545711,8144,6652,971514
15545727,8073,11758,971515
15545743,8135,441,971516
15545759,8243,6185,971517
15545775,8038,11294,971518
15545791,8120,6050,971519
15545807,8083,5123,971520
15545823,8169,10768,971521
15545839,8058,15971,971522
15545855,8179,4673,971523
15545871,8089,9760,971524
15545887,8045,15441,971525
15545903,8222,4138,971526
15545919,8095,9247,971527
15545935,7991,14404,971528
15545951,8295,3526,971529
15545967,7974,8676,971530
15545983,8140,13870,971531
15545999,8206,2541,971532
15546015,7983,7957,971533
15546031,8199,13386,971534
15546047,8048,2008,971535
15546063,7960,7161,971536
15546079,8136,12440,971537
15546095,8051,1502,971538
15546111,8078,6654,971539
15546127,8266,11769,971540
15546143,7951,425,971541
15546159,8212,6161,971542
15546175,8210,11296,971543
15546191,8090,6012,971544
15546207,8276,5143,971545
15546223,8174,10819,971546
15546239,8188,15894,971547
15546255,8307,4566,971548
15546271,7986,9728,971549
15546287,8196,15429,971550
15546303,8249,4060,971551
15546319,7812,9238,971552
15546335,8261,14455,971553
15546351,8140,3529,971554
15546367,7938,8728,971555
15546383,8355,13937,971556
15546399,8138,2544,971557
15546415,8149,8001,971558
15546431,8303,13381,971559
15546447,8148,1980,971560
15546463,8107,7138,971561
15546479,8234,12411,971562
15546495,8135,1538,971563
15546511,8113,6680,971564
15546527,8093,11794,971565
15546543,7928,462,971566
15546559,8158,6140,971567
15546575,8092,11313,971568
15546591,8104,6111,971569
15546607,8104,5089,971570
15546623,8084,10788,971571
15546639,8176,15965,971572
15546655,8261,4584,971573
15546671,8151,9827,971574
15546687,8266,15417,971575
15546703,8206,4085,971576
15546719,7965,9264,971577
15546735,8022,14441,971578
15546751,8076,3559,971579
15546767,7896,8773,971580
15546783,8118,13845,971581
15546799,8212,2539,971582
15546815,8155,7954,971583
15546831,8115,13315,971584
15546847,8100,2024,971585
15546863,8251,7147,971586
15546879,8342,12406,971587
15546895,8011,1493,971588
15546911,8055,6653,971589
15546927,8141,11821,971590
15546943,7996,440,971591
15546959,8104,6212,971592
15546975,8106,11342,971593
15546991,8045,6052,971594
15547007,8055,5165,971595
15547023,8164,10801,971596
15547039,8332,15964,971597
15547055,8078,4577,971598
15547071,8355,9762,971599
15547087,8283,15468,971600
15547103,8270,4115,971601
15547119,8260,9191,971602
15547135,8169,14390,971603
15547151,7982,3518,971604
15547167,8235,8756,971605
15547183,8111,13919,971606
15547199,8095,2511,971607
15547215,8144,8032,971608
15547231,7892,13377,971609
15547247,8094,2080,971610
15547263,8238,7242,971611
15547279,8094,12437,971612
15547295,8208,1457,971613
15547311,8142,6678,971614
15547327,8045,11834,971615
15547343,8364,494,971616
15547359,8162,6217,971617
15547375,8169,11333,971618
15547391,8192,6067,971619
15547407,8030,5156,971620
15547423,8175,10808,971621
15547439,8111,15909,971622
15547455,7896,4586,971623
15547471,8156,9775,971624
15547487,8220,15454,971625
15547503,7981,4120,971626
15547519,8268,9261,971627
15547535,8056,14371,971628
15547551,8108,3533,971629
15547567,8262,8653,971630
15547583,8107,13880,971631
15547599,8128,2508,971632
15547615,8198,8002,971633
15547631,8034,13373,971634
15547647,8122,2017,971635
15547663,8072,7188,971636
15547679,7932,12402,971637
15547695,8180,1498,971638
15547711,8084,6655,971639
15547727,8137,11842,971640
15547743,8103,459,971641
15547759,8225,6199,971642
15547775,8060,11320,971643
15547791,8233,6035,971644
15547807,8109,5151,971645
15547823,8141,10816,971646
15547839,8073,15908,971647
15547855,8053,4591,971648
15547871,8051,9757,971649
15547887,8066,15507,971650
15547903,8079,4077,971651
15547919,8164,9201,971652
15547935,8090,14336,971653
15547951,8092,3587,971654
15547967,8181,8725,971655
15547983,8084,13863,971656
15547999,8246,2550,971657
15548015,8071,7974,971658
15548031,8174,13411,971659
15548047,8195,2072,971660
15548063,8076,7189,971661
15548079,8045,12345,971662
15548095,8066,1480,971663
15548111,8131,6700,971664
15548127,8130,11845,971665
15548143,8091,441,971666
15548159,8163,6166,971667
15548175,8230,11306,971668
15548191,8085,6120,971669
15548207,8230,5118,971670
15548223,8085,10821,971671
15548239,8262,15957,971672
15548255,8208,4567,971673
15548271,8066,9791,971674
15548287,8098,15457,971675
15548303,8192,4095,971676
15548319,7917,9200,971677
15548335,8100,14365,971678
15548351,8301,3545,971679
15548367,7842,8677,971680
15548383,8214,13906,971681
15548399,8151,2503,971682
15548415,7865,7981,971683
15548431,8211,13348,971684
15548447,8100,2042,971685
15548463,8021,7130,971686
15548479,8387,12397,971687
15548495,7975,1492,971688
15548511,8153,6691,971689
15548527,8202,11772,971690
15548543,7847,467,971691
15548559,8104,6184,971692
15548575,8152,11281,971693
15548591,8026,6054,971694
15548607,8204,5101,971695
15548623,8037,10808,971696
15548639,8123,15918,971697
15548655,8314,4600,971698
15548671,8005,9708,971699
15548687,8258,15424,971700
15548703,8392,4138,971701
15548719,7951,9249,971702
15548735,8151,14329,971703
15548751,8049,3524,971704
15548767,7965,8765,971705
15548783,8198,13873,971706
15548799,7947,2506,971707
15548815,7917,8008,971708
15548831,8203,13338,971709
15548847,7970,2031,971710
15548863,8129,7196,971711
15548879,8435,12424,971712
15548895,7976,1506,971713
15548911,8221,6718,971714
15548927,8310,11811,971715
15548943,7950,441,971716
15548959,8150,6118,971717
15548975,7882,11292,971718
15548991,8021,6057,971719
15549007,8058,5095,971720
15549023,7918,10775,971721
15549039,8190,15941,971722
15549055,8033,4630,971723
15549071,8049,9781,971724
15549087,8403,15465,971725
15549103,8183,4021,971726
15549119,8176,9286,971727
15549135,8290,14430,971728
15549151,8118,3557,971729
15549167,8137,8743,971730
15549183,8236,13933,971731
15549199,8000,2611,971732
15549215,8158,8014,971733
15549231,8040,13382,971734
15549247,8107,2041,971735
15549263,8130,7114,971736
15549279,8031,12412,971737
15549295,8211,1528,971738
15549311,8138,6648,971739
15549327,8020,11822,971740
15549343,8237,454,971741
15549359,8132,6112,971742
15549375,8127,11345,971743
15549391,8286,6109,971744
15549407,8032,5114,971745
15549423,8085,10809,971746
15549439,8208,15901,971747
15549455,7858,4546,971748
15549471,8221,9784,971749
15549487,8200,15486,971750
15549503,7932,4097,971751
15549519,8244,9199,971752
15549535,8185,14442,971753
15549551,7969,3513,971754
15549567,8507,8736,971755
15549583,8021,13875,971756
15549599,8092,2551,971757
15549615,8368,8042,971758
15549631,7947,13361,971759
15549647,8100,2046,971760
15549663,8237,7218,971761
15549679,7997,12418,971762
15549695,8128,1510,971763
15549711,8148,6682,971764
15549727,7971,11809,971765
15549743,8220,473,971766
15549759,8065,6201,971767
15549775,8014,11308,971768
15549791,8197,6003,971769
15549807,8009,5088,971770
15549823,8291,10795,971771
15549839,8212,15956,971772
15549855,7898,4595,971773
15549871,8150,9694,971774
15549887,8041,15451,971775
15549903,7970,4072,971776
15549919,8397,9300,971777
15549935,7982,14401,971778
15549951,8082,3552,971779
15549967,8343,8728,971780
15549983,7979,13905,971781
15549999,8382,2557,971782
15550015,8311,8013,971783
15550031,8088,13347,971784
15550047,8146,1986,971785
15550063,8073,7149,971786
15550079,8149,12421,971787
15550095,8009,1537,971788
15550111,7949,6652,971789
15550127,7975,11764,971790
15550143,8162,418,971791
15550159,8144,6132,971792
15550175,8122,11257,971793
15550191,8233,6046,971794
15550207,8133,5192,971795
15550223,8245,10791,971796
15550239,8226,15980,971797
15550255,8128,4589,971798
15550271,8148,9778,971799
15550287,7991,15364,971800
15550303,8194,4132,971801
15550319,8077,9245,971802
15550335,8026,14296,971803
15550351,8128,3523,971804
15550367,8056,8744,971805
15550383,8153,13841,971806
15550399,8154,2559,971807
15550415,8006,7981,971808
15550431,8159,13312,971809
15550447,8223,2030,971810
15550463,8068,7216,971811
15550479,8285,12341,971812
15550495,8094,1506,971813
15550511,7924,6649,971814
15550527,8169,11806,971815
15550543,7853,449,971816
15550559,8077,6141,971817
15550575,8129,11345,971818
15550591,7906,6087,971819
15550607,8148,5154,971820
15550623,8153,10821,971821
15550639,8026,15847,971822
15550655,8215,4595,971823
15550671,8254,9789,971824
15550687,8133,15404,971825
15550703,8343,4142,971826
15550719,8152,9282,971827
15550735,8165,14444,971828
15550751,8148,3538,971829
15550767,8010,8695,971830
15550783,8106,13878,971831
15550799,7867,2522,971832
15550815,7853,7992,971833
15550831,8055,13300,971834
15550847,8070,1964,971835
15550863,7877,7163,971836
15550879,8176,12397,971837
15550895,8056,1512,971838
15550911,8060,6634,971839
15550927,8305,11751,971840
15550943,8222,546,971841
15550959,8113,6173,971842
15550975,8248,11332,971843
15550991,8011,6057,971844
15551007,8069,5112,971845
15551023,7980,10830,971846
15551039,8060,15954,971847
15551055,8124,4573,971848
15551071,7910,9723,971849
15551087,8152,15425,971850
15551103,8367,4070,971851
15551119,8114,9257,971852
15551135,8236,14433,971853
15551151,8147,3571,971854
15551167,8145,8731,971855
15551183,8079,13811,971856
15551199,8143,2588,971857
15551215,7996,7956,971858
15551231,8215,13410,971859
15551247,8132,2066,971860
15551263,8151,7173,971861
15551279,8214,12448,971862
15551295,8127,1484,971863
15551311,8146,6659,971864
15551327,8221,11805,971865
15551343,8227,507,971866
15551359,8136,6202,971867
15551375,8074,11307,971868
15551391,8218,6070,971869
15551407,8090,5076,971870
15551423,8013,10810,971871
15551439,7956,15888,971872
15551455,8109,4670,971873
15551471,8064,9721,971874
15551487,8128,15431,971875
15551503,7930,4101,971876
15551519,8125,9215,971877
15551535,8200,14399,971878
15551551,7944,3571,971879
15551567,8283,8789,971880
15551583,8077,13844,971881
15551599,8149,2566,971882
15551615,8290,8004,971883
15551631,8144,13334,971884
15551647,8054,2024,971885
15551663,8281,7218,971886
15551679,7929,12398,971887
15551695,8120,1526,971888
15551711,8175,6692,971889
15551727,7933,11811,971890
15551743,8178,465,971891
15551759,8102,6137,971892
15551775,8014,11294,971893
15551791,8336,6107,971894
15551807,7953,5095,971895
15551823,8090,10779,971896
15551839,8309,15929,971897
15551855,7905,4564,971898
15551871,8233,9784,971899
15551887,8120,15435,971900
15551903,7789,4118,971901
15551919,8351,9253,971902
15551935,8191,14398,971903
15551951,7981,3613,971904
15551967,8262,8729,971905
15551983,8101,13879,971906
15551999,8042,2585,971907
15552015,8293,7966,971908
15552031,8096,13402,971909
15552047,8107,2013,971910
15552063,8297,7205,971911
15552079,7891,12405,971912
15552095,8320,1524,971913
15552111,8070,6675,971914
15552127,7927,11760,971915
15552143,8184,504,971916
15552159,7954,6133,971917
15552175,7971,11250,971918
15552191,8152,6010,971919
15552207,8046,5085,971920
15552223,8316,10819,971921
15552239,8184,15929,971922
15552255,8028,4605,971923
15552271,8173,9721,971924
15552287,8088,15439,971925
15552303,8088,4049,971926
15552319,8110,9219,971927
15552335,7937,14428,971928
15552351,8041,3516,971929
15552367,8050,8656,971930
15552383,8034,13853,971931
15552399,8220,2525,971932
15552415,8100,8010,971933
15552431,8059,13347,971934
15552447,8333,2054,971935
15552463,7996,7204,971936
15552479,8132,12408,971937
15552495,8286,1512,971938
15552511,7959,6647,971939
15552527,8148,11849,971940
15552543,8111,475,971941
15552559,7898,6237,971942
15552575,8240,11317,971943
15552591,8015,6069,971944
15552607,8000,5108,971945
15552623,8247,10803,971946
15552639,8015,15930,971947
15552655,8233,4670,971948
15552671,8149,9769,971949
15552687,7990,15419,971950
15552703,8230,4101,971951
15552719,7992,9249,971952
15552735,8077,14425,971953
15552751,8258,3544,971954
15552767,7898,8733,971955
15552783,8091,13916,971956
15552799,8190,2495,971957
15552815,7832,7955,971958
15552831,8251,13352,971959
15552847,8113,2053,971960
15552863,7777,7186,971961
15552879,8265,12374,971962
15552895,8077,1503,971963
15552911,8036,6574,971964
15552927,8442,11851,971965
15552943,8166,514,971966
15552959,8142,6137,971967
15552975,8384,11310,971968
15552991,8029,6096,971969
15553007,8136,5109,971970
15553023,8089,10790,971971
15553039,7906,15962,971972
15553055,8128,4653,971973
15553071,8104,9758,971974
15553087,8103,15451,971975
15553103,8125,4035,971976
15553119,8139,9259,971977
15553135,8108,14339,971978
15553151,8273,3580,971979
15553167,8044,8732,971980
15553183,8153,13842,971981
15553199,8053,2504,971982
15553215,8013,7986,971983
15553231,8203,13333,971984
15553247,7861,1989,971985
15553263,7944,7207,971986
15553279,8176,12336,971987
15553295,7946,1460,971988
15553311,8025,6638,971989
15553327,8174,11742,971990
15553343,8052,473,971991
15553359,8288,6143,971992
15553375,8231,11261,971993
15553391,8060,6117,971994
15553407,8135,5163,971995
15553423,8002,10795,971996
15553439,7970,15899,971997
15553455,8166,4655,971998
15553471,8109,9787,971999
15553487,8015,15410,972000
15553503,8120,4112,972001
15553519,8167,9209,972002
15553535,8138,14404,972003
15553551,8002,3502,972004
15553567,8289,8681,972005
15553583,8179,13910,972006
15553599,8111,2488,972007
15553615,8320,8002,972008
15553631,8190,13384,972009
15553647,8053,2019,972010
15553663,8256,7224,972011
15553679,7972,12376,972012
15553695,7958,1499,972013
15553711,8184,6677,972014
15553727,7986,11859,972015
15553743,8021,434,972016
15553759,8155,6124,972017
15553775,8071,11309,972018
15553791,8140,6083,972019
15553807,8072,5113,972020
15553823,8119,10831,972021
15553839,8217,15933,972022
15553855,8195,4645,972023
15553871,8027,9705,972024
15553887,8259,15427,972025
15553903,7932,4073,972026
15553919,8167,9285,972027
15553935,8062,14413,972028
15553951,7973,3564,972029
15553967,8164,8727,972030
15553983,7991,13881,972031
15553999,7952,2524,972032
15554015,8304,7986,972033
15554031,8071,13379,972034
15554047,8100,1991,972035
15554063,8273,7156,972036
15554079,8043,12397,972037
15554095,8190,1504,972038
15554111,8111,6615,972039
15554127,7905,11800,972040
15554143,8100,485,972041
15554159,8027,6235,972042
15554175,7985,11347,972043
15554191,8149,6023,972044
15554207,8117,5101,972045
15554223,8053,10821,972046
15554239,8225,15942,972047
15554255,8167,4571,972048
15554271,8125,9722,972049
15554287,8295,15450,972050
15554303,7959,4067,972051
15554319,8166,9234,972052
15554335,8090,14429,972053
15554351,7912,3535,972054
15554367,8109,8702,972055
15554383,8121,13904,972056
15554399,8088,2562,972057
15554415,8056,7969,972058
15554431,8225,13411,972059
15554447,8115,2005,972060
15554463,8268,7171,972061
15554479,8131,12404,972062
15554495,8217,1556,972063
15554511,8068,6649,972064
15554527,8065,11772,972065
15554543,8096,481,972066
15554559,8085,6198,972067
15554575,8083,11304,972068
15554591,8062,6098,972069
15554607,8160,5168,972070
15554623,8076,10821,972071
15554639,8052,15922,972072
15554655,8121,4572,972073
15554671,8187,9715,972074
15554687,8179,15495,972075
15554703,8297,4130,972076
15554719,8076,9256,972077
15554735,8264,14448,972078
15554751,8220,3546,972079
15554767,8106,8740,972080
15554783,8162,13878,972081
15554799,8150,2550,972082
15554815,7920,7998,972083
15554831,8089,13376,972084
15554847,8076,2043,972085
15554863,7869,7148,972086
15554879,8193,12399,972087
15554895,8176,1507,972088
15554911,7994,6627,972089
15554927,8215,11798,972090
15554943,8074,476,972091
15554959,8161,6207,972092
15554975,8107,11304,972093
15554991,8005,6080,972094
15555007,8183,5124,972095
15555023,8078,10782,972096
15555039,8030,15953,972097
15555055,7930,4584,972098
15555071,8112,9807,972099
15555087,7987,15426,972100
15555103,8292,4129,972101
15555119,8024,9240,972102
15555135,8036,14363,972103
15555151,8233,3544,972104
15555167,8037,8758,972105
15555183,8112,13875,972106
15555199,8175,2494,972107
15555215,7899,7986,972108
15555231,8151,13347,972109
15555247,7944,2006,972110
15555263,7883,7187,972111
15555279,8153,12387,972112
15555295,8067,1509,972113
15555311,7980,6711,972114
15555327,8170,11835,972115
15555343,7997,475,972116
15555359,8156,6135,972117
15555375,8270,11247,972118
15555391,8050,6030,972119
15555407,8216,5143,972120
15555423,8239,10824,972121
15555439,7891,15855,972122
15555455,8105,4606,972123
15555471,8155,9743,972124
15555487,7935,15450,972125
15555503,8061,4081,972126
15555519,8127,9194,972127
15555535,8147,14418,972128
15555551,8125,3564,972129
15555567,8170,8729,972130
15555583,8195,13852,972131
15555599,8053,2529,972132
15555615,8183,8006,972133
15555631,8068,13307,972134
15555647,8174,1990,972135
15555663,8157,7216,972136
15555679,8083,12382,972137
15555695,7979,1510,972138
15555711,8129,6654,972139
15555727,8136,11813,972140
15555743,8188,464,972141
15555759,8210,6143,972142
15555775,8081,11370,972143
15555791,8182,6061,972144
15555807,8149,5163,972145
15555823,8162,10809,972146
15555839,8156,15929,972147
15555855,8105,4576,972148
15555871,7981,9705,972149
15555887,8069,15346,972150
15555903,7958,4076,972151
15555919,8157,9218,972152
15555935,8162,14403,972153
15555951,7816,3531,972154
15555967,8128,8623,972155
15555983,8112,13853,972156
15555999,7920,2552,972157
15556015,8238,7984,972158
15556031,8080,13377,972159
15556047,8081,2045,972160
15556063,8270,7173,972161
15556079,8064,12330,972162
15556095,8130,1496,972163
15556111,8386,6716,972164
15556127,8012,11884,972165
15556143,8201,492,972166
15556159,8141,6104,972167
15556175,7909,11283,972168
15556191,8096,6005,972169
15556207,8061,5122,972170
15556223,7949,10782,972171
15556239,8284,15958,972172
15556255,7955,4565,972173
15556271,8135,9763,972174
15556287,8187,15462,972175
15556303,8039,4086,972176
15556319,8175,9252,972177
15556335,8256,14428,972178
15556351,8042,3611,972179
15556367,8259,8797,972180
15556383,8036,13933,972181
15556399,7997,2563,972182
15556415,8197,8005,972183
15556431,8027,13407,972184
15556447,8087,1981,972185
15556463,8262,7248,972186
15556479,8072,12396,972187
15556495,8177,1528,972188
15556511,8221,6639,972189
15556527,8162,11846,972190
15556543,8219,475,972191
15556559,8001,6184,972192
15556575,8026,11295,972193
15556591,8085,6037,972194
15556607,7964,5158,972195
15556623,8036,10780,972196
15556639,8174,15938,972197
15556655,7937,4562,972198
15556671,8238,9805,972199
15556687,8184,15454,972200
15556703,8094,4052,972201
15556719,8276,9247,972202
15556735,8078,14324,972203
15556751,8056,3555,972204
15556767,8131,8743,972205
15556783,8106,13935,972206
15556799,8183,2568,972207
15556815,7979,8004,972208
15556831,8054,13346,972209
15556847,7986,2009,972210
15556863,7923,7158,972211
15556879,8201,12452,972212
15556895,8143,1489,972213
15556911,7931,6634,972214
15556927,8280,11869,972215
15556943,8077,490,972216
15556959,8093,6175,972217
15556975,8288,11341,972218
15556991,8064,6088,972219
15557007,7911,5080,972220
15557023,8229,10816,972221
15557039,8072,15970,972222
15557055,8134,4642,972223
15557071,8033,9761,972224
15557087,7944,15432,972225
15557103,8189,4115,972226
15557119,8062,9216,972227
15557135,8041,14375,972228
15557151,8326,3573,972229
15557167,8178,8776,972230
15557183,8193,13853,972231
15557199,8365,2528,972232
15557215,7924,7990,972233
15557231,8283,13390,972234
15557247,8176,2031,972235
15557263,7914,7206,972236
15557279,8150,12383,972237
15557295,8130,1561,972238
15557311,7933,6712,972239
15557327,8360,11745,972240
15557343,8145,503,972241
15557359,8087,6116,972242
15557375,8281,11298,972243
15557391,8127,6099,972244
15557407,8226,5081,972245
15557423,8428,10814,972246
15557439,8018,15901,972247
15557455,8204,4574,972248
15557471,8151,9769,972249
15557487,7922,15469,972250
15557503,8175,4122,972251
15557519,8064,9307,972252
15557535,8036,14402,972253
15557551,8062,3533,972254
15557567,8109,8730,972255
15557583,8138,13878,972256
15557599,8289,2603,972257
15557615,8183,8024,972258
15557631,8256,13354,972259
15557647,8128,2016,972260
15557663,8151,7189,972261
15557679,8278,12368,972262
15557695,7942,1412,972263
15557711,7953,6648,972264
15557727,8185,11827,972265
15557743,7945,464,972266
15557759,8231,6183,972267
15557775,7962,11227,972268
15557791,8072,6064,972269
15557807,8240,5051,972270
15557823,8265,10836,972271
15557839,8223,15922,972272
15557855,8209,4608,972273
15557871,8112,9810,972274
15557887,8260,15468,972275
15557903,8072,4053,972276
15557919,7920,9176,972277
15557935,8049,14317,972278
15557951,8066,3577,972279
15557967,8066,8672,972280
15557983,8127,13887,972281
15557999,7931,2582,972282
15558015,8185,8004,972283
15558031,8132,13342,972284
15558047,8081,2011,972285
15558063,8271,7097,972286
15558079,8116,12361,972287
15558095,8099,1508,972288
15558111,8338,6689,972289
15558127,8062,11814,972290
15558143,8073,508,972291
15558159,8215,6183,972292
15558175,8073,11303,972293
15558191,8129,6063,972294
15558207,8106,5142,972295
15558223,7946,10804,972296
15558239,8223,15949,972297
15558255,8077,4589,972298
15558271,8184,9774,972299
15558287,8328,15475,972300
15558303,8255,4093,972301
15558319,8110,9233,972302
15558335,8179,14427,972303
15558351,7954,3496,972304
15558367,8201,8751,972305
15558383,8109,13880,972306
15558399,7811,2484,972307
15558415,8162,7963,972308
15558431,7928,13346,972309
15558447,7858,2024,972310
15558463,8307,7186,972311
15558479,8040,12459,972312
15558495,8217,1541,972313
15558511,8436,6648,972314
15558527,8101,11808,972315
15558543,8059,421,972316
15558559,8247,6204,972317
15558575,7994,11312,972318
15558591,8112,6037,972319
15558607,7961,5086,972320
15558623,7851,10784,972321
15558639,8089,15942,972322
15558655,8086,4643,972323
15558671,8036,9722,972324
15558687,8266,15408,972325
15558703,8095,4057,972326
15558719,8074,9208,972327
15558735,8239,14364,972328
15558751,8174,3575,972329
15558767,8138,8767,972330
15558783,8094,13862,972331
15558799,8042,2533,972332
15558815,8063,7998,972333
15558831,7982,13356,972334
15558847,7999,2036,972335
15558863,8060,7208,972336
15558879,8098,12403,972337
15558895,8103,1472,972338
15558911,8057,6678,972339
15558927,8138,11753,972340
15558943,8288,487,972341
15558959,8101,6152,972342
15558975,8147,11256,972343
15558991,8267,6147,972344
15559007,7933,5100,972345
15559023,8028,10821,972346
15559039,8072,15842,972347
15559055,8030,4656,972348
15559071,8152,9714,972349
15559087,8144,15448,972350
15559103,8050,4076,972351
15559119,8173,9254,972352
15559135,8105,14409,972353
15559151,8173,3558,972354
15559167,8145,8730,972355
15559183,8145,13928,972356
15559199,8311,2517,972357
15559215,8089,8013,972358
15559231,8114,13367,972359
15559247,8093,2002,972360
15559263,7968,7226,972361
15559279,8209,12402,972362
15559295,8096,1512,972363
15559311,7859,6698,972364
15559327,8302,11840,972365
15559343,8148,465,972366
15559359,7994,6175,972367
15559375,8243,11290,972368
15559391,8019,6075,972369
15559407,8108,5165,972370
15559423,8333,10796,972371
15559439,8069,15981,972372
15559455,8027,4591,972373
15559471,8226,9765,972374
15559487,7876,15422,972375
15559503,8268,4084,972376
15559519,7983,9193,972377
15559535,7913,14394,972378
15559551,8245,3525,972379
15559567,8060,8731,972380
15559583,8003,13848,972381
15559599,8337,2545,972382
15559615,7977,7996,972383
15559631,8144,13335,972384
15559647,8302,2034,972385
15559663,7926,7166,972386
15559679,8387,12421,972387
15559695,8084,1488,972388
15559711,7838,6623,972389
15559727,8290,11821,972390
15559743,8034,514,972391
15559759,7935,6147,972392
15559775,8188,11247,972393
15559791,7840,6018,972394
