Tiempo_us,ADC_IN_A2,ADC_OUT_A3,Muestra
8521167,8373,10391,532480
8521183,8179,10967,532481
8521199,8274,11437,532482
8521215,8154,11944,532483
8521231,7938,12432,532484
8521247,8298,13009,532485
8521263,8075,13487,532486
8521279,7883,13955,532487
8521295,8295,14511,532488
8521311,8087,15185,532489
8521327,8208,15740,532490
8521343,8520,16177,532491
8521359,8029,16251,532492
8521375,8197,15602,532493
8521391,8343,15159,532494
8521407,8042,14601,532495
8521423,8316,14133,532496
8521439,8169,13665,532497
8521455,7973,13112,532498
8521471,8255,12421,532499
8521487,8107,11953,532500
8521503,8061,11402,532501
8521519,8243,10878,532502
8521535,8136,10419,532503
8521551,8258,9870,532504
8521567,8165,9345,532505
8521583,8281,8886,532506
8521599,8367,8357,532507
8521615,7986,7793,532508
8521631,8317,7337,532509
8521647,8247,6653,532510
8521663,7945,6144,532511
8521679,8304,5672,532512
8521695,8078,5097,532513
8521711,8078,4583,532514
8521727,8111,4045,532515
8521743,7947,3523,532516
8521759,8177,3045,532517
8521775,8098,2480,532518
8521791,8120,2052,532519
8521807,8196,1390,532520
8521823,8213,866,532521
8521839,8252,393,532522
8521855,8260,313,532523
8521871,8061,611,532524
8521887,8111,1157,532525
8521903,8145,1633,532526
8521919,8051,2198,532527
8521935,8163,2669,532528
8521951,8144,3163,532529
8521967,7946,3729,532530
8521983,8126,4363,532531
8521999,8136,4858,532532
8522015,8103,5420,532533
8522031,8124,5897,532534
8522047,8121,6374,532535
8522063,8225,6946,532536
8522079,8357,7497,532537
8522095,8150,7956,532538
8522111,8289,8457,532539
8522127,8248,8980,532540
8522143,7810,9642,532541
8522159,8067,10097,532542
8522175,8120,10654,532543
8522191,7906,11175,532544
8522207,8145,11664,532545
8522223,8054,12210,532546
8522239,8053,12699,532547
8522255,8325,13233,532548
8522271,8131,13777,532549
8522287,8157,14263,532550
8522303,8279,14937,532551
8522319,7929,15417,532552
8522335,8170,15969,532553
8522351,8189,16328,532554
8522367,7980,15974,532555
8522383,8010,15424,532556
8522399,8138,14938,532557
8522415,8071,14445,532558
8522431,8168,13888,532559
8522447,8158,13379,532560
8522463,8244,12887,532561
8522479,8226,12162,532562
8522495,8228,11681,532563
8522511,8122,11161,532564
8522527,8208,10680,532565
8522543,8078,10115,532566
8522559,8236,9653,532567
8522575,8217,9103,532568
8522591,8054,8602,532569
8522607,8218,8102,532570
8522623,8135,7608,532571
8522639,7998,6927,532572
8522655,8128,6420,532573
8522671,8214,5940,532574
8522687,8199,5409,532575
8522703,8292,4888,532576
8522719,8103,4338,532577
8522735,8221,3869,532578
8522751,8247,3338,532579
8522767,8143,2795,532580
8522783,7994,2237,532581
8522799,8298,1737,532582
8522815,8220,1156,532583
8522831,7930,582,532584
8522847,8029,306,532585
8522863,8128,301,532586
8522879,7966,814,532587
8522895,8232,1409,532588
8522911,8224,1907,532589
8522927,8074,2445,532590
8522943,8369,2934,532591
8522959,8184,3436,532592
8522975,7984,4066,532593
8522991,8438,4614,532594
8523007,8100,5142,532595
8523023,8200,5692,532596
8523039,8328,6152,532597
8523055,7883,6630,532598
8523071,8154,7197,532599
8523087,8109,7648,532600
8523103,7970,8192,532601
8523119,8254,8759,532602
8523135,8121,9376,532603
8523151,8137,9897,532604
8523167,8276,10365,532605
8523183,8123,10921,532606
8523199,8134,11355,532607
8523215,8307,11962,532608
8523231,8034,12456,532609
8523247,8269,12988,532610
8523263,8215,13531,532611
8523279,7930,14019,532612
8523295,8185,14524,532613
8523311,8108,15168,532614
8523327,7902,15622,532615
8523343,8236,16222,532616
8523359,8055,16306,532617
8523375,8150,15678,532618
8523391,8379,15120,532619
8523407,7843,14602,532620
8523423,8382,14188,532621
8523439,8264,13663,532622
8523455,7800,13058,532623
8523471,8352,12485,532624
8523487,8145,11959,532625
8523503,8019,11442,532626
8523519,8368,10943,532627
8523535,7983,10441,532628
8523551,8174,9858,532629
8523567,8202,9307,532630
8523583,8194,8893,532631
8523599,8351,8370,532632
8523615,8280,7849,532633
8523631,8207,7294,532634
8523647,8451,6696,532635
8523663,8039,6110,532636
8523679,8030,5573,532637
8523695,8304,5144,532638
8523711,7932,4560,532639
8523727,8246,4163,532640
8523743,8171,3558,532641
8523759,7964,3033,532642
8523775,8298,2550,532643
8523791,8225,2024,532644
8523807,8015,1315,532645
8523823,8318,907,532646
8523839,8041,331,532647
8523855,8220,353,532648
8523871,8229,620,532649
8523887,8067,1135,532650
8523903,8184,1705,532651
8523919,8046,2165,532652
8523935,8107,2685,532653
8523951,8112,3237,532654
8523967,7934,3747,532655
8523983,8073,4381,532656
8523999,8099,4854,532657
8524015,7993,5358,532658
8524031,8208,5900,532659
8524047,8018,6372,532660
8524063,7943,6904,532661
8524079,8287,7435,532662
8524095,8137,7998,532663
8524111,8075,8438,532664
8524127,8328,8989,532665
8524143,7860,9643,532666
8524159,8137,10135,532667
8524175,8112,10660,532668
8524191,7849,11168,532669
8524207,8241,11679,532670
8524223,8087,12249,532671
8524239,8093,12717,532672
8524255,8310,13241,532673
8524271,8155,13720,532674
8524287,8043,14263,532675
8524303,8427,14958,532676
8524319,8128,15469,532677
8524335,8221,15988,532678
8524351,8287,16291,532679
8524367,7983,15888,532680
8524383,8021,15423,532681
8524399,8056,14867,532682
8524415,7983,14368,532683
8524431,8078,13886,532684
8524447,8233,13418,532685
8524463,8176,12847,532686
8524479,8192,12171,532687
8524495,8155,11692,532688
8524511,8132,11159,532689
8524527,8130,10626,532690
8524543,8129,10136,532691
8524559,8080,9598,532692
8524575,8271,9163,532693
8524591,8097,8618,532694
8524607,8138,8073,532695
8524623,8176,7586,532696
8524639,7965,6915,532697
8524655,8125,6403,532698
8524671,8218,5893,532699
8524687,8128,5420,532700
8524703,8170,4803,532701
8524719,8194,4364,532702
8524735,8176,3781,532703
8524751,8287,3349,532704
8524767,8106,2787,532705
8524783,8283,2268,532706
8524799,8156,1783,532707
8524815,8008,1148,532708
8524831,8065,592,532709
8524847,7993,275,532710
8524863,8047,282,532711
8524879,7928,859,532712
8524895,8093,1388,532713
8524911,8079,1938,532714
8524927,8074,2446,532715
8524943,8356,2934,532716
8524959,8109,3474,532717
8524975,8110,4026,532718
8524991,8237,4570,532719
8525007,8058,5173,532720
8525023,8174,5661,532721
8525039,8090,6166,532722
8525055,7985,6649,532723
8525071,8079,7224,532724
8525087,7986,7666,532725
8525103,8079,8227,532726
8525119,8083,8747,532727
8525135,8069,9361,532728
8525151,8026,9869,532729
8525167,8234,10476,532730
8525183,8001,10875,532731
8525199,8091,11433,532732
8525215,8207,11881,532733
8525231,8207,12457,532734
8525247,8144,12995,532735
8525263,8240,13543,532736
8525279,7900,13986,532737
8525295,8248,14549,532738
8525311,7981,15142,532739
8525327,7876,15645,532740
8525343,8241,16214,532741
8525359,8003,16205,532742
8525375,8064,15674,532743
8525391,8200,15236,532744
8525407,7952,14590,532745
8525423,8129,14152,532746
8525439,8198,13553,532747
8525455,8126,13145,532748
8525471,8129,12460,532749
8525487,8221,12013,532750
8525503,7844,11444,532751
8525519,8099,10863,532752
8525535,8024,10409,532753
8525551,7951,9866,532754
8525567,8061,9338,532755
8525583,8120,8883,532756
8525599,8039,8317,532757
8525615,8307,7801,532758
8525631,8050,7315,532759
8525647,8158,6684,532760
8525663,8236,6179,532761
8525679,7957,5661,532762
8525695,8216,5150,532763
8525711,8082,4637,532764
8525727,7930,4082,532765
8525743,8186,3582,532766
8525759,8009,3019,532767
8525775,8179,2563,532768
8525791,8212,2081,532769
8525807,8054,1378,532770
8525823,8283,884,532771
8525839,8162,412,532772
8525855,8101,316,532773
8525871,8300,649,532774
8525887,7971,1112,532775
8525903,8157,1640,532776
8525919,8343,2159,532777
8525935,7928,2682,532778
8525951,8255,3241,532779
8525967,8080,3804,532780
8525983,8077,4356,532781
8525999,8131,4897,532782
8526015,7986,5385,532783
8526031,8065,5929,532784
8526047,8108,6364,532785
8526063,7935,6897,532786
8526079,8127,7416,532787
8526095,8036,7973,532788
8526111,7903,8428,532789
8526127,8309,8988,532790
8526143,8004,9643,532791
8526159,8100,10154,532792
8526175,8210,10687,532793
8526191,7760,11190,532794
8526207,8029,11659,532795
8526223,8133,12162,532796
8526239,7943,12725,532797
8526255,8232,13259,532798
8526271,8125,13811,532799
8526287,8008,14209,532800
8526303,8280,14830,532801
8526319,8083,15408,532802
8526335,8060,15951,532803
8526351,8196,16246,532804
8526367,8068,15918,532805
8526383,8070,15404,532806
8526399,8167,14958,532807
8526415,8108,14454,532808
8526431,8133,13826,532809
8526447,8153,13378,532810
8526463,7963,12828,532811
8526479,8184,12153,532812
8526495,8039,11683,532813
8526511,8121,11181,532814
8526527,8379,10692,532815
8526543,7892,10134,532816
8526559,8163,9618,532817
8526575,8340,9167,532818
8526591,7983,8586,532819
8526607,8406,8075,532820
8526623,8216,7617,532821
8526639,7931,6939,532822
8526655,8252,6401,532823
8526671,7939,5895,532824
8526687,7922,5348,532825
8526703,8406,4875,532826
8526719,8026,4350,532827
8526735,8243,3857,532828
8526751,8447,3353,532829
8526767,8055,2850,532830
8526783,8199,2285,532831
8526799,8092,1752,532832
8526815,7874,1117,532833
8526831,8134,628,532834
8526847,8146,314,532835
8526863,8075,269,532836
8526879,8104,939,532837
8526895,8133,1379,532838
8526911,8182,1860,532839
8526927,8082,2426,532840
8526943,8234,2880,532841
8526959,8034,3415,532842
8526975,8074,4147,532843
8526991,8173,4572,532844
8527007,8131,5141,532845
8527023,8064,5638,532846
8527039,8077,6100,532847
8527055,8182,6686,532848
8527071,8148,7172,532849
8527087,8101,7686,532850
8527103,7946,8172,532851
8527119,8151,8775,532852
8527135,8185,9377,532853
8527151,8056,9902,532854
8527167,8087,10369,532855
8527183,8185,10930,532856
8527199,8141,11472,532857
8527215,8250,12004,532858
8527231,8083,12480,532859
8527247,7966,12940,532860
8527263,8183,13490,532861
8527279,8026,13944,532862
8527295,8078,14568,532863
8527311,8028,15195,532864
8527327,7810,15656,532865
8527343,8329,16246,532866
8527359,8114,16307,532867
8527375,8062,15674,532868
8527391,8224,15224,532869
8527407,8024,14599,532870
8527423,8222,14115,532871
8527439,8157,13594,532872
8527455,8155,13089,532873
8527471,8024,12479,532874
8527487,8240,11954,532875
8527503,8068,11457,532876
8527519,8110,10854,532877
8527535,8076,10369,532878
8527551,8029,9897,532879
8527567,8109,9371,532880
8527583,8073,8833,532881
8527599,8066,8357,532882
8527615,8199,7780,532883
8527631,8201,7288,532884
8527647,8256,6697,532885
8527663,8272,6125,532886
8527679,8054,5622,532887
8527695,8236,5120,532888
8527711,8135,4597,532889
8527727,8043,4068,532890
8527743,8142,3577,532891
8527759,8010,3035,532892
8527775,8044,2598,532893
8527791,8204,2056,532894
8527807,7914,1359,532895
8527823,8167,919,532896
8527839,8210,338,532897
8527855,8088,285,532898
8527871,8204,601,532899
8527887,8293,1165,532900
8527903,8084,1637,532901
8527919,8269,2203,532902
8527935,8114,2718,532903
8527951,7974,3201,532904
8527967,8119,3766,532905
8527983,8133,4366,532906
8527999,8042,4910,532907
8528015,8151,5372,532908
8528031,8111,5884,532909
8528047,8169,6404,532910
8528063,8212,6899,532911
8528079,8239,7476,532912
8528095,8279,7973,532913
8528111,8288,8462,532914
8528127,8313,9010,532915
8528143,8180,9658,532916
8528159,7998,10073,532917
8528175,8167,10707,532918
8528191,8104,11230,532919
8528207,8105,11685,532920
8528223,8067,12236,532921
8528239,7906,12724,532922
8528255,8172,13304,532923
8528271,8132,13752,532924
8528287,8068,14273,532925
8528303,8293,14876,532926
8528319,8089,15441,532927
8528335,7954,15898,532928
8528351,8210,16259,532929
8528367,7963,15916,532930
8528383,8089,15431,532931
8528399,8241,14933,532932
8528415,7950,14387,532933
8528431,8177,13878,532934
8528447,8156,13415,532935
8528463,7858,12863,532936
8528479,8259,12201,532937
8528495,8066,11649,532938
8528511,7909,11158,532939
8528527,8551,10666,532940
8528543,8045,10075,532941
8528559,8236,9624,532942
8528575,8458,9109,532943
8528591,7763,8557,532944
8528607,8317,8115,532945
8528623,8291,7603,532946
8528639,7768,6931,532947
8528655,8340,6414,532948
8528671,8105,5883,532949
8528687,7961,5380,532950
8528703,8299,4829,532951
8528719,7990,4339,532952
8528735,8092,3845,532953
8528751,8530,3317,532954
8528767,8047,2748,532955
8528783,8231,2302,532956
8528799,8409,1755,532957
8528815,7950,1101,532958
8528831,8128,625,532959
8528847,8083,376,532960
8528863,7851,319,532961
8528879,8237,834,532962
8528895,8079,1382,532963
8528911,8106,1865,532964
8528927,8223,2405,532965
8528943,7824,2906,532966
8528959,8217,3388,532967
8528975,8182,4090,532968
8528991,8098,4650,532969
8529007,8282,5116,532970
8529023,8106,5624,532971
8529039,8026,6124,532972
8529055,8191,6622,532973
8529071,8061,7197,532974
8529087,8096,7751,532975
8529103,8352,8249,532976
8529119,7926,8732,532977
8529135,7993,9376,532978
8529151,8152,9875,532979
8529167,8173,10430,532980
8529183,8085,10871,532981
8529199,8099,11408,532982
8529215,8119,11899,532983
8529231,8143,12477,532984
8529247,8027,12995,532985
8529263,8209,13467,532986
8529279,8042,13992,532987
8529295,8091,14507,532988
8529311,8122,15180,532989
8529327,7955,15636,532990
8529343,8092,16166,532991
8529359,8134,16220,532992
8529375,8012,15654,532993
8529391,8210,15206,532994
8529407,8127,14598,532995
8529423,8181,14178,532996
8529439,8339,13624,532997
8529455,8225,13156,532998
8529471,8099,12465,532999
8529487,8168,11919,533000
8529503,8085,11424,533001
8529519,8135,10899,533002
8529535,8166,10387,533003
8529551,7981,9859,533004
8529567,8149,9410,533005
8529583,8098,8842,533006
8529599,7980,8361,533007
8529615,8246,7896,533008
8529631,8170,7329,533009
8529647,8218,6639,533010
8529663,8322,6149,533011
8529679,8240,5694,533012
8529695,8161,5112,533013
8529711,8269,4590,533014
8529727,8058,4137,533015
8529743,8086,3512,533016
8529759,8168,3096,533017
8529775,8051,2583,533018
8529791,8169,2086,533019
8529807,8126,1387,533020
8529823,8041,802,533021
8529839,8200,380,533022
8529855,8032,374,533023
8529871,8101,570,533024
8529887,8351,1099,533025
8529903,8111,1638,533026
8529919,8245,2196,533027
8529935,8293,2695,533028
8529951,7904,3195,533029
8529967,8082,3765,533030
8529983,8065,4403,533031
8529999,7737,4824,533032
8530015,8109,5398,533033
8530031,8096,5868,533034
8530047,8168,6421,533035
8530063,8298,6942,533036
8530079,8222,7461,533037
8530095,8001,7940,533038
8530111,8210,8497,533039
8530127,8053,8952,533040
8530143,8098,9624,533041
8530159,8057,10152,533042
8530175,8025,10606,533043
8530191,8184,11215,533044
8530207,8095,11690,533045
8530223,8117,12217,533046
8530239,8069,12714,533047
8530255,7959,13193,533048
8530271,8196,13767,533049
8530287,8126,14257,533050
8530303,8208,14925,533051
8530319,8190,15406,533052
8530335,8294,15983,533053
8530351,8160,16270,533054
8530367,8245,15987,533055
8530383,8174,15418,533056
8530399,8201,14958,533057
8530415,8067,14397,533058
8530431,8228,13940,533059
8530447,8097,13334,533060
8530463,8013,12824,533061
8530479,8128,12191,533062
8530495,8022,11668,533063
8530511,8022,11199,533064
8530527,8285,10682,533065
8530543,8125,10203,533066
8530559,8223,9596,533067
8530575,8413,9098,533068
8530591,7944,8572,533069
8530607,8152,8078,533070
8530623,8236,7588,533071
8530639,7935,6952,533072
8530655,8113,6411,533073
8530671,8228,5917,533074
8530687,7951,5450,533075
8530703,8300,4908,533076
8530719,8067,4321,533077
8530735,7987,3822,533078
8530751,8307,3356,533079
8530767,8068,2827,533080
8530783,8046,2275,533081
8530799,8506,1761,533082
8530815,8146,1113,533083
8530831,8090,615,533084
8530847,8201,336,533085
8530863,7810,335,533086
8530879,8157,869,533087
8530895,8008,1356,533088
8530911,7924,1900,533089
8530927,8127,2361,533090
8530943,7968,2972,533091
8530959,8081,3458,533092
8530975,8257,4071,533093
8530991,8101,4658,533094
8531007,8235,5141,533095
8531023,8339,5667,533096
8531039,8095,6175,533097
8531055,8407,6712,533098
8531071,8114,7191,533099
8531087,7935,7728,533100
8531103,8292,8228,533101
8531119,7903,8689,533102
8531135,7904,9395,533103
8531151,8322,9916,533104
8531167,8055,10435,533105
8531183,8177,10934,533106
8531199,8246,11414,533107
8531215,8062,11915,533108
8531231,8330,12493,533109
8531247,8223,12920,533110
8531263,8022,13524,533111
8531279,8186,13967,533112
8531295,8054,14486,533113
8531311,8125,15188,533114
8531327,8095,15699,533115
8531343,8063,16198,533116
8531359,8216,16266,533117
8531375,8107,15683,533118
8531391,8182,15177,533119
8531407,8210,14644,533120
8531423,8133,14151,533121
8531439,8067,13596,533122
8531455,8154,13079,533123
8531471,8157,12538,533124
8531487,8261,11965,533125
8531503,8236,11424,533126
8531519,8121,10942,533127
8531535,8244,10426,533128
8531551,8050,9864,533129
8531567,8012,9368,533130
8531583,8058,8835,533131
8531599,8050,8372,533132
8531615,8145,7868,533133
8531631,8121,7316,533134
8531647,8067,6653,533135
8531663,8277,6168,533136
8531679,8188,5652,533137
8531695,8198,5120,533138
8531711,8198,4570,533139
8531727,8012,4074,533140
8531743,8145,3571,533141
8531759,8168,3103,533142
8531775,7975,2532,533143
8531791,8170,2022,533144
8531807,8049,1362,533145
8531823,7859,857,533146
8531839,8406,329,533147
8531855,8007,331,533148
8531871,7980,565,533149
8531887,8459,1122,533150
8531903,7888,1623,533151
8531919,8275,2164,533152
8531935,8325,2688,533153
8531951,7995,3180,533154
8531967,8107,3754,533155
8531983,8116,4363,533156
8531999,7892,4896,533157
8532015,8085,5359,533158
8532031,8143,5902,533159
8532047,7968,6413,533160
8532063,8189,6941,533161
8532079,8064,7432,533162
8532095,8095,7932,533163
8532111,8258,8485,533164
8532127,8104,8953,533165
8532143,8208,9627,533166
8532159,8292,10133,533167
8532175,8031,10653,533168
8532191,8192,11164,533169
8532207,8004,11689,533170
8532223,7950,12154,533171
8532239,8123,12776,533172
8532255,7851,13240,533173
8532271,8029,13715,533174
8532287,8070,14303,533175
8532303,7968,14899,533176
8532319,8333,15543,533177
8532335,8299,15958,533178
8532351,8045,16255,533179
8532367,8402,16001,533180
8532383,8076,15425,533181
8532399,8116,14942,533182
8532415,8240,14439,533183
8532431,8013,13915,533184
8532447,8019,13363,533185
8532463,8129,12802,533186
8532479,8204,12229,533187
8532495,8086,11683,533188
8532511,8337,11188,533189
8532527,8158,10632,533190
8532543,8139,10172,533191
8532559,8200,9577,533192
8532575,8278,9145,533193
8532591,8118,8593,533194
8532607,8214,8076,533195
8532623,8088,7548,533196
8532639,8097,6887,533197
8532655,8217,6427,533198
8532671,8124,5971,533199
8532687,7931,5352,533200
8532703,8189,4832,533201
8532719,8022,4309,533202
8532735,8113,3818,533203
8532751,8144,3299,533204
8532767,7990,2800,533205
8532783,8127,2279,533206
8532799,8303,1770,533207
8532815,8075,1130,533208
8532831,8009,584,533209
8532847,8215,335,533210
8532863,8038,294,533211
8532879,8079,871,533212
8532895,8071,1436,533213
8532911,7796,1920,533214
8532927,8026,2403,533215
8532943,8053,2905,533216
8532959,8001,3426,533217
8532975,8071,4050,533218
8532991,8055,4628,533219
8533007,8139,5113,533220
8533023,8393,5695,533221
8533039,8039,6109,533222
8533055,8170,6658,533223
8533071,8031,7190,533224
8533087,8110,7748,533225
8533103,8070,8156,533226
8533119,7947,8702,533227
8533135,7920,9382,533228
8533151,8089,9858,533229
8533167,8097,10410,533230
8533183,7957,10852,533231
8533199,8176,11414,533232
8533215,8168,11990,533233
8533231,8374,12441,533234
8533247,8233,12996,533235
8533263,8065,13411,533236
8533279,8221,13985,533237
8533295,8138,14536,533238
8533311,7946,15185,533239
8533327,8145,15679,533240
8533343,7980,16175,533241
8533359,8059,16326,533242
8533375,8177,15707,533243
8533391,8002,15143,533244
8533407,8200,14615,533245
8533423,8098,14110,533246
8533439,8238,13668,533247
8533455,8239,13113,533248
8533471,8091,12446,533249
8533487,8233,11946,533250
8533503,8213,11380,533251
8533519,7913,10908,533252
8533535,8133,10360,533253
8533551,8064,9887,533254
8533567,7997,9343,533255
8533583,8228,8869,533256
8533599,8040,8308,533257
8533615,7999,7849,533258
8533631,8384,7345,533259
8533647,7977,6613,533260
8533663,8239,6166,533261
8533679,8418,5688,533262
8533695,8021,5124,533263
8533711,8221,4579,533264
8533727,8238,4124,533265
8533743,8055,3525,533266
8533759,8190,3098,533267
8533775,8108,2582,533268
8533791,8095,2006,533269
8533807,8222,1370,533270
8533823,7843,857,533271
8533839,8172,347,533272
8533855,8062,292,533273
8533871,7954,580,533274
8533887,8440,1154,533275
8533903,8117,1673,533276
8533919,8106,2138,533277
8533935,8444,2630,533278
8533951,7903,3151,533279
8533967,8114,3764,533280
8533983,8281,4339,533281
8533999,7800,4874,533282
8534015,8234,5366,533283
8534031,8285,5909,533284
8534047,7810,6399,533285
8534063,8483,6957,533286
8534079,8004,7428,533287
8534095,7933,7969,533288
8534111,8454,8527,533289
8534127,7917,8949,533290
8534143,8221,9613,533291
8534159,8374,10167,533292
8534175,7717,10590,533293
8534191,8216,11159,533294
8534207,8199,11702,533295
8534223,7780,12168,533296
8534239,8233,12747,533297
8534255,7950,13269,533298
8534271,8003,13688,533299
8534287,8186,14243,533300
8534303,7932,14932,533301
8534319,8197,15453,533302
8534335,8306,15957,533303
8534351,8008,16251,533304
8534367,8178,15978,533305
8534383,8260,15434,533306
8534399,8071,14916,533307
8534415,8255,14417,533308
8534431,8005,13876,533309
8534447,7918,13371,533310
8534463,8163,12797,533311
8534479,8023,12181,533312
8534495,7971,11684,533313
8534511,8226,11159,533314
8534527,8141,10620,533315
8534543,8069,10107,533316
8534559,8250,9619,533317
8534575,8181,9084,533318
8534591,8312,8618,533319
8534607,8307,8068,533320
8534623,8163,7525,533321
8534639,8101,6917,533322
8534655,8194,6330,533323
8534671,8008,5878,533324
8534687,8016,5422,533325
8534703,8171,4860,533326
8534719,8122,4342,533327
8534735,8159,3822,533328
8534751,8288,3335,533329
8534767,8095,2832,533330
8534783,8088,2297,533331
8534799,8139,1713,533332
8534815,8104,1132,533333
8534831,8037,602,533334
8534847,8148,319,533335
8534863,8113,284,533336
8534879,8083,861,533337
8534895,8089,1382,533338
8534911,8014,1923,533339
8534927,8080,2400,533340
8534943,8102,2883,533341
8534959,8001,3421,533342
8534975,7988,4057,533343
8534991,8074,4629,533344
8535007,8062,5073,533345
8535023,8249,5694,533346
8535039,8194,6232,533347
8535055,8260,6726,533348
8535071,8170,7120,533349
8535087,7939,7665,533350
8535103,8291,8231,533351
8535119,7973,8733,533352
8535135,7995,9356,533353
8535151,8061,9881,533354
8535167,7999,10420,533355
8535183,7878,10932,533356
8535199,8089,11384,533357
8535215,7970,11951,533358
8535231,8218,12526,533359
8535247,8415,13012,533360
8535263,8014,13514,533361
8535279,8187,13990,533362
8535295,8385,14564,533363
8535311,8134,15184,533364
8535327,8106,15652,533365
8535343,8276,16231,533366
8535359,7992,16237,533367
8535375,8185,15669,533368
8535391,8022,15176,533369
8535407,7988,14665,533370
8535423,8375,14166,533371
8535439,8156,13598,533372
8535455,8191,13122,533373
8535471,8157,12490,533374
8535487,8178,11978,533375
8535503,8220,11446,533376
8535519,8182,10911,533377
8535535,8172,10438,533378
8535551,8085,9836,533379
8535567,8160,9354,533380
8535583,8032,8806,533381
8535599,8087,8340,533382
8535615,8051,7886,533383
8535631,8320,7328,533384
8535647,8126,6643,533385
8535663,8221,6161,533386
8535679,8124,5597,533387
8535695,8230,5140,533388
8535711,8109,4638,533389
8535727,8254,4089,533390
8535743,8186,3573,533391
8535759,8127,3040,533392
8535775,8174,2544,533393
8535791,8028,2016,533394
8535807,8259,1404,533395
8535823,7952,883,533396
8535839,8245,410,533397
8535855,8133,343,533398
8535871,8091,646,533399
8535887,8339,1150,533400
8535903,8144,1680,533401
8535919,8081,2173,533402
8535935,8312,2691,533403
8535951,8173,3213,533404
8535967,8070,3780,533405
8535983,8207,4341,533406
8535999,8018,4856,533407
8536015,8144,5369,533408
8536031,8146,5931,533409
8536047,7888,6393,533410
8536063,8237,6958,533411
8536079,8178,7465,533412
8536095,7988,7950,533413
8536111,8300,8484,533414
8536127,8036,8977,533415
8536143,8020,9667,533416
8536159,8301,10120,533417
8536175,8150,10656,533418
8536191,8087,11181,533419
8536207,8292,11676,533420
8536223,7958,12200,533421
8536239,8035,12667,533422
8536255,7963,13216,533423
8536271,7948,13716,533424
8536287,8333,14315,533425
8536303,8048,14865,533426
8536319,8079,15392,533427
8536335,8229,15971,533428
8536351,7847,16291,533429
8536367,8215,15929,533430
8536383,8197,15420,533431
8536399,8005,14920,533432
8536415,8254,14425,533433
8536431,8189,13914,533434
8536447,7952,13362,533435
8536463,8171,12863,533436
8536479,7958,12132,533437
8536495,7969,11673,533438
8536511,8260,11184,533439
8536527,8088,10650,533440
8536543,7994,10082,533441
8536559,8277,9619,533442
8536575,8087,9095,533443
8536591,8122,8569,533444
8536607,8143,8066,533445
8536623,8063,7583,533446
8536639,8154,6916,533447
8536655,8102,6386,533448
8536671,8077,5892,533449
8536687,8016,5348,533450
8536703,8106,4841,533451
8536719,8147,4341,533452
8536735,8043,3831,533453
8536751,8075,3312,533454
8536767,8313,2814,533455
8536783,8099,2267,533456
8536799,8157,1734,533457
8536815,8165,1131,533458
8536831,8083,633,533459
8536847,8133,356,533460
8536863,7966,276,533461
8536879,7981,875,533462
8536895,8155,1357,533463
8536911,8143,1953,533464
8536927,8064,2418,533465
8536943,8203,2941,533466
8536959,7956,3466,533467
8536975,8033,4080,533468
8536991,8218,4630,533469
8537007,7988,5148,533470
8537023,8215,5687,533471
8537039,8096,6163,533472
8537055,7987,6648,533473
8537071,8303,7215,533474
8537087,8015,7706,533475
8537103,8052,8194,533476
8537119,8210,8685,533477
8537135,7851,9345,533478
8537151,8174,9886,533479
8537167,8056,10407,533480
8537183,8019,10899,533481
8537199,8225,11414,533482
8537215,8013,11960,533483
8537231,7983,12432,533484
8537247,8177,12948,533485
8537263,7946,13490,533486
8537279,8100,14016,533487
8537295,8219,14497,533488
8537311,8038,15205,533489
8537327,8100,15642,533490
8537343,8217,16230,533491
8537359,7880,16278,533492
8537375,8173,15663,533493
8537391,8131,15138,533494
8537407,8049,14674,533495
8537423,8385,14123,533496
8537439,7993,13615,533497
8537455,8046,13080,533498
8537471,8385,12485,533499
8537487,8030,11936,533500
8537503,8119,11409,533501
8537519,8185,10867,533502
8537535,7955,10359,533503
8537551,8299,9907,533504
8537567,8073,9329,533505
8537583,7963,8858,533506
8537599,8216,8302,533507
8537615,8038,7805,533508
8537631,8223,7361,533509
8537647,8208,6697,533510
8537663,8134,6197,533511
8537679,8192,5668,533512
8537695,8215,5106,533513
8537711,8109,4596,533514
8537727,8169,4113,533515
8537743,8290,3577,533516
8537759,8048,3003,533517
8537775,8066,2541,533518
8537791,8139,2017,533519
8537807,7893,1358,533520
8537823,8186,914,533521
8537839,8268,404,533522
8537855,7986,346,533523
8537871,8214,631,533524
8537887,8223,1154,533525
8537903,8185,1652,533526
8537919,8153,2182,533527
8537935,8312,2707,533528
8537951,8094,3232,533529
8537967,8108,3784,533530
8537983,8157,4352,533531
8537999,8005,4848,533532
8538015,7990,5375,533533
8538031,8147,5882,533534
8538047,8072,6427,533535
8538063,8178,6965,533536
8538079,8093,7435,533537
8538095,7961,7949,533538
8538111,8215,8492,533539
8538127,8016,8979,533540
8538143,8022,9599,533541
8538159,8383,10140,533542
8538175,8172,10667,533543
8538191,8145,11138,533544
8538207,8242,11692,533545
8538223,8097,12154,533546
8538239,8229,12745,533547
8538255,8179,13287,533548
8538271,8030,13732,533549
8538287,8126,14321,533550
8538303,8103,14888,533551
8538319,8044,15436,533552
8538335,8334,15981,533553
8538351,8117,16282,533554
8538367,8071,15943,533555
8538383,8177,15334,533556
8538399,8030,14881,533557
8538415,8096,14391,533558
8538431,8209,13847,533559
8538447,8059,13384,533560
8538463,8227,12855,533561
8538479,8090,12172,533562
8538495,7825,11651,533563
8538511,8255,11192,533564
8538527,8070,10689,533565
8538543,7987,10109,533566
8538559,8206,9602,533567
8538575,8087,9097,533568
8538591,8141,8580,533569
8538607,8303,8090,533570
8538623,8009,7539,533571
8538639,8168,6921,533572
8538655,8279,6416,533573
8538671,7988,5867,533574
8538687,8285,5351,533575
8538703,7947,4838,533576
8538719,8087,4316,533577
8538735,8129,3819,533578
8538751,7913,3327,533579
8538767,8168,2789,533580
8538783,8181,2287,533581
8538799,7963,1765,533582
8538815,8248,1123,533583
8538831,8157,598,533584
8538847,8028,322,533585
8538863,8209,325,533586
8538879,7923,866,533587
8538895,8097,1437,533588
8538911,8083,1873,533589
8538927,7948,2427,533590
8538943,8193,2961,533591
8538959,8126,3445,533592
8538975,7942,4079,533593
8538991,8186,4637,533594
8539007,8209,5171,533595
8539023,8112,5619,533596
8539039,8104,6168,533597
8539055,8111,6649,533598
8539071,8194,7219,533599
8539087,8045,7640,533600
8539103,8152,8214,533601
8539119,8214,8701,533602
8539135,8062,9395,533603
8539151,8112,9891,533604
8539167,8252,10396,533605
8539183,7794,10904,533606
8539199,8177,11451,533607
8539215,8147,11959,533608
8539231,7905,12490,533609
8539247,8315,12997,533610
8539263,8107,13515,533611
8539279,7974,14009,533612
8539295,8314,14472,533613
8539311,7969,15204,533614
8539327,8117,15715,533615
8539343,8316,16180,533616
8539359,7861,16231,533617
8539375,8176,15626,533618
8539391,8192,15141,533619
8539407,7818,14626,533620
8539423,8185,14164,533621
8539439,8127,13614,533622
8539455,7929,13099,533623
8539471,8142,12444,533624
8539487,7970,11924,533625
8539503,8226,11432,533626
8539519,8385,10939,533627
8539535,8016,10348,533628
8539551,8337,9911,533629
8539567,8132,9391,533630
8539583,8107,8872,533631
8539599,8290,8343,533632
8539615,7918,7809,533633
8539631,7847,7276,533634
8539647,8240,6727,533635
8539663,7987,6147,533636
8539679,8115,5634,533637
8539695,8325,5148,533638
8539711,8102,4634,533639
8539727,8386,4082,533640
8539743,8270,3575,533641
8539759,7984,3079,533642
8539775,8291,2542,533643
8539791,8191,2046,533644
8539807,7884,1416,533645
8539823,8005,830,533646
8539839,8156,424,533647
8539855,7937,342,533648
8539871,7998,595,533649
8539887,8037,1121,533650
8539903,8013,1649,533651
8539919,8188,2151,533652
8539935,8285,2678,533653
8539951,8137,3210,533654
8539967,8183,3785,533655
8539983,8067,4342,533656
8539999,8247,4906,533657
8540015,8144,5410,533658
8540031,7954,5931,533659
8540047,8083,6429,533660
8540063,8068,6958,533661
8540079,8066,7437,533662
8540095,8036,7979,533663
8540111,8014,8425,533664
8540127,8197,9007,533665
8540143,8158,9596,533666
8540159,7954,10123,533667
8540175,8222,10661,533668
8540191,8164,11183,533669
8540207,8127,11673,533670
8540223,8064,12183,533671
8540239,8087,12691,533672
8540255,8134,13204,533673
8540271,7924,13749,533674
8540287,8165,14243,533675
8540303,8079,14906,533676
8540319,7927,15394,533677
8540335,8092,15902,533678
8540351,8074,16241,533679
8540367,8059,15898,533680
8540383,8261,15435,533681
8540399,8060,14874,533682
8540415,8346,14437,533683
8540431,8353,13933,533684
8540447,8150,13411,533685
8540463,8234,12771,533686
8540479,8240,12240,533687
8540495,7900,11619,533688
8540511,8290,11181,533689
8540527,8101,10645,533690
8540543,8000,10132,533691
8540559,8281,9604,533692
8540575,8025,9032,533693
8540591,8215,8605,533694
8540607,8326,8066,533695
8540623,8180,7610,533696
8540639,8291,6944,533697
8540655,8240,6413,533698
8540671,8184,5891,533699
8540687,8165,5380,533700
8540703,8047,4840,533701
8540719,8034,4386,533702
8540735,8152,3832,533703
8540751,7991,3287,533704
8540767,8078,2837,533705
8540783,8206,2231,533706
8540799,8038,1720,533707
8540815,8303,1182,533708
8540831,8363,633,533709
8540847,8093,329,533710
8540863,8335,324,533711
8540879,8160,876,533712
8540895,7979,1409,533713
8540911,8177,1898,533714
8540927,7950,2395,533715
8540943,7926,2944,533716
8540959,8252,3488,533717
8540975,7891,4081,533718
8540991,8080,4602,533719
8541007,8224,5113,533720
8541023,7932,5637,533721
8541039,8258,6190,533722
8541055,8271,6655,533723
8541071,8054,7162,533724
8541087,8264,7704,533725
8541103,8070,8187,533726
8541119,8121,8768,533727
8541135,8236,9388,533728
8541151,7931,9869,533729
8541167,8065,10429,533730
8541183,8049,10933,533731
8541199,7978,11444,533732
8541215,8191,11943,533733
8541231,7959,12455,533734
8541247,8128,12933,533735
8541263,8235,13469,533736
8541279,7987,13997,533737
8541295,8337,14547,533738
8541311,8102,15142,533739
8541327,8123,15728,533740
8541343,8304,16179,533741
8541359,8053,16340,533742
8541375,8058,15714,533743
8541391,8305,15204,533744
8541407,7914,14614,533745
8541423,8003,14103,533746
8541439,8160,13661,533747
8541455,7989,13080,533748
8541471,8214,12476,533749
8541487,8165,11994,533750
8541503,8160,11401,533751
8541519,8312,10925,533752
8541535,7976,10467,533753
8541551,8207,9897,533754
8541567,8170,9370,533755
8541583,7929,8800,533756
8541599,8213,8294,533757
8541615,8078,7816,533758
8541631,7815,7272,533759
8541647,8264,6660,533760
8541663,7850,6152,533761
8541679,7997,5684,533762
8541695,8358,5069,533763
8541711,7938,4592,533764
8541727,8292,4143,533765
8541743,8473,3552,533766
8541759,8054,3073,533767
8541775,8113,2511,533768
8541791,8173,2012,533769
8541807,7820,1329,533770
8541823,8109,903,533771
8541839,8030,351,533772
8541855,7941,269,533773
8541871,8142,656,533774
8541887,7872,1101,533775
8541903,8102,1634,533776
8541919,8158,2130,533777
8541935,8004,2702,533778
8541951,8186,3219,533779
8541967,8282,3742,533780
8541983,8118,4321,533781
8541999,8204,4853,533782
8542015,8042,5387,533783
8542031,7976,5887,533784
8542047,8168,6426,533785
8542063,7997,6928,533786
8542079,7991,7434,533787
8542095,8136,7964,533788
8542111,7887,8458,533789
8542127,8201,8984,533790
8542143,8165,9638,533791
8542159,7871,10075,533792
8542175,8304,10677,533793
8542191,8030,11141,533794
8542207,8139,11683,533795
8542223,8342,12185,533796
8542239,7893,12681,533797
8542255,8052,13208,533798
8542271,8083,13717,533799
8542287,8033,14232,533800
8542303,8124,14850,533801
8542319,8016,15424,533802
8542335,8061,15863,533803
8542351,8134,16267,533804
8542367,8099,15912,533805
8542383,8145,15439,533806
8542399,8084,14944,533807
8542415,8183,14388,533808
8542431,8155,13877,533809
8542447,8108,13335,533810
8542463,8145,12822,533811
8542479,8097,12203,533812
8542495,7987,11691,533813
8542511,8299,11190,533814
8542527,8272,10696,533815
8542543,7998,10178,533816
8542559,8125,9615,533817
8542575,8068,9055,533818
8542591,8036,8621,533819
8542607,8405,8068,533820
8542623,8170,7590,533821
8542639,8155,6898,533822
8542655,8497,6439,533823
8542671,8009,5958,533824
8542687,8202,5345,533825
8542703,8407,4902,533826
8542719,7892,4394,533827
8542735,8339,3858,533828
8542751,8120,3340,533829
8542767,7889,2834,533830
8542783,8295,2332,533831
8542799,8123,1773,533832
8542815,8087,1201,533833
8542831,8260,604,533834
8542847,8065,283,533835
8542863,8232,344,533836
8542879,8265,854,533837
8542895,8071,1362,533838
8542911,8204,1887,533839
8542927,8172,2481,533840
8542943,8012,2985,533841
8542959,8257,3467,533842
8542975,8090,4089,533843
8542991,8102,4647,533844
8543007,8145,5200,533845
8543023,8168,5637,533846
8543039,7961,6137,533847
8543055,8242,6653,533848
8543071,8096,7172,533849
8543087,8163,7743,533850
8543103,8322,8231,533851
8543119,8110,8686,533852
8543135,8286,9454,533853
8543151,7973,9837,533854
8543167,8100,10369,533855
8543183,8053,10880,533856
8543199,7991,11395,533857
8543215,8182,11978,533858
8543231,8120,12458,533859
8543247,7992,13058,533860
8543263,8072,13473,533861
8543279,8134,14060,533862
8543295,8190,14540,533863
8543311,8173,15170,533864
8543327,8256,15642,533865
8543343,8153,16129,533866
8543359,8188,16279,533867
8543375,8164,15692,533868
8543391,8029,15195,533869
8543407,8114,14656,533870
8543423,8186,14138,533871
8543439,8007,13577,533872
8543455,8185,13124,533873
8543471,8150,12540,533874
8543487,8249,11971,533875
8543503,8106,11449,533876
8543519,8228,10898,533877
8543535,8235,10410,533878
8543551,8213,9927,533879
8543567,8209,9385,533880
8543583,8069,8815,533881
8543599,8156,8298,533882
8543615,8248,7840,533883
8543631,8048,7343,533884
8543647,8293,6695,533885
8543663,7964,6165,533886
8543679,7786,5654,533887
8543695,8222,5115,533888
8543711,8095,4603,533889
8543727,8025,4060,533890
8543743,8325,3589,533891
8543759,8094,3102,533892
8543775,8127,2533,533893
8543791,8188,2016,533894
8543807,8072,1385,533895
8543823,8148,824,533896
8543839,8202,359,533897
8543855,7887,312,533898
8543871,8210,577,533899
8543887,7974,1152,533900
8543903,7931,1648,533901
8543919,8182,2164,533902
8543935,7840,2638,533903
8543951,8052,3170,533904
8543967,8276,3774,533905
8543983,7947,4362,533906
8543999,8324,4903,533907
8544015,8149,5371,533908
8544031,7912,5884,533909
8544047,8374,6417,533910
8544063,8045,6974,533911
8544079,7930,7440,533912
8544095,8212,7985,533913
8544111,7902,8512,533914
8544127,8134,8964,533915
8544143,8145,9575,533916
8544159,8008,10158,533917
8544175,8332,10666,533918
8544191,8234,11204,533919
8544207,7747,11649,533920
8544223,8185,12156,533921
8544239,8136,12773,533922
8544255,7983,13189,533923
8544271,8302,13816,533924
8544287,7963,14242,533925
8544303,8059,14809,533926
8544319,8155,15489,533927
8544335,8107,15980,533928
8544351,8106,16264,533929
8544367,8009,15961,533930
8544383,8178,15503,533931
8544399,8360,14890,533932
8544415,7989,14407,533933
8544431,8220,13869,533934
8544447,8259,13389,533935
8544463,8081,12912,533936
8544479,8229,12212,533937
8544495,8107,11629,533938
8544511,8051,11165,533939
8544527,8260,10663,533940
8544543,8050,10110,533941
8544559,8264,9610,533942
8544575,8341,9176,533943
8544591,8059,8600,533944
8544607,8283,8125,533945
8544623,8134,7530,533946
8544639,8038,6885,533947
8544655,8109,6399,533948
8544671,8055,5896,533949
8544687,8072,5355,533950
8544703,8185,4879,533951
8544719,8037,4373,533952
8544735,8143,3866,533953
8544751,8145,3321,533954
8544767,7988,2817,533955
8544783,8145,2252,533956
8544799,8116,1742,533957
8544815,8056,1182,533958
8544831,8278,668,533959
8544847,7937,322,533960
8544863,8185,301,533961
8544879,8278,887,533962
8544895,7998,1397,533963
8544911,8308,1951,533964
8544927,8258,2425,533965
8544943,7901,2901,533966
8544959,8387,3476,533967
8544975,8017,4083,533968
8544991,8025,4653,533969
8545007,8266,5140,533970
8545023,7986,5625,533971
8545039,7932,6122,533972
8545055,8260,6654,533973
8545071,8026,7170,533974
8545087,8135,7737,533975
8545103,8269,8204,533976
8545119,8009,8725,533977
8545135,8121,9400,533978
8545151,8299,9917,533979
8545167,8058,10451,533980
8545183,8115,10887,533981
8545199,8132,11448,533982
8545215,7864,11908,533983
8545231,8146,12519,533984
8545247,8132,13009,533985
8545263,8043,13461,533986
8545279,8097,13934,533987
8545295,8090,14517,533988
8545311,8255,15223,533989
8545327,8196,15675,533990
8545343,8073,16221,533991
8545359,8140,16323,533992
8545375,8222,15672,533993
8545391,8065,15185,533994
8545407,8172,14683,533995
8545423,7992,14135,533996
8545439,8124,13675,533997
8545455,8085,13112,533998
8545471,7991,12454,533999
8545487,8134,12002,534000
8545503,8181,11463,534001
8545519,8112,10934,534002
8545535,8072,10354,534003
8545551,8107,9865,534004
8545567,8069,9355,534005
8545583,8086,8875,534006
8545599,8135,8306,534007
8545615,8057,7822,534008
8545631,8161,7341,534009
8545647,8130,6649,534010
8545663,8130,6198,534011
8545679,8021,5604,534012
8545695,8210,5149,534013
8545711,8125,4601,534014
8545727,8130,4062,534015
8545743,8227,3606,534016
8545759,7991,3024,534017
8545775,8068,2524,534018
8545791,8232,1991,534019
8545807,8033,1378,534020
8545823,8133,876,534021
8545839,8154,334,534022
8545855,7987,356,534023
8545871,8180,679,534024
8545887,8048,1106,534025
8545903,7917,1597,534026
8545919,8007,2188,534027
8545935,8028,2678,534028
8545951,7871,3176,534029
8545967,8125,3782,534030
8545983,7929,4363,534031
8545999,8165,4880,534032
8546015,8142,5364,534033
8546031,7920,5887,534034
8546047,8184,6408,534035
8546063,8083,6940,534036
8546079,7901,7435,534037
8546095,8278,7979,534038
8546111,7966,8470,534039
8546127,7980,9026,534040
8546143,8230,9641,534041
8546159,7871,10123,534042
8546175,8042,10615,534043
8546191,8178,11156,534044
8546207,8043,11691,534045
8546223,8047,12185,534046
8546239,8245,12728,534047
8546255,8015,13240,534048
8546271,8258,13754,534049
8546287,8009,14248,534050
8546303,7991,14831,534051
8546319,8076,15387,534052
8546335,7989,15898,534053
8546351,8015,16266,534054
8546367,8161,15955,534055
8546383,8048,15429,534056
8546399,8184,14909,534057
8546415,8145,14399,534058
8546431,8214,13923,534059
8546447,8164,13340,534060
8546463,8010,12765,534061
8546479,8052,12189,534062
8546495,8098,11711,534063
8546511,7890,11166,534064
8546527,8103,10704,534065
8546543,8042,10135,534066
8546559,8078,9597,534067
8546575,8222,9126,534068
8546591,7960,8616,534069
8546607,8006,8105,534070
8546623,8368,7599,534071
8546639,8062,6867,534072
8546655,8170,6399,534073
8546671,8128,5913,534074
8546687,8013,5376,534075
8546703,8204,4864,534076
8546719,8169,4342,534077
8546735,8156,3848,534078
8546751,8191,3346,534079
8546767,7970,2803,534080
8546783,8178,2285,534081
8546799,7958,1719,534082
8546815,7875,1151,534083
8546831,8209,620,534084
8546847,8108,383,534085
8546863,7973,324,534086
8546879,8124,839,534087
8546895,7931,1331,534088
8546911,8179,1933,534089
8546927,8214,2404,534090
8546943,7938,2949,534091
8546959,8234,3439,534092
8546975,8139,4072,534093
8546991,7857,4669,534094
8547007,8164,5117,534095
8547023,8079,5665,534096
8547039,7899,6182,534097
8547055,8282,6653,534098
8547071,8049,7163,534099
8547087,8026,7710,534100
8547103,8357,8160,534101
8547119,7990,8693,534102
8547135,8206,9443,534103
8547151,8225,9870,534104
8547167,8013,10400,534105
8547183,8173,10933,534106
8547199,8062,11451,534107
8547215,7917,11965,534108
8547231,8160,12476,534109
8547247,8042,12990,534110
8547263,8026,13505,534111
8547279,8106,14035,534112
8547295,8008,14516,534113
8547311,8243,15150,534114
8547327,8208,15637,534115
8547343,7979,16182,534116
8547359,8382,16364,534117
8547375,8165,15617,534118
8547391,7968,15132,534119
8547407,8323,14575,534120
8547423,7822,14149,534121
8547439,8026,13689,534122
8547455,8151,13145,534123
8547471,7953,12480,534124
8547487,8128,11943,534125
8547503,8063,11430,534126
8547519,8087,10933,534127
8547535,8125,10378,534128
8547551,8148,9866,534129
8547567,8097,9325,534130
8547583,8102,8865,534131
8547599,8258,8354,534132
8547615,8088,7835,534133
8547631,8006,7323,534134
8547647,8051,6698,534135
8547663,7967,6140,534136
8547679,7981,5561,534137
8547695,8058,5158,534138
8547711,8116,4660,534139
8547727,7979,4056,534140
8547743,8106,3532,534141
8547759,8130,3077,534142
8547775,8038,2525,534143
8547791,8188,1994,534144
8547807,8145,1404,534145
8547823,8105,902,534146
8547839,8300,365,534147
8547855,8039,323,534148
8547871,7993,588,534149
8547887,8159,1126,534150
8547903,7847,1601,534151
8547919,7968,2165,534152
8547935,8066,2674,534153
8547951,7996,3243,534154
8547967,8234,3802,534155
8547983,7925,4315,534156
8547999,7940,4864,534157
8548015,8291,5385,534158
8548031,8098,5865,534159
8548047,8090,6442,534160
8548063,8031,6899,534161
8548079,7953,7449,534162
8548095,8206,7935,534163
8548111,7947,8487,534164
8548127,7855,8936,534165
8548143,8045,9704,534166
8548159,7843,10105,534167
8548175,7999,10634,534168
8548191,8231,11205,534169
8548207,8001,11708,534170
8548223,8159,12242,534171
8548239,8299,12705,534172
8548255,7947,13213,534173
8548271,8193,13730,534174
8548287,8167,14305,534175
8548303,7919,14818,534176
8548319,8065,15384,534177
8548335,8090,15943,534178
8548351,7848,16321,534179
8548367,8238,15935,534180
8548383,8008,15400,534181
8548399,7976,14834,534182
8548415,8352,14397,534183
8548431,7991,13889,534184
8548447,8226,13309,534185
8548463,8388,12877,534186
8548479,8183,12168,534187
8548495,8166,11673,534188
8548511,8159,11141,534189
8548527,8152,10698,534190
8548543,8111,10131,534191
8548559,8014,9590,534192
8548575,7957,9075,534193
8548591,8120,8582,534194
8548607,8029,8089,534195
8548623,8091,7545,534196
8548639,8119,6946,534197
8548655,8242,6392,534198
8548671,8237,5932,534199
8548687,8208,5336,534200
8548703,8236,4875,534201
8548719,8169,4310,534202
8548735,8095,3813,534203
8548751,8066,3338,534204
8548767,8140,2850,534205
8548783,8054,2288,534206
8548799,7866,1754,534207
8548815,8008,1168,534208
8548831,8040,650,534209
8548847,8098,333,534210
8548863,7975,325,534211
8548879,8075,876,534212
8548895,8082,1344,534213
8548911,8070,2086,534214
8548927,8192,2404,534215
8548943,8104,2980,534216
8548959,8100,3457,534217
8548975,8352,4117,534218
8548991,7967,4657,534219
8549007,8194,5104,534220
8549023,8027,5625,534221
8549039,7851,6187,534222
8549055,8097,6626,534223
8549071,8052,7208,534224
8549087,7926,7658,534225
8549103,8372,8232,534226
8549119,8097,8734,534227
8549135,8044,9463,534228
8549151,8289,9894,534229
8549167,8007,10381,534230
8549183,8224,10926,534231
8549199,8113,11400,534232
8549215,7992,11998,534233
8549231,8107,12476,534234
8549247,7934,12905,534235
8549263,7931,13484,534236
8549279,8232,14022,534237
8549295,7920,14529,534238
8549311,8162,15203,534239
8549327,8296,15676,534240
8549343,8000,16161,534241
8549359,8275,16236,534242
8549375,8274,15667,534243
8549391,7866,15108,534244
8549407,8452,14726,534245
8549423,8101,14167,534246
8549439,7912,13659,534247
8549455,8351,13100,534248
8549471,7838,12460,534249
8549487,8101,11975,534250
8549503,8313,11420,534251
8549519,7749,10852,534252
8549535,8323,10413,534253
8549551,8374,9875,534254
8549567,7975,9377,534255
8549583,8409,8835,534256
8549599,8194,8389,534257
8549615,8029,7824,534258
8549631,8311,7305,534259
8549647,7932,6630,534260
8549663,8009,6163,534261
8549679,8106,5706,534262
8549695,7927,5088,534263
8549711,8198,4634,534264
8549727,8034,4055,534265
8549743,7996,3620,534266
8549759,8273,3094,534267
8549775,8176,2527,534268
8549791,8091,2051,534269
8549807,8196,1403,534270
8549823,8127,859,534271
8549839,8116,342,534272
8549855,8242,295,534273
8549871,7966,677,534274
8549887,8081,1115,534275
8549903,8001,1639,534276
8549919,8173,2196,534277
8549935,8060,2655,534278
8549951,8078,3208,534279
8549967,8107,3849,534280
8549983,8132,4328,534281
8549999,8174,4883,534282
8550015,8105,5357,534283
8550031,8103,5877,534284
8550047,8070,6416,534285
8550063,8223,6927,534286
8550079,7913,7426,534287
8550095,8058,7975,534288
8550111,8138,8402,534289
8550127,7804,8972,534290
8550143,8079,9610,534291
8550159,7961,10172,534292
8550175,7891,10647,534293
8550191,8148,11144,534294
8550207,7938,11659,534295
8550223,8115,12248,534296
8550239,8227,12715,534297
8550255,8053,13244,534298
8550271,8223,13738,534299
8550287,8329,14275,534300
8550303,7932,14923,534301
8550319,8104,15485,534302
8550335,8109,15942,534303
8550351,7988,16318,534304
8550367,8222,15911,534305
8550383,7986,15385,534306
8550399,8073,14909,534307
8550415,8069,14338,534308
8550431,7898,13795,534309
8550447,7948,13332,534310
8550463,8220,12842,534311
8550479,8097,12232,534312
8550495,8198,11665,534313
8550511,8231,11182,534314
8550527,8132,10662,534315
8550543,8432,10143,534316
8550559,8106,9642,534317
8550575,7903,9096,534318
8550591,8239,8639,534319
8550607,7949,8074,534320
8550623,8195,7587,534321
8550639,8226,6923,534322
8550655,7980,6406,534323
8550671,8261,5888,534324
8550687,8223,5324,534325
8550703,8009,4860,534326
8550719,8403,4369,534327
8550735,8068,3790,534328
8550751,8020,3323,534329
8550767,8234,2801,534330
8550783,8064,2310,534331
8550799,7995,1773,534332
8550815,8139,1167,534333
8550831,8043,615,534334
8550847,8160,284,534335
8550863,8136,306,534336
8550879,8114,831,534337
8550895,8009,1365,534338
8550911,8238,1908,534339
8550927,8111,2395,534340
8550943,8007,2944,534341
8550959,8109,3404,534342
8550975,8073,4061,534343
8550991,8020,4599,534344
8551007,8238,5155,534345
8551023,8017,5586,534346
8551039,7987,6179,534347
8551055,8024,6655,534348
8551071,8070,7139,534349
8551087,7977,7711,534350
8551103,8241,8177,534351
8551119,8179,8765,534352
8551135,8048,9368,534353
8551151,8239,9859,534354
8551167,7980,10359,534355
8551183,8136,10943,534356
8551199,8269,11466,534357
8551215,8017,11963,534358
8551231,8142,12457,534359
8551247,8204,12997,534360
8551263,8027,13470,534361
8551279,7972,13947,534362
8551295,8045,14457,534363
8551311,8012,15109,534364
8551327,8291,15735,534365
8551343,8134,16237,534366
8551359,8210,16262,534367
8551375,8375,15658,534368
8551391,8117,15127,534369
8551407,8203,14612,534370
8551423,8259,14191,534371
8551439,8047,13647,534372
8551455,8291,13123,534373
8551471,8077,12477,534374
8551487,8017,11968,534375
8551503,8316,11444,534376
8551519,7947,10887,534377
8551535,8036,10379,534378
8551551,8383,9876,534379
8551567,7931,9357,534380
8551583,8162,8813,534381
8551599,8415,8380,534382
8551615,7944,7832,534383
8551631,8252,7310,534384
8551647,8053,6651,534385
8551663,7994,6170,534386
8551679,8262,5670,534387
8551695,8016,5167,534388
8551711,8081,4591,534389
8551727,8174,4079,534390
8551743,8115,3578,534391
8551759,8210,3030,534392
8551775,8161,2529,534393
8551791,8118,2002,534394
8551807,8477,1388,534395
8551823,8116,877,534396
8551839,8191,384,534397
8551855,8349,352,534398
8551871,8033,642,534399
8551887,8205,1160,534400
8551903,8145,1639,534401
8551919,7963,2189,534402
8551935,8054,2665,534403
8551951,8068,3179,534404
8551967,7993,3737,534405
8551983,8275,4370,534406
8551999,8134,4898,534407
8552015,8067,5384,534408
8552031,8222,5925,534409
8552047,8249,6454,534410
8552063,7983,6901,534411
8552079,8162,7479,534412
8552095,8029,7909,534413
8552111,7973,8440,534414
8552127,8059,8956,534415
8552143,8031,9613,534416
8552159,8160,10124,534417
8552175,7976,10601,534418
8552191,8183,11126,534419
8552207,8060,11694,534420
8552223,8109,12187,534421
8552239,8223,12712,534422
8552255,8020,13227,534423
8552271,8157,13692,534424
8552287,8466,14289,534425
8552303,7939,14820,534426
8552319,8266,15476,534427
8552335,8213,15850,534428
8552351,7948,16315,534429
8552367,8205,15916,534430
8552383,8136,15391,534431
8552399,8064,14931,534432
8552415,8086,14316,534433
8552431,8108,13910,534434
8552447,8093,13363,534435
8552463,8168,12872,534436
8552479,8163,12181,534437
8552495,8234,11715,534438
8552511,8242,11208,534439
8552527,8152,10608,534440
8552543,8226,10127,534441
8552559,8138,9618,534442
8552575,8052,9110,534443
8552591,8081,8579,534444
8552607,7885,8034,534445
8552623,8146,7570,534446
8552639,8291,6971,534447
8552655,7907,6429,534448
8552671,8296,5907,534449
8552687,8243,5347,534450
8552703,7880,4829,534451
8552719,8329,4366,534452
8552735,8177,3817,534453
8552751,8031,3342,534454
8552767,8331,2768,534455
8552783,7933,2242,534456
8552799,7846,1703,534457
8552815,8213,1176,534458
8552831,7790,659,534459
8552847,8099,346,534460
8552863,8075,323,534461
8552879,7925,880,534462
8552895,8210,1368,534463
8552911,8350,1916,534464
8552927,8110,2402,534465
8552943,8210,2946,534466
8552959,8210,3447,534467
8552975,8129,4056,534468
8552991,8209,4601,534469
8553007,8048,5176,534470
8553023,8137,5663,534471
8553039,8069,6138,534472
8553055,8154,6686,534473
8553071,8153,7140,534474
8553087,8179,7726,534475
8553103,8209,8222,534476
8553119,8382,8758,534477
8553135,8091,9366,534478
8553151,8226,9912,534479
8553167,8224,10415,534480
8553183,8130,10945,534481
8553199,8303,11419,534482
8553215,8014,11922,534483
8553231,7958,12408,534484
8553247,8175,12957,534485
8553263,7968,13436,534486
8553279,8175,13993,534487
8553295,8218,14599,534488
8553311,8052,15226,534489
8553327,8319,15679,534490
8553343,8029,16123,534491
8553359,8156,16279,534492
8553375,8338,15694,534493
8553391,8029,15105,534494
8553407,8215,14635,534495
8553423,8296,14155,534496
8553439,7997,13576,534497
8553455,8322,13142,534498
8553471,8110,12431,534499
8553487,8089,11947,534500
8553503,8302,11484,534501
8553519,8110,10948,534502
8553535,8148,10428,534503
8553551,8291,9868,534504
8553567,8030,9350,534505
8553583,8235,8889,534506
8553599,8228,8304,534507
8553615,8151,7854,534508
8553631,8324,7369,534509
8553647,8306,6675,534510
8553663,7998,6150,534511
8553679,8315,5632,534512
8553695,8125,5143,534513
8553711,7863,4632,534514
8553727,8279,4157,534515
8553743,8053,3578,534516
8553759,8044,3045,534517
8553775,8242,2543,534518
8553791,8023,2051,534519
8553807,8248,1375,534520
8553823,8380,900,534521
8553839,8094,344,534522
8553855,8456,396,534523
8553871,8123,639,534524
8553887,8065,1110,534525
8553903,8244,1640,534526
8553919,8043,2184,534527
8553935,8029,2686,534528
8553951,8108,3161,534529
8553967,7985,3784,534530
8553983,8054,4349,534531
8553999,8290,4892,534532
8554015,8123,5377,534533
8554031,8301,5881,534534
8554047,8214,6402,534535
8554063,8027,6907,534536
8554079,8091,7408,534537
8554095,8098,7944,534538
8554111,8117,8486,534539
8554127,8080,8973,534540
8554143,7966,9609,534541
8554159,8123,10147,534542
8554175,8145,10667,534543
8554191,8105,11138,534544
8554207,8121,11718,534545
8554223,8016,12163,534546
8554239,8139,12669,534547
8554255,8119,13176,534548
8554271,8104,13683,534549
8554287,8102,14258,534550
8554303,8057,14935,534551
8554319,8111,15423,534552
8554335,8158,15944,534553
8554351,7940,16319,534554
8554367,8138,16005,534555
8554383,8201,15424,534556
8554399,8121,14947,534557
8554415,8158,14423,534558
8554431,8195,13880,534559
8554447,7983,13313,534560
8554463,8356,12908,534561
8554479,8015,12190,534562
8554495,8051,11682,534563
8554511,8385,11152,534564
8554527,8171,10656,534565
8554543,8229,10156,534566
8554559,8192,9601,534567
8554575,7999,9055,534568
8554591,8145,8544,534569
8554607,7945,8067,534570
8554623,8073,7576,534571
8554639,8072,6901,534572
8554655,8076,6419,534573
8554671,8161,5864,534574
8554687,8303,5420,534575
8554703,7997,4863,534576
8554719,8432,4367,534577
8554735,8394,3816,534578
8554751,8032,3309,534579
8554767,8400,2815,534580
8554783,8107,2295,534581
8554799,7884,1706,534582
8554815,8384,1211,534583
8554831,7865,603,534584
8554847,7938,312,534585
8554863,8251,294,534586
8554879,7971,873,534587
8554895,8084,1337,534588
8554911,8442,1954,534589
8554927,7986,2421,534590
8554943,8301,2909,534591
8554959,8267,3465,534592
8554975,7986,4135,534593
8554991,8406,4638,534594
8555007,8063,5090,534595
8555023,7975,5610,534596
8555039,8090,6171,534597
8555055,7911,6649,534598
8555071,8115,7168,534599
8555087,8129,7708,534600
8555103,7977,8227,534601
8555119,8262,8782,534602
8555135,8185,9364,534603
8555151,8114,9878,534604
8555167,8438,10416,534605
8555183,8305,10963,534606
8555199,8226,11434,534607
8555215,8206,11918,534608
8555231,8022,12384,534609
8555247,8086,12955,534610
8555263,8081,13462,534611
8555279,8108,14009,534612
8555295,8250,14588,534613
8555311,8168,15177,534614
8555327,8022,15680,534615
8555343,8198,16178,534616
8555359,8046,16285,534617
8555375,8274,15659,534618
8555391,8124,15196,534619
8555407,8236,14668,534620
8555423,8200,14179,534621
8555439,8059,13608,534622
8555455,8113,13120,534623
8555471,8128,12441,534624
8555487,7872,11928,534625
8555503,8266,11420,534626
8555519,8052,10872,534627
8555535,7908,10402,534628
8555551,8258,9883,534629
8555567,8239,9358,534630
8555583,8240,8831,534631
8555599,8295,8304,534632
8555615,8115,7867,534633
8555631,8119,7347,534634
8555647,8283,6732,534635
8555663,8106,6154,534636
8555679,8103,5682,534637
8555695,8087,5091,534638
8555711,8159,4582,534639
8555727,8189,4098,534640
8555743,8169,3628,534641
8555759,8101,3109,534642
8555775,8108,2484,534643
8555791,8139,1981,534644
8555807,8147,1331,534645
8555823,8229,840,534646
8555839,8075,359,534647
8555855,8134,308,534648
8555871,8140,606,534649
8555887,8067,1174,534650
8555903,8234,1599,534651
8555919,8076,2126,534652
8555935,8035,2697,534653
8555951,8211,3196,534654
8555967,7975,3755,534655
8555983,8143,4376,534656
8555999,8200,4874,534657
8556015,7939,5386,534658
8556031,8258,5890,534659
8556047,8354,6432,534660
8556063,8063,6934,534661
8556079,8272,7445,534662
8556095,8324,7987,534663
8556111,8078,8509,534664
8556127,8116,9001,534665
8556143,8136,9614,534666
8556159,8011,10106,534667
8556175,8028,10623,534668
8556191,8229,11132,534669
8556207,8011,11690,534670
8556223,8289,12206,534671
8556239,8179,12664,534672
8556255,8223,13251,534673
8556271,8250,13788,534674
8556287,8146,14245,534675
8556303,8181,14807,534676
8556319,8160,15445,534677
8556335,8241,15933,534678
8556351,8070,16259,534679
8556367,8056,15978,534680
8556383,8084,15392,534681
8556399,8038,14877,534682
8556415,8119,14407,534683
8556431,8146,13893,534684
8556447,8123,13330,534685
8556463,8176,12848,534686
8556479,8218,12161,534687
8556495,8129,11682,534688
8556511,8284,11071,534689
8556527,8168,10699,534690
8556543,8190,10159,534691
8556559,8155,9620,534692
8556575,8021,9080,534693
8556591,8259,8628,534694
8556607,8028,8057,534695
8556623,8122,7572,534696
8556639,8248,6914,534697
8556655,8108,6469,534698
8556671,8025,5913,534699
8556687,8235,5373,534700
8556703,7979,4859,534701
8556719,8288,4356,534702
8556735,8293,3832,534703
8556751,8041,3368,534704
8556767,8246,2794,534705
8556783,8238,2287,534706
8556799,7972,1706,534707
8556815,8354,1151,534708
8556831,8185,589,534709
8556847,8018,361,534710
8556863,8161,346,534711
8556879,7866,842,534712
8556895,7947,1333,534713
8556911,8166,1898,534714
8556927,7837,2427,534715
8556943,8155,2934,534716
8556959,8310,3471,534717
8556975,7953,4119,534718
8556991,8245,4672,534719
8557007,8148,5103,534720
8557023,7931,5628,534721
8557039,8213,6137,534722
8557055,7951,6634,534723
8557071,8012,7226,534724
8557087,8083,7658,534725
8557103,7907,8201,534726
8557119,8065,8753,534727
8557135,8056,9354,534728
8557151,7971,9869,534729
8557167,8247,10439,534730
8557183,8204,10936,534731
8557199,8183,11483,534732
8557215,8318,11923,534733
8557231,8066,12399,534734
8557247,8032,12996,534735
8557263,8073,13501,534736
8557279,8055,14023,534737
8557295,7929,14514,534738
8557311,8027,15161,534739
8557327,8073,15689,534740
8557343,8034,16230,534741
8557359,8151,16314,534742
8557375,7998,15665,534743
8557391,8215,15137,534744
8557407,8069,14640,534745
8557423,8183,14163,534746
8557439,8241,13659,534747
8557455,8196,13125,534748
8557471,8138,12459,534749
8557487,8152,11973,534750
8557503,8028,11444,534751
8557519,8071,10917,534752
8557535,7878,10419,534753
8557551,8055,9840,534754
8557567,8221,9342,534755
8557583,8081,8824,534756
8557599,8288,8341,534757
8557615,8162,7842,534758
8557631,8103,7342,534759
8557647,8210,6655,534760
8557663,8102,6137,534761
8557679,8151,5695,534762
8557695,8253,5173,534763
8557711,8117,4605,534764
8557727,8213,4148,534765
8557743,8118,3559,534766
8557759,7936,3100,534767
8557775,8087,2564,534768
8557791,8042,1999,534769
8557807,8218,1343,534770
8557823,8178,881,534771
8557839,8058,347,534772
8557855,8123,307,534773
8557871,8348,673,534774
8557887,8109,1182,534775
8557903,8290,1644,534776
8557919,8170,2116,534777
8557935,7991,2651,534778
8557951,8179,3156,534779
8557967,8050,3794,534780
8557983,7916,4322,534781
8557999,8248,4846,534782
8558015,7830,5411,534783
8558031,8048,5879,534784
8558047,8143,6394,534785
8558063,7924,6962,534786
8558079,8191,7472,534787
8558095,8233,7983,534788
8558111,7903,8420,534789
8558127,8299,8963,534790
8558143,8164,9643,534791
8558159,7966,10114,534792
8558175,8147,10614,534793
8558191,7865,11179,534794
8558207,7960,11663,534795
8558223,8160,12188,534796
8558239,8074,12625,534797
8558255,8201,13184,534798
8558271,8157,13728,534799
8558287,8162,14219,534800
8558303,8256,14950,534801
8558319,8144,15417,534802
8558335,8110,15871,534803
8558351,8168,16176,534804
8558367,7986,15963,534805
8558383,8064,15463,534806
8558399,8114,14964,534807
8558415,8127,14406,534808
8558431,8202,13904,534809
8558447,8023,13383,534810
8558463,8024,12799,534811
8558479,8272,12215,534812
8558495,8025,11634,534813
8558511,8150,11120,534814
8558527,8220,10664,534815
8558543,8090,10187,534816
8558559,8167,9598,534817
8558575,8067,9113,534818
8558591,7992,8573,534819
8558607,8275,8064,534820
8558623,8020,7507,534821
8558639,8142,6940,534822
8558655,8181,6398,534823
8558671,8010,5926,534824
8558687,8187,5424,534825
8558703,8221,4901,534826
8558719,7897,4329,534827
8558735,8157,3812,534828
8558751,7951,3291,534829
8558767,8143,2797,534830
8558783,8187,2293,534831
8558799,7953,1723,534832
8558815,8149,1095,534833
8558831,8186,644,534834
8558847,8013,298,534835
8558863,8210,305,534836
8558879,8106,818,534837
8558895,7931,1376,534838
8558911,8236,1933,534839
8558927,7891,2423,534840
8558943,8072,2932,534841
8558959,8151,3421,534842
8558975,8044,4063,534843
8558991,8110,4628,534844
8559007,8244,5172,534845
8559023,8014,5661,534846
8559039,8241,6216,534847
8559055,8184,6723,534848
8559071,7951,7243,534849
8559087,8282,7759,534850
8559103,8006,8222,534851
8559119,8175,8762,534852
8559135,8266,9350,534853
8559151,7919,9898,534854
8559167,8243,10382,534855
8559183,8311,10944,534856
8559199,7971,11404,534857
8559215,8544,11986,534858
8559231,8141,12519,534859
8559247,8073,12958,534860
8559263,8377,13501,534861
8559279,7972,13961,534862
8559295,8011,14482,534863
8559311,8129,15147,534864
8559327,8040,15666,534865
8559343,7988,16162,534866
8559359,8106,16327,534867
8559375,8130,15667,534868
8559391,8160,15129,534869
8559407,8300,14680,534870
8559423,8240,14170,534871
8559439,8217,13640,534872
8559455,8275,13055,534873
8559471,8130,12459,534874
8559487,8059,11937,534875
8559503,8060,11440,534876
8559519,8153,10950,534877
8559535,8028,10405,534878
8559551,8157,9834,534879
8559567,8120,9315,534880
8559583,8148,8863,534881
8559599,8064,8290,534882
8559615,8288,7818,534883
8559631,8223,7276,534884
8559647,8085,6626,534885
8559663,8155,6145,534886
8559679,8046,5575,534887
8559695,8196,5103,534888
8559711,8084,4599,534889
8559727,8064,4123,534890
8559743,8165,3611,534891
8559759,8029,3063,534892
8559775,8050,2507,534893
8559791,8141,2096,534894
8559807,8088,1376,534895
8559823,8149,862,534896
8559839,8255,425,534897
8559855,8119,310,534898
8559871,8159,634,534899
8559887,8057,1114,534900
8559903,8101,1628,534901
8559919,8094,2155,534902
8559935,8120,2671,534903
8559951,8205,3202,534904
8559967,8070,3765,534905
8559983,7898,4340,534906
8559999,8171,4834,534907
8560015,8067,5421,534908
8560031,7942,5908,534909
8560047,8235,6411,534910
8560063,7876,6913,534911
8560079,8121,7404,534912
8560095,8407,7979,534913
8560111,7904,8473,534914
8560127,8256,8953,534915
8560143,8213,9613,534916
8560159,7901,10160,534917
8560175,8402,10633,534918
8560191,7989,11181,534919
8560207,7881,11673,534920
8560223,8311,12178,534921
8560239,7917,12679,534922
8560255,8201,13261,534923
8560271,8261,13729,534924
8560287,7836,14278,534925
8560303,8239,14845,534926
8560319,8116,15446,534927
8560335,7902,15853,534928
8560351,8397,16335,534929
8560367,7951,15901,534930
8560383,7973,15399,534931
8560399,8426,14923,534932
8560415,7859,14341,534933
8560431,8211,13920,534934
8560447,8311,13426,534935
8560463,7887,12823,534936
8560479,8111,12194,534937
8560495,8181,11689,534938
8560511,7949,11135,534939
8560527,8315,10648,534940
8560543,8266,10089,534941
8560559,8018,9631,534942
8560575,8244,9092,534943
8560591,8055,8572,534944
8560607,8110,8117,534945
8560623,8233,7554,534946
8560639,8060,6926,534947
8560655,8066,6370,534948
8560671,8049,5881,534949
8560687,7915,5396,534950
8560703,8094,4879,534951
8560719,8094,4344,534952
8560735,8105,3850,534953
8560751,8105,3310,534954
8560767,8066,2830,534955
8560783,8082,2245,534956
8560799,8139,1726,534957
8560815,8050,1290,534958
8560831,8180,626,534959
8560847,8010,356,534960
8560863,8012,306,534961
8560879,8124,867,534962
8560895,7890,1409,534963
8560911,8027,1906,534964
8560927,8107,2419,534965
8560943,8043,2986,534966
8560959,8142,3416,534967
8560975,7917,4065,534968
8560991,8143,4571,534969
8561007,8123,5066,534970
8561023,8104,5579,534971
8561039,8114,6151,534972
8561055,8085,6645,534973
8561071,8128,7120,534974
8561087,8200,7743,534975
8561103,8041,8229,534976
8561119,7994,8724,534977
8561135,8259,9422,534978
8561151,8138,9861,534979
8561167,8058,10345,534980
8561183,8301,10864,534981
8561199,8066,11465,534982
8561215,8319,11933,534983
8561231,8299,12459,534984
8561247,7891,12990,534985
8561263,8277,13470,534986
8561279,8219,14007,534987
8561295,7813,14441,534988
8561311,8256,15240,534989
8561327,7888,15668,534990
8561343,7952,16163,534991
8561359,8212,16273,534992
8561375,7917,15717,534993
8561391,8172,15195,534994
8561407,8245,14643,534995
8561423,8004,14166,534996
8561439,8215,13578,534997
8561455,8199,13100,534998
8561471,8079,12437,534999
8561487,8263,11929,535000
8561503,8055,11427,535001
8561519,8060,10912,535002
8561535,8167,10408,535003
8561551,8024,9897,535004
8561567,8083,9373,535005
8561583,8097,8853,535006
8561599,8040,8319,535007
8561615,8198,7780,535008
8561631,8174,7249,535009
8561647,8113,6686,535010
8561663,8401,6143,535011
8561679,8106,5620,535012
8561695,8101,5182,535013
8561711,8206,4570,535014
8561727,7956,4138,535015
8561743,8084,3530,535016
8561759,8088,3039,535017
8561775,7902,2480,535018
8561791,8083,1981,535019
8561807,8060,1354,535020
8561823,8104,897,535021
8561839,8107,357,535022
8561855,8098,336,535023
8561871,8159,560,535024
8561887,8138,1105,535025
8561903,8102,1644,535026
8561919,8179,2206,535027
8561935,8251,2699,535028
8561951,8270,3239,535029
8561967,8043,3742,535030
8561983,8127,4407,535031
8561999,8004,4858,535032
8562015,8067,5340,535033
8562031,8067,5917,535034
8562047,8127,6421,535035
8562063,8087,6921,535036
8562079,8096,7432,535037
8562095,8198,7949,535038
8562111,8045,8447,535039
8562127,8113,8987,535040
8562143,8225,9657,535041
8562159,8003,10121,535042
8562175,8310,10690,535043
8562191,8146,11167,535044
8562207,8021,11698,535045
8562223,8115,12201,535046
8562239,8127,12747,535047
8562255,8100,13221,535048
8562271,8143,13733,535049
8562287,8066,14288,535050
8562303,8232,14896,535051
8562319,8220,15447,535052
8562335,7959,15927,535053
8562351,8211,16258,535054
8562367,8240,15979,535055
8562383,7907,15400,535056
8562399,8215,14920,535057
8562415,8004,14441,535058
8562431,8138,13936,535059
8562447,8143,13371,535060
8562463,7942,12837,535061
8562479,8213,12248,535062
8562495,8235,11732,535063
8562511,7886,11142,535064
8562527,8277,10645,535065
8562543,8341,10136,535066
8562559,8076,9667,535067
8562575,8327,9107,535068
8562591,8192,8587,535069
8562607,7997,8078,535070
8562623,8144,7559,535071
8562639,8050,6917,535072
8562655,8022,6369,535073
8562671,8105,5897,535074
8562687,8067,5336,535075
8562703,8105,4878,535076
8562719,8133,4377,535077
8562735,8047,3830,535078
8562751,8296,3295,535079
8562767,8289,2847,535080
8562783,8165,2275,535081
8562799,8185,1713,535082
8562815,8152,1166,535083
8562831,8181,646,535084
8562847,8066,319,535085
8562863,7970,306,535086
8562879,8105,878,535087
8562895,8105,1343,535088
8562911,7981,1932,535089
8562927,8009,2379,535090
8562943,8146,2955,535091
8562959,8248,3456,535092
8562975,8281,4085,535093
8562991,8202,4585,535094
8563007,8282,5185,535095
8563023,8068,5597,535096
8563039,8164,6179,535097
8563055,8145,6690,535098
8563071,8145,7202,535099
8563087,8058,7647,535100
8563103,8119,8231,535101
8563119,8021,8701,535102
8563135,8095,9322,535103
8563151,8016,9872,535104
8563167,8025,10409,535105
8563183,8281,10968,535106
8563199,8109,11430,535107
8563215,8265,11933,535108
8563231,8157,12454,535109
8563247,7985,12964,535110
8563263,8335,13560,535111
8563279,8208,14061,535112
8563295,8019,14598,535113
8563311,8207,15129,535114
8563327,7967,15640,535115
8563343,8004,16205,535116
8563359,8267,16320,535117
8563375,7881,15649,535118
8563391,8117,15161,535119
8563407,8275,14615,535120
8563423,8032,14174,535121
8563439,8152,13604,535122
8563455,8274,13077,535123
8563471,8030,12409,535124
8563487,8231,11893,535125
8563503,8140,11423,535126
8563519,8032,10937,535127
8563535,8343,10406,535128
8563551,8097,9911,535129
8563567,8008,9386,535130
8563583,8170,8813,535131
8563599,8022,8362,535132
8563615,8141,7804,535133
8563631,8096,7297,535134
8563647,7972,6686,535135
8563663,8409,6207,535136
8563679,8181,5605,535137
8563695,8130,5116,535138
8563711,8359,4607,535139
8563727,7956,4099,535140
8563743,8156,3582,535141
8563759,8203,3045,535142
8563775,7910,2562,535143
8563791,8027,2047,535144
8563807,8141,1342,535145
8563823,7974,815,535146
8563839,8208,388,535147
8563855,8066,333,535148
8563871,8134,605,535149
8563887,8238,1089,535150
8563903,8073,1638,535151
8563919,8274,2189,535152
8563935,8133,2646,535153
8563951,8009,3163,535154
8563967,8145,3785,535155
8563983,8104,4363,535156
8563999,7949,4825,535157
8564015,8001,5356,535158
8564031,7992,5877,535159
8564047,8175,6389,535160
8564063,8193,6876,535161
8564079,8127,7442,535162
8564095,8211,7981,535163
8564111,8035,8441,535164
8564127,8133,8947,535165
8564143,8218,9671,535166
8564159,8154,10149,535167
8564175,8102,10630,535168
8564191,8156,11206,535169
8564207,8085,11743,535170
8564223,8214,12182,535171
8564239,8095,12655,535172
8564255,7985,13267,535173
8564271,8083,13749,535174
8564287,8058,14265,535175
8564303,8111,14839,535176
8564319,8251,15405,535177
8564335,8062,16005,535178
8564351,8251,16239,535179
8564367,8282,15894,535180
8564383,8026,15347,535181
8564399,8266,14865,535182
8564415,8177,14413,535183
8564431,8059,13813,535184
8564447,8210,13346,535185
8564463,7999,12846,535186
8564479,7941,12155,535187
8564495,8197,11702,535188
8564511,7845,11117,535189
8564527,8290,10655,535190
8564543,8260,10092,535191
8564559,7989,9601,535192
8564575,8343,9114,535193
8564591,8178,8572,535194
8564607,8044,8111,535195
8564623,8265,7567,535196
8564639,8057,6881,535197
8564655,8038,6396,535198
8564671,8239,5928,535199
8564687,8024,5409,535200
8564703,8020,4885,535201
8564719,8182,4310,535202
8564735,8065,3792,535203
8564751,8090,3275,535204
8564767,8180,2831,535205
8564783,8190,2319,535206
8564799,8251,1773,535207
8564815,8237,1134,535208
8564831,8109,617,535209
8564847,8185,376,535210
8564863,7955,288,535211
8564879,8129,946,535212
8564895,8074,1440,535213
8564911,7969,1903,535214
8564927,7953,2394,535215
8564943,8052,2951,535216
8564959,7995,3420,535217
8564975,8270,4128,535218
8564991,8173,4638,535219
8565007,8035,5090,535220
8565023,8135,5616,535221
8565039,8070,6168,535222
8565055,8116,6629,535223
8565071,8146,7196,535224
8565087,8025,7649,535225
8565103,8167,8229,535226
8565119,8070,8734,535227
8565135,8029,9381,535228
8565151,8069,9897,535229
8565167,8139,10418,535230
8565183,8058,10879,535231
8565199,8110,11385,535232
8565215,8008,11867,535233
8565231,8108,12439,535234
8565247,8017,13008,535235
8565263,8183,13519,535236
8565279,8082,14005,535237
8565295,7969,14484,535238
8565311,8110,15122,535239
8565327,8120,15663,535240
8565343,7990,16215,535241
8565359,8245,16342,535242
8565375,8062,15613,535243
8565391,7966,15080,535244
8565407,8179,14621,535245
8565423,8085,14146,535246
8565439,7970,13598,535247
8565455,8206,13061,535248
8565471,8026,12437,535249
8565487,8137,11952,535250
8565503,8317,11485,535251
8565519,8165,10961,535252
8565535,8235,10411,535253
8565551,8124,9899,535254
8565567,8012,9373,535255
8565583,8105,8824,535256
8565599,7869,8333,535257
8565615,8038,7875,535258
8565631,8144,7266,535259
8565647,7998,6679,535260
8565663,8246,6200,535261
8565679,8271,5658,535262
8565695,8095,5106,535263
8565711,8324,4579,535264
8565727,8122,4116,535265
8565743,7975,3532,535266
8565759,8327,3064,535267
8565775,7929,2526,535268
8565791,7949,1967,535269
8565807,8269,1351,535270
8565823,7882,879,535271
8565839,8032,344,535272
8565855,8163,362,535273
8565871,7927,587,535274
8565887,8340,1140,535275
8565903,8237,1632,535276
8565919,7946,2145,535277
8565935,8315,2701,535278
8565951,8072,3176,535279
8565967,8139,3818,535280
8565983,8185,4320,535281
8565999,7975,4852,535282
8566015,7918,5388,535283
8566031,8002,5872,535284
8566047,8129,6423,535285
8566063,8180,6921,535286
8566079,7999,7447,535287
8566095,8206,7964,535288
8566111,8247,8508,535289
8566127,8107,8962,535290
8566143,8281,9669,535291
8566159,8185,10139,535292
8566175,8042,10626,535293
8566191,8183,11192,535294
8566207,8007,11661,535295
8566223,8130,12206,535296
8566239,8055,12710,535297
8566255,8031,13245,535298
8566271,7912,13707,535299
8566287,8028,14273,535300
8566303,7954,14825,535301
8566319,8278,15389,535302
8566335,8220,15921,535303
8566351,8168,16223,535304
8566367,8234,15968,535305
8566383,8193,15478,535306
8566399,8302,14954,535307
8566415,8260,14447,535308
8566431,8051,13855,535309
8566447,8318,13415,535310
8566463,8006,12875,535311
8566479,7989,12202,535312
8566495,8235,11667,535313
8566511,8008,11150,535314
8566527,8123,10596,535315
8566543,8299,10114,535316
8566559,8012,9655,535317
8566575,8190,9086,535318
8566591,8370,8593,535319
8566607,8042,8073,535320
8566623,8300,7514,535321
8566639,8153,6927,535322
8566655,8031,6423,535323
8566671,8300,5924,535324
8566687,8053,5400,535325
8566703,7925,4857,535326
8566719,8193,4328,535327
8566735,8080,3848,535328
8566751,8107,3314,535329
8566767,8270,2814,535330
8566783,8001,2244,535331
8566799,8137,1721,535332
8566815,8203,1167,535333
8566831,8096,599,535334
8566847,8378,398,535335
8566863,8134,279,535336
8566879,8017,818,535337
8566895,8213,1340,535338
8566911,8053,1982,535339
8566927,8012,2392,535340
8566943,8043,2939,535341
8566959,7970,3422,535342
8566975,8124,4053,535343
8566991,8142,4613,535344
8567007,8134,5156,535345
8567023,8236,5624,535346
8567039,8172,6200,535347
8567055,8012,6719,535348
8567071,8357,7188,535349
8567087,8150,7668,535350
8567103,8011,8209,535351
8567119,8127,8730,535352
8567135,8065,9455,535353
8567151,7989,9848,535354
8567167,8007,10363,535355
8567183,8049,10914,535356
8567199,8086,11424,535357
8567215,8141,11988,535358
8567231,8061,12412,535359
8567247,8109,12993,535360
8567263,8265,13442,535361
8567279,8094,14008,535362
8567295,8127,14591,535363
8567311,8191,15151,535364
8567327,8087,15653,535365
8567343,7923,16219,535366
8567359,8087,16220,535367
8567375,8051,15750,535368
8567391,8092,15136,535369
8567407,8247,14656,535370
8567423,8051,14143,535371
8567439,8018,13551,535372
8567455,8219,13044,535373
8567471,8127,12463,535374
8567487,8029,11897,535375
8567503,8341,11506,535376
8567519,8113,10947,535377
8567535,8150,10437,535378
8567551,7971,9869,535379
8567567,7945,9341,535380
8567583,8162,8848,535381
8567599,7959,8321,535382
8567615,8149,7876,535383
8567631,8209,7303,535384
8567647,8049,6684,535385
8567663,8141,6185,535386
8567679,8144,5597,535387
8567695,7983,5082,535388
8567711,8196,4631,535389
8567727,8256,4098,535390
8567743,7982,3579,535391
8567759,8295,3099,535392
8567775,8120,2589,535393
8567791,7883,1981,535394
8567807,8186,1401,535395
8567823,7996,890,535396
8567839,8036,367,535397
8567855,8107,303,535398
8567871,7896,582,535399
8567887,8148,1144,535400
8567903,8253,1656,535401
8567919,8107,2186,535402
8567935,8296,2649,535403
8567951,8256,3215,535404
8567967,8039,3811,535405
8567983,8256,4373,535406
8567999,8227,4861,535407
8568015,8018,5386,535408
8568031,8125,5939,535409
8568047,8034,6434,535410
8568063,7972,6938,535411
8568079,7949,7434,535412
8568095,8043,7975,535413
8568111,8183,8465,535414
8568127,8098,8986,535415
8568143,7989,9597,535416
8568159,8223,10147,535417
8568175,8026,10618,535418
8568191,8091,11203,535419
8568207,8189,11708,535420
8568223,8011,12195,535421
8568239,8058,12674,535422
8568255,8040,13185,535423
8568271,7973,13752,535424
8568287,8162,14209,535425
8568303,8206,14949,535426
8568319,8124,15470,535427
8568335,8209,15922,535428
8568351,8042,16264,535429
8568367,8260,15988,535430
8568383,8188,15422,535431
8568399,8094,14864,535432
8568415,8179,14386,535433
8568431,7968,13889,535434
8568447,8138,13345,535435
8568463,8196,12889,535436
8568479,8078,12194,535437
8568495,8128,11682,535438
8568511,8005,11164,535439
8568527,8048,10626,535440
8568543,8376,10186,535441
8568559,8064,9645,535442
8568575,8210,9105,535443
8568591,8379,8567,535444
8568607,8075,8092,535445
8568623,8192,7557,535446
8568639,8351,6947,535447
8568655,8052,6406,535448
8568671,8240,5905,535449
8568687,8094,5362,535450
8568703,8035,4873,535451
8568719,8252,4347,535452
8568735,8082,3855,535453
8568751,8146,3344,535454
8568767,8301,2831,535455
8568783,7998,2302,535456
8568799,8253,1729,535457
8568815,8307,1142,535458
8568831,8049,618,535459
8568847,8289,327,535460
8568863,8124,335,535461
8568879,7970,860,535462
8568895,8257,1392,535463
8568911,7898,1862,535464
8568927,7988,2410,535465
8568943,8174,2918,535466
8568959,7839,3430,535467
8568975,8017,4053,535468
8568991,8133,4564,535469
8569007,7997,5117,535470
8569023,8298,5658,535471
8569039,8264,6211,535472
8569055,8084,6727,535473
8569071,8293,7202,535474
8569087,8145,7724,535475
8569103,8085,8277,535476
8569119,8173,8687,535477
8569135,8051,9386,535478
8569151,8067,9881,535479
8569167,8087,10400,535480
8569183,7967,10916,535481
8569199,8112,11413,535482
8569215,8120,12006,535483
8569231,8081,12456,535484
8569247,8226,13015,535485
8569263,8213,13516,535486
8569279,8121,14018,535487
8569295,8228,14549,535488
8569311,8055,15176,535489
8569327,8180,15719,535490
8569343,8154,16186,535491
8569359,8090,16259,535492
8569375,8073,15684,535493
8569391,8057,15183,535494
8569407,8058,14682,535495
8569423,8145,14138,535496
8569439,8100,13612,535497
8569455,8034,13078,535498
8569471,8315,12504,535499
8569487,8102,11969,535500
8569503,8172,11408,535501
8569519,8221,10934,535502
8569535,8088,10427,535503
8569551,8111,9849,535504
8569567,8027,9339,535505
8569583,8076,8890,535506
8569599,8093,8387,535507
8569615,8122,7833,535508
8569631,8150,7354,535509
8569647,8078,6690,535510
8569663,8181,6173,535511
8569679,8271,5662,535512
8569695,7965,5149,535513
8569711,8251,4603,535514
8569727,8149,4089,535515
8569743,8144,3569,535516
8569759,8160,3040,535517
8569775,8056,2525,535518
8569791,8042,2021,535519
8569807,8289,1368,535520
8569823,8067,889,535521
8569839,7884,357,535522
8569855,8307,324,535523
8569871,8022,587,535524
8569887,8101,1173,535525
8569903,8231,1633,535526
8569919,8010,2141,535527
8569935,8307,2677,535528
8569951,8235,3190,535529
8569967,8083,3843,535530
8569983,8266,4380,535531
8569999,8071,4841,535532
8570015,8145,5396,535533
8570031,8238,5943,535534
8570047,8038,6411,535535
8570063,7974,6941,535536
8570079,8195,7437,535537
8570095,8041,7959,535538
8570111,8055,8468,535539
8570127,8101,8965,535540
8570143,7982,9629,535541
8570159,8246,10165,535542
8570175,8227,10680,535543
8570191,8215,11210,535544
8570207,8358,11709,535545
8570223,7945,12150,535546
8570239,8016,12673,535547
8570255,8283,13270,535548
8570271,7963,13778,535549
8570287,8074,14234,535550
8570303,8221,14888,535551
8570319,7859,15332,535552
8570335,8172,15921,535553
8570351,8220,16262,535554
8570367,8036,15924,535555
8570383,8332,15396,535556
8570399,8111,14892,535557
8570415,8040,14359,535558
8570431,8184,13869,535559
8570447,8043,13294,535560
8570463,8054,12863,535561
8570479,8236,12204,535562
8570495,8161,11739,535563
8570511,8221,11165,535564
8570527,8227,10639,535565
8570543,8134,10170,535566
8570559,8172,9630,535567
8570575,8118,9073,535568
8570591,8284,8651,535569
8570607,8231,8093,535570
8570623,8255,7539,535571
8570639,8290,6891,535572
8570655,8096,6345,535573
8570671,8179,5897,535574
8570687,8095,5371,535575
8570703,8138,4914,535576
8570719,8183,4344,535577
8570735,8110,3790,535578
8570751,7976,3351,535579
8570767,8187,2794,535580
8570783,8098,2306,535581
8570799,8172,1763,535582
8570815,8153,1123,535583
8570831,8047,646,535584
8570847,8336,368,535585
8570863,8248,310,535586
8570879,8081,816,535587
8570895,8307,1402,535588
8570911,8063,1893,535589
8570927,7917,2387,535590
8570943,8299,2939,535591
8570959,7915,3408,535592
8570975,7947,4031,535593
8570991,8224,4637,535594
8571007,7834,5103,535595
8571023,8200,5610,535596
8571039,8211,6161,535597
8571055,7958,6657,535598
8571071,8459,7209,535599
8571087,8294,7721,535600
8571103,7959,8185,535601
8571119,8288,8688,535602
8571135,8038,9394,535603
8571151,7982,9879,535604
8571167,8325,10414,535605
8571183,7935,10899,535606
8571199,8027,11424,535607
8571215,8225,11964,535608
8571231,7913,12448,535609
8571247,8272,12987,535610
8571263,8110,13443,535611
8571279,8032,13955,535612
8571295,8240,14472,535613
8571311,8106,15139,535614
8571327,8103,15671,535615
8571343,8226,16198,535616
8571359,7983,16274,535617
8571375,8077,15643,535618
8571391,8145,15198,535619
8571407,7981,14699,535620
8571423,8297,14163,535621
8571439,8110,13599,535622
8571455,7956,13059,535623
8571471,8314,12471,535624
8571487,8051,11886,535625
8571503,8222,11438,535626
8571519,8319,10952,535627
8571535,8014,10414,535628
8571551,8257,9879,535629
8571567,8185,9384,535630
8571583,8005,8829,535631
8571599,8210,8402,535632
8571615,8026,7777,535633
8571631,8072,7276,535634
8571647,8162,6681,535635
8571663,8036,6114,535636
8571679,8165,5629,535637
8571695,8301,5157,535638
8571711,8177,4575,535639
8571727,8175,4088,535640
8571743,8019,3567,535641
8571759,8122,3033,535642
8571775,8231,2555,535643
8571791,7947,2007,535644
8571807,8182,1379,535645
8571823,8104,913,535646
8571839,7880,399,535647
8571855,8169,305,535648
8571871,8010,625,535649
8571887,7948,1137,535650
8571903,8242,1708,535651
8571919,7945,2154,535652
8571935,8183,2726,535653
8571951,8250,3144,535654
8571967,8013,3739,535655
8571983,8149,4294,535656
8571999,8263,4892,535657
8572015,7966,5380,535658
8572031,8204,5905,535659
8572047,8065,6450,535660
8572063,8060,6945,535661
8572079,8195,7457,535662
8572095,7953,7975,535663
8572111,8064,8471,535664
8572127,8194,9015,535665
8572143,7900,9624,535666
8572159,8202,10109,535667
8572175,8139,10628,535668
8572191,8061,11412,535669
8572207,8374,11663,535670
8572223,8132,12244,535671
8572239,8154,12730,535672
8572255,8230,13244,535673
8572271,7971,13753,535674
8572287,8062,14238,535675
8572303,8254,14905,535676
8572319,8022,15481,535677
8572335,8312,15985,535678
8572351,8298,16375,535679
8572367,7915,15924,535680
8572383,8393,15472,535681
8572399,8211,14898,535682
8572415,8071,14391,535683
8572431,8290,13821,535684
8572447,8215,13371,535685
8572463,8053,12865,535686
8572479,8242,12241,535687
8572495,7860,11665,535688
8572511,8084,11184,535689
8572527,7966,10578,535690
8572543,8002,10127,535691
8572559,8064,9575,535692
8572575,8112,9090,535693
8572591,8132,8610,535694
8572607,8328,8089,535695
8572623,8164,7606,535696
8572639,8347,6962,535697
8572655,8157,6398,535698
8572671,8133,5896,535699
8572687,8235,5420,535700
8572703,8033,4911,535701
8572719,8035,4337,535702
8572735,8169,3830,535703
8572751,8094,3350,535704
8572767,8051,2809,535705
8572783,8055,2235,535706
8572799,8168,1758,535707
8572815,8199,1178,535708
8572831,8163,581,535709
8572847,8224,376,535710
8572863,8061,282,535711
8572879,8095,853,535712
8572895,8094,1363,535713
8572911,8034,1879,535714
8572927,8069,2394,535715
8572943,8054,2902,535716
8572959,7956,3426,535717
8572975,7974,4016,535718
8572991,8262,4682,535719
8573007,8063,5153,535720
8573023,8119,5601,535721
8573039,8237,6179,535722
8573055,7972,6628,535723
8573071,8228,7161,535724
8573087,8298,7713,535725
8573103,8026,8185,535726
8573119,8211,8744,535727
8573135,8184,9374,535728
8573151,7941,9819,535729
8573167,8211,10399,535730
8573183,8050,10933,535731
8573199,7979,11398,535732
8573215,8282,11952,535733
8573231,7905,12433,535734
8573247,8084,13025,535735
8573263,8079,13419,535736
8573279,8100,14001,535737
8573295,8273,14533,535738
8573311,8273,15227,535739
8573327,8217,15677,535740
8573343,8269,16248,535741
8573359,8152,16330,535742
8573375,8080,15708,535743
8573391,8113,15168,535744
8573407,7854,14602,535745
8573423,8072,14101,535746
8573439,8050,13591,535747
8573455,8026,13133,535748
8573471,8252,12495,535749
8573487,8049,11929,535750
8573503,8007,11419,535751
8573519,8309,10917,535752
8573535,8056,10397,535753
8573551,8107,9890,535754
8573567,8286,9303,535755
8573583,7912,8851,535756
8573599,8114,8352,535757
8573615,8120,7843,535758
8573631,7894,7277,535759
8573647,8227,6690,535760
8573663,8168,6197,535761
8573679,8118,5657,535762
8573695,8093,5121,535763
8573711,8115,4601,535764
8573727,8131,4100,535765
8573743,8167,3587,535766
8573759,8124,3045,535767
8573775,8185,2517,535768
8573791,8073,2004,535769
8573807,8189,1378,535770
8573823,8128,906,535771
8573839,8021,346,535772
8573855,8167,340,535773
8573871,8100,602,535774
8573887,8089,1181,535775
8573903,8217,1633,535776
8573919,8105,2116,535777
8573935,8168,2737,535778
8573951,8301,3205,535779
8573967,8069,3745,535780
8573983,8186,4329,535781
8573999,8335,4891,535782
8574015,8108,5349,535783
8574031,8068,5927,535784
8574047,8045,6378,535785
8574063,7976,6964,535786
8574079,8188,7450,535787
8574095,7908,7985,535788
8574111,8135,8493,535789
8574127,8173,8916,535790
8574143,7964,9593,535791
8574159,8171,10143,535792
8574175,8070,10666,535793
8574191,7869,11142,535794
8574207,8292,11696,535795
8574223,8143,12161,535796
8574239,8120,12792,535797
8574255,8360,13203,535798
8574271,7888,13736,535799
8574287,8010,14216,535800
8574303,8241,14833,535801
8574319,7976,15479,535802
8574335,8023,15900,535803
8574351,8302,16253,535804
8574367,8103,15924,535805
8574383,8297,15434,535806
8574399,8306,14948,535807
8574415,8005,14365,535808
8574431,8368,13910,535809
8574447,8232,13360,535810
8574463,8064,12902,535811
8574479,8291,12202,535812
8574495,8014,11692,535813
8574511,8014,11162,535814
8574527,8162,10617,535815
8574543,8020,10180,535816
8574559,8095,9615,535817
8574575,8237,9144,535818
8574591,8055,8577,535819
8574607,8215,8090,535820
8574623,8224,7557,535821
8574639,8186,6941,535822
8574655,8417,6450,535823
8574671,8058,5911,535824
8574687,8115,5398,535825
8574703,8218,4897,535826
8574719,7851,4377,535827
8574735,8115,3829,535828
8574751,8004,3327,535829
8574767,8061,2797,535830
8574783,8126,2276,535831
8574799,7988,1738,535832
8574815,8185,1159,535833
8574831,8282,655,535834
8574847,8067,317,535835
8574863,8223,351,535836
8574879,8279,884,535837
8574895,8147,1331,535838
8574911,8280,1878,535839
8574927,8079,2407,535840
8574943,8073,2913,535841
8574959,8025,3418,535842
8574975,8100,4081,535843
8574991,8038,4569,535844
8575007,7801,5080,535845
8575023,8022,5632,535846
8575039,8182,6124,535847
8575055,8110,6639,535848
8575071,8138,7146,535849
8575087,8239,7681,535850
8575103,7924,8144,535851
8575119,8170,8733,535852
8575135,8142,9351,535853
8575151,8010,9830,535854
8575167,8208,10405,535855
8575183,8145,10949,535856
8575199,8045,11454,535857
8575215,8204,11934,535858
8575231,8008,12427,535859
8575247,7986,12976,535860
8575263,8303,13578,535861
8575279,8107,14000,535862
8575295,8246,14531,535863
8575311,8286,15210,535864
8575327,8019,15644,535865
8575343,8275,16265,535866
8575359,8141,16362,535867
8575375,8056,15610,535868
8575391,8305,15111,535869
8575407,8106,14705,535870
8575423,8080,14198,535871
8575439,8158,13615,535872
8575455,7989,13097,535873
8575471,8247,12443,535874
8575487,8144,11934,535875
8575503,8064,11408,535876
8575519,8261,10931,535877
8575535,8174,10345,535878
8575551,8183,9891,535879
8575567,8401,9360,535880
8575583,8179,8862,535881
8575599,8161,8337,535882
8575615,8257,7833,535883
8575631,8000,7285,535884
8575647,7993,6689,535885
8575663,7991,6168,535886
8575679,7920,5619,535887
8575695,8138,5087,535888
8575711,8132,4606,535889
8575727,8167,4151,535890
8575743,8342,3617,535891
8575759,8189,3018,535892
8575775,8266,2484,535893
8575791,8185,2023,535894
8575807,8110,1371,535895
8575823,8201,896,535896
8575839,8181,356,535897
8575855,7952,256,535898
8575871,8056,619,535899
8575887,8032,1122,535900
8575903,8022,1649,535901
8575919,8080,2117,535902
8575935,8040,2669,535903
8575951,8169,3237,535904
8575967,8070,3690,535905
8575983,8089,4323,535906
8575999,8146,4868,535907
8576015,8270,5374,535908
8576031,8061,5915,535909
8576047,8088,6380,535910
8576063,8059,6906,535911
8576079,8021,7487,535912
8576095,8027,7979,535913
8576111,7974,8434,535914
8576127,8104,8983,535915
8576143,8015,9600,535916
8576159,8166,10155,535917
8576175,8180,10697,535918
8576191,8052,11156,535919
8576207,8307,11683,535920
8576223,8255,12234,535921
8576239,8054,12691,535922
8576255,8139,13201,535923
8576271,8136,13765,535924
8576287,7862,14222,535925
8576303,8160,14919,535926
8576319,7765,15416,535927
8576335,7815,15970,535928
8576351,8265,16269,535929
8576367,7885,15871,535930
8576383,8170,15398,535931
8576399,8316,14944,535932
8576415,7958,14389,535933
8576431,8208,13840,535934
8576447,8320,13426,535935
8576463,8058,12846,535936
8576479,8292,12222,535937
8576495,8151,11724,535938
8576511,8009,11117,535939
8576527,8268,10661,535940
8576543,7969,10162,535941
8576559,8021,9662,535942
8576575,8199,9106,535943
8576591,8046,8534,535944
8576607,8149,8095,535945
8576623,8262,7592,535946
8576639,8066,6877,535947
8576655,8259,6378,535948
8576671,8252,5891,535949
8576687,8065,5346,535950
8576703,8325,4910,535951
8576719,8056,4346,535952
8576735,8011,3821,535953
8576751,8225,3375,535954
8576767,7909,2839,535955
8576783,7932,2249,535956
8576799,8115,1768,535957
8576815,8024,1112,535958
8576831,8115,618,535959
8576847,8037,345,535960
8576863,8037,325,535961
8576879,8170,829,535962
8576895,8103,1397,535963
8576911,8117,1895,535964
8576927,8260,2439,535965
8576943,7930,2917,535966
8576959,8076,3478,535967
8576975,8043,4100,535968
8576991,8065,4550,535969
8577007,8010,5072,535970
8577023,8026,5633,535971
8577039,8114,6174,535972
8577055,8221,6726,535973
8577071,8102,7217,535974
8577087,8177,7705,535975
8577103,8057,8221,535976
8577119,8154,8765,535977
8577135,8342,9371,535978
8577151,8015,9832,535979
8577167,8043,10403,535980
8577183,8012,10897,535981
8577199,8004,11424,535982
8577215,8095,11986,535983
8577231,8130,12509,535984
8577247,7986,12983,535985
8577263,8246,13511,535986
8577279,8082,13967,535987
8577295,8100,14485,535988
8577311,8338,15178,535989
8577327,8218,15680,535990
8577343,8301,16233,535991
8577359,8304,16228,535992
8577375,8101,15636,535993
8577391,8362,15200,535994
8577407,8179,14693,535995
8577423,8059,14190,535996
8577439,8157,13578,535997
8577455,8046,13123,535998
8577471,8141,12477,535999
8577487,8172,11970,536000
8577503,7945,11385,536001
8577519,8295,10919,536002
8577535,8172,10338,536003
8577551,8072,9914,536004
8577567,8262,9354,536005
8577583,8004,8851,536006
8577599,8003,8317,536007
8577615,8425,7874,536008
8577631,8047,7329,536009
8577647,8007,6742,536010
8577663,8146,6182,536011
8577679,7833,5634,536012
8577695,8064,5144,536013
8577711,8274,4600,536014
8577727,8054,4128,536015
8577743,8222,3577,536016
8577759,8209,3034,536017
8577775,8147,2534,536018
8577791,8312,2064,536019
8577807,8285,1373,536020
8577823,8115,884,536021
8577839,8158,401,536022
8577855,8090,352,536023
8577871,8075,638,536024
8577887,8050,1113,536025
8577903,7921,1639,536026
8577919,8224,2226,536027
8577935,8148,2709,536028
8577951,8040,3195,536029
8577967,8199,3771,536030
8577983,8128,4332,536031
8577999,8261,4892,536032
8578015,8242,5370,536033
8578031,8170,5905,536034
8578047,8193,6399,536035
8578063,8192,6975,536036
8578079,7971,7386,536037
8578095,8051,7873,536038
8578111,8190,8460,536039
8578127,8058,9000,536040
8578143,8136,9594,536041
8578159,8211,10131,536042
8578175,8291,10685,536043
8578191,8178,11191,536044
8578207,8130,11674,536045
8578223,8272,12201,536046
8578239,8168,12732,536047
8578255,8210,13297,536048
8578271,8063,13685,536049
8578287,8026,14273,536050
8578303,8040,14843,536051
8578319,8064,15449,536052
8578335,7975,15960,536053
8578351,8355,16266,536054
8578367,8070,15926,536055
8578383,8097,15488,536056
8578399,8200,14896,536057
8578415,8182,14462,536058
8578431,8145,13905,536059
8578447,8150,13362,536060
8578463,8039,12877,536061
8578479,8284,12200,536062
8578495,8114,11669,536063
8578511,7992,11167,536064
8578527,8317,10659,536065
8578543,8041,10139,536066
8578559,7957,9627,536067
8578575,8143,9125,536068
8578591,8061,8601,536069
8578607,8165,8112,536070
8578623,8145,7534,536071
8578639,8079,6964,536072
8578655,8326,6450,536073
8578671,8161,5917,536074
8578687,8068,5386,536075
8578703,8063,4855,536076
8578719,7962,4293,536077
8578735,8124,3812,536078
8578751,8368,3370,536079
8578767,8015,2816,536080
8578783,8102,2274,536081
8578799,8137,1750,536082
8578815,7982,1140,536083
8578831,8149,604,536084
8578847,8200,383,536085
8578863,7929,305,536086
8578879,8447,830,536087
8578895,8118,1362,536088
8578911,8071,1852,536089
8578927,8219,2397,536090
8578943,8026,2947,536091
8578959,8163,3437,536092
8578975,8049,4048,536093
8578991,8045,4605,536094
8579007,8173,5095,536095
8579023,8060,5588,536096
8579039,7970,6161,536097
8579055,8197,6764,536098
8579071,8179,7160,536099
8579087,8069,7713,536100
8579103,8226,8237,536101
8579119,8298,8728,536102
8579135,8286,9402,536103
8579151,8248,9932,536104
8579167,8130,10399,536105
8579183,8215,10939,536106
8579199,8151,11440,536107
8579215,8175,11978,536108
8579231,8079,12432,536109
8579247,8095,13022,536110
8579263,7960,13435,536111
8579279,8071,14000,536112
8579295,8124,14484,536113
8579311,8292,15197,536114
8579327,8209,15700,536115
8579343,8194,16189,536116
8579359,8212,16288,536117
8579375,8061,15661,536118
8579391,8087,15117,536119
8579407,8077,14667,536120
8579423,8138,14154,536121
8579439,8122,13589,536122
8579455,8045,13057,536123
8579471,8170,12491,536124
8579487,8113,11952,536125
8579503,7984,11367,536126
8579519,8124,10910,536127
8579535,8199,10340,536128
8579551,7990,9903,536129
8579567,8298,9399,536130
8579583,8288,8834,536131
8579599,7946,8272,536132
8579615,8315,7827,536133
8579631,8112,7318,536134
8579647,7994,6637,536135
8579663,8244,6133,536136
8579679,8026,5597,536137
8579695,7953,5142,536138
8579711,8267,4593,536139
8579727,7990,4070,536140
8579743,8135,3553,536141
8579759,8241,3049,536142
8579775,8051,2564,536143
8579791,8294,2021,536144
8579807,8238,1391,536145
8579823,8115,856,536146
8579839,8259,385,536147
8579855,8048,265,536148
8579871,8071,647,536149
8579887,8134,1136,536150
8579903,7997,1662,536151
8579919,8275,2177,536152
8579935,8134,2663,536153
8579951,8095,3231,536154
8579967,8256,3806,536155
8579983,8010,4375,536156
8579999,8009,4847,536157
8580015,8208,5329,536158
8580031,8046,5884,536159
8580047,8085,6411,536160
8580063,8261,6958,536161
8580079,8082,7440,536162
8580095,8096,7923,536163
8580111,8009,8437,536164
8580127,7928,8966,536165
8580143,8211,9648,536166
8580159,8186,10168,536167
8580175,8056,10676,536168
8580191,8248,11190,536169
8580207,8118,11686,536170
8580223,8129,12206,536171
8580239,8149,12745,536172
8580255,8180,13231,536173
8580271,8192,13745,536174
8580287,8156,14291,536175
8580303,8124,14932,536176
8580319,8092,15474,536177
8580335,7980,15995,536178
8580351,8061,16285,536179
8580367,8063,15922,536180
8580383,7942,15362,536181
8580399,8146,14903,536182
8580415,8017,14379,536183
8580431,8051,13852,536184
8580447,8298,13370,536185
8580463,8023,12855,536186
8580479,8108,12201,536187
8580495,8292,11686,536188
8580511,8068,11117,536189
8580527,8038,10673,536190
8580543,8119,10122,536191
8580559,8105,9610,536192
8580575,8260,9133,536193
8580591,8085,8565,536194
8580607,8024,8078,536195
8580623,8222,7604,536196
8580639,7975,6881,536197
8580655,8143,6450,536198
8580671,8070,5873,536199
8580687,7915,5409,536200
8580703,8187,4843,536201
8580719,8195,4372,536202
8580735,8026,3825,536203
8580751,8378,3360,536204
8580767,7977,2817,536205
8580783,8056,2299,536206
8580799,8341,1776,536207
8580815,7784,1109,536208
8580831,8113,610,536209
8580847,8146,276,536210
8580863,7822,317,536211
8580879,8160,839,536212
8580895,8234,1410,536213
8580911,8001,1917,536214
8580927,8419,2400,536215
8580943,8161,2978,536216
8580959,8023,3413,536217
8580975,8380,4132,536218
8580991,7959,4672,536219
8581007,7936,5139,536220
8581023,8196,5636,536221
8581039,7948,6162,536222
8581055,8099,6698,536223
8581071,8206,7167,536224
8581087,7928,7705,536225
8581103,8259,8229,536226
8581119,8108,8739,536227
8581135,8026,9364,536228
8581151,8282,9924,536229
8581167,8015,10397,536230
8581183,8236,10931,536231
8581199,8117,11386,536232
8581215,7867,11987,536233
8581231,8120,12453,536234
8581247,8084,12959,536235
8581263,7872,13473,536236
8581279,8186,13949,536237
8581295,8040,14567,536238
8581311,7909,15160,536239
8581327,8264,15669,536240
8581343,8152,16251,536241
8581359,8089,16284,536242
8581375,8198,15719,536243
8581391,8015,15148,536244
8581407,8162,14608,536245
8581423,8066,14072,536246
8581439,7955,13589,536247
8581455,8100,13108,536248
8581471,8081,12445,536249
8581487,8102,11914,536250
8581503,8065,11382,536251
8581519,8189,10908,536252
8581535,8159,10386,536253
8581551,8044,9897,536254
8581567,8183,9388,536255
8581583,8274,8893,536256
8581599,8069,8362,536257
8581615,8207,7833,536258
8581631,8135,7282,536259
8581647,7948,6680,536260
8581663,8213,6144,536261
8581679,8144,5613,536262
8581695,8108,5167,536263
8581711,8186,4601,536264
8581727,8066,4112,536265
8581743,8192,3571,536266
8581759,8276,3028,536267
8581775,7987,2511,536268
8581791,8193,2012,536269
8581807,8239,1387,536270
8581823,8067,892,536271
8581839,8278,378,536272
8581855,8045,346,536273
8581871,8000,582,536274
8581887,8334,1170,536275
8581903,8025,1652,536276
8581919,8167,2172,536277
8581935,8222,2695,536278
8581951,8109,3194,536279
8581967,8186,3790,536280
8581983,8105,4387,536281
8581999,7912,4906,536282
8582015,8397,5388,536283
8582031,8076,5842,536284
8582047,8096,6456,536285
8582063,8428,6940,536286
8582079,8013,7438,536287
8582095,8119,7958,536288
8582111,8327,8503,536289
8582127,7886,8969,536290
8582143,8043,9581,536291
8582159,8147,10131,536292
8582175,7869,10671,536293
8582191,8295,11196,536294
8582207,8218,11677,536295
8582223,7939,12171,536296
8582239,8425,12719,536297
8582255,8151,13260,536298
8582271,7937,13728,536299
8582287,8244,14329,536300
8582303,8005,14842,536301
8582319,8132,15463,536302
8582335,8239,16000,536303
8582351,7999,16299,536304
8582367,8155,15995,536305
8582383,8148,15446,536306
8582399,8021,14909,536307
8582415,8186,14379,536308
8582431,8052,13881,536309
8582447,8305,13306,536310
8582463,8169,12848,536311
8582479,7952,12163,536312
8582495,8277,11699,536313
8582511,8068,11157,536314
8582527,8008,10661,536315
8582543,8157,10133,536316
8582559,8011,9599,536317
8582575,8115,9159,536318
8582591,8231,8546,536319
8582607,7998,8036,536320
8582623,8179,7592,536321
8582639,8148,6930,536322
8582655,8169,6418,536323
8582671,8077,5897,536324
8582687,8030,5361,536325
8582703,8311,4884,536326
8582719,8186,4385,536327
8582735,7995,3795,536328
8582751,8111,3323,536329
8582767,7884,2780,536330
8582783,7897,2254,536331
8582799,8310,1739,536332
8582815,7970,1094,536333
8582831,8080,651,536334
8582847,8310,374,536335
8582863,8027,376,536336
8582879,8322,876,536337
8582895,8251,1389,536338
8582911,7919,1887,536339
8582927,8303,2394,536340
8582943,8147,2917,536341
8582959,8044,3421,536342
8582975,8410,4049,536343
8582991,8029,4564,536344
8583007,8042,5140,536345
8583023,8391,5655,536346
8583039,7861,6086,536347
8583055,8114,6645,536348
8583071,8119,7161,536349
8583087,7922,7739,536350
8583103,8317,8264,536351
8583119,8173,8706,536352
8583135,7847,9329,536353
8583151,8286,9876,536354
8583167,8070,10351,536355
8583183,8028,10889,536356
8583199,8279,11438,536357
8583215,7846,11936,536358
8583231,8093,12455,536359
8583247,8268,13007,536360
8583263,7901,13451,536361
8583279,8238,14013,536362
8583295,8059,14512,536363
8583311,7986,15096,536364
8583327,8350,15676,536365
8583343,8208,16180,536366
8583359,7972,16240,536367
8583375,8333,15687,536368
8583391,8017,15118,536369
8583407,8228,14654,536370
8583423,8305,14174,536371
8583439,7951,13615,536372
8583455,8153,13117,536373
8583471,8249,12523,536374
8583487,8108,11993,536375
8583503,8216,11502,536376
8583519,8205,10971,536377
8583535,8066,10373,536378
8583551,8152,9873,536379
8583567,8244,9371,536380
8583583,8318,8891,536381
8583599,8080,8371,536382
8583615,8130,7838,536383
8583631,8074,7308,536384
8583647,8068,6650,536385
8583663,8178,6206,536386
8583679,8085,5690,536387
8583695,8072,5104,536388
8583711,8254,4638,536389
8583727,8072,4071,536390
8583743,8007,3551,536391
8583759,8278,3098,536392
8583775,8084,2544,536393
8583791,8105,1962,536394
8583807,8259,1360,536395
8583823,8015,891,536396
8583839,8108,376,536397
8583855,8231,331,536398
8583871,8143,596,536399
8583887,8281,1173,536400
8583903,8114,1648,536401
8583919,7961,2132,536402
8583935,8164,2677,536403
8583951,7994,3190,536404
8583967,8147,3787,536405
8583983,8188,4340,536406
8583999,7925,4854,536407
8584015,8238,5332,536408
8584031,8273,5927,536409
8584047,8070,6425,536410
8584063,8325,6917,536411
8584079,8102,7454,536412
8584095,8067,7958,536413
8584111,8272,8489,536414
8584127,8009,8978,536415
8584143,8054,9642,536416
8584159,8193,10157,536417
8584175,7996,10693,536418
8584191,8206,11141,536419
8584207,8310,11660,536420
8584223,7882,12182,536421
8584239,8329,12736,536422
8584255,8244,13282,536423
8584271,8136,13721,536424
8584287,8385,14311,536425
8584303,8235,14930,536426
8584319,8135,15430,536427
8584335,8189,15970,536428
8584351,8061,16284,536429
8584367,7991,15916,536430
8584383,8188,15449,536431
8584399,7996,14959,536432
8584415,8229,14435,536433
8584431,8145,13854,536434
8584447,8034,13334,536435
8584463,8156,12832,536436
8584479,8116,12217,536437
8584495,8130,11712,536438
8584511,8246,11135,536439
8584527,8003,10599,536440
8584543,8234,10154,536441
8584559,8192,9606,536442
8584575,7949,9116,536443
8584591,8058,8593,536444
8584607,8019,8110,536445
8584623,8087,7572,536446
8584639,8025,6945,536447
8584655,8050,6411,536448
8584671,8142,5891,536449
8584687,8242,5385,536450
8584703,8224,4884,536451
8584719,8161,4358,536452
8584735,8215,3881,536453
8584751,8187,3326,536454
8584767,8243,2825,536455
8584783,8044,2275,536456
8584799,8210,1752,536457
8584815,7933,1139,536458
8584831,7896,617,536459
8584847,8224,350,536460
8584863,8018,272,536461
8584879,8122,873,536462
8584895,8134,1351,536463
8584911,7949,1889,536464
8584927,8236,2429,536465
8584943,8197,2923,536466
8584959,8050,3438,536467
8584975,8249,4123,536468
8584991,8145,4591,536469
8585007,7943,5068,536470
8585023,8195,5613,536471
8585039,7998,6161,536472
8585055,8002,6651,536473
8585071,8258,7209,536474
8585087,8003,7660,536475
8585103,8204,8251,536476
8585119,8217,8706,536477
8585135,7995,9363,536478
8585151,8285,9911,536479
8585167,8214,10381,536480
8585183,8076,10873,536481
8585199,8268,11374,536482
8585215,8101,11980,536483
8585231,8279,12504,536484
8585247,8182,12915,536485
8585263,7937,13507,536486
8585279,8228,14090,536487
8585295,8195,14544,536488
8585311,7873,15115,536489
8585327,8273,15741,536490
8585343,8148,16138,536491
8585359,7990,16284,536492
8585375,8410,15678,536493
8585391,8171,15153,536494
8585407,8148,14626,536495
8585423,8355,14137,536496
8585439,8034,13579,536497
8585455,8156,13096,536498
8585471,8174,12497,536499
8585487,8079,11979,536500
8585503,8161,11459,536501
8585519,8180,10958,536502
8585535,7956,10375,536503
8585551,8108,9828,536504
8585567,8260,9368,536505
8585583,8181,8873,536506
8585599,8324,8326,536507
8585615,8093,7803,536508
8585631,8150,7318,536509
8585647,8303,6713,536510
8585663,8177,6134,536511
8585679,8189,5603,536512
8585695,8105,5176,536513
8585711,8064,4600,536514
8585727,8044,4088,536515
8585743,8074,3584,536516
8585759,8198,3062,536517
8585775,8106,2509,536518
8585791,8172,2089,536519
8585807,8247,1368,536520
8585823,8187,876,536521
8585839,8127,353,536522
8585855,8347,360,536523
8585871,8097,660,536524
8585887,8073,1106,536525
8585903,8060,1673,536526
8585919,7985,2172,536527
8585935,8195,2729,536528
8585951,8024,3207,536529
8585967,8078,3780,536530
8585983,8124,4362,536531
8585999,8106,4871,536532
8586015,8220,5410,536533
8586031,8275,5894,536534
8586047,8048,6388,536535
8586063,8333,6892,536536
8586079,8254,7489,536537
8586095,8062,7917,536538
8586111,8371,8498,536539
8586127,8055,9010,536540
8586143,7973,9566,536541
8586159,8213,10113,536542
8586175,7789,10608,536543
8586191,7921,11126,536544
8586207,8220,11642,536545
8586223,8000,12163,536546
8586239,8104,12641,536547
8586255,8382,13283,536548
8586271,7990,13731,536549
8586287,8418,14312,536550
8586303,8176,14846,536551
8586319,8155,15408,536552
8586335,8246,15929,536553
8586351,8094,16285,536554
8586367,8019,15889,536555
8586383,8132,15429,536556
8586399,7986,14956,536557
8586415,8129,14388,536558
8586431,8226,13889,536559
8586447,8054,13356,536560
8586463,8396,12893,536561
8586479,8238,12242,536562
8586495,8076,11654,536563
8586511,8348,11166,536564
8586527,8064,10603,536565
8586543,8317,10146,536566
8586559,8295,9630,536567
8586575,8039,9098,536568
8586591,8170,8576,536569
8586607,8131,8083,536570
8586623,7828,7560,536571
8586639,8212,6989,536572
8586655,8166,6396,536573
8586671,8128,5905,536574
8586687,8408,5395,536575
