Tiempo_us,ADC_IN_A2,ADC_OUT_A3,Muestra
110712165,10457,10187,3459708
110712197,10586,10179,3459709
110712229,10473,10197,3459710
110712261,10393,10194,3459711
110712293,10479,10227,3459712
110712325,10590,10202,3459713
110712357,10430,10194,3459714
110712389,10165,10237,3459715
110712421,10569,10226,3459716
110712453,10613,10180,3459717
110712485,10418,9992,3459718
110712517,10362,10033,3459719
110712549,10629,9972,3459720
110712581,10346,10032,3459721
110712613,10410,10014,3459722
110712645,10495,10025,3459723
110712677,10541,10028,3459724
110712709,10672,10027,3459725
110712741,10447,10027,3459726
110712773,10488,10023,3459727
110712805,10491,10025,3459728
110712837,10395,10055,3459729
110712869,10278,9855,3459730
110712901,10529,9846,3459731
110712933,10681,9800,3459732
110712965,10647,9847,3459733
110712997,10218,9845,3459734
110713029,10364,9866,3459735
110713061,10539,9802,3459736
110713093,10420,9850,3459737
110713125,10399,9848,3459738
110713157,10644,9800,3459739
110713189,10652,9837,3459740
110713221,10242,9790,3459741
110713253,10407,9631,3459742
110713285,10643,9608,3459743
110713317,10564,9605,3459744
110713349,10353,9636,3459745
110713381,10467,9657,3459746
110713413,10558,9611,3459747
110713445,10393,9602,3459748
110713477,10500,9622,3459749
110713509,10577,9640,3459750
110713541,10570,9564,3459751
110713573,10444,9601,3459752
110713605,10409,9631,3459753
110713637,10622,9432,3459754
110713669,10378,9437,3459755
110713701,10410,9432,3459756
110713733,10977,9477,3459757
110713765,10450,9414,3459758
110713797,10434,9461,3459759
110713829,10454,9382,3459760
110713861,10431,9434,3459761
110713893,10420,9445,3459762
110713925,10528,9390,3459763
110713957,10407,9417,3459764
110713989,10270,9384,3459765
110714021,10505,9398,3459766
110714053,10654,9242,3459767
110714085,10396,9277,3459768
110714117,10516,9205,3459769
110714149,10377,9191,3459770
110714181,10340,9199,3459771
110714213,10301,9250,3459772
110714245,10511,9186,3459773
110714277,10428,9184,3459774
110714309,10482,9202,3459775
110714341,10288,9216,3459776
110714373,10434,9239,3459777
110714405,10512,9258,3459778
110714437,10313,9015,3459779
110714469,10540,9017,3459780
110714501,10517,9040,3459781
110714533,10351,9031,3459782
110714565,10368,8991,3459783
110714597,10550,9063,3459784
110714629,10262,8990,3459785
110714661,10397,9015,3459786
110714693,10542,8983,3459787
110714725,10596,9048,3459788
110714757,10387,9044,3459789
110714789,10455,9038,3459790
110714821,10411,8864,3459791
110714853,10283,8822,3459792
110714885,10365,8829,3459793
110714917,10443,8843,3459794
110714949,10502,8704,3459795
110714981,10441,8799,3459796
110715013,10370,8789,3459797
110715045,10317,8779,3459798
110715077,10419,8808,3459799
110715109,10363,8854,3459800
110715141,10540,8784,3459801
110715173,10392,8863,3459802
110715205,10506,8566,3459803
110715237,10495,8610,3459804
110715269,10161,8631,3459805
110715301,10274,8555,3459806
110715333,10573,8616,3459807
110715365,10496,8563,3459808
110715397,10398,8605,3459809
110715429,10550,8568,3459810
110715461,10450,8604,3459811
110715493,10399,8623,3459812
110715525,10251,8635,3459813
110715557,10410,8585,3459814
110715589,10502,8441,3459815
110715621,10510,8361,3459816
110715653,10412,8442,3459817
110715685,10576,8426,3459818
110715717,10314,8385,3459819
110715749,10215,8423,3459820
110715781,10483,8368,3459821
110715813,10433,8410,3459822
110715845,10307,8432,3459823
110715877,10501,8396,3459824
110715909,10525,8402,3459825
110715941,10273,8413,3459826
110715973,10334,8397,3459827
110716005,10413,8179,3459828
110716037,10437,8260,3459829
110716069,10457,8251,3459830
110716101,10508,8221,3459831
110716133,10307,8240,3459832
110716165,10402,8293,3459833
110716197,10334,8205,3459834
110716229,10192,8226,3459835
110716261,10437,8248,3459836
110716293,10523,8210,3459837
110716325,10606,8213,3459838
110716357,10214,8230,3459839
110716389,10233,7991,3459840
110716421,10512,8030,3459841
110716453,10402,8004,3459842
110716485,10183,8048,3459843
110716517,10439,7977,3459844
110716549,10530,8036,3459845
110716581,10135,7993,3459846
110716613,10285,8014,3459847
110716645,10404,8030,3459848
110716677,10351,8005,3459849
110716709,10276,8081,3459850
110716741,10476,8097,3459851
110716773,10649,7809,3459852
110716805,10268,7837,3459853
110716837,10039,7802,3459854
110716869,10383,7834,3459855
110716901,10512,7786,3459856
110716933,10270,7816,3459857
110716965,10355,7856,3459858
110716997,10632,7854,3459859
110717029,10495,7855,3459860
110717061,10159,7830,3459861
110717093,10357,7854,3459862
110717125,10349,7843,3459863
110717157,10263,7631,3459864
110717189,10303,7646,3459865
110717221,10470,7575,3459866
110717253,10457,7625,3459867
110717285,10364,7577,3459868
110717317,10168,7585,3459869
110717349,10222,7577,3459870
110717381,10541,7576,3459871
110717413,10414,7645,3459872
110717445,10226,7682,3459873
110717477,10357,7662,3459874
110717509,10490,7556,3459875
110717541,10340,7433,3459876
110717573,10075,7392,3459877
110717605,10501,7418,3459878
110717637,10679,7399,3459879
110717669,10230,7423,3459880
110717701,10241,7453,3459881
110717733,10619,7438,3459882
110717765,10342,7420,3459883
110717797,10215,7389,3459884
110717829,10609,7418,3459885
110717861,10498,7421,3459886
110717893,10278,7407,3459887
110717925,10263,7448,3459888
110717957,10422,7196,3459889
110717989,10351,7247,3459890
110718021,10274,7202,3459891
110718053,10295,7171,3459892
110718085,10529,7231,3459893
110718117,10334,7177,3459894
110718149,10199,7211,3459895
110718181,10244,7209,3459896
110718213,10277,7212,3459897
110718245,10270,7219,3459898
110718277,10318,7230,3459899
110718309,10400,7171,3459900
110718341,10457,6990,3459901
110718373,10344,6981,3459902
110718405,10198,7034,3459903
110718437,10279,7026,3459904
110718469,10472,6972,3459905
110718501,10342,7046,3459906
110718533,10228,7048,3459907
110718565,10551,7019,3459908
110718597,10449,6999,3459909
110718629,10177,7008,3459910
110718661,10077,7064,3459911
110718693,10483,7016,3459912
110718725,10458,6796,3459913
110718757,10230,6775,3459914
110718789,10278,6800,3459915
110718821,10498,6801,3459916
110718853,10319,6754,3459917
110718885,9971,6822,3459918
110718917,10391,6771,3459919
110718949,10539,6770,3459920
110718981,10159,6843,3459921
110719013,10282,6791,3459922
110719045,10516,6840,3459923
110719077,10398,6774,3459924
110719109,10179,6584,3459925
110719141,10150,6519,3459926
110719173,10448,6617,3459927
110719205,10395,6528,3459928
110719237,10150,6563,3459929
110719269,10427,6613,3459930
110719301,10281,6611,3459931
110719333,10147,6624,3459932
110719365,10122,6556,3459933
110719397,10389,6658,3459934
110719429,10420,6630,3459935
110719461,10366,6592,3459936
110719493,10190,6589,3459937
110719525,10283,6415,3459938
110719557,10249,6408,3459939
110719589,10214,6421,3459940
110719621,10162,6395,3459941
110719653,10262,6417,3459942
110719685,10551,6415,3459943
110719717,10088,6395,3459944
110719749,10208,6433,3459945
110719781,10429,6452,3459946
110719813,10231,6426,3459947
110719845,10216,6449,3459948
110719877,10394,6464,3459949
110719909,10417,6287,3459950
110719941,10086,6266,3459951
110719973,10157,6187,3459952
110720005,10300,6185,3459953
110720037,10398,6175,3459954
110720069,10065,6224,3459955
110720101,10211,6241,3459956
110720133,10451,6222,3459957
110720165,10242,6217,3459958
110720197,10082,6208,3459959
110720229,10296,6183,3459960
110720261,10190,6273,3459961
110720293,10059,6024,3459962
110720325,10330,6063,3459963
110720357,10290,6019,3459964
110720389,10201,6044,3459965
110720421,10151,6012,3459966
110720453,10207,6004,3459967
110720485,10265,6019,3459968
110720517,10303,6021,3459969
110720549,10334,6012,3459970
110720581,10169,6074,3459971
110720613,10215,6023,3459972
110720645,10085,6034,3459973
110720677,10042,5800,3459974
110720709,10186,5796,3459975
110720741,10330,5855,3459976
110720773,10271,5819,3459977
110720805,10303,5848,3459978
110720837,10084,5797,3459979
110720869,10343,5870,3459980
110720901,10315,5825,3459981
110720933,10092,5799,3459982
110720965,10354,5814,3459983
110720997,10264,5785,3459984
110721029,10212,5825,3459985
110721061,10284,5644,3459986
110721093,10180,5675,3459987
110721125,10272,5640,3459988
110721157,10149,5613,3459989
110721189,10276,5705,3459990
110721221,10189,5589,3459991
110721253,10271,5605,3459992
110721285,10137,5675,3459993
110721317,10169,5615,3459994
110721349,10218,5656,3459995
110721381,10248,5635,3459996
110721413,10276,5604,3459997
110721445,10365,5603,3459998
110721477,10176,5468,3459999
110721509,10195,5460,3460000
110721541,10078,5484,3460001
110721573,10188,5389,3460002
110721605,10268,5421,3460003
110721637,10276,5401,3460004
110721669,10114,5482,3460005
110721701,10287,5489,3460006
110721733,10349,5449,3460007
110721765,10035,5418,3460008
110721797,9992,5442,3460009
110721829,10357,5463,3460010
110721861,10362,5224,3460011
110721893,10151,5279,3460012
110721925,10269,5295,3460013
110721957,10164,5261,3460014
110721989,10102,5207,3460015
110722021,10050,5272,3460016
110722053,10323,5218,3460017
110722085,10383,5214,3460018
110722117,10187,5272,3460019
110722149,10189,5193,3460020
110722181,10158,5271,3460021
110722213,10241,5253,3460022
110722245,10020,5090,3460023
110722277,10354,5147,3460024
110722309,10312,5071,3460025
110722341,10202,4979,3460026
110722373,10154,5112,3460027
110722405,10281,5085,3460028
110722437,10175,5020,3460029
110722469,10147,5052,3460030
110722501,10158,5037,3460031
110722533,10152,5034,3460032
110722565,10259,5057,3460033
110722597,10177,5116,3460034
110722629,10050,4904,3460035
110722661,10246,4916,3460036
110722693,10038,4879,3460037
110722725,10162,4882,3460038
110722757,10123,4906,3460039
110722789,10290,4878,3460040
110722821,10334,4861,3460041
110722853,9989,4922,3460042
110722885,9882,4885,3460043
110722917,10197,4839,3460044
110722949,10209,4856,3460045
110722981,9943,4879,3460046
110723013,10188,4680,3460047
110723045,10396,4677,3460048
110723077,9985,4733,3460049
110723109,9880,4698,3460050
110723141,10303,4682,3460051
110723173,10224,4719,3460052
110723205,9917,4690,3460053
110723237,10089,4707,3460054
110723269,10322,4690,3460055
110723301,10106,4685,3460056
110723333,9977,4675,3460057
110723365,10123,4682,3460058
110723397,10363,4695,3460059
110723429,10041,4520,3460060
110723461,10018,4476,3460061
110723493,10288,4508,3460062
110723525,10174,4530,3460063
110723557,9916,4426,3460064
110723589,10060,4444,3460065
110723621,10156,4512,3460066
110723653,10169,4455,3460067
110723685,10172,4536,3460068
110723717,10028,4500,3460069
110723749,10147,4485,3460070
110723781,10180,4528,3460071
110723813,9967,4345,3460072
110723845,10049,4293,3460073
110723877,10242,4348,3460074
110723909,10181,4360,3460075
110723941,10121,4370,3460076
110723973,10035,4353,3460077
110724005,10141,4278,3460078
110724037,10117,4296,3460079
110724069,9998,4317,3460080
110724101,10217,4285,3460081
110724133,10226,4352,3460082
110724165,10036,4322,3460083
110724197,9840,4131,3460084
110724229,10228,4141,3460085
110724261,10192,4144,3460086
110724293,9837,4166,3460087
110724325,10183,4137,3460088
110724357,10279,4120,3460089
110724389,10102,4164,3460090
110724421,10000,4153,3460091
110724453,9994,4172,3460092
110724485,10117,4176,3460093
110724517,10025,4151,3460094
110724549,10108,4162,3460095
110724581,10266,3949,3460096
110724613,10132,3896,3460097
110724645,10007,3943,3460098
110724677,9921,3962,3460099
110724709,10219,3930,3460100
110724741,10094,3957,3460101
110724773,9959,4000,3460102
110724805,10154,3950,3460103
110724837,10214,3933,3460104
110724869,10090,4010,3460105
110724901,9805,4008,3460106
110724933,9854,4012,3460107
110724965,10090,3802,3460108
110724997,10038,3775,3460109
110725029,9946,3849,3460110
110725061,9971,3790,3460111
110725093,10158,3817,3460112
110725125,9874,3797,3460113
110725157,9878,3805,3460114
110725189,10092,3821,3460115
110725221,10109,3786,3460116
110725253,9961,3793,3460117
110725285,9972,3830,3460118
110725317,10225,3796,3460119
110725349,9940,3783,3460120
110725381,9636,3630,3460121
110725413,10159,3645,3460122
110725445,10213,3630,3460123
110725477,9971,3669,3460124
110725509,9764,3621,3460125
110725541,10131,3630,3460126
110725573,10024,3633,3460127
110725605,9955,3681,3460128
110725637,10092,3658,3460129
110725669,9927,3620,3460130
110725701,10206,3645,3460131
110725733,10007,3656,3460132
110725765,9967,3417,3460133
110725797,9946,3394,3460134
110725829,9954,3496,3460135
110725861,9754,3414,3460136
110725893,9906,3451,3460137
110725925,10039,3541,3460138
110725957,9938,3502,3460139
110725989,9921,3433,3460140
110726021,9862,3544,3460141
110726053,9841,3445,3460142
110726085,9992,3470,3460143
110726117,9921,3521,3460144
110726149,9942,3300,3460145
110726181,10264,3277,3460146
110726213,9860,3303,3460147
110726245,9756,3227,3460148
110726277,10025,3274,3460149
110726309,10024,3304,3460150
110726341,9906,3306,3460151
110726373,9955,3349,3460152
110726405,9967,3313,3460153
110726437,9906,3293,3460154
110726469,9857,3284,3460155
110726501,10017,3299,3460156
110726533,9961,3181,3460157
110726565,9883,3107,3460158
110726597,9935,3175,3460159
110726629,10025,3129,3460160
110726661,9932,3113,3460161
110726693,9726,3189,3460162
110726725,9967,3210,3460163
110726757,9966,3146,3460164
110726789,9985,3118,3460165
110726821,9786,3145,3460166
110726853,9959,3106,3460167
110726885,9932,3167,3460168
110726917,9702,3016,3460169
110726949,9985,2940,3460170
110726981,10013,3012,3460171
110727013,9986,2950,3460172
110727045,9922,2968,3460173
110727077,9873,3031,3460174
110727109,9816,2987,3460175
110727141,9866,3004,3460176
110727173,9887,2970,3460177
110727205,9938,3009,3460178
110727237,9926,2988,3460179
110727269,10015,2939,3460180
110727301,9945,3026,3460181
110727333,9642,2835,3460182
110727365,9808,2870,3460183
110727397,9784,2855,3460184
110727429,9788,2847,3460185
110727461,9818,2843,3460186
110727493,10122,2817,3460187
110727525,9840,2880,3460188
110727557,9761,2840,3460189
110727589,9872,2826,3460190
110727621,9841,2873,3460191
110727653,9710,2820,3460192
110727685,9963,2781,3460193
110727717,9977,2714,3460194
110727749,9713,2722,3460195
110727781,9877,2651,3460196
110727813,9726,2657,3460197
110727845,9724,2695,3460198
110727877,9812,2696,3460199
110727909,9847,2723,3460200
110727941,9856,2717,3460201
110727973,9891,2663,3460202
110728005,9574,2707,3460203
110728037,9807,2702,3460204
110728069,9643,2677,3460205
110728101,9761,2522,3460206
110728133,9803,2492,3460207
110728165,9800,2556,3460208
110728197,9786,2598,3460209
110728229,9871,2460,3460210
110728261,9599,2593,3460211
110728293,9576,2541,3460212
110728325,9898,2485,3460213
110728357,9862,2548,3460214
110728389,9567,2531,3460215
110728421,9785,2544,3460216
110728453,9714,2567,3460217
110728485,9675,2376,3460218
110728517,9475,2364,3460219
110728549,9880,2397,3460220
110728581,10173,2344,3460221
110728613,9713,2379,3460222
110728645,9616,2349,3460223
110728677,9969,2406,3460224
110728709,9858,2346,3460225
110728741,9504,2356,3460226
110728773,9714,2402,3460227
110728805,9961,2393,3460228
110728837,9697,2338,3460229
110728869,9609,2266,3460230
110728901,9822,2287,3460231
110728933,9870,2253,3460232
110728965,9653,2238,3460233
110728997,9783,2253,3460234
110729029,9752,2271,3460235
110729061,9840,2263,3460236
110729093,9710,2298,3460237
110729125,9716,2252,3460238
110729157,9813,2224,3460239
110729189,9798,2290,3460240
110729221,9584,2263,3460241
110729253,9708,2278,3460242
110729285,9768,2108,3460243
110729317,9915,2113,3460244
110729349,9801,2041,3460245
110729381,9526,2091,3460246
110729413,9822,2278,3460247
110729445,9754,2117,3460248
110729477,9679,2115,3460249
110729509,9780,2083,3460250
110729541,9909,2094,3460251
110729573,9516,2141,3460252
110729605,9426,2119,3460253
110729637,9877,2084,3460254
110729669,9767,1995,3460255
110729701,9606,1977,3460256
110729733,9627,1974,3460257
110729765,9898,1937,3460258
110729797,9581,1929,3460259
110729829,9296,1988,3460260
110729861,9534,1962,3460261
110729893,10064,1997,3460262
110729925,9632,1988,3460263
110729957,9426,1948,3460264
110729989,9832,1961,3460265
110730021,9698,2034,3460266
110730053,9529,1794,3460267
110730085,9568,1805,3460268
110730117,9624,1884,3460269
110730149,9800,1804,3460270
110730181,9719,1857,3460271
110730213,9682,1827,3460272
110730245,9637,1872,3460273
110730277,9558,1842,3460274
110730309,9528,1873,3460275
110730341,9469,1826,3460276
110730373,9823,1849,3460277
110730405,9727,1823,3460278
110730437,9558,1706,3460279
110730469,9543,1800,3460280
110730501,9634,1752,3460281
110730533,9550,1730,3460282
110730565,9503,1734,3460283
110730597,9836,1770,3460284
110730629,9890,1735,3460285
110730661,9525,1678,3460286
110730693,9335,1773,3460287
110730725,9643,1702,3460288
110730757,9585,1718,3460289
110730789,9519,1738,3460290
110730821,9575,1737,3460291
110730853,9677,1548,3460292
110730885,9659,1589,3460293
110730917,9528,1605,3460294
110730949,9568,1587,3460295
110730981,9705,1543,3460296
110731013,9503,1562,3460297
110731045,9385,1648,3460298
110731077,9690,1567,3460299
110731109,9797,1630,3460300
110731141,9408,1604,3460301
110731173,9495,1587,3460302
110731205,9487,1620,3460303
110731237,9575,1443,3460304
110731269,9444,1462,3460305
110731301,9686,1491,3460306
110731333,9762,1469,3460307
110731365,9421,1438,3460308
110731397,9346,1473,3460309
110731429,9444,1479,3460310
110731461,9706,1448,3460311
110731493,9665,1438,3460312
110731525,9439,1478,3460313
110731557,9635,1453,3460314
110731589,9712,1497,3460315
110731621,9223,1368,3460316
110731653,9303,1409,3460317
110731685,9660,1373,3460318
110731717,9719,1372,3460319
110731749,9420,1328,3460320
110731781,9399,1383,3460321
110731813,9676,1369,3460322
110731845,9546,1331,3460323
110731877,9190,1317,3460324
110731909,9427,1425,3460325
110731941,9840,1408,3460326
110731973,9489,1369,3460327
110732005,9347,1294,3460328
110732037,9514,1268,3460329
110732069,9404,1237,3460330
110732101,9353,1267,3460331
110732133,9529,1311,3460332
110732165,9499,1264,3460333
110732197,9550,1284,3460334
110732229,9457,1254,3460335
110732261,9400,1207,3460336
110732293,9456,1240,3460337
110732325,9454,1245,3460338
110732357,9483,1269,3460339
110732389,9404,1161,3460340
110732421,9519,1101,3460341
110732453,9390,1199,3460342
110732485,9299,1197,3460343
110732517,9499,1098,3460344
110732549,9318,1100,3460345
110732581,9547,1110,3460346
110732613,9446,1135,3460347
110732645,9577,1105,3460348
110732677,9676,1189,3460349
110732709,9410,1221,3460350
110732741,9179,1118,3460351
110732773,9437,1109,3460352
110732805,9637,1015,3460353
110732837,9357,1095,3460354
110732869,9501,1059,3460355
110732901,9546,1055,3460356
110732933,9245,1046,3460357
110732965,9264,1004,3460358
110732997,9376,1081,3460359
110733029,9480,1050,3460360
110733061,9457,1001,3460361
110733093,9223,1068,3460362
110733125,9467,989,3460363
110733157,9533,1054,3460364
110733189,9159,987,3460365
110733221,9297,935,3460366
110733253,9617,957,3460367
110733285,9490,974,3460368
110733317,9406,962,3460369
110733349,9630,980,3460370
110733381,9271,876,3460371
110733413,9256,957,3460372
110733445,9324,1001,3460373
110733477,9358,1016,3460374
110733509,9506,947,3460375
110733541,9431,918,3460376
110733573,9270,788,3460377
110733605,9277,866,3460378
110733637,9476,875,3460379
110733669,9285,855,3460380
110733701,9300,827,3460381
110733733,9349,875,3460382
110733765,9369,849,3460383
110733797,9388,816,3460384
110733829,9178,891,3460385
110733861,9239,875,3460386
110733893,9367,879,3460387
110733925,9168,860,3460388
110733957,9311,780,3460389
110733989,9571,795,3460390
110734021,9269,749,3460391
110734053,9172,778,3460392
110734085,9240,772,3460393
110734117,9343,792,3460394
110734149,9179,770,3460395
110734181,9380,775,3460396
110734213,9529,765,3460397
110734245,9302,820,3460398
110734277,9238,784,3460399
110734309,9165,789,3460400
110734341,9353,703,3460401
110734373,9290,646,3460402
110734405,9280,642,3460403
110734437,9358,718,3460404
110734469,9340,720,3460405
110734501,9353,721,3460406
110734533,9181,670,3460407
110734565,9250,702,3460408
110734597,9257,628,3460409
110734629,9386,673,3460410
110734661,9267,684,3460411
110734693,9293,725,3460412
110734725,9462,690,3460413
110734757,8961,648,3460414
110734789,8937,623,3460415
110734821,9440,596,3460416
110734853,9420,595,3460417
110734885,9062,601,3460418
110734917,9267,655,3460419
110734949,9400,618,3460420
110734981,9126,578,3460421
110735013,9011,649,3460422
110735045,9265,639,3460423
110735077,9526,593,3460424
110735109,9261,579,3460425
110735141,9037,581,3460426
110735173,9386,548,3460427
110735205,9241,468,3460428
110735237,9032,581,3460429
110735269,9081,513,3460430
110735301,9515,484,3460431
110735333,9163,481,3460432
110735365,9100,517,3460433
110735397,9256,588,3460434
110735429,9220,469,3460435
110735461,8981,489,3460436
110735493,9174,549,3460437
110735525,9199,469,3460438
110735557,9341,474,3460439
110735589,9176,486,3460440
110735621,9063,422,3460441
110735653,9119,416,3460442
110735685,9088,453,3460443
110735717,9055,418,3460444
110735749,9100,459,3460445
110735781,9102,451,3460446
110735813,9268,475,3460447
110735845,9153,469,3460448
110735877,9004,440,3460449
110735909,9199,387,3460450
110735941,9185,383,3460451
110735973,9108,394,3460452
110736005,9136,422,3460453
110736037,9467,363,3460454
110736069,9070,353,3460455
110736101,8840,417,3460456
110736133,9259,344,3460457
110736165,9444,351,3460458
110736197,9049,351,3460459
110736229,9118,416,3460460
110736261,9293,366,3460461
110736293,9081,365,3460462
110736325,8867,333,3460463
110736357,9054,387,3460464
110736389,9367,365,3460465
110736421,9066,342,3460466
110736453,8975,359,3460467
110736485,9164,432,3460468
110736517,9188,341,3460469
110736549,8973,341,3460470
110736581,9105,361,3460471
110736613,9090,395,3460472
110736645,9180,396,3460473
110736677,9034,341,3460474
110736709,9014,360,3460475
110736741,9248,327,3460476
110736773,9173,334,3460477
110736805,9012,388,3460478
110736837,8888,389,3460479
110736869,9290,357,3460480
110736901,8986,350,3460481
110736933,8906,389,3460482
110736965,8885,358,3460483
110736997,9004,296,3460484
110737029,8964,359,3460485
110737061,9134,380,3460486
110737093,9113,346,3460487
110737125,9291,397,3460488
110737157,8935,333,3460489
110737189,8841,332,3460490
110737221,9051,392,3460491
110737253,9255,293,3460492
110737285,8913,311,3460493
110737317,9048,365,3460494
110737349,9203,342,3460495
110737381,8930,354,3460496
110737413,8876,390,3460497
110737445,8976,336,3460498
110737477,9118,350,3460499
110737509,9087,411,3460500
110737541,8875,360,3460501
110737573,9133,351,3460502
110737605,9182,369,3460503
110737637,8888,361,3460504
110737669,8709,358,3460505
110737701,9151,313,3460506
110737733,9100,345,3460507
110737765,8973,355,3460508
110737797,8874,375,3460509
110737829,9130,348,3460510
110737861,8974,349,3460511
110737893,8813,381,3460512
110737925,8875,311,3460513
110737957,9215,303,3460514
110737989,9113,322,3460515
110738021,8887,380,3460516
110738053,9084,329,3460517
110738085,9122,345,3460518
110738117,8745,315,3460519
110738149,8670,305,3460520
110738181,9170,328,3460521
110738213,9039,350,3460522
110738245,8827,325,3460523
110738277,8850,300,3460524
110738309,9025,308,3460525
110738341,9047,272,3460526
110738373,8580,373,3460527
110738405,8822,310,3460528
110738437,9318,324,3460529
110738469,8937,345,3460530
110738501,8789,314,3460531
110738533,8971,329,3460532
110738565,8977,335,3460533
110738597,8848,286,3460534
110738629,8854,299,3460535
110738661,9011,394,3460536
110738693,8929,359,3460537
110738725,8810,389,3460538
110738757,8892,303,3460539
110738789,8854,314,3460540
110738821,8830,373,3460541
110738853,8812,355,3460542
110738885,8934,331,3460543
110738917,9009,375,3460544
110738949,8937,313,3460545
110738981,8772,346,3460546
110739013,8699,338,3460547
110739045,8800,327,3460548
110739077,8931,341,3460549
110739109,8916,306,3460550
110739141,8795,308,3460551
110739173,8895,326,3460552
110739205,8761,326,3460553
110739237,8520,331,3460554
110739269,8863,376,3460555
110739301,8888,327,3460556
110739333,8701,297,3460557
110739365,8803,348,3460558
110739397,8849,337,3460559
110739429,8677,380,3460560
110739461,8660,348,3460561
110739493,8797,406,3460562
110739525,8810,358,3460563
110739557,8921,356,3460564
110739589,8674,369,3460565
110739621,8925,285,3460566
110739653,9061,318,3460567
110739685,8623,355,3460568
110739717,8758,333,3460569
110739749,8908,382,3460570
110739781,8927,374,3460571
110739813,8686,355,3460572
110739845,8888,360,3460573
110739877,8823,323,3460574
110739909,8711,309,3460575
110739941,8818,391,3460576
110739973,8764,348,3460577
110740005,8865,327,3460578
110740037,8938,388,3460579
110740069,8742,316,3460580
110740101,8755,365,3460581
110740133,8759,333,3460582
110740165,8752,386,3460583
110740197,8766,324,3460584
110740229,8888,309,3460585
110740261,8818,343,3460586
110740293,8841,408,3460587
110740325,8682,334,3460588
110740357,8749,296,3460589
110740389,8894,322,3460590
110740421,8767,366,3460591
110740453,8695,304,3460592
110740485,8815,292,3460593
110740517,8633,318,3460594
110740549,8622,362,3460595
110740581,8735,320,3460596
110740613,8808,292,3460597
110740645,8662,334,3460598
110740677,8785,310,3460599
110740709,8762,344,3460600
110740741,8674,356,3460601
110740773,8692,348,3460602
110740805,8634,368,3460603
110740837,8695,329,3460604
110740869,8696,360,3460605
110740901,8615,369,3460606
110740933,8677,383,3460607
110740965,8841,343,3460608
110740997,8637,327,3460609
110741029,8498,295,3460610
110741061,8670,338,3460611
110741093,8737,385,3460612
110741125,8672,333,3460613
110741157,8581,326,3460614
110741189,8835,357,3460615
110741221,8777,331,3460616
110741253,8554,352,3460617
110741285,8353,364,3460618
110741317,8891,339,3460619
110741349,8856,326,3460620
110741381,8580,285,3460621
110741413,8693,369,3460622
110741445,8650,301,3460623
110741477,8573,307,3460624
110741509,8535,300,3460625
110741541,8666,360,3460626
110741573,8984,378,3460627
110741605,8657,281,3460628
110741637,8418,379,3460629
110741669,8539,320,3460630
110741701,8792,313,3460631
110741733,8437,280,3460632
110741765,8695,389,3460633
110741797,8924,340,3460634
110741829,8681,264,3460635
110741861,8528,368,3460636
110741893,8650,294,3460637
110741925,8736,326,3460638
110741957,8545,307,3460639
110741989,8631,393,3460640
110742021,8658,277,3460641
110742053,8779,296,3460642
110742085,8542,356,3460643
110742117,8444,299,3460644
110742149,8550,371,3460645
110742181,8538,341,3460646
110742213,8648,361,3460647
110742245,8662,363,3460648
110742277,8655,347,3460649
110742309,8585,340,3460650
110742341,8539,338,3460651
110742373,8350,334,3460652
110742405,8660,320,3460653
110742437,8685,357,3460654
110742469,8554,355,3460655
110742501,8521,394,3460656
110742533,8860,330,3460657
110742565,8409,334,3460658
110742597,8429,307,3460659
110742629,8541,278,3460660
110742661,8788,308,3460661
110742693,8505,354,3460662
110742725,8506,328,3460663
110742757,8661,343,3460664
110742789,8448,357,3460665
110742821,8290,320,3460666
110742853,8564,362,3460667
110742885,8755,321,3460668
110742917,8547,324,3460669
110742949,8507,365,3460670
110742981,8524,285,3460671
110743013,8503,365,3460672
110743045,8438,356,3460673
110743077,8401,355,3460674
110743109,8690,310,3460675
110743141,8486,355,3460676
110743173,8434,350,3460677
110743205,8312,347,3460678
110743237,8418,289,3460679
110743269,8559,290,3460680
110743301,8411,339,3460681
110743333,8371,311,3460682
110743365,8561,349,3460683
110743397,8617,354,3460684
110743429,8439,283,3460685
110743461,8449,323,3460686
110743493,8614,316,3460687
110743525,8534,338,3460688
110743557,8414,308,3460689
110743589,8520,294,3460690
110743621,8730,380,3460691
110743653,8419,337,3460692
110743685,8367,350,3460693
110743717,8405,321,3460694
110743749,8615,272,3460695
110743781,8380,328,3460696
110743813,8489,306,3460697
110743845,8701,357,3460698
110743877,8454,338,3460699
110743909,8329,378,3460700
110743941,8278,375,3460701
110743973,8615,290,3460702
110744005,8562,341,3460703
110744037,8378,373,3460704
110744069,8386,381,3460705
110744101,8523,328,3460706
110744133,8351,366,3460707
110744165,8288,335,3460708
110744197,8401,321,3460709
110744229,8502,311,3460710
110744261,8474,391,3460711
110744293,8497,338,3460712
110744325,8449,340,3460713
110744357,8387,323,3460714
110744389,8376,330,3460715
110744421,8333,299,3460716
110744453,8588,287,3460717
110744485,8531,367,3460718
110744517,8325,339,3460719
110744549,8329,304,3460720
110744581,8644,320,3460721
110744613,8350,290,3460722
110744645,8013,328,3460723
110744677,8516,352,3460724
110744709,8601,364,3460725
110744741,8378,328,3460726
110744773,8146,334,3460727
110744805,8527,312,3460728
110744837,8497,310,3460729
110744869,8214,323,3460730
110744901,8302,330,3460731
110744933,8583,306,3460732
110744965,8467,286,3460733
110744997,8171,324,3460734
110745029,8466,352,3460735
110745061,8444,350,3460736
110745093,8223,265,3460737
110745125,8354,280,3460738
110745157,8550,391,3460739
110745189,8365,348,3460740
110745221,8400,353,3460741
110745253,8498,315,3460742
110745285,8343,328,3460743
110745317,8311,303,3460744
110745349,8319,383,3460745
110745381,8278,308,3460746
110745413,8521,318,3460747
110745445,8240,344,3460748
110745477,8283,337,3460749
110745509,8274,322,3460750
110745541,8214,303,3460751
110745573,8420,309,3460752
110745605,8495,345,3460753
110745637,8322,378,3460754
110745669,8344,326,3460755
110745701,8321,299,3460756
110745733,8108,382,3460757
110745765,8236,382,3460758
110745797,8546,323,3460759
110745829,8180,353,3460760
110745861,8252,320,3460761
110745893,8368,347,3460762
110745925,8339,310,3460763
110745957,8144,302,3460764
110745989,8233,322,3460765
110746021,8368,375,3460766
110746053,8515,326,3460767
110746085,8186,428,3460768
110746117,8265,388,3460769
110746149,8405,416,3460770
110746181,8117,406,3460771
110746213,7994,369,3460772
110746245,8364,348,3460773
110746277,8370,347,3460774
110746309,8208,371,3460775
110746341,8260,375,3460776
110746373,8271,416,3460777
110746405,8060,414,3460778
110746437,8305,390,3460779
110746469,8277,508,3460780
110746501,8194,363,3460781
110746533,8394,458,3460782
110746565,8330,431,3460783
110746597,8265,476,3460784
110746629,8233,407,3460785
110746661,8307,465,3460786
110746693,8108,445,3460787
110746725,8327,435,3460788
110746757,8271,454,3460789
110746789,8179,423,3460790
110746821,8103,453,3460791
110746853,8174,523,3460792
110746885,8282,503,3460793
110746917,8258,548,3460794
110746949,8153,549,3460795
110746981,8317,553,3460796
110747013,8182,516,3460797
110747045,7978,574,3460798
110747077,8268,441,3460799
110747109,8334,499,3460800
110747141,8353,544,3460801
110747173,8282,514,3460802
110747205,8341,522,3460803
110747237,8113,580,3460804
110747269,8114,634,3460805
110747301,8128,618,3460806
110747333,8218,586,3460807
110747365,8225,567,3460808
110747397,8251,596,3460809
110747429,8328,583,3460810
110747461,8409,585,3460811
110747493,8168,620,3460812
110747525,8148,625,3460813
110747557,8347,562,3460814
110747589,8372,569,3460815
110747621,8143,649,3460816
110747653,8049,653,3460817
110747685,8148,721,3460818
110747717,8193,682,3460819
110747749,8132,641,3460820
110747781,7839,726,3460821
110747813,8199,659,3460822
110747845,8300,665,3460823
110747877,8090,681,3460824
110747909,8110,698,3460825
110747941,8186,704,3460826
110747973,8084,669,3460827
110748005,7950,687,3460828
110748037,8190,797,3460829
110748069,8400,782,3460830
110748101,8197,732,3460831
110748133,7952,815,3460832
110748165,8220,778,3460833
110748197,8309,745,3460834
110748229,7994,834,3460835
110748261,7939,754,3460836
110748293,8295,764,3460837
110748325,8238,806,3460838
110748357,7849,747,3460839
110748389,8213,786,3460840
110748421,8257,898,3460841
110748453,8043,902,3460842
110748485,8180,872,3460843
110748517,8222,899,3460844
110748549,8216,847,3460845
110748581,8068,832,3460846
110748613,8122,867,3460847
110748645,7942,817,3460848
110748677,8186,825,3460849
110748709,8185,851,3460850
110748741,8193,839,3460851
110748773,8054,817,3460852
110748805,8211,928,3460853
110748837,8080,891,3460854
110748869,7952,914,3460855
110748901,8116,915,3460856
110748933,8221,923,3460857
110748965,7995,956,3460858
110748997,8028,979,3460859
110749029,8240,955,3460860
110749061,8122,952,3460861
110749093,7748,930,3460862
110749125,8136,938,3460863
110749157,8315,949,3460864
110749189,7891,1001,3460865
110749221,7866,1109,3460866
110749253,8302,1115,3460867
110749285,8201,1074,3460868
110749317,7850,1020,3460869
110749349,7978,1062,3460870
110749381,8138,1020,3460871
110749413,8097,1059,3460872
110749445,7815,1056,3460873
110749477,7950,1077,3460874
110749509,8134,999,3460875
110749541,7867,1088,3460876
110749573,7913,1122,3460877
110749605,8162,1175,3460878
110749637,8265,1101,3460879
110749669,7968,1192,3460880
110749701,7915,1219,3460881
110749733,7997,1159,3460882
110749765,7874,1157,3460883
110749797,7949,1108,3460884
110749829,7997,1095,3460885
110749861,8004,1160,3460886
110749893,8148,1137,3460887
110749925,7918,1137,3460888
110749957,7761,1205,3460889
110749989,7986,1235,3460890
110750021,7808,1287,3460891
110750053,7987,1202,3460892
110750085,8066,1255,3460893
110750117,8070,1267,3460894
110750149,7936,1280,3460895
110750181,7825,1279,3460896
110750213,7920,1220,3460897
110750245,8087,1255,3460898
110750277,7902,1304,3460899
110750309,7942,1209,3460900
110750341,8196,1253,3460901
110750373,8049,1339,3460902
110750405,7872,1334,3460903
110750437,7946,1376,3460904
110750469,8209,1341,3460905
110750501,7879,1378,3460906
110750533,7938,1364,3460907
110750565,8070,1342,3460908
110750597,8142,1392,3460909
110750629,7860,1391,3460910
110750661,7947,1349,3460911
110750693,7989,1325,3460912
110750725,8071,1325,3460913
110750757,7907,1414,3460914
110750789,7879,1471,3460915
110750821,8020,1462,3460916
110750853,7881,1510,3460917
110750885,7736,1422,3460918
110750917,7810,1426,3460919
110750949,8105,1494,3460920
110750981,8102,1473,3460921
110751013,7899,1459,3460922
110751045,7800,1481,3460923
110751077,8040,1421,3460924
110751109,7882,1440,3460925
110751141,7570,1597,3460926
110751173,7888,1621,3460927
110751205,8063,1621,3460928
110751237,7838,1657,3460929
110751269,7816,1611,3460930
110751301,8031,1626,3460931
110751333,8014,1607,3460932
110751365,7770,1593,3460933
110751397,7782,1663,3460934
110751429,8107,1614,3460935
110751461,8067,1571,3460936
110751493,7575,1582,3460937
110751525,7832,1790,3460938
110751557,8210,1770,3460939
110751589,7789,1737,3460940
110751621,7831,1722,3460941
110751653,8156,1692,3460942
110751685,7968,1708,3460943
110751717,7644,1693,3460944
110751749,7907,1734,3460945
110751781,7887,1725,3460946
110751813,7769,1767,3460947
110751845,7926,1750,3460948
110751877,7927,1721,3460949
110751909,7961,1706,3460950
110751941,7872,1887,3460951
110751973,7871,1811,3460952
110752005,7956,1779,3460953
110752037,7982,1814,3460954
110752069,7907,1810,3460955
110752101,7879,1849,3460956
110752133,7983,1824,3460957
110752165,7938,1876,3460958
110752197,7714,1810,3460959
110752229,7808,1883,3460960
110752261,7811,1871,3460961
110752293,8090,1805,3460962
110752325,7997,2015,3460963
110752357,7756,1946,3460964
110752389,7959,1929,3460965
110752421,7804,2028,3460966
110752453,7731,1993,3460967
110752485,7913,1997,3460968
110752517,8016,1966,3460969
110752549,7885,2014,3460970
110752581,7982,2017,3460971
110752613,7878,1944,3460972
110752645,7831,2006,3460973
110752677,7871,1976,3460974
110752709,7755,2098,3460975
110752741,7850,2091,3460976
110752773,7955,2305,3460977
110752805,7869,2153,3460978
110752837,7733,2110,3460979
110752869,7805,2118,3460980
110752901,7808,2144,3460981
110752933,7896,2080,3460982
110752965,7820,2160,3460983
110752997,7991,2147,3460984
110753029,7850,2101,3460985
110753061,7945,2136,3460986
110753093,7728,2236,3460987
110753125,7821,2230,3460988
110753157,7917,2256,3460989
110753189,8005,2221,3460990
110753221,7970,2253,3460991
110753253,7877,2227,3460992
110753285,7785,2278,3460993
110753317,7729,2269,3460994
110753349,7719,2234,3460995
110753381,7773,2264,3460996
110753413,7886,2210,3460997
110753445,7805,2307,3460998
110753477,7839,2268,3460999
110753509,7827,2396,3461000
110753541,7655,2450,3461001
110753573,7665,2381,3461002
110753605,7971,2421,3461003
110753637,7769,2355,3461004
110753669,7688,2336,3461005
110753701,7914,2342,3461006
110753733,7751,2403,3461007
110753765,7809,2379,3461008
110753797,7713,2379,3461009
110753829,7835,2345,3461010
110753861,7642,2374,3461011
110753893,7799,2479,3461012
110753925,7809,2562,3461013
110753957,7747,2504,3461014
110753989,7737,2496,3461015
110754021,7783,2523,3461016
110754053,7763,2556,3461017
110754085,7822,2498,3461018
110754117,7790,2541,3461019
110754149,7821,2480,3461020
110754181,7768,2516,3461021
110754213,7770,2546,3461022
110754245,7597,2518,3461023
110754277,7538,2701,3461024
110754309,7798,2722,3461025
110754341,7991,2665,3461026
110754373,7774,2710,3461027
110754405,7617,2665,3461028
110754437,7837,2650,3461029
110754469,7806,2628,3461030
110754501,7558,2662,3461031
110754533,7872,2637,3461032
110754565,8146,2673,3461033
110754597,7737,2701,3461034
110754629,7549,2721,3461035
110754661,7756,2846,3461036
110754693,7836,2810,3461037
110754725,7719,2814,3461038
110754757,7603,2826,3461039
110754789,8017,2857,3461040
110754821,7830,2824,3461041
110754853,7416,2833,3461042
110754885,7778,2835,3461043
110754917,8000,2816,3461044
110754949,7726,2808,3461045
110754981,7639,2789,3461046
110755013,7772,2865,3461047
110755045,7785,2983,3461048
110755077,7687,3025,3461049
110755109,7620,3017,3461050
110755141,7682,3004,3461051
110755173,7787,2980,3461052
110755205,7733,2948,3461053
110755237,7659,2970,3461054
110755269,7823,2961,3461055
110755301,7760,2987,3461056
110755333,7559,2973,3461057
110755365,7438,3008,3461058
110755397,7615,2963,3461059
110755429,7879,2957,3461060
110755461,7786,3144,3461061
110755493,7634,3150,3461062
110755525,7745,3185,3461063
110755557,7720,3147,3461064
110755589,7486,3179,3461065
110755621,7601,3108,3461066
110755653,8071,3171,3461067
110755685,7713,3203,3461068
110755717,7519,3143,3461069
110755749,7850,3159,3461070
110755781,7822,3240,3461071
110755813,7535,3110,3461072
110755845,7604,3336,3461073
110755877,7779,3311,3461074
110755909,7944,3299,3461075
110755941,7530,3310,3461076
110755973,7598,3303,3461077
110756005,7816,3316,3461078
110756037,7577,3342,3461079
110756069,7649,3321,3461080
110756101,7901,3328,3461081
110756133,7851,3304,3461082
110756165,7521,3288,3461083
110756197,7618,3303,3461084
110756229,7791,3462,3461085
110756261,7595,3471,3461086
110756293,7736,3504,3461087
110756325,7471,3444,3461088
110756357,7736,3436,3461089
110756389,7878,3503,3461090
110756421,7521,3499,3461091
110756453,7639,3510,3461092
110756485,7751,3501,3461093
110756517,7616,3460,3461094
110756549,7760,3511,3461095
110756581,7682,3455,3461096
110756613,7755,3658,3461097
110756645,7575,3696,3461098
110756677,7553,3705,3461099
110756709,7597,3619,3461100
110756741,7689,3681,3461101
110756773,7645,3636,3461102
110756805,7558,3662,3461103
110756837,7677,3691,3461104
110756869,7657,3614,3461105
110756901,7355,3617,3461106
110756933,7511,3638,3461107
110756965,7880,3642,3461108
110756997,7746,3796,3461109
110757029,7429,3823,3461110
110757061,7736,3805,3461111
110757093,7758,3875,3461112
110757125,7574,3790,3461113
110757157,7560,3851,3461114
110757189,7580,3810,3461115
110757221,7648,3836,3461116
110757253,7489,3848,3461117
110757285,7437,3815,3461118
110757317,7786,3816,3461119
110757349,7764,3802,3461120
110757381,7519,3789,3461121
110757413,7586,3971,3461122
110757445,7716,4005,3461123
110757477,7713,3929,3461124
110757509,7509,3980,3461125
110757541,7606,3973,3461126
110757573,7844,3994,3461127
110757605,7549,4033,3461128
110757637,7440,3974,3461129
110757669,7957,3973,3461130
110757701,7827,3936,3461131
110757733,7635,3967,3461132
110757765,7374,3954,3461133
110757797,7703,4185,3461134
110757829,7799,4146,3461135
110757861,7405,4209,3461136
110757893,7544,4157,3461137
110757925,7964,4174,3461138
110757957,7738,4147,3461139
110757989,7441,4169,3461140
110758021,7526,4132,3461141
110758053,7865,4142,3461142
110758085,7628,4167,3461143
110758117,7519,4103,3461144
110758149,7626,4147,3461145
110758181,7782,4330,3461146
110758213,7444,4314,3461147
110758245,7536,4338,3461148
110758277,7716,4370,3461149
110758309,7657,4294,3461150
110758341,7366,4341,3461151
110758373,7541,4337,3461152
110758405,7828,4306,3461153
110758437,7612,4389,3461154
110758469,7281,4371,3461155
110758501,7651,4318,3461156
110758533,7723,4303,3461157
110758565,7578,4514,3461158
110758597,7667,4455,3461159
110758629,7413,4541,3461160
110758661,7456,4518,3461161
110758693,7557,4511,3461162
110758725,7469,4556,3461163
110758757,7498,4513,3461164
110758789,7648,4526,3461165
110758821,7664,4504,3461166
110758853,7434,4464,3461167
110758885,7606,4503,3461168
110758917,7602,4499,3461169
110758949,7330,4639,3461170
110758981,7539,4732,3461171
110759013,7736,4672,3461172
110759045,7650,4728,3461173
110759077,7572,4698,3461174
110759109,7518,4766,3461175
110759141,7509,4761,3461176
110759173,7409,4683,3461177
110759205,7533,4714,3461178
110759237,7516,4681,3461179
110759269,7626,4679,3461180
110759301,7508,4738,3461181
110759333,7555,4690,3461182
110759365,7552,4860,3461183
110759397,7378,4888,3461184
110759429,7632,4832,3461185
110759461,7754,4847,3461186
110759493,7505,4901,3461187
110759525,7539,4915,3461188
110759557,7643,4874,3461189
110759589,7505,4868,3461190
110759621,7556,4857,3461191
110759653,7499,4899,3461192
110759685,7515,4896,3461193
110759717,7597,4928,3461194
110759749,7729,5026,3461195
110759781,7417,5109,3461196
110759813,7465,5040,3461197
110759845,7444,5035,3461198
110759877,7448,5047,3461199
110759909,7486,5052,3461200
110759941,7463,5043,3461201
110759973,7608,5083,3461202
110760005,7546,5042,3461203
110760037,7432,5047,3461204
110760069,7345,5054,3461205
110760101,7608,5060,3461206
110760133,7627,5295,3461207
110760165,7552,5296,3461208
110760197,7569,5255,3461209
110760229,7598,5284,3461210
110760261,7445,5224,3461211
110760293,7572,5252,3461212
110760325,7430,5243,3461213
110760357,7473,5232,3461214
110760389,7472,5225,3461215
110760421,7574,5238,3461216
110760453,7490,5244,3461217
110760485,7470,5294,3461218
110760517,7481,5428,3461219
110760549,7626,5460,3461220
110760581,7610,5462,3461221
110760613,7518,5470,3461222
110760645,7560,5491,3461223
110760677,7542,5466,3461224
110760709,7525,5454,3461225
110760741,7685,5457,3461226
110760773,7482,5488,3461227
110760805,7313,5429,3461228
110760837,7720,5450,3461229
110760869,7479,5464,3461230
110760901,7293,5624,3461231
110760933,7492,5613,3461232
110760965,7638,5681,3461233
110760997,7278,5593,3461234
110761029,7509,5629,3461235
110761061,7822,5627,3461236
110761093,7561,5593,3461237
110761125,7349,5664,3461238
110761157,7520,5659,3461239
110761189,7578,5584,3461240
110761221,7559,5634,3461241
110761253,7299,5588,3461242
110761285,7637,5627,3461243
110761317,7645,5838,3461244
110761349,7230,5801,3461245
110761381,7398,5821,3461246
110761413,7726,5843,3461247
110761445,7332,5841,3461248
110761477,7473,5865,3461249
110761509,7622,5892,3461250
110761541,7575,5807,3461251
110761573,7346,5856,3461252
110761605,7441,5833,3461253
110761637,7569,5841,3461254
110761669,7517,5804,3461255
110761701,7522,6010,3461256
110761733,7551,6041,3461257
110761765,7543,5985,3461258
110761797,7590,6041,3461259
110761829,7406,6051,3461260
110761861,7366,6037,3461261
110761893,7466,5988,3461262
110761925,7637,6053,3461263
110761957,7528,5998,3461264
110761989,7475,5995,3461265
110762021,7506,6018,3461266
110762053,7486,6054,3461267
110762085,7410,6177,3461268
110762117,7566,6202,3461269
110762149,7745,6233,3461270
110762181,7664,6213,3461271
110762213,7420,6236,3461272
110762245,7518,6207,3461273
110762277,7541,6235,3461274
110762309,7238,6206,3461275
110762341,7437,6228,3461276
110762373,7681,6207,3461277
110762405,7642,6206,3461278
110762437,7342,6248,3461279
110762469,7365,6426,3461280
110762501,7600,6455,3461281
110762533,7418,6390,3461282
110762565,7425,6376,3461283
110762597,7644,6443,3461284
110762629,7669,6420,3461285
110762661,7465,6432,3461286
110762693,7466,6415,3461287
110762725,7576,6401,3461288
110762757,7626,6462,3461289
110762789,7504,6407,3461290
110762821,7379,6385,3461291
110762853,7483,6653,3461292
110762885,7559,6574,3461293
110762917,7340,6652,3461294
110762949,7344,6631,3461295
110762981,7446,6607,3461296
110763013,7416,6642,3461297
110763045,7478,6614,3461298
110763077,7581,6641,3461299
110763109,7741,6623,3461300
110763141,7428,6610,3461301
110763173,7255,6618,3461302
110763205,7438,6636,3461303
110763237,7478,6635,3461304
110763269,7532,6808,3461305
110763301,7502,6802,3461306
110763333,7599,6808,3461307
110763365,7617,6809,3461308
110763397,7302,6855,3461309
110763429,7503,6808,3461310
110763461,7711,6806,3461311
110763493,7428,6813,3461312
110763525,7389,6860,3461313
110763557,7596,6796,3461314
110763589,7485,6789,3461315
110763621,7399,6817,3461316
110763653,7430,6917,3461317
110763685,7567,6996,3461318
110763717,7631,7013,3461319
110763749,7610,7017,3461320
110763781,7414,7019,3461321
110763813,7639,7023,3461322
110763845,7466,6964,3461323
110763877,7423,7050,3461324
110763909,7498,6958,3461325
110763941,7542,6994,3461326
110763973,7520,6973,3461327
110764005,7461,7023,3461328
110764037,7469,7164,3461329
110764069,7442,7205,3461330
110764101,7663,7210,3461331
110764133,7446,7164,3461332
110764165,7565,7209,3461333
110764197,7600,7222,3461334
110764229,7605,7242,3461335
110764261,7252,7256,3461336
110764293,7418,7211,3461337
110764325,7724,7175,3461338
110764357,7407,7240,3461339
110764389,7396,7192,3461340
110764421,7683,7374,3461341
110764453,7637,7439,3461342
110764485,7277,7422,3461343
110764517,7451,7455,3461344
110764549,7523,7471,3461345
110764581,7544,7391,3461346
110764613,7327,7405,3461347
110764645,7603,7423,3461348
110764677,7676,7385,3461349
110764709,7398,7432,3461350
110764741,7379,7402,3461351
110764773,7535,7454,3461352
110764805,7474,7447,3461353
110764837,7592,7600,3461354
110764869,7548,7639,3461355
110764901,7664,7584,3461356
110764933,7539,7639,3461357
110764965,7304,7661,3461358
110764997,7398,7648,3461359
110765029,7433,7593,3461360
110765061,7590,7638,3461361
110765093,7380,7624,3461362
110765125,7574,7579,3461363
110765157,7637,7612,3461364
110765189,7572,7653,3461365
110765221,7367,7807,3461366
110765253,7446,7821,3461367
110765285,7794,7840,3461368
110765317,7557,7833,3461369
110765349,7416,7780,3461370
110765381,7608,7790,3461371
110765413,7578,7825,3461372
110765445,7274,7846,3461373
110765477,7522,7794,3461374
110765509,7743,7822,3461375
110765541,7616,7833,3461376
110765573,7375,7824,3461377
110765605,7392,8010,3461378
110765637,7519,8044,3461379
110765669,7503,7982,3461380
110765701,7433,8044,3461381
110765733,7561,8055,3461382
110765765,7683,8025,3461383
110765797,7357,8033,3461384
110765829,7450,8009,3461385
110765861,7471,8003,3461386
110765893,7387,8051,3461387
110765925,7575,8006,3461388
110765957,7677,8041,3461389
110765989,7549,8193,3461390
110766021,7451,8243,3461391
110766053,7505,8198,3461392
110766085,7454,8209,3461393
110766117,7513,8234,3461394
110766149,7603,8250,3461395
110766181,7518,8205,3461396
110766213,7447,8238,3461397
110766245,7744,8225,3461398
110766277,7515,8258,3461399
110766309,7566,8218,3461400
110766341,7456,8216,3461401
110766373,7576,8440,3461402
110766405,7554,8396,3461403
110766437,7600,8413,3461404
110766469,7682,8374,3461405
110766501,7535,8430,3461406
110766533,7266,8403,3461407
110766565,7293,8475,3461408
110766597,7958,8458,3461409
110766629,7577,8488,3461410
110766661,7284,8436,3461411
110766693,7577,8393,3461412
110766725,7643,8404,3461413
110766757,7362,8395,3461414
110766789,7266,8622,3461415
110766821,7555,8662,3461416
110766853,7588,8620,3461417
110766885,7591,8622,3461418
110766917,7591,8589,3461419
110766949,7592,8583,3461420
110766981,7503,8639,3461421
110767013,7470,8667,3461422
110767045,7519,8592,3461423
110767077,7530,8596,3461424
110767109,7651,8624,3461425
110767141,7576,8556,3461426
110767173,7537,8844,3461427
110767205,7259,8859,3461428
110767237,7433,8790,3461429
110767269,7460,8769,3461430
110767301,7583,8782,3461431
110767333,7532,8812,3461432
110767365,7567,8834,3461433
110767397,7298,8860,3461434
110767429,7436,8826,3461435
110767461,7584,8840,3461436
110767493,7442,8781,3461437
110767525,7619,8810,3461438
110767557,7600,9009,3461439
110767589,7462,9034,3461440
110767621,7348,9090,3461441
110767653,7338,9032,3461442
110767685,7578,8998,3461443
110767717,7632,9002,3461444
110767749,7386,8985,3461445
110767781,7600,9017,3461446
110767813,7649,9066,3461447
110767845,7298,8997,3461448
110767877,7406,8996,3461449
110767909,7761,9008,3461450
110767941,7575,9189,3461451
110767973,7332,9275,3461452
110768005,7575,9284,3461453
110768037,7583,9241,3461454
110768069,7530,9212,3461455
110768101,7438,9288,3461456
110768133,7551,9147,3461457
110768165,7607,9187,3461458
110768197,7499,9287,3461459
110768229,7457,9241,3461460
110768261,7435,9206,3461461
110768293,7607,9247,3461462
110768325,7416,9419,3461463
110768357,7399,9434,3461464
110768389,7498,9456,3461465
110768421,7686,9406,3461466
110768453,7603,9437,3461467
110768485,7452,9436,3461468
110768517,7591,9443,3461469
110768549,7562,9443,3461470
110768581,7312,9444,3461471
110768613,7556,9427,3461472
110768645,7935,9395,3461473
110768677,7660,9376,3461474
110768709,7357,9449,3461475
110768741,7485,9630,3461476
110768773,7576,9586,3461477
110768805,7336,9582,3461478
110768837,7484,9591,3461479
110768869,7754,9609,3461480
110768901,7645,9650,3461481
110768933,7380,9667,3461482
110768965,7427,9663,3461483
110768997,7605,9629,3461484
110769029,7506,9603,3461485
110769061,7498,9621,3461486
110769093,7648,9646,3461487
110769125,7734,9822,3461488
110769157,7498,9828,3461489
110769189,7313,9864,3461490
110769221,7450,9802,3461491
110769253,7612,9807,3461492
110769285,7503,9840,3461493
110769317,7467,9815,3461494
110769349,7679,9780,3461495
110769381,7679,9821,3461496
110769413,7455,9851,3461497
110769445,7338,9909,3461498
110769477,7562,9809,3461499
110769509,7674,10029,3461500
110769541,7401,9958,3461501
110769573,7484,10046,3461502
110769605,7628,9999,3461503
110769637,7665,10046,3461504
110769669,7437,10038,3461505
110769701,7514,10006,3461506
110769733,7817,10003,3461507
110769765,7666,10055,3461508
110769797,7370,10044,3461509
110769829,7619,10036,3461510
110769861,7625,10048,3461511
110769893,7572,10220,3461512
110769925,7336,10165,3461513
110769957,7749,10230,3461514
110769989,7570,10204,3461515
110770021,7460,10178,3461516
110770053,7588,10271,3461517
110770085,7585,10172,3461518
110770117,7594,10209,3461519
110770149,7517,10236,3461520
110770181,7563,10241,3461521
110770213,7728,10239,3461522
110770245,7561,10239,3461523
110770277,7472,10362,3461524
110770309,7713,10442,3461525
110770341,7504,10363,3461526
110770373,7604,10416,3461527
110770405,7621,10431,3461528
110770437,7610,10476,3461529
110770469,7589,10401,3461530
110770501,7582,10398,3461531
110770533,7509,10375,3461532
110770565,7556,10468,3461533
110770597,7641,10366,3461534
110770629,7504,10423,3461535
110770661,7660,10415,3461536
110770693,7938,10618,3461537
110770725,7599,10599,3461538
110770757,7402,10609,3461539
110770789,7625,10630,3461540
110770821,7866,10560,3461541
110770853,7568,10606,3461542
110770885,7544,10632,3461543
110770917,7626,10568,3461544
110770949,7684,10618,3461545
110770981,7519,10625,3461546
110771013,7428,10652,3461547
110771045,7747,10603,3461548
110771077,7598,10796,3461549
110771109,7549,10833,3461550
110771141,7765,10790,3461551
110771173,7873,10792,3461552
110771205,7482,10824,3461553
110771237,7361,10758,3461554
110771269,7768,10784,3461555
110771301,7659,10818,3461556
110771333,7598,10799,3461557
110771365,7571,10796,3461558
110771397,7742,10806,3461559
110771429,7740,10826,3461560
110771461,7389,10965,3461561
110771493,7467,10968,3461562
110771525,7714,10968,3461563
110771557,7625,11011,3461564
110771589,7511,10978,3461565
110771621,7617,11041,3461566
110771653,7786,11009,3461567
110771685,7602,10984,3461568
110771717,7399,11006,3461569
110771749,7568,11058,3461570
110771781,7809,10973,3461571
110771813,7638,10998,3461572
110771845,7459,11149,3461573
110771877,7690,11167,3461574
110771909,7806,11132,3461575
110771941,7480,11181,3461576
110771973,7566,11187,3461577
110772005,7930,11163,3461578
110772037,7776,11166,3461579
110772069,7486,11191,3461580
110772101,7504,11196,3461581
110772133,7720,11103,3461582
110772165,7671,11158,3461583
110772197,7556,11133,3461584
110772229,7828,11386,3461585
110772261,8035,11440,3461586
110772293,7675,11383,3461587
110772325,7359,11394,3461588
110772357,7803,11358,3461589
110772389,7616,11388,3461590
110772421,7675,11364,3461591
110772453,7757,11361,3461592
110772485,7851,11420,3461593
110772517,7550,11378,3461594
110772549,7769,11371,3461595
110772581,7614,11353,3461596
110772613,7508,11354,3461597
110772645,7754,11576,3461598
110772677,7739,11570,3461599
110772709,7658,11515,3461600
110772741,7764,11576,3461601
110772773,7730,11565,3461602
110772805,7614,11579,3461603
110772837,7559,11526,3461604
110772869,7781,11553,3461605
110772901,7813,11486,3461606
110772933,7684,11501,3461607
110772965,7771,11584,3461608
110772997,7648,11527,3461609
110773029,7704,11708,3461610
110773061,7538,11745,3461611
110773093,7811,11679,3461612
110773125,7879,11713,3461613
110773157,7748,11733,3461614
110773189,7706,11712,3461615
110773221,7649,11755,3461616
110773253,7651,11763,3461617
110773285,7615,11775,3461618
110773317,7740,11754,3461619
110773349,7683,11686,3461620
110773381,7636,11725,3461621
110773413,7776,11958,3461622
110773445,7754,11948,3461623
110773477,7631,11919,3461624
110773509,7485,11864,3461625
110773541,7738,11915,3461626
110773573,7888,11909,3461627
110773605,7720,11960,3461628
110773637,7793,11888,3461629
110773669,7703,11960,3461630
110773701,7626,11901,3461631
110773733,7758,11923,3461632
110773765,7762,11906,3461633
110773797,7729,12109,3461634
110773829,7840,12063,3461635
110773861,7826,12150,3461636
110773893,7653,12152,3461637
110773925,7647,12134,3461638
110773957,7864,12098,3461639
110773989,7638,12095,3461640
110774021,7715,12075,3461641
110774053,7861,12088,3461642
110774085,7828,12062,3461643
110774117,7547,12075,3461644
110774149,7605,12066,3461645
110774181,7631,12266,3461646
110774213,7792,12258,3461647
110774245,7730,12236,3461648
110774277,7804,12271,3461649
110774309,7798,12266,3461650
110774341,7570,12285,3461651
110774373,7507,12290,3461652
110774405,7813,12349,3461653
110774437,7837,12282,3461654
110774469,7631,12316,3461655
110774501,7981,12272,3461656
110774533,7774,12263,3461657
110774565,7738,12257,3461658
110774597,7878,12459,3461659
110774629,7736,12447,3461660
110774661,7710,12482,3461661
110774693,7777,12483,3461662
110774725,7768,12428,3461663
110774757,7671,12469,3461664
110774789,7765,12483,3461665
110774821,7547,12424,3461666
110774853,7513,12432,3461667
110774885,7890,12472,3461668
110774917,8008,12445,3461669
110774949,7709,12484,3461670
110774981,7668,12681,3461671
110775013,7843,12612,3461672
110775045,7843,12644,3461673
110775077,7541,12679,3461674
110775109,7841,12633,3461675
110775141,8011,12659,3461676
110775173,7750,12595,3461677
110775205,7510,12636,3461678
110775237,7776,12647,3461679
110775269,7892,12580,3461680
110775301,7627,12583,3461681
110775333,7678,12576,3461682
110775365,8043,12796,3461683
110775397,8073,12796,3461684
110775429,7709,12860,3461685
110775461,7530,12769,3461686
110775493,7838,12764,3461687
110775525,7866,12760,3461688
110775557,7749,12796,3461689
110775589,7766,12777,3461690
110775621,7937,12757,3461691
110775653,7772,12795,3461692
110775685,7714,12767,3461693
110775717,7726,12777,3461694
110775749,7890,12943,3461695
110775781,7736,12948,3461696
110775813,7907,12961,3461697
110775845,7735,12952,3461698
110775877,7988,12912,3461699
110775909,7714,12975,3461700
110775941,7643,12922,3461701
110775973,7917,12910,3461702
110776005,7938,12896,3461703
110776037,7712,12966,3461704
110776069,7843,12957,3461705
110776101,7927,12953,3461706
110776133,7886,12900,3461707
110776165,7772,13146,3461708
110776197,7809,13099,3461709
110776229,8060,13191,3461710
110776261,7897,13151,3461711
110776293,7638,13145,3461712
110776325,7910,13111,3461713
110776357,7955,13132,3461714
110776389,7642,13110,3461715
110776421,7716,13100,3461716
110776453,8010,13138,3461717
110776485,7943,13132,3461718
110776517,7851,13152,3461719
110776549,7793,13264,3461720
110776581,7893,13219,3461721
110776613,7774,13276,3461722
110776645,7616,13239,3461723
110776677,8004,13290,3461724
110776709,8000,13247,3461725
110776741,7946,13360,3461726
110776773,7688,13304,3461727
110776805,8001,13247,3461728
110776837,8009,13342,3461729
110776869,7765,13220,3461730
110776901,7722,13347,3461731
110776933,8060,13448,3461732
110776965,7936,13484,3461733
110776997,8020,13438,3461734
110777029,7782,13507,3461735
110777061,7900,13412,3461736
110777093,8030,13453,3461737
110777125,7871,13420,3461738
110777157,7744,13402,3461739
110777189,7893,13454,3461740
110777221,7951,13416,3461741
110777253,7883,13428,3461742
110777285,7763,13440,3461743
110777317,7984,13574,3461744
110777349,7950,13623,3461745
110777381,7832,13669,3461746
110777413,8203,13611,3461747
110777445,8001,13604,3461748
110777477,7718,13549,3461749
110777509,7687,13608,3461750
110777541,8124,13680,3461751
110777573,8043,13616,3461752
110777605,7721,13593,3461753
110777637,7980,13597,3461754
110777669,8071,13638,3461755
110777701,7889,13780,3461756
110777733,7720,13751,3461757
110777765,8005,13730,3461758
110777797,8171,13719,3461759
110777829,7915,13825,3461760
110777861,7914,13686,3461761
110777893,8012,13771,3461762
110777925,7972,13715,3461763
110777957,7662,13728,3461764
110777989,7875,13781,3461765
110778021,8113,13788,3461766
110778053,7905,13710,3461767
110778085,7881,13739,3461768
110778117,7812,13952,3461769
110778149,8160,13962,3461770
110778181,8030,13889,3461771
110778213,7708,13975,3461772
110778245,8022,13880,3461773
110778277,8147,13924,3461774
110778309,8023,13881,3461775
110778341,7782,13927,3461776
110778373,7862,13937,3461777
110778405,8003,13947,3461778
110778437,7935,13906,3461779
110778469,7893,13867,3461780
110778501,8127,14045,3461781
110778533,8147,14229,3461782
110778565,7877,14081,3461783
110778597,7818,14043,3461784
110778629,8007,14021,3461785
110778661,7936,14042,3461786
110778693,7849,14050,3461787
110778725,8031,14091,3461788
110778757,8224,14061,3461789
110778789,7885,14035,3461790
110778821,7622,14108,3461791
110778853,8093,14092,3461792
110778885,7957,14188,3461793
110778917,7856,14169,3461794
110778949,7906,14164,3461795
110778981,8076,14182,3461796
110779013,8135,14191,3461797
110779045,7790,14245,3461798
110779077,7902,14166,3461799
110779109,8066,14136,3461800
110779141,8083,14175,3461801
110779173,7880,14160,3461802
110779205,7916,14129,3461803
110779237,8088,14115,3461804
110779269,8012,14288,3461805
110779301,7677,14359,3461806
110779333,7883,14380,3461807
110779365,8252,14315,3461808
110779397,8046,14307,3461809
110779429,7843,14325,3461810
110779461,8244,14388,3461811
110779493,8195,14312,3461812
110779525,7957,14308,3461813
110779557,7951,14265,3461814
110779589,8178,14398,3461815
110779621,8100,14306,3461816
110779653,8087,14455,3461817
110779685,8052,14439,3461818
110779717,7923,14430,3461819
110779749,7928,14480,3461820
110779781,8028,14496,3461821
110779813,8255,14514,3461822
110779845,8192,14547,3461823
110779877,8082,14460,3461824
110779909,8110,14496,3461825
110779941,8083,14453,3461826
110779973,8129,14397,3461827
110780005,7958,14467,3461828
110780037,8216,14440,3461829
110780069,8018,14504,3461830
110780101,7924,14511,3461831
110780133,8111,14538,3461832
110780165,8224,14582,3461833
110780197,7924,14538,3461834
110780229,8043,14550,3461835
110780261,8177,14636,3461836
110780293,8163,14591,3461837
110780325,8039,14576,3461838
110780357,8141,14574,3461839
110780389,8165,14583,3461840
110780421,7904,14625,3461841
110780453,8140,14722,3461842
110780485,8127,14725,3461843
110780517,7961,14704,3461844
110780549,8184,14745,3461845
110780581,8227,14748,3461846
110780613,7954,14750,3461847
110780645,7976,14657,3461848
110780677,8276,14768,3461849
110780709,8252,14664,3461850
110780741,8027,14707,3461851
110780773,8171,14742,3461852
110780805,8232,14726,3461853
110780837,8088,14836,3461854
110780869,7910,14807,3461855
110780901,8232,14873,3461856
110780933,8147,14823,3461857
110780965,8011,14806,3461858
110780997,8097,14896,3461859
110781029,8129,14846,3461860
110781061,8117,14815,3461861
110781093,8032,14800,3461862
110781125,8185,14825,3461863
110781157,8138,14767,3461864
110781189,8183,14688,3461865
110781221,8159,14936,3461866
110781253,8101,14998,3461867
110781285,8031,14962,3461868
110781317,7998,14954,3461869
110781349,8202,14739,3461870
110781381,8166,14994,3461871
110781413,8264,14999,3461872
110781445,8274,14908,3461873
110781477,8052,14994,3461874
110781509,8089,15002,3461875
110781541,8027,14918,3461876
110781573,7985,14964,3461877
110781605,8249,15078,3461878
110781637,8380,15102,3461879
110781669,8378,15068,3461880
110781701,8061,15025,3461881
110781733,8110,15109,3461882
110781765,8070,15048,3461883
110781797,8024,14984,3461884
110781829,8191,15081,3461885
110781861,8229,15103,3461886
110781893,8317,15101,3461887
110781925,8086,15047,3461888
110781957,8075,15033,3461889
110781989,8074,15143,3461890
110782021,8237,15167,3461891
110782053,8116,15124,3461892
110782085,8276,15220,3461893
110782117,8358,15192,3461894
110782149,8197,15128,3461895
110782181,8192,15155,3461896
110782213,8285,15183,3461897
110782245,8188,15232,3461898
110782277,8120,15238,3461899
110782309,8233,15195,3461900
110782341,8221,15222,3461901
110782373,8344,15187,3461902
110782405,8181,15251,3461903
110782437,8058,15315,3461904
110782469,8285,15301,3461905
110782501,8487,15243,3461906
110782533,8225,15257,3461907
110782565,8308,15303,3461908
110782597,8396,15296,3461909
110782629,8362,15329,3461910
110782661,7947,15323,3461911
110782693,8123,15244,3461912
110782725,8432,15354,3461913
110782757,8298,15277,3461914
110782789,8021,15386,3461915
110782821,8321,15421,3461916
110782853,8537,15405,3461917
110782885,8222,15444,3461918
110782917,8066,15416,3461919
110782949,8535,15448,3461920
110782981,8530,15354,3461921
110783013,8156,15347,3461922
110783045,8261,15391,3461923
110783077,8326,15354,3461924
110783109,8288,15351,3461925
110783141,8246,15426,3461926
110783173,8217,15522,3461927
110783205,8413,15498,3461928
110783237,8164,15529,3461929
110783269,8136,15519,3461930
110783301,8234,15441,3461931
110783333,8308,15531,3461932
110783365,8245,15470,3461933
110783397,8318,15467,3461934
110783429,8474,15550,3461935
110783461,8369,15532,3461936
110783493,8380,15473,3461937
110783525,8304,15471,3461938
110783557,8176,15595,3461939
110783589,8427,15556,3461940
110783621,8468,15542,3461941
110783653,8282,15617,3461942
110783685,8501,15586,3461943
110783717,8320,15565,3461944
110783749,8104,15563,3461945
110783781,8223,15573,3461946
110783813,8519,15619,3461947
110783845,8431,15608,3461948
110783877,8309,15636,3461949
110783909,8474,15599,3461950
110783941,8364,15517,3461951
110783973,8120,15702,3461952
110784005,8176,15651,3461953
110784037,8466,15611,3461954
110784069,8621,15694,3461955
110784101,8252,15669,3461956
110784133,8356,15632,3461957
110784165,8648,15670,3461958
110784197,8282,15671,3461959
110784229,8173,15681,3461960
110784261,8470,15727,3461961
110784293,8409,15717,3461962
110784325,8379,15608,3461963
110784357,8346,15787,3461964
110784389,8335,15744,3461965
110784421,8431,15755,3461966
110784453,8422,15775,3461967
110784485,8288,15704,3461968
110784517,8583,15776,3461969
110784549,8447,15740,3461970
110784581,8416,15797,3461971
110784613,8366,15732,3461972
110784645,8327,15721,3461973
110784677,8361,15711,3461974
110784709,8384,15735,3461975
110784741,8451,15872,3461976
110784773,8626,15800,3461977
110784805,8590,15835,3461978
110784837,8268,15796,3461979
110784869,8340,15803,3461980
110784901,8550,15803,3461981
110784933,8328,15770,3461982
110784965,8360,15854,3461983
110784997,8687,15864,3461984
110785029,8588,15850,3461985
110785061,8141,15863,3461986
110785093,8249,15818,3461987
110785125,8430,15873,3461988
110785157,8492,15877,3461989
110785189,8406,15987,3461990
110785221,8589,15965,3461991
110785253,8701,15841,3461992
110785285,8330,15927,3461993
110785317,8145,15968,3461994
110785349,8424,15929,3461995
110785381,8576,15836,3461996
110785413,8123,15905,3461997
110785445,8415,15963,3461998
110785477,8609,15906,3461999
110785509,8416,15853,3462000
110785541,8379,16032,3462001
110785573,8435,16038,3462002
110785605,8361,15986,3462003
110785637,8500,15939,3462004
110785669,8375,16012,3462005
110785701,8283,15995,3462006
110785733,8600,15971,3462007
110785765,8494,15987,3462008
110785797,8160,15985,3462009
110785829,8374,15991,3462010
110785861,8577,15950,3462011
110785893,8629,15932,3462012
110785925,8345,16038,3462013
110785957,8547,16020,3462014
110785989,8538,16043,3462015
110786021,8502,16046,3462016
110786053,8290,16006,3462017
110786085,8669,15994,3462018
110786117,8786,16025,3462019
110786149,8435,16100,3462020
110786181,8458,16043,3462021
110786213,8688,16025,3462022
110786245,8467,16067,3462023
110786277,8200,16034,3462024
110786309,8581,16044,3462025
110786341,8683,16092,3462026
110786373,8475,16156,3462027
110786405,8382,16126,3462028
110786437,8518,16157,3462029
110786469,8528,16163,3462030
110786501,8500,16145,3462031
110786533,8580,16116,3462032
110786565,8824,16064,3462033
110786597,8640,16126,3462034
110786629,8455,16071,3462035
110786661,8521,16077,3462036
110786693,8661,16138,3462037
110786725,8512,16151,3462038
110786757,8513,16114,3462039
110786789,8684,16181,3462040
110786821,8634,16136,3462041
110786853,8550,16108,3462042
110786885,8388,16159,3462043
110786917,8437,16085,3462044
110786949,8667,16152,3462045
110786981,8686,16166,3462046
110787013,8573,16211,3462047
110787045,8752,16182,3462048
110787077,8696,16166,3462049
110787109,8491,16170,3462050
110787141,8377,16210,3462051
110787173,8779,16203,3462052
110787205,8750,16201,3462053
110787237,8537,16172,3462054
110787269,8460,16276,3462055
110787301,8579,16202,3462056
110787333,8606,16175,3462057
110787365,8450,16146,3462058
110787397,8704,16220,3462059
110787429,8780,16233,3462060
110787461,8568,16212,3462061
110787493,8633,16212,3462062
110787525,8508,16201,3462063
110787557,8534,16218,3462064
110787589,8546,16182,3462065
110787621,8802,16234,3462066
110787653,8575,16235,3462067
110787685,8572,16217,3462068
110787717,8684,16304,3462069
110787749,8702,16214,3462070
110787781,8576,16269,3462071
110787813,8790,16247,3462072
110787845,8739,16256,3462073
110787877,8759,16344,3462074
110787909,8730,16315,3462075
110787941,8575,16218,3462076
110787973,8526,16275,3462077
110788005,8604,16341,3462078
110788037,8651,16232,3462079
110788069,8572,16304,3462080
110788101,8756,16261,3462081
110788133,8709,16257,3462082
110788165,8850,16378,3462083
110788197,8575,16268,3462084
110788229,8622,16289,3462085
110788261,8795,16317,3462086
110788293,8667,16302,3462087
110788325,8661,16337,3462088
110788357,8788,16246,3462089
110788389,8754,16293,3462090
110788421,8599,16286,3462091
110788453,8604,16286,3462092
110788485,8790,16342,3462093
110788517,8838,16338,3462094
110788549,8610,16295,3462095
110788581,8637,16292,3462096
110788613,8743,16255,3462097
110788645,8690,16256,3462098
110788677,8488,16322,3462099
110788709,8744,16332,3462100
110788741,8672,16234,3462101
110788773,8620,16291,3462102
110788805,8699,16277,3462103
110788837,8683,16210,3462104
110788869,8802,16218,3462105
110788901,8577,16290,3462106
110788933,8676,16315,3462107
110788965,8652,16283,3462108
110788997,8624,16383,3462109
110789029,8833,16249,3462110
110789061,8740,16198,3462111
110789093,8737,16298,3462112
110789125,8662,16311,3462113
110789157,8742,16256,3462114
110789189,8598,16231,3462115
110789221,8835,16279,3462116
110789253,8934,16256,3462117
110789285,8667,16277,3462118
110789317,8594,16264,3462119
110789349,8875,16283,3462120
110789381,8649,16235,3462121
110789413,8556,16262,3462122
110789445,9050,16345,3462123
110789477,8882,16327,3462124
110789509,8753,16296,3462125
110789541,8796,16251,3462126
110789573,8743,16311,3462127
110789605,8884,16308,3462128
110789637,8699,16325,3462129
110789669,8865,16267,3462130
110789701,8964,16286,3462131
110789733,8749,16300,3462132
110789765,8585,16213,3462133
110789797,8726,16317,3462134
110789829,8835,16308,3462135
110789861,8836,16290,3462136
110789893,8711,16219,3462137
110789925,8959,16257,3462138
110789957,8835,16250,3462139
110789989,8786,16261,3462140
110790021,8826,16243,3462141
110790053,8783,16245,3462142
110790085,9065,16297,3462143
110790117,8820,16285,3462144
110790149,8660,16302,3462145
110790181,8855,16302,3462146
110790213,9157,16264,3462147
110790245,8602,16205,3462148
110790277,8647,16266,3462149
110790309,8915,16234,3462150
110790341,8955,16360,3462151
110790373,8599,16377,3462152
110790405,8926,16286,3462153
110790437,8954,16310,3462154
110790469,8737,16288,3462155
110790501,8466,16355,3462156
110790533,8871,16220,3462157
110790565,9068,16260,3462158
110790597,8733,16265,3462159
110790629,8845,16354,3462160
110790661,8900,16274,3462161
110790693,8696,16306,3462162
110790725,8581,16308,3462163
110790757,8956,16284,3462164
110790789,9025,16225,3462165
110790821,8785,16304,3462166
110790853,8845,16316,3462167
110790885,8988,16273,3462168
110790917,8960,16256,3462169
110790949,8695,16363,3462170
110790981,8908,16318,3462171
110791013,8840,16349,3462172
110791045,8974,16269,3462173
110791077,8786,16377,3462174
110791109,9002,16251,3462175
110791141,8864,16273,3462176
110791173,8861,16296,3462177
110791205,8852,16260,3462178
110791237,8956,16249,3462179
110791269,9016,16281,3462180
110791301,9094,16350,3462181
110791333,8799,16292,3462182
110791365,8778,16193,3462183
110791397,9077,16280,3462184
110791429,8953,16299,3462185
110791461,8741,16320,3462186
110791493,9076,16233,3462187
110791525,9175,16301,3462188
110791557,8815,16255,3462189
110791589,8809,16281,3462190
110791621,8974,16335,3462191
110791653,8909,16231,3462192
110791685,8873,16328,3462193
110791717,8997,16288,3462194
110791749,9081,16210,3462195
110791781,9002,16224,3462196
110791813,8841,16307,3462197
110791845,8992,16226,3462198
110791877,9158,16306,3462199
110791909,8914,16231,3462200
110791941,8910,16239,3462201
110791973,9110,16304,3462202
110792005,8989,16247,3462203
110792037,8833,16264,3462204
110792069,8936,16299,3462205
110792101,9039,16216,3462206
110792133,8955,16304,3462207
110792165,9089,16215,3462208
110792197,8891,16304,3462209
110792229,8966,16237,3462210
110792261,9102,16264,3462211
110792293,8895,16211,3462212
110792325,8894,16255,3462213
110792357,9281,16292,3462214
110792389,9152,16342,3462215
110792421,8856,16291,3462216
110792453,8978,16242,3462217
110792485,9140,16304,3462218
110792517,8898,16319,3462219
110792549,8769,16343,3462220
110792581,9190,16239,3462221
110792613,9285,16269,3462222
110792645,8950,16303,3462223
110792677,8822,16318,3462224
110792709,9100,16304,3462225
110792741,8842,16286,3462226
110792773,8744,16266,3462227
110792805,9050,16235,3462228
110792837,9299,16346,3462229
110792869,8822,16248,3462230
110792901,8850,16270,3462231
110792933,8981,16265,3462232
110792965,9043,16244,3462233
110792997,8969,16318,3462234
110793029,8920,16212,3462235
110793061,9170,16294,3462236
110793093,9151,16274,3462237
110793125,9014,16301,3462238
110793157,9108,16191,3462239
110793189,9052,16335,3462240
110793221,9008,16263,3462241
110793253,9134,16337,3462242
110793285,9165,16293,3462243
110793317,9139,16190,3462244
110793349,9108,16235,3462245
110793381,8908,16279,3462246
110793413,8943,16257,3462247
110793445,9095,16285,3462248
110793477,9244,16248,3462249
110793509,8987,16303,3462250
110793541,9136,16316,3462251
110793573,9135,16290,3462252
110793605,8839,16288,3462253
110793637,8873,16303,3462254
110793669,9194,16246,3462255
110793701,9278,16254,3462256
110793733,8955,16308,3462257
110793765,9116,16319,3462258
110793797,9195,16323,3462259
110793829,8986,16327,3462260
110793861,8760,16356,3462261
110793893,9186,16287,3462262
110793925,9355,16314,3462263
110793957,8937,16341,3462264
110793989,9139,16276,3462265
110794021,9186,16338,3462266
110794053,8967,16263,3462267
110794085,8781,16282,3462268
110794117,9149,16316,3462269
110794149,9364,16260,3462270
110794181,9128,16287,3462271
110794213,9042,16355,3462272
110794245,8976,16267,3462273
110794277,8973,16312,3462274
110794309,9138,16307,3462275
110794341,8983,16347,3462276
110794373,9082,16237,3462277
110794405,9259,16269,3462278
110794437,9060,16367,3462279
110794469,9110,16328,3462280
110794501,9118,16310,3462281
110794533,9016,16338,3462282
110794565,8947,16170,3462283
110794597,9202,16239,3462284
110794629,9138,16205,3462285
110794661,9209,16159,3462286
110794693,9067,16327,3462287
110794725,9092,16258,3462288
110794757,9065,16195,3462289
110794789,9149,16192,3462290
110794821,9104,16207,3462291
110794853,9419,16293,3462292
110794885,9208,16252,3462293
110794917,9172,16234,3462294
110794949,9196,16147,3462295
110794981,9086,16138,3462296
110795013,9316,16204,3462297
110795045,9216,16235,3462298
110795077,9361,16236,3462299
110795109,9213,16233,3462300
110795141,9242,16177,3462301
110795173,9023,16150,3462302
110795205,9056,16210,3462303
110795237,9264,16209,3462304
110795269,9063,16182,3462305
110795301,9222,16168,3462306
110795333,9248,16195,3462307
110795365,9133,16204,3462308
110795397,9219,16206,3462309
110795429,9170,16183,3462310
110795461,9008,16102,3462311
110795493,9214,16144,3462312
110795525,9354,16158,3462313
110795557,9175,16180,3462314
110795589,9254,16105,3462315
110795621,9147,16092,3462316
110795653,9088,16088,3462317
110795685,9220,16062,3462318
110795717,9198,16076,3462319
110795749,9486,16111,3462320
110795781,9136,16153,3462321
110795813,9040,16149,3462322
110795845,9434,16075,3462323
110795877,9125,16133,3462324
110795909,8944,16083,3462325
110795941,9266,16081,3462326
110795973,9560,16144,3462327
110796005,9002,16088,3462328
110796037,9141,16124,3462329
110796069,9160,16007,3462330
110796101,9242,15994,3462331
110796133,9048,16061,3462332
110796165,9341,16017,3462333
110796197,9448,16070,3462334
110796229,9259,16001,3462335
110796261,9068,16076,3462336
110796293,9165,16030,3462337
110796325,9364,16071,3462338
110796357,9284,16049,3462339
110796389,9286,16051,3462340
110796421,9362,16075,3462341
110796453,9318,16021,3462342
110796485,9073,16035,3462343
110796517,9274,15983,3462344
110796549,9153,15985,3462345
110796581,9217,15957,3462346
110796613,9407,15932,3462347
110796645,9282,15969,3462348
110796677,9283,16033,3462349
110796709,9459,15932,3462350
110796741,9067,15969,3462351
110796773,9087,15957,3462352
110796805,9334,15944,3462353
110796837,9445,15897,3462354
110796869,9136,15964,3462355
110796901,9285,15962,3462356
110796933,9342,15816,3462357
110796965,9132,15841,3462358
110796997,9141,15906,3462359
110797029,9351,15962,3462360
110797061,9534,15845,3462361
110797093,9345,15933,3462362
110797125,9132,15906,3462363
110797157,9494,15872,3462364
110797189,9329,15874,3462365
110797221,9119,15907,3462366
110797253,9476,15805,3462367
110797285,9640,15794,3462368
110797317,9289,15769,3462369
110797349,9276,15870,3462370
110797381,9323,15790,3462371
110797413,9490,15795,3462372
110797445,9169,15840,3462373
110797477,9304,15857,3462374
110797509,9414,15778,3462375
110797541,9586,15796,3462376
110797573,9303,15841,3462377
110797605,9163,15786,3462378
110797637,9398,15713,3462379
110797669,9322,15741,3462380
110797701,9204,15759,3462381
110797733,9463,15705,3462382
110797765,9425,15739,3462383
110797797,9367,15772,3462384
110797829,9127,15680,3462385
110797861,9216,15756,3462386
110797893,9561,15753,3462387
110797925,9431,15790,3462388
110797957,9242,15773,3462389
110797989,9577,15730,3462390
110798021,9579,15725,3462391
110798053,9203,15707,3462392
110798085,9076,15672,3462393
110798117,9409,15719,3462394
110798149,9452,15643,3462395
110798181,9358,15684,3462396
110798213,9359,15701,3462397
110798245,9626,15668,3462398
110798277,9421,15653,3462399
110798309,9031,15603,3462400
110798341,9396,15651,3462401
110798373,9560,15727,3462402
110798405,9324,15563,3462403
110798437,9329,15587,3462404
110798469,9565,15565,3462405
110798501,9316,15608,3462406
110798533,9323,15576,3462407
110798565,9345,15581,3462408
110798597,9373,15609,3462409
110798629,9522,15573,3462410
110798661,9400,15585,3462411
110798693,9416,15566,3462412
110798725,9422,15577,3462413
110798757,9385,15610,3462414
110798789,9434,15608,3462415
110798821,9390,15533,3462416
110798853,9524,15442,3462417
110798885,9475,15474,3462418
110798917,9287,15502,3462419
110798949,9304,15455,3462420
110798981,9382,15523,3462421
110799013,9306,15486,3462422
110799045,9322,15546,3462423
110799077,9508,15451,3462424
110799109,9673,15480,3462425
110799141,9270,15438,3462426
110799173,9187,15468,3462427
110799205,9529,15423,3462428
110799237,9417,15356,3462429
110799269,9246,15394,3462430
110799301,9486,15329,3462431
110799333,9791,15397,3462432
110799365,9309,15406,3462433
110799397,9220,15367,3462434
110799429,9369,15435,3462435
110799461,9457,15392,3462436
110799493,9448,15331,3462437
110799525,9289,15415,3462438
110799557,9578,15337,3462439
110799589,9416,15384,3462440
110799621,9282,15248,3462441
110799653,9352,15290,3462442
110799685,9478,15327,3462443
110799717,9424,15248,3462444
110799749,9318,15227,3462445
110799781,9465,15315,3462446
110799813,9566,15287,3462447
110799845,9359,15299,3462448
110799877,9237,15368,3462449
110799909,9414,15234,3462450
110799941,9637,15235,3462451
110799973,9510,15155,3462452
110800005,9352,15203,3462453
110800037,9589,15121,3462454
110800069,9621,15156,3462455
110800101,9336,15165,3462456
110800133,9291,15214,3462457
110800165,9586,15210,3462458
110800197,9696,15120,3462459
110800229,9391,15210,3462460
110800261,9542,15175,3462461
110800293,9757,15190,3462462
110800325,9433,15182,3462463
110800357,9238,15113,3462464
110800389,9570,15066,3462465
110800421,9808,15099,3462466
110800453,9420,15044,3462467
110800485,9392,15031,3462468
110800517,9548,15093,3462469
110800549,9488,14995,3462470
110800581,9394,15041,3462471
110800613,9551,15118,3462472
110800645,9653,15114,3462473
110800677,9562,15062,3462474
110800709,9542,15071,3462475
110800741,9376,15003,3462476
110800773,9517,14930,3462477
110800805,9571,14935,3462478
110800837,9426,14929,3462479
110800869,9569,14982,3462480
110800901,9585,15002,3462481
110800933,9517,14952,3462482
110800965,9476,14953,3462483
110800997,9548,14922,3462484
110801029,9561,14960,3462485
110801061,9506,14944,3462486
110801093,9549,14839,3462487
110801125,9608,14962,3462488
110801157,9618,14846,3462489
110801189,9319,14815,3462490
110801221,9369,14799,3462491
110801253,9615,14812,3462492
110801285,9536,14806,3462493
110801317,9442,14803,3462494
110801349,9644,14833,3462495
110801381,9718,14805,3462496
110801413,9512,14786,3462497
110801445,9383,14843,3462498
110801477,9582,14833,3462499
110801509,9735,14848,3462500
110801541,9434,14674,3462501
110801573,9497,14743,3462502
110801605,9691,14692,3462503
110801637,9671,14755,3462504
110801669,9401,14732,3462505
110801701,9520,14742,3462506
110801733,9662,14696,3462507
110801765,9525,14701,3462508
110801797,9580,14718,3462509
110801829,9551,14634,3462510
110801861,9636,14738,3462511
110801893,9455,14714,3462512
110801925,9485,14668,3462513
110801957,9425,14582,3462514
110801989,9715,14605,3462515
110802021,9724,14645,3462516
110802053,9545,14609,3462517
110802085,9555,14690,3462518
110802117,9604,14545,3462519
110802149,9505,14630,3462520
110802181,9536,14590,3462521
110802213,9660,14601,3462522
110802245,9684,14561,3462523
110802277,9591,14645,3462524
110802309,9578,14423,3462525
110802341,9533,14470,3462526
110802373,9559,14514,3462527
110802405,9520,14461,3462528
110802437,9709,14460,3462529
110802469,9940,14464,3462530
110802501,9566,14472,3462531
110802533,9375,14483,3462532
110802565,9608,14410,3462533
110802597,9559,14519,3462534
110802629,9571,14540,3462535
110802661,9735,14522,3462536
110802693,9723,14510,3462537
110802725,9611,14286,3462538
110802757,9459,14335,3462539
110802789,9574,14302,3462540
110802821,9425,14303,3462541
110802853,9510,14341,3462542
110802885,9577,14341,3462543
110802917,9669,14294,3462544
110802949,9552,14260,3462545
110802981,9451,14349,3462546
110803013,9770,14294,3462547
110803045,9486,14344,3462548
110803077,9500,14276,3462549
110803109,9778,14189,3462550
110803141,9479,14200,3462551
110803173,9524,14214,3462552
110803205,9785,14161,3462553
110803237,9602,14215,3462554
110803269,9324,14169,3462555
110803301,9638,14234,3462556
110803333,9792,14163,3462557
110803365,9520,14216,3462558
110803397,9616,14200,3462559
110803429,9648,14206,3462560
110803461,9542,14155,3462561
110803493,9487,14060,3462562
110803525,9638,14016,3462563
110803557,9773,13992,3462564
110803589,9601,14091,3462565
110803621,9607,14027,3462566
110803653,9693,14034,3462567
110803685,9657,14031,3462568
110803717,9508,14026,3462569
110803749,9832,13978,3462570
110803781,9913,14070,3462571
110803813,9765,14014,3462572
110803845,9680,14004,3462573
110803877,9625,13899,3462574
110803909,9554,13879,3462575
110803941,9622,13961,3462576
110803973,9705,13847,3462577
110804005,9622,13938,3462578
110804037,9836,13949,3462579
110804069,9624,13939,3462580
110804101,9536,13951,3462581
110804133,9610,13916,3462582
110804165,9704,13884,3462583
110804197,9701,13921,3462584
110804229,9697,13896,3462585
110804261,9674,13675,3462586
110804293,9775,13704,3462587
110804325,9663,13708,3462588
110804357,9432,13786,3462589
110804389,9794,13785,3462590
110804421,9760,13736,3462591
110804453,9683,13757,3462592
110804485,9679,13701,3462593
110804517,9845,13792,3462594
110804549,9558,13736,3462595
110804581,9550,13702,3462596
110804613,9792,13750,3462597
110804645,9625,13804,3462598
110804677,9665,13582,3462599
110804709,9840,13574,3462600
110804741,9684,13653,3462601
110804773,9725,13620,3462602
110804805,9574,13577,3462603
110804837,9585,13513,3462604
110804869,9977,13627,3462605
110804901,9890,13621,3462606
110804933,9801,13567,3462607
110804965,9884,13533,3462608
110804997,9672,13579,3462609
110805029,9489,13607,3462610
110805061,9782,13393,3462611
110805093,9908,13496,3462612
110805125,9724,13428,3462613
110805157,9754,13436,3462614
110805189,9713,13425,3462615
110805221,9753,13447,3462616
110805253,9681,13425,3462617
110805285,9661,13462,3462618
110805317,9779,13491,3462619
110805349,9889,13378,3462620
110805381,9868,13419,3462621
110805413,9660,13430,3462622
110805445,9673,13264,3462623
110805477,9802,13258,3462624
110805509,9761,13254,3462625
110805541,9717,13304,3462626
110805573,9820,13255,3462627
110805605,9959,13259,3462628
110805637,9680,13292,3462629
110805669,9585,13230,3462630
110805701,9946,13304,3462631
110805733,9667,13238,3462632
110805765,9590,13260,3462633
110805797,9840,13260,3462634
110805829,10135,13096,3462635
110805861,9638,13132,3462636
110805893,9441,13153,3462637
110805925,9929,13168,3462638
110805957,9770,13038,3462639
110805989,9753,13046,3462640
110806021,9690,13130,3462641
110806053,9927,13154,3462642
110806085,9809,13073,3462643
110806117,9405,13135,3462644
110806149,9733,13110,3462645
110806181,9937,13076,3462646
110806213,9768,12931,3462647
110806245,9661,12941,3462648
110806277,9773,12906,3462649
110806309,9765,12940,3462650
110806341,9628,12941,3462651
110806373,9629,12991,3462652
110806405,9653,12963,3462653
110806437,9763,12979,3462654
110806469,9880,12877,3462655
110806501,9673,12915,3462656
110806533,9617,13006,3462657
110806565,9884,12907,3462658
110806597,9691,12913,3462659
110806629,9451,12734,3462660
110806661,9776,12776,3462661
110806693,10028,12848,3462662
110806725,9707,12826,3462663
110806757,9791,12755,3462664
110806789,9785,12761,3462665
110806821,9756,12857,3462666
110806853,9534,12700,3462667
110806885,9824,12836,3462668
110806917,10051,12776,3462669
110806949,9813,12757,3462670
110806981,9541,12836,3462671
110807013,9839,12659,3462672
110807045,9944,12629,3462673
110807077,9803,12580,3462674
110807109,9859,12676,3462675
110807141,9968,12609,3462676
110807173,9827,12610,3462677
110807205,9613,12692,3462678
110807237,9713,12679,3462679
110807269,9905,12648,3462680
110807301,9848,12609,3462681
110807333,9640,12611,3462682
110807365,9812,12572,3462683
110807397,10033,12464,3462684
110807429,9776,12436,3462685
110807461,9693,12445,3462686
110807493,9808,12434,3462687
110807525,9807,12385,3462688
110807557,9725,12442,3462689
110807589,9780,12482,3462690
110807621,9879,12433,3462691
110807653,9903,12458,3462692
110807685,9763,12450,3462693
110807717,9623,12458,3462694
110807749,9881,12402,3462695
110807781,9852,12252,3462696
110807813,9725,12213,3462697
110807845,9773,12295,3462698
110807877,9973,12213,3462699
110807909,9752,12265,3462700
110807941,9540,12321,3462701
110807973,9823,12253,3462702
110808005,9898,12245,3462703
110808037,9723,12263,3462704
110808069,9792,12278,3462705
110808101,9892,12238,3462706
110808133,9763,12230,3462707
110808165,9563,12326,3462708
110808197,9721,12081,3462709
110808229,10030,12138,3462710
110808261,9799,12058,3462711
110808293,9619,12070,3462712
110808325,9708,12090,3462713
110808357,9920,12130,3462714
110808389,9839,12070,3462715
110808421,9579,12069,3462716
110808453,9851,12081,3462717
110808485,9971,12065,3462718
110808517,9753,12069,3462719
110808549,9528,12095,3462720
110808581,9691,11899,3462721
110808613,9727,11934,3462722
110808645,9681,11924,3462723
110808677,9638,11881,3462724
110808709,9880,11986,3462725
110808741,9956,11904,3462726
110808773,9629,11928,3462727
110808805,9685,11910,3462728
110808837,9986,11901,3462729
110808869,9973,11884,3462730
110808901,9547,11892,3462731
110808933,9802,11911,3462732
110808965,10112,11801,3462733
110808997,9802,11713,3462734
110809029,9505,11710,3462735
110809061,9844,11691,3462736
110809093,10035,11721,3462737
110809125,9844,11694,3462738
110809157,9881,11765,3462739
110809189,10001,11707,3462740
110809221,9728,11750,3462741
110809253,9699,11802,3462742
110809285,9857,11735,3462743
110809317,9764,11754,3462744
110809349,9915,11513,3462745
110809381,9808,11532,3462746
110809413,9912,11577,3462747
110809445,9800,11569,3462748
110809477,9681,11547,3462749
110809509,9685,11489,3462750
110809541,9842,11602,3462751
110809573,9731,11521,3462752
110809605,9960,11551,3462753
110809637,9828,11593,3462754
110809669,9866,11535,3462755
110809701,9769,11563,3462756
110809733,9819,11368,3462757
110809765,9614,11349,3462758
110809797,9917,11360,3462759
110809829,9920,11392,3462760
110809861,9653,11373,3462761
110809893,9872,11345,3462762
110809925,9884,11346,3462763
110809957,9692,11365,3462764
110809989,9764,11370,3462765
110810021,9819,11388,3462766
110810053,10078,11358,3462767
110810085,9788,11359,3462768
110810117,9726,11356,3462769
110810149,9850,11203,3462770
110810181,9869,11179,3462771
110810213,9560,11178,3462772
110810245,9819,11195,3462773
110810277,10073,11142,3462774
110810309,9905,11203,3462775
110810341,9646,11154,3462776
110810373,9761,11203,3462777
110810405,9821,11177,3462778
110810437,9770,11197,3462779
110810469,9831,11192,3462780
110810501,9911,11182,3462781
110810533,9750,10951,3462782
110810565,9780,11007,3462783
110810597,9684,11008,3462784
110810629,9770,10996,3462785
110810661,9994,10956,3462786
110810693,9811,10975,3462787
110810725,9914,11005,3462788
110810757,9957,11018,3462789
110810789,9861,10994,3462790
110810821,9762,10970,3462791
110810853,9639,11034,3462792
110810885,9819,11021,3462793
110810917,9885,10839,3462794
110810949,9823,10831,3462795
110810981,9870,10826,3462796
110811013,9970,10752,3462797
110811045,9704,10810,3462798
110811077,9618,10800,3462799
110811109,9802,10834,3462800
110811141,9751,10781,3462801
110811173,9796,10816,3462802
110811205,9813,10830,3462803
110811237,9882,10801,3462804
110811269,9839,10780,3462805
110811301,9727,10648,3462806
110811333,9764,10616,3462807
110811365,9848,10667,3462808
110811397,9931,10612,3462809
110811429,9752,10624,3462810
110811461,9825,10623,3462811
110811493,9718,10626,3462812
110811525,9528,10571,3462813
110811557,9880,10567,3462814
110811589,9852,10632,3462815
110811621,9918,10583,3462816
110811653,9870,10541,3462817
110811685,9933,10381,3462818
110811717,9839,10353,3462819
110811749,9899,10373,3462820
110811781,9851,10392,3462821
110811813,9876,10430,3462822
110811845,9951,10417,3462823
110811877,9990,10417,3462824
110811909,9848,10439,3462825
110811941,9873,10408,3462826
110811973,9731,10452,3462827
110812005,9880,10370,3462828
110812037,9730,10468,3462829
110812069,9909,10441,3462830
110812101,9982,10181,3462831
110812133,9732,10247,3462832
110812165,9697,10276,3462833
110812197,9865,10227,3462834
110812229,9896,10202,3462835
110812261,9803,10235,3462836
110812293,9826,10244,3462837
110812325,10166,10209,3462838
110812357,9843,10179,3462839
110812389,9595,10264,3462840
110812421,9775,10209,3462841
110812453,9877,10188,3462842
110812485,9798,10015,3462843
110812517,9791,10052,3462844
110812549,9896,10072,3462845
110812581,9800,10040,3462846
110812613,9750,9982,3462847
110812645,9623,10034,3462848
110812677,9964,10015,3462849
110812709,9890,10113,3462850
110812741,9912,10025,3462851
110812773,9885,10009,3462852
110812805,9774,10014,3462853
110812837,9690,10011,3462854
110812869,9822,9762,3462855
110812901,9721,9810,3462856
110812933,9829,9839,3462857
110812965,10012,9851,3462858
110812997,9692,9827,3462859
110813029,9702,9869,3462860
110813061,9995,9833,3462861
110813093,9777,9838,3462862
110813125,9630,9836,3462863
110813157,9958,9833,3462864
110813189,10100,9874,3462865
110813221,9728,9831,3462866
110813253,9821,9579,3462867
110813285,9722,9615,3462868
110813317,9839,9626,3462869
110813349,9393,9610,3462870
110813381,9862,9608,3462871
110813413,10067,9620,3462872
110813445,9721,9643,3462873
110813477,9655,9635,3462874
110813509,9909,9605,3462875
110813541,9830,9606,3462876
110813573,9603,9560,3462877
110813605,9719,9608,3462878
110813637,10158,9415,3462879
110813669,9900,9430,3462880
110813701,9719,9461,3462881
110813733,9721,9411,3462882
110813765,9807,9390,3462883
110813797,9876,9430,3462884
110813829,9821,9459,3462885
110813861,9797,9451,3462886
110813893,9899,9375,3462887
110813925,9865,9441,3462888
110813957,9804,9464,3462889
110813989,9785,9443,3462890
110814021,9876,9449,3462891
110814053,9765,9186,3462892
110814085,9768,9205,3462893
110814117,9842,9192,3462894
110814149,9993,9192,3462895
110814181,9834,9262,3462896
110814213,9688,9257,3462897
110814245,9966,9210,3462898
110814277,9835,9251,3462899
110814309,9702,9210,3462900
110814341,9834,9247,3462901
110814373,10029,9204,3462902
110814405,9875,9197,3462903
110814437,9529,9014,3462904
110814469,9812,9014,3462905
110814501,9968,8974,3462906
110814533,9914,9007,3462907
110814565,9728,9037,3462908
110814597,9716,9040,3462909
110814629,9883,8980,3462910
110814661,9762,8993,3462911
110814693,9781,9040,3462912
110814725,9993,9054,3462913
110814757,9764,9044,3462914
110814789,9679,9028,3462915
110814821,9776,8841,3462916
110814853,9829,8807,3462917
110814885,9754,8777,3462918
110814917,9841,8834,3462919
110814949,9788,8855,3462920
110814981,10038,8851,3462921
110815013,9977,8886,3462922
110815045,9670,8882,3462923
110815077,9636,8823,3462924
110815109,9889,8781,3462925
110815141,9673,8778,3462926
110815173,9606,8856,3462927
110815205,9922,8613,3462928
110815237,9810,8556,3462929
110815269,9664,8628,3462930
110815301,9661,8649,3462931
110815333,9752,8645,3462932
110815365,9872,8633,3462933
110815397,9850,8649,3462934
110815429,9807,8608,3462935
110815461,10054,8613,3462936
110815493,9804,8674,3462937
110815525,9505,8621,3462938
110815557,9882,8572,3462939
110815589,9914,8417,3462940
110815621,9708,8397,3462941
110815653,9729,8403,3462942
110815685,10103,8369,3462943
110815717,9802,8387,3462944
110815749,9490,8439,3462945
110815781,9839,8406,3462946
110815813,9991,8394,3462947
110815845,9820,8394,3462948
110815877,9785,8389,3462949
110815909,9866,8403,3462950
110815941,9798,8410,3462951
110815973,9703,8406,3462952
110816005,9678,8200,3462953
110816037,9918,8255,3462954
110816069,9886,8205,3462955
110816101,9890,8223,3462956
110816133,9930,8195,3462957
110816165,9672,8223,3462958
110816197,9960,8230,3462959
110816229,9719,8186,3462960
110816261,9687,8242,3462961
110816293,9836,8203,3462962
110816325,10040,8253,3462963
110816357,9647,8192,3462964
110816389,9725,8044,3462965
110816421,9808,7965,3462966
110816453,9661,8013,3462967
110816485,9574,7966,3462968
110816517,9728,7985,3462969
110816549,10060,8026,3462970
110816581,9771,8056,3462971
110816613,9606,8030,3462972
110816645,9690,8011,3462973
110816677,9811,8032,3462974
110816709,9643,7984,3462975
110816741,9778,8001,3462976
110816773,10074,7795,3462977
110816805,9763,7786,3462978
110816837,9472,7833,3462979
110816869,9720,7818,3462980
110816901,9866,7718,3462981
110816933,9667,7797,3462982
110816965,9803,7821,3462983
110816997,9768,7799,3462984
110817029,9879,7838,3462985
110817061,9616,7810,3462986
110817093,9645,7844,3462987
110817125,9725,7785,3462988
110817157,9826,7630,3462989
110817189,9766,7610,3462990
110817221,9769,7623,3462991
110817253,9778,7606,3462992
110817285,9787,7633,3462993
110817317,9609,7617,3462994
110817349,9597,7638,3462995
110817381,9821,7612,3462996
110817413,9787,7556,3462997
110817445,9649,7595,3462998
110817477,9670,7578,3462999
110817509,9914,7636,3463000
110817541,9692,7435,3463001
110817573,9630,7359,3463002
110817605,9844,7432,3463003
110817637,9931,7437,3463004
110817669,9830,7362,3463005
110817701,9797,7351,3463006
110817733,9842,7414,3463007
110817765,9902,7446,3463008
110817797,9524,7426,3463009
110817829,9706,7424,3463010
110817861,9992,7430,3463011
110817893,9856,7449,3463012
110817925,9669,7462,3463013
110817957,9773,7152,3463014
110817989,9838,7168,3463015
110818021,9602,7251,3463016
110818053,9751,7237,3463017
110818085,10029,7224,3463018
110818117,9817,7203,3463019
110818149,9854,7218,3463020
110818181,9692,7235,3463021
110818213,9808,7196,3463022
110818245,9668,7194,3463023
110818277,9674,7198,3463024
110818309,9783,7231,3463025
110818341,9881,7003,3463026
110818373,9861,7027,3463027
110818405,9695,7013,3463028
110818437,9658,7048,3463029
110818469,9795,7008,3463030
110818501,9791,7050,3463031
110818533,9616,7046,3463032
110818565,9682,6956,3463033
110818597,9918,7082,3463034
110818629,9770,6969,3463035
110818661,9587,6986,3463036
110818693,9699,7045,3463037
110818725,9878,6834,3463038
110818757,9602,6823,3463039
110818789,9595,6791,3463040
110818821,9895,6817,3463041
110818853,9640,6831,3463042
110818885,9602,6792,3463043
110818917,9801,6780,3463044
110818949,9768,6794,3463045
110818981,9716,6753,3463046
110819013,9818,6797,3463047
110819045,9891,6794,3463048
110819077,9635,6814,3463049
110819109,9546,6624,3463050
110819141,9791,6610,3463051
110819173,9782,6573,3463052
110819205,9707,6611,3463053
110819237,9601,6622,3463054
110819269,9706,6631,3463055
110819301,9606,6632,3463056
110819333,9546,6613,3463057
110819365,9665,6588,3463058
110819397,9656,6622,3463059
110819429,9528,6611,3463060
110819461,9899,6565,3463061
110819493,9724,6636,3463062
110819525,9622,6427,3463063
110819557,9627,6420,3463064
110819589,9662,6411,3463065
110819621,9555,6456,3463066
110819653,9792,6412,3463067
110819685,9841,6415,3463068
110819717,9834,6394,3463069
110819749,9592,6449,3463070
110819781,9691,6385,3463071
110819813,9589,6451,3463072
110819845,9511,6384,3463073
110819877,9680,6401,3463074
110819909,9939,6261,3463075
110819941,9785,6220,3463076
110819973,9566,6230,3463077
110820005,9615,6277,3463078
110820037,9756,6182,3463079
110820069,9501,6218,3463080
110820101,9693,6194,3463081
110820133,9786,6240,3463082
110820165,9586,6242,3463083
110820197,9459,6229,3463084
110820229,9484,6152,3463085
110820261,9554,6262,3463086
110820293,9668,6051,3463087
110820325,9710,6023,3463088
110820357,9706,6036,3463089
110820389,9809,5967,3463090
110820421,9677,6007,3463091
110820453,9577,6017,3463092
110820485,9750,5999,3463093
110820517,9571,6044,3463094
110820549,9685,6029,3463095
110820581,9724,6071,3463096
110820613,9715,6068,3463097
110820645,9856,6058,3463098
110820677,9599,5835,3463099
110820709,9424,5886,3463100
110820741,9576,5820,3463101
110820773,9905,5818,3463102
110820805,9463,5856,3463103
110820837,9511,5800,3463104
110820869,9935,5853,3463105
110820901,9521,5847,3463106
110820933,9400,5824,3463107
110820965,9731,5806,3463108
110820997,9869,5818,3463109
110821029,9670,5836,3463110
110821061,9477,5660,3463111
110821093,9719,5613,3463112
110821125,9792,5583,3463113
110821157,9414,5674,3463114
110821189,9635,5636,3463115
110821221,9786,5608,3463116
110821253,9770,5586,3463117
110821285,9452,5671,3463118
110821317,9578,5678,3463119
110821349,9632,5657,3463120
110821381,9439,5665,3463121
110821413,9515,5630,3463122
110821445,9655,5640,3463123
110821477,9714,5378,3463124
110821509,9698,5438,3463125
110821541,9459,5450,3463126
110821573,9566,5401,3463127
110821605,9581,5519,3463128
110821637,9545,5441,3463129
110821669,9612,5431,3463130
110821701,9622,5416,3463131
110821733,9779,5451,3463132
110821765,9599,5471,3463133
110821797,9449,5388,3463134
110821829,9584,5492,3463135
110821861,9551,5270,3463136
110821893,9664,5279,3463137
110821925,9629,5216,3463138
110821957,9851,5259,3463139
110821989,9487,5264,3463140
110822021,9304,5253,3463141
110822053,9451,5218,3463142
110822085,9596,5308,3463143
110822117,9508,5242,3463144
110822149,9620,5280,3463145
110822181,9721,5264,3463146
110822213,9719,5245,3463147
110822245,9573,5058,3463148
110822277,9528,5011,3463149
110822309,9568,5051,3463150
110822341,9704,5116,3463151
110822373,9527,5072,3463152
110822405,9571,5051,3463153
110822437,9673,5094,3463154
110822469,9372,5018,3463155
110822501,9450,5037,3463156
110822533,9547,5062,3463157
110822565,9609,5068,3463158
110822597,9579,5085,3463159
110822629,9499,4850,3463160
110822661,9513,4907,3463161
110822693,9508,4854,3463162
110822725,9669,4868,3463163
110822757,9450,4873,3463164
110822789,9608,4838,3463165
110822821,9844,4860,3463166
110822853,9449,4870,3463167
110822885,9388,4868,3463168
110822917,9569,4910,3463169
110822949,9570,4868,3463170
110822981,9342,4831,3463171
110823013,9575,4677,3463172
110823045,9839,4671,3463173
110823077,9535,4711,3463174
110823109,9338,4736,3463175
110823141,9607,4708,3463176
110823173,9533,4701,3463177
110823205,9399,4658,3463178
110823237,9422,4676,3463179
110823269,9862,4683,3463180
110823301,9786,4724,3463181
110823333,9387,4712,3463182
110823365,9523,4689,3463183
110823397,9625,4658,3463184
110823429,9567,4509,3463185
110823461,9452,4476,3463186
110823493,9629,4540,3463187
110823525,9510,4526,3463188
110823557,9434,4500,3463189
110823589,9524,4540,3463190
110823621,9481,4488,3463191
110823653,9631,4506,3463192
110823685,9490,4564,3463193
110823717,9483,4493,3463194
110823749,9567,4503,3463195
110823781,9396,4523,3463196
110823813,9414,4341,3463197
110823845,9368,4309,3463198
110823877,9436,4344,3463199
110823909,9513,4306,3463200
110823941,9554,4295,3463201
110823973,9357,4322,3463202
110824005,9564,4363,3463203
110824037,9439,4325,3463204
110824069,9148,4285,3463205
110824101,9544,4351,3463206
110824133,9754,4345,3463207
110824165,9530,4319,3463208
110824197,9436,4168,3463209
110824229,9557,4134,3463210
110824261,9397,4169,3463211
110824293,9274,4148,3463212
110824325,9482,4131,3463213
110824357,9558,4178,3463214
110824389,9486,4166,3463215
110824421,9367,4209,3463216
110824453,9474,4176,3463217
110824485,9687,4197,3463218
110824517,9361,4145,3463219
110824549,9422,4167,3463220
110824581,9605,4012,3463221
110824613,9606,3996,3463222
110824645,9310,3974,3463223
110824677,9484,3992,3463224
110824709,9355,3988,3463225
110824741,9368,4014,3463226
110824773,9455,3998,3463227
110824805,9425,3992,3463228
110824837,9488,3975,3463229
110824869,9474,4011,3463230
110824901,9371,3946,3463231
110824933,9473,4016,3463232
110824965,9432,3761,3463233
110824997,9442,3828,3463234
110825029,9347,3828,3463235
110825061,9379,3804,3463236
110825093,9581,3804,3463237
110825125,9510,3796,3463238
110825157,9180,3781,3463239
110825189,9514,3776,3463240
110825221,9515,3793,3463241
110825253,9433,3856,3463242
110825285,9322,3820,3463243
110825317,9672,3843,3463244
110825349,9500,3775,3463245
110825381,9126,3630,3463246
110825413,9289,3585,3463247
110825445,9566,3580,3463248
110825477,9362,3635,3463249
110825509,9404,3690,3463250
110825541,9516,3636,3463251
110825573,9421,3558,3463252
110825605,9223,3694,3463253
110825637,9219,3614,3463254
110825669,9531,3634,3463255
110825701,9485,3655,3463256
110825733,9306,3643,3463257
110825765,9428,3465,3463258
110825797,9471,3509,3463259
110825829,9147,3494,3463260
110825861,9466,3422,3463261
110825893,9339,3451,3463262
110825925,9242,3460,3463263
110825957,9535,3430,3463264
110825989,9372,3492,3463265
110826021,9287,3478,3463266
110826053,9317,3491,3463267
110826085,9316,3445,3463268
110826117,9106,3489,3463269
110826149,9420,3296,3463270
110826181,9671,3323,3463271
110826213,9313,3321,3463272
110826245,9133,3370,3463273
110826277,9247,3312,3463274
110826309,9322,3312,3463275
110826341,9192,3329,3463276
110826373,9285,3303,3463277
110826405,9591,3319,3463278
110826437,9407,3304,3463279
110826469,9198,3311,3463280
110826501,9274,3309,3463281
110826533,9517,3110,3463282
110826565,9179,3185,3463283
110826597,9263,3122,3463284
110826629,9476,3160,3463285
110826661,9370,3129,3463286
110826693,9041,3191,3463287
110826725,9196,3165,3463288
110826757,9404,3171,3463289
110826789,9337,3144,3463290
110826821,9373,3157,3463291
110826853,9302,3167,3463292
110826885,9447,3110,3463293
110826917,9322,3005,3463294
110826949,8996,2982,3463295
110826981,9266,2997,3463296
110827013,9403,2992,3463297
110827045,9239,2945,3463298
110827077,9368,2995,3463299
110827109,9147,2988,3463300
110827141,9350,3002,3463301
110827173,9272,2982,3463302
110827205,9038,2967,3463303
110827237,9220,2973,3463304
110827269,9461,2990,3463305
110827301,9256,2992,3463306
110827333,9196,2870,3463307
110827365,9482,2775,3463308
110827397,9362,2849,3463309
110827429,9117,2793,3463310
110827461,9123,2834,3463311
110827493,9438,2852,3463312
110827525,9381,2812,3463313
110827557,9163,2824,3463314
110827589,9121,2790,3463315
110827621,9297,2796,3463316
110827653,9114,2855,3463317
110827685,9151,2813,3463318
110827717,9435,2688,3463319
110827749,9403,2674,3463320
110827781,9042,2692,3463321
110827813,9159,2670,3463322
110827845,9326,2642,3463323
110827877,9177,2644,3463324
110827909,9249,2656,3463325
110827941,9344,2701,3463326
110827973,9362,2638,3463327
110828005,9346,2696,3463328
110828037,9123,2697,3463329
110828069,9256,2688,3463330
110828101,9302,2546,3463331
110828133,9274,2539,3463332
110828165,9133,2516,3463333
110828197,9245,2504,3463334
110828229,9190,2512,3463335
110828261,9160,2534,3463336
110828293,9130,2518,3463337
110828325,9266,2558,3463338
110828357,9201,2537,3463339
110828389,9172,2593,3463340
110828421,9059,2548,3463341
110828453,9395,2530,3463342
110828485,9157,2405,3463343
110828517,8934,2363,3463344
110828549,9204,2348,3463345
110828581,9345,2407,3463346
110828613,9174,2321,3463347
110828645,9149,2348,3463348
110828677,9213,2385,3463349
110828709,9025,2406,3463350
110828741,9055,2403,3463351
110828773,9137,2329,3463352
110828805,9098,2416,3463353
110828837,9262,2412,3463354
110828869,9322,2284,3463355
110828901,9216,2291,3463356
110828933,9302,2263,3463357
110828965,8928,2294,3463358
110828997,9092,2253,3463359
110829029,9127,2256,3463360
110829061,9142,2260,3463361
110829093,9178,2297,3463362
110829125,9178,2228,3463363
110829157,9090,2223,3463364
110829189,9046,2257,3463365
110829221,9101,2262,3463366
110829253,9078,2256,3463367
110829285,9154,2098,3463368
110829317,9170,2102,3463369
110829349,9073,2085,3463370
110829381,9060,2074,3463371
110829413,9239,2134,3463372
110829445,9059,2088,3463373
110829477,9022,2077,3463374
110829509,9134,2103,3463375
110829541,9220,2069,3463376
110829573,9077,2103,3463377
110829605,9067,2121,3463378
110829637,9119,2132,3463379
110829669,9096,1966,3463380
110829701,8996,2032,3463381
110829733,9041,1961,3463382
110829765,9206,1986,3463383
110829797,9164,1982,3463384
110829829,8837,1989,3463385
110829861,9090,1977,3463386
110829893,9215,1974,3463387
110829925,8987,1965,3463388
110829957,9039,2001,3463389
110829989,9251,1934,3463390
110830021,9189,1997,3463391
110830053,8986,1887,3463392
110830085,8959,1862,3463393
110830117,9061,1845,3463394
110830149,9249,1803,3463395
110830181,9073,1839,3463396
110830213,9165,1884,3463397
110830245,9034,1868,3463398
110830277,9055,1846,3463399
110830309,8913,1842,3463400
110830341,8968,1898,3463401
110830373,9144,1843,3463402
110830405,9133,1818,3463403
110830437,8982,1753,3463404
110830469,8948,1742,3463405
110830501,9151,1701,3463406
110830533,8997,1667,3463407
110830565,8854,1678,3463408
110830597,9036,1660,3463409
110830629,9262,1683,3463410
110830661,9033,1701,3463411
110830693,9012,1702,3463412
110830725,9083,1761,3463413
110830757,9094,1722,3463414
110830789,8856,1665,3463415
110830821,8983,1702,3463416
110830853,9090,1564,3463417
110830885,9027,1633,3463418
110830917,8893,1543,3463419
110830949,8882,1653,3463420
110830981,9133,1627,3463421
110831013,9076,1581,3463422
110831045,8993,1571,3463423
110831077,9147,1628,3463424
110831109,9098,1623,3463425
110831141,8987,1601,3463426
110831173,8815,1601,3463427
110831205,8947,1624,3463428
110831237,8900,1481,3463429
110831269,8912,1468,3463430
110831301,8950,1562,3463431
110831333,9107,1471,3463432
110831365,9043,1508,3463433
110831397,8846,1418,3463434
110831429,8908,1463,3463435
110831461,9095,1495,3463436
110831493,8983,1495,3463437
110831525,8919,1491,3463438
110831557,9124,1510,3463439
110831589,9098,1489,3463440
110831621,8922,1316,3463441
110831653,8738,1390,3463442
110831685,8958,1320,3463443
110831717,9075,1346,3463444
110831749,9013,1406,3463445
110831781,8842,1390,3463446
110831813,9237,1430,3463447
110831845,8914,1388,3463448
110831877,8626,1394,3463449
110831909,8752,1377,3463450
110831941,8952,1380,3463451
110831973,8930,1403,3463452
110832005,8856,1233,3463453
110832037,9011,1310,3463454
110832069,8934,1210,3463455
110832101,8889,1305,3463456
110832133,8654,1290,3463457
110832165,8971,1231,3463458
110832197,9051,1230,3463459
110832229,8828,1282,3463460
110832261,8845,1258,3463461
110832293,8896,1294,3463462
110832325,8804,1230,3463463
110832357,8844,1237,3463464
110832389,8906,1142,3463465
110832421,8982,1208,3463466
110832453,8919,1185,3463467
110832485,8846,1142,3463468
110832517,8819,1174,3463469
110832549,8862,1193,3463470
110832581,8880,1124,3463471
110832613,8689,1104,3463472
110832645,8757,1178,3463473
110832677,9140,1150,3463474
110832709,8844,1115,3463475
110832741,8734,1190,3463476
110832773,8972,1175,3463477
110832805,8899,1060,3463478
110832837,8750,1055,3463479
110832869,8850,1058,3463480
110832901,9118,1093,3463481
110832933,9002,1033,3463482
110832965,8597,1059,3463483
110832997,8867,1008,3463484
110833029,9056,1028,3463485
110833061,8783,1053,3463486
110833093,8777,1031,3463487
110833125,9000,1020,3463488
110833157,8882,1072,3463489
110833189,8776,960,3463490
110833221,8868,939,3463491
110833253,9003,975,3463492
110833285,8764,898,3463493
110833317,8820,1012,3463494
110833349,8909,1014,3463495
110833381,8795,907,3463496
110833413,8928,964,3463497
110833445,8672,935,3463498
110833477,8731,938,3463499
110833509,8875,948,3463500
110833541,8987,971,3463501
110833573,8766,853,3463502
110833605,8783,882,3463503
110833637,8766,792,3463504
110833669,8861,864,3463505
110833701,8675,876,3463506
110833733,8801,864,3463507
110833765,8918,867,3463508
110833797,8731,869,3463509
110833829,8692,912,3463510
110833861,8864,851,3463511
110833893,8900,854,3463512
110833925,8480,856,3463513
110833957,8668,728,3463514
110833989,9165,789,3463515
110834021,8830,769,3463516
110834053,8611,751,3463517
110834085,8830,790,3463518
110834117,8947,782,3463519
110834149,8585,778,3463520
110834181,8696,779,3463521
110834213,8897,771,3463522
110834245,8914,809,3463523
110834277,8582,782,3463524
110834309,8557,755,3463525
110834341,8726,666,3463526
110834373,8673,712,3463527
110834405,8779,625,3463528
110834437,8814,634,3463529
110834469,8802,685,3463530
110834501,8730,660,3463531
110834533,8623,710,3463532
110834565,8733,736,3463533
110834597,8749,674,3463534
110834629,8749,590,3463535
110834661,8671,693,3463536
110834693,8769,701,3463537
110834725,8866,707,3463538
110834757,8644,622,3463539
110834789,8565,591,3463540
110834821,8696,596,3463541
110834853,8780,606,3463542
110834885,8701,628,3463543
110834917,8737,596,3463544
110834949,8784,643,3463545
110834981,8606,618,3463546
110835013,8460,647,3463547
110835045,8625,598,3463548
110835077,8894,639,3463549
110835109,8757,589,3463550
110835141,8507,470,3463551
110835173,8832,565,3463552
110835205,8688,495,3463553
110835237,8534,550,3463554
110835269,8489,542,3463555
110835301,8700,563,3463556
110835333,8761,498,3463557
110835365,8704,512,3463558
110835397,8631,569,3463559
110835429,8629,566,3463560
110835461,8540,546,3463561
110835493,8556,492,3463562
110835525,8701,470,3463563
110835557,8830,474,3463564
110835589,8729,440,3463565
110835621,8634,427,3463566
110835653,8580,489,3463567
110835685,8734,412,3463568
110835717,8544,444,3463569
110835749,8501,444,3463570
110835781,8732,417,3463571
110835813,8736,464,3463572
110835845,8673,394,3463573
110835877,8430,486,3463574
110835909,8708,362,3463575
110835941,8634,378,3463576
110835973,8499,405,3463577
110836005,8698,398,3463578
110836037,8739,418,3463579
110836069,8760,428,3463580
110836101,8373,434,3463581
110836133,8504,407,3463582
110836165,8659,375,3463583
110836197,8596,393,3463584
110836229,8661,371,3463585
110836261,8819,440,3463586
110836293,8814,334,3463587
110836325,8452,373,3463588
110836357,8514,261,3463589
110836389,8674,308,3463590
110836421,8543,356,3463591
110836453,8488,404,3463592
110836485,8578,298,3463593
110836517,8580,314,3463594
110836549,8462,328,3463595
110836581,8384,293,3463596
110836613,8656,267,3463597
110836645,8698,334,3463598
110836677,8517,422,3463599
110836709,8493,378,3463600
110836741,8593,372,3463601
110836773,8502,353,3463602
110836805,8382,338,3463603
110836837,8501,355,3463604
110836869,8576,352,3463605
110836901,8539,379,3463606
110836933,8502,304,3463607
110836965,8438,367,3463608
110836997,8576,359,3463609
110837029,8502,341,3463610
110837061,8399,315,3463611
110837093,8266,343,3463612
110837125,8637,324,3463613
110837157,8501,388,3463614
110837189,8323,362,3463615
110837221,8441,389,3463616
110837253,8606,312,3463617
110837285,8423,311,3463618
110837317,8398,305,3463619
110837349,8606,354,3463620
110837381,8565,366,3463621
110837413,8369,403,3463622
110837445,8446,355,3463623
110837477,8634,389,3463624
110837509,8523,338,3463625
110837541,8370,369,3463626
110837573,8681,340,3463627
110837605,8630,321,3463628
110837637,8278,323,3463629
110837669,8486,343,3463630
110837701,8398,332,3463631
110837733,8555,286,3463632
110837765,8547,318,3463633
110837797,8524,388,3463634
110837829,8514,351,3463635
110837861,8590,368,3463636
110837893,8232,285,3463637
110837925,8297,337,3463638
110837957,8524,294,3463639
110837989,8527,343,3463640
110838021,8298,327,3463641
110838053,8422,350,3463642
110838085,8513,307,3463643
110838117,8459,387,3463644
110838149,8211,357,3463645
110838181,8458,340,3463646
110838213,8605,302,3463647
110838245,8526,315,3463648
110838277,8283,331,3463649
110838309,8586,360,3463650
110838341,8619,346,3463651
110838373,8264,299,3463652
110838405,8176,361,3463653
110838437,8617,363,3463654
110838469,8354,386,3463655
110838501,8303,317,3463656
110838533,8460,408,3463657
110838565,8336,337,3463658
110838597,8303,359,3463659
110838629,8218,314,3463660
110838661,8378,356,3463661
110838693,8577,321,3463662
110838725,8325,372,3463663
110838757,8212,339,3463664
110838789,8383,290,3463665
110838821,8373,429,3463666
110838853,8239,337,3463667
110838885,8389,335,3463668
110838917,8270,273,3463669
110838949,8390,320,3463670
110838981,8397,301,3463671
110839013,8153,349,3463672
110839045,8281,275,3463673
110839077,8331,379,3463674
110839109,8128,343,3463675
110839141,8285,425,3463676
110839173,8537,352,3463677
110839205,8382,265,3463678
110839237,8119,316,3463679
110839269,8333,299,3463680
110839301,8321,293,3463681
110839333,8262,308,3463682
110839365,8330,324,3463683
110839397,8433,303,3463684
110839429,8503,320,3463685
110839461,8245,374,3463686
110839493,8169,282,3463687
110839525,8467,306,3463688
110839557,8424,230,3463689
110839589,8217,292,3463690
110839621,8516,339,3463691
110839653,8277,339,3463692
110839685,8148,406,3463693
110839717,8294,334,3463694
110839749,8316,290,3463695
110839781,8465,276,3463696
110839813,8218,400,3463697
110839845,8263,382,3463698
110839877,8258,295,3463699
110839909,8243,292,3463700
110839941,8277,314,3463701
110839973,8324,291,3463702
110840005,8285,333,3463703
110840037,8228,373,3463704
110840069,8237,350,3463705
110840101,8245,350,3463706
110840133,8387,403,3463707
110840165,8376,322,3463708
110840197,8046,322,3463709
110840229,8226,367,3463710
110840261,8422,360,3463711
110840293,8311,307,3463712
110840325,8018,350,3463713
110840357,8349,354,3463714
110840389,8344,334,3463715
110840421,8079,344,3463716
110840453,8248,355,3463717
110840485,8589,390,3463718
110840517,8341,310,3463719
110840549,8160,352,3463720
110840581,8178,386,3463721
110840613,8291,291,3463722
110840645,8152,355,3463723
110840677,8124,348,3463724
110840709,8432,354,3463725
110840741,8444,294,3463726
110840773,8061,324,3463727
110840805,7967,315,3463728
110840837,8347,336,3463729
110840869,8117,361,3463730
110840901,8156,360,3463731
110840933,8322,350,3463732
110840965,8238,293,3463733
110840997,8217,361,3463734
110841029,7973,308,3463735
110841061,8211,267,3463736
110841093,8216,278,3463737
110841125,8173,349,3463738
110841157,8059,369,3463739
110841189,8214,335,3463740
110841221,8385,357,3463741
110841253,8192,393,3463742
110841285,7895,363,3463743
110841317,8210,379,3463744
110841349,8241,282,3463745
110841381,8205,310,3463746
110841413,7934,370,3463747
110841445,8165,377,3463748
110841477,8210,320,3463749
110841509,7823,332,3463750
110841541,8055,324,3463751
110841573,8351,390,3463752
110841605,8234,287,3463753
110841637,7985,287,3463754
110841669,8120,397,3463755
110841701,8141,276,3463756
110841733,7881,313,3463757
110841765,8084,295,3463758
110841797,8200,329,3463759
110841829,8260,387,3463760
110841861,8168,314,3463761
110841893,8215,401,3463762
110841925,8194,324,3463763
110841957,8094,311,3463764
110841989,7964,303,3463765
110842021,7988,340,3463766
110842053,8199,372,3463767
110842085,8153,311,3463768
110842117,8145,337,3463769
110842149,8116,333,3463770
110842181,8028,350,3463771
110842213,8071,371,3463772
110842245,8098,378,3463773
110842277,8202,360,3463774
110842309,8342,331,3463775
110842341,8086,359,3463776
110842373,7913,344,3463777
110842405,8117,318,3463778
110842437,8139,357,3463779
110842469,7948,314,3463780
110842501,8006,373,3463781
110842533,8298,328,3463782
110842565,8191,298,3463783
110842597,7991,352,3463784
110842629,8074,299,3463785
110842661,8192,311,3463786
110842693,8043,340,3463787
110842725,8009,348,3463788
110842757,8259,400,3463789
110842789,8173,351,3463790
110842821,7832,358,3463791
110842853,7881,315,3463792
110842885,8173,286,3463793
110842917,8137,315,3463794
110842949,8122,309,3463795
110842981,8153,330,3463796
110843013,8033,311,3463797
110843045,7955,336,3463798
110843077,7844,348,3463799
110843109,8079,287,3463800
110843141,8240,344,3463801
110843173,8177,362,3463802
110843205,8029,339,3463803
110843237,7999,294,3463804
110843269,8108,341,3463805
110843301,7900,264,3463806
110843333,7987,360,3463807
110843365,8094,392,3463808
110843397,8020,289,3463809
110843429,8020,282,3463810
110843461,7872,380,3463811
110843493,7972,333,3463812
110843525,8070,356,3463813
110843557,7724,330,3463814
110843589,7879,292,3463815
110843621,8171,327,3463816
110843653,8028,307,3463817
110843685,7766,342,3463818
110843717,7893,348,3463819
110843749,7959,310,3463820
110843781,7677,316,3463821
110843813,7906,367,3463822
110843845,8190,310,3463823
110843877,8200,349,3463824
110843909,7805,361,3463825
110843941,7827,289,3463826
110843973,7978,297,3463827
110844005,7826,343,3463828
110844037,7923,327,3463829
110844069,8080,310,3463830
110844101,8189,309,3463831
110844133,8002,369,3463832
110844165,7905,384,3463833
110844197,7835,337,3463834
110844229,7750,263,3463835
110844261,8047,341,3463836
110844293,8040,403,3463837
110844325,7782,327,3463838
110844357,8019,299,3463839
110844389,7815,346,3463840
110844421,7744,302,3463841
110844453,7874,360,3463842
110844485,7996,324,3463843
110844517,7970,328,3463844
110844549,8005,312,3463845
110844581,8077,352,3463846
110844613,7874,348,3463847
110844645,7731,345,3463848
110844677,7983,299,3463849
110844709,8084,368,3463850
110844741,8148,303,3463851
110844773,7916,344,3463852
110844805,8025,309,3463853
110844837,7987,319,3463854
110844869,7815,350,3463855
110844901,7833,318,3463856
110844933,8223,345,3463857
110844965,8068,346,3463858
110844997,7842,366,3463859
110845029,8008,334,3463860
110845061,7873,311,3463861
110845093,7715,279,3463862
110845125,7798,338,3463863
110845157,7935,347,3463864
110845189,7959,367,3463865
110845221,7832,369,3463866
110845253,7831,319,3463867
110845285,7884,352,3463868
110845317,7860,309,3463869
110845349,7893,361,3463870
110845381,7823,323,3463871
110845413,7864,298,3463872
110845445,7918,286,3463873
110845477,7768,383,3463874
110845509,7712,359,3463875
110845541,7820,327,3463876
110845573,7837,332,3463877
110845605,7676,342,3463878
110845637,7845,371,3463879
110845669,7955,377,3463880
110845701,7835,336,3463881
110845733,7591,343,3463882
110845765,7669,270,3463883
110845797,8080,355,3463884
110845829,7777,329,3463885
110845861,7737,328,3463886
110845893,7995,351,3463887
110845925,7967,340,3463888
110845957,7637,318,3463889
110845989,7649,295,3463890
110846021,7967,346,3463891
110846053,7829,289,3463892
110846085,7675,419,3463893
110846117,7923,432,3463894
110846149,7937,373,3463895
110846181,7644,320,3463896
110846213,7719,433,3463897
110846245,7832,368,3463898
110846277,7938,351,3463899
110846309,7792,442,3463900
110846341,7749,404,3463901
110846373,7746,378,3463902
110846405,7756,351,3463903
110846437,7707,348,3463904
110846469,7643,424,3463905
110846501,7842,406,3463906
110846533,7811,454,3463907
110846565,7723,465,3463908
110846597,7877,430,3463909
110846629,7791,464,3463910
110846661,7718,417,3463911
110846693,7646,445,3463912
110846725,7767,423,3463913
110846757,7936,422,3463914
110846789,7923,465,3463915
110846821,7657,483,3463916
110846853,7760,569,3463917
110846885,7925,575,3463918
110846917,7544,514,3463919
110846949,7680,544,3463920
110846981,7984,595,3463921
110847013,7842,470,3463922
110847045,7709,580,3463923
110847077,7584,493,3463924
110847109,7835,506,3463925
110847141,7813,454,3463926
110847173,7681,558,3463927
110847205,7816,553,3463928
110847237,7915,617,3463929
110847269,7658,623,3463930
110847301,7451,631,3463931
110847333,7864,609,3463932
110847365,7666,616,3463933
110847397,7652,618,3463934
110847429,7869,577,3463935
110847461,7802,589,3463936
110847493,7632,611,3463937
110847525,7727,554,3463938
110847557,7679,650,3463939
110847589,7771,593,3463940
110847621,7745,649,3463941
110847653,7665,705,3463942
110847685,7656,706,3463943
110847717,7726,683,3463944
110847749,7776,688,3463945
110847781,7428,705,3463946
110847813,7644,700,3463947
110847845,7850,653,3463948
110847877,7680,704,3463949
110847909,7533,706,3463950
110847941,7714,687,3463951
110847973,7720,688,3463952
110848005,7644,680,3463953
110848037,7537,767,3463954
110848069,7953,718,3463955
110848101,7857,782,3463956
110848133,7430,774,3463957
110848165,7637,755,3463958
110848197,7751,783,3463959
110848229,7368,809,3463960
110848261,7511,765,3463961
110848293,7768,767,3463962
110848325,7776,803,3463963
110848357,7762,776,3463964
110848389,7689,818,3463965
110848421,7780,860,3463966
110848453,7555,846,3463967
110848485,7479,865,3463968
110848517,7674,861,3463969
110848549,7774,834,3463970
110848581,7640,917,3463971
110848613,7475,856,3463972
110848645,7623,894,3463973
110848677,7631,902,3463974
110848709,7639,801,3463975
110848741,7744,822,3463976
110848773,7616,861,3463977
110848805,7753,975,3463978
110848837,7632,920,3463979
110848869,7477,998,3463980
110848901,7651,981,3463981
110848933,7686,959,3463982
110848965,7525,972,3463983
110848997,7589,942,3463984
110849029,7779,915,3463985
110849061,7674,944,3463986
110849093,7386,937,3463987
110849125,7470,938,3463988
110849157,7730,945,3463989
110849189,7632,1029,3463990
110849221,7461,1056,3463991
110849253,7645,1088,3463992
110849285,7670,993,3463993
110849317,7491,1017,3463994
110849349,7370,1029,3463995
110849381,7650,1013,3463996
110849413,7563,1048,3463997
110849445,7394,1094,3463998
110849477,7668,1054,3463999
110849509,7627,1087,3464000
110849541,7344,1084,3464001
110849573,7408,1160,3464002
110849605,7417,1174,3464003
110849637,7709,1252,3464004
110849669,7687,1091,3464005
110849701,7602,1161,3464006
110849733,7588,1102,3464007
110849765,7656,1157,3464008
110849797,7564,1169,3464009
110849829,7521,1127,3464010
110849861,7621,1133,3464011
110849893,7460,1186,3464012
110849925,7448,1151,3464013
110849957,7507,1192,3464014
110849989,7502,1223,3464015
110850021,7599,1233,3464016
110850053,7547,1300,3464017
110850085,7494,1196,3464018
110850117,7549,1244,3464019
110850149,7640,1246,3464020
110850181,7472,1263,3464021
110850213,7565,1264,3464022
110850245,7600,1267,3464023
110850277,7496,1264,3464024
110850309,7514,1230,3464025
110850341,7643,1205,3464026
110850373,7602,1396,3464027
110850405,7398,1340,3464028
110850437,7334,1372,3464029
110850469,7578,1372,3464030
110850501,7584,1352,3464031
110850533,7380,1352,3464032
110850565,7646,1368,3464033
110850597,7685,1344,3464034
110850629,7503,1322,3464035
110850661,7292,1428,3464036
110850693,7440,1363,3464037
110850725,7606,1403,3464038
110850757,7554,1415,3464039
110850789,7439,1459,3464040
110850821,7535,1462,3464041
110850853,7580,1569,3464042
110850885,7492,1466,3464043
110850917,7402,1491,3464044
110850949,7462,1482,3464045
110850981,7557,1456,3464046
110851013,7546,1493,3464047
110851045,7482,1446,3464048
110851077,7621,1534,3464049
110851109,7386,1486,3464050
110851141,7273,1622,3464051
110851173,7440,1579,3464052
110851205,7666,1629,3464053
110851237,7591,1606,3464054
110851269,7335,1604,3464055
110851301,7562,1600,3464056
110851333,7534,1599,3464057
110851365,7316,1590,3464058
110851397,7304,1599,3464059
110851429,7524,1588,3464060
110851461,7603,1567,3464061
110851493,7270,1595,3464062
110851525,7396,1737,3464063
110851557,7452,1702,3464064
110851589,7252,1707,3464065
110851621,7400,1775,3464066
110851653,7557,1708,3464067
110851685,7525,1726,3464068
110851717,7432,1694,3464069
110851749,7383,1671,3464070
110851781,7507,1740,3464071
110851813,7369,1690,3464072
110851845,7416,1727,3464073
110851877,7564,1770,3464074
110851909,7716,1720,3464075
110851941,7445,1822,3464076
110851973,7267,1829,3464077
110852005,7357,1845,3464078
110852037,7306,1804,3464079
110852069,7532,1858,3464080
110852101,7320,1811,3464081
110852133,7367,1795,3464082
110852165,7621,1885,3464083
110852197,7447,1834,3464084
110852229,7131,1874,3464085
110852261,7434,1811,3464086
110852293,7632,1873,3464087
110852325,7380,2017,3464088
110852357,7265,1939,3464089
110852389,7413,1981,3464090
110852421,7479,1965,3464091
110852453,7322,1964,3464092
110852485,7177,1970,3464093
110852517,7685,1992,3464094
110852549,7580,1999,3464095
110852581,7201,1984,3464096
110852613,7531,1980,3464097
110852645,7456,1972,3464098
110852677,7271,1938,3464099
110852709,7112,2103,3464100
110852741,7466,2102,3464101
110852773,7526,2093,3464102
110852805,7381,2110,3464103
110852837,7327,2120,3464104
110852869,7351,2125,3464105
110852901,7318,2101,3464106
110852933,7213,2050,3464107
110852965,7342,2099,3464108
110852997,7530,2096,3464109
110853029,7414,2138,3464110
110853061,7417,2124,3464111
110853093,7354,2282,3464112
110853125,7288,2263,3464113
110853157,7345,2242,3464114
110853189,7314,2268,3464115
110853221,7449,2258,3464116
110853253,7596,2227,3464117
110853285,7435,2227,3464118
110853317,7287,2239,3464119
110853349,7326,2234,3464120
110853381,7494,2231,3464121
110853413,7208,2244,3464122
110853445,7383,2261,3464123
110853477,7541,2233,3464124
110853509,7478,2346,3464125
110853541,7166,2411,3464126
110853573,7298,2409,3464127
110853605,7370,2377,3464128
110853637,7386,2409,3464129
110853669,7348,2351,3464130
110853701,7397,2395,3464131
110853733,7536,2382,3464132
110853765,7315,2376,3464133
110853797,7159,2360,3464134
110853829,7356,2375,3464135
110853861,7386,2415,3464136
110853893,7241,2547,3464137
110853925,7413,2517,3464138
110853957,7419,2531,3464139
110853989,7278,2517,3464140
110854021,7213,2518,3464141
110854053,7243,2493,3464142
110854085,7426,2505,3464143
110854117,7432,2494,3464144
110854149,7277,2518,3464145
110854181,7219,2522,3464146
110854213,7479,2567,3464147
110854245,7310,2509,3464148
110854277,7246,2686,3464149
110854309,7357,2748,3464150
110854341,7432,2671,3464151
110854373,7277,2644,3464152
110854405,7221,2683,3464153
110854437,7359,2623,3464154
110854469,7449,2622,3464155
110854501,7164,2658,3464156
110854533,7219,2670,3464157
110854565,7549,2693,3464158
110854597,7481,2678,3464159
110854629,7102,2680,3464160
110854661,7261,2828,3464161
110854693,7378,2834,3464162
110854725,7268,2790,3464163
110854757,7057,2794,3464164
110854789,7542,2784,3464165
110854821,7483,2815,3464166
110854853,7348,2836,3464167
110854885,7168,2814,3464168
110854917,7351,2814,3464169
110854949,7314,2814,3464170
110854981,7281,2853,3464171
110855013,7434,2875,3464172
110855045,7464,3018,3464173
110855077,7303,2948,3464174
110855109,7100,3020,3464175
110855141,7202,2979,3464176
110855173,7380,2944,3464177
110855205,7286,3028,3464178
110855237,7311,3001,3464179
110855269,7352,3001,3464180
110855301,7418,2949,3464181
110855333,7229,3006,3464182
110855365,6946,2981,3464183
110855397,7225,3016,3464184
110855429,7482,2944,3464185
110855461,7133,3182,3464186
110855493,7226,3148,3464187
110855525,7474,3126,3464188
110855557,7371,3186,3464189
110855589,7160,3159,3464190
110855621,7199,3181,3464191
110855653,7339,3106,3464192
110855685,7442,3168,3464193
110855717,7200,3208,3464194
110855749,7252,3144,3464195
110855781,7445,3117,3464196
110855813,7162,3122,3464197
110855845,7129,3282,3464198
110855877,7407,3311,3464199
110855909,7370,3306,3464200
110855941,7141,3289,3464201
110855973,7360,3304,3464202
110856005,7408,3336,3464203
110856037,7264,3313,3464204
110856069,7158,3293,3464205
110856101,7332,3344,3464206
110856133,7379,3338,3464207
110856165,7288,3298,3464208
110856197,7222,3314,3464209
110856229,7174,3461,3464210
110856261,7262,3476,3464211
110856293,7239,3470,3464212
110856325,7289,3476,3464213
110856357,7305,3501,3464214
110856389,7390,3508,3464215
110856421,7373,3463,3464216
110856453,7056,3422,3464217
110856485,7230,3455,3464218
110856517,7316,3417,3464219
110856549,7137,3468,3464220
110856581,7219,3476,3464221
110856613,7358,3653,3464222
110856645,7236,3622,3464223
110856677,7174,3638,3464224
110856709,7158,3651,3464225
110856741,7486,3620,3464226
110856773,7203,3664,3464227
110856805,7091,3651,3464228
110856837,7336,3590,3464229
110856869,7339,3619,3464230
110856901,7106,3632,3464231
110856933,7053,3594,3464232
110856965,7150,3651,3464233
110856997,7154,3826,3464234
110857029,7209,3821,3464235
110857061,7349,3786,3464236
110857093,7408,3769,3464237
110857125,7047,3814,3464238
110857157,6986,3819,3464239
110857189,7251,3824,3464240
110857221,7253,3806,3464241
110857253,7136,3822,3464242
110857285,7221,3785,3464243
110857317,7314,3822,3464244
110857349,7125,3819,3464245
110857381,7150,3827,3464246
110857413,7089,3975,3464247
110857445,7314,3953,3464248
110857477,7435,3997,3464249
110857509,7160,4006,3464250
110857541,7028,3999,3464251
110857573,7295,3987,3464252
110857605,7315,3981,3464253
110857637,7030,4019,3464254
110857669,7121,4044,3464255
110857701,7276,3974,3464256
110857733,7255,3919,3464257
110857765,7035,3970,3464258
110857797,7207,4194,3464259
110857829,7390,4147,3464260
110857861,7068,4095,3464261
110857893,7032,4146,3464262
110857925,7323,4124,3464263
110857957,7350,4175,3464264
110857989,7094,4159,3464265
110858021,7160,4157,3464266
110858053,7313,4175,3464267
110858085,7198,4187,3464268
110858117,7205,4174,3464269
110858149,7203,4152,3464270
110858181,7381,4366,3464271
110858213,7088,4332,3464272
110858245,7057,4335,3464273
110858277,7222,4321,3464274
110858309,7226,4350,3464275
110858341,7122,4321,3464276
110858373,7058,4330,3464277
110858405,7359,4369,3464278
110858437,7256,4323,3464279
110858469,7056,4317,3464280
110858501,7172,4338,3464281
110858533,7219,4348,3464282
110858565,7290,4525,3464283
110858597,7321,4465,3464284
110858629,7145,4540,3464285
110858661,7277,4549,3464286
110858693,7264,4505,3464287
110858725,6877,4447,3464288
110858757,7093,4494,3464289
110858789,7323,4515,3464290
110858821,7091,4545,3464291
110858853,7081,4500,3464292
110858885,7252,4546,3464293
110858917,7175,4469,3464294
110858949,6984,4700,3464295
110858981,7042,4727,3464296
110859013,7263,4649,3464297
110859045,7410,4681,3464298
110859077,7067,4690,3464299
110859109,7086,4703,3464300
110859141,7319,4682,3464301
110859173,6912,4699,3464302
110859205,6907,4684,3464303
110859237,7305,4664,3464304
110859269,7301,4669,3464305
110859301,7213,4705,3464306
110859333,7245,4676,3464307
110859365,7158,4881,3464308
110859397,6990,4865,3464309
110859429,7173,4847,3464310
110859461,7204,4866,3464311
110859493,7365,4885,3464312
110859525,7391,4868,3464313
110859557,7118,4915,3464314
110859589,7070,4903,3464315
110859621,7271,4824,3464316
110859653,7262,4918,3464317
110859685,7147,4851,3464318
110859717,7138,4915,3464319
110859749,7377,5038,3464320
110859781,7261,5015,3464321
110859813,7154,5055,3464322
110859845,6990,5076,3464323
110859877,7322,5063,3464324
110859909,7207,5032,3464325
110859941,6930,5156,3464326
110859973,7345,5026,3464327
110860005,7350,5068,3464328
110860037,6910,5096,3464329
110860069,6827,5012,3464330
110860101,7160,5085,3464331
110860133,7198,5256,3464332
110860165,7122,5256,3464333
110860197,7197,5272,3464334
110860229,7251,5245,3464335
110860261,7024,5192,3464336
110860293,6938,5294,3464337
110860325,7154,5289,3464338
110860357,7344,5288,3464339
110860389,7010,5223,3464340
110860421,7175,5316,3464341
110860453,7328,5237,3464342
110860485,7041,5288,3464343
110860517,6971,5485,3464344
110860549,7068,5492,3464345
110860581,7068,5423,3464346
110860613,7023,5468,3464347
110860645,7062,5508,3464348
110860677,7036,5507,3464349
110860709,7230,5431,3464350
110860741,7237,5384,3464351
110860773,7116,5433,3464352
110860805,7211,5438,3464353
110860837,7071,5415,3464354
110860869,7209,5420,3464355
110860901,7018,5616,3464356
110860933,7198,5591,3464357
110860965,7093,5599,3464358
110860997,7132,5580,3464359
110861029,6913,5685,3464360
110861061,7266,5669,3464361
110861093,7417,5566,3464362
110861125,7065,5670,3464363
110861157,7064,5661,3464364
110861189,7170,5603,3464365
110861221,7030,5596,3464366
110861253,7047,5666,3464367
110861285,7321,5661,3464368
110861317,7364,5821,3464369
110861349,7125,5812,3464370
110861381,7046,5866,3464371
110861413,7257,5841,3464372
110861445,7222,5794,3464373
110861477,7234,5836,3464374
110861509,7191,5853,3464375
110861541,7362,5859,3464376
110861573,7199,5939,3464377
110861605,6891,5801,3464378
110861637,7173,5861,3464379
110861669,7138,5828,3464380
110861701,7207,6013,3464381
110861733,7097,6000,3464382
110861765,7199,5980,3464383
110861797,7237,6077,3464384
110861829,7099,6040,3464385
110861861,6983,5982,3464386
110861893,7157,6040,3464387
110861925,7156,5965,3464388
110861957,7120,5965,3464389
110861989,7151,6005,3464390
110862021,7282,6031,3464391
110862053,7288,6035,3464392
110862085,6909,6258,3464393
110862117,6996,6233,3464394
110862149,7201,6212,3464395
110862181,7164,6262,3464396
110862213,6935,6227,3464397
110862245,7055,6272,3464398
110862277,7273,6233,3464399
110862309,7051,6217,3464400
110862341,6995,6188,3464401
110862373,7247,6228,3464402
110862405,7332,6239,3464403
110862437,7237,6186,3464404
110862469,7222,6379,3464405
110862501,7090,6430,3464406
110862533,6930,6440,3464407
110862565,6939,6434,3464408
110862597,7149,6402,3464409
110862629,7231,6425,3464410
110862661,7202,6376,3464411
110862693,7226,6352,3464412
110862725,7055,6445,3464413
110862757,7215,6393,3464414
110862789,7237,6404,3464415
110862821,7136,6385,3464416
110862853,7119,6679,3464417
110862885,7318,6620,3464418
110862917,7176,6652,3464419
110862949,7049,6569,3464420
110862981,7045,6601,3464421
110863013,7262,6641,3464422
110863045,7138,6600,3464423
110863077,7069,6581,3464424
110863109,7153,6586,3464425
110863141,7122,6628,3464426
110863173,6941,6572,3464427
110863205,6995,6607,3464428
110863237,7260,6628,3464429
110863269,7003,6822,3464430
110863301,7045,6798,3464431
110863333,7286,6796,3464432
110863365,7351,6756,3464433
110863397,7068,6849,3464434
110863429,6922,6807,3464435
110863461,7136,6799,3464436
110863493,7260,6796,3464437
110863525,7099,6806,3464438
110863557,7080,6759,3464439
110863589,7209,6872,3464440
110863621,6918,6787,3464441
110863653,6957,7017,3464442
110863685,7213,6976,3464443
110863717,7334,7014,3464444
110863749,7121,7053,3464445
110863781,7324,7005,3464446
110863813,7124,7033,3464447
110863845,7134,7047,3464448
110863877,7081,7041,3464449
110863909,6956,7040,3464450
110863941,7041,7017,3464451
110863973,7243,7024,3464452
110864005,6968,6966,3464453
110864037,6843,7151,3464454
110864069,7221,7201,3464455
110864101,7041,7196,3464456
110864133,6923,7165,3464457
110864165,7009,7228,3464458
110864197,7309,7230,3464459
110864229,7334,7239,3464460
110864261,6926,7162,3464461
110864293,7004,7192,3464462
110864325,7334,7192,3464463
110864357,6999,7207,3464464
110864389,6893,7224,3464465
110864421,7213,7375,3464466
110864453,7405,7396,3464467
110864485,7114,7468,3464468
110864517,7006,7396,3464469
110864549,7361,7412,3464470
110864581,6996,7429,3464471
110864613,7040,7385,3464472
110864645,7242,7432,3464473
110864677,7230,7374,3464474
110864709,7163,7461,3464475
110864741,7062,7399,3464476
110864773,7054,7462,3464477
110864805,7212,7404,3464478
110864837,7069,7599,3464479
110864869,7135,7565,3464480
110864901,7135,7565,3464481
110864933,7286,7610,3464482
110864965,6993,7612,3464483
110864997,7039,7619,3464484
110865029,7109,7611,3464485
110865061,7209,7603,3464486
110865093,7166,7651,3464487
110865125,7088,7618,3464488
110865157,7201,7599,3464489
110865189,7171,7636,3464490
110865221,6933,7845,3464491
110865253,7052,7785,3464492
110865285,7167,7833,3464493
110865317,7190,7796,3464494
110865349,7082,7838,3464495
110865381,7165,7817,3464496
110865413,7147,7764,3464497
110865445,6990,7794,3464498
110865477,7028,7798,3464499
110865509,7250,7834,3464500
110865541,7348,7833,3464501
110865573,7063,7797,3464502
110865605,7150,8012,3464503
110865637,7366,7970,3464504
110865669,6946,7996,3464505
110865701,6907,7998,3464506
110865733,7166,8034,3464507
110865765,7359,7987,3464508
110865797,7166,8053,3464509
110865829,7049,7994,3464510
110865861,7076,7993,3464511
110865893,7131,7992,3464512
110865925,7177,8042,3464513
110865957,7173,7985,3464514
110865989,7238,8249,3464515
110866021,7422,8274,3464516
110866053,6999,8219,3464517
110866085,7018,8201,3464518
110866117,7263,8160,3464519
110866149,7122,8221,3464520
110866181,7054,8209,3464521
110866213,7132,8249,3464522
110866245,7191,8248,3464523
110866277,7121,8199,3464524
110866309,7097,8231,3464525
110866341,7034,8239,3464526
110866373,7326,8406,3464527
110866405,7114,8382,3464528
110866437,6922,8426,3464529
110866469,7346,8423,3464530
110866501,7347,8439,3464531
110866533,7024,8427,3464532
110866565,6979,8400,3464533
110866597,7258,8410,3464534
110866629,7216,8384,3464535
110866661,7013,8438,3464536
110866693,7339,8490,3464537
110866725,7367,8369,3464538
110866757,7285,8460,3464539
110866789,6920,8621,3464540
110866821,7103,8598,3464541
110866853,7285,8606,3464542
110866885,7241,8595,3464543
110866917,7244,8585,3464544
110866949,7281,8566,3464545
110866981,7211,8612,3464546
110867013,7054,8649,3464547
110867045,6987,8633,3464548
110867077,7160,8589,3464549
110867109,7157,8596,3464550
110867141,7142,8647,3464551
110867173,6996,8826,3464552
110867205,7138,8826,3464553
110867237,7317,8778,3464554
110867269,7101,8778,3464555
110867301,7088,8804,3464556
110867333,7272,8840,3464557
110867365,7219,8805,3464558
110867397,6989,8844,3464559
110867429,7215,8826,3464560
110867461,7211,8773,3464561
110867493,7124,8856,3464562
110867525,7059,8820,3464563
110867557,7230,9056,3464564
110867589,7343,9007,3464565
110867621,6914,9042,3464566
110867653,6933,9047,3464567
110867685,7314,8984,3464568
110867717,7043,9015,3464569
110867749,6961,8977,3464570
110867781,7329,9048,3464571
110867813,7321,8998,3464572
110867845,7142,8971,3464573
110867877,6985,9022,3464574
110867909,7215,8983,3464575
110867941,7165,9220,3464576
110867973,7156,9258,3464577
110868005,7244,9218,3464578
110868037,7330,9208,3464579
110868069,7156,9178,3464580
110868101,7110,9200,3464581
110868133,7036,9166,3464582
110868165,7129,9205,3464583
110868197,7276,9277,3464584
110868229,7299,9255,3464585
110868261,7147,9217,3464586
110868293,7240,9213,3464587
110868325,7165,9405,3464588
110868357,7036,9413,3464589
110868389,7127,9426,3464590
110868421,7427,9452,3464591
110868453,7290,9425,3464592
110868485,6998,9391,3464593
110868517,7402,9370,3464594
110868549,7345,9432,3464595
110868581,7007,9421,3464596
110868613,7266,9380,3464597
110868645,7253,9377,3464598
110868677,7296,9432,3464599
110868709,7109,9434,3464600
110868741,7232,9626,3464601
110868773,7370,9570,3464602
110868805,7077,9597,3464603
110868837,7007,9609,3464604
110868869,7274,9667,3464605
110868901,7375,9658,3464606
110868933,7102,9669,3464607
110868965,7147,9641,3464608
110868997,7227,9626,3464609
110869029,7126,9595,3464610
110869061,7046,9555,3464611
110869093,7204,9607,3464612
110869125,7306,9823,3464613
110869157,7137,9827,3464614
110869189,7119,9893,3464615
110869221,7041,9862,3464616
110869253,7093,9824,3464617
110869285,7218,9871,3464618
110869317,7099,9808,3464619
110869349,7125,9847,3464620
110869381,7398,9795,3464621
110869413,7141,9822,3464622
110869445,7146,9816,3464623
110869477,7199,9809,3464624
110869509,7232,10054,3464625
110869541,7225,9995,3464626
110869573,7172,10037,3464627
110869605,7279,10006,3464628
110869637,7327,10051,3464629
110869669,7147,10083,3464630
110869701,7086,10041,3464631
110869733,7226,9992,3464632
110869765,7135,10025,3464633
110869797,6960,10052,3464634
110869829,7389,10046,3464635
110869861,7421,10012,3464636
110869893,7060,10174,3464637
110869925,6995,10208,3464638
110869957,7333,10221,3464639
110869989,7372,10212,3464640
110870021,7311,10268,3464641
110870053,7305,10196,3464642
110870085,7448,10182,3464643
110870117,7195,10204,3464644
110870149,7024,10211,3464645
110870181,7270,10237,3464646
110870213,7393,10214,3464647
110870245,7320,10198,3464648
110870277,7321,10441,3464649
110870309,7258,10418,3464650
110870341,7243,10348,3464651
110870373,7225,10383,3464652
110870405,7161,10430,3464653
110870437,7258,10422,3464654
110870469,7282,10392,3464655
110870501,7322,10462,3464656
110870533,7218,10442,3464657
110870565,7204,10386,3464658
110870597,7281,10455,3464659
110870629,7095,10364,3464660
110870661,7175,10349,3464661
110870693,7282,10618,3464662
110870725,7280,10564,3464663
110870757,7155,10628,3464664
110870789,7050,10551,3464665
110870821,7358,10648,3464666
110870853,7166,10571,3464667
110870885,7082,10649,3464668
110870917,7500,10656,3464669
110870949,7517,10604,3464670
110870981,7173,10635,3464671
110871013,7101,10578,3464672
110871045,7310,10615,3464673
110871077,7175,10794,3464674
110871109,7006,10785,3464675
110871141,7201,10800,3464676
110871173,7440,10808,3464677
110871205,7316,10820,3464678
110871237,7178,10789,3464679
110871269,7216,10748,3464680
110871301,7279,10798,3464681
110871333,7206,10748,3464682
110871365,7264,10873,3464683
110871397,7378,10805,3464684
110871429,7348,10843,3464685
110871461,7042,11023,3464686
110871493,7103,10994,3464687
110871525,7153,11023,3464688
110871557,7445,10976,3464689
110871589,7434,10970,3464690
110871621,7234,10984,3464691
110871653,7255,11018,3464692
110871685,7342,10934,3464693
110871717,7086,11024,3464694
110871749,7213,10948,3464695
110871781,7543,11007,3464696
110871813,7320,10962,3464697
110871845,7213,11198,3464698
110871877,7387,11229,3464699
110871909,7328,11166,3464700
110871941,7165,11160,3464701
110871973,7053,11185,3464702
110872005,7410,11122,3464703
110872037,7606,11205,3464704
110872069,7355,11171,3464705
110872101,7114,11112,3464706
110872133,7390,11140,3464707
110872165,7312,11188,3464708
110872197,7109,11194,3464709
110872229,7526,11381,3464710
110872261,7591,11374,3464711
110872293,7302,11356,3464712
110872325,7355,11390,3464713
110872357,7320,11412,3464714
110872389,7370,11358,3464715
110872421,7259,11347,3464716
110872453,7266,11377,3464717
110872485,7453,11336,3464718
110872517,7381,11383,3464719
110872549,7388,11349,3464720
110872581,7311,11409,3464721
110872613,7330,11406,3464722
110872645,7272,11514,3464723
110872677,7361,11484,3464724
110872709,7253,11538,3464725
110872741,7452,11588,3464726
110872773,7360,11534,3464727
110872805,7294,11606,3464728
110872837,7162,11599,3464729
110872869,7430,11547,3464730
110872901,7345,11615,3464731
110872933,7231,11565,3464732
110872965,7360,11592,3464733
110872997,7390,11519,3464734
110873029,7107,11739,3464735
110873061,7171,11708,3464736
110873093,7481,11660,3464737
110873125,7460,11764,3464738
110873157,7259,11705,3464739
110873189,7427,11816,3464740
110873221,7443,11779,3464741
110873253,7410,11698,3464742
110873285,7112,11741,3464743
110873317,7342,11744,3464744
110873349,7410,11729,3464745
110873381,7351,11805,3464746
110873413,7455,11940,3464747
110873445,7438,11941,3464748
110873477,7333,11890,3464749
110873509,7161,11972,3464750
110873541,7287,11943,3464751
110873573,7527,11938,3464752
110873605,7452,11962,3464753
110873637,7408,11968,3464754
110873669,7292,11896,3464755
110873701,7328,11886,3464756
110873733,7508,11959,3464757
110873765,7294,11959,3464758
110873797,7405,12088,3464759
110873829,7477,12150,3464760
110873861,7447,12125,3464761
110873893,7251,12080,3464762
110873925,7297,12083,3464763
110873957,7421,12059,3464764
110873989,7392,12120,3464765
110874021,7428,12091,3464766
110874053,7472,12043,3464767
110874085,7645,12029,3464768
110874117,7320,12114,3464769
110874149,7293,12099,3464770
110874181,7450,12289,3464771
110874213,7275,12220,3464772
110874245,7315,12256,3464773
110874277,7356,12282,3464774
110874309,7446,12208,3464775
110874341,7410,12201,3464776
110874373,7355,12282,3464777
110874405,7451,12278,3464778
110874437,7404,12249,3464779
110874469,7312,12281,3464780
110874501,7398,12246,3464781
110874533,7584,12245,3464782
110874565,7401,12310,3464783
110874597,7201,12462,3464784
110874629,7394,12423,3464785
110874661,7486,12471,3464786
110874693,7469,12419,3464787
110874725,7434,12441,3464788
110874757,7386,12427,3464789
110874789,7455,12412,3464790
110874821,7427,12446,3464791
110874853,7364,12447,3464792
110874885,7202,12463,3464793
110874917,7476,12466,3464794
110874949,7639,12410,3464795
110874981,7264,12660,3464796
110875013,7535,12593,3464797
110875045,7515,12596,3464798
110875077,7250,12598,3464799
110875109,7338,12677,3464800
110875141,7554,12661,3464801
110875173,7518,12634,3464802
110875205,7285,12659,3464803
110875237,7467,12610,3464804
110875269,7429,12608,3464805
110875301,7481,12649,3464806
110875333,7270,12650,3464807
110875365,7412,12779,3464808
110875397,7721,12784,3464809
110875429,7455,12845,3464810
110875461,7464,12753,3464811
110875493,7651,12724,3464812
110875525,7433,12762,3464813
110875557,7259,12754,3464814
110875589,7550,12716,3464815
110875621,7648,12832,3464816
110875653,7559,12845,3464817
110875685,7303,12777,3464818
110875717,7420,12794,3464819
110875749,7419,12965,3464820
110875781,7533,12918,3464821
110875813,7438,12970,3464822
110875845,7613,12972,3464823
110875877,7506,12954,3464824
110875909,7504,12955,3464825
110875941,7386,12925,3464826
110875973,7277,12952,3464827
110876005,7545,12962,3464828
110876037,7575,12924,3464829
110876069,7539,12927,3464830
110876101,7507,12955,3464831
110876133,7622,13001,3464832
110876165,7282,13082,3464833
110876197,7219,13078,3464834
110876229,7668,13156,3464835
110876261,7568,13104,3464836
110876293,7258,13183,3464837
110876325,7460,13148,3464838
110876357,7728,13118,3464839
110876389,7416,13148,3464840
110876421,7287,13159,3464841
110876453,7512,13056,3464842
110876485,7564,13125,3464843
110876517,7435,13077,3464844
110876549,7363,13266,3464845
110876581,7530,13299,3464846
110876613,7567,13313,3464847
110876645,7459,13264,3464848
110876677,7553,13317,3464849
110876709,7710,13304,3464850
110876741,7410,13276,3464851
110876773,7631,13264,3464852
110876805,7565,13228,3464853
110876837,7474,13342,3464854
110876869,7362,13216,3464855
110876901,7482,13314,3464856
110876933,7651,13414,3464857
110876965,7707,13408,3464858
110876997,7592,13418,3464859
110877029,7444,13411,3464860
110877061,7565,13450,3464861
110877093,7560,13466,3464862
110877125,7414,13426,3464863
110877157,7514,13395,3464864
110877189,7719,13523,3464865
110877221,7687,13447,3464866
110877253,7441,13438,3464867
110877285,7458,13450,3464868
110877317,7662,13554,3464869
110877349,7588,13602,3464870
110877381,7505,13578,3464871
110877413,7649,13620,3464872
110877445,7797,13649,3464873
110877477,7474,13682,3464874
110877509,7314,13596,3464875
110877541,7804,13604,3464876
110877573,7548,13661,3464877
110877605,7466,13583,3464878
110877637,7624,13597,3464879
110877669,7902,13574,3464880
110877701,7639,13707,3464881
110877733,7361,13782,3464882
110877765,7455,13725,3464883
110877797,7727,13757,3464884
110877829,7512,13796,3464885
110877861,7520,13764,3464886
110877893,7728,13746,3464887
110877925,7667,13775,3464888
110877957,7371,13747,3464889
110877989,7522,13714,3464890
110878021,7637,13742,3464891
110878053,7768,13741,3464892
110878085,7646,13767,3464893
110878117,7509,13848,3464894
110878149,7609,13925,3464895
110878181,7592,13953,3464896
110878213,7476,13938,3464897
110878245,7428,13854,3464898
110878277,7660,13928,3464899
110878309,7737,13917,3464900
110878341,7521,13913,3464901
110878373,7569,13946,3464902
110878405,7686,13936,3464903
110878437,7636,13848,3464904
110878469,7445,13902,3464905
110878501,7567,13961,3464906
110878533,8096,14121,3464907
110878565,7594,14071,3464908
110878597,7628,14006,3464909
110878629,7751,14058,3464910
110878661,7684,13992,3464911
110878693,7500,14047,3464912
110878725,7789,13971,3464913
110878757,7872,14044,3464914
110878789,7675,14039,3464915
110878821,7643,14012,3464916
110878853,7779,14021,3464917
110878885,7592,14236,3464918
110878917,7559,14169,3464919
110878949,7741,14141,3464920
110878981,7824,14137,3464921
110879013,7762,14182,3464922
110879045,7747,14256,3464923
110879077,7466,14170,3464924
110879109,7660,14166,3464925
110879141,7592,14158,3464926
110879173,7682,14216,3464927
110879205,7684,14196,3464928
110879237,7638,14194,3464929
110879269,7604,14363,3464930
110879301,7607,14300,3464931
110879333,7639,14374,3464932
110879365,7908,14287,3464933
110879397,7779,14324,3464934
110879429,7578,14320,3464935
110879461,7680,14308,3464936
110879493,7933,14288,3464937
110879525,7752,14303,3464938
110879557,7453,14413,3464939
110879589,7871,14368,3464940
110879621,7833,14328,3464941
110879653,7556,14490,3464942
110879685,7780,14506,3464943
110879717,7948,14499,3464944
110879749,7746,14497,3464945
110879781,7485,14488,3464946
110879813,7835,14495,3464947
110879845,7975,14389,3464948
110879877,7711,14452,3464949
110879909,7830,14416,3464950
110879941,7777,14478,3464951
110879973,7681,14457,3464952
110880005,7500,14525,3464953
110880037,7792,14494,3464954
110880069,7748,14512,3464955
110880101,7780,14635,3464956
110880133,7762,14646,3464957
110880165,7647,14605,3464958
110880197,7679,14582,3464959
110880229,7934,14628,3464960
110880261,7721,14616,3464961
110880293,7684,14542,3464962
110880325,7894,14621,3464963
110880357,7813,14553,3464964
110880389,7598,14581,3464965
110880421,7595,14572,3464966
110880453,7800,14694,3464967
110880485,7775,14749,3464968
110880517,7806,14646,3464969
110880549,7858,14706,3464970
110880581,7889,14738,3464971
110880613,7529,14690,3464972
110880645,7654,14626,3464973
110880677,7922,14699,3464974
110880709,7843,14717,3464975
110880741,7776,14649,3464976
110880773,7834,14763,3464977
110880805,7960,14672,3464978
110880837,7747,14886,3464979
110880869,7602,14836,3464980
110880901,7718,14877,3464981
110880933,7774,14797,3464982
110880965,7780,14800,3464983
110880997,7907,14819,3464984
110881029,7907,14802,3464985
110881061,7988,14763,3464986
110881093,7615,14810,3464987
110881125,7740,14827,3464988
110881157,7798,14809,3464989
110881189,8032,14783,3464990
110881221,7811,14940,3464991
110881253,7889,15000,3464992
110881285,7798,14930,3464993
110881317,7790,14938,3464994
110881349,7715,14912,3464995
110881381,7780,14998,3464996
110881413,8006,14974,3464997
110881445,8154,14942,3464998
110881477,7678,14897,3464999
110881509,7889,14962,3465000
110881541,8055,14911,3465001
110881573,7722,15028,3465002
110881605,7905,15048,3465003
110881637,7892,15080,3465004
110881669,8050,15036,3465005
110881701,7868,15058,3465006
110881733,7923,15078,3465007
110881765,7864,15091,3465008
110881797,7885,15030,3465009
110881829,7706,15061,3465010
110881861,7787,15033,3465011
110881893,8145,15095,3465012
110881925,7862,15083,3465013
110881957,7723,15110,3465014
110881989,8061,15102,3465015
110882021,7851,15196,3465016
110882053,7755,15149,3465017
110882085,7830,15148,3465018
110882117,8019,15227,3465019
110882149,8041,15192,3465020
110882181,7720,15214,3465021
110882213,7741,15133,3465022
110882245,7810,15132,3465023
110882277,8082,15186,3465024
110882309,7821,15161,3465025
110882341,7934,15161,3465026
110882373,7981,15130,3465027
110882405,7913,15290,3465028
110882437,7841,15318,3465029
110882469,7908,15318,3465030
110882501,7952,15247,3465031
110882533,7898,15317,3465032
110882565,7793,15304,3465033
110882597,7930,15317,3465034
110882629,8087,15275,3465035
110882661,7931,15286,3465036
110882693,7736,15269,3465037
110882725,8022,15252,3465038
110882757,7970,15249,3465039
110882789,7789,15422,3465040
110882821,8077,15409,3465041
110882853,8142,15388,3465042
110882885,7963,15439,3465043
110882917,7754,15333,3465044
110882949,7954,15394,3465045
110882981,8121,15393,3465046
110883013,7935,15335,3465047
110883045,7849,15365,3465048
110883077,8020,15454,3465049
110883109,8001,15359,3465050
110883141,7744,15402,3465051
110883173,7860,15445,3465052
110883205,8178,15452,3465053
110883237,8022,15476,3465054
110883269,7947,15530,3465055
110883301,7945,15515,3465056
110883333,8043,15558,3465057
110883365,7787,15486,3465058
110883397,8052,15461,3465059
110883429,8000,15518,3465060
110883461,8060,15474,3465061
110883493,8107,15482,3465062
110883525,7893,15525,3465063
110883557,7900,15531,3465064
110883589,8028,15572,3465065
110883621,7878,15592,3465066
110883653,7980,15564,3465067
110883685,8070,15557,3465068
110883717,8085,15594,3465069
110883749,7914,15606,3465070
110883781,7869,15605,3465071
110883813,8129,15597,3465072
110883845,8166,15524,3465073
110883877,7797,15541,3465074
110883909,8023,15528,3465075
110883941,8233,15594,3465076
110883973,7932,15572,3465077
110884005,7852,15668,3465078
110884037,7990,15719,3465079
110884069,8084,15667,3465080
110884101,8009,15670,3465081
110884133,8091,15687,3465082
110884165,8256,15673,3465083
110884197,7991,15638,3465084
110884229,7874,15655,3465085
110884261,8010,15673,3465086
110884293,8028,15655,3465087
110884325,8060,15633,3465088
110884357,8000,15667,3465089
110884389,8184,15703,3465090
110884421,8178,15723,3465091
110884453,7953,15672,3465092
110884485,7912,15790,3465093
110884517,8083,15728,3465094
110884549,8070,15790,3465095
110884581,8122,15773,3465096
110884613,8127,15759,3465097
110884645,8064,15740,3465098
110884677,8196,15734,3465099
110884709,8109,15699,3465100
110884741,7892,15849,3465101
110884773,8270,15766,3465102
110884805,8388,15823,3465103
110884837,7884,15796,3465104
110884869,8103,15862,3465105
110884901,8249,15792,3465106
110884933,8179,15795,3465107
110884965,8048,15841,3465108
110884997,8140,15798,3465109
110885029,8410,15850,3465110
110885061,8054,15804,3465111
110885093,8034,15851,3465112
110885125,8166,15899,3465113
110885157,8136,15918,3465114
110885189,7948,15918,3465115
110885221,8121,15956,3465116
110885253,8338,15875,3465117
110885285,8259,15895,3465118
110885317,8076,15947,3465119
110885349,8149,15898,3465120
110885381,8144,15875,3465121
110885413,8205,15906,3465122
110885445,8098,15908,3465123
110885477,8371,15877,3465124
110885509,8304,15971,3465125
110885541,8083,16011,3465126
110885573,8026,16015,3465127
110885605,8167,15986,3465128
110885637,8166,15948,3465129
110885669,8190,15965,3465130
110885701,8202,15920,3465131
110885733,8189,16014,3465132
110885765,8166,16015,3465133
110885797,8220,15924,3465134
110885829,8029,15988,3465135
110885861,8233,15911,3465136
110885893,8257,15984,3465137
110885925,8108,16071,3465138
110885957,8189,16098,3465139
110885989,8422,16009,3465140
110886021,8088,15981,3465141
110886053,7952,16095,3465142
110886085,8367,15948,3465143
110886117,8288,16050,3465144
110886149,8086,15987,3465145
110886181,8153,16075,3465146
110886213,8402,16011,3465147
110886245,8205,15989,3465148
110886277,8092,16025,3465149
110886309,8167,16099,3465150
110886341,8483,16098,3465151
110886373,8395,16114,3465152
110886405,8086,16111,3465153
110886437,8244,16071,3465154
110886469,8237,16100,3465155
110886501,8107,16103,3465156
110886533,8186,16093,3465157
110886565,8380,16156,3465158
110886597,8228,16103,3465159
110886629,8196,16104,3465160
110886661,8107,16097,3465161
110886693,8248,16141,3465162
110886725,8280,16202,3465163
110886757,8237,16093,3465164
110886789,8256,16131,3465165
110886821,8329,16179,3465166
110886853,8240,16075,3465167
110886885,8089,16127,3465168
110886917,8169,16126,3465169
110886949,8428,16159,3465170
110886981,8330,16129,3465171
110887013,8279,16218,3465172
110887045,8290,16182,3465173
110887077,8353,16202,3465174
110887109,8225,16146,3465175
110887141,7853,16172,3465176
110887173,8309,16147,3465177
110887205,8265,16222,3465178
110887237,8097,16214,3465179
110887269,8305,16207,3465180
110887301,8584,16201,3465181
110887333,8300,16172,3465182
110887365,8002,16210,3465183
110887397,8288,16202,3465184
110887429,8417,16183,3465185
110887461,8299,16174,3465186
110887493,8261,16313,3465187
110887525,8310,16207,3465188
110887557,8467,16185,3465189
110887589,8196,16319,3465190
110887621,8138,16297,3465191
110887653,8349,16294,3465192
110887685,8412,16263,3465193
110887717,8261,16224,3465194
110887749,8401,16243,3465195
110887781,8280,16256,3465196
110887813,8145,16272,3465197
110887845,8283,16248,3465198
110887877,8251,16325,3465199
110887909,8500,16294,3465200
110887941,8424,16306,3465201
110887973,8202,16314,3465202
110888005,8381,16354,3465203
110888037,8345,16243,3465204
110888069,8337,16247,3465205
110888101,8283,16303,3465206
110888133,8469,16296,3465207
110888165,8529,16291,3465208
110888197,8303,16312,3465209
110888229,8311,16329,3465210
110888261,8412,16245,3465211
110888293,8470,16196,3465212
110888325,8394,16332,3465213
110888357,8411,16337,3465214
110888389,8495,16355,3465215
110888421,8342,16192,3465216
110888453,8267,16286,3465217
110888485,8437,16311,3465218
110888517,8476,16260,3465219
110888549,8272,16304,3465220
110888581,8532,16273,3465221
110888613,8639,16363,3465222
110888645,8452,16275,3465223
110888677,8426,16213,3465224
110888709,8398,16374,3465225
110888741,8496,16383,3465226
110888773,8245,16325,3465227
110888805,8403,16232,3465228
110888837,8366,16362,3465229
110888869,8503,16230,3465230
110888901,8384,16333,3465231
110888933,8305,16312,3465232
110888965,8409,16294,3465233
110888997,8466,16280,3465234
110889029,8422,16314,3465235
110889061,8405,16273,3465236
110889093,8355,16360,3465237
110889125,8562,16302,3465238
110889157,8254,16224,3465239
110889189,8162,16285,3465240
110889221,8576,16232,3465241
110889253,8519,16278,3465242
110889285,8246,16335,3465243
110889317,8470,16262,3465244
110889349,8539,16325,3465245
110889381,8402,16214,3465246
110889413,8357,16335,3465247
110889445,8461,16276,3465248
110889477,8481,16260,3465249
110889509,8459,16240,3465250
110889541,8343,16321,3465251
110889573,8504,16273,3465252
110889605,8479,16363,3465253
110889637,8357,16243,3465254
110889669,8344,16279,3465255
110889701,8636,16256,3465256
110889733,8678,16231,3465257
110889765,8418,16262,3465258
110889797,8485,16250,3465259
110889829,8356,16279,3465260
110889861,8463,16260,3465261
110889893,8503,16186,3465262
110889925,8525,16288,3465263
110889957,8510,16192,3465264
110889989,8552,16290,3465265
110890021,8351,16202,3465266
110890053,8403,16199,3465267
110890085,8627,16343,3465268
110890117,8478,16347,3465269
110890149,8428,16283,3465270
110890181,8701,16239,3465271
110890213,8602,16282,3465272
110890245,8385,16309,3465273
110890277,8415,16264,3465274
110890309,8604,16288,3465275
110890341,8602,16249,3465276
110890373,8437,16297,3465277
110890405,8548,16224,3465278
110890437,8626,16241,3465279
110890469,8649,16225,3465280
110890501,8265,16260,3465281
110890533,8575,16239,3465282
110890565,8711,16219,3465283
110890597,8397,16224,3465284
110890629,8588,16308,3465285
110890661,8704,16230,3465286
110890693,8533,16285,3465287
110890725,8473,16253,3465288
110890757,8538,16315,3465289
110890789,8586,16360,3465290
110890821,8742,16263,3465291
110890853,8504,16288,3465292
110890885,8561,16310,3465293
110890917,8592,16342,3465294
110890949,8419,16313,3465295
110890981,8544,16242,3465296
110891013,8554,16258,3465297
110891045,8705,16280,3465298
110891077,8537,16338,3465299
110891109,8393,16335,3465300
110891141,8444,16247,3465301
110891173,8616,16376,3465302
110891205,8545,16310,3465303
110891237,8522,16342,3465304
110891269,8609,16303,3465305
110891301,8651,16337,3465306
110891333,8472,16296,3465307
110891365,8537,16314,3465308
110891397,8705,16303,3465309
110891429,8586,16226,3465310
110891461,8484,16320,3465311
110891493,8785,16241,3465312
110891525,8800,16211,3465313
110891557,8548,16269,3465314
110891589,8425,16248,3465315
110891621,8513,16285,3465316
110891653,8550,16288,3465317
110891685,8394,16269,3465318
110891717,8571,16270,3465319
110891749,8760,16341,3465320
110891781,8762,16325,3465321
110891813,8486,16266,3465322
110891845,8560,16364,3465323
110891877,8595,16339,3465324
110891909,8556,16279,3465325
110891941,8657,16299,3465326
110891973,8836,16365,3465327
110892005,8673,16278,3465328
110892037,8578,16298,3465329
110892069,8499,16214,3465330
110892101,8504,16297,3465331
110892133,8701,16295,3465332
110892165,8614,16291,3465333
110892197,8612,16339,3465334
110892229,8655,16333,3465335
110892261,8582,16236,3465336
110892293,8487,16275,3465337
110892325,8546,16177,3465338
110892357,8802,16337,3465339
110892389,8767,16279,3465340
110892421,8636,16281,3465341
110892453,8570,16299,3465342
110892485,8953,16212,3465343
110892517,8684,16314,3465344
110892549,8492,16288,3465345
110892581,8844,16270,3465346
110892613,9008,16313,3465347
110892645,8663,16312,3465348
110892677,8551,16273,3465349
110892709,8803,16338,3465350
110892741,8625,16195,3465351
110892773,8614,16259,3465352
110892805,8612,16266,3465353
110892837,8810,16232,3465354
110892869,8872,16264,3465355
110892901,8639,16294,3465356
110892933,8735,16334,3465357
110892965,8792,16256,3465358
110892997,8544,16365,3465359
110893029,8554,16225,3465360
110893061,8835,16303,3465361
110893093,8794,16315,3465362
110893125,8817,16290,3465363
110893157,8744,16265,3465364
110893189,8644,16244,3465365
110893221,8737,16275,3465366
110893253,8629,16262,3465367
110893285,8650,16306,3465368
110893317,8782,16346,3465369
110893349,8768,16280,3465370
110893381,8566,16355,3465371
110893413,8631,16303,3465372
110893445,8777,16305,3465373
110893477,8856,16353,3465374
110893509,8656,16274,3465375
110893541,8764,16230,3465376
110893573,8969,16227,3465377
110893605,8694,16222,3465378
110893637,8531,16304,3465379
110893669,8633,16301,3465380
110893701,8841,16262,3465381
110893733,8570,16256,3465382
110893765,8761,16213,3465383
110893797,9015,16202,3465384
110893829,8758,16274,3465385
110893861,8561,16325,3465386
110893893,8729,16253,3465387
110893925,8768,16259,3465388
110893957,8775,16318,3465389
110893989,8783,16277,3465390
110894021,8813,16321,3465391
110894053,8894,16298,3465392
110894085,8636,16287,3465393
110894117,8748,16272,3465394
110894149,8940,16336,3465395
110894181,8968,16321,3465396
110894213,8790,16278,3465397
110894245,8776,16328,3465398
110894277,8919,16347,3465399
110894309,8648,16192,3465400
110894341,8676,16275,3465401
110894373,8697,16301,3465402
110894405,8928,16311,3465403
110894437,8957,16284,3465404
110894469,8909,16233,3465405
110894501,8586,16304,3465406
110894533,8849,16270,3465407
110894565,8847,16263,3465408
110894597,8621,16208,3465409
110894629,8980,16299,3465410
110894661,9083,16290,3465411
110894693,8772,16188,3465412
110894725,8675,16254,3465413
110894757,8802,16250,3465414
110894789,8961,16265,3465415
110894821,8619,16238,3465416
110894853,8656,16166,3465417
110894885,9068,16174,3465418
110894917,8961,16227,3465419
110894949,8826,16207,3465420
110894981,8744,16189,3465421
110895013,8964,16177,3465422
110895045,8679,16177,3465423
110895077,8865,16262,3465424
110895109,8954,16177,3465425
110895141,8894,16172,3465426
110895173,8849,16222,3465427
110895205,8827,16263,3465428
110895237,8770,16252,3465429
110895269,8908,16216,3465430
110895301,8881,16160,3465431
110895333,8844,16157,3465432
110895365,8976,16080,3465433
110895397,8886,16191,3465434
110895429,8695,16196,3465435
110895461,8848,16180,3465436
110895493,8861,16138,3465437
110895525,8854,16184,3465438
110895557,8867,16164,3465439
110895589,8969,16183,3465440
110895621,8863,16137,3465441
110895653,8905,16138,3465442
110895685,8768,16137,3465443
110895717,8973,16128,3465444
110895749,9002,16142,3465445
110895781,8766,16138,3465446
110895813,8893,16127,3465447
110895845,8974,16142,3465448
110895877,9061,16156,3465449
110895909,8762,16136,3465450
110895941,8879,16102,3465451
110895973,9055,16049,3465452
110896005,9000,16080,3465453
110896037,8950,16099,3465454
110896069,9012,16062,3465455
110896101,9020,16044,3465456
110896133,8748,16015,3465457
110896165,8791,16080,3465458
110896197,9224,16024,3465459
110896229,8997,16128,3465460
110896261,8839,16020,3465461
110896293,8856,16088,3465462
110896325,8965,16037,3465463
110896357,8979,16077,3465464
110896389,8849,16092,3465465
110896421,9174,16067,3465466
110896453,9091,16009,3465467
110896485,8972,15982,3465468
110896517,8947,15980,3465469
110896549,8800,15971,3465470
110896581,9053,15995,3465471
110896613,8991,15958,3465472
110896645,9024,15968,3465473
110896677,9091,16020,3465474
110896709,9010,15935,3465475
110896741,8932,16004,3465476
110896773,9022,15981,3465477
110896805,9044,15970,3465478
110896837,9141,15962,3465479
110896869,8889,15957,3465480
110896901,8975,15899,3465481
110896933,9145,15835,3465482
110896965,9001,15917,3465483
110896997,8845,15939,3465484
110897029,9017,15870,3465485
110897061,9134,15898,3465486
110897093,9080,15846,3465487
110897125,8896,15956,3465488
110897157,9134,15915,3465489
110897189,9070,15860,3465490
110897221,8830,15869,3465491
110897253,8975,15782,3465492
110897285,9121,15813,3465493
110897317,8984,15910,3465494
110897349,9028,15813,3465495
110897381,9204,15830,3465496
110897413,9015,15845,3465497
110897445,8877,15851,3465498
110897477,8860,15787,3465499
110897509,9085,15827,3465500
110897541,8991,15860,3465501
110897573,9033,15823,3465502
110897605,9037,15808,3465503
110897637,9054,15780,3465504
110897669,8968,15784,3465505
110897701,9076,15723,3465506
110897733,9222,15745,3465507
110897765,9077,15732,3465508
110897797,9152,15740,3465509
110897829,8987,15724,3465510
110897861,9006,15799,3465511
110897893,9043,15703,3465512
110897925,9022,15745,3465513
110897957,8889,15782,3465514
110897989,9068,15752,3465515
110898021,9118,15701,3465516
110898053,9115,15721,3465517
110898085,8889,15649,3465518
110898117,9047,15678,3465519
110898149,9115,15637,3465520
110898181,9032,15645,3465521
110898213,8991,15616,3465522
110898245,9267,15715,3465523
110898277,9174,15663,3465524
110898309,8966,15655,3465525
110898341,9173,15654,3465526
110898373,9162,15606,3465527
110898405,9055,15605,3465528
110898437,9054,15542,3465529
110898469,9306,15568,3465530
110898501,9175,15533,3465531
110898533,9075,15592,3465532
110898565,9055,15508,3465533
110898597,9151,15553,3465534
110898629,9295,15568,3465535
110898661,9060,15597,3465536
110898693,9006,15625,3465537
110898725,9155,15559,3465538
110898757,9018,15548,3465539
110898789,9085,15615,3465540
110898821,9028,15520,3465541
110898853,9183,15541,3465542
110898885,9339,15444,3465543
110898917,9125,15475,3465544
110898949,9007,15447,3465545
110898981,9336,15508,3465546
110899013,9213,15520,3465547
110899045,8926,15474,3465548
110899077,9208,15523,3465549
110899109,9360,15461,3465550
110899141,9072,15477,3465551
110899173,8932,15525,3465552
110899205,9221,15406,3465553
110899237,9034,15408,3465554
110899269,8931,15388,3465555
110899301,9111,15299,3465556
110899333,9215,15453,3465557
110899365,9261,15342,3465558
110899397,8906,15360,3465559
110899429,9132,15417,3465560
110899461,9212,15395,3465561
110899493,9067,15408,3465562
110899525,8960,15418,3465563
110899557,9295,15398,3465564
110899589,9372,15308,3465565
110899621,9185,15326,3465566
110899653,9005,15322,3465567
110899685,9122,15251,3465568
110899717,9319,15292,3465569
110899749,9193,15263,3465570
110899781,9215,15285,3465571
110899813,9316,15244,3465572
110899845,9333,15261,3465573
110899877,9171,15307,3465574
110899909,9082,15274,3465575
110899941,9306,15323,3465576
110899973,9239,15196,3465577
110900005,9095,15122,3465578
110900037,9092,15174,3465579
110900069,9271,15163,3465580
110900101,9161,15179,3465581
110900133,8929,15201,3465582
110900165,9318,15203,3465583
110900197,9439,15196,3465584
110900229,9050,15198,3465585
110900261,9096,15098,3465586
110900293,9314,15239,3465587
110900325,9291,15142,3465588
110900357,8922,14985,3465589
110900389,9251,15098,3465590
110900421,9369,15102,3465591
110900453,9095,15113,3465592
110900485,9210,15094,3465593
110900517,9392,15108,3465594
110900549,9298,15049,3465595
110900581,9161,15016,3465596
110900613,9192,15088,3465597
110900645,9342,15075,3465598
110900677,9456,15031,3465599
110900709,9214,15152,3465600
110900741,9108,15101,3465601
110900773,9192,15012,3465602
110900805,9148,14950,3465603
110900837,9061,14925,3465604
110900869,9310,14989,3465605
110900901,9360,14940,3465606
110900933,9362,14968,3465607
110900965,9299,14973,3465608
110900997,9062,15026,3465609
110901029,9374,14912,3465610
110901061,9289,14945,3465611
110901093,8961,14937,3465612
110901125,9355,14935,3465613
110901157,9406,14819,3465614
110901189,9212,14922,3465615
110901221,9142,14844,3465616
110901253,9329,14902,3465617
110901285,9212,14792,3465618
110901317,9120,14736,3465619
110901349,9129,14810,3465620
110901381,9594,14828,3465621
110901413,9315,14779,3465622
110901445,9030,14836,3465623
110901477,9175,14844,3465624
110901509,9250,14747,3465625
110901541,9092,14745,3465626
110901573,9243,14721,3465627
110901605,9474,14769,3465628
110901637,9351,14699,3465629
110901669,9094,14686,3465630
110901701,9196,14737,3465631
110901733,9174,14769,3465632
110901765,9313,14679,3465633
110901797,9350,14688,3465634
110901829,9249,14708,3465635
110901861,9406,14702,3465636
110901893,9336,14690,3465637
110901925,9128,14545,3465638
110901957,9328,14516,3465639
110901989,9368,14566,3465640
110902021,9360,14646,3465641
110902053,9191,14613,3465642
110902085,9249,14565,3465643
110902117,9380,14538,3465644
110902149,9363,14555,3465645
110902181,9141,14522,3465646
110902213,9327,14551,3465647
110902245,9481,14521,3465648
110902277,9181,14605,3465649
110902309,9155,14489,3465650
110902341,9330,14446,3465651
110902373,9385,14422,3465652
110902405,9183,14440,3465653
110902437,9157,14530,3465654
110902469,9625,14438,3465655
110902501,9266,14460,3465656
110902533,9244,14469,3465657
110902565,9364,14434,3465658
110902597,9403,14452,3465659
110902629,9198,14464,3465660
110902661,9243,14450,3465661
110902693,9621,14456,3465662
110902725,9456,14308,3465663
110902757,9326,14342,3465664
110902789,9299,14356,3465665
110902821,9387,14334,3465666
110902853,9195,14300,3465667
110902885,9328,14320,3465668
110902917,9433,14291,3465669
110902949,9305,14358,3465670
110902981,9386,14295,3465671
110903013,9218,14372,3465672
110903045,9180,14333,3465673
110903077,9525,14292,3465674
110903109,9448,14158,3465675
110903141,9319,14189,3465676
110903173,9442,14182,3465677
110903205,9498,14169,3465678
110903237,9131,14238,3465679
110903269,9218,14218,3465680
110903301,9471,14138,3465681
110903333,9282,14185,3465682
110903365,9405,14200,3465683
110903397,9472,14163,3465684
110903429,9485,14254,3465685
110903461,9279,14151,3465686
110903493,9254,14115,3465687
110903525,9331,14082,3465688
110903557,9455,14099,3465689
110903589,9428,14015,3465690
110903621,9487,13991,3465691
110903653,9556,14097,3465692
110903685,9364,14100,3465693
110903717,9090,14023,3465694
110903749,9351,14059,3465695
110903781,9353,14081,3465696
110903813,9506,14067,3465697
110903845,9441,14019,3465698
110903877,9456,13947,3465699
110903909,9258,13873,3465700
110903941,9298,13955,3465701
110903973,9214,13932,3465702
110904005,9509,13887,3465703
110904037,9398,13922,3465704
110904069,9448,13944,3465705
110904101,9449,13931,3465706
110904133,9333,13937,3465707
110904165,9340,13926,3465708
110904197,9480,13824,3465709
110904229,9337,13929,3465710
110904261,9363,13746,3465711
110904293,9455,13755,3465712
110904325,9407,13781,3465713
110904357,9359,13698,3465714
110904389,9370,13759,3465715
110904421,9416,13707,3465716
110904453,9335,13748,3465717
110904485,9431,13761,3465718
110904517,9512,13750,3465719
110904549,9395,13752,3465720
110904581,9319,13726,3465721
110904613,9285,13793,3465722
110904645,9425,13712,3465723
110904677,9290,13606,3465724
110904709,9360,13578,3465725
110904741,9572,13570,3465726
110904773,9543,13585,3465727
110904805,9276,13630,3465728
110904837,9336,13613,3465729
110904869,9391,13660,3465730
110904901,9400,13595,3465731
110904933,9359,13600,3465732
110904965,9561,13623,3465733
110904997,9466,13653,3465734
110905029,9212,13608,3465735
110905061,9368,13508,3465736
110905093,9394,13398,3465737
110905125,9537,13405,3465738
110905157,9400,13482,3465739
110905189,9301,13460,3465740
110905221,9577,13406,3465741
110905253,9521,13490,3465742
110905285,9336,13453,3465743
110905317,9448,13434,3465744
110905349,9594,13448,3465745
110905381,9559,13454,3465746
110905413,9416,13430,3465747
110905445,9250,13318,3465748
110905477,9597,13312,3465749
110905509,9554,13294,3465750
110905541,9297,13291,3465751
110905573,9335,13244,3465752
110905605,9880,13274,3465753
110905637,9453,13319,3465754
110905669,9136,13320,3465755
110905701,9625,13289,3465756
110905733,9391,13216,3465757
110905765,9322,13281,3465758
110905797,9272,13284,3465759
110905829,9795,13136,3465760
110905861,9526,13099,3465761
110905893,9411,13091,3465762
110905925,9393,13132,3465763
110905957,9702,13180,3465764
110905989,9398,13128,3465765
110906021,9355,13150,3465766
110906053,9758,13100,3465767
110906085,9600,13124,3465768
110906117,9361,13068,3465769
110906149,9286,13110,3465770
110906181,9393,13143,3465771
110906213,9521,12924,3465772
110906245,9436,12955,3465773
110906277,9347,12986,3465774
110906309,9496,13026,3465775
110906341,9600,12937,3465776
110906373,9487,13047,3465777
110906405,9359,12959,3465778
110906437,9609,12970,3465779
110906469,9466,12928,3465780
110906501,9405,12970,3465781
110906533,9642,12976,3465782
110906565,9548,13000,3465783
110906597,9488,12969,3465784
110906629,9399,12835,3465785
110906661,9520,12768,3465786
110906693,9705,12794,3465787
110906725,9537,12769,3465788
110906757,9401,12735,3465789
110906789,9628,12773,3465790
110906821,9607,12798,3465791
110906853,9172,12850,3465792
110906885,9278,12797,3465793
110906917,9776,12767,3465794
110906949,9508,12822,3465795
110906981,9442,12794,3465796
110907013,9568,12626,3465797
110907045,9683,12616,3465798
110907077,9369,12654,3465799
110907109,9398,12603,3465800
110907141,9681,12636,3465801
110907173,9547,12663,3465802
110907205,9533,12623,3465803
110907237,9436,12647,3465804
110907269,9530,12641,3465805
110907301,9466,12617,3465806
110907333,9432,12614,3465807
110907365,9508,12629,3465808
110907397,9650,12422,3465809
110907429,9818,12494,3465810
110907461,9346,12422,3465811
110907493,9497,12440,3465812
110907525,9526,12426,3465813
110907557,9557,12453,3465814
110907589,9469,12468,3465815
110907621,9602,12448,3465816
110907653,9535,12399,3465817
110907685,9286,12498,3465818
110907717,9376,12506,3465819
110907749,9649,12502,3465820
110907781,9590,12255,3465821
110907813,9385,12333,3465822
110907845,9405,12248,3465823
110907877,9708,12274,3465824
110907909,9659,12307,3465825
110907941,9390,12286,3465826
110907973,9430,12289,3465827
110908005,9776,12224,3465828
110908037,9569,12294,3465829
110908069,9325,12262,3465830
110908101,9800,12245,3465831
110908133,9604,12289,3465832
110908165,9367,12298,3465833
110908197,9379,12117,3465834
110908229,9472,12047,3465835
110908261,9606,12137,3465836
110908293,9522,12121,3465837
110908325,9592,12047,3465838
110908357,9566,12071,3465839
110908389,9446,12029,3465840
110908421,9372,12099,3465841
110908453,9513,12157,3465842
110908485,9604,12106,3465843
110908517,9545,12135,3465844
110908549,9486,12109,3465845
110908581,9571,11906,3465846
110908613,9577,11923,3465847
110908645,9481,11907,3465848
110908677,9328,11909,3465849
110908709,9480,11888,3465850
110908741,9851,11929,3465851
110908773,9598,11950,3465852
110908805,9438,11939,3465853
110908837,9615,11960,3465854
110908869,9697,11923,3465855
110908901,9324,11894,3465856
110908933,9528,11885,3465857
110908965,9869,11806,3465858
110908997,9460,11725,3465859
110909029,9487,11713,3465860
110909061,9524,11718,3465861
110909093,9590,11766,3465862
110909125,9513,11710,3465863
110909157,9339,11823,3465864
110909189,9770,11693,3465865
110909221,9849,11712,3465866
110909253,9488,11735,3465867
110909285,9337,11715,3465868
110909317,9567,11770,3465869
110909349,9510,11517,3465870
110909381,9423,11509,3465871
110909413,9721,11492,3465872
110909445,9560,11563,3465873
110909477,9417,11586,3465874
110909509,9421,11611,3465875
110909541,9340,11544,3465876
110909573,9834,11553,3465877
110909605,9450,11536,3465878
110909637,9524,11510,3465879
110909669,9708,11559,3465880
110909701,9609,11565,3465881
110909733,9479,11336,3465882
110909765,9404,11378,3465883
110909797,9663,11394,3465884
110909829,9760,11391,3465885
110909861,9567,11354,3465886
110909893,9487,11376,3465887
110909925,9795,11314,3465888
110909957,9712,11353,3465889
110909989,9280,11359,3465890
110910021,9445,11326,3465891
110910053,9680,11338,3465892
110910085,9685,11375,3465893
110910117,9473,11355,3465894
110910149,9686,11142,3465895
110910181,9619,11212,3465896
110910213,9278,11170,3465897
110910245,9450,11161,3465898
110910277,9668,11233,3465899
110910309,9719,11202,3465900
110910341,9490,11223,3465901
110910373,9475,11198,3465902
110910405,9599,11126,3465903
110910437,9434,11142,3465904
110910469,9511,11118,3465905
110910501,9580,11216,3465906
110910533,9491,11036,3465907
110910565,9463,10997,3465908
110910597,9500,10970,3465909
110910629,9462,10970,3465910
110910661,9501,10988,3465911
110910693,9487,11013,3465912
110910725,9437,10938,3465913
110910757,9548,11029,3465914
110910789,9695,10962,3465915
110910821,9557,10966,3465916
110910853,9517,10998,3465917
110910885,9542,11020,3465918
110910917,9665,10825,3465919
110910949,9489,10796,3465920
110910981,9532,10812,3465921
110911013,9665,10758,3465922
110911045,9588,10873,3465923
110911077,9565,10805,3465924
110911109,9534,10802,3465925
110911141,9526,10819,3465926
110911173,9515,10800,3465927
110911205,9575,10868,3465928
110911237,9539,10790,3465929
110911269,9725,10785,3465930
110911301,9345,10648,3465931
110911333,9532,10602,3465932
110911365,9494,10590,3465933
110911397,9669,10604,3465934
110911429,9782,10626,3465935
110911461,9691,10629,3465936
110911493,9480,10590,3465937
110911525,9448,10603,3465938
110911557,9578,10616,3465939
110911589,9448,10586,3465940
110911621,9448,10578,3465941
110911653,9672,10576,3465942
110911685,9623,10432,3465943
110911717,9576,10371,3465944
110911749,9502,10392,3465945
110911781,9638,10394,3465946
110911813,9418,10369,3465947
110911845,9566,10416,3465948
110911877,9634,10430,3465949
110911909,9675,10457,3465950
110911941,9469,10405,3465951
110911973,9695,10441,3465952
110912005,9616,10388,3465953
110912037,9549,10460,3465954
110912069,9572,10394,3465955
110912101,9871,10170,3465956
110912133,9587,10218,3465957
110912165,9467,10224,3465958
110912197,9684,10174,3465959
110912229,9583,10219,3465960
110912261,9426,10225,3465961
110912293,9539,10228,3465962
110912325,9653,10199,3465963
110912357,9639,10181,3465964
110912389,9430,10228,3465965
110912421,9585,10249,3465966
110912453,9708,10247,3465967
110912485,9667,10076,3465968
110912517,9447,9992,3465969
110912549,9699,10003,3465970
110912581,9676,9979,3465971
110912613,9516,10015,3465972
110912645,9409,10037,3465973
110912677,9647,10037,3465974
110912709,9479,9993,3465975
110912741,9520,10077,3465976
110912773,9631,10074,3465977
110912805,9566,10009,3465978
110912837,9634,10023,3465979
110912869,9331,9762,3465980
110912901,9334,9843,3465981
110912933,9685,9861,3465982
110912965,9785,9801,3465983
110912997,9527,9850,3465984
110913029,9623,9775,3465985
110913061,9608,9855,3465986
110913093,9586,9801,3465987
110913125,9285,9848,3465988
110913157,9565,9824,3465989
110913189,9775,9843,3465990
110913221,9703,9771,3465991
110913253,9411,9581,3465992
110913285,9562,9632,3465993
110913317,9617,9636,3465994
110913349,9326,9606,3465995
110913381,9518,9622,3465996
110913413,9728,9546,3465997
110913445,9632,9625,3465998
110913477,9417,9653,3465999
110913509,9577,9585,3466000
110913541,9703,9595,3466001
110913573,9595,9592,3466002
110913605,9409,9622,3466003
110913637,9513,9392,3466004
110913669,9606,9451,3466005
110913701,9615,9476,3466006
110913733,9529,9450,3466007
110913765,9604,9462,3466008
110913797,9525,9382,3466009
110913829,9584,9400,3466010
110913861,9714,9415,3466011
110913893,9714,9448,3466012
110913925,9588,9455,3466013
110913957,9534,9467,3466014
110913989,9540,9486,3466015
110914021,9600,9439,3466016
110914053,9735,9201,3466017
110914085,9419,9223,3466018
110914117,9538,9248,3466019
110914149,9848,9247,3466020
110914181,9669,9187,3466021
110914213,9245,9222,3466022
110914245,9637,9213,3466023
110914277,9680,9219,3466024
110914309,9555,9195,3466025
110914341,9564,9245,3466026
110914373,9674,9194,3466027
110914405,9626,9240,3466028
110914437,9329,9022,3466029
110914469,9452,9059,3466030
110914501,9824,9007,3466031
110914533,9565,9026,3466032
110914565,9374,9020,3466033
110914597,9722,9020,3466034
110914629,9809,9022,3466035
110914661,9286,9014,3466036
110914693,9408,8996,3466037
110914725,9517,8979,3466038
110914757,9641,9011,3466039
110914789,9554,9002,3466040
110914821,9552,8828,3466041
110914853,9634,8835,3466042
110914885,9594,8802,3466043
110914917,9349,8776,3466044
110914949,9460,8825,3466045
110914981,9672,8818,3466046
110915013,9780,8870,3466047
110915045,9485,8831,3466048
110915077,9344,8854,3466049
110915109,9522,8841,3466050
110915141,9495,8829,3466051
110915173,9437,8795,3466052
110915205,9505,8596,3466053
110915237,9631,8592,3466054
110915269,9564,8617,3466055
110915301,9354,8632,3466056
110915333,9617,8634,3466057
110915365,9753,8582,3466058
110915397,9461,8568,3466059
110915429,9436,8583,3466060
110915461,9818,8588,3466061
110915493,9598,8609,3466062
110915525,9394,8601,3466063
110915557,9504,8619,3466064
110915589,9686,8403,3466065
110915621,9560,8376,3466066
110915653,9448,8403,3466067
110915685,9781,8432,3466068
110915717,9734,8434,3466069
110915749,9461,8408,3466070
110915781,9346,8406,3466071
110915813,9704,8389,3466072
110915845,9522,8432,3466073
110915877,9448,8402,3466074
110915909,9578,8422,3466075
110915941,9727,8389,3466076
110915973,9582,8405,3466077
110916005,9423,8264,3466078
110916037,9453,8249,3466079
110916069,9590,8225,3466080
110916101,9672,8229,3466081
110916133,9467,8208,3466082
110916165,9532,8226,3466083
110916197,9566,8169,3466084
110916229,9502,8171,3466085
110916261,9320,8213,3466086
110916293,9614,8194,3466087
110916325,9858,8213,3466088
110916357,9530,8218,3466089
110916389,9503,8046,3466090
110916421,9669,8059,3466091
110916453,9622,8018,3466092
110916485,9251,8020,3466093
110916517,9373,7996,3466094
110916549,9815,8013,3466095
110916581,9684,8007,3466096
110916613,9257,8029,3466097
110916645,9645,8050,3466098
110916677,9615,8010,3466099
110916709,9391,7999,3466100
110916741,9309,8036,3466101
110916773,9681,7778,3466102
110916805,9652,7808,3466103
110916837,9319,7843,3466104
110916869,9524,7825,3466105
110916901,9591,7851,3466106
110916933,9530,7815,3466107
110916965,9372,7765,3466108
110916997,9565,7797,3466109
110917029,9606,7763,3466110
110917061,9409,7843,3466111
110917093,9364,7797,3466112
110917125,9577,7807,3466113
110917157,9590,7611,3466114
110917189,9482,7555,3466115
110917221,9487,7569,3466116
110917253,9606,7634,3466117
110917285,9769,7650,3466118
110917317,9497,7609,3466119
110917349,9273,7638,3466120
110917381,9516,7552,3466121
110917413,9640,7567,3466122
110917445,9465,7601,3466123
110917477,9446,7596,3466124
110917509,9698,7603,3466125
110917541,9623,7408,3466126
110917573,9266,7410,3466127
110917605,9426,7379,3466128
110917637,9639,7411,3466129
110917669,9578,7359,3466130
110917701,9354,7432,3466131
110917733,9490,7473,3466132
110917765,9650,7394,3466133
110917797,9411,7444,3466134
110917829,9394,7404,3466135
110917861,9580,7404,3466136
110917893,9654,7420,3466137
110917925,9389,7401,3466138
110917957,9616,7215,3466139
110917989,9547,7265,3466140
110918021,9382,7224,3466141
110918053,9442,7245,3466142
110918085,9527,7256,3466143
110918117,9558,7208,3466144
110918149,9646,7240,3466145
110918181,9509,7251,3466146
110918213,9523,7208,3466147
110918245,9391,7226,3466148
110918277,9515,7165,3466149
110918309,9523,7207,3466150
110918341,9489,7045,3466151
110918373,9492,7037,3466152
110918405,9579,7038,3466153
110918437,9418,7006,3466154
110918469,9421,6974,3466155
110918501,9485,7014,3466156
110918533,9464,6987,3466157
110918565,9413,7065,3466158
110918597,9576,6996,3466159
110918629,9526,7029,3466160
110918661,9456,7014,3466161
110918693,9504,7017,3466162
110918725,9406,6856,3466163
110918757,9487,6795,3466164
110918789,9492,6770,3466165
110918821,9641,6808,3466166
110918853,9558,6787,3466167
110918885,9599,6843,3466168
110918917,9594,6799,3466169
110918949,9547,6819,3466170
110918981,9533,6838,3466171
110919013,9416,6836,3466172
110919045,9600,6804,3466173
110919077,9558,6862,3466174
110919109,9210,6593,3466175
110919141,9402,6561,3466176
110919173,9490,6623,3466177
110919205,9449,6630,3466178
110919237,9544,6604,3466179
110919269,9428,6604,3466180
110919301,9428,6573,3466181
110919333,9333,6630,3466182
110919365,9353,6613,3466183
110919397,9287,6611,3466184
110919429,9511,6576,3466185
110919461,9382,6592,3466186
110919493,9473,6598,3466187
110919525,9426,6407,3466188
110919557,9499,6380,3466189
110919589,9480,6437,3466190
110919621,9320,6404,3466191
110919653,9398,6419,3466192
110919685,9711,6387,3466193
110919717,9566,6430,3466194
110919749,9362,6459,3466195
110919781,9404,6370,3466196
110919813,9441,6402,3466197
110919845,9137,6397,3466198
110919877,9174,6428,3466199
110919909,9556,6297,3466200
110919941,9495,6273,3466201
110919973,9352,6257,3466202
110920005,9641,6198,3466203
110920037,9595,6228,3466204
110920069,9467,6243,3466205
110920101,9208,6247,3466206
110920133,9604,6213,3466207
110920165,9557,6210,3466208
110920197,9432,6219,3466209
110920229,9408,6183,3466210
110920261,9480,6251,3466211
110920293,9464,6027,3466212
110920325,9431,5963,3466213
110920357,9362,6090,3466214
110920389,9713,6037,3466215
110920421,9374,6019,3466216
110920453,9442,5990,3466217
110920485,9364,5999,3466218
110920517,9292,6032,3466219
110920549,9533,6011,3466220
110920581,9504,6040,3466221
110920613,9329,6000,3466222
110920645,9638,5961,3466223
110920677,9435,5830,3466224
110920709,9292,5797,3466225
110920741,9488,5824,3466226
110920773,9497,5801,3466227
110920805,9381,5816,3466228
110920837,9382,5854,3466229
110920869,9581,5820,3466230
110920901,9545,5774,3466231
110920933,9329,5806,3466232
110920965,9320,5860,3466233
110920997,9523,5825,3466234
110921029,9449,5816,3466235
110921061,9301,5661,3466236
110921093,9461,5614,3466237
110921125,9656,5576,3466238
110921157,9157,5629,3466239
110921189,9266,5663,3466240
110921221,9331,5673,3466241
110921253,9538,5626,3466242
110921285,9429,5569,3466243
110921317,9370,5623,3466244
110921349,9541,5662,3466245
110921381,9469,5585,3466246
110921413,9313,5656,3466247
110921445,9403,5631,3466248
110921477,9530,5392,3466249
110921509,9434,5434,3466250
110921541,9364,5497,3466251
110921573,9417,5511,3466252
110921605,9270,5527,3466253
110921637,9336,5467,3466254
110921669,9244,5431,3466255
110921701,9196,5452,3466256
110921733,9454,5401,3466257
110921765,9274,5462,3466258
110921797,9164,5392,3466259
110921829,9408,5446,3466260
110921861,9610,5306,3466261
110921893,9264,5278,3466262
110921925,9206,5266,3466263
110921957,9625,5246,3466264
110921989,9551,5290,3466265
110922021,9297,5258,3466266
110922053,9421,5277,3466267
110922085,9352,5255,3466268
110922117,9294,5225,3466269
110922149,9267,5264,3466270
110922181,9456,5288,3466271
110922213,9463,5209,3466272
110922245,9267,5056,3466273
110922277,9242,5056,3466274
110922309,9289,5098,3466275
110922341,9251,5067,3466276
110922373,9344,5038,3466277
110922405,9435,5036,3466278
110922437,9499,5073,3466279
110922469,9206,5039,3466280
110922501,9427,5016,3466281
110922533,9348,5043,3466282
110922565,9358,5014,3466283
110922597,9393,5035,3466284
110922629,9563,4878,3466285
110922661,9364,4913,3466286
110922693,9380,4900,3466287
110922725,9288,4856,3466288
110922757,9247,4860,3466289
110922789,9294,4864,3466290
110922821,9440,4932,3466291
110922853,9464,4854,3466292
110922885,9329,4948,3466293
110922917,9358,4857,3466294
110922949,9297,4891,3466295
110922981,9234,4851,3466296
110923013,9183,4680,3466297
110923045,9448,4728,3466298
110923077,9453,4695,3466299
110923109,9186,4659,3466300
110923141,9347,4743,3466301
110923173,9420,4724,3466302
110923205,9124,4744,3466303
110923237,9239,4719,3466304
110923269,9555,4698,3466305
110923301,9319,4710,3466306
110923333,9349,4688,3466307
110923365,9187,4725,3466308
110923397,9345,4745,3466309
110923429,9288,4541,3466310
110923461,9104,4484,3466311
110923493,9338,4520,3466312
110923525,9394,4498,3466313
110923557,9349,4524,3466314
110923589,9140,4464,3466315
110923621,9304,4494,3466316
110923653,9377,4526,3466317
110923685,9213,4513,3466318
110923717,9429,4516,3466319
110923749,9320,4514,3466320
110923781,9463,4522,3466321
110923813,9221,4339,3466322
110923845,9008,4368,3466323
110923877,9173,4327,3466324
110923909,9462,4301,3466325
110923941,9269,4295,3466326
110923973,9236,4300,3466327
110924005,9464,4382,3466328
110924037,9268,4323,3466329
110924069,8932,4411,3466330
110924101,9298,4322,3466331
110924133,9391,4305,3466332
110924165,9334,4301,3466333
110924197,9225,4166,3466334
110924229,9202,4140,3466335
110924261,9552,4196,3466336
110924293,8998,4196,3466337
110924325,8950,4162,3466338
110924357,9351,4098,3466339
110924389,9378,4150,3466340
110924421,9137,4151,3466341
110924453,9418,4225,3466342
110924485,9312,4183,3466343
110924517,8950,4103,3466344
110924549,9182,4141,3466345
110924581,9192,3949,3466346
110924613,9209,3941,3466347
110924645,9255,3962,3466348
110924677,9096,3969,3466349
110924709,9271,4013,3466350
110924741,9249,3955,3466351
110924773,9179,3985,3466352
110924805,9350,3984,3466353
110924837,9298,3999,3466354
110924869,9243,3982,3466355
110924901,9325,3974,3466356
110924933,9130,4021,3466357
110924965,9031,3794,3466358
110924997,9272,3810,3466359
110925029,9263,3825,3466360
110925061,9045,3771,3466361
110925093,9301,3769,3466362
110925125,9252,3823,3466363
110925157,9037,3798,3466364
110925189,9071,3807,3466365
110925221,9321,3771,3466366
110925253,9177,3824,3466367
110925285,9185,3776,3466368
110925317,9401,3795,3466369
110925349,9321,3824,3466370
110925381,9124,3617,3466371
110925413,9144,3670,3466372
110925445,9148,3625,3466373
110925477,9180,3582,3466374
110925509,9053,3657,3466375
110925541,9288,3629,3466376
110925573,9277,3668,3466377
110925605,9180,3712,3466378
110925637,8994,3621,3466379
110925669,9208,3664,3466380
110925701,9128,3587,3466381
110925733,9243,3590,3466382
110925765,9315,3460,3466383
110925797,9172,3461,3466384
110925829,9091,3503,3466385
110925861,9103,3431,3466386
110925893,8944,3454,3466387
110925925,9312,3460,3466388
110925957,9423,3437,3466389
110925989,9188,3423,3466390
110926021,9209,3404,3466391
110926053,9130,3474,3466392
110926085,9206,3456,3466393
110926117,9035,3477,3466394
110926149,9180,3253,3466395
110926181,9312,3348,3466396
110926213,9201,3351,3466397
110926245,9113,3303,3466398
110926277,9095,3353,3466399
110926309,9192,3348,3466400
110926341,9067,3336,3466401
110926373,9015,3269,3466402
110926405,9283,3313,3466403
110926437,9252,3305,3466404
110926469,9098,3315,3466405
110926501,9055,3311,3466406
110926533,9310,3127,3466407
110926565,9012,3144,3466408
110926597,8985,3186,3466409
110926629,9163,3184,3466410
110926661,9333,3133,3466411
110926693,9087,3132,3466412
110926725,9038,3127,3466413
110926757,8969,3190,3466414
110926789,9039,3216,3466415
110926821,8931,3159,3466416
110926853,9143,3171,3466417
110926885,9062,3159,3466418
110926917,9179,3007,3466419
110926949,9084,3006,3466420
110926981,9118,2957,3466421
110927013,9135,3028,3466422
110927045,9123,3005,3466423
110927077,9199,2989,3466424
110927109,8974,2961,3466425
110927141,9222,2982,3466426
110927173,8961,2924,3466427
110927205,8901,2975,3466428
110927237,9078,2995,3466429
110927269,9180,2959,3466430
110927301,9197,2980,3466431
110927333,9101,2827,3466432
110927365,9028,2799,3466433
110927397,9246,2810,3466434
110927429,9065,2846,3466435
110927461,8883,2793,3466436
110927493,9080,2822,3466437
110927525,9049,2857,3466438
110927557,8924,2869,3466439
110927589,9172,2831,3466440
110927621,9274,2860,3466441
110927653,8838,2840,3466442
110927685,8825,2788,3466443
110927717,9036,2679,3466444
110927749,9143,2715,3466445
110927781,8924,2660,3466446
110927813,9035,2665,3466447
110927845,9077,2654,3466448
110927877,8996,2686,3466449
110927909,8845,2620,3466450
110927941,8988,2714,3466451
110927973,9188,2660,3466452
110928005,9078,2679,3466453
110928037,8910,2705,3466454
110928069,9044,2726,3466455
110928101,8994,2588,3466456
110928133,8954,2503,3466457
110928165,8839,2477,3466458
110928197,9194,2501,3466459
110928229,9250,2506,3466460
110928261,9093,2558,3466461
110928293,8743,2567,3466462
110928325,8968,2545,3466463
110928357,9181,2497,3466464
110928389,8943,2499,3466465
110928421,8890,2506,3466466
110928453,9376,2508,3466467
110928485,9072,2343,3466468
110928517,8685,2420,3466469
110928549,8948,2415,3466470
110928581,9215,2398,3466471
110928613,8948,2328,3466472
110928645,8845,2404,3466473
110928677,9011,2411,3466474
110928709,9181,2364,3466475
110928741,8890,2417,3466476
110928773,8733,2403,3466477
110928805,9221,2360,3466478
110928837,9012,2345,3466479
110928869,8924,2297,3466480
110928901,8991,2303,3466481
110928933,8974,2199,3466482
110928965,8953,2284,3466483
110928997,8774,2217,3466484
110929029,8930,2229,3466485
110929061,8963,2230,3466486
110929093,8956,2281,3466487
110929125,8894,2214,3466488
110929157,8789,2224,3466489
110929189,9155,2247,3466490
110929221,9016,2278,3466491
110929253,8781,2219,3466492
110929285,9026,2053,3466493
110929317,8994,2128,3466494
110929349,9048,2084,3466495
110929381,8975,2142,3466496
110929413,8975,2128,3466497
110929445,9102,2087,3466498
110929477,8769,2088,3466499
110929509,8949,2044,3466500
110929541,9136,2181,3466501
110929573,9102,2045,3466502
110929605,8784,2080,3466503
110929637,8911,2112,3466504
110929669,9208,1961,3466505
110929701,8879,1931,3466506
110929733,8652,1968,3466507
110929765,9137,1903,3466508
110929797,9141,2030,3466509
110929829,8837,1976,3466510
110929861,8833,1936,3466511
110929893,8961,1982,3466512
110929925,8840,1964,3466513
110929957,8660,2013,3466514
110929989,8891,1968,3466515
110930021,9023,1918,3466516
110930053,9020,1865,3466517
110930085,8649,1847,3466518
110930117,8799,1806,3466519
110930149,8875,1805,3466520
110930181,8883,1816,3466521
110930213,8905,1848,3466522
110930245,8761,1886,3466523
110930277,8971,1864,3466524
110930309,8914,1874,3466525
110930341,8537,1860,3466526
110930373,8748,1814,3466527
110930405,9014,1807,3466528
110930437,8797,1696,3466529
110930469,8568,1701,3466530
110930501,8759,1688,3466531
110930533,8909,1713,3466532
110930565,8603,1755,3466533
110930597,8764,1732,3466534
110930629,9083,1658,3466535
110930661,9010,1691,3466536
110930693,8784,1773,3466537
110930725,8793,1760,3466538
110930757,8934,1715,3466539
110930789,8681,1769,3466540
110930821,8702,1741,3466541
110930853,8868,1538,3466542
110930885,8956,1573,3466543
110930917,8678,1609,3466544
110930949,8798,1583,3466545
110930981,8899,1642,3466546
110931013,8682,1621,3466547
110931045,8662,1650,3466548
110931077,8758,1633,3466549
110931109,8803,1597,3466550
110931141,8941,1596,3466551
110931173,8871,1594,3466552
110931205,8748,1542,3466553
110931237,8768,1443,3466554
110931269,8840,1440,3466555
110931301,8807,1473,3466556
110931333,8910,1500,3466557
110931365,8918,1482,3466558
110931397,8818,1483,3466559
110931429,8835,1496,3466560
110931461,8780,1472,3466561
110931493,8892,1486,3466562
110931525,8899,1496,3466563
110931557,8812,1437,3466564
110931589,8937,1435,3466565
110931621,8814,1346,3466566
110931653,8755,1403,3466567
110931685,8793,1323,3466568
110931717,8872,1364,3466569
110931749,8641,1343,3466570
110931781,8688,1365,3466571
110931813,9007,1359,3466572
110931845,8683,1425,3466573
110931877,8798,1374,3466574
110931909,8695,1343,3466575
110931941,8794,1357,3466576
110931973,8691,1351,3466577
110932005,8568,1261,3466578
110932037,8761,1237,3466579
110932069,8741,1276,3466580
110932101,8728,1245,3466581
110932133,8506,1258,3466582
110932165,8860,1206,3466583
110932197,8643,1290,3466584
110932229,8595,1266,3466585
110932261,8826,1219,3466586
110932293,8656,1251,3466587
110932325,8683,1219,3466588
110932357,8698,1224,3466589
110932389,8599,1118,3466590
110932421,8538,1175,3466591
110932453,8740,1141,3466592
110932485,8792,1158,3466593
110932517,8574,1161,3466594
110932549,8750,1147,3466595
110932581,8656,1182,3466596
110932613,8430,1145,3466597
110932645,8654,1157,3466598
110932677,8845,1166,3466599
110932709,8816,1142,3466600
110932741,8628,1127,3466601
110932773,8607,1180,3466602
110932805,8866,1061,3466603
110932837,8626,1008,3466604
110932869,8549,1088,3466605
110932901,8971,985,3466606
110932933,8747,1014,3466607
110932965,8588,1062,3466608
110932997,8643,1070,3466609
110933029,8797,1033,3466610
110933061,8618,1058,3466611
110933093,8540,1061,3466612
110933125,8843,1048,3466613
110933157,8776,1058,3466614
110933189,8790,951,3466615
110933221,8533,907,3466616
110933253,8606,884,3466617
110933285,8774,940,3466618
110933317,8515,949,3466619
110933349,8621,957,3466620
110933381,8697,936,3466621
110933413,8701,962,3466622
110933445,8628,969,3466623
110933477,8499,953,3466624
110933509,8654,969,3466625
110933541,8693,921,3466626
110933573,8706,846,3466627
110933605,8444,829,3466628
110933637,8728,836,3466629
110933669,8743,828,3466630
110933701,8368,879,3466631
110933733,8502,834,3466632
110933765,8775,851,3466633
110933797,8710,813,3466634
110933829,8569,895,3466635
110933861,8629,858,3466636
110933893,8640,866,3466637
110933925,8431,860,3466638
110933957,8348,726,3466639
110933989,8576,766,3466640
110934021,8680,738,3466641
110934053,8504,773,3466642
110934085,8573,819,3466643
110934117,8812,782,3466644
110934149,8438,755,3466645
110934181,8385,748,3466646
110934213,8698,781,3466647
110934245,8746,762,3466648
110934277,8491,819,3466649
110934309,8439,783,3466650
110934341,8559,724,3466651
110934373,8381,687,3466652
110934405,8423,687,3466653
110934437,8510,654,3466654
110934469,8805,714,3466655
110934501,8566,702,3466656
110934533,8507,653,3466657
110934565,8456,702,3466658
110934597,8499,690,3466659
110934629,8496,604,3466660
110934661,8461,702,3466661
110934693,8505,661,3466662
110934725,8643,676,3466663
110934757,8571,597,3466664
110934789,8445,647,3466665
110934821,8362,583,3466666
110934853,8580,582,3466667
110934885,8468,603,3466668
110934917,8330,639,3466669
110934949,8791,569,3466670
110934981,8696,601,3466671
110935013,8355,577,3466672
110935045,8328,617,3466673
110935077,8633,617,3466674
110935109,8410,550,3466675
110935141,8461,545,3466676
110935173,8528,515,3466677
110935205,8613,484,3466678
110935237,8408,545,3466679
110935269,8371,504,3466680
110935301,8567,584,3466681
110935333,8687,581,3466682
110935365,8448,508,3466683
110935397,8436,518,3466684
110935429,8695,562,3466685
110935461,8444,555,3466686
110935493,8318,508,3466687
110935525,8266,449,3466688
110935557,8473,429,3466689
110935589,8522,457,3466690
110935621,8456,456,3466691
110935653,8464,447,3466692
110935685,8422,414,3466693
110935717,8366,413,3466694
110935749,8297,435,3466695
110935781,8370,443,3466696
110935813,8647,425,3466697
110935845,8491,463,3466698
110935877,8342,470,3466699
110935909,8375,389,3466700
110935941,8406,360,3466701
110935973,8290,417,3466702
110936005,8276,391,3466703
110936037,8600,376,3466704
110936069,8514,348,3466705
110936101,8240,411,3466706
110936133,8368,327,3466707
110936165,8681,338,3466708
110936197,8240,396,3466709
110936229,8225,389,3466710
110936261,8513,420,3466711
110936293,8643,345,3466712
110936325,8336,366,3466713
110936357,8274,365,3466714
110936389,8539,282,3466715
110936421,8414,348,3466716
110936453,8156,386,3466717
110936485,8345,321,3466718
110936517,8554,323,3466719
110936549,8413,355,3466720
110936581,8172,371,3466721
110936613,8375,293,3466722
110936645,8314,275,3466723
110936677,8417,355,3466724
110936709,8403,367,3466725
110936741,8376,322,3466726
110936773,8466,297,3466727
110936805,8244,348,3466728
110936837,8224,339,3466729
110936869,8216,312,3466730
110936901,8539,360,3466731
110936933,8416,327,3466732
110936965,8059,349,3466733
110936997,8364,300,3466734
110937029,8339,328,3466735
110937061,8230,294,3466736
110937093,8227,349,3466737
110937125,8516,344,3466738
110937157,8470,363,3466739
110937189,8294,346,3466740
110937221,8345,366,3466741
110937253,8382,306,3466742
110937285,8177,373,3466743
110937317,8064,311,3466744
110937349,8307,343,3466745
110937381,8432,331,3466746
110937413,8221,299,3466747
110937445,8266,344,3466748
110937477,8433,347,3466749
110937509,8179,335,3466750
110937541,8180,329,3466751
110937573,8320,286,3466752
110937605,8322,367,3466753
110937637,8233,371,3466754
110937669,8238,337,3466755
110937701,8215,385,3466756
110937733,8311,300,3466757
110937765,8115,298,3466758
110937797,8360,320,3466759
110937829,8424,281,3466760
110937861,8323,307,3466761
110937893,8182,346,3466762
110937925,8201,344,3466763
110937957,8141,313,3466764
110937989,8277,347,3466765
110938021,8312,346,3466766
110938053,8286,286,3466767
110938085,8293,290,3466768
110938117,8378,402,3466769
110938149,8214,368,3466770
110938181,8170,345,3466771
110938213,8457,300,3466772
110938245,8282,334,3466773
110938277,8283,330,3466774
110938309,8363,334,3466775
110938341,8293,358,3466776
110938373,8212,276,3466777
110938405,8187,317,3466778
110938437,8180,339,3466779
110938469,8366,388,3466780
110938501,8173,277,3466781
110938533,8298,366,3466782
110938565,8420,342,3466783
110938597,8242,291,3466784
110938629,7952,356,3466785
110938661,8115,297,3466786
110938693,8217,278,3466787
110938725,8171,339,3466788
110938757,8240,355,3466789
110938789,8123,260,3466790
110938821,8192,354,3466791
110938853,8049,388,3466792
110938885,8084,277,3466793
110938917,8269,340,3466794
110938949,8243,358,3466795
110938981,8205,388,3466796
110939013,8194,297,3466797
110939045,7968,322,3466798
110939077,8178,307,3466799
110939109,8006,328,3466800
110939141,8079,321,3466801
110939173,8280,305,3466802
110939205,8241,392,3466803
110939237,8042,375,3466804
110939269,8082,333,3466805
110939301,8275,379,3466806
110939333,8147,366,3466807
110939365,8031,371,3466808
110939397,8173,339,3466809
110939429,8318,333,3466810
110939461,7965,321,3466811
110939493,8203,322,3466812
110939525,8298,270,3466813
110939557,8090,313,3466814
110939589,8010,324,3466815
110939621,8103,311,3466816
110939653,8224,337,3466817
110939685,8212,330,3466818
110939717,8009,326,3466819
110939749,8116,360,3466820
110939781,8131,313,3466821
110939813,8192,310,3466822
110939845,8276,386,3466823
110939877,8144,337,3466824
110939909,8173,332,3466825
110939941,7954,329,3466826
110939973,8063,348,3466827
110940005,8107,346,3466828
110940037,8266,306,3466829
110940069,8076,332,3466830
110940101,8094,359,3466831
110940133,8114,343,3466832
110940165,8111,349,3466833
110940197,7922,342,3466834
110940229,7970,333,3466835
110940261,8274,359,3466836
110940293,8157,375,3466837
110940325,8003,317,3466838
110940357,8150,361,3466839
110940389,8254,310,3466840
110940421,8024,298,3466841
110940453,7934,324,3466842
110940485,8066,298,3466843
110940517,8234,297,3466844
110940549,7993,346,3466845
110940581,7941,318,3466846
110940613,8316,315,3466847
110940645,8083,311,3466848
110940677,7859,331,3466849
110940709,8185,366,3466850
110940741,8276,324,3466851
110940773,8000,349,3466852
110940805,7951,349,3466853
110940837,8036,262,3466854
110940869,7935,358,3466855
110940901,8000,337,3466856
110940933,8070,295,3466857
110940965,8253,324,3466858
110940997,8282,349,3466859
110941029,8003,322,3466860
110941061,7811,389,3466861
110941093,7873,324,3466862
110941125,8010,333,3466863
110941157,7904,286,3466864
110941189,7962,371,3466865
110941221,8109,341,3466866
110941253,7982,324,3466867
110941285,7813,294,3466868
110941317,7970,321,3466869
110941349,8126,299,3466870
110941381,8100,378,3466871
110941413,7684,312,3466872
110941445,8031,279,3466873
110941477,8075,382,3466874
110941509,7898,304,3466875
110941541,7813,281,3466876
110941573,8159,258,3466877
110941605,8076,299,3466878
110941637,7854,296,3466879
110941669,8049,333,3466880
110941701,8216,347,3466881
110941733,7812,281,3466882
110941765,7799,352,3466883
110941797,7969,286,3466884
110941829,8061,310,3466885
110941861,7877,275,3466886
110941893,7996,361,3466887
110941925,8183,383,3466888
110941957,7861,337,3466889
110941989,7845,366,3466890
110942021,7963,366,3466891
110942053,8005,334,3466892
110942085,7951,303,3466893
110942117,7920,320,3466894
110942149,7984,397,3466895
110942181,7809,310,3466896
110942213,7896,323,3466897
110942245,7749,390,3466898
110942277,8027,264,3466899
110942309,8041,330,3466900
110942341,8041,322,3466901
110942373,7831,324,3466902
110942405,7827,300,3466903
110942437,7946,311,3466904
110942469,7775,306,3466905
110942501,7870,325,3466906
110942533,7971,334,3466907
110942565,7947,335,3466908
110942597,7814,344,3466909
110942629,7634,398,3466910
110942661,7933,317,3466911
110942693,7839,307,3466912
110942725,7680,368,3466913
110942757,8038,306,3466914
110942789,8012,334,3466915
110942821,7891,346,3466916
110942853,7799,322,3466917
110942885,7987,303,3466918
110942917,7932,320,3466919
110942949,7898,327,3466920
110942981,7875,316,3466921
110943013,8100,275,3466922
110943045,7951,388,3466923
110943077,7659,297,3466924
110943109,7633,396,3466925
110943141,7901,328,3466926
110943173,7970,311,3466927
110943205,8017,364,3466928
110943237,7929,308,3466929
110943269,7844,277,3466930
110943301,7762,276,3466931
110943333,7791,356,3466932
110943365,7743,373,3466933
110943397,8024,320,3466934
110943429,7991,335,3466935
110943461,7603,341,3466936
110943493,7883,326,3466937
110943525,7995,345,3466938
110943557,7688,349,3466939
110943589,7653,252,3466940
110943621,8009,331,3466941
110943653,7919,320,3466942
110943685,7866,366,3466943
110943717,7825,366,3466944
110943749,7928,273,3466945
110943781,7850,361,3466946
110943813,7913,332,3466947
110943845,7845,295,3466948
110943877,8109,308,3466949
110943909,7707,310,3466950
110943941,7799,305,3466951
110943973,7902,311,3466952
110944005,7672,366,3466953
110944037,7678,315,3466954
110944069,7828,329,3466955
110944101,7729,336,3466956
110944133,7787,352,3466957
110944165,7753,306,3466958
110944197,7714,302,3466959
110944229,7818,327,3466960
110944261,7774,356,3466961
110944293,7741,352,3466962
110944325,7855,339,3466963
110944357,7924,301,3466964
110944389,7726,278,3466965
110944421,7792,342,3466966
110944453,7580,247,3466967
110944485,7674,294,3466968
110944517,7896,357,3466969
110944549,7854,337,3466970
110944581,7834,405,3466971
110944613,7768,340,3466972
110944645,7560,342,3466973
110944677,7609,331,3466974
110944709,7937,294,3466975
110944741,7720,402,3466976
110944773,7468,360,3466977
110944805,7788,330,3466978
110944837,7911,275,3466979
110944869,7629,291,3466980
110944901,7647,370,3466981
110944933,7811,334,3466982
110944965,7920,371,3466983
110944997,7647,362,3466984
110945029,7717,374,3466985
110945061,7714,308,3466986
110945093,7754,280,3466987
110945125,7590,354,3466988
110945157,7673,302,3466989
110945189,7891,310,3466990
110945221,7760,279,3466991
110945253,7658,370,3466992
110945285,7722,298,3466993
110945317,7677,282,3466994
110945349,7715,299,3466995
110945381,7753,353,3466996
110945413,7669,298,3466997
110945445,7928,290,3466998
110945477,7651,323,3466999
110945509,7472,264,3467000
110945541,7621,305,3467001
110945573,7754,313,3467002
110945605,7727,355,3467003
110945637,7792,359,3467004
110945669,7775,230,3467005
110945701,7656,317,3467006
110945733,7517,310,3467007
110945765,7594,306,3467008
110945797,7674,340,3467009
110945829,7739,359,3467010
110945861,7598,324,3467011
110945893,7726,334,3467012
110945925,7772,376,3467013
110945957,7654,341,3467014
110945989,7473,342,3467015
110946021,7767,276,3467016
110946053,7679,292,3467017
110946085,7472,375,3467018
110946117,7614,439,3467019
110946149,7770,401,3467020
110946181,7738,409,3467021
110946213,7517,442,3467022
110946245,7509,333,3467023
110946277,7743,366,3467024
110946309,7480,315,3467025
110946341,7539,428,3467026
110946373,7835,404,3467027
110946405,7844,451,3467028
110946437,7410,374,3467029
110946469,7540,489,3467030
110946501,7685,451,3467031
110946533,7773,443,3467032
110946565,7570,426,3467033
110946597,7593,419,3467034
110946629,7678,482,3467035
110946661,7706,445,3467036
110946693,7554,483,3467037
110946725,7498,468,3467038
110946757,7779,402,3467039
110946789,7673,434,3467040
110946821,7484,448,3467041
110946853,7476,548,3467042
110946885,7811,500,3467043
110946917,7679,479,3467044
110946949,7385,540,3467045
110946981,7564,568,3467046
110947013,7784,497,3467047
110947045,7381,515,3467048
110947077,7470,585,3467049
110947109,7767,552,3467050
110947141,7494,470,3467051
110947173,7307,502,3467052
110947205,7628,544,3467053
110947237,7830,632,3467054
110947269,7506,612,3467055
110947301,7517,621,3467056
110947333,7637,585,3467057
110947365,7466,629,3467058
110947397,7477,569,3467059
110947429,7531,565,3467060
110947461,7709,663,3467061
110947493,7600,614,3467062
110947525,7450,645,3467063
110947557,7306,590,3467064
110947589,7634,649,3467065
110947621,7583,643,3467066
110947653,7492,676,3467067
110947685,7533,656,3467068
110947717,7574,751,3467069
110947749,7531,679,3467070
110947781,7457,674,3467071
110947813,7381,690,3467072
110947845,7724,670,3467073
110947877,7541,699,3467074
110947909,7310,710,3467075
110947941,7584,703,3467076
110947973,7590,690,3467077
110948005,7332,668,3467078
110948037,7326,750,3467079
110948069,7723,798,3467080
110948101,7644,772,3467081
110948133,7232,767,3467082
110948165,7478,809,3467083
110948197,7665,815,3467084
110948229,7456,762,3467085
110948261,7293,740,3467086
110948293,7474,783,3467087
110948325,7563,743,3467088
110948357,7474,733,3467089
110948389,7500,775,3467090
110948421,7606,844,3467091
110948453,7516,863,3467092
110948485,7236,842,3467093
110948517,7410,805,3467094
110948549,7520,833,3467095
110948581,7647,833,3467096
110948613,7459,834,3467097
110948645,7476,873,3467098
110948677,7486,852,3467099
110948709,7588,824,3467100
110948741,7294,887,3467101
110948773,7644,852,3467102
110948805,7675,993,3467103
110948837,7407,948,3467104
110948869,7310,1002,3467105
110948901,7341,915,3467106
110948933,7543,937,3467107
110948965,7523,928,3467108
110948997,7326,937,3467109
110949029,7516,982,3467110
110949061,7748,912,3467111
110949093,7291,957,3467112
110949125,7244,968,3467113
110949157,7541,953,3467114
110949189,7459,1065,3467115
110949221,7278,1075,3467116
110949253,7528,1025,3467117
110949285,7676,1086,3467118
110949317,7379,1080,3467119
110949349,7328,1088,3467120
110949381,7591,1067,3467121
110949413,7399,1022,3467122
110949445,7468,1007,3467123
110949477,7546,1097,3467124
110949509,7444,1057,3467125
110949541,7500,1100,3467126
110949573,7306,1188,3467127
110949605,7447,1387,3467128
110949637,7444,1130,3467129
110949669,7322,1211,3467130
110949701,7449,1174,3467131
110949733,7463,1133,3467132
110949765,7373,1155,3467133
110949797,7391,1140,3467134
110949829,7354,1106,3467135
110949861,7298,1136,3467136
110949893,7538,1084,3467137
110949925,7391,1163,3467138
110949957,7297,1160,3467139
110949989,7398,1294,3467140
110950021,7379,1239,3467141
110950053,7250,1308,3467142
110950085,7300,1256,3467143
110950117,7501,1228,3467144
110950149,7391,1267,3467145
110950181,7307,1271,3467146
110950213,7218,1281,3467147
110950245,7553,1245,3467148
110950277,7324,1217,3467149
110950309,7390,1278,3467150
110950341,7270,1263,3467151
110950373,7580,1344,3467152
110950405,7311,1394,3467153
110950437,7317,1354,3467154
110950469,7421,1346,3467155
110950501,7376,1403,3467156
110950533,7283,1353,3467157
110950565,7446,1336,3467158
110950597,7432,1352,3467159
110950629,7483,1342,3467160
110950661,7371,1350,3467161
110950693,7267,1440,3467162
110950725,7200,1384,3467163
110950757,7282,1452,3467164
110950789,7435,1439,3467165
110950821,7460,1485,3467166
110950853,7541,1482,3467167
110950885,7234,1452,3467168
110950917,7169,1450,3467169
110950949,7329,1535,3467170
110950981,7367,1468,3467171
110951013,7465,1468,3467172
110951045,7240,1483,3467173
110951077,7436,1443,3467174
110951109,7292,1466,3467175
110951141,7150,1637,3467176
110951173,7153,1545,3467177
110951205,7407,1614,3467178
110951237,7518,1595,3467179
110951269,7082,1600,3467180
110951301,7565,1614,3467181
110951333,7473,1628,3467182
110951365,7225,1562,3467183
110951397,7057,1637,3467184
110951429,7478,1660,3467185
110951461,7381,1567,3467186
110951493,7208,1609,3467187
110951525,7235,1723,3467188
110951557,7448,1727,3467189
110951589,7252,1695,3467190
110951621,7141,1726,3467191
110951653,7134,1775,3467192
110951685,7496,1700,3467193
110951717,7306,1734,3467194
110951749,7155,1743,3467195
110951781,7318,1726,3467196
110951813,7196,1723,3467197
110951845,7081,1751,3467198
110951877,7248,1707,3467199
110951909,7432,1705,3467200
110951941,7468,1792,3467201
110951973,7316,1850,3467202
110952005,7030,1834,3467203
110952037,7229,1773,3467204
110952069,7414,1883,3467205
110952101,7128,1846,3467206
110952133,7217,1851,3467207
110952165,7407,1828,3467208
110952197,7443,1856,3467209
110952229,7146,1896,3467210
110952261,7077,1850,3467211
110952293,7335,1824,3467212
110952325,7398,1968,3467213
110952357,7013,1951,3467214
110952389,7248,1972,3467215
110952421,7603,2016,3467216
110952453,7196,1958,3467217
110952485,6938,2018,3467218
110952517,7320,1951,3467219
110952549,7394,1968,3467220
110952581,7106,1963,3467221
110952613,7302,1989,3467222
110952645,7371,2015,3467223
110952677,7262,1993,3467224
110952709,6963,2123,3467225
110952741,7163,1999,3467226
110952773,7369,2115,3467227
110952805,7251,2058,3467228
110952837,7208,2095,3467229
110952869,7170,2172,3467230
110952901,7380,2139,3467231
110952933,7175,2113,3467232
110952965,7046,2129,3467233
110952997,7252,2177,3467234
110953029,7333,2111,3467235
110953061,7262,2102,3467236
110953093,7155,2142,3467237
110953125,7234,2243,3467238
110953157,7316,2227,3467239
110953189,7128,2215,3467240
110953221,7122,2255,3467241
110953253,7352,2257,3467242
110953285,7273,2222,3467243
110953317,7110,2229,3467244
110953349,7211,2275,3467245
110953381,7277,2233,3467246
110953413,7057,2237,3467247
110953445,7242,2235,3467248
110953477,7293,2243,3467249
110953509,7312,2377,3467250
110953541,7214,2361,3467251
110953573,7112,2410,3467252
110953605,7154,2322,3467253
110953637,7230,2366,3467254
110953669,7003,2417,3467255
110953701,7148,2382,3467256
110953733,7273,2439,3467257
110953765,7200,2396,3467258
110953797,7133,2401,3467259
110953829,7255,2399,3467260
110953861,7202,2380,3467261
110953893,7100,2515,3467262
110953925,7147,2508,3467263
110953957,7396,2561,3467264
110953989,7349,2513,3467265
110954021,7206,2507,3467266
110954053,7062,2521,3467267
110954085,7147,2542,3467268
110954117,7263,2492,3467269
110954149,7194,2510,3467270
110954181,7214,2554,3467271
110954213,7166,2492,3467272
110954245,7291,2510,3467273
110954277,7122,2637,3467274
110954309,6998,2640,3467275
110954341,7198,2623,3467276
110954373,7469,2710,3467277
110954405,7007,2717,3467278
110954437,7040,2658,3467279
110954469,7386,2671,3467280
110954501,7006,2636,3467281
110954533,7006,2685,3467282
110954565,7327,2719,3467283
110954597,7235,2716,3467284
110954629,7044,2636,3467285
110954661,7136,2809,3467286
110954693,7365,2825,3467287
110954725,6976,2872,3467288
110954757,6980,2858,3467289
110954789,7066,2813,3467290
110954821,7260,2898,3467291
110954853,7174,2842,3467292
110954885,7168,2839,3467293
110954917,7349,2851,3467294
110954949,7003,2826,3467295
110954981,7016,2892,3467296
110955013,7073,2859,3467297
110955045,7108,3006,3467298
110955077,7018,3000,3467299
110955109,7196,3022,3467300
110955141,7002,3029,3467301
110955173,6958,2984,3467302
110955205,7023,3013,3467303
110955237,7098,2988,3467304
110955269,7085,2924,3467305
110955301,7131,2987,3467306
110955333,7216,2968,3467307
110955365,7015,2958,3467308
110955397,7058,3001,3467309
110955429,7064,2999,3467310
110955461,7337,3167,3467311
110955493,7112,3099,3467312
110955525,7054,3181,3467313
110955557,7283,3103,3467314
110955589,7025,3157,3467315
110955621,7006,3158,3467316
110955653,7190,3189,3467317
110955685,7281,3127,3467318
110955717,7008,3123,3467319
110955749,7155,3161,3467320
110955781,7161,3175,3467321
110955813,6906,3182,3467322
110955845,7003,3292,3467323
110955877,7112,3299,3467324
110955909,7172,3313,3467325
110955941,7081,3320,3467326
110955973,7242,3337,3467327
110956005,7216,3320,3467328
110956037,7123,3258,3467329
110956069,6982,3334,3467330
110956101,7045,3304,3467331
110956133,7096,3339,3467332
110956165,7125,3320,3467333
110956197,7032,3322,3467334
110956229,7121,3510,3467335
110956261,7082,3426,3467336
110956293,6973,3511,3467337
110956325,7124,3463,3467338
110956357,7052,3481,3467339
110956389,7093,3452,3467340
110956421,7127,3472,3467341
110956453,6985,3480,3467342
110956485,7067,3471,3467343
110956517,7057,3481,3467344
110956549,6988,3429,3467345
110956581,6987,3510,3467346
110956613,7132,3617,3467347
110956645,7169,3630,3467348
110956677,7032,3679,3467349
110956709,6946,3623,3467350
110956741,7079,3574,3467351
110956773,6960,3612,3467352
110956805,6959,3667,3467353
110956837,7034,3674,3467354
110956869,7315,3665,3467355
110956901,7011,3658,3467356
110956933,6886,3637,3467357
110956965,6988,3619,3467358
110956997,7115,3813,3467359
110957029,6730,3789,3467360
110957061,6919,3799,3467361
110957093,7317,3792,3467362
110957125,7050,3790,3467363
110957157,6875,3866,3467364
110957189,6857,3754,3467365
110957221,7015,3940,3467366
110957253,6992,3813,3467367
110957285,6939,3780,3467368
110957317,7012,3838,3467369
110957349,7203,3789,3467370
110957381,7027,3785,3467371
110957413,6849,4010,3467372
110957445,6973,3995,3467373
110957477,7173,3995,3467374
110957509,7201,3978,3467375
110957541,6933,3979,3467376
110957573,7144,3982,3467377
110957605,7008,3954,3467378
110957637,6969,3987,3467379
110957669,6836,3980,3467380
110957701,7115,4014,3467381
110957733,7206,4003,3467382
110957765,6878,3924,3467383
110957797,7036,4164,3467384
110957829,7143,4170,3467385
110957861,7032,4145,3467386
110957893,6799,4187,3467387
110957925,7195,4129,3467388
110957957,7111,4163,3467389
110957989,7037,4165,3467390
110958021,6878,4130,3467391
110958053,7200,4168,3467392
110958085,7140,4160,3467393
110958117,6896,4137,3467394
110958149,6928,4151,3467395
110958181,7222,4287,3467396
110958213,6992,4308,3467397
110958245,6918,4345,3467398
110958277,7001,4293,3467399
110958309,7089,4334,3467400
110958341,6875,4272,3467401
110958373,6884,4347,3467402
110958405,7074,4306,3467403
110958437,7237,4259,3467404
110958469,7050,4357,3467405
110958501,6830,4333,3467406
110958533,7001,4284,3467407
110958565,7102,4541,3467408
110958597,6827,4542,3467409
110958629,7082,4444,3467410
110958661,7173,4525,3467411
110958693,7110,4523,3467412
110958725,6801,4526,3467413
110958757,6806,4494,3467414
110958789,7149,4530,3467415
110958821,7128,4484,3467416
110958853,6871,4539,3467417
110958885,7047,4499,3467418
110958917,7324,4497,3467419
110958949,6865,4688,3467420
110958981,6724,4715,3467421
110959013,7006,4705,3467422
110959045,7020,4688,3467423
110959077,6802,4691,3467424
110959109,6878,4689,3467425
110959141,7022,4760,3467426
110959173,7098,4734,3467427
110959205,6737,4738,3467428
110959237,6864,4695,3467429
110959269,7052,4686,3467430
110959301,7026,4697,3467431
110959333,6948,4695,3467432
110959365,7008,4893,3467433
110959397,6951,4911,3467434
110959429,6747,4845,3467435
110959461,6929,4872,3467436
110959493,6935,4846,3467437
110959525,7006,4890,3467438
110959557,7031,4875,3467439
110959589,6918,4832,3467440
110959621,6848,4839,3467441
110959653,7028,4862,3467442
110959685,6994,4927,3467443
110959717,6898,4869,3467444
110959749,7137,5074,3467445
110959781,7161,5100,3467446
110959813,6861,5036,3467447
110959845,6750,5028,3467448
110959877,7146,5099,3467449
110959909,6950,5047,3467450
110959941,6827,5036,3467451
110959973,7068,5065,3467452
110960005,7131,5061,3467453
110960037,7070,5026,3467454
110960069,6804,5074,3467455
110960101,7057,5018,3467456
110960133,7099,5268,3467457
110960165,6738,5268,3467458
110960197,6965,5278,3467459
110960229,7041,5281,3467460
110960261,6914,5252,3467461
110960293,6959,5211,3467462
110960325,7084,5232,3467463
110960357,6963,5244,3467464
110960389,6847,5229,3467465
110960421,7043,5218,3467466
110960453,7141,5223,3467467
110960485,6942,5268,3467468
110960517,6888,5417,3467469
110960549,6944,5400,3467470
110960581,6889,5460,3467471
110960613,6943,5460,3467472
110960645,6954,5433,3467473
110960677,7072,5465,3467474
110960709,6933,5399,3467475
110960741,6975,5467,3467476
110960773,6829,5436,3467477
110960805,6938,5483,3467478
110960837,6907,5389,3467479
110960869,7230,5493,3467480
110960901,6898,5639,3467481
110960933,6838,5667,3467482
110960965,6944,5585,3467483
110960997,6992,5613,3467484
110961029,6882,5585,3467485
110961061,6873,5629,3467486
110961093,7044,5656,3467487
110961125,6923,5568,3467488
110961157,6979,5607,3467489
110961189,6907,5659,3467490
110961221,6847,5629,3467491
110961253,6803,5688,3467492
110961285,6813,5629,3467493
110961317,7037,5842,3467494
110961349,6931,5794,3467495
110961381,6939,5802,3467496
110961413,6932,5861,3467497
110961445,7037,5813,3467498
110961477,6831,5817,3467499
110961509,6778,5794,3467500
110961541,7002,5778,3467501
110961573,6925,5840,3467502
110961605,6993,5803,3467503
110961637,6983,5833,3467504
110961669,6822,5837,3467505
110961701,6853,6042,3467506
110961733,6997,6001,3467507
110961765,6927,6005,3467508
110961797,7008,6035,3467509
110961829,7063,6014,3467510
110961861,6876,6017,3467511
110961893,6810,6032,3467512
110961925,7016,5970,3467513
110961957,7005,5985,3467514
110961989,7009,6024,3467515
110962021,6973,6076,3467516
110962053,6905,6018,3467517
110962085,6862,6252,3467518
110962117,6827,6189,3467519
110962149,6934,6216,3467520
110962181,6864,6254,3467521
110962213,6853,6260,3467522
110962245,6998,6199,3467523
110962277,7075,6224,3467524
110962309,6882,6267,3467525
110962341,6881,6208,3467526
110962373,6978,6194,3467527
110962405,7023,6223,3467528
110962437,6946,6216,3467529
110962469,7085,6448,3467530
110962501,7096,6421,3467531
110962533,6910,6460,3467532
110962565,6707,6390,3467533
110962597,6773,6410,3467534
110962629,7067,6406,3467535
110962661,7017,6399,3467536
110962693,6961,6413,3467537
110962725,7093,6388,3467538
110962757,6896,6402,3467539
110962789,6798,6405,3467540
110962821,6839,6389,3467541
110962853,6960,6630,3467542
110962885,6964,6552,3467543
110962917,7013,6651,3467544
110962949,6925,6552,3467545
110962981,6769,6594,3467546
110963013,7100,6549,3467547
110963045,6784,6561,3467548
110963077,6762,6635,3467549
110963109,7100,6568,3467550
110963141,7062,6625,3467551
110963173,6862,6659,3467552
110963205,6890,6620,3467553
110963237,6915,6623,3467554
110963269,6815,6829,3467555
110963301,6922,6760,3467556
110963333,6830,6832,3467557
110963365,7147,6832,3467558
110963397,7013,6818,3467559
110963429,6870,6844,3467560
110963461,6989,6822,3467561
110963493,7057,6838,3467562
110963525,6870,6819,3467563
110963557,6889,6804,3467564
110963589,7225,6782,3467565
110963621,7007,6787,3467566
110963653,6821,6994,3467567
110963685,6832,7008,3467568
110963717,6996,7003,3467569
110963749,6967,7011,3467570
110963781,6858,7042,3467571
110963813,7025,7025,3467572
110963845,7025,7027,3467573
110963877,7005,7044,3467574
110963909,6654,6984,3467575
110963941,6933,6975,3467576
110963973,7069,7019,3467577
110964005,7005,6977,3467578
110964037,7029,7216,3467579
110964069,6934,7210,3467580
110964101,6966,7254,3467581
110964133,6836,7241,3467582
110964165,6845,7234,3467583
110964197,7164,7126,3467584
110964229,7149,7214,3467585
110964261,6771,7196,3467586
110964293,6833,7195,3467587
110964325,7015,7242,3467588
110964357,6874,7209,3467589
110964389,6783,7232,3467590
110964421,7016,7391,3467591
110964453,7144,7436,3467592
110964485,7377,7400,3467593
110964517,6916,7408,3467594
110964549,6973,7457,3467595
110964581,6911,7396,3467596
110964613,6837,7381,3467597
110964645,6940,7399,3467598
110964677,7132,7370,3467599
110964709,6981,7355,3467600
110964741,6945,7358,3467601
110964773,6957,7396,3467602
110964805,6882,7402,3467603
110964837,6927,7593,3467604
110964869,7046,7633,3467605
110964901,7054,7631,3467606
110964933,7118,7619,3467607
110964965,7074,7617,3467608
110964997,6783,7647,3467609
110965029,6756,7581,3467610
110965061,6988,7575,3467611
110965093,7027,7635,3467612
110965125,6968,7622,3467613
110965157,7054,7628,3467614
110965189,7073,7615,3467615
110965221,6838,7830,3467616
110965253,6936,7733,3467617
110965285,7052,7873,3467618
110965317,7088,7808,3467619
110965349,6924,7840,3467620
110965381,7015,7862,3467621
110965413,7101,7833,3467622
110965445,7085,7871,3467623
110965477,6808,7803,3467624
110965509,7022,7801,3467625
110965541,7119,7808,3467626
110965573,6781,7850,3467627
110965605,7001,7995,3467628
110965637,7225,8030,3467629
110965669,7048,7992,3467630
110965701,6889,8028,3467631
110965733,7052,7979,3467632
110965765,7047,8055,3467633
110965797,6990,8010,3467634
110965829,6804,8065,3467635
110965861,7137,8032,3467636
110965893,7007,8047,3467637
110965925,6919,7990,3467638
110965957,6905,8001,3467639
110965989,7111,8240,3467640
110966021,6948,8180,3467641
110966053,7068,8203,3467642
110966085,6914,8224,3467643
110966117,6924,8224,3467644
110966149,6987,8242,3467645
110966181,7032,8182,3467646
110966213,6937,8221,3467647
110966245,7057,8213,3467648
110966277,7037,8185,3467649
110966309,6912,8211,3467650
110966341,6896,8254,3467651
110966373,7159,8384,3467652
110966405,7001,8418,3467653
110966437,7052,8400,3467654
110966469,7118,8384,3467655
110966501,7068,8465,3467656
110966533,7086,8417,3467657
110966565,6801,8401,3467658
110966597,6804,8410,3467659
110966629,7111,8437,3467660
110966661,6945,8478,3467661
110966693,6886,8389,3467662
110966725,7117,8388,3467663
110966757,7088,8464,3467664
110966789,6866,8627,3467665
110966821,7024,8577,3467666
110966853,6881,8581,3467667
110966885,6885,8610,3467668
110966917,6973,8621,3467669
110966949,7143,8656,3467670
110966981,7007,8611,3467671
110967013,6922,8594,3467672
110967045,6852,8606,3467673
110967077,6859,8635,3467674
110967109,6946,8557,3467675
110967141,7087,8590,3467676
110967173,7025,8820,3467677
110967205,7041,8844,3467678
110967237,6859,8830,3467679
110967269,6877,8833,3467680
110967301,7022,8805,3467681
110967333,6934,8855,3467682
110967365,7075,8812,3467683
110967397,6876,8813,3467684
110967429,6889,8794,3467685
110967461,6943,8794,3467686
110967493,7016,8747,3467687
110967525,6831,8802,3467688
110967557,7133,9021,3467689
110967589,7167,9032,3467690
110967621,6957,9064,3467691
110967653,6969,8976,3467692
110967685,7007,9032,3467693
110967717,7020,9043,3467694
110967749,6892,9004,3467695
110967781,6903,9070,3467696
110967813,7211,8973,3467697
110967845,7054,9015,3467698
110967877,6818,9028,3467699
110967909,7211,9052,3467700
110967941,7105,9194,3467701
110967973,6953,9222,3467702
110968005,6977,9186,3467703
110968037,7206,9194,3467704
110968069,7058,9204,3467705
110968101,6887,9269,3467706
110968133,6954,9176,3467707
110968165,6988,9248,3467708
110968197,7005,9285,3467709
110968229,6988,9264,3467710
110968261,7096,9187,3467711
110968293,7160,9249,3467712
110968325,7237,9469,3467713
110968357,6783,9406,3467714
110968389,6930,9387,3467715
110968421,7049,9392,3467716
110968453,7086,9426,3467717
110968485,7037,9440,3467718
110968517,7077,9412,3467719
110968549,7139,9422,3467720
110968581,6928,9432,3467721
110968613,6866,9454,3467722
110968645,7052,9415,3467723
110968677,7217,9413,3467724
110968709,7001,9440,3467725
110968741,6995,9641,3467726
110968773,7178,9629,3467727
110968805,7069,9626,3467728
110968837,6734,9589,3467729
110968869,6982,9594,3467730
110968901,7255,9560,3467731
110968933,7128,9625,3467732
110968965,7030,9606,3467733
110968997,7109,9686,3467734
110969029,7133,9634,3467735
110969061,6830,9592,3467736
110969093,6826,9629,3467737
110969125,7161,9874,3467738
110969157,7238,9805,3467739
110969189,6967,9830,3467740
110969221,6957,9774,3467741
110969253,7045,9807,3467742
110969285,6894,9856,3467743
110969317,6974,9841,3467744
110969349,7056,9853,3467745
110969381,7177,9845,3467746
110969413,7260,9827,3467747
110969445,6986,9867,3467748
110969477,6890,9833,3467749
110969509,6930,10059,3467750
110969541,7109,9997,3467751
110969573,6834,10027,3467752
110969605,7216,10057,3467753
110969637,7218,10067,3467754
110969669,6902,9974,3467755
110969701,6787,10071,3467756
110969733,7155,10009,3467757
110969765,7043,9989,3467758
110969797,7074,9979,3467759
110969829,6975,9987,3467760
110969861,7229,10066,3467761
110969893,7004,10216,3467762
110969925,6784,10244,3467763
110969957,7118,10163,3467764
110969989,7137,10170,3467765
110970021,6912,10204,3467766
110970053,7007,10238,3467767
110970085,7105,10227,3467768
110970117,7193,10238,3467769
110970149,6918,10236,3467770
110970181,6870,10217,3467771
110970213,7121,10200,3467772
110970245,6968,10189,3467773
110970277,7113,10450,3467774
110970309,7051,10422,3467775
110970341,7029,10460,3467776
110970373,6976,10392,3467777
110970405,6961,10405,3467778
110970437,7051,10443,3467779
110970469,7253,10376,3467780
110970501,7225,10371,3467781
110970533,7083,10390,3467782
110970565,7038,10406,3467783
110970597,7002,10443,3467784
110970629,7198,10422,3467785
110970661,6971,10431,3467786
110970693,7144,10597,3467787
110970725,7333,10586,3467788
110970757,6963,10582,3467789
110970789,6969,10567,3467790
110970821,7103,10610,3467791
110970853,7086,10607,3467792
110970885,6824,10610,3467793
110970917,7123,10623,3467794
110970949,7167,10635,3467795
110970981,7008,10629,3467796
110971013,7032,10647,3467797
110971045,7266,10559,3467798
110971077,6995,10796,3467799
110971109,7002,10792,3467800
110971141,7121,10803,3467801
110971173,7272,10752,3467802
110971205,7158,10857,3467803
110971237,6998,10848,3467804
110971269,7153,10731,3467805
110971301,7028,10819,3467806
110971333,7067,10749,3467807
110971365,7126,10855,3467808
110971397,7201,10797,3467809
110971429,7203,10816,3467810
110971461,7124,10992,3467811
110971493,7164,10975,3467812
110971525,7023,11008,3467813
110971557,7198,10996,3467814
110971589,7293,11037,3467815
110971621,7231,11044,3467816
110971653,7284,11013,3467817
110971685,7265,11013,3467818
110971717,7045,10998,3467819
110971749,6951,10970,3467820
110971781,7211,11032,3467821
110971813,7222,10986,3467822
110971845,7066,11183,3467823
110971877,7130,11123,3467824
110971909,7223,11232,3467825
110971941,7150,11171,3467826
110971973,7081,11188,3467827
110972005,7058,11162,3467828
110972037,7343,11142,3467829
110972069,7168,11215,3467830
110972101,7103,11220,3467831
110972133,7146,11107,3467832
110972165,7101,11187,3467833
110972197,7048,11335,3467834
110972229,7084,11340,3467835
110972261,7215,11314,3467836
110972293,7067,11435,3467837
110972325,7073,11350,3467838
110972357,7108,11366,3467839
110972389,7223,11370,3467840
110972421,7154,11330,3467841
110972453,7052,11355,3467842
110972485,7061,11323,3467843
110972517,7243,11370,3467844
110972549,7268,11388,3467845
110972581,7274,11381,3467846
110972613,7154,11364,3467847
110972645,7290,11538,3467848
110972677,7105,11594,3467849
110972709,7204,11580,3467850
110972741,7342,11551,3467851
110972773,7311,11534,3467852
110972805,7047,11535,3467853
110972837,7132,11565,3467854
110972869,7148,11532,3467855
110972901,7197,11547,3467856
110972933,7093,11563,3467857
110972965,7283,11516,3467858
110972997,7350,11571,3467859
110973029,7077,11778,3467860
110973061,7097,11749,3467861
110973093,7270,11751,3467862
110973125,7123,11742,3467863
110973157,7292,11718,3467864
110973189,7148,11685,3467865
110973221,7475,11723,3467866
110973253,7359,11763,3467867
110973285,6915,11709,3467868
110973317,7138,11721,3467869
110973349,7313,11752,3467870
110973381,7127,11713,3467871
110973413,7236,11938,3467872
110973445,7344,11901,3467873
110973477,7328,11899,3467874
110973509,7085,11890,3467875
110973541,6984,11958,3467876
110973573,7122,11917,3467877
110973605,7514,11911,3467878
110973637,7366,11945,3467879
110973669,7148,11864,3467880
110973701,7334,11928,3467881
110973733,7345,11873,3467882
110973765,7017,11933,3467883
110973797,7194,12119,3467884
110973829,7269,12116,3467885
110973861,7396,12109,3467886
110973893,7142,12065,3467887
110973925,7087,12079,3467888
110973957,7391,12128,3467889
110973989,7217,12025,3467890
110974021,6968,12112,3467891
110974053,7385,12037,3467892
110974085,7581,12097,3467893
110974117,7242,12020,3467894
110974149,7076,12087,3467895
110974181,7403,12227,3467896
110974213,7161,12244,3467897
110974245,7080,12289,3467898
110974277,7211,12267,3467899
110974309,7445,12269,3467900
110974341,7241,12223,3467901
110974373,7013,12279,3467902
110974405,7344,12272,3467903
110974437,7303,12244,3467904
110974469,7175,12234,3467905
110974501,7104,12296,3467906
110974533,7510,12213,3467907
110974565,7351,12286,3467908
110974597,7148,12446,3467909
110974629,7209,12466,3467910
110974661,7334,12521,3467911
110974693,7247,12452,3467912
110974725,7216,12415,3467913
110974757,7247,12431,3467914
110974789,7328,12437,3467915
110974821,7319,12438,3467916
110974853,7200,12517,3467917
110974885,7006,12464,3467918
110974917,7457,12485,3467919
110974949,7356,12499,3467920
110974981,7202,12577,3467921
110975013,7441,12583,3467922
110975045,7287,12639,3467923
110975077,7137,12583,3467924
110975109,6965,12637,3467925
110975141,7277,12607,3467926
110975173,7532,12573,3467927
110975205,7147,12631,3467928
110975237,7177,12646,3467929
110975269,7408,12650,3467930
110975301,7296,12596,3467931
110975333,7109,12576,3467932
110975365,7277,12780,3467933
110975397,7512,12770,3467934
110975429,7197,12836,3467935
110975461,7331,12787,3467936
110975493,7598,12838,3467937
110975525,7400,12802,3467938
110975557,7130,12785,3467939
110975589,7203,12832,3467940
110975621,7422,12823,3467941
110975653,7330,12760,3467942
110975685,7328,12771,3467943
110975717,7231,12784,3467944
110975749,7361,12944,3467945
110975781,7295,12962,3467946
110975813,7214,12978,3467947
110975845,7374,12926,3467948
110975877,7415,12959,3467949
110975909,7534,12952,3467950
110975941,7274,13059,3467951
110975973,7170,12941,3467952
110976005,7457,12904,3467953
110976037,7388,12963,3467954
110976069,7314,12975,3467955
110976101,7426,12941,3467956
110976133,7531,12975,3467957
110976165,7250,13161,3467958
110976197,7152,13142,3467959
110976229,7367,13135,3467960
110976261,7466,13116,3467961
110976293,7360,13131,3467962
110976325,7321,13121,3467963
110976357,7429,13162,3467964
110976389,7260,13171,3467965
110976421,7192,13076,3467966
110976453,7405,13084,3467967
110976485,7466,13151,3467968
110976517,7302,13144,3467969
110976549,7352,13271,3467970
110976581,7518,13253,3467971
110976613,7486,13235,3467972
110976645,7323,13270,3467973
110976677,7424,13262,3467974
110976709,7458,13309,3467975
110976741,7369,13265,3467976
110976773,7464,13269,3467977
110976805,7342,13332,3467978
110976837,7465,13222,3467979
110976869,7280,13308,3467980
110976901,7371,13342,3467981
110976933,7440,13437,3467982
110976965,7420,13446,3467983
110976997,7542,13421,3467984
110977029,7367,13430,3467985
110977061,7421,13427,3467986
110977093,7279,13468,3467987
110977125,7413,13408,3467988
110977157,7281,13432,3467989
110977189,7425,13422,3467990
110977221,7670,13431,3467991
110977253,7443,13487,3467992
110977285,7321,13413,3467993
110977317,7445,13580,3467994
110977349,7380,13549,3467995
110977381,7255,13585,3467996
110977413,7399,13599,3467997
110977445,7643,13582,3467998
110977477,7420,13610,3467999
110977509,7292,13671,3468000
110977541,7568,13607,3468001
110977573,7554,13582,3468002
110977605,7460,13572,3468003
110977637,7420,13599,3468004
110977669,7670,13568,3468005
110977701,7485,13771,3468006
110977733,7299,13815,3468007
110977765,7346,13703,3468008
110977797,7387,13747,3468009
110977829,7462,13776,3468010
110977861,7326,13748,3468011
110977893,7591,13771,3468012
110977925,7502,13751,3468013
110977957,7503,13746,3468014
110977989,7410,13722,3468015
110978021,7380,13751,3468016
110978053,7606,13742,3468017
110978085,7469,13701,3468018
110978117,7511,13935,3468019
110978149,7595,13933,3468020
110978181,7445,13859,3468021
110978213,7453,13870,3468022
110978245,7456,13912,3468023
110978277,7558,13927,3468024
110978309,7784,13888,3468025
110978341,7563,13918,3468026
110978373,7448,13911,3468027
110978405,7484,13846,3468028
110978437,7461,13903,3468029
110978469,7294,13915,3468030
110978501,7430,14076,3468031
110978533,7664,14117,3468032
110978565,7496,14084,3468033
110978597,7393,14014,3468034
110978629,7670,14032,3468035
110978661,7519,14055,3468036
110978693,7323,14000,3468037
110978725,7347,14032,3468038
110978757,7578,13982,3468039
110978789,7710,14001,3468040
110978821,7475,14076,3468041
110978853,7420,14092,3468042
110978885,7516,14204,3468043
110978917,7570,14176,3468044
110978949,7235,14187,3468045
110978981,7500,14145,3468046
110979013,7688,14175,3468047
110979045,7516,14209,3468048
110979077,7528,14212,3468049
110979109,7401,14210,3468050
110979141,7422,14176,3468051
110979173,7431,14193,3468052
110979205,7473,14205,3468053
110979237,7473,14227,3468054
110979269,7714,14307,3468055
110979301,7415,14269,3468056
110979333,7272,14308,3468057
110979365,7588,14334,3468058
110979397,7617,14369,3468059
110979429,7390,14320,3468060
110979461,7468,14327,3468061
110979493,7658,14305,3468062
110979525,7588,14290,3468063
110979557,7304,14303,3468064
110979589,7620,14330,3468065
110979621,7723,14394,3468066
110979653,7585,14463,3468067
110979685,7445,14422,3468068
110979717,7685,14488,3468069
110979749,7684,14437,3468070
110979781,7402,14422,3468071
110979813,7550,14470,3468072
110979845,7726,14491,3468073
110979877,7552,14405,3468074
110979909,7661,14462,3468075
110979941,7603,14460,3468076
110979973,7657,14497,3468077
110980005,7613,14390,3468078
110980037,7558,14519,3468079
110980069,7470,14610,3468080
110980101,7703,14525,3468081
110980133,7607,14607,3468082
110980165,7548,14607,3468083
110980197,7750,14568,3468084
110980229,7685,14613,3468085
110980261,7527,14593,3468086
110980293,7654,14602,3468087
110980325,7731,14566,3468088
110980357,7828,14563,3468089
110980389,7666,14601,3468090
110980421,7457,14649,3468091
110980453,7571,14717,3468092
110980485,7818,14672,3468093
110980517,7457,14734,3468094
110980549,7566,14717,3468095
110980581,7857,14697,3468096
110980613,7640,14673,3468097
110980645,7358,14693,3468098
110980677,7648,14768,3468099
110980709,7553,14732,3468100
110980741,7572,14742,3468101
110980773,7659,14737,3468102
110980805,7807,14752,3468103
110980837,7713,14852,3468104
110980869,7517,14832,3468105
110980901,7608,14740,3468106
110980933,7775,14796,3468107
110980965,7639,14781,3468108
110980997,7571,14793,3468109
110981029,7822,14807,3468110
110981061,7820,14808,3468111
110981093,7494,14884,3468112
110981125,7678,14817,3468113
110981157,7660,14823,3468114
110981189,7558,14782,3468115
110981221,7787,14991,3468116
110981253,7684,14977,3468117
110981285,7657,14974,3468118
110981317,7880,14946,3468119
110981349,7598,14998,3468120
110981381,7454,14999,3468121
110981413,7772,14913,3468122
110981445,7735,14930,3468123
110981477,7817,14966,3468124
110981509,7654,15024,3468125
110981541,7663,15032,3468126
110981573,7682,14960,3468127
110981605,7709,15046,3468128
110981637,7826,15074,3468129
110981669,8063,15009,3468130
110981701,7939,15092,3468131
110981733,7653,15121,3468132
110981765,7815,15142,3468133
110981797,7667,15100,3468134
110981829,7625,15094,3468135
110981861,7478,15042,3468136
110981893,7860,15096,3468137
110981925,7715,15109,3468138
110981957,7568,15058,3468139
110981989,7904,15076,3468140
110982021,7623,15171,3468141
110982053,7721,15108,3468142
110982085,7689,15161,3468143
110982117,7848,15182,3468144
110982149,7936,15142,3468145
110982181,7675,15161,3468146
110982213,7848,15143,3468147
110982245,7832,15173,3468148
110982277,7789,15230,3468149
110982309,7606,15122,3468150
110982341,7860,15163,3468151
110982373,7916,15142,3468152
110982405,7908,15238,3468153
110982437,7747,15254,3468154
110982469,7602,15257,3468155
110982501,7738,15295,3468156
110982533,7822,15255,3468157
110982565,7713,15284,3468158
110982597,7882,15271,3468159
110982629,8046,15269,3468160
110982661,7758,15262,3468161
110982693,7548,15280,3468162
110982725,7756,15295,3468163
110982757,7895,15335,3468164
110982789,7760,15400,3468165
110982821,7760,15454,3468166
110982853,7879,15423,3468167
110982885,7830,15407,3468168
110982917,7670,15394,3468169
110982949,7663,15351,3468170
110982981,7933,15397,3468171
110983013,7843,15321,3468172
110983045,7656,15356,3468173
110983077,7963,15341,3468174
110983109,7841,15390,3468175
110983141,7853,15387,3468176
110983173,7829,15487,3468177
110983205,7747,15465,3468178
110983237,7826,15508,3468179
110983269,7834,15520,3468180
110983301,7883,15480,3468181
110983333,7846,15443,3468182
110983365,7832,15500,3468183
110983397,7587,15455,3468184
110983429,7818,15435,3468185
110983461,8019,15576,3468186
110983493,7900,15517,3468187
110983525,7940,15543,3468188
110983557,7924,15558,3468189
110983589,7804,15593,3468190
110983621,7774,15516,3468191
110983653,7807,15596,3468192
110983685,7962,15608,3468193
110983717,8012,15589,3468194
110983749,7824,15541,3468195
110983781,7598,15574,3468196
110983813,7968,15535,3468197
110983845,8029,15587,3468198
110983877,7805,15564,3468199
110983909,7894,15611,3468200
110983941,8171,15592,3468201
110983973,7879,15638,3468202
110984005,7661,15730,3468203
110984037,7858,15650,3468204
110984069,8022,15589,3468205
110984101,7710,15657,3468206
110984133,7844,15642,3468207
110984165,8126,15670,3468208
110984197,8161,15632,3468209
110984229,7831,15634,3468210
110984261,7778,15671,3468211
110984293,8038,15642,3468212
110984325,7948,15633,3468213
110984357,7981,15789,3468214
110984389,8144,15744,3468215
110984421,7930,15744,3468216
110984453,7942,15768,3468217
110984485,7827,15758,3468218
110984517,7875,15778,3468219
110984549,7957,15777,3468220
110984581,8022,15773,3468221
110984613,7770,15775,3468222
110984645,8020,15817,3468223
110984677,8056,15814,3468224
110984709,8016,15672,3468225
110984741,7791,15852,3468226
110984773,7991,15851,3468227
110984805,8114,15751,3468228
110984837,7836,15792,3468229
110984869,7895,15851,3468230
110984901,8105,15819,3468231
110984933,7971,15775,3468232
110984965,7812,15956,3468233
110984997,7906,15900,3468234
110985029,8309,15850,3468235
110985061,8066,15823,3468236
110985093,7725,15865,3468237
110985125,8178,15970,3468238
110985157,8148,15871,3468239
110985189,7721,15931,3468240
110985221,7967,15868,3468241
110985253,8112,15953,3468242
110985285,8034,15841,3468243
110985317,7979,15944,3468244
110985349,7973,15875,3468245
110985381,8181,15926,3468246
110985413,8004,15909,3468247
110985445,7952,15924,3468248
110985477,8135,15922,3468249
110985509,8190,15897,3468250
110985541,8154,15978,3468251
110985573,8148,15969,3468252
110985605,7914,15994,3468253
110985637,7997,16004,3468254
110985669,8007,15970,3468255
110985701,8084,16010,3468256
110985733,8239,15994,3468257
110985765,8240,15974,3468258
110985797,8046,15931,3468259
110985829,7757,15949,3468260
110985861,8215,15992,3468261
110985893,8221,15981,3468262
110985925,8070,16054,3468263
110985957,8070,16104,3468264
110985989,8334,16004,3468265
110986021,7952,16067,3468266
110986053,7912,15997,3468267
110986085,8025,16015,3468268
110986117,8197,16034,3468269
110986149,8098,16082,3468270
110986181,7866,16113,3468271
110986213,8194,16050,3468272
110986245,8188,16069,3468273
110986277,7894,16048,3468274
110986309,8060,16117,3468275
110986341,8294,16138,3468276
110986373,8009,16122,3468277
110986405,8053,16090,3468278
110986437,8215,16104,3468279
110986469,8278,16138,3468280
110986501,8054,16145,3468281
110986533,7992,16143,3468282
110986565,8031,16122,3468283
110986597,8308,16126,3468284
110986629,8128,16136,3468285
110986661,8013,16125,3468286
110986693,8102,16119,3468287
110986725,8071,16131,3468288
110986757,7890,16121,3468289
110986789,8189,16155,3468290
110986821,8190,16148,3468291
110986853,8318,16161,3468292
110986885,8244,16191,3468293
110986917,7952,16184,3468294
110986949,8004,16208,3468295
110986981,8225,16114,3468296
110987013,8030,16125,3468297
110987045,8161,16179,3468298
110987077,8361,16205,3468299
110987109,8040,16251,3468300
110987141,7991,16219,3468301
110987173,8220,16199,3468302
110987205,8187,16154,3468303
110987237,8165,16187,3468304
110987269,8116,16159,3468305
110987301,8306,16198,3468306
110987333,8285,16251,3468307
110987365,8084,16193,3468308
110987397,8110,16158,3468309
110987429,8311,16259,3468310
110987461,8125,16237,3468311
110987493,8151,16345,3468312
110987525,8284,16240,3468313
110987557,8394,16178,3468314
110987589,8100,16255,3468315
110987621,8155,16229,3468316
110987653,8171,16292,3468317
110987685,8255,16261,3468318
110987717,8174,16218,3468319
110987749,8245,16250,3468320
110987781,8181,16221,3468321
110987813,8263,16207,3468322
110987845,8158,16195,3468323
110987877,8168,16262,3468324
110987909,8287,16257,3468325
110987941,8294,16373,3468326
110987973,8125,16302,3468327
110988005,8363,16338,3468328
110988037,8180,16164,3468329
110988069,8190,16318,3468330
110988101,8130,16296,3468331
110988133,8381,16368,3468332
110988165,8435,16271,3468333
110988197,8184,16289,3468334
110988229,8051,16203,3468335
110988261,8381,16283,3468336
110988293,8243,16277,3468337
110988325,8064,16320,3468338
110988357,8189,16306,3468339
110988389,8444,16306,3468340
110988421,8310,16250,3468341
110988453,8101,16263,3468342
110988485,8398,16260,3468343
110988517,8345,16293,3468344
110988549,8145,16236,3468345
110988581,8158,16337,3468346
110988613,8305,16225,3468347
110988645,8479,16276,3468348
110988677,8254,16285,3468349
110988709,8259,16298,3468350
110988741,8336,16343,3468351
110988773,8279,16353,3468352
110988805,8160,16250,3468353
110988837,8443,16295,3468354
110988869,8438,16275,3468355
110988901,8303,16323,3468356
110988933,8321,16355,3468357
110988965,8202,16233,3468358
110988997,8201,16224,3468359
110989029,8367,16285,3468360
110989061,8346,16357,3468361
110989093,8380,16290,3468362
110989125,8424,16352,3468363
110989157,8284,16255,3468364
110989189,8035,16297,3468365
110989221,8266,16242,3468366
110989253,8428,16340,3468367
110989285,8413,16295,3468368
110989317,8205,16263,3468369
110989349,8344,16224,3468370
110989381,8419,16228,3468371
110989413,8148,16316,3468372
110989445,8405,16312,3468373
110989477,8556,16360,3468374
110989509,8276,16304,3468375
110989541,8256,16208,3468376
110989573,8489,16355,3468377
110989605,8453,16222,3468378
110989637,8183,16275,3468379
110989669,8295,16232,3468380
110989701,8446,16278,3468381
110989733,8337,16278,3468382
110989765,8230,16241,3468383
110989797,8454,16202,3468384
110989829,8375,16222,3468385
110989861,8374,16324,3468386
110989893,8348,16275,3468387
110989925,8434,16248,3468388
110989957,8572,16226,3468389
110989989,8376,16368,3468390
110990021,8290,16310,3468391
110990053,8496,16302,3468392
110990085,8258,16221,3468393
110990117,8448,16230,3468394
110990149,8321,16270,3468395
110990181,8362,16262,3468396
110990213,8675,16240,3468397
110990245,8353,16280,3468398
110990277,8230,16287,3468399
110990309,8403,16275,3468400
110990341,8529,16215,3468401
110990373,8331,16280,3468402
110990405,8441,16273,3468403
110990437,8623,16355,3468404
110990469,8364,16346,3468405
110990501,8373,16271,3468406
110990533,8370,16287,3468407
110990565,8462,16263,3468408
110990597,8305,16334,3468409
110990629,8425,16256,3468410
110990661,8575,16332,3468411
110990693,8540,16245,3468412
110990725,8397,16279,3468413
110990757,8292,16234,3468414
110990789,8465,16252,3468415
110990821,8527,16300,3468416
110990853,8303,16245,3468417
110990885,8680,16293,3468418
110990917,8619,16262,3468419
110990949,8428,16291,3468420
110990981,8453,16263,3468421
110991013,8311,16274,3468422
110991045,8402,16322,3468423
110991077,8582,16353,3468424
110991109,8489,16237,3468425
110991141,8464,16237,3468426
110991173,8497,16274,3468427
110991205,8403,16287,3468428
110991237,8304,16341,3468429
110991269,8591,16291,3468430
110991301,8663,16315,3468431
110991333,8533,16304,3468432
110991365,8382,16299,3468433
110991397,8479,16217,3468434
110991429,8373,16316,3468435
110991461,8133,16213,3468436
110991493,8516,16263,3468437
110991525,8699,16287,3468438
110991557,8650,16339,3468439
110991589,8265,16284,3468440
110991621,8480,16323,3468441
110991653,8689,16196,3468442
110991685,8238,16270,3468443
110991717,8424,16281,3468444
110991749,8586,16351,3468445
110991781,8633,16318,3468446
110991813,8450,16304,3468447
110991845,8409,16285,3468448
110991877,8450,16283,3468449
110991909,8402,16257,3468450
110991941,8409,16319,3468451
110991973,8441,16366,3468452
110992005,8529,16288,3468453
110992037,8528,16340,3468454
110992069,8593,16279,3468455
110992101,8495,16229,3468456
110992133,8537,16336,3468457
110992165,8587,16383,3468458
110992197,8487,16195,3468459
110992229,8657,16304,3468460
110992261,8737,16263,3468461
110992293,8683,16345,3468462
110992325,8245,16249,3468463
110992357,8602,16230,3468464
110992389,8792,16223,3468465
110992421,8487,16237,3468466
110992453,8534,16351,3468467
110992485,8711,16333,3468468
110992517,8462,16311,3468469
110992549,8557,16272,3468470
110992581,8611,16296,3468471
110992613,8703,16272,3468472
110992645,8736,16280,3468473
110992677,8627,16381,3468474
110992709,8602,16286,3468475
110992741,8764,16296,3468476
110992773,8533,16348,3468477
110992805,8618,16299,3468478
110992837,8785,16265,3468479
110992869,8563,16327,3468480
110992901,8663,16281,3468481
110992933,8772,16290,3468482
110992965,8771,16263,3468483
110992997,8551,16232,3468484
110993029,8424,16229,3468485
110993061,8657,16277,3468486
110993093,8709,16224,3468487
110993125,8711,16336,3468488
110993157,8619,16355,3468489
110993189,8588,16216,3468490
110993221,8534,16330,3468491
110993253,8538,16264,3468492
110993285,8745,16298,3468493
110993317,8622,16319,3468494
110993349,8794,16221,3468495
110993381,8590,16234,3468496
110993413,8524,16303,3468497
110993445,8663,16299,3468498
110993477,8640,16258,3468499
110993509,8534,16212,3468500
110993541,8606,16236,3468501
110993573,8929,16291,3468502
110993605,8651,16206,3468503
110993637,8449,16285,3468504
110993669,8600,16250,3468505
110993701,8752,16325,3468506
110993733,8639,16291,3468507
110993765,8495,16257,3468508
110993797,8846,16353,3468509
110993829,8708,16236,3468510
110993861,8493,16245,3468511
110993893,8600,16250,3468512
110993925,8725,16185,3468513
110993957,8787,16344,3468514
110993989,8500,16319,3468515
110994021,8740,16243,3468516
110994053,8864,16216,3468517
110994085,8611,16317,3468518
110994117,8517,16340,3468519
110994149,8686,16241,3468520
110994181,8830,16307,3468521
110994213,8756,16328,3468522
110994245,8803,16311,3468523
110994277,8563,16172,3468524
110994309,8739,16333,3468525
110994341,8809,16370,3468526
110994373,8627,16182,3468527
110994405,8663,16339,3468528
110994437,8975,16287,3468529
110994469,8689,16266,3468530
110994501,8691,16302,3468531
110994533,8734,16306,3468532
110994565,8789,16221,3468533
110994597,8633,16185,3468534
110994629,8696,16298,3468535
110994661,8947,16255,3468536
110994693,8903,16321,3468537
110994725,8537,16251,3468538
110994757,8694,16194,3468539
110994789,8858,16190,3468540
110994821,8532,16240,3468541
110994853,8753,16279,3468542
110994885,8851,16134,3468543
110994917,8860,16184,3468544
110994949,8751,16203,3468545
110994981,8704,16227,3468546
110995013,8878,16230,3468547
110995045,8641,16225,3468548
110995077,8631,16223,3468549
110995109,8627,16213,3468550
110995141,8951,16187,3468551
110995173,8791,16225,3468552
110995205,8615,16245,3468553
110995237,8746,16171,3468554
110995269,8959,16231,3468555
110995301,8667,16126,3468556
110995333,8830,16146,3468557
110995365,8977,16173,3468558
110995397,8787,16202,3468559
110995429,8676,16112,3468560
110995461,8592,16165,3468561
110995493,8746,16210,3468562
110995525,8894,16133,3468563
110995557,8948,16190,3468564
110995589,8810,16115,3468565
110995621,8959,16138,3468566
110995653,8680,16201,3468567
110995685,8521,16048,3468568
110995717,8884,16106,3468569
110995749,9019,16093,3468570
110995781,8789,16115,3468571
110995813,8643,16117,3468572
110995845,8933,16131,3468573
110995877,8806,16098,3468574
110995909,8655,16168,3468575
110995941,8760,16077,3468576
110995973,8968,16091,3468577
110996005,8858,16086,3468578
110996037,8656,16128,3468579
110996069,8822,16093,3468580
110996101,9056,16010,3468581
110996133,8675,16051,3468582
110996165,8816,15954,3468583
110996197,8983,16039,3468584
110996229,8871,16029,3468585
110996261,8862,16022,3468586
110996293,8818,16052,3468587
110996325,8884,16086,3468588
110996357,8777,16082,3468589
110996389,8730,16084,3468590
110996421,8816,15997,3468591
110996453,8920,15960,3468592
110996485,9064,15950,3468593
110996517,8889,15992,3468594
110996549,8818,16022,3468595
110996581,8867,15907,3468596
110996613,8876,15913,3468597
110996645,8887,15958,3468598
110996677,8914,16053,3468599
110996709,9121,15978,3468600
110996741,8990,16002,3468601
110996773,8576,16053,3468602
110996805,8818,15940,3468603
110996837,9071,15963,3468604
110996869,8964,15899,3468605
110996901,8856,15944,3468606
110996933,9138,15821,3468607
110996965,8884,15929,3468608
110996997,8701,15904,3468609
110997029,8893,15939,3468610
110997061,9086,15849,3468611
110997093,9040,15958,3468612
110997125,8705,15901,3468613
110997157,8696,15904,3468614
110997189,9007,15921,3468615
110997221,8873,15942,3468616
110997253,8875,15770,3468617
110997285,8963,15840,3468618
110997317,9032,15795,3468619
110997349,8951,15794,3468620
110997381,9094,15818,3468621
110997413,9193,15769,3468622
110997445,8852,15783,3468623
110997477,8874,15892,3468624
110997509,8657,15784,3468625
110997541,8903,15771,3468626
110997573,8957,15804,3468627
110997605,8957,15861,3468628
110997637,8970,15738,3468629
110997669,8861,15779,3468630
110997701,8910,15689,3468631
110997733,8957,15727,3468632
110997765,8993,15724,3468633
110997797,9149,15788,3468634
110997829,9075,15733,3468635
110997861,8841,15809,3468636
110997893,8854,15709,3468637
110997925,9001,15712,3468638
110997957,9035,15765,3468639
110997989,8776,15802,3468640
110998021,9209,15647,3468641
110998053,9082,15678,3468642
110998085,8724,15685,3468643
110998117,8910,15722,3468644
110998149,9238,15667,3468645
110998181,8798,15675,3468646
110998213,8912,15677,3468647
110998245,9164,15638,3468648
110998277,9184,15708,3468649
110998309,8910,15658,3468650
110998341,8905,15665,3468651
110998373,9080,15606,3468652
110998405,8939,15574,3468653
110998437,8801,15551,3468654
110998469,8957,15576,3468655
110998501,9153,15578,3468656
110998533,8991,15530,3468657
110998565,9018,15587,3468658
110998597,8981,15598,3468659
110998629,8916,15615,3468660
110998661,8958,15586,3468661
110998693,9041,15530,3468662
110998725,8952,15592,3468663
110998757,9212,15602,3468664
110998789,9186,15542,3468665
110998821,8777,15529,3468666
110998853,9107,15496,3468667
110998885,9149,15469,3468668
110998917,8938,15458,3468669
110998949,8890,15528,3468670
110998981,9144,15529,3468671
110999013,8976,15557,3468672
110999045,8820,15549,3468673
110999077,8960,15472,3468674
110999109,9254,15516,3468675
110999141,9143,15431,3468676
110999173,8958,15424,3468677
110999205,8972,15348,3468678
110999237,9332,15429,3468679
110999269,8943,15420,3468680
110999301,8917,15366,3468681
110999333,9277,15458,3468682
110999365,9110,15404,3468683
110999397,8759,15346,3468684
110999429,9014,15413,3468685
110999461,9155,15368,3468686
110999493,8962,15401,3468687
110999525,8988,15344,3468688
110999557,9004,15357,3468689
110999589,9079,15329,3468690
110999621,9049,15258,3468691
110999653,9010,15255,3468692
110999685,9094,15251,3468693
110999717,9046,15320,3468694
110999749,8924,15324,3468695
110999781,9058,15247,3468696
110999813,9104,15321,3468697
110999845,9210,15286,3468698
110999877,9085,15274,3468699
110999909,8938,15270,3468700
110999941,9064,15269,3468701
110999973,9151,15159,3468702
111000005,9061,15143,3468703
111000037,9048,15222,3468704
111000069,9174,15192,3468705
111000101,9063,15168,3468706
111000133,8858,15170,3468707
111000165,9059,15183,3468708
111000197,9370,15163,3468709
111000229,9025,15216,3468710
111000261,9017,15122,3468711
111000293,9236,15249,3468712
111000325,9168,15172,3468713
111000357,9045,15096,3468714
111000389,8987,15069,3468715
111000421,9150,15073,3468716
111000453,9200,15025,3468717
111000485,8996,15062,3468718
111000517,9247,15090,3468719
111000549,9264,15063,3468720
111000581,8998,15067,3468721
111000613,8891,15068,3468722
111000645,9106,15044,3468723
111000677,9207,15050,3468724
111000709,9188,15018,3468725
111000741,9117,15090,3468726
111000773,9123,14982,3468727
111000805,9142,15029,3468728
111000837,9158,14949,3468729
111000869,9051,14936,3468730
111000901,9075,14940,3468731
111000933,9316,14978,3468732
111000965,9150,14960,3468733
111000997,9085,14949,3468734
111001029,9184,14946,3468735
111001061,9244,14917,3468736
111001093,9052,14955,3468737
111001125,9128,14977,3468738
111001157,9264,14792,3468739
111001189,9250,14892,3468740
111001221,8959,14762,3468741
111001253,9135,14787,3468742
111001285,9378,14798,3468743
111001317,9092,14828,3468744
111001349,8977,14798,3468745
111001381,9384,14875,3468746
111001413,9255,14820,3468747
111001445,9055,14890,3468748
111001477,9187,14815,3468749
111001509,9315,14816,3468750
111001541,9239,14735,3468751
111001573,9123,14752,3468752
111001605,9190,14692,3468753
111001637,9261,14758,3468754
111001669,9294,14688,3468755
111001701,9132,14709,3468756
111001733,9106,14676,3468757
111001765,9194,14724,3468758
111001797,9162,14703,3468759
111001829,9185,14687,3468760
111001861,9291,14708,3468761
111001893,9208,14746,3468762
111001925,9105,14598,3468763
111001957,8976,14636,3468764
111001989,9221,14618,3468765
111002021,9242,14608,3468766
111002053,9282,14583,3468767
111002085,9166,14624,3468768
111002117,9217,14624,3468769
111002149,9174,14626,3468770
111002181,8966,14566,3468771
111002213,9292,14556,3468772
111002245,9381,14582,3468773
111002277,9238,14560,3468774
111002309,9192,14488,3468775
111002341,9329,14402,3468776
111002373,9140,14478,3468777
111002405,9030,14479,3468778
111002437,9149,14425,3468779
111002469,9287,14453,3468780
111002501,9245,14421,3468781
111002533,9086,14516,3468782
111002565,9292,14495,3468783
111002597,9397,14468,3468784
111002629,9164,14488,3468785
111002661,9189,14451,3468786
111002693,9388,14415,3468787
111002725,9209,14322,3468788
111002757,9244,14338,3468789
111002789,9281,14309,3468790
111002821,9332,14278,3468791
111002853,9200,14334,3468792
111002885,9100,14264,3468793
111002917,9204,14299,3468794
111002949,9303,14336,3468795
111002981,9381,14292,3468796
111003013,9042,14369,3468797
111003045,9254,14396,3468798
111003077,9278,14263,3468799
111003109,9323,14176,3468800
111003141,9186,14144,3468801
111003173,9278,14227,3468802
111003205,9378,14138,3468803
111003237,9264,14229,3468804
111003269,9100,14185,3468805
111003301,9176,14254,3468806
111003333,9373,14180,3468807
111003365,9375,14234,3468808
111003397,9203,14230,3468809
111003429,9433,14200,3468810
111003461,9393,14232,3468811
111003493,9016,14014,3468812
111003525,9260,14070,3468813
111003557,9414,14054,3468814
111003589,9356,13995,3468815
111003621,9166,14044,3468816
111003653,9396,14069,3468817
111003685,9438,14115,3468818
111003717,9238,14032,3468819
111003749,9256,14097,3468820
111003781,9491,14065,3468821
111003813,9288,14012,3468822
111003845,9087,14021,3468823
111003877,9368,13962,3468824
111003909,9408,13907,3468825
111003941,9458,13869,3468826
111003973,9158,13965,3468827
111004005,9166,13915,3468828
111004037,9392,13950,3468829
111004069,9522,13920,3468830
111004101,9436,13926,3468831
111004133,9266,13920,3468832
111004165,9224,13924,3468833
111004197,9267,13936,3468834
111004229,9185,13876,3468835
111004261,9207,13756,3468836
111004293,9555,13700,3468837
111004325,9284,13743,3468838
111004357,9182,13783,3468839
111004389,9218,13727,3468840
111004421,9199,13708,3468841
111004453,9075,13730,3468842
111004485,9183,13731,3468843
111004517,9562,13771,3468844
111004549,9399,13727,3468845
111004581,9173,13751,3468846
111004613,9171,13848,3468847
111004645,9457,13683,3468848
111004677,9119,13600,3468849
111004709,9211,13591,3468850
111004741,9472,13645,3468851
111004773,9289,13619,3468852
111004805,9046,13634,3468853
111004837,9329,13617,3468854
111004869,9475,13663,3468855
111004901,9393,13619,3468856
111004933,9221,13627,3468857
111004965,9332,13623,3468858
111004997,9569,13572,3468859
111005029,9527,13617,3468860
111005061,9250,13432,3468861
111005093,9221,13479,3468862
111005125,9420,13441,3468863
111005157,9431,13468,3468864
111005189,9374,13464,3468865
111005221,9435,13461,3468866
111005253,9372,13448,3468867
111005285,9292,13450,3468868
111005317,9080,13432,3468869
111005349,9342,13454,3468870
111005381,9611,13429,3468871
111005413,9415,13451,3468872
111005445,9326,13290,3468873
111005477,9402,13279,3468874
111005509,9374,13302,3468875
111005541,9087,13237,3468876
111005573,9582,13306,3468877
111005605,9681,13290,3468878
111005637,9397,13272,3468879
111005669,9181,13303,3468880
111005701,9259,13227,3468881
111005733,9500,13294,3468882
111005765,9321,13306,3468883
111005797,9134,13274,3468884
111005829,9527,13128,3468885
111005861,9588,13072,3468886
111005893,9169,13123,3468887
111005925,9409,13063,3468888
111005957,9653,13153,3468889
111005989,9213,13112,3468890
111006021,9338,13056,3468891
111006053,9331,13151,3468892
111006085,9480,13080,3468893
111006117,9371,13138,3468894
111006149,9244,13156,3468895
111006181,9364,13108,3468896
111006213,9356,12938,3468897
111006245,9420,12940,3468898
111006277,9275,13013,3468899
111006309,9558,12949,3468900
111006341,9448,12980,3468901
111006373,9317,12998,3468902
111006405,9184,12992,3468903
111006437,9304,12908,3468904
111006469,9428,12966,3468905
111006501,9527,12988,3468906
111006533,9260,12999,3468907
111006565,9655,12957,3468908
111006597,9314,12963,3468909
111006629,9095,12799,3468910
111006661,9328,12843,3468911
111006693,9589,12834,3468912
111006725,9456,12790,3468913
111006757,9403,12833,3468914
111006789,9586,12742,3468915
111006821,9439,12805,3468916
111006853,9283,12778,3468917
111006885,9425,12820,3468918
111006917,9486,12826,3468919
111006949,9547,12796,3468920
111006981,9224,12716,3468921
111007013,9374,12591,3468922
111007045,9548,12636,3468923
111007077,9341,12647,3468924
111007109,9327,12609,3468925
111007141,9429,12579,3468926
111007173,9495,12642,3468927
111007205,9407,12562,3468928
111007237,9546,12651,3468929
111007269,9492,12666,3468930
111007301,9446,12602,3468931
111007333,9325,12594,3468932
111007365,9297,12644,3468933
111007397,9443,12414,3468934
111007429,9488,12445,3468935
111007461,9412,12390,3468936
111007493,9464,12453,3468937
111007525,9483,12413,3468938
111007557,9432,12434,3468939
111007589,9387,12465,3468940
111007621,9480,12496,3468941
111007653,9558,12399,3468942
111007685,9440,12481,3468943
111007717,9366,12478,3468944
111007749,9325,12396,3468945
111007781,9553,12284,3468946
111007813,9290,12254,3468947
111007845,9314,12211,3468948
111007877,9472,12322,3468949
111007909,9556,12242,3468950
111007941,9638,12269,3468951
111007973,9395,12245,3468952
111008005,9539,12310,3468953
111008037,9479,12328,3468954
111008069,9353,12325,3468955
111008101,9473,12265,3468956
111008133,9653,12273,3468957
111008165,9325,12346,3468958
111008197,9320,12134,3468959
111008229,9502,12111,3468960
111008261,9543,12087,3468961
111008293,9342,12118,3468962
111008325,9484,12075,3468963
111008357,9555,12082,3468964
111008389,9512,12123,3468965
111008421,9308,12140,3468966
111008453,9453,12023,3468967
111008485,9450,12093,3468968
111008517,9671,12075,3468969
111008549,9528,12037,3468970
111008581,9405,11887,3468971
111008613,9381,11948,3468972
111008645,9386,11975,3468973
111008677,9249,11892,3468974
111008709,9359,11948,3468975
111008741,9817,11917,3468976
111008773,9545,11896,3468977
111008805,9410,11890,3468978
111008837,9521,11945,3468979
111008869,9472,11921,3468980
111008901,9347,11916,3468981
111008933,9498,11934,3468982
111008965,9559,11739,3468983
111008997,9529,11756,3468984
111009029,9321,11734,3468985
111009061,9335,11719,3468986
111009093,9589,11763,3468987
111009125,9360,11769,3468988
111009157,9398,11655,3468989
111009189,9628,11718,3468990
111009221,9455,11672,3468991
111009253,9296,11732,3468992
111009285,9334,11811,3468993
111009317,9504,11779,3468994
111009349,9285,11517,3468995
111009381,9435,11545,3468996
111009413,9484,11569,3468997
111009445,9578,11551,3468998
111009477,9653,11535,3468999
111009509,9451,11534,3469000
111009541,9493,11589,3469001
111009573,9513,11582,3469002
111009605,9330,11535,3469003
111009637,9496,11569,3469004
111009669,9522,11585,3469005
111009701,9468,11553,3469006
111009733,9449,11382,3469007
111009765,9383,11429,3469008
111009797,9270,11344,3469009
111009829,9552,11349,3469010
111009861,9490,11357,3469011
111009893,9309,11410,3469012
111009925,9702,11384,3469013
111009957,9609,11334,3469014
111009989,9116,11325,3469015
111010021,9294,11336,3469016
111010053,9626,11356,3469017
111010085,9576,11381,3469018
111010117,9255,11378,3469019
111010149,9642,11221,3469020
111010181,9753,11124,3469021
111010213,9432,11188,3469022
111010245,9284,11198,3469023
111010277,9561,11170,3469024
111010309,9657,11162,3469025
111010341,9322,11204,3469026
111010373,9448,11146,3469027
111010405,9641,11171,3469028
111010437,9447,11172,3469029
111010469,9417,11150,3469030
111010501,9477,11159,3469031
111010533,9531,10951,3469032
111010565,9697,10991,3469033
111010597,9472,10977,3469034
111010629,9449,10968,3469035
111010661,9445,11010,3469036
111010693,9597,10989,3469037
111010725,9401,11008,3469038
111010757,9628,10970,3469039
111010789,9766,10971,3469040
111010821,9346,10997,3469041
111010853,9486,10984,3469042
111010885,9417,11007,3469043
111010917,9512,10785,3469044
111010949,9518,10815,3469045
111010981,9482,10826,3469046
111011013,9661,10827,3469047
111011045,9578,10824,3469048
111011077,9356,10792,3469049
111011109,9326,10736,3469050
111011141,9406,10756,3469051
111011173,9357,10809,3469052
111011205,9385,10795,3469053
111011237,9673,10749,3469054
111011269,9572,10838,3469055
111011301,9383,10596,3469056
111011333,9291,10649,3469057
111011365,9422,10660,3469058
111011397,9417,10625,3469059
111011429,9704,10578,3469060
111011461,9491,10639,3469061
111011493,9578,10553,3469062
111011525,9540,10568,3469063
111011557,9436,10593,3469064
111011589,9470,10613,3469065
111011621,9390,10599,3469066
111011653,9372,10570,3469067
111011685,9599,10406,3469068
111011717,9486,10460,3469069
111011749,9605,10437,3469070
111011781,9503,10459,3469071
111011813,9436,10385,3469072
111011845,9289,10399,3469073
111011877,9699,10409,3469074
111011909,9587,10393,3469075
111011941,9513,10398,3469076
111011973,9559,10422,3469077
111012005,9510,10434,3469078
111012037,9309,10378,3469079
111012069,9456,10411,3469080
111012101,9712,10195,3469081
111012133,9611,10244,3469082
111012165,9477,10266,3469083
111012197,9515,10237,3469084
111012229,9563,10264,3469085
111012261,9496,10295,3469086
111012293,9355,10276,3469087
111012325,9751,10193,3469088
111012357,9702,10231,3469089
111012389,9426,10199,3469090
111012421,9350,10223,3469091
111012453,9815,10198,3469092
111012485,9401,10006,3469093
111012517,9482,10006,3469094
111012549,9577,9987,3469095
111012581,9567,9991,3469096
111012613,9476,9998,3469097
111012645,9528,9971,3469098
111012677,9501,10063,3469099
111012709,9546,10015,3469100
111012741,9600,10022,3469101
111012773,9428,10001,3469102
111012805,9480,10068,3469103
111012837,9458,9971,3469104
111012869,9599,9852,3469105
111012901,9306,9838,3469106
111012933,9394,9818,3469107
111012965,9549,9780,3469108
111012997,9465,9802,3469109
111013029,9510,9791,3469110
111013061,9578,9787,3469111
111013093,9520,9800,3469112
111013125,9275,9909,3469113
111013157,9197,9813,3469114
111013189,9538,9830,3469115
111013221,9497,9828,3469116
111013253,9387,9607,3469117
111013285,9670,9607,3469118
111013317,9603,9592,3469119
111013349,9367,9600,3469120
111013381,9471,9603,3469121
111013413,9478,9600,3469122
111013445,9582,9641,3469123
111013477,9456,9597,3469124
111013509,9501,9577,3469125
111013541,9629,9658,3469126
111013573,9382,9603,3469127
111013605,9415,9632,3469128
111013637,9537,9386,3469129
111013669,9596,9402,3469130
111013701,9528,9442,3469131
111013733,9591,9380,3469132
111013765,9595,9410,3469133
111013797,9531,9397,3469134
111013829,9541,9375,3469135
111013861,9517,9441,3469136
111013893,9415,9426,3469137
111013925,9661,9336,3469138
111013957,9517,9378,3469139
111013989,9346,9382,3469140
111014021,9582,9430,3469141
111014053,9554,9185,3469142
111014085,9408,9171,3469143
111014117,9449,9237,3469144
111014149,9730,9208,3469145
111014181,9568,9191,3469146
111014213,9375,9219,3469147
111014245,9487,9191,3469148
111014277,9572,9210,3469149
111014309,9423,9275,3469150
111014341,9405,9204,3469151
111014373,9612,9275,3469152
111014405,9601,9220,3469153
111014437,9451,9058,3469154
111014469,9290,9051,3469155
111014501,9607,9014,3469156
111014533,9583,9029,3469157
111014565,9240,9007,3469158
111014597,9597,9020,3469159
111014629,9579,8985,3469160
111014661,9300,9036,3469161
111014693,9283,9048,3469162
111014725,9509,9020,3469163
111014757,9526,9000,3469164
111014789,9318,8975,3469165
111014821,9481,8836,3469166
111014853,9499,8817,3469167
111014885,9532,8815,3469168
111014917,9469,8829,3469169
111014949,9467,8832,3469170
111014981,9438,8752,3469171
111015013,9596,8845,3469172
111015045,9453,8764,3469173
111015077,9517,8815,3469174
111015109,9494,8822,3469175
111015141,9407,8865,3469176
111015173,9252,8790,3469177
111015205,9273,8580,3469178
111015237,9625,8582,3469179
111015269,9453,8545,3469180
111015301,9350,8586,3469181
111015333,9488,8668,3469182
111015365,9554,8640,3469183
111015397,9403,8554,3469184
111015429,9269,8620,3469185
111015461,9488,8629,3469186
111015493,9688,8618,3469187
111015525,9459,8591,3469188
111015557,9345,8617,3469189
111015589,9642,8456,3469190
111015621,9409,8472,3469191
111015653,9329,8449,3469192
111015685,9564,8407,3469193
111015717,9557,8415,3469194
111015749,9562,8450,3469195
111015781,9570,8410,3469196
111015813,9458,8397,3469197
111015845,9349,8391,3469198
111015877,9391,8444,3469199
111015909,9434,8385,3469200
111015941,9514,8435,3469201
111015973,9639,8411,3469202
111016005,9373,8225,3469203
111016037,9298,8266,3469204
111016069,9480,8250,3469205
111016101,9408,8198,3469206
111016133,9468,8232,3469207
111016165,9511,8166,3469208
111016197,9531,8214,3469209
111016229,9502,8189,3469210
111016261,9448,8238,3469211
111016293,9329,8193,3469212
111016325,9540,8190,3469213
111016357,9524,8186,3469214
111016389,9256,8017,3469215
111016421,9595,8037,3469216
111016453,9545,8019,3469217
111016485,9245,7969,3469218
111016517,9345,8007,3469219
111016549,9604,8061,3469220
111016581,9447,7969,3469221
111016613,9312,8005,3469222
111016645,9375,7991,3469223
111016677,9412,8034,3469224
111016709,9371,8053,3469225
111016741,9303,8020,3469226
111016773,9526,7824,3469227
111016805,9588,7828,3469228
111016837,9413,7857,3469229
111016869,9376,7826,3469230
111016901,9569,7749,3469231
111016933,9526,7811,3469232
111016965,9356,7802,3469233
111016997,9455,7800,3469234
111017029,9597,7854,3469235
111017061,9573,7778,3469236
111017093,9389,7762,3469237
111017125,9532,7810,3469238
111017157,9449,7559,3469239
111017189,9397,7590,3469240
111017221,9408,7633,3469241
111017253,9337,7637,3469242
111017285,9574,7627,3469243
111017317,9459,7619,3469244
111017349,9285,7646,3469245
111017381,9350,7641,3469246
111017413,9558,7614,3469247
111017445,9433,7571,3469248
111017477,9342,7654,3469249
111017509,9435,7569,3469250
111017541,9577,7447,3469251
111017573,9285,7421,3469252
111017605,9175,7408,3469253
111017637,9614,7466,3469254
111017669,9657,7401,3469255
111017701,9095,7432,3469256
111017733,9638,7469,3469257
111017765,9386,7393,3469258
111017797,9259,7437,3469259
111017829,9354,7401,3469260
111017861,9562,7430,3469261
111017893,9498,7420,3469262
111017925,9341,7406,3469263
111017957,9262,7194,3469264
111017989,9403,7229,3469265
111018021,9572,7131,3469266
111018053,9293,7211,3469267
111018085,9369,7174,3469268
111018117,9401,7242,3469269
111018149,9398,7253,3469270
111018181,9526,7240,3469271
111018213,9409,7160,3469272
111018245,9558,7222,3469273
111018277,9518,7232,3469274
111018309,9224,7163,3469275
111018341,9240,7025,3469276
111018373,9518,6996,3469277
111018405,9446,7020,3469278
111018437,9302,6981,3469279
111018469,9337,7028,3469280
111018501,9419,7020,3469281
111018533,9273,6971,3469282
111018565,9324,7014,3469283
111018597,9657,6964,3469284
111018629,9497,7000,3469285
111018661,9350,6983,3469286
111018693,9312,7005,3469287
111018725,9490,6780,3469288
111018757,9486,6818,3469289
111018789,9249,6828,3469290
111018821,9585,6838,3469291
111018853,9678,6810,3469292
111018885,9334,6861,3469293
111018917,9332,6847,3469294
111018949,9527,6764,3469295
111018981,9448,6808,3469296
111019013,9256,6797,3469297
111019045,9459,6850,3469298
111019077,9438,6817,3469299
111019109,9348,6584,3469300
111019141,9382,6612,3469301
111019173,9427,6575,3469302
111019205,9458,6588,3469303
111019237,9173,6620,3469304
111019269,9422,6560,3469305
111019301,9590,6553,3469306
111019333,9493,6574,3469307
111019365,9360,6623,3469308
111019397,9336,6575,3469309
111019429,9354,6627,3469310
111019461,9406,6591,3469311
111019493,9370,6694,3469312
111019525,9332,6374,3469313
111019557,9388,6440,3469314
111019589,9460,6434,3469315
111019621,9143,6422,3469316
111019653,9213,6420,3469317
111019685,9544,6471,3469318
111019717,9609,6416,3469319
111019749,9321,6406,3469320
111019781,9542,6374,3469321
111019813,9510,6428,3469322
111019845,9161,6401,3469323
111019877,9387,6437,3469324
111019909,9443,6238,3469325
111019941,9421,6177,3469326
111019973,9446,6194,3469327
111020005,9367,6212,3469328
111020037,9501,6220,3469329
111020069,9404,6216,3469330
111020101,9128,6157,3469331
111020133,9424,6197,3469332
111020165,9514,6143,3469333
111020197,9356,6275,3469334
111020229,9200,6198,3469335
111020261,9444,6199,3469336
111020293,9435,5966,3469337
111020325,9314,5976,3469338
111020357,9272,6027,3469339
111020389,9401,6047,3469340
111020421,9595,6020,3469341
111020453,9419,6043,3469342
111020485,9296,5998,3469343
111020517,9319,5974,3469344
111020549,9351,6045,3469345
111020581,9079,6000,3469346
111020613,9292,5997,3469347
111020645,9525,6078,3469348
111020677,9455,5785,3469349
111020709,9303,5826,3469350
111020741,9326,5853,3469351
111020773,9436,5802,3469352
111020805,9520,5848,3469353
111020837,9193,5824,3469354
111020869,9404,5861,3469355
111020901,9554,5835,3469356
111020933,9190,5794,3469357
111020965,9217,5855,3469358
111020997,9546,5850,3469359
111021029,9471,5884,3469360
111021061,9303,5617,3469361
111021093,9413,5656,3469362
111021125,9359,5606,3469363
111021157,9318,5606,3469364
111021189,9217,5657,3469365
111021221,9195,5675,3469366
111021253,9345,5616,3469367
111021285,9291,5670,3469368
111021317,9337,5588,3469369
111021349,9436,5612,3469370
111021381,9468,5660,3469371
111021413,9238,5659,3469372
111021445,9272,5632,3469373
111021477,9373,5471,3469374
111021509,9314,5466,3469375
111021541,9288,5477,3469376
111021573,9170,5408,3469377
111021605,9379,5406,3469378
111021637,9290,5457,3469379
111021669,9087,5434,3469380
111021701,9129,5494,3469381
111021733,9604,5430,3469382
111021765,9486,5439,3469383
111021797,9025,5431,3469384
111021829,9122,5450,3469385
111021861,9369,5245,3469386
111021893,9011,5232,3469387
111021925,9081,5235,3469388
111021957,9477,5236,3469389
111021989,9428,5242,3469390
111022021,9196,5277,3469391
111022053,9134,5229,3469392
111022085,9414,5252,3469393
111022117,9256,5244,3469394
111022149,9020,5216,3469395
111022181,9329,5248,3469396
111022213,9374,5212,3469397
111022245,9183,5038,3469398
111022277,9190,5022,3469399
111022309,9269,5076,3469400
111022341,9272,5075,3469401
111022373,9196,5007,3469402
111022405,9313,5022,3469403
111022437,9209,5041,3469404
111022469,9547,5071,3469405
111022501,9353,4976,3469406
111022533,9259,5062,3469407
111022565,9288,5056,3469408
111022597,9209,4992,3469409
111022629,9236,4888,3469410
111022661,9154,4906,3469411
111022693,9390,4909,3469412
111022725,9364,4915,3469413
111022757,9221,4888,3469414
111022789,9076,4872,3469415
111022821,9342,4898,3469416
111022853,9402,4842,3469417
111022885,9061,4953,3469418
111022917,9375,4913,3469419
111022949,9299,4849,3469420
111022981,9015,4900,3469421
111023013,9033,4706,3469422
111023045,9286,4703,3469423
111023077,9444,4746,3469424
111023109,9238,4666,3469425
111023141,9206,4719,3469426
111023173,9288,4725,3469427
111023205,9194,4757,3469428
111023237,9056,4719,3469429
111023269,9273,4723,3469430
111023301,9347,4645,3469431
111023333,9174,4734,3469432
111023365,9119,4727,3469433
111023397,9370,4670,3469434
111023429,9114,4487,3469435
111023461,9068,4481,3469436
111023493,9192,4473,3469437
111023525,9190,4505,3469438
111023557,9302,4548,3469439
111023589,9300,4525,3469440
111023621,9107,4520,3469441
111023653,9015,4512,3469442
111023685,9068,4526,3469443
111023717,9102,4511,3469444
111023749,9092,4522,3469445
111023781,9440,4523,3469446
111023813,9367,4374,3469447
111023845,9023,4327,3469448
111023877,8998,4352,3469449
111023909,9281,4335,3469450
111023941,9167,4327,3469451
111023973,9098,4346,3469452
111024005,9334,4315,3469453
111024037,9244,4353,3469454
111024069,8980,4345,3469455
111024101,9008,4380,3469456
111024133,9326,4399,3469457
111024165,9295,4368,3469458
111024197,9038,4134,3469459
111024229,9272,4182,3469460
111024261,9327,4135,3469461
111024293,8937,4155,3469462
111024325,8996,4198,3469463
111024357,9321,4152,3469464
111024389,9291,4186,3469465
111024421,9123,4131,3469466
111024453,9196,4186,3469467
111024485,9184,4144,3469468
111024517,9190,4138,3469469
111024549,9033,4200,3469470
111024581,9107,4004,3469471
111024613,9043,4012,3469472
111024645,9152,3976,3469473
111024677,9052,3947,3469474
111024709,9213,4025,3469475
111024741,9292,3995,3469476
111024773,9089,4008,3469477
111024805,8971,3977,3469478
111024837,9042,4013,3469479
111024869,9306,3992,3469480
111024901,9150,3935,3469481
111024933,9027,3981,3469482
111024965,9124,3782,3469483
111024997,9245,3810,3469484
111025029,9015,3861,3469485
111025061,9067,3790,3469486
111025093,9222,3816,3469487
111025125,9222,3788,3469488
111025157,9101,3809,3469489
111025189,9118,3787,3469490
111025221,9113,3784,3469491
111025253,9032,3806,3469492
111025285,8968,3842,3469493
111025317,9212,3775,3469494
111025349,9465,3845,3469495
111025381,8912,3656,3469496
111025413,8996,3626,3469497
111025445,9239,3621,3469498
111025477,9113,3691,3469499
111025509,9009,3664,3469500
111025541,9134,3634,3469501
111025573,9249,3667,3469502
111025605,9081,3675,3469503
111025637,8975,3659,3469504
111025669,8960,3610,3469505
111025701,9021,3661,3469506
111025733,9027,3666,3469507
111025765,8973,3483,3469508
111025797,8983,3461,3469509
111025829,9158,3451,3469510
111025861,9124,3530,3469511
111025893,8783,3470,3469512
111025925,9010,3494,3469513
111025957,8992,3496,3469514
111025989,9139,3438,3469515
111026021,9073,3515,3469516
111026053,9071,3499,3469517
111026085,9174,3461,3469518
111026117,8912,3483,3469519
111026149,8933,3347,3469520
111026181,9169,3335,3469521
111026213,9211,3295,3469522
111026245,8876,3322,3469523
111026277,9107,3362,3469524
111026309,9210,3300,3469525
111026341,8798,3347,3469526
111026373,8872,3290,3469527
111026405,9153,3296,3469528
111026437,9132,3263,3469529
111026469,8994,3302,3469530
111026501,8978,3322,3469531
111026533,9129,3178,3469532
111026565,8973,3141,3469533
111026597,8847,3146,3469534
111026629,9091,3117,3469535
111026661,9146,3161,3469536
111026693,8948,3129,3469537
111026725,8942,3176,3469538
111026757,9073,3158,3469539
111026789,9012,3164,3469540
111026821,8942,3116,3469541
111026853,8948,3174,3469542
111026885,9119,3116,3469543
111026917,9165,2992,3469544
111026949,9152,2998,3469545
111026981,8950,2989,3469546
111027013,8856,2960,3469547
111027045,9051,2987,3469548
111027077,8856,2952,3469549
111027109,9004,2942,3469550
111027141,9098,2962,3469551
111027173,9115,3008,3469552
111027205,8862,2934,3469553
111027237,8835,3018,3469554
111027269,8980,2940,3469555
111027301,9154,2980,3469556
111027333,8997,2866,3469557
111027365,9031,2843,3469558
111027397,9223,2837,3469559
111027429,8904,2826,3469560
111027461,8779,2864,3469561
111027493,9146,2868,3469562
111027525,9111,2816,3469563
111027557,8879,2821,3469564
111027589,8902,2792,3469565
111027621,9105,2862,3469566
111027653,9048,2830,3469567
111027685,8803,2841,3469568
111027717,9030,2710,3469569
111027749,9126,2685,3469570
111027781,8942,2697,3469571
111027813,8809,2649,3469572
111027845,9025,2647,3469573
111027877,9042,2650,3469574
111027909,8870,2716,3469575
111027941,8893,2696,3469576
111027973,8932,2663,3469577
111028005,8954,2636,3469578
111028037,9015,2672,3469579
111028069,8907,2661,3469580
111028101,8946,2522,3469581
111028133,8949,2504,3469582
111028165,8874,2476,3469583
111028197,8875,2485,3469584
111028229,9172,2516,3469585
111028261,9068,2525,3469586
111028293,8887,2496,3469587
111028325,8920,2556,3469588
111028357,9024,2511,3469589
111028389,8901,2477,3469590
111028421,8868,2516,3469591
111028453,8898,2612,3469592
111028485,9024,2390,3469593
111028517,8928,2374,3469594
111028549,8682,2360,3469595
111028581,9071,2367,3469596
111028613,8929,2394,3469597
111028645,8686,2398,3469598
111028677,8924,2382,3469599
111028709,9169,2397,3469600
111028741,8632,2379,3469601
111028773,8661,2404,3469602
111028805,8884,2356,3469603
111028837,8854,2352,3469604
111028869,8853,2216,3469605
111028901,8817,2300,3469606
111028933,9079,2240,3469607
111028965,8946,2238,3469608
111028997,8839,2272,3469609
111029029,8782,2187,3469610
111029061,8821,2272,3469611
111029093,8965,2228,3469612
111029125,8888,2275,3469613
111029157,8908,2258,3469614
111029189,8970,2237,3469615
111029221,8880,2267,3469616
111029253,8632,2275,3469617
111029285,8757,2118,3469618
111029317,8971,2089,3469619
111029349,8826,2105,3469620
111029381,8846,2088,3469621
111029413,8933,2148,3469622
111029445,8889,2141,3469623
111029477,8585,2159,3469624
111029509,8571,2161,3469625
111029541,8932,2142,3469626
111029573,8907,2087,3469627
111029605,8732,2091,3469628
111029637,8742,2156,3469629
111029669,8833,1981,3469630
111029701,8768,1965,3469631
111029733,8661,1972,3469632
111029765,8829,1976,3469633
111029797,9028,1996,3469634
111029829,8911,1975,3469635
111029861,8761,1971,3469636
111029893,8885,1944,3469637
111029925,8791,2004,3469638
111029957,8761,1969,3469639
111029989,8890,1965,3469640
111030021,8806,1952,3469641
111030053,8972,1842,3469642
111030085,8779,1830,3469643
111030117,8907,1827,3469644
111030149,8680,1887,3469645
111030181,8688,1823,3469646
111030213,8606,1850,3469647
111030245,8871,1887,3469648
111030277,8893,1831,3469649
111030309,8759,1811,3469650
111030341,8667,1826,3469651
111030373,8747,1845,3469652
111030405,8865,1838,3469653
111030437,8830,1693,3469654
111030469,8543,1727,3469655
111030501,8602,1731,3469656
111030533,8815,1737,3469657
111030565,8563,1714,3469658
111030597,8459,1764,3469659
111030629,8881,1754,3469660
111030661,8979,1729,3469661
111030693,8605,1766,3469662
111030725,8791,1705,3469663
111030757,8906,1774,3469664
111030789,8582,1720,3469665
111030821,8462,1750,3469666
111030853,8707,1562,3469667
111030885,8885,1592,3469668
111030917,8649,1608,3469669
111030949,8816,1606,3469670
111030981,8742,1613,3469671
111031013,8823,1616,3469672
111031045,8605,1615,3469673
111031077,8571,1595,3469674
111031109,8880,1616,3469675
111031141,8724,1583,3469676
111031173,8677,1605,3469677
111031205,8760,1653,3469678
111031237,8638,1480,3469679
111031269,8556,1475,3469680
111031301,8665,1479,3469681
111031333,8645,1500,3469682
111031365,8852,1489,3469683
111031397,8924,1457,3469684
111031429,8648,1468,3469685
111031461,8612,1482,3469686
111031493,8695,1482,3469687
111031525,8702,1462,3469688
111031557,8504,1516,3469689
111031589,8948,1526,3469690
111031621,8806,1319,3469691
111031653,8665,1364,3469692
111031685,8501,1323,3469693
111031717,8732,1384,3469694
111031749,8656,1358,3469695
111031781,8582,1317,3469696
111031813,8705,1346,3469697
111031845,8785,1314,3469698
111031877,8622,1392,3469699
111031909,8481,1333,3469700
111031941,8773,1342,3469701
111031973,8653,1366,3469702
111032005,8608,1284,3469703
111032037,8706,1237,3469704
111032069,8774,1247,3469705
111032101,8648,1208,3469706
111032133,8663,1266,3469707
111032165,8526,1253,3469708
111032197,8649,1296,3469709
111032229,8576,1266,3469710
111032261,8838,1252,3469711
111032293,8692,1264,3469712
111032325,8702,1281,3469713
111032357,8767,1238,3469714
111032389,8578,1132,3469715
111032421,8554,1152,3469716
111032453,8488,1135,3469717
111032485,8679,1151,3469718
111032517,8499,1171,3469719
111032549,8499,1176,3469720
111032581,8551,1197,3469721
111032613,8367,1158,3469722
111032645,8362,1148,3469723
111032677,8585,1158,3469724
111032709,8823,1103,3469725
111032741,8552,1146,3469726
111032773,8558,1112,3469727
111032805,8604,1103,3469728
111032837,8473,1008,3469729
111032869,8379,1099,3469730
111032901,8661,1074,3469731
111032933,8690,1011,3469732
111032965,8568,1072,3469733
111032997,8456,1019,3469734
111033029,8737,1034,3469735
111033061,8582,1031,3469736
111033093,8380,1020,3469737
111033125,8696,1015,3469738
111033157,8879,1065,3469739
111033189,8508,953,3469740
111033221,8416,968,3469741
111033253,8592,956,3469742
111033285,8460,950,3469743
111033317,8501,921,3469744
111033349,8504,922,3469745
111033381,8729,924,3469746
111033413,8617,930,3469747
111033445,8635,916,3469748
111033477,8502,962,3469749
111033509,8421,941,3469750
111033541,8523,956,3469751
111033573,8414,834,3469752
111033605,8400,830,3469753
111033637,8667,859,3469754
111033669,8584,904,3469755
111033701,8430,858,3469756
111033733,8480,895,3469757
111033765,8678,840,3469758
111033797,8695,815,3469759
111033829,8376,854,3469760
111033861,8535,829,3469761
111033893,8752,838,3469762
111033925,8533,833,3469763
111033957,8177,756,3469764
111033989,8605,766,3469765
111034021,8647,752,3469766
111034053,8317,787,3469767
111034085,8416,829,3469768
111034117,8755,792,3469769
111034149,8451,781,3469770
111034181,8306,729,3469771
111034213,8453,796,3469772
111034245,8616,767,3469773
111034277,8550,783,3469774
111034309,8298,776,3469775
111034341,8486,729,3469776
111034373,8492,662,3469777
111034405,8428,664,3469778
111034437,8437,703,3469779
111034469,8553,628,3469780
111034501,8534,687,3469781
111034533,8576,614,3469782
111034565,8407,663,3469783
111034597,8354,713,3469784
111034629,8312,667,3469785
111034661,8305,713,3469786
111034693,8307,713,3469787
111034725,8654,695,3469788
111034757,8575,658,3469789
111034789,8381,598,3469790
111034821,8405,593,3469791
111034853,8381,652,3469792
111034885,8314,603,3469793
111034917,8423,602,3469794
111034949,8464,579,3469795
111034981,8434,598,3469796
111035013,8448,619,3469797
111035045,8260,655,3469798
111035077,8462,570,3469799
111035109,8430,592,3469800
111035141,8271,617,3469801
111035173,8351,563,3469802
111035205,8529,487,3469803
111035237,8296,490,3469804
111035269,8302,519,3469805
111035301,8361,478,3469806
111035333,8331,558,3469807
111035365,8252,549,3469808
111035397,8446,571,3469809
111035429,8390,512,3469810
111035461,8219,578,3469811
111035493,8354,517,3469812
111035525,8278,460,3469813
111035557,8324,408,3469814
111035589,8383,497,3469815
111035621,8412,457,3469816
111035653,8403,446,3469817
111035685,8385,453,3469818
111035717,8366,502,3469819
111035749,8180,427,3469820
111035781,8154,462,3469821
111035813,8357,482,3469822
111035845,8573,457,3469823
111035877,8280,461,3469824
111035909,8357,414,3469825
111035941,8466,397,3469826
111035973,8268,347,3469827
111036005,8152,407,3469828
111036037,8421,336,3469829
111036069,8594,422,3469830
111036101,8233,383,3469831
111036133,8117,462,3469832
111036165,8436,377,3469833
111036197,8247,373,3469834
111036229,8242,387,3469835
111036261,8178,377,3469836
111036293,8471,404,3469837
111036325,8439,390,3469838
111036357,8148,287,3469839
111036389,8347,292,3469840
111036421,8316,342,3469841
111036453,8069,362,3469842
111036485,8294,357,3469843
111036517,8381,282,3469844
111036549,8359,371,3469845
111036581,8296,339,3469846
111036613,8284,324,3469847
111036645,8364,329,3469848
111036677,8161,299,3469849
111036709,8157,346,3469850
111036741,8336,288,3469851
111036773,8576,351,3469852
111036805,8262,327,3469853
111036837,8159,304,3469854
111036869,8076,309,3469855
111036901,8235,311,3469856
111036933,8297,407,3469857
111036965,8144,336,3469858
111036997,8250,360,3469859
111037029,8418,345,3469860
111037061,8112,388,3469861
111037093,7818,333,3469862
111037125,8432,334,3469863
111037157,8607,323,3469864
111037189,7914,382,3469865
111037221,8186,387,3469866
111037253,8550,322,3469867
111037285,8243,316,3469868
111037317,7853,311,3469869
111037349,8237,313,3469870
111037381,8318,292,3469871
111037413,8113,350,3469872
111037445,7993,302,3469873
111037477,8194,255,3469874
111037509,8267,327,3469875
111037541,8051,350,3469876
111037573,8140,345,3469877
111037605,8330,279,3469878
111037637,8255,280,3469879
111037669,8174,371,3469880
111037701,8221,330,3469881
111037733,8235,369,3469882
111037765,8083,358,3469883
111037797,8000,304,3469884
111037829,8151,368,3469885
111037861,8276,327,3469886
111037893,8311,322,3469887
111037925,8222,300,3469888
111037957,8067,332,3469889
111037989,8203,313,3469890
111038021,8053,283,3469891
111038053,7987,357,3469892
111038085,8397,270,3469893
111038117,8387,358,3469894
111038149,8030,342,3469895
111038181,8042,324,3469896
111038213,8265,328,3469897
111038245,8243,339,3469898
111038277,8083,343,3469899
111038309,8082,321,3469900
111038341,8180,347,3469901
111038373,8174,316,3469902
111038405,7954,320,3469903
111038437,8130,311,3469904
111038469,8226,263,3469905
111038501,8191,333,3469906
111038533,8225,391,3469907
111038565,8169,336,3469908
111038597,8105,318,3469909
111038629,8069,283,3469910
111038661,8110,362,3469911
111038693,8059,368,3469912
111038725,8056,365,3469913
111038757,8271,343,3469914
111038789,8221,309,3469915
111038821,8103,323,3469916
111038853,8165,388,3469917
111038885,8218,364,3469918
111038917,8202,338,3469919
111038949,8039,372,3469920
111038981,8159,340,3469921
111039013,8077,371,3469922
111039045,7882,376,3469923
111039077,7938,348,3469924
111039109,7976,336,3469925
111039141,8054,345,3469926
111039173,8059,371,3469927
111039205,8179,295,3469928
111039237,8118,290,3469929
111039269,8114,386,3469930
111039301,8049,317,3469931
111039333,8089,361,3469932
111039365,8093,341,3469933
111039397,8292,391,3469934
111039429,8271,331,3469935
111039461,7916,353,3469936
111039493,7919,301,3469937
111039525,8107,316,3469938
111039557,8059,337,3469939
111039589,7923,356,3469940
111039621,8100,367,3469941
111039653,8251,385,3469942
111039685,8129,345,3469943
111039717,7966,306,3469944
111039749,8013,345,3469945
111039781,8064,395,3469946
111039813,7975,405,3469947
111039845,7914,396,3469948
111039877,8070,291,3469949
111039909,8025,362,3469950
111039941,7918,306,3469951
111039973,7973,302,3469952
111040005,7976,306,3469953
111040037,8149,322,3469954
111040069,8099,318,3469955
111040101,7961,375,3469956
111040133,8015,299,3469957
111040165,8138,351,3469958
111040197,7848,359,3469959
111040229,7881,323,3469960
111040261,8063,335,3469961
111040293,8226,363,3469962
111040325,7928,280,3469963
111040357,8026,363,3469964
111040389,8238,291,3469965
111040421,7827,355,3469966
111040453,7729,309,3469967
111040485,8003,260,3469968
111040517,8243,318,3469969
111040549,7872,375,3469970
111040581,7875,367,3469971
111040613,8195,310,3469972
111040645,7935,305,3469973
111040677,7766,348,3469974
111040709,7806,369,3469975
111040741,8249,300,3469976
111040773,7939,354,3469977
111040805,7823,344,3469978
111040837,8107,340,3469979
111040869,8084,323,3469980
111040901,7806,298,3469981
111040933,7820,338,3469982
111040965,8064,331,3469983
111040997,8133,334,3469984
111041029,7996,333,3469985
111041061,7964,396,3469986
111041093,7888,383,3469987
111041125,8004,329,3469988
111041157,7848,349,3469989
111041189,8001,308,3469990
111041221,8071,289,3469991
111041253,8191,328,3469992
111041285,7786,371,3469993
111041317,7642,365,3469994
111041349,7955,342,3469995
111041381,7981,300,3469996
111041413,7807,308,3469997
111041445,8094,318,3469998
111041477,8112,356,3469999
111041509,7949,391,3470000
111041541,7600,369,3470001
111041573,7940,288,3470002
111041605,8083,277,3470003
111041637,7718,307,3470004
111041669,7738,377,3470005
111041701,8088,346,3470006
111041733,7902,308,3470007
111041765,7676,311,3470008
111041797,7734,323,3470009
111041829,7990,290,3470010
111041861,7776,317,3470011
111041893,7826,329,3470012
111041925,7928,277,3470013
111041957,7857,325,3470014
111041989,7930,402,3470015
111042021,7821,317,3470016
111042053,7817,271,3470017
111042085,7813,389,3470018
111042117,8034,352,3470019
111042149,7908,314,3470020
111042181,7777,380,3470021
111042213,7945,352,3470022
111042245,7836,276,3470023
111042277,7829,283,3470024
111042309,7886,264,3470025
111042341,8048,357,3470026
111042373,7996,323,3470027
111042405,7728,267,3470028
111042437,7783,349,3470029
111042469,7998,296,3470030
111042501,7723,338,3470031
111042533,7821,307,3470032
111042565,7991,348,3470033
111042597,7713,388,3470034
111042629,7826,322,3470035
111042661,7822,331,3470036
111042693,7791,319,3470037
111042725,7744,332,3470038
111042757,7924,333,3470039
111042789,7839,320,3470040
111042821,7849,258,3470041
111042853,7728,333,3470042
111042885,7923,371,3470043
111042917,7793,269,3470044
111042949,7687,363,3470045
111042981,7759,305,3470046
111043013,7774,347,3470047
111043045,7823,306,3470048
111043077,7647,340,3470049
111043109,7760,351,3470050
111043141,7768,336,3470051
111043173,7786,304,3470052
111043205,7814,348,3470053
111043237,7600,328,3470054
111043269,7809,320,3470055
111043301,7894,346,3470056
111043333,7719,347,3470057
111043365,7645,366,3470058
111043397,7876,312,3470059
111043429,7751,302,3470060
111043461,7843,314,3470061
111043493,7816,343,3470062
111043525,7784,277,3470063
111043557,7621,355,3470064
111043589,7633,372,3470065
111043621,7744,285,3470066
111043653,7850,320,3470067
111043685,7735,337,3470068
111043717,7611,334,3470069
111043749,7885,297,3470070
111043781,7656,301,3470071
111043813,7471,328,3470072
111043845,7645,338,3470073
111043877,7976,329,3470074
111043909,7720,312,3470075
111043941,7636,395,3470076
111043973,7830,343,3470077
111044005,7744,364,3470078
111044037,7667,284,3470079
111044069,7714,330,3470080
111044101,7902,297,3470081
111044133,7809,317,3470082
111044165,7640,281,3470083
111044197,7759,316,3470084
111044229,7732,295,3470085
111044261,7592,299,3470086
111044293,7680,344,3470087
111044325,7632,303,3470088
111044357,7848,349,3470089
111044389,7832,345,3470090
111044421,7636,387,3470091
111044453,7431,320,3470092
111044485,7662,376,3470093
111044517,7674,350,3470094
111044549,7436,317,3470095
111044581,7935,320,3470096
111044613,7929,315,3470097
111044645,7588,369,3470098
111044677,7452,332,3470099
111044709,7866,280,3470100
111044741,7664,289,3470101
111044773,7481,358,3470102
111044805,7754,346,3470103
111044837,7854,279,3470104
111044869,7595,350,3470105
111044901,7275,302,3470106
111044933,7651,328,3470107
111044965,7881,338,3470108
111044997,7518,329,3470109
111045029,7671,350,3470110
111045061,7736,325,3470111
111045093,7781,317,3470112
111045125,7354,298,3470113
111045157,7650,292,3470114
111045189,7728,340,3470115
111045221,7590,363,3470116
111045253,7643,313,3470117
111045285,7572,323,3470118
111045317,7749,258,3470119
111045349,7619,378,3470120
111045381,7485,318,3470121
111045413,7588,296,3470122
111045445,7720,357,3470123
111045477,7784,290,3470124
111045509,7502,305,3470125
111045541,7566,266,3470126
111045573,7506,323,3470127
111045605,7512,334,3470128
111045637,7341,311,3470129
111045669,7753,269,3470130
111045701,7838,350,3470131
111045733,7432,330,3470132
111045765,7342,333,3470133
111045797,7564,326,3470134
111045829,7477,294,3470135
111045861,7440,331,3470136
111045893,7610,397,3470137
111045925,7802,356,3470138
111045957,7593,300,3470139
111045989,7382,356,3470140
111046021,7598,285,3470141
111046053,7625,293,3470142
111046085,7440,410,3470143
111046117,7602,369,3470144
111046149,7721,377,3470145
111046181,7508,381,3470146
111046213,7478,409,3470147
111046245,7508,381,3470148
111046277,7522,384,3470149
111046309,7463,451,3470150
111046341,7569,367,3470151
111046373,7720,399,3470152
111046405,7431,396,3470153
111046437,7627,382,3470154
111046469,7535,434,3470155
111046501,7457,431,3470156
111046533,7608,416,3470157
111046565,7566,514,3470158
111046597,7631,420,3470159
111046629,7517,429,3470160
111046661,7578,410,3470161
111046693,7504,414,3470162
111046725,7631,497,3470163
111046757,7490,445,3470164
111046789,7690,421,3470165
111046821,7668,453,3470166
111046853,7582,537,3470167
111046885,7616,546,3470168
111046917,7578,509,3470169
111046949,7361,504,3470170
111046981,7470,540,3470171
111047013,7716,508,3470172
111047045,7377,491,3470173
111047077,7452,560,3470174
111047109,7650,552,3470175
111047141,7540,542,3470176
111047173,7335,551,3470177
111047205,7478,568,3470178
111047237,7747,641,3470179
111047269,7553,622,3470180
111047301,7387,658,3470181
111047333,7519,651,3470182
111047365,7544,610,3470183
111047397,7266,676,3470184
111047429,7370,620,3470185
111047461,7513,658,3470186
111047493,7630,636,3470187
111047525,7419,606,3470188
111047557,7451,586,3470189
111047589,7401,605,3470190
111047621,7343,626,3470191
111047653,7324,668,3470192
111047685,7376,730,3470193
111047717,7468,654,3470194
111047749,7498,677,3470195
111047781,7419,655,3470196
111047813,7256,691,3470197
111047845,7601,662,3470198
111047877,7425,629,3470199
111047909,7350,652,3470200
111047941,7541,645,3470201
111047973,7588,676,3470202
111048005,7438,675,3470203
111048037,7200,750,3470204
111048069,7363,764,3470205
111048101,7639,734,3470206
111048133,7424,789,3470207
111048165,7388,784,3470208
111048197,7674,744,3470209
111048229,7597,779,3470210
111048261,7271,805,3470211
111048293,7447,694,3470212
111048325,7586,773,3470213
111048357,7400,783,3470214
111048389,7286,777,3470215
111048421,7454,864,3470216
111048453,7485,912,3470217
111048485,7360,880,3470218
111048517,7228,894,3470219
111048549,7404,894,3470220
111048581,7496,821,3470221
111048613,7282,859,3470222
111048645,7322,840,3470223
111048677,7513,872,3470224
111048709,7425,874,3470225
111048741,7176,820,3470226
111048773,7353,844,3470227
111048805,7525,958,3470228
111048837,7529,903,3470229
111048869,7338,947,3470230
111048901,7371,999,3470231
111048933,7576,932,3470232
111048965,7400,942,3470233
111048997,7110,900,3470234
111049029,7521,926,3470235
111049061,7557,909,3470236
111049093,7319,986,3470237
111049125,7220,998,3470238
111049157,7420,930,3470239
111049189,7382,1054,3470240
111049221,7298,1047,3470241
111049253,7335,1026,3470242
111049285,7585,1024,3470243
111049317,7404,1021,3470244
111049349,7046,1011,3470245
111049381,7254,1069,3470246
111049413,7543,997,3470247
111049445,7357,1046,3470248
111049477,7202,999,3470249
111049509,7484,1033,3470250
111049541,7439,1081,3470251
111049573,7211,1170,3470252
111049605,7350,1126,3470253
111049637,7208,1202,3470254
111049669,7246,1202,3470255
111049701,7407,1183,3470256
111049733,7245,1192,3470257
111049765,7357,1133,3470258
111049797,7293,1119,3470259
111049829,7333,1101,3470260
111049861,7299,1098,3470261
111049893,7368,1093,3470262
111049925,7472,1176,3470263
111049957,7390,1159,3470264
111049989,7259,1266,3470265
111050021,7260,1316,3470266
111050053,7207,1270,3470267
111050085,7237,1264,3470268
111050117,7372,1233,3470269
111050149,7542,1269,3470270
111050181,7252,1259,3470271
111050213,7150,1269,3470272
111050245,7281,1287,3470273
111050277,7201,1251,3470274
111050309,7224,1273,3470275
111050341,7310,1242,3470276
111050373,7542,1404,3470277
111050405,7151,1338,3470278
111050437,7291,1347,3470279
111050469,7260,1359,3470280
111050501,7281,1364,3470281
111050533,7291,1399,3470282
111050565,7405,1360,3470283
111050597,7325,1348,3470284
111050629,7284,1408,3470285
111050661,7370,1378,3470286
111050693,7382,1353,3470287
111050725,7323,1332,3470288
111050757,7218,1472,3470289
111050789,7316,1425,3470290
111050821,7367,1453,3470291
111050853,7445,1456,3470292
111050885,7339,1512,3470293
111050917,7334,1460,3470294
111050949,7019,1470,3470295
111050981,7296,1467,3470296
111051013,7254,1475,3470297
111051045,7170,1543,3470298
111051077,7360,1501,3470299
111051109,7387,1476,3470300
111051141,7115,1651,3470301
111051173,7018,1652,3470302
111051205,7273,1586,3470303
111051237,7324,1652,3470304
111051269,7192,1568,3470305
111051301,7288,1568,3470306
111051333,7417,1611,3470307
111051365,7311,1604,3470308
111051397,6882,1622,3470309
111051429,7246,1584,3470310
111051461,7425,1572,3470311
111051493,7276,1602,3470312
111051525,7087,1735,3470313
111051557,7413,1727,3470314
111051589,7378,1749,3470315
111051621,7062,1757,3470316
111051653,7096,1694,3470317
111051685,7322,1751,3470318
111051717,7160,1756,3470319
111051749,7217,1666,3470320
111051781,7289,1722,3470321
111051813,7350,1709,3470322
111051845,7366,1750,3470323
111051877,7024,1746,3470324
111051909,7159,1735,3470325
111051941,7350,1796,3470326
111051973,7209,1893,3470327
111052005,7240,1889,3470328
111052037,7209,1915,3470329
111052069,7066,1866,3470330
111052101,7114,1892,3470331
111052133,7078,1841,3470332
111052165,7216,1825,3470333
111052197,7485,1857,3470334
111052229,7058,1837,3470335
111052261,6910,1888,3470336
111052293,7321,1844,3470337
111052325,7152,1999,3470338
111052357,7021,1952,3470339
111052389,7229,1986,3470340
111052421,7407,1982,3470341
111052453,7147,1987,3470342
111052485,6935,2035,3470343
111052517,7108,2005,3470344
111052549,7164,2003,3470345
111052581,7094,2021,3470346
111052613,7106,1946,3470347
111052645,7333,1949,3470348
111052677,7355,1940,3470349
111052709,7008,2106,3470350
111052741,7095,2069,3470351
111052773,7252,2132,3470352
111052805,7063,2104,3470353
111052837,7212,2118,3470354
111052869,7322,2117,3470355
111052901,7253,2089,3470356
111052933,7201,2096,3470357
111052965,7118,2097,3470358
111052997,7193,2103,3470359
111053029,7245,2059,3470360
111053061,7130,2117,3470361
111053093,7129,2218,3470362
111053125,7219,2306,3470363
111053157,7279,2273,3470364
111053189,6992,2235,3470365
111053221,6965,2253,3470366
111053253,7269,2218,3470367
111053285,7364,2387,3470368
111053317,7239,2264,3470369
111053349,7206,2257,3470370
111053381,7199,2286,3470371
111053413,7084,2235,3470372
111053445,6889,2242,3470373
111053477,7157,2304,3470374
111053509,7387,2359,3470375
111053541,7145,2390,3470376
111053573,7113,2387,3470377
111053605,7156,2419,3470378
111053637,7036,2400,3470379
111053669,6888,2393,3470380
111053701,7195,2413,3470381
111053733,7150,2339,3470382
111053765,7089,2386,3470383
111053797,7098,2355,3470384
111053829,7163,2397,3470385
111053861,7072,2387,3470386
111053893,7175,2551,3470387
111053925,7051,2495,3470388
111053957,7159,2569,3470389
111053989,7161,2508,3470390
111054021,7071,2515,3470391
111054053,7165,2517,3470392
111054085,7073,2499,3470393
111054117,7068,2556,3470394
111054149,7024,2505,3470395
111054181,7195,2509,3470396
111054213,7093,2462,3470397
111054245,7271,2561,3470398
111054277,7195,2658,3470399
111054309,6984,2679,3470400
111054341,7066,2696,3470401
111054373,7155,2683,3470402
111054405,7051,2700,3470403
111054437,7207,2726,3470404
111054469,7211,2670,3470405
111054501,6997,2681,3470406
111054533,6847,2678,3470407
111054565,7023,2617,3470408
111054597,7277,2702,3470409
111054629,7101,2710,3470410
111054661,6989,2804,3470411
111054693,7162,2832,3470412
111054725,7043,2819,3470413
111054757,6946,2887,3470414
111054789,7013,2859,3470415
111054821,7280,2830,3470416
111054853,7068,2867,3470417
111054885,7073,2822,3470418
111054917,7278,2811,3470419
111054949,7108,2874,3470420
111054981,6929,2843,3470421
111055013,6987,2856,3470422
111055045,7042,2991,3470423
111055077,7249,2953,3470424
111055109,7068,3001,3470425
111055141,7074,3025,3470426
111055173,7072,2949,3470427
111055205,7088,2975,3470428
111055237,6969,2956,3470429
111055269,6985,2979,3470430
111055301,7027,2973,3470431
111055333,7126,2982,3470432
111055365,7008,2978,3470433
111055397,6981,3022,3470434
111055429,6986,2993,3470435
111055461,7160,3140,3470436
111055493,6800,3073,3470437
111055525,6988,3153,3470438
111055557,7281,3181,3470439
111055589,6940,3180,3470440
111055621,6781,3162,3470441
111055653,7164,3103,3470442
111055685,7036,3115,3470443
111055717,6982,3127,3470444
111055749,7023,3145,3470445
111055781,7244,3159,3470446
111055813,7066,3175,3470447
111055845,6780,3277,3470448
111055877,6975,3338,3470449
111055909,7240,3285,3470450
111055941,7020,3321,3470451
111055973,7004,3265,3470452
111056005,7156,3367,3470453
111056037,7260,3289,3470454
111056069,6921,3336,3470455
111056101,6950,3347,3470456
111056133,7031,3353,3470457
111056165,7164,3295,3470458
111056197,6964,3315,3470459
111056229,7107,3522,3470460
111056261,7058,3484,3470461
111056293,7069,3422,3470462
111056325,6875,3501,3470463
111056357,6743,3526,3470464
111056389,7032,3477,3470465
111056421,7177,3482,3470466
111056453,7026,3452,3470467
111056485,7004,3475,3470468
111056517,7106,3466,3470469
111056549,6908,3470,3470470
111056581,6690,3398,3470471
111056613,6931,3614,3470472
111056645,7318,3653,3470473
111056677,7069,3580,3470474
111056709,6898,3672,3470475
111056741,7047,3613,3470476
111056773,7060,3619,3470477
111056805,6704,3663,3470478
111056837,6906,3642,3470479
111056869,7323,3641,3470480
111056901,6908,3672,3470481
111056933,6711,3672,3470482
111056965,6976,3665,3470483
111056997,7146,3833,3470484
111057029,6906,3791,3470485
111057061,6833,3764,3470486
111057093,7031,3811,3470487
111057125,7058,3772,3470488
111057157,6956,3865,3470489
111057189,6931,3763,3470490
111057221,6916,3840,3470491
111057253,6969,3821,3470492
111057285,6971,3802,3470493
111057317,6914,3855,3470494
111057349,7034,3808,3470495
111057381,6906,3788,3470496
111057413,7014,4003,3470497
111057445,6873,3906,3470498
111057477,7087,4001,3470499
111057509,6959,4010,3470500
111057541,6849,3951,3470501
111057573,6971,3934,3470502
111057605,7061,3982,3470503
111057637,7007,4014,3470504
111057669,6962,3987,3470505
111057701,6934,4005,3470506
111057733,6986,3990,3470507
111057765,7005,3952,3470508
111057797,7071,4137,3470509
111057829,7142,4165,3470510
111057861,6972,4103,3470511
111057893,6934,4124,3470512
111057925,6888,4104,3470513
111057957,7116,4103,3470514
111057989,7045,4183,3470515
111058021,7140,4099,3470516
111058053,7045,4210,3470517
111058085,6917,4146,3470518
111058117,6851,4126,3470519
111058149,6957,4131,3470520
111058181,7114,4333,3470521
111058213,7027,4340,3470522
111058245,6968,4317,3470523
111058277,7019,4330,3470524
111058309,6928,4376,3470525
111058341,6961,4310,3470526
111058373,6889,4359,3470527
111058405,6904,4327,3470528
111058437,7045,4346,3470529
111058469,7010,4292,3470530
111058501,7011,4312,3470531
111058533,6849,4298,3470532
111058565,6878,4522,3470533
111058597,7003,4553,3470534
111058629,7003,4487,3470535
111058661,6919,4533,3470536
111058693,7150,4500,3470537
111058725,7066,4512,3470538
111058757,6808,4544,3470539
111058789,6998,4499,3470540
111058821,6840,4524,3470541
111058853,6786,4505,3470542
111058885,6990,4526,3470543
111058917,7129,4558,3470544
111058949,6953,4756,3470545
111058981,6767,4686,3470546
111059013,6814,4677,3470547
111059045,7105,4647,3470548
111059077,6911,4683,3470549
111059109,6772,4723,3470550
111059141,7102,4720,3470551
111059173,7035,4750,3470552
111059205,6759,4683,3470553
111059237,6930,4701,3470554
111059269,7075,4722,3470555
111059301,6933,4742,3470556
111059333,6851,4702,3470557
111059365,7035,4956,3470558
111059397,7047,4880,3470559
111059429,6972,4876,3470560
111059461,6874,4894,3470561
111059493,7005,4880,3470562
111059525,7015,4858,3470563
111059557,7135,4880,3470564
111059589,6946,4856,3470565
111059621,7075,4871,3470566
111059653,7085,4885,3470567
111059685,6785,4845,3470568
111059717,6790,4863,3470569
111059749,6966,5070,3470570
111059781,7163,5022,3470571
111059813,6923,5065,3470572
111059845,6886,5036,3470573
111059877,6952,5038,3470574
111059909,6967,5069,3470575
111059941,6815,5037,3470576
111059973,6787,5078,3470577
111060005,7298,5043,3470578
111060037,6986,5039,3470579
111060069,6662,5045,3470580
111060101,7047,5023,3470581
111060133,7130,5257,3470582
111060165,6699,5275,3470583
111060197,6927,5241,3470584
111060229,7100,5212,3470585
111060261,7092,5222,3470586
111060293,6757,5245,3470587
111060325,6851,5244,3470588
111060357,7063,5230,3470589
111060389,7116,5271,3470590
111060421,6598,5254,3470591
111060453,6846,5252,3470592
111060485,7114,5264,3470593
111060517,6806,5453,3470594
111060549,6897,5408,3470595
111060581,6860,5402,3470596
111060613,6716,5470,3470597
111060645,7004,5427,3470598
111060677,6793,5468,3470599
111060709,6866,5463,3470600
111060741,7072,5470,3470601
111060773,6966,5391,3470602
111060805,6647,5424,3470603
111060837,6925,5424,3470604
111060869,6859,5408,3470605
111060901,6852,5613,3470606
111060933,6911,5682,3470607
111060965,6999,5584,3470608
111060997,6853,5625,3470609
111061029,6765,5657,3470610
111061061,6775,5610,3470611
111061093,7017,5621,3470612
111061125,6926,5638,3470613
111061157,6807,5712,3470614
111061189,6939,5641,3470615
111061221,7059,5622,3470616
111061253,6799,5676,3470617
111061285,6783,5667,3470618
111061317,7078,5807,3470619
111061349,6892,5836,3470620
111061381,6995,5818,3470621
111061413,7102,5818,3470622
111061445,6814,5863,3470623
111061477,6815,5794,3470624
111061509,6900,5807,3470625
111061541,6975,5783,3470626
111061573,7003,5819,3470627
111061605,6949,5887,3470628
111061637,6935,5836,3470629
111061669,6817,5834,3470630
111061701,6895,6022,3470631
111061733,6862,6030,3470632
111061765,7062,5977,3470633
111061797,6864,6011,3470634
111061829,7074,5975,3470635
111061861,6962,6023,3470636
111061893,6941,6060,3470637
111061925,6808,6041,3470638
111061957,6902,6012,3470639
111061989,6980,5987,3470640
111062021,6944,5996,3470641
111062053,7201,6035,3470642
111062085,6952,6224,3470643
111062117,6793,6183,3470644
111062149,6967,6207,3470645
111062181,6930,6213,3470646
111062213,6814,6187,3470647
111062245,6996,6196,3470648
111062277,7049,6211,3470649
111062309,7069,6237,3470650
111062341,6750,6198,3470651
111062373,6920,6258,3470652
111062405,6964,6198,3470653
111062437,6882,6239,3470654
111062469,6734,6413,3470655
111062501,6968,6400,3470656
111062533,6945,6409,3470657
111062565,6805,6435,3470658
111062597,6772,6394,3470659
111062629,6853,6469,3470660
111062661,6899,6442,3470661
111062693,6961,6375,3470662
111062725,6841,6369,3470663
111062757,6953,6447,3470664
111062789,6995,6394,3470665
111062821,6709,6443,3470666
111062853,6830,6644,3470667
111062885,7098,6595,3470668
111062917,7172,6653,3470669
111062949,6934,6584,3470670
111062981,6816,6620,3470671
111063013,6935,6601,3470672
111063045,6845,6572,3470673
111063077,6624,6650,3470674
111063109,6852,6623,3470675
111063141,7138,6554,3470676
111063173,7109,6581,3470677
111063205,6707,6624,3470678
111063237,7002,6574,3470679
111063269,6898,6787,3470680
111063301,6692,6821,3470681
111063333,6893,6846,3470682
111063365,7180,6859,3470683
111063397,6940,6781,3470684
111063429,6785,6840,3470685
111063461,6809,6825,3470686
111063493,7202,6869,3470687
111063525,6791,6825,3470688
111063557,6867,6837,3470689
111063589,7007,6759,3470690
111063621,6997,6821,3470691
111063653,6856,7019,3470692
111063685,6829,6979,3470693
111063717,6874,6999,3470694
111063749,6790,6984,3470695
111063781,6845,6991,3470696
111063813,6879,7070,3470697
111063845,6961,7007,3470698
111063877,6840,6991,3470699
111063909,7029,7000,3470700
111063941,6693,7004,3470701
111063973,6918,7037,3470702
111064005,7005,6994,3470703
111064037,6728,7244,3470704
111064069,6849,7223,3470705
111064101,7078,7228,3470706
111064133,6941,7160,3470707
111064165,6604,7174,3470708
111064197,7031,7221,3470709
111064229,7131,7199,3470710
111064261,6898,7211,3470711
111064293,6815,7262,3470712
111064325,7107,7255,3470713
111064357,6925,7231,3470714
111064389,6738,7191,3470715
111064421,6780,7395,3470716
111064453,7203,7390,3470717
111064485,7019,7391,3470718
111064517,6696,7399,3470719
111064549,6961,7393,3470720
111064581,6923,7392,3470721
111064613,6779,7384,3470722
111064645,6884,7432,3470723
111064677,7275,7448,3470724
111064709,6897,7405,3470725
111064741,6995,7442,3470726
111064773,6842,7410,3470727
111064805,6953,7440,3470728
111064837,7022,7638,3470729
111064869,6849,7609,3470730
111064901,6904,7600,3470731
111064933,7003,7651,3470732
111064965,7072,7637,3470733
111064997,6870,7616,3470734
111065029,6888,7598,3470735
111065061,6844,7598,3470736
111065093,6875,7595,3470737
111065125,6915,7622,3470738
111065157,6969,7573,3470739
111065189,7085,7598,3470740
111065221,7048,7812,3470741
111065253,6782,7870,3470742
111065285,6797,7866,3470743
111065317,6978,7842,3470744
111065349,6802,7808,3470745
111065381,6878,7789,3470746
111065413,7086,7792,3470747
111065445,6921,7807,3470748
111065477,6662,7808,3470749
111065509,6889,7854,3470750
111065541,6924,7794,3470751
111065573,6924,7821,3470752
111065605,6957,8016,3470753
111065637,7001,7938,3470754
111065669,6866,8025,3470755
111065701,6782,8042,3470756
111065733,6940,8072,3470757
111065765,7099,8046,3470758
111065797,6902,8042,3470759
111065829,6942,8020,3470760
111065861,6922,8021,3470761
111065893,6956,8058,3470762
111065925,6848,8074,3470763
111065957,6974,7998,3470764
111065989,6888,8259,3470765
111066021,6846,8214,3470766
111066053,6943,8231,3470767
111066085,7012,8183,3470768
111066117,6965,8264,3470769
111066149,6942,8279,3470770
111066181,6791,8264,3470771
111066213,6796,8262,3470772
111066245,6987,8229,3470773
111066277,6990,8225,3470774
111066309,7063,8252,3470775
111066341,6810,8223,3470776
111066373,7075,8340,3470777
111066405,6874,8388,3470778
111066437,6870,8431,3470779
111066469,6828,8446,3470780
111066501,7319,8451,3470781
111066533,7050,8405,3470782
111066565,6825,8376,3470783
111066597,7033,8422,3470784
111066629,7099,8405,3470785
111066661,6813,8606,3470786
111066693,6925,8416,3470787
111066725,7297,8444,3470788
111066757,6992,8419,3470789
111066789,6803,8599,3470790
111066821,6804,8654,3470791
111066853,7080,8564,3470792
111066885,7011,8631,3470793
111066917,6833,8645,3470794
111066949,6888,8583,3470795
111066981,7177,8622,3470796
111067013,6886,8608,3470797
111067045,6935,8625,3470798
111067077,7079,8601,3470799
111067109,6868,8594,3470800
111067141,6810,8601,3470801
111067173,6979,8823,3470802
111067205,7126,8791,3470803
111067237,7219,8834,3470804
111067269,6979,8860,3470805
111067301,6729,8829,3470806
111067333,7011,8837,3470807
111067365,7084,8775,3470808
111067397,6806,8838,3470809
111067429,6956,8842,3470810
111067461,7114,8860,3470811
111067493,6994,8815,3470812
111067525,6650,8772,3470813
111067557,6972,9016,3470814
111067589,7221,9034,3470815
111067621,6966,8994,3470816
111067653,6797,8981,3470817
111067685,7043,9039,3470818
111067717,7163,9042,3470819
111067749,6748,9085,3470820
111067781,6784,9017,3470821
111067813,7289,8987,3470822
111067845,7033,8993,3470823
111067877,6886,8993,3470824
111067909,6932,9005,3470825
111067941,7068,9251,3470826
111067973,6984,9164,3470827
111068005,6806,9280,3470828
111068037,7107,9212,3470829
111068069,7150,9190,3470830
111068101,6966,9240,3470831
111068133,6911,9272,3470832
111068165,6995,9255,3470833
111068197,7083,9212,3470834
111068229,6804,9199,3470835
111068261,7067,9177,3470836
111068293,7108,9189,3470837
111068325,7073,9383,3470838
111068357,7012,9371,3470839
111068389,6927,9398,3470840
111068421,6945,9397,3470841
111068453,7121,9453,3470842
111068485,6900,9434,3470843
111068517,7060,9458,3470844
111068549,7166,9394,3470845
111068581,6994,9408,3470846
111068613,6709,9411,3470847
111068645,6960,9399,3470848
111068677,7159,9444,3470849
111068709,7042,9398,3470850
111068741,7047,9643,3470851
111068773,7157,9619,3470852
111068805,7081,9555,3470853
111068837,6770,9696,3470854
111068869,7008,9608,3470855
111068901,7152,9646,3470856
111068933,7032,9610,3470857
111068965,6991,9614,3470858
111068997,6995,9657,3470859
111069029,7129,9657,3470860
111069061,6861,9600,3470861
111069093,7069,9645,3470862
111069125,7177,9822,3470863
111069157,6989,9833,3470864
111069189,7032,9795,3470865
111069221,7141,9811,3470866
111069253,6964,9814,3470867
111069285,7026,9839,3470868
111069317,7081,9834,3470869
111069349,6951,9820,3470870
111069381,6896,9824,3470871
111069413,7088,9844,3470872
111069445,7154,9853,3470873
111069477,7018,9803,3470874
111069509,6895,10012,3470875
111069541,7007,9973,3470876
111069573,6848,10046,3470877
111069605,6967,10034,3470878
111069637,7202,9998,3470879
111069669,7027,9988,3470880
111069701,6958,10032,3470881
111069733,6963,9999,3470882
111069765,7025,10002,3470883
111069797,6963,9989,3470884
111069829,6955,9993,3470885
111069861,7263,9987,3470886
111069893,7013,10243,3470887
111069925,6926,10199,3470888
111069957,7052,10174,3470889
111069989,6977,10204,3470890
111070021,6973,10224,3470891
111070053,7134,10211,3470892
111070085,7160,10191,3470893
111070117,7156,10170,3470894
111070149,7035,10231,3470895
111070181,6905,10173,3470896
111070213,7075,10232,3470897
111070245,7048,10160,3470898
111070277,6997,10487,3470899
111070309,7011,10422,3470900
111070341,7030,10455,3470901
111070373,7051,10422,3470902
111070405,7009,10386,3470903
111070437,6894,10426,3470904
111070469,7023,10419,3470905
111070501,7118,10428,3470906
111070533,6954,10417,3470907
111070565,7108,10394,3470908
111070597,7274,10351,3470909
111070629,7119,10436,3470910
111070661,6750,10435,3470911
111070693,7060,10540,3470912
111070725,7138,10643,3470913
111070757,7155,10606,3470914
111070789,6992,10611,3470915
111070821,7268,10621,3470916
111070853,6973,10602,3470917
111070885,6951,10591,3470918
111070917,6901,10592,3470919
111070949,7252,10574,3470920
111070981,7098,10592,3470921
111071013,6982,10638,3470922
111071045,7117,10657,3470923
111071077,7135,10808,3470924
111071109,6936,10834,3470925
111071141,6869,10775,3470926
111071173,7225,10815,3470927
111071205,7069,10786,3470928
111071237,7033,10778,3470929
111071269,6911,10783,3470930
111071301,7139,10823,3470931
111071333,7247,10843,3470932
111071365,7084,10824,3470933
111071397,7047,10855,3470934
111071429,7175,10810,3470935
111071461,7259,10963,3470936
111071493,7089,11023,3470937
111071525,7136,10976,3470938
111071557,7167,11005,3470939
111071589,6943,11061,3470940
111071621,6971,10995,3470941
111071653,7132,10983,3470942
111071685,7255,10965,3470943
111071717,7087,10988,3470944
111071749,6770,10971,3470945
111071781,7001,10990,3470946
111071813,7179,11013,3470947
111071845,7040,11141,3470948
111071877,6923,11179,3470949
111071909,7393,11158,3470950
111071941,7170,11159,3470951
111071973,6878,11203,3470952
111072005,7075,11216,3470953
111072037,7201,11177,3470954
111072069,7210,11166,3470955
111072101,7102,11218,3470956
111072133,7267,11221,3470957
111072165,7232,11175,3470958
111072197,6906,11161,3470959
111072229,6990,11358,3470960
111072261,7255,11390,3470961
111072293,7260,11352,3470962
111072325,6973,11336,3470963
111072357,7076,11354,3470964
111072389,7124,11385,3470965
111072421,7028,11372,3470966
111072453,7027,11354,3470967
111072485,7008,11367,3470968
111072517,7162,11370,3470969
111072549,7119,11398,3470970
111072581,7263,11404,3470971
111072613,7015,11414,3470972
111072645,7144,11552,3470973
111072677,7135,11501,3470974
111072709,6899,11567,3470975
111072741,7073,11562,3470976
111072773,7343,11559,3470977
111072805,7203,11514,3470978
111072837,7191,11516,3470979
111072869,7088,11561,3470980
111072901,7093,11587,3470981
111072933,6968,11547,3470982
111072965,7015,11557,3470983
111072997,7289,11586,3470984
111073029,7206,11696,3470985
111073061,6971,11739,3470986
111073093,7080,11715,3470987
111073125,7235,11713,3470988
111073157,6981,11720,3470989
111073189,7130,11657,3470990
111073221,7399,11696,3470991
111073253,7314,11744,3470992
111073285,7108,11646,3470993
111073317,7314,11718,3470994
111073349,7147,11733,3470995
111073381,7164,11695,3470996
111073413,7238,11944,3470997
111073445,7196,11946,3470998
111073477,7209,11933,3470999
111073509,7234,11926,3471000
111073541,7136,11843,3471001
111073573,7242,11942,3471002
111073605,7194,11860,3471003
111073637,7285,11921,3471004
111073669,7172,11938,3471005
111073701,7171,11952,3471006
111073733,7315,11929,3471007
111073765,7291,11909,3471008
111073797,7012,12102,3471009
111073829,7103,12062,3471010
111073861,7310,12092,3471011
111073893,7207,12041,3471012
111073925,7150,12076,3471013
111073957,7274,12060,3471014
111073989,7250,12137,3471015
111074021,6906,12133,3471016
111074053,7119,12123,3471017
111074085,7300,12097,3471018
111074117,7166,12062,3471019
111074149,7200,12052,3471020
111074181,7272,12253,3471021
111074213,7362,12313,3471022
111074245,7126,12285,3471023
111074277,7048,12331,3471024
111074309,7409,12231,3471025
111074341,7288,12231,3471026
111074373,7078,12319,3471027
111074405,7244,12206,3471028
111074437,7233,12352,3471029
111074469,7135,12221,3471030
111074501,7069,12242,3471031
111074533,7301,12253,3471032
111074565,7410,12295,3471033
111074597,7113,12459,3471034
111074629,7101,12520,3471035
111074661,7251,12436,3471036
111074693,7311,12471,3471037
111074725,7211,12418,3471038
111074757,7222,12455,3471039
111074789,7280,12418,3471040
111074821,7374,12450,3471041
111074853,7270,12421,3471042
111074885,7047,12452,3471043
111074917,7337,12415,3471044
111074949,7287,12408,3471045
111074981,7132,12636,3471046
111075013,7177,12563,3471047
111075045,7404,12585,3471048
111075077,7404,12623,3471049
111075109,6969,12671,3471050
111075141,7247,12658,3471051
111075173,7387,12601,3471052
111075205,7117,12588,3471053
111075237,7355,12633,3471054
111075269,7522,12678,3471055
111075301,7438,12606,3471056
111075333,7173,12605,3471057
111075365,7093,12862,3471058
111075397,7474,12831,3471059
111075429,7382,12826,3471060
111075461,7138,12856,3471061
111075493,7304,12778,3471062
111075525,7527,12802,3471063
111075557,7235,12843,3471064
111075589,7161,12755,3471065
111075621,7423,12838,3471066
111075653,7351,12769,3471067
111075685,7227,12766,3471068
111075717,7477,12754,3471069
111075749,7412,12995,3471070
111075781,7334,12940,3471071
111075813,7080,12954,3471072
111075845,7202,12994,3471073
111075877,7364,12979,3471074
111075909,7502,12945,3471075
111075941,7257,12985,3471076
111075973,7268,12961,3471077
111076005,7377,12992,3471078
111076037,7249,12929,3471079
111076069,7296,12990,3471080
111076101,7262,13025,3471081
111076133,7513,12987,3471082
111076165,7362,13091,3471083
111076197,7118,13105,3471084
111076229,7277,13164,3471085
111076261,7311,13097,3471086
111076293,7285,13112,3471087
111076325,7168,13151,3471088
111076357,7464,13052,3471089
111076389,7605,13176,3471090
111076421,7084,13088,3471091
111076453,7290,13194,3471092
111076485,7283,13109,3471093
111076517,7276,13108,3471094
111076549,7216,13255,3471095
111076581,7344,13221,3471096
111076613,7494,13251,3471097
111076645,7281,13228,3471098
111076677,7322,13313,3471099
111076709,7382,13246,3471100
111076741,7277,13308,3471101
111076773,7357,13276,3471102
111076805,7399,13241,3471103
111076837,7461,13212,3471104
111076869,7374,13296,3471105
111076901,7315,13268,3471106
111076933,7335,13477,3471107
111076965,7378,13427,3471108
111076997,7497,13418,3471109
111077029,7419,13369,3471110
111077061,7446,13399,3471111
111077093,7297,13425,3471112
111077125,7291,13402,3471113
111077157,7194,13419,3471114
111077189,7278,13452,3471115
111077221,7386,13392,3471116
111077253,7381,13410,3471117
111077285,7392,13457,3471118
111077317,7484,13613,3471119
111077349,7373,13613,3471120
111077381,7353,13591,3471121
111077413,7320,13644,3471122
111077445,7534,13579,3471123
111077477,7433,13615,3471124
111077509,7248,13596,3471125
111077541,7259,13548,3471126
111077573,7433,13584,3471127
111077605,7271,13588,3471128
111077637,7327,13625,3471129
111077669,7562,13542,3471130
111077701,7450,13740,3471131
111077733,7404,13751,3471132
111077765,7580,13761,3471133
111077797,7513,13744,3471134
111077829,7343,13708,3471135
111077861,7361,13737,3471136
111077893,7519,13785,3471137
111077925,7490,13708,3471138
111077957,7441,13710,3471139
111077989,7373,13745,3471140
111078021,7407,13764,3471141
111078053,7314,13724,3471142
111078085,7443,13782,3471143
111078117,7288,13922,3471144
111078149,7405,13945,3471145
111078181,7558,13940,3471146
111078213,7542,13852,3471147
111078245,7292,13941,3471148
111078277,7440,13920,3471149
111078309,7590,13869,3471150
111078341,7338,13896,3471151
111078373,7342,13920,3471152
111078405,7685,13865,3471153
111078437,7505,13982,3471154
111078469,7102,13927,3471155
111078501,7322,14037,3471156
111078533,7857,14010,3471157
111078565,7524,14015,3471158
111078597,7382,14035,3471159
111078629,7655,14016,3471160
111078661,7613,13995,3471161
111078693,7370,14025,3471162
111078725,7369,14051,3471163
111078757,7478,14042,3471164
111078789,7610,14030,3471165
111078821,7480,14084,3471166
111078853,7559,14062,3471167
111078885,7624,14225,3471168
111078917,7718,14123,3471169
111078949,7358,14153,3471170
111078981,7421,14156,3471171
111079013,7558,14147,3471172
111079045,7621,14172,3471173
111079077,7512,14184,3471174
111079109,7403,14204,3471175
111079141,7464,14161,3471176
111079173,7512,14162,3471177
111079205,7478,14166,3471178
111079237,7594,14169,3471179
111079269,7713,14372,3471180
111079301,7395,14271,3471181
111079333,7431,14325,3471182
111079365,7710,14310,3471183
111079397,7500,14241,3471184
111079429,7420,14319,3471185
111079461,7453,14321,3471186
111079493,7716,14297,3471187
111079525,7554,14322,3471188
111079557,7448,14304,3471189
111079589,7594,14379,3471190
111079621,7858,14273,3471191
111079653,7405,14486,3471192
111079685,7458,14523,3471193
111079717,7742,14412,3471194
111079749,7849,14424,3471195
111079781,7323,14507,3471196
111079813,7460,14449,3471197
111079845,7654,14456,3471198
111079877,7668,14495,3471199
111079909,7606,14479,3471200
111079941,7614,14511,3471201
111079973,7755,14399,3471202
111080005,7552,14482,3471203
111080037,7439,14452,3471204
111080069,7565,14585,3471205
111080101,7723,14602,3471206
111080133,7632,14601,3471207
111080165,7466,14566,3471208
111080197,7632,14558,3471209
111080229,7725,14520,3471210
111080261,7588,14616,3471211
111080293,7386,14588,3471212
111080325,7624,14608,3471213
111080357,7642,14573,3471214
111080389,7637,14588,3471215
111080421,7502,14655,3471216
111080453,7723,14660,3471217
111080485,7552,14732,3471218
111080517,7519,14721,3471219
111080549,7500,14704,3471220
111080581,7853,14707,3471221
111080613,7705,14754,3471222
111080645,7558,14699,3471223
111080677,7543,14721,3471224
111080709,7678,14725,3471225
111080741,7654,14687,3471226
111080773,7667,14666,3471227
111080805,7703,14751,3471228
111080837,7616,14845,3471229
111080869,7503,14777,3471230
111080901,7729,14812,3471231
111080933,7588,14870,3471232
111080965,7490,14772,3471233
111080997,7581,14878,3471234
111081029,7665,14770,3471235
111081061,7627,14844,3471236
111081093,7786,14844,3471237
111081125,7673,14795,3471238
111081157,7492,14836,3471239
111081189,7571,14815,3471240
111081221,7567,14962,3471241
111081253,7624,14964,3471242
111081285,7714,14896,3471243
111081317,7685,14921,3471244
111081349,7791,14977,3471245
111081381,7532,14972,3471246
111081413,7498,14959,3471247
111081445,7687,14938,3471248
111081477,7585,14910,3471249
111081509,7616,14922,3471250
111081541,7637,14911,3471251
111081573,7798,14943,3471252
111081605,7384,15115,3471253
111081637,7481,15122,3471254
111081669,7857,15018,3471255
111081701,7650,14998,3471256
111081733,7712,15100,3471257
111081765,7878,15048,3471258
111081797,7743,15032,3471259
111081829,7359,15112,3471260
111081861,7516,15115,3471261
111081893,7849,15046,3471262
111081925,7777,15010,3471263
111081957,7739,15045,3471264
111081989,7855,15085,3471265
111082021,7882,15198,3471266
111082053,7516,15174,3471267
111082085,7589,15185,3471268
111082117,7852,15177,3471269
111082149,7803,15181,3471270
111082181,7759,15163,3471271
111082213,7712,15145,3471272
111082245,7726,15158,3471273
111082277,7759,15240,3471274
111082309,7671,15200,3471275
111082341,7574,15193,3471276
111082373,7827,15178,3471277
111082405,8054,15266,3471278
111082437,7656,15270,3471279
111082469,7725,15350,3471280
111082501,7880,15295,3471281
111082533,7751,15212,3471282
111082565,7636,15283,3471283
111082597,7624,15278,3471284
111082629,8016,15252,3471285
111082661,7812,15309,3471286
111082693,7644,15330,3471287
111082725,7613,15261,3471288
111082757,7952,15270,3471289
111082789,7638,15401,3471290
111082821,7578,15320,3471291
111082853,7918,15384,3471292
111082885,7815,15410,3471293
111082917,7535,15389,3471294
111082949,7685,15399,3471295
111082981,7689,15348,3471296
111083013,7781,15445,3471297
111083045,7601,15396,3471298
111083077,7840,15424,3471299
111083109,7813,15398,3471300
111083141,7628,15428,3471301
111083173,7658,15412,3471302
111083205,7818,15468,3471303
111083237,7786,15486,3471304
111083269,7834,15503,3471305
111083301,7805,15460,3471306
111083333,7773,15518,3471307
111083365,7853,15484,3471308
111083397,7747,15536,3471309
111083429,7732,15431,3471310
111083461,7879,15503,3471311
111083493,7934,15455,3471312
111083525,7904,15512,3471313
111083557,7848,15582,3471314
111083589,7920,15608,3471315
111083621,7923,15558,3471316
111083653,7514,15530,3471317
111083685,7747,15561,3471318
111083717,8119,15581,3471319
111083749,7851,15518,3471320
111083781,7857,15597,3471321
111083813,7809,15597,3471322
111083845,7864,15589,3471323
111083877,7778,15513,3471324
111083909,7928,15545,3471325
111083941,8153,15633,3471326
111083973,8091,15642,3471327
111084005,7835,15669,3471328
111084037,7774,15709,3471329
111084069,8169,15651,3471330
111084101,7788,15648,3471331
111084133,7752,15613,3471332
111084165,8149,15706,3471333
111084197,7951,15658,3471334
111084229,7981,15706,3471335
111084261,7927,15660,3471336
111084293,7904,15634,3471337
111084325,7885,15717,3471338
111084357,7883,15796,3471339
111084389,7966,15758,3471340
111084421,7928,15792,3471341
111084453,8117,15758,3471342
111084485,7841,15726,3471343
111084517,7832,15754,3471344
111084549,7861,15802,3471345
111084581,7828,15734,3471346
111084613,7982,15720,3471347
111084645,8049,15694,3471348
111084677,8006,15730,3471349
111084709,8007,15745,3471350
111084741,7803,15806,3471351
111084773,7896,15830,3471352
111084805,7851,15825,3471353
111084837,8029,15860,3471354
111084869,7873,15906,3471355
111084901,7983,15836,3471356
111084933,7968,15774,3471357
111084965,7818,15806,3471358
111084997,7833,15831,3471359
111085029,7861,15821,3471360
111085061,7914,15837,3471361
111085093,8051,15813,3471362
111085125,8004,15900,3471363
111085157,7984,15922,3471364
111085189,7830,15865,3471365
111085221,7764,15876,3471366
111085253,7995,15877,3471367
111085285,8008,15905,3471368
111085317,7979,15823,3471369
111085349,7930,15874,3471370
111085381,8165,15966,3471371
111085413,7898,15833,3471372
111085445,7980,15907,3471373
111085477,7922,15924,3471374
111085509,8096,15929,3471375
111085541,8018,15978,3471376
111085573,7993,16020,3471377
111085605,7925,16023,3471378
111085637,7934,15944,3471379
111085669,7941,16014,3471380
111085701,7959,16004,3471381
111085733,7982,15973,3471382
111085765,7989,15947,3471383
111085797,8038,15959,3471384
111085829,7916,15978,3471385
111085861,8129,16025,3471386
111085893,8048,16011,3471387
111085925,8086,16008,3471388
111085957,7879,16104,3471389
111085989,8366,16071,3471390
111086021,8170,16031,3471391
111086053,7973,15981,3471392
111086085,7935,16063,3471393
111086117,8140,16036,3471394
111086149,8007,15996,3471395
111086181,7804,16044,3471396
111086213,8339,16060,3471397
111086245,8202,16087,3471398
111086277,7895,16052,3471399
111086309,7907,16093,3471400
111086341,8265,16076,3471401
111086373,8177,16113,3471402
111086405,7951,16130,3471403
111086437,7971,16147,3471404
111086469,8327,16122,3471405
111086501,8135,16159,3471406
111086533,7810,16123,3471407
111086565,8044,16087,3471408
111086597,8128,16034,3471409
111086629,8088,16068,3471410
111086661,8085,16163,3471411
111086693,8211,16204,3471412
111086725,8140,16173,3471413
111086757,7989,16147,3471414
111086789,7992,16126,3471415
111086821,8077,16225,3471416
111086853,8330,16145,3471417
111086885,8209,16205,3471418
111086917,7993,16174,3471419
111086949,8195,16086,3471420
111086981,8130,16151,3471421
111087013,7849,16122,3471422
111087045,8010,16127,3471423
111087077,8343,16191,3471424
111087109,8283,16189,3471425
111087141,7945,16287,3471426
111087173,8078,16195,3471427
111087205,8359,16233,3471428
111087237,8115,16183,3471429
111087269,7964,16252,3471430
111087301,8309,16139,3471431
111087333,8223,16275,3471432
111087365,8031,16225,3471433
111087397,8032,16164,3471434
111087429,8143,16214,3471435
111087461,8122,16241,3471436
111087493,7889,16299,3471437
111087525,8106,16200,3471438
111087557,8151,16319,3471439
111087589,8118,16284,3471440
111087621,7977,16266,3471441
111087653,7983,16296,3471442
111087685,8174,16253,3471443
111087717,8082,16269,3471444
111087749,8223,16240,3471445
111087781,8211,16326,3471446
111087813,8220,16229,3471447
111087845,8128,16157,3471448
111087877,8087,16283,3471449
111087909,8150,16208,3471450
111087941,8336,16298,3471451
111087973,8114,16273,3471452
111088005,8119,16262,3471453
111088037,8251,16339,3471454
111088069,8218,16347,3471455
111088101,7984,16293,3471456
111088133,8152,16368,3471457
111088165,8344,16257,3471458
111088197,8286,16270,3471459
111088229,8165,16299,3471460
111088261,8205,16343,3471461
111088293,8194,16314,3471462
111088325,7975,16316,3471463
111088357,7948,16260,3471464
111088389,8256,16321,3471465
111088421,8265,16232,3471466
111088453,8240,16311,3471467
111088485,8141,16277,3471468
111088517,8271,16336,3471469
111088549,8113,16302,3471470
111088581,8101,16219,3471471
111088613,8421,16250,3471472
111088645,8315,16274,3471473
111088677,8200,16330,3471474
111088709,8142,16289,3471475
111088741,8210,16286,3471476
111088773,8161,16250,3471477
111088805,8226,16293,3471478
111088837,8307,16234,3471479
111088869,8218,16279,3471480
111088901,8374,16251,3471481
111088933,8262,16312,3471482
111088965,8281,16332,3471483
111088997,8215,16329,3471484
111089029,8240,16340,3471485
111089061,8255,16233,3471486
111089093,8312,16232,3471487
111089125,8340,16369,3471488
111089157,8376,16326,3471489
111089189,8188,16255,3471490
111089221,8161,16383,3471491
111089253,8227,16282,3471492
111089285,8242,16342,3471493
111089317,8176,16337,3471494
111089349,8413,16241,3471495
111089381,8454,16343,3471496
111089413,8103,16227,3471497
111089445,8081,16316,3471498
111089477,8412,16304,3471499
111089509,8225,16209,3471500
111089541,8244,16310,3471501
111089573,8344,16307,3471502
111089605,8334,16304,3471503
111089637,8279,16272,3471504
111089669,8218,16242,3471505
111089701,8361,16326,3471506
111089733,8365,16253,3471507
111089765,8290,16268,3471508
111089797,8370,16351,3471509
111089829,8345,16316,3471510
111089861,8399,16256,3471511
111089893,8189,16302,3471512
111089925,8240,16276,3471513
111089957,8371,16285,3471514
111089989,8499,16228,3471515
111090021,8338,16280,3471516
111090053,8347,16257,3471517
111090085,8356,16308,3471518
111090117,8243,16249,3471519
111090149,8213,16295,3471520
111090181,8335,16332,3471521
111090213,8638,16358,3471522
111090245,8360,16251,3471523
111090277,8259,16248,3471524
111090309,8542,16212,3471525
111090341,8437,16256,3471526
111090373,8223,16182,3471527
111090405,8144,16329,3471528
111090437,8502,16292,3471529
111090469,8520,16270,3471530
111090501,8203,16238,3471531
111090533,8316,16249,3471532
111090565,8502,16294,3471533
111090597,8345,16242,3471534
111090629,8217,16353,3471535
111090661,8462,16275,3471536
111090693,8494,16286,3471537
111090725,8313,16313,3471538
111090757,8191,16252,3471539
111090789,8526,16268,3471540
111090821,8272,16265,3471541
111090853,8410,16297,3471542
111090885,8393,16275,3471543
111090917,8464,16307,3471544
111090949,8409,16341,3471545
111090981,8259,16183,3471546
111091013,8225,16189,3471547
111091045,8453,16318,3471548
111091077,8566,16199,3471549
111091109,8286,16328,3471550
111091141,8269,16264,3471551
111091173,8397,16277,3471552
111091205,8360,16314,3471553
111091237,8356,16245,3471554
111091269,8236,16225,3471555
111091301,8606,16245,3471556
111091333,8516,16292,3471557
111091365,8256,16266,3471558
111091397,8405,16199,3471559
111091429,8586,16269,3471560
111091461,8140,16308,3471561
111091493,8124,16232,3471562
111091525,8628,16269,3471563
111091557,8752,16238,3471564
111091589,8245,16339,3471565
111091621,8544,16236,3471566
111091653,8463,16310,3471567
111091685,8282,16249,3471568
111091717,8319,16316,3471569
111091749,8515,16292,3471570
111091781,8592,16323,3471571
111091813,8433,16309,3471572
111091845,8502,16324,3471573
111091877,8530,16241,3471574
111091909,8397,16333,3471575
111091941,8358,16245,3471576
111091973,8475,16286,3471577
111092005,8571,16372,3471578
111092037,8407,16224,3471579
111092069,8646,16292,3471580
111092101,8459,16245,3471581
111092133,8539,16256,3471582
111092165,8462,16230,3471583
111092197,8491,16372,3471584
111092229,8534,16333,3471585
111092261,8734,16246,3471586
111092293,8590,16235,3471587
111092325,8353,16330,3471588
111092357,8514,16320,3471589
111092389,8475,16284,3471590
111092421,8594,16238,3471591
111092453,8454,16252,3471592
111092485,8552,16281,3471593
111092517,8629,16329,3471594
111092549,8534,16223,3471595
111092581,8427,16330,3471596
111092613,8573,16303,3471597
111092645,8543,16236,3471598
111092677,8437,16361,3471599
111092709,8578,16233,3471600
111092741,8655,16281,3471601
111092773,8404,16336,3471602
111092805,8513,16277,3471603
111092837,8582,16306,3471604
111092869,8402,16319,3471605
111092901,8643,16257,3471606
111092933,8561,16285,3471607
111092965,8579,16240,3471608
111092997,8506,16279,3471609
111093029,8520,16234,3471610
111093061,8484,16289,3471611
111093093,8573,16355,3471612
111093125,8498,16373,3471613
111093157,8586,16234,3471614
111093189,8537,16264,3471615
111093221,8559,16263,3471616
111093253,8414,16270,3471617
111093285,8585,16302,3471618
111093317,8542,16359,3471619
111093349,8668,16314,3471620
111093381,8576,16298,3471621
111093413,8530,16231,3471622
111093445,8515,16347,3471623
111093477,8681,16302,3471624
111093509,8401,16343,3471625
111093541,8392,16251,3471626
111093573,8736,16316,3471627
111093605,8622,16349,3471628
111093637,8536,16260,3471629
111093669,8618,16310,3471630
111093701,8768,16236,3471631
111093733,8612,16283,3471632
111093765,8324,16280,3471633
111093797,8767,16294,3471634
111093829,8764,16316,3471635
111093861,8515,16383,3471636
111093893,8362,16296,3471637
111093925,8752,16332,3471638
111093957,8590,16198,3471639
111093989,8619,16247,3471640
111094021,8663,16328,3471641
111094053,8710,16310,3471642
111094085,8793,16341,3471643
111094117,8440,16243,3471644
111094149,8547,16292,3471645
111094181,8704,16269,3471646
111094213,8671,16226,3471647
111094245,8503,16244,3471648
111094277,8656,16309,3471649
111094309,8740,16265,3471650
111094341,8676,16269,3471651
111094373,8495,16256,3471652
111094405,8702,16316,3471653
111094437,8782,16217,3471654
111094469,8709,16304,3471655
111094501,8577,16331,3471656
111094533,8794,16189,3471657
111094565,8835,16217,3471658
111094597,8519,16203,3471659
111094629,8664,16253,3471660
111094661,8986,16191,3471661
111094693,8760,16276,3471662
111094725,8644,16313,3471663
111094757,8782,16229,3471664
111094789,8850,16263,3471665
111094821,8583,16262,3471666
111094853,8548,16241,3471667
111094885,8734,16264,3471668
111094917,8980,16166,3471669
111094949,8778,16216,3471670
111094981,8612,16200,3471671
111095013,8846,16147,3471672
111095045,8581,16192,3471673
111095077,8587,16154,3471674
111095109,8756,16226,3471675
111095141,8867,16257,3471676
111095173,8765,16223,3471677
111095205,8643,16262,3471678
111095237,8869,16198,3471679
111095269,8672,16135,3471680
111095301,8676,16166,3471681
111095333,8774,16129,3471682
111095365,8826,16108,3471683
111095397,8851,16127,3471684
111095429,8599,16135,3471685
111095461,8462,16135,3471686
111095493,8708,16244,3471687
111095525,8817,16136,3471688
111095557,8748,16156,3471689
111095589,8676,16183,3471690
111095621,8918,16098,3471691
111095653,8765,16168,3471692
111095685,8604,16117,3471693
111095717,8662,16066,3471694
111095749,8847,16104,3471695
111095781,8784,16140,3471696
111095813,8635,16065,3471697
111095845,9143,16093,3471698
111095877,9077,16126,3471699
111095909,8478,16113,3471700
111095941,8505,16105,3471701
111095973,8956,16086,3471702
111096005,8901,16040,3471703
111096037,8607,16114,3471704
111096069,8932,16145,3471705
111096101,8840,16042,3471706
111096133,8631,16025,3471707
111096165,8555,16045,3471708
111096197,8737,16026,3471709
111096229,8947,15995,3471710
111096261,8809,15995,3471711
111096293,8753,16070,3471712
111096325,8868,16041,3471713
111096357,8823,16049,3471714
111096389,8627,16062,3471715
111096421,8773,16073,3471716
111096453,8776,15995,3471717
111096485,8870,15987,3471718
111096517,8750,15962,3471719
111096549,8746,15998,3471720
111096581,8627,15936,3471721
111096613,8890,16000,3471722
111096645,8786,15950,3471723
111096677,8692,15968,3471724
111096709,8994,15962,3471725
111096741,8968,15946,3471726
111096773,8763,16025,3471727
111096805,8894,15984,3471728
111096837,8884,15972,3471729
111096869,8743,15910,3471730
111096901,8750,15912,3471731
111096933,9003,15907,3471732
111096965,8982,15906,3471733
111096997,8829,15951,3471734
111097029,8692,15942,3471735
111097061,8879,15960,3471736
111097093,8856,15920,3471737
111097125,8673,15947,3471738
111097157,8936,15870,3471739
111097189,8992,15944,3471740
111097221,8699,15903,3471741
111097253,8867,15769,3471742
111097285,8843,15840,3471743
111097317,8783,15855,3471744
111097349,8826,15862,3471745
111097381,8850,15813,3471746
111097413,8969,15831,3471747
111097445,8947,15857,3471748
111097477,8798,15826,3471749
111097509,8685,15845,3471750
111097541,8931,15893,3471751
111097573,8936,15801,3471752
111097605,8823,15844,3471753
111097637,8865,15761,3471754
111097669,8997,15754,3471755
111097701,9015,15751,3471756
111097733,8782,15683,3471757
111097765,8728,15716,3471758
111097797,8938,15671,3471759
111097829,8957,15794,3471760
111097861,8911,15813,3471761
111097893,8928,15747,3471762
111097925,9071,15733,3471763
111097957,8704,15698,3471764
111097989,8743,15732,3471765
111098021,9153,15704,3471766
111098053,9100,15698,3471767
111098085,8777,15647,3471768
111098117,8858,15694,3471769
111098149,8882,15671,3471770
111098181,8855,15644,3471771
111098213,8656,15702,3471772
111098245,9015,15707,3471773
111098277,9156,15699,3471774
111098309,8924,15638,3471775
111098341,8611,15660,3471776
111098373,8886,15603,3471777
111098405,8987,15593,3471778
111098437,8844,15597,3471779
111098469,8899,15627,3471780
111098501,9109,15544,3471781
111098533,9160,15573,3471782
111098565,8809,15554,3471783
111098597,8942,15631,3471784
111098629,9151,15554,3471785
111098661,9012,15586,3471786
111098693,8795,15594,3471787
111098725,8914,15587,3471788
111098757,9173,15651,3471789
111098789,8925,15542,3471790
111098821,8695,15505,3471791
111098853,8998,15512,3471792
111098885,9015,15525,3471793
111098917,8959,15539,3471794
111098949,8867,15508,3471795
111098981,9084,15553,3471796
111099013,9191,15468,3471797
111099045,8871,15474,3471798
111099077,8679,15482,3471799
111099109,9061,15506,3471800
111099141,9038,15439,3471801
111099173,8780,15425,3471802
111099205,9072,15435,3471803
111099237,9112,15450,3471804
111099269,8868,15386,3471805
111099301,8895,15361,3471806
111099333,9075,15345,3471807
111099365,9136,15338,3471808
111099397,8896,15388,3471809
111099429,9009,15347,3471810
111099461,9064,15396,3471811
111099493,9067,15365,3471812
111099525,8954,15405,3471813
111099557,9007,15342,3471814
111099589,9340,15293,3471815
111099621,9119,15275,3471816
111099653,8876,15308,3471817
111099685,8876,15251,3471818
111099717,9138,15305,3471819
111099749,8863,15307,3471820
111099781,8987,15268,3471821
111099813,8983,15261,3471822
111099845,9139,15322,3471823
111099877,9098,15256,3471824
111099909,8844,15330,3471825
111099941,9047,15253,3471826
111099973,9184,15158,3471827
111100005,9010,15148,3471828
111100037,8748,15164,3471829
111100069,9141,15168,3471830
111100101,9123,15122,3471831
111100133,8891,15196,3471832
111100165,8926,15221,3471833
111100197,8916,15132,3471834
111100229,8985,15195,3471835
111100261,8843,15148,3471836
111100293,9185,15164,3471837
111100325,9223,15153,3471838
111100357,8819,15078,3471839
111100389,8883,15055,3471840
111100421,9132,15094,3471841
111100453,9130,15079,3471842
111100485,8969,15093,3471843
111100517,9117,15010,3471844
111100549,9054,15039,3471845
111100581,8941,15086,3471846
111100613,8983,15107,3471847
111100645,9121,15079,3471848
111100677,8981,15088,3471849
111100709,9204,15099,3471850
111100741,9116,14981,3471851
111100773,9169,14940,3471852
111100805,9073,15001,3471853
111100837,9213,14922,3471854
111100869,9113,15019,3471855
111100901,8974,14996,3471856
111100933,9182,14921,3471857
111100965,9220,15011,3471858
111100997,9157,14983,3471859
111101029,9124,14960,3471860
111101061,9090,14954,3471861
111101093,8965,14987,3471862
111101125,8908,15024,3471863
111101157,9178,14839,3471864
111101189,9258,14783,3471865
111101221,9064,14807,3471866
111101253,9076,14822,3471867
111101285,9293,14822,3471868
111101317,8995,14838,3471869
111101349,9002,14798,3471870
111101381,9311,14790,3471871
111101413,9319,14821,3471872
111101445,9161,14896,3471873
111101477,9107,14830,3471874
111101509,9249,14807,3471875
111101541,9175,14708,3471876
111101573,9096,14749,3471877
111101605,9173,14711,3471878
111101637,9327,14649,3471879
111101669,9124,14684,3471880
111101701,9142,14685,3471881
111101733,9150,14666,3471882
111101765,9043,14738,3471883
111101797,8972,14707,3471884
111101829,9123,14647,3471885
111101861,9300,14667,3471886
111101893,9370,14739,3471887
111101925,9175,14640,3471888
111101957,9007,14588,3471889
111101989,9106,14572,3471890
111102021,9193,14578,3471891
111102053,9089,14542,3471892
111102085,9042,14573,3471893
111102117,9289,14530,3471894
111102149,9324,14553,3471895
111102181,8953,14622,3471896
111102213,9018,14630,3471897
111102245,9090,14520,3471898
111102277,9135,14584,3471899
111102309,8996,14448,3471900
111102341,9209,14496,3471901
111102373,9322,14499,3471902
111102405,9023,14495,3471903
111102437,8958,14432,3471904
111102469,9292,14445,3471905
111102501,9291,14479,3471906
111102533,8977,14455,3471907
111102565,9145,14458,3471908
111102597,9362,14452,3471909
111102629,9111,14483,3471910
111102661,9114,14436,3471911
111102693,9186,14538,3471912
111102725,9452,14256,3471913
111102757,9407,14339,3471914
111102789,9100,14398,3471915
111102821,9056,14267,3471916
111102853,9252,14332,3471917
111102885,9017,14312,3471918
111102917,9119,14336,3471919
111102949,9179,14329,3471920
111102981,9218,14335,3471921
111103013,9090,14323,3471922
111103045,9189,14274,3471923
111103077,9054,14390,3471924
111103109,9115,14054,3471925
111103141,9089,14175,3471926
111103173,9048,14129,3471927
111103205,9344,14181,3471928
111103237,9247,14199,3471929
111103269,9098,14167,3471930
111103301,9130,14237,3471931
111103333,9370,14141,3471932
111103365,9106,14159,3471933
111103397,9121,14164,3471934
111103429,9310,14258,3471935
111103461,9364,14121,3471936
111103493,9128,14041,3471937
111103525,9192,14002,3471938
111103557,9492,14080,3471939
111103589,9311,14071,3471940
111103621,9120,14045,3471941
111103653,9185,14031,3471942
111103685,9472,14068,3471943
111103717,9238,14048,3471944
111103749,8974,14016,3471945
111103781,9310,14070,3471946
111103813,9174,14000,3471947
111103845,9290,14077,3471948
111103877,9297,13965,3471949
111103909,9251,13872,3471950
111103941,9294,13905,3471951
111103973,9214,13912,3471952
111104005,9285,13883,3471953
111104037,9286,13872,3471954
111104069,9332,13850,3471955
111104101,9150,13926,3471956
111104133,9160,13876,3471957
111104165,9269,13865,3471958
111104197,9366,13899,3471959
111104229,9095,13903,3471960
111104261,9210,13787,3471961
111104293,9316,13754,3471962
111104325,9343,13706,3471963
111104357,9332,13722,3471964
111104389,9220,13706,3471965
111104421,9247,13765,3471966
111104453,9063,13697,3471967
111104485,8941,13727,3471968
111104517,9497,13732,3471969
111104549,9393,13710,3471970
111104581,9134,13823,3471971
111104613,9263,13782,3471972
111104645,9280,13763,3471973
111104677,9131,13530,3471974
111104709,9138,13593,3471975
111104741,9279,13628,3471976
111104773,9379,13620,3471977
111104805,9339,13608,3471978
111104837,9209,13587,3471979
111104869,9273,13623,3471980
111104901,9240,13602,3471981
111104933,9162,13660,3471982
111104965,9334,13595,3471983
111104997,9390,13598,3471984
111105029,9294,13590,3471985
111105061,9209,13461,3471986
111105093,9253,13436,3471987
111105125,9040,13433,3471988
111105157,9202,13438,3471989
111105189,9304,13489,3471990
111105221,9275,13481,3471991
111105253,9366,13519,3471992
111105285,9387,13440,3471993
111105317,9203,13458,3471994
111105349,9286,13481,3471995
111105381,9314,13463,3471996
111105413,9411,13428,3471997
111105445,9249,13316,3471998
111105477,9197,13255,3471999
111105509,9491,13290,3472000
111105541,9312,13336,3472001
111105573,9068,13318,3472002
111105605,9262,13239,3472003
111105637,9501,13277,3472004
111105669,9205,13231,3472005
111105701,9359,13283,3472006
111105733,9489,13347,3472007
111105765,9143,13299,3472008
111105797,9021,13233,3472009
111105829,9384,13072,3472010
111105861,9483,13112,3472011
111105893,9344,13072,3472012
111105925,9293,13120,3472013
111105957,9392,13140,3472014
111105989,9380,13191,3472015
111106021,9162,13123,3472016
111106053,9109,13166,3472017
111106085,9599,13175,3472018
111106117,9293,13160,3472019
111106149,9156,13136,3472020
111106181,9385,13134,3472021
111106213,9315,12965,3472022
111106245,9198,12957,3472023
111106277,9330,12968,3472024
111106309,9216,12906,3472025
111106341,9477,12975,3472026
111106373,9513,12925,3472027
111106405,9181,12939,3472028
111106437,9245,12939,3472029
111106469,9390,12955,3472030
111106501,9127,12957,3472031
111106533,9190,12925,3472032
111106565,9455,13010,3472033
111106597,9509,12984,3472034
111106629,9208,12703,3472035
111106661,9280,12756,3472036
111106693,9333,12758,3472037
111106725,9571,12828,3472038
111106757,9133,12768,3472039
111106789,9385,12776,3472040
111106821,9544,12782,3472041
111106853,9282,12759,3472042
111106885,9126,12797,3472043
111106917,9450,12793,3472044
111106949,9368,12742,3472045
111106981,9273,12772,3472046
111107013,9301,12627,3472047
111107045,9439,12636,3472048
111107077,9289,12640,3472049
111107109,9108,12611,3472050
111107141,9298,12608,3472051
111107173,9439,12653,3472052
111107205,9425,12667,3472053
111107237,9336,12638,3472054
111107269,9528,12684,3472055
111107301,9431,12633,3472056
111107333,9199,12622,3472057
111107365,9272,12671,3472058
111107397,9462,12455,3472059
111107429,9602,12439,3472060
111107461,9262,12388,3472061
111107493,9345,12394,3472062
111107525,9359,12468,3472063
111107557,9419,12705,3472064
111107589,9270,12450,3472065
111107621,9202,12441,3472066
111107653,9528,12457,3472067
111107685,9557,12481,3472068
111107717,9302,12446,3472069
111107749,9351,12484,3472070
111107781,9546,12291,3472071
111107813,9314,12266,3472072
111107845,9132,12287,3472073
111107877,9556,12289,3472074
111107909,9715,12284,3472075
111107941,9368,12242,3472076
111107973,9185,12280,3472077
111108005,9373,12279,3472078
111108037,9517,12223,3472079
111108069,9212,12237,3472080
111108101,9416,12213,3472081
111108133,9707,12274,3472082
111108165,9405,12331,3472083
111108197,9171,12150,3472084
111108229,9475,12128,3472085
111108261,9497,12105,3472086
111108293,9397,12104,3472087
111108325,9380,12124,3472088
111108357,9437,12081,3472089
111108389,9532,12112,3472090
111108421,9290,12075,3472091
111108453,9411,12055,3472092
111108485,9209,12095,3472093
111108517,9470,12105,3472094
111108549,9351,12112,3472095
111108581,9412,11883,3472096
111108613,9487,11916,3472097
111108645,9393,11934,3472098
111108677,9399,11932,3472099
111108709,9198,11907,3472100
111108741,9320,11931,3472101
111108773,9484,11932,3472102
111108805,9478,11948,3472103
111108837,9388,11934,3472104
111108869,9430,11940,3472105
111108901,9256,11932,3472106
111108933,9087,11951,3472107
111108965,9450,11706,3472108
111108997,9568,11698,3472109
111109029,9387,11770,3472110
111109061,9408,11705,3472111
111109093,9366,11779,3472112
111109125,9210,11733,3472113
111109157,9350,11730,3472114
111109189,9431,11776,3472115
111109221,9450,11744,3472116
111109253,9508,11705,3472117
111109285,9334,11703,3472118
111109317,9493,11740,3472119
111109349,9551,11536,3472120
111109381,9431,11501,3472121
111109413,9586,11541,3472122
111109445,9513,11494,3472123
111109477,9352,11608,3472124
111109509,9506,11546,3472125
111109541,9440,11535,3472126
111109573,9387,11511,3472127
111109605,9258,11596,3472128
111109637,9558,11518,3472129
111109669,9434,11521,3472130
111109701,9638,11495,3472131
111109733,9662,11390,3472132
111109765,9418,11346,3472133
111109797,9343,11337,3472134
111109829,9526,11382,3472135
111109861,9415,11344,3472136
111109893,9444,11413,3472137
111109925,9455,11389,3472138
111109957,9648,11308,3472139
111109989,9465,11337,3472140
111110021,9220,11392,3472141
111110053,9352,11359,3472142
111110085,9560,11413,3472143
111110117,9263,11355,3472144
111110149,9449,11177,3472145
111110181,9602,11141,3472146
111110213,9437,11131,3472147
111110245,9025,11174,3472148
111110277,9513,11170,3472149
111110309,9503,11184,3472150
111110341,9471,11150,3472151
111110373,9477,11162,3472152
111110405,9537,11179,3472153
111110437,9403,11182,3472154
111110469,9372,11179,3472155
111110501,9327,11151,3472156
111110533,9483,10991,3472157
111110565,9682,10953,3472158
111110597,9360,10952,3472159
111110629,9423,11026,3472160
111110661,9522,11041,3472161
111110693,9474,10968,3472162
111110725,9365,10976,3472163
111110757,9415,11015,3472164
111110789,9526,10987,3472165
111110821,9499,10922,3472166
111110853,9314,10983,3472167
111110885,9268,10976,3472168
111110917,9526,10803,3472169
111110949,9353,10756,3472170
111110981,9165,10782,3472171
111111013,9554,10775,3472172
111111045,9663,10841,3472173
111111077,9153,10809,3472174
111111109,9297,10775,3472175
111111141,9556,10796,3472176
111111173,9489,10746,3472177
111111205,9162,10846,3472178
111111237,9446,10818,3472179
111111269,9657,10757,3472180
111111301,9426,10578,3472181
111111333,9173,10641,3472182
111111365,9388,10652,3472183
111111397,9429,10642,3472184
111111429,9387,10631,3472185
111111461,9368,10594,3472186
111111493,9556,10621,3472187
111111525,9459,10583,3472188
111111557,9283,10626,3472189
111111589,9352,10624,3472190
111111621,9400,10595,3472191
111111653,9442,10584,3472192
111111685,9379,10372,3472193
111111717,9383,10386,3472194
111111749,9599,10429,3472195
111111781,9589,10456,3472196
111111813,9279,10382,3472197
111111845,9384,10418,3472198
111111877,9600,10466,3472199
111111909,9469,10408,3472200
111111941,9435,10375,3472201
111111973,9597,10436,3472202
111112005,9486,10432,3472203
111112037,9283,10434,3472204
111112069,9243,10432,3472205
111112101,9612,10179,3472206
111112133,9625,10215,3472207
111112165,9402,10201,3472208
111112197,9484,10202,3472209
111112229,9659,10218,3472210
111112261,9389,10221,3472211
111112293,9244,10216,3472212
111112325,9618,10229,3472213
111112357,9687,10195,3472214
111112389,9566,10192,3472215
111112421,9406,10227,3472216
111112453,9432,10184,3472217
111112485,9462,10001,3472218
111112517,9249,10022,3472219
111112549,9332,10042,3472220
111112581,9660,10023,3472221
111112613,9618,9958,3472222
111112645,9322,10030,3472223
111112677,9419,9988,3472224
111112709,9388,10038,3472225
111112741,9462,10002,3472226
111112773,9384,9995,3472227
111112805,9450,9988,3472228
111112837,9562,10015,3472229
111112869,9485,9829,3472230
111112901,9448,9836,3472231
111112933,9439,9816,3472232
111112965,9490,9832,3472233
111112997,9483,9814,3472234
111113029,9181,9794,3472235
111113061,9545,9801,3472236
111113093,9597,9862,3472237
111113125,9465,9819,3472238
111113157,9409,9868,3472239
111113189,9488,9845,3472240
111113221,9499,9862,3472241
111113253,9378,9603,3472242
111113285,9455,9607,3472243
111113317,9527,9617,3472244
111113349,9385,9644,3472245
111113381,9164,9613,3472246
111113413,9492,9576,3472247
111113445,9484,9616,3472248
111113477,9420,9618,3472249
111113509,9447,9631,3472250
111113541,9512,9610,3472251
111113573,9443,9676,3472252
111113605,9432,9634,3472253
111113637,9316,9426,3472254
111113669,9348,9486,3472255
111113701,9419,9411,3472256
111113733,9494,9370,3472257
111113765,9385,9398,3472258
111113797,9326,9376,3472259
111113829,9330,9380,3472260
111113861,9446,9430,3472261
111113893,9289,9459,3472262
111113925,9464,9445,3472263
111113957,9652,9371,3472264
111113989,9443,9443,3472265
111114021,9412,9409,3472266
111114053,9604,9250,3472267
111114085,9506,9255,3472268
111114117,9369,9283,3472269
111114149,9528,9198,3472270
111114181,9582,9248,3472271
111114213,9312,9210,3472272
111114245,9281,9239,3472273
111114277,9587,9214,3472274
111114309,9566,9206,3472275
111114341,9208,9247,3472276
111114373,9546,9240,3472277
111114405,9614,9198,3472278
111114437,9381,8992,3472279
111114469,9271,9008,3472280
111114501,9426,9050,3472281
111114533,9452,8984,3472282
111114565,9431,8977,3472283
111114597,9499,8984,3472284
111114629,9639,9006,3472285
111114661,9499,9031,3472286
111114693,9374,9024,3472287
111114725,9449,9030,3472288
111114757,9696,8998,3472289
111114789,9415,8953,3472290
111114821,9491,8832,3472291
111114853,9434,8792,3472292
111114885,9406,8829,3472293
111114917,9441,8862,3472294
111114949,9353,8841,3472295
111114981,9368,8839,3472296
111115013,9454,8851,3472297
111115045,9444,8810,3472298
111115077,9392,8831,3472299
111115109,9486,8863,3472300
111115141,9502,8854,3472301
111115173,9434,8888,3472302
111115205,9220,8598,3472303
111115237,9534,8601,3472304
111115269,9668,8644,3472305
111115301,9254,8618,3472306
111115333,9328,8612,3472307
111115365,9543,8620,3472308
111115397,9418,8563,3472309
111115429,9032,8587,3472310
111115461,9413,8573,3472311
111115493,9635,8585,3472312
111115525,9352,8629,3472313
111115557,9381,8627,3472314
111115589,9604,8391,3472315
111115621,9468,8412,3472316
111115653,9254,8405,3472317
111115685,9374,8418,3472318
111115717,9606,8405,3472319
111115749,9546,8391,3472320
111115781,9290,8447,3472321
111115813,9401,8410,3472322
111115845,9529,8462,3472323
111115877,9464,8491,3472324
111115909,9313,8464,3472325
111115941,9546,8472,3472326
111115973,9657,8398,3472327
111116005,9447,8250,3472328
111116037,9420,8173,3472329
111116069,9376,8235,3472330
111116101,9520,8208,3472331
111116133,9408,8151,3472332
111116165,9345,8260,3472333
111116197,9596,8200,3472334
111116229,9596,8212,3472335
111116261,9206,8169,3472336
111116293,9241,8218,3472337
111116325,9567,8241,3472338
111116357,9441,8218,3472339
111116389,9350,8061,3472340
111116421,9559,8028,3472341
111116453,9662,8034,3472342
111116485,9461,8066,3472343
111116517,9079,8023,3472344
111116549,9502,7949,3472345
111116581,9483,8043,3472346
111116613,9331,8038,3472347
111116645,9375,8033,3472348
111116677,9564,8008,3472349
111116709,9402,8040,3472350
111116741,9090,8029,3472351
111116773,9357,7860,3472352
111116805,9651,7810,3472353
111116837,9332,7849,3472354
111116869,9422,7860,3472355
111116901,9517,7807,3472356
111116933,9325,7785,3472357
111116965,9274,7781,3472358
111116997,9329,7834,3472359
111117029,9490,7807,3472360
111117061,9549,7843,3472361
111117093,9347,7792,3472362
111117125,9301,7809,3472363
111117157,9506,7617,3472364
111117189,9334,7617,3472365
111117221,9319,7582,3472366
111117253,9486,7640,3472367
111117285,9540,7561,3472368
111117317,9526,7595,3472369
111117349,9472,7604,3472370
111117381,9209,7590,3472371
111117413,9527,7589,3472372
111117445,9458,7575,3472373
111117477,9244,7616,3472374
111117509,9437,7623,3472375
111117541,9571,7383,3472376
111117573,9446,7388,3472377
111117605,9338,7388,3472378
111117637,9405,7388,3472379
111117669,9428,7380,3472380
111117701,9464,7412,3472381
111117733,9370,7415,3472382
111117765,9426,7400,3472383
111117797,9520,7420,3472384
111117829,9293,7443,3472385
111117861,9298,7437,3472386
111117893,9445,7408,3472387
111117925,9161,7379,3472388
111117957,9438,7143,3472389
111117989,9577,7159,3472390
111118021,9458,7214,3472391
111118053,9317,7241,3472392
111118085,9342,7171,3472393
111118117,9260,7168,3472394
111118149,9355,7264,3472395
111118181,9573,7211,3472396
111118213,9381,7260,3472397
111118245,9391,7223,3472398
111118277,9365,7256,3472399
111118309,9168,7231,3472400
111118341,9291,7035,3472401
111118373,9418,6973,3472402
111118405,9487,7030,3472403
111118437,9413,7002,3472404
111118469,9294,7036,3472405
111118501,9470,6992,3472406
111118533,9400,7037,3472407
111118565,9274,7006,3472408
111118597,9330,7017,3472409
111118629,9555,7044,3472410
111118661,9424,6989,3472411
111118693,9241,7008,3472412
111118725,9402,6805,3472413
111118757,9240,6766,3472414
111118789,9139,6816,3472415
111118821,9488,6805,3472416
111118853,9547,6813,3472417
111118885,9298,6815,3472418
111118917,9265,6808,3472419
111118949,9486,6849,3472420
111118981,9216,6812,3472421
111119013,9177,6844,3472422
111119045,9398,6798,3472423
111119077,9545,6803,3472424
111119109,9448,6610,3472425
111119141,9212,6624,3472426
111119173,9276,6603,3472427
111119205,9406,6635,3472428
111119237,9361,6647,3472429
111119269,9357,6573,3472430
111119301,9421,6551,3472431
111119333,9328,6611,3472432
111119365,9380,6613,3472433
111119397,9366,6665,3472434
111119429,9256,6599,3472435
111119461,9425,6658,3472436
111119493,9521,6573,3472437
111119525,9156,6387,3472438
111119557,9504,6426,3472439
111119589,9648,6416,3472440
111119621,9187,6414,3472441
111119653,9128,6392,3472442
111119685,9377,6428,3472443
111119717,9352,6431,3472444
111119749,9270,6332,3472445
111119781,9308,6432,3472446
111119813,9505,6396,3472447
111119845,9418,6444,3472448
111119877,8909,6372,3472449
111119909,9344,6250,3472450
111119941,9495,6256,3472451
111119973,9211,6234,3472452
111120005,9279,6250,3472453
111120037,9469,6228,3472454
111120069,9332,6204,3472455
111120101,9101,6206,3472456
111120133,9102,6230,3472457
111120165,9352,6218,3472458
111120197,9426,6214,3472459
111120229,9300,6154,3472460
111120261,9330,6189,3472461
111120293,9357,5941,3472462
111120325,9371,5973,3472463
111120357,9080,6017,3472464
111120389,9407,5967,3472465
111120421,9549,6022,3472466
111120453,9467,5972,3472467
111120485,9320,6056,3472468
111120517,9348,6014,3472469
111120549,9308,6006,3472470
111120581,9139,5976,3472471
111120613,9164,6015,3472472
111120645,9414,6037,3472473
111120677,9455,5840,3472474
111120709,9336,5829,3472475
111120741,9054,5798,3472476
111120773,9477,5843,3472477
111120805,9223,5893,3472478
111120837,9110,5853,3472479
111120869,9476,5796,3472480
111120901,9495,5867,3472481
111120933,9378,5782,3472482
111120965,9110,5836,3472483
111120997,9300,5806,3472484
111121029,9322,5820,3472485
111121061,9276,5698,3472486
111121093,9369,5692,3472487
111121125,9468,5610,3472488
111121157,9454,5604,3472489
111121189,9062,5690,3472490
111121221,9130,5641,3472491
111121253,9512,5668,3472492
111121285,9191,5633,3472493
111121317,9163,5591,3472494
111121349,9349,5588,3472495
111121381,9462,5631,3472496
111121413,9217,5640,3472497
111121445,9147,5623,3472498
111121477,9149,5425,3472499
111121509,9519,5419,3472500
111121541,9381,5476,3472501
111121573,9291,5409,3472502
111121605,9328,5465,3472503
111121637,9257,5408,3472504
111121669,9110,5463,3472505
111121701,9103,5479,3472506
111121733,9321,5464,3472507
111121765,9286,5458,3472508
111121797,9409,5432,3472509
111121829,9213,5435,3472510
111121861,9270,5258,3472511
111121893,9176,5251,3472512
111121925,8906,5294,3472513
111121957,9367,5241,3472514
111121989,9526,5205,3472515
111122021,9197,5281,3472516
111122053,9139,5255,3472517
111122085,9330,5250,3472518
111122117,9139,5232,3472519
111122149,9191,5232,3472520
111122181,9237,5283,3472521
111122213,9316,5267,3472522
111122245,9382,5064,3472523
111122277,9224,5052,3472524
111122309,9118,5054,3472525
111122341,9237,5045,3472526
111122373,9245,5052,3472527
111122405,9152,5102,3472528
111122437,9262,5077,3472529
111122469,9185,5089,3472530
111122501,9158,5072,3472531
111122533,9257,5011,3472532
111122565,9161,5065,3472533
111122597,9157,5096,3472534
111122629,9245,4906,3472535
111122661,9185,4877,3472536
111122693,9374,4878,3472537
111122725,9498,4893,3472538
111122757,9220,4840,3472539
111122789,9000,4854,3472540
111122821,9249,4869,3472541
111122853,9326,4906,3472542
111122885,9094,4895,3472543
111122917,9189,4901,3472544
111122949,9272,4914,3472545
111122981,9151,4919,3472546
111123013,9025,4744,3472547
111123045,9179,4709,3472548
111123077,9320,4714,3472549
111123109,9139,4713,3472550
111123141,9220,4717,3472551
111123173,9434,4660,3472552
111123205,9157,4714,3472553
111123237,9064,4700,3472554
111123269,9212,4683,3472555
111123301,9329,4654,3472556
111123333,9133,4715,3472557
111123365,9170,4658,3472558
111123397,9318,4676,3472559
111123429,9072,4520,3472560
111123461,9238,4470,3472561
111123493,9221,4475,3472562
111123525,9147,4500,3472563
111123557,9251,4467,3472564
111123589,9281,4504,3472565
111123621,9144,4497,3472566
111123653,9063,4521,3472567
111123685,9139,4513,3472568
111123717,9042,4486,3472569
111123749,9067,4482,3472570
111123781,9111,4530,3472571
111123813,9248,4304,3472572
111123845,9295,4302,3472573
111123877,8941,4308,3472574
111123909,9277,4356,3472575
111123941,9121,4277,3472576
111123973,9045,4345,3472577
111124005,9251,4378,3472578
111124037,9468,4313,3472579
111124069,9094,4334,3472580
111124101,9009,4367,3472581
111124133,9251,4351,3472582
111124165,9181,4340,3472583
111124197,8982,4166,3472584
111124229,9092,4155,3472585
111124261,9161,4183,3472586
111124293,9144,4181,3472587
111124325,9034,4171,3472588
111124357,9142,4167,3472589
111124389,9090,4151,3472590
111124421,9115,4139,3472591
111124453,9125,4201,3472592
111124485,9455,4127,3472593
111124517,9045,4186,3472594
111124549,9042,4182,3472595
111124581,9009,3986,3472596
111124613,9150,4042,3472597
111124645,9162,3948,3472598
111124677,9054,4004,3472599
111124709,9053,3937,3472600
111124741,9158,3972,3472601
111124773,9239,3925,3472602
111124805,9028,4008,3472603
111124837,9008,3947,3472604
111124869,9341,3992,3472605
111124901,9277,4014,3472606
111124933,9005,3999,3472607
111124965,9094,3809,3472608
111124997,9191,3766,3472609
111125029,9056,3850,3472610
111125061,8943,3863,3472611
111125093,9120,3808,3472612
111125125,9249,3848,3472613
111125157,9130,3805,3472614
111125189,8873,3846,3472615
111125221,9349,3781,3472616
111125253,9161,3845,3472617
111125285,8876,3797,3472618
111125317,9008,3803,3472619
111125349,9415,3846,3472620
111125381,9185,3650,3472621
111125413,9007,3647,3472622
111125445,9195,3629,3472623
111125477,9043,3619,3472624
111125509,9024,3627,3472625
111125541,8941,3656,3472626
111125573,9260,3497,3472627
111125605,9216,3636,3472628
111125637,8928,3615,3472629
111125669,9010,3659,3472630
111125701,9160,3654,3472631
111125733,9023,3654,3472632
111125765,8907,3524,3472633
111125797,9074,3457,3472634
111125829,9124,3474,3472635
111125861,9055,3439,3472636
111125893,8896,3482,3472637
111125925,9003,3491,3472638
111125957,9251,3449,3472639
111125989,9075,3455,3472640
111126021,8960,3461,3472641
111126053,9158,3516,3472642
111126085,9212,3440,3472643
111126117,8961,3500,3472644
111126149,8907,3308,3472645
111126181,9110,3364,3472646
111126213,9194,3342,3472647
111126245,8937,3330,3472648
111126277,8968,3342,3472649
111126309,9158,3294,3472650
111126341,9043,3285,3472651
111126373,8798,3293,3472652
111126405,8995,3263,3472653
111126437,9325,3342,3472654
111126469,9018,3323,3472655
111126501,8870,3281,3472656
111126533,9183,3145,3472657
111126565,8976,3107,3472658
111126597,8833,3183,3472659
111126629,9001,3123,3472660
111126661,8998,3189,3472661
111126693,9062,3153,3472662
111126725,8956,3175,3472663
111126757,8920,3193,3472664
111126789,9036,3162,3472665
111126821,9089,3153,3472666
111126853,8896,3147,3472667
111126885,9055,3210,3472668
111126917,9067,2974,3472669
111126949,8903,3019,3472670
111126981,8891,2939,3472671
111127013,8987,2969,3472672
111127045,9053,2995,3472673
111127077,8998,2994,3472674
111127109,8865,3011,3472675
111127141,8943,2994,3472676
111127173,9094,2992,3472677
111127205,8956,2957,3472678
111127237,8792,2952,3472679
111127269,8980,2987,3472680
111127301,8840,3018,3472681
111127333,8837,2819,3472682
111127365,9044,2830,3472683
111127397,9166,2827,3472684
111127429,8976,2823,3472685
111127461,8764,2825,3472686
111127493,8953,2793,3472687
111127525,8984,2827,3472688
111127557,8846,2832,3472689
111127589,9028,2795,3472690
111127621,9021,2826,3472691
111127653,9056,2842,3472692
111127685,8767,2819,3472693
111127717,8968,2673,3472694
111127749,8931,2742,3472695
111127781,8884,2658,3472696
111127813,8991,2642,3472697
111127845,9073,2683,3472698
111127877,8890,2704,3472699
111127909,8828,2631,3472700
111127941,8940,2690,3472701
111127973,8931,2711,3472702
111128005,8811,2646,3472703
111128037,9077,2655,3472704
111128069,8897,2624,3472705
111128101,8918,2543,3472706
111128133,8989,2507,3472707
111128165,8903,2539,3472708
111128197,8841,2547,3472709
111128229,8980,2561,3472710
111128261,9004,2546,3472711
111128293,8853,2564,3472712
111128325,8734,2559,3472713
111128357,9015,2481,3472714
111128389,8950,2546,3472715
111128421,8583,2524,3472716
111128453,8887,2505,3472717
111128485,9163,2354,3472718
111128517,9049,2399,3472719
111128549,8633,2427,3472720
111128581,9037,2352,3472721
111128613,8817,2380,3472722
111128645,8742,2415,3472723
111128677,8874,2416,3472724
111128709,9094,2396,3472725
111128741,8901,2370,3472726
111128773,8856,2361,3472727
111128805,8817,2434,3472728
111128837,8853,2344,3472729
111128869,8817,2202,3472730
111128901,8812,2256,3472731
111128933,8897,2217,3472732
111128965,8987,2227,3472733
111128997,8696,2283,3472734
111129029,8735,2234,3472735
111129061,8759,2302,3472736
111129093,8832,2199,3472737
111129125,8919,2222,3472738
111129157,8758,2206,3472739
111129189,8974,2244,3472740
111129221,8937,2299,3472741
111129253,8670,2308,3472742
111129285,8535,2112,3472743
111129317,8896,2036,3472744
111129349,8950,2159,3472745
111129381,8651,2107,3472746
111129413,8848,2081,3472747
111129445,8998,2130,3472748
111129477,8652,2144,3472749
111129509,8627,2106,3472750
111129541,8689,2167,3472751
111129573,8894,2143,3472752
111129605,8776,2093,3472753
111129637,8772,2125,3472754
111129669,9016,2008,3472755
111129701,8875,1989,3472756
111129733,8571,1994,3472757
111129765,8684,1965,3472758
111129797,9116,1954,3472759
111129829,8892,1941,3472760
111129861,8726,1956,3472761
111129893,8972,1994,3472762
111129925,8707,1968,3472763
111129957,8899,1964,3472764
111129989,8681,1988,3472765
111130021,8970,1948,3472766
111130053,8978,1804,3472767
111130085,8784,1871,3472768
111130117,8686,1920,3472769
111130149,8819,1845,3472770
111130181,8907,1836,3472771
111130213,8598,1815,3472772
111130245,8760,1862,3472773
111130277,8839,1805,3472774
111130309,8664,1857,3472775
111130341,8766,1835,3472776
111130373,8572,1808,3472777
111130405,8828,1841,3472778
111130437,8696,1733,3472779
111130469,8638,1681,3472780
111130501,8879,1731,3472781
111130533,8908,1737,3472782
111130565,8634,1737,3472783
111130597,8477,1749,3472784
111130629,8835,1925,3472785
111130661,8817,1725,3472786
111130693,8622,1736,3472787
111130725,8700,1737,3472788
111130757,8915,1741,3472789
111130789,8842,1752,3472790
111130821,8480,1714,3472791
111130853,8586,1650,3472792
111130885,8776,1637,3472793
111130917,8711,1593,3472794
111130949,8616,1628,3472795
111130981,8783,1659,3472796
111131013,8794,1600,3472797
111131045,8475,1635,3472798
111131077,8524,1600,3472799
111131109,8590,1638,3472800
111131141,8755,1614,3472801
111131173,8733,1576,3472802
111131205,8580,1638,3472803
111131237,8587,1493,3472804
111131269,8777,1434,3472805
111131301,8619,1489,3472806
111131333,8518,1499,3472807
111131365,8803,1484,3472808
111131397,8858,1490,3472809
111131429,8748,1481,3472810
111131461,8632,1485,3472811
111131493,8777,1507,3472812
111131525,8524,1486,3472813
111131557,8489,1462,3472814
111131589,8539,1430,3472815
111131621,8801,1359,3472816
111131653,8849,1385,3472817
111131685,8528,1359,3472818
111131717,8729,1376,3472819
111131749,8643,1388,3472820
111131781,8416,1349,3472821
111131813,8756,1318,3472822
111131845,9058,1320,3472823
111131877,8752,1332,3472824
111131909,8526,1351,3472825
111131941,8599,1409,3472826
111131973,8525,1361,3472827
111132005,8591,1278,3472828
111132037,8656,1272,3472829
111132069,8663,1262,3472830
111132101,8665,1258,3472831
111132133,8577,1240,3472832
111132165,8472,1257,3472833
111132197,8585,1248,3472834
111132229,8470,1248,3472835
111132261,8672,1256,3472836
111132293,8826,1232,3472837
111132325,8739,1318,3472838
111132357,8626,1315,3472839
111132389,8639,1115,3472840
111132421,8349,1181,3472841
111132453,8483,1140,3472842
111132485,8676,1194,3472843
111132517,8671,1158,3472844
111132549,8586,1149,3472845
111132581,8705,1161,3472846
111132613,8502,1153,3472847
111132645,8465,1141,3472848
111132677,8503,1157,3472849
111132709,8683,1114,3472850
111132741,8475,1164,3472851
111132773,8570,1133,3472852
111132805,8595,1000,3472853
111132837,8578,1070,3472854
111132869,8413,991,3472855
111132901,8427,1109,3472856
111132933,8621,1057,3472857
111132965,8663,1069,3472858
111132997,8494,1011,3472859
111133029,8652,1030,3472860
111133061,8420,1072,3472861
111133093,8271,1096,3472862
111133125,8540,1016,3472863
111133157,8618,1059,3472864
111133189,8674,981,3472865
111133221,8525,956,3472866
111133253,8575,954,3472867
111133285,8547,988,3472868
111133317,8489,958,3472869
111133349,8505,884,3472870
111133381,8510,968,3472871
111133413,8771,994,3472872
111133445,8637,950,3472873
111133477,8465,919,3472874
111133509,8565,997,3472875
111133541,8580,977,3472876
111133573,8504,854,3472877
111133605,8509,853,3472878
111133637,8550,848,3472879
111133669,8701,875,3472880
111133701,8534,831,3472881
111133733,8356,901,3472882
111133765,8629,862,3472883
111133797,8621,867,3472884
111133829,8332,854,3472885
111133861,8563,857,3472886
111133893,8849,867,3472887
111133925,8528,911,3472888
111133957,8151,746,3472889
111133989,8565,697,3472890
111134021,8602,823,3472891
111134053,8456,775,3472892
111134085,8528,783,3472893
111134117,8630,772,3472894
111134149,8510,791,3472895
111134181,8287,769,3472896
111134213,8319,778,3472897
111134245,8489,748,3472898
111134277,8401,773,3472899
111134309,8434,796,3472900
111134341,8495,644,3472901
111134373,8541,693,3472902
111134405,8249,687,3472903
111134437,8300,671,3472904
111134469,8463,686,3472905
111134501,8619,641,3472906
111134533,8450,638,3472907
111134565,8223,713,3472908
111134597,8529,708,3472909
111134629,8479,692,3472910
111134661,8314,699,3472911
111134693,8287,729,3472912
111134725,8582,678,3472913
111134757,8476,560,3472914
111134789,8370,775,3472915
111134821,8384,657,3472916
111134853,8484,611,3472917
111134885,8332,594,3472918
111134917,8196,660,3472919
111134949,8204,623,3472920
111134981,8700,560,3472921
111135013,8423,653,3472922
111135045,8228,642,3472923
111135077,8615,665,3472924
111135109,8418,592,3472925
111135141,8258,468,3472926
111135173,8335,520,3472927
111135205,8542,509,3472928
111135237,8438,564,3472929
111135269,8203,505,3472930
111135301,8187,507,3472931
111135333,8422,543,3472932
111135365,8431,484,3472933
111135397,8236,575,3472934
111135429,8462,495,3472935
111135461,8539,518,3472936
111135493,8326,520,3472937
111135525,8163,454,3472938
111135557,8405,429,3472939
111135589,8469,441,3472940
111135621,8385,430,3472941
111135653,8176,487,3472942
111135685,8492,421,3472943
111135717,8458,450,3472944
111135749,8284,477,3472945
111135781,8210,473,3472946
111135813,8376,466,3472947
111135845,8390,458,3472948
111135877,8211,505,3472949
111135909,8275,404,3472950
111135941,8520,405,3472951
111135973,8419,358,3472952
111136005,8127,444,3472953
111136037,8248,398,3472954
111136069,8489,417,3472955
111136101,8351,344,3472956
111136133,8111,419,3472957
111136165,8425,330,3472958
111136197,8417,420,3472959
111136229,8042,423,3472960
111136261,8167,405,3472961
111136293,8582,303,3472962
111136325,8407,312,3472963
111136357,8051,381,3472964
111136389,8400,339,3472965
111136421,8291,267,3472966
111136453,8150,311,3472967
111136485,8118,356,3472968
111136517,8308,277,3472969
111136549,8279,310,3472970
111136581,8322,313,3472971
111136613,8246,371,3472972
111136645,8313,334,3472973
111136677,8192,376,3472974
111136709,8142,348,3472975
111136741,8337,311,3472976
111136773,8274,338,3472977
111136805,8143,282,3472978
111136837,8275,327,3472979
111136869,8211,303,3472980
111136901,8195,344,3472981
111136933,8350,318,3472982
111136965,8108,350,3472983
111136997,8149,347,3472984
111137029,8496,371,3472985
111137061,8240,349,3472986
111137093,8115,364,3472987
111137125,8333,321,3472988
111137157,8225,331,3472989
111137189,8119,303,3472990
111137221,8152,299,3472991
111137253,8246,411,3472992
111137285,8166,348,3472993
111137317,8011,309,3472994
111137349,8165,361,3472995
111137381,8218,290,3472996
111137413,8188,294,3472997
111137445,8084,385,3472998
111137477,8220,307,3472999
111137509,8127,287,3473000
111137541,7958,353,3473001
111137573,8190,297,3473002
111137605,8317,312,3473003
111137637,8156,332,3473004
111137669,8246,377,3473005
111137701,8186,359,3473006
111137733,8017,376,3473007
111137765,8111,393,3473008
111137797,8261,382,3473009
111137829,8146,291,3473010
111137861,8219,336,3473011
111137893,8258,392,3473012
111137925,8150,334,3473013
111137957,8168,303,3473014
111137989,8290,267,3473015
111138021,8114,360,3473016
111138053,8110,350,3473017
111138085,8087,347,3473018
111138117,8197,342,3473019
111138149,8247,382,3473020
111138181,8071,309,3473021
111138213,8199,398,3473022
111138245,8194,286,3473023
111138277,8111,381,3473024
111138309,7954,261,3473025
111138341,8385,306,3473026
111138373,8219,353,3473027
111138405,8071,329,3473028
111138437,8118,360,3473029
111138469,8182,346,3473030
111138501,8078,325,3473031
111138533,8152,348,3473032
111138565,8230,321,3473033
111138597,8223,312,3473034
111138629,8058,355,3473035
111138661,7993,305,3473036
111138693,8180,324,3473037
111138725,8128,346,3473038
111138757,8100,321,3473039
111138789,8042,300,3473040
111138821,8049,376,3473041
111138853,7947,297,3473042
111138885,8076,360,3473043
111138917,8057,340,3473044
111138949,7929,338,3473045
111138981,8167,376,3473046
111139013,7955,378,3473047
111139045,8006,302,3473048
111139077,8220,357,3473049
111139109,8040,377,3473050
111139141,7860,349,3473051
111139173,8169,289,3473052
111139205,8080,384,3473053
111139237,7941,379,3473054
111139269,8003,345,3473055
111139301,8252,280,3473056
111139333,8063,299,3473057
111139365,7728,397,3473058
111139397,7855,350,3473059
111139429,8207,351,3473060
111139461,7957,354,3473061
111139493,7900,308,3473062
111139525,8103,343,3473063
111139557,8137,308,3473064
111139589,7871,388,3473065
111139621,7877,339,3473066
111139653,8047,315,3473067
111139685,8135,320,3473068
111139717,8002,412,3473069
111139749,7873,339,3473070
111139781,7984,291,3473071
111139813,8102,328,3473072
111139845,7837,351,3473073
111139877,7951,350,3473074
111139909,8190,286,3473075
111139941,8001,384,3473076
111139973,7815,339,3473077
111140005,7950,334,3473078
111140037,8069,268,3473079
111140069,8100,328,3473080
111140101,7946,303,3473081
111140133,8111,373,3473082
111140165,8225,321,3473083
111140197,7997,270,3473084
111140229,7903,317,3473085
111140261,8138,262,3473086
111140293,8135,384,3473087
111140325,7840,322,3473088
111140357,8047,332,3473089
111140389,8233,274,3473090
111140421,8024,268,3473091
111140453,7773,357,3473092
111140485,7977,351,3473093
111140517,8239,292,3473094
111140549,7910,292,3473095
111140581,7833,386,3473096
111140613,8082,288,3473097
111140645,8178,310,3473098
111140677,7750,324,3473099
111140709,7848,345,3473100
111140741,8187,303,3473101
111140773,7957,322,3473102
111140805,7737,356,3473103
111140837,8031,320,3473104
111140869,7916,325,3473105
111140901,7871,355,3473106
111140933,7803,339,3473107
111140965,8022,294,3473108
111140997,7807,296,3473109
111141029,7963,324,3473110
111141061,7835,309,3473111
111141093,7885,313,3473112
111141125,8054,346,3473113
111141157,7947,285,3473114
111141189,7683,285,3473115
111141221,8022,299,3473116
111141253,7904,317,3473117
111141285,8009,326,3473118
111141317,7843,321,3473119
111141349,7947,308,3473120
111141381,7896,272,3473121
111141413,7813,329,3473122
111141445,7835,363,3473123
111141477,8108,341,3473124
111141509,7836,368,3473125
111141541,7634,384,3473126
111141573,7782,333,3473127
111141605,7971,300,3473128
111141637,7839,322,3473129
111141669,7779,346,3473130
111141701,8157,274,3473131
111141733,8014,322,3473132
111141765,7734,348,3473133
111141797,7770,309,3473134
111141829,7801,328,3473135
111141861,7804,321,3473136
111141893,7804,375,3473137
111141925,7944,330,3473138
111141957,7851,325,3473139
111141989,7790,345,3473140
111142021,7836,343,3473141
111142053,7952,348,3473142
111142085,7787,357,3473143
111142117,8103,410,3473144
111142149,7883,266,3473145
111142181,7912,352,3473146
111142213,7831,280,3473147
111142245,7808,367,3473148
111142277,7656,359,3473149
111142309,7815,292,3473150
111142341,7946,327,3473151
111142373,7754,303,3473152
111142405,7835,345,3473153
111142437,7844,376,3473154
111142469,7877,340,3473155
111142501,7718,345,3473156
111142533,7581,309,3473157
111142565,7991,326,3473158
111142597,7915,349,3473159
111142629,7649,311,3473160
111142661,7912,333,3473161
111142693,7754,347,3473162
111142725,7642,319,3473163
111142757,7708,331,3473164
111142789,7978,350,3473165
111142821,7907,324,3473166
111142853,7670,376,3473167
111142885,7962,406,3473168
111142917,7749,320,3473169
111142949,7761,334,3473170
111142981,7816,361,3473171
111143013,7983,269,3473172
111143045,7776,320,3473173
111143077,7888,322,3473174
111143109,7723,341,3473175
111143141,7671,341,3473176
111143173,7827,291,3473177
111143205,7820,361,3473178
111143237,7665,315,3473179
111143269,7902,381,3473180
111143301,7745,350,3473181
111143333,7747,288,3473182
111143365,7656,329,3473183
111143397,7717,316,3473184
111143429,7857,298,3473185
111143461,7847,283,3473186
111143493,7650,341,3473187
111143525,7789,337,3473188
111143557,7710,306,3473189
111143589,7521,303,3473190
111143621,7812,349,3473191
111143653,7786,315,3473192
111143685,7680,330,3473193
111143717,7739,372,3473194
111143749,7830,316,3473195
111143781,7666,373,3473196
111143813,7479,381,3473197
111143845,7558,360,3473198
111143877,7866,320,3473199
111143909,7845,318,3473200
111143941,7650,404,3473201
111143973,7928,315,3473202
111144005,7830,307,3473203
111144037,7628,364,3473204
111144069,7552,312,3473205
111144101,7751,327,3473206
111144133,7844,381,3473207
111144165,7635,307,3473208
111144197,7710,322,3473209
111144229,7714,314,3473210
111144261,7805,316,3473211
111144293,7615,342,3473212
111144325,7602,365,3473213
111144357,7855,331,3473214
111144389,7873,286,3473215
111144421,7540,310,3473216
111144453,7553,310,3473217
111144485,7787,302,3473218
111144517,7624,291,3473219
111144549,7536,337,3473220
111144581,7670,325,3473221
111144613,7900,361,3473222
111144645,7732,329,3473223
111144677,7631,345,3473224
111144709,7551,316,3473225
111144741,7736,290,3473226
111144773,7400,356,3473227
111144805,7516,362,3473228
111144837,7900,323,3473229
111144869,7622,384,3473230
111144901,7477,308,3473231
111144933,7533,338,3473232
111144965,7753,280,3473233
111144997,7488,289,3473234
111145029,7461,362,3473235
111145061,7947,331,3473236
111145093,7798,306,3473237
111145125,7608,356,3473238
111145157,7502,310,3473239
111145189,7751,285,3473240
111145221,7767,330,3473241
111145253,7545,384,3473242
111145285,7723,317,3473243
111145317,7794,363,3473244
111145349,7513,350,3473245
111145381,7455,362,3473246
111145413,7618,245,3473247
111145445,7734,348,3473248
111145477,7865,402,3473249
111145509,7707,299,3473250
111145541,7564,331,3473251
111145573,7713,308,3473252
111145605,7617,351,3473253
111145637,7371,355,3473254
111145669,7647,307,3473255
111145701,7815,368,3473256
111145733,7652,329,3473257
111145765,7466,335,3473258
111145797,7628,320,3473259
111145829,7646,325,3473260
111145861,7393,288,3473261
111145893,7298,263,3473262
111145925,7886,344,3473263
111145957,7740,361,3473264
111145989,7294,391,3473265
111146021,7676,340,3473266
111146053,7629,303,3473267
111146085,7299,326,3473268
111146117,7369,388,3473269
111146149,7827,401,3473270
111146181,7677,383,3473271
111146213,7317,380,3473272
111146245,7567,422,3473273
111146277,7404,367,3473274
111146309,7539,371,3473275
111146341,7517,360,3473276
111146373,7503,376,3473277
111146405,7553,426,3473278
111146437,7634,461,3473279
111146469,7370,418,3473280
111146501,7513,454,3473281
111146533,7672,460,3473282
111146565,7677,468,3473283
111146597,7561,453,3473284
111146629,7515,462,3473285
111146661,7573,474,3473286
111146693,7417,416,3473287
111146725,7304,429,3473288
111146757,7495,460,3473289
111146789,7596,384,3473290
111146821,7371,392,3473291
111146853,7416,569,3473292
111146885,7585,559,3473293
111146917,7634,541,3473294
111146949,7216,545,3473295
111146981,7413,486,3473296
111147013,7607,485,3473297
111147045,7502,542,3473298
111147077,7477,566,3473299
111147109,7664,593,3473300
111147141,7576,481,3473301
111147173,7294,505,3473302
111147205,7407,555,3473303
111147237,7636,558,3473304
111147269,7689,628,3473305
111147301,7355,601,3473306
111147333,7437,614,3473307
111147365,7567,635,3473308
111147397,7375,618,3473309
111147429,7156,616,3473310
111147461,7403,667,3473311
111147493,7483,606,3473312
111147525,7570,597,3473313
111147557,7541,631,3473314
111147589,7499,606,3473315
111147621,7662,693,3473316
111147653,7473,722,3473317
111147685,7374,708,3473318
111147717,7534,686,3473319
111147749,7595,645,3473320
111147781,7502,687,3473321
111147813,7378,686,3473322
111147845,7501,704,3473323
111147877,7505,662,3473324
111147909,7351,688,3473325
111147941,7375,695,3473326
111147973,7617,725,3473327
111148005,7454,661,3473328
111148037,7264,783,3473329
111148069,7357,801,3473330
111148101,7552,736,3473331
111148133,7336,743,3473332
111148165,7354,790,3473333
111148197,7647,821,3473334
111148229,7458,761,3473335
111148261,7304,815,3473336
111148293,7298,798,3473337
111148325,7364,776,3473338
111148357,7329,750,3473339
111148389,7400,805,3473340
111148421,7429,911,3473341
111148453,7380,847,3473342
111148485,7308,796,3473343
111148517,7287,863,3473344
111148549,7440,892,3473345
111148581,7504,847,3473346
111148613,7412,770,3473347
111148645,7445,843,3473348
111148677,7368,892,3473349
111148709,7302,829,3473350
111148741,7464,865,3473351
111148773,7273,894,3473352
111148805,7557,1016,3473353
111148837,7520,961,3473354
111148869,7314,926,3473355
111148901,7366,939,3473356
111148933,7453,937,3473357
111148965,7443,932,3473358
111148997,7204,932,3473359
111149029,7348,920,3473360
111149061,7430,959,3473361
111149093,7471,906,3473362
111149125,7333,975,3473363
111149157,7500,1006,3473364
111149189,7319,1030,3473365
111149221,7238,1074,3473366
111149253,7167,1078,3473367
111149285,7520,987,3473368
111149317,7497,1088,3473369
111149349,7203,978,3473370
111149381,7286,1067,3473371
111149413,7399,1062,3473372
111149445,7237,1075,3473373
111149477,7219,1053,3473374
111149509,7431,1048,3473375
111149541,7386,1009,3473376
111149573,7438,1178,3473377
111149605,7272,1157,3473378
111149637,7228,1132,3473379
111149669,7398,1152,3473380
111149701,7302,1149,3473381
111149733,7199,1140,3473382
111149765,7296,1183,3473383
111149797,7278,1148,3473384
111149829,7296,1167,3473385
111149861,7192,1204,3473386
111149893,7281,1139,3473387
111149925,7437,1106,3473388
111149957,7157,1164,3473389
111149989,7063,1277,3473390
111150021,7450,1287,3473391
111150053,7517,1268,3473392
111150085,7090,1259,3473393
111150117,7080,1270,3473394
111150149,7483,1255,3473395
111150181,7202,1242,3473396
111150213,7074,1223,3473397
111150245,7358,1236,3473398
111150277,7515,1244,3473399
111150309,6993,1225,3473400
111150341,7106,1218,3473401
111150373,7468,1351,3473402
111150405,7372,1382,3473403
111150437,7041,1399,3473404
111150469,7393,1379,3473405
111150501,7388,1375,3473406
111150533,7004,1360,3473407
111150565,7230,1396,3473408
111150597,7344,1388,3473409
111150629,7344,1349,3473410
111150661,7349,1332,3473411
111150693,7149,1336,3473412
111150725,7176,1346,3473413
111150757,7251,1448,3473414
111150789,7322,1500,3473415
111150821,7044,1430,3473416
111150853,7325,1466,3473417
111150885,7381,1513,3473418
111150917,7138,1487,3473419
111150949,7101,1472,3473420
111150981,7371,1434,3473421
111151013,7379,1439,3473422
111151045,7279,1455,3473423
111151077,7240,1442,3473424
111151109,7393,1452,3473425
111151141,7405,1608,3473426
111151173,6899,1562,3473427
111151205,7371,1645,3473428
111151237,7416,1587,3473429
111151269,7074,1595,3473430
111151301,7149,1582,3473431
111151333,7428,1628,3473432
111151365,7374,1615,3473433
111151397,6976,1649,3473434
111151429,7147,1634,3473435
111151461,7394,1652,3473436
111151493,7156,1534,3473437
111151525,7219,1713,3473438
111151557,7240,1717,3473439
111151589,7270,1693,3473440
111151621,7177,1735,3473441
111151653,7167,1726,3473442
111151685,7257,1751,3473443
111151717,7294,1687,3473444
111151749,7254,1711,3473445
111151781,7271,1775,3473446
111151813,7441,1651,3473447
111151845,7100,1783,3473448
111151877,7067,1672,3473449
111151909,7099,1721,3473450
111151941,7254,1853,3473451
111151973,7294,1783,3473452
111152005,7079,1899,3473453
111152037,7069,1888,3473454
111152069,7248,1880,3473455
111152101,7282,1877,3473456
111152133,7032,1813,3473457
111152165,7200,1842,3473458
111152197,7375,1880,3473459
111152229,7127,1839,3473460
111152261,7083,1885,3473461
111152293,7290,1872,3473462
111152325,7201,1974,3473463
111152357,7074,1978,3473464
111152389,7010,1937,3473465
111152421,7316,1978,3473466
111152453,7265,1938,3473467
111152485,6973,1997,3473468
111152517,7208,1995,3473469
111152549,7225,1983,3473470
111152581,6984,1987,3473471
111152613,6942,1983,3473472
111152645,7341,2008,3473473
111152677,7229,1992,3473474
111152709,7105,2157,3473475
111152741,7078,2108,3473476
111152773,7097,2118,3473477
111152805,7162,2115,3473478
111152837,7093,2037,3473479
111152869,7107,2116,3473480
111152901,7306,2090,3473481
111152933,7091,2133,3473482
111152965,6995,2113,3473483
111152997,7027,2116,3473484
111153029,7037,2105,3473485
111153061,7016,2111,3473486
111153093,7174,2270,3473487
111153125,7169,2238,3473488
111153157,7127,2220,3473489
111153189,7211,2257,3473490
111153221,7084,2246,3473491
111153253,7137,2219,3473492
111153285,7103,2258,3473493
111153317,7052,2277,3473494
111153349,7103,2256,3473495
111153381,7195,2274,3473496
111153413,7042,2288,3473497
111153445,6961,2256,3473498
111153477,7019,2255,3473499
111153509,7252,2380,3473500
111153541,7228,2332,3473501
111153573,7062,2410,3473502
111153605,7274,2378,3473503
111153637,7087,2387,3473504
111153669,6925,2402,3473505
111153701,6916,2342,3473506
111153733,7054,2402,3473507
111153765,7105,2377,3473508
111153797,7207,2381,3473509
111153829,7056,2417,3473510
111153861,7101,2477,3473511
111153893,7020,2535,3473512
111153925,6977,2458,3473513
111153957,7146,2563,3473514
111153989,6995,2523,3473515
111154021,7100,2515,3473516
111154053,7200,2557,3473517
111154085,6916,2523,3473518
111154117,7126,2547,3473519
111154149,7128,2530,3473520
111154181,7022,2522,3473521
111154213,7064,2540,3473522
111154245,7088,2558,3473523
111154277,7137,2690,3473524
111154309,6961,2671,3473525
111154341,7012,2689,3473526
111154373,7042,2665,3473527
111154405,7097,2728,3473528
111154437,7041,2717,3473529
111154469,7122,2678,3473530
111154501,7165,2719,3473531
111154533,6838,2667,3473532
111154565,6893,2673,3473533
111154597,7114,2669,3473534
111154629,6874,2668,3473535
111154661,6912,2788,3473536
111154693,7393,2829,3473537
111154725,7115,2887,3473538
111154757,6949,2815,3473539
111154789,6997,2853,3473540
111154821,7035,2843,3473541
111154853,6926,2829,3473542
111154885,7125,2860,3473543
111154917,7132,2814,3473544
111154949,7054,2856,3473545
111154981,6944,2814,3473546
111155013,6872,2830,3473547
111155045,6997,2991,3473548
111155077,7060,2977,3473549
111155109,6989,3048,3473550
111155141,6982,2977,3473551
111155173,7003,2977,3473552
111155205,6996,3035,3473553
111155237,7089,3012,3473554
111155269,6774,2966,3473555
111155301,6860,2996,3473556
111155333,7199,2988,3473557
111155365,7042,3013,3473558
111155397,6936,3018,3473559
111155429,7040,2925,3473560
111155461,7238,3147,3473561
111155493,6708,3150,3473562
111155525,6926,3170,3473563
111155557,7172,3159,3473564
111155589,7092,3150,3473565
111155621,6873,3145,3473566
111155653,7017,3168,3473567
111155685,7050,3180,3473568
111155717,6929,3131,3473569
111155749,6857,3172,3473570
111155781,7344,3121,3473571
111155813,7239,3188,3473572
111155845,6747,3326,3473573
111155877,6900,3283,3473574
111155909,7077,3252,3473575
111155941,6815,3294,3473576
111155973,6943,3329,3473577
111156005,7175,3370,3473578
111156037,7094,3273,3473579
111156069,7082,3273,3473580
111156101,6821,3268,3473581
111156133,6831,3338,3473582
111156165,7260,3315,3473583
111156197,6914,3316,3473584
111156229,6908,3476,3473585
111156261,7172,3496,3473586
111156293,7071,3502,3473587
111156325,6908,3436,3473588
111156357,6852,3486,3473589
111156389,7067,3492,3473590
111156421,7118,3482,3473591
111156453,6787,3472,3473592
111156485,6887,3452,3473593
111156517,7047,3455,3473594
111156549,7052,3444,3473595
111156581,6719,3480,3473596
111156613,6935,3640,3473597
111156645,7225,3581,3473598
111156677,6884,3696,3473599
111156709,6750,3617,3473600
111156741,7142,3646,3473601
111156773,7154,3627,3473602
111156805,6915,3581,3473603
111156837,6758,3669,3473604
111156869,7088,3644,3473605
111156901,7046,3664,3473606
111156933,6796,3694,3473607
111156965,6793,3654,3473608
111156997,7007,3797,3473609
111157029,6819,3850,3473610
111157061,6585,3817,3473611
111157093,7089,3804,3473612
111157125,7212,3822,3473613
111157157,6900,3830,3473614
111157189,6877,3833,3473615
111157221,6951,3766,3473616
111157253,6848,3818,3473617
111157285,6885,3792,3473618
111157317,6890,3786,3473619
111157349,7223,3806,3473620
111157381,7103,3821,3473621
111157413,6884,3954,3473622
111157445,6797,4008,3473623
111157477,7010,3950,3473624
111157509,6906,3982,3473625
111157541,6910,3992,3473626
111157573,6939,4000,3473627
111157605,7081,4001,3473628
111157637,7097,3978,3473629
111157669,6697,4017,3473630
111157701,6898,3973,3473631
111157733,6911,3991,3473632
111157765,6830,3987,3473633
111157797,6916,4169,3473634
111157829,7234,4170,3473635
111157861,7150,4205,3473636
111157893,6812,4144,3473637
111157925,6717,4141,3473638
111157957,6936,4105,3473639
111157989,6851,4206,3473640
111158021,6883,4179,3473641
111158053,6976,4137,3473642
111158085,7006,4166,3473643
111158117,6848,4138,3473644
111158149,6708,4165,3473645
111158181,7034,4415,3473646
111158213,7201,4334,3473647
111158245,6827,4324,3473648
111158277,6893,4299,3473649
111158309,7064,4297,3473650
111158341,6973,4362,3473651
111158373,6892,4326,3473652
111158405,6886,4356,3473653
111158437,7130,4373,3473654
111158469,7047,4316,3473655
111158501,6928,4372,3473656
111158533,6899,4360,3473657
111158565,6926,4510,3473658
111158597,6869,4520,3473659
111158629,6750,4520,3473660
111158661,6782,4501,3473661
111158693,7137,4517,3473662
111158725,6997,4530,3473663
111158757,6630,4452,3473664
111158789,6928,4498,3473665
111158821,6926,4501,3473666
111158853,6847,4516,3473667
111158885,6826,4520,3473668
111158917,6962,4468,3473669
111158949,7114,4695,3473670
111158981,6833,4714,3473671
111159013,6769,4718,3473672
111159045,7031,4720,3473673
111159077,6868,4718,3473674
111159109,6744,4709,3473675
111159141,7173,4687,3473676
111159173,7087,4767,3473677
111159205,6717,4718,3473678
111159237,6842,4656,3473679
111159269,6829,4643,3473680
111159301,6790,4658,3473681
111159333,6857,4675,3473682
111159365,6968,4878,3473683
111159397,6998,4865,3473684
111159429,6820,4851,3473685
111159461,6898,4862,3473686
111159493,6882,4886,3473687
111159525,6930,4895,3473688
111159557,7016,4872,3473689
111159589,7042,4848,3473690
111159621,6887,4851,3473691
111159653,6695,4822,3473692
111159685,6986,4920,3473693
111159717,6857,4850,3473694
111159749,6823,5045,3473695
111159781,7015,5094,3473696
111159813,7002,5025,3473697
111159845,6813,5102,3473698
111159877,6978,5025,3473699
111159909,6969,5048,3473700
111159941,6772,5013,3473701
111159973,7112,5077,3473702
111160005,6894,5098,3473703
111160037,6929,5030,3473704
111160069,6959,5046,3473705
111160101,7052,5018,3473706
111160133,6858,5304,3473707
111160165,6701,5248,3473708
111160197,6852,5269,3473709
111160229,7081,5236,3473710
111160261,7069,5246,3473711
111160293,6879,5286,3473712
111160325,6870,5249,3473713
111160357,6833,5298,3473714
111160389,6771,5253,3473715
111160421,6794,5243,3473716
111160453,6952,5206,3473717
111160485,6888,5290,3473718
111160517,6969,5406,3473719
111160549,6988,5450,3473720
111160581,6817,5479,3473721
111160613,6801,5456,3473722
111160645,6893,5414,3473723
111160677,6894,5441,3473724
111160709,6882,5429,3473725
111160741,7034,5470,3473726
111160773,6849,5440,3473727
111160805,6760,5447,3473728
111160837,6965,5447,3473729
111160869,6972,5429,3473730
111160901,6880,5610,3473731
111160933,6788,5694,3473732
111160965,6953,5664,3473733
111160997,6969,5609,3473734
111161029,6639,5639,3473735
111161061,6713,5628,3473736
111161093,6911,5606,3473737
111161125,6761,5630,3473738
111161157,6709,5620,3473739
111161189,6972,5655,3473740
111161221,6913,5628,3473741
111161253,6808,5603,3473742
111161285,6855,5629,3473743
111161317,6920,5830,3473744
111161349,6917,5816,3473745
111161381,6937,5756,3473746
111161413,6871,5833,3473747
111161445,6956,5862,3473748
111161477,6959,5860,3473749
111161509,6718,5784,3473750
111161541,6818,5859,3473751
111161573,7010,5843,3473752
111161605,6848,5823,3473753
111161637,6808,5793,3473754
111161669,7016,5775,3473755
111161701,6900,6027,3473756
111161733,6866,6011,3473757
111161765,6857,5982,3473758
111161797,6855,6024,3473759
111161829,6988,6032,3473760
111161861,6860,6023,3473761
111161893,6613,6040,3473762
111161925,6916,5996,3473763
111161957,6988,6015,3473764
111161989,6716,6069,3473765
111162021,6801,6007,3473766
111162053,7034,6001,3473767
111162085,6925,6244,3473768
111162117,6687,6210,3473769
111162149,6973,6201,3473770
111162181,6814,6177,3473771
111162213,6873,6201,3473772
111162245,6756,6227,3473773
111162277,7005,6184,3473774
111162309,7285,6212,3473775
111162341,6791,6214,3473776
111162373,6713,6272,3473777
111162405,6874,6257,3473778
111162437,6951,6206,3473779
111162469,6760,6406,3473780
111162501,6963,6421,3473781
111162533,6970,6406,3473782
111162565,6895,6451,3473783
111162597,6579,6412,3473784
111162629,6714,6450,3473785
111162661,6978,6420,3473786
111162693,6957,6422,3473787
111162725,6659,6415,3473788
111162757,7261,6407,3473789
111162789,6931,6415,3473790
111162821,6824,6433,3473791
111162853,6777,6575,3473792
111162885,6856,6579,3473793
111162917,6980,6577,3473794
111162949,6694,6618,3473795
111162981,6808,6627,3473796
111163013,6969,6586,3473797
111163045,6923,6576,3473798
111163077,6715,6628,3473799
111163109,6660,6622,3473800
111163141,7036,6634,3473801
111163173,6878,6621,3473802
111163205,6546,6613,3473803
111163237,6904,6603,3473804
111163269,7025,6853,3473805
111163301,6695,6833,3473806
111163333,6638,6848,3473807
111163365,6914,6846,3473808
111163397,6944,6853,3473809
111163429,6853,6837,3473810
111163461,6961,6826,3473811
111163493,6856,6800,3473812
111163525,6739,6799,3473813
111163557,6743,6801,3473814
111163589,7021,6770,3473815
111163621,7098,6821,3473816
111163653,6967,6992,3473817
111163685,6981,6984,3473818
111163717,7030,7014,3473819
111163749,6792,7037,3473820
111163781,6935,6993,3473821
111163813,6852,7032,3473822
111163845,6804,6989,3473823
111163877,6860,6997,3473824
111163909,6938,7007,3473825
111163941,6709,6993,3473826
111163973,6769,7020,3473827
111164005,6948,7018,3473828
111164037,6837,7253,3473829
111164069,6784,7252,3473830
111164101,7021,7269,3473831
111164133,6963,7210,3473832
111164165,6607,7219,3473833
111164197,6725,7201,3473834
111164229,7080,7208,3473835
111164261,6939,7174,3473836
111164293,6777,7201,3473837
111164325,7097,7212,3473838
111164357,7274,7157,3473839
111164389,6710,7250,3473840
111164421,6605,7428,3473841
111164453,7099,7359,3473842
111164485,6892,7424,3473843
111164517,6715,7412,3473844
111164549,7046,7436,3473845
111164581,6934,7395,3473846
111164613,6774,7427,3473847
111164645,6724,7392,3473848
111164677,6942,7448,3473849
111164709,7075,7428,3473850
111164741,6880,7442,3473851
111164773,6741,7458,3473852
111164805,6930,7436,3473853
111164837,6836,7578,3473854
111164869,6659,7620,3473855
111164901,6820,7609,3473856
111164933,7102,7603,3473857
111164965,6867,7591,3473858
111164997,6872,7618,3473859
111165029,6726,7604,3473860
111165061,7066,7595,3473861
111165093,7026,7590,3473862
111165125,6861,7558,3473863
111165157,6807,7667,3473864
111165189,7046,7600,3473865
111165221,6930,7830,3473866
111165253,6664,7821,3473867
111165285,7000,7789,3473868
111165317,6870,7811,3473869
111165349,6814,7781,3473870
111165381,6842,7833,3473871
111165413,6926,7797,3473872
111165445,6989,7854,3473873
111165477,6886,7805,3473874
111165509,6762,7864,3473875
111165541,6829,7818,3473876
111165573,6801,7804,3473877
111165605,6688,8041,3473878
111165637,7015,7973,3473879
111165669,6866,8037,3473880
111165701,6725,8055,3473881
111165733,6873,8044,3473882
111165765,6788,8014,3473883
111165797,6727,8060,3473884
111165829,6933,7990,3473885
111165861,7060,7983,3473886
111165893,7035,7996,3473887
111165925,6938,8048,3473888
111165957,6822,8037,3473889
111165989,6746,8220,3473890
111166021,6974,8260,3473891
111166053,6816,8229,3473892
111166085,6916,8224,3473893
111166117,6972,8178,3473894
111166149,6925,8213,3473895
111166181,6853,8180,3473896
111166213,6862,8222,3473897
111166245,6846,8211,3473898
111166277,7036,8188,3473899
111166309,6963,8224,3473900
111166341,6860,8158,3473901
111166373,7041,8425,3473902
111166405,6994,8427,3473903
111166437,6829,8423,3473904
111166469,6784,8406,3473905
111166501,7122,8429,3473906
111166533,6927,8408,3473907
111166565,6820,8384,3473908
111166597,6990,8402,3473909
111166629,6898,8441,3473910
111166661,6848,8432,3473911
111166693,6738,8385,3473912
111166725,7021,8398,3473913
111166757,7072,8389,3473914
111166789,7011,8578,3473915
111166821,6956,8630,3473916
111166853,6906,8583,3473917
111166885,6766,8664,3473918
111166917,6728,8629,3473919
111166949,7124,8640,3473920
111166981,7112,8579,3473921
111167013,6897,8591,3473922
111167045,6957,8595,3473923
111167077,6735,8631,3473924
111167109,6961,8661,3473925
111167141,7010,8582,3473926
111167173,6937,8848,3473927
111167205,7034,8893,3473928
111167237,7025,8851,3473929
111167269,6917,8845,3473930
111167301,6773,8879,3473931
111167333,6918,8851,3473932
111167365,6886,8791,3473933
111167397,6960,8781,3473934
111167429,6918,8862,3473935
111167461,6990,8854,3473936
111167493,7015,8861,3473937
111167525,6860,8776,3473938
111167557,6797,9034,3473939
111167589,7041,8976,3473940
111167621,7044,9025,3473941
111167653,6845,9057,3473942
111167685,6977,9034,3473943
111167717,7148,9083,3473944
111167749,6726,8991,3473945
111167781,6637,8990,3473946
111167813,7012,9002,3473947
111167845,7025,8998,3473948
111167877,6656,8984,3473949
111167909,6849,8995,3473950
111167941,7023,9246,3473951
111167973,6926,9187,3473952
111168005,6682,9238,3473953
111168037,7041,9219,3473954
111168069,7264,9247,3473955
111168101,7068,9241,3473956
111168133,6799,9199,3473957
111168165,6941,9195,3473958
111168197,6992,9261,3473959
111168229,6759,9250,3473960
111168261,6738,9218,3473961
111168293,6874,9214,3473962
111168325,6932,9436,3473963
111168357,6916,9464,3473964
111168389,6714,9470,3473965
111168421,6902,9389,3473966
111168453,7102,9421,3473967
111168485,6785,9396,3473968
111168517,6729,9443,3473969
111168549,7101,9419,3473970
111168581,7221,9396,3473971
111168613,6850,9424,3473972
111168645,6906,9426,3473973
111168677,7161,9400,3473974
111168709,6990,9462,3473975
111168741,6825,9615,3473976
111168773,7143,9591,3473977
111168805,7314,9603,3473978
111168837,6811,9679,3473979
111168869,6767,9606,3473980
111168901,7139,9576,3473981
111168933,6932,9578,3473982
111168965,6807,9632,3473983
111168997,7150,9599,3473984
111169029,7153,9600,3473985
111169061,6800,9631,3473986
111169093,6828,9601,3473987
111169125,6871,9846,3473988
111169157,6953,9816,3473989
111169189,7001,9831,3473990
111169221,6951,9799,3473991
111169253,7092,9850,3473992
111169285,6977,9849,3473993
111169317,6959,9799,3473994
111169349,6864,9818,3473995
111169381,6840,9840,3473996
111169413,7133,9777,3473997
111169445,7133,9852,3473998
111169477,7081,9878,3473999
111169509,7147,10031,3474000
111169541,7059,10046,3474001
111169573,6927,9997,3474002
111169605,6778,10021,3474003
111169637,7021,10049,3474004
111169669,6998,10009,3474005
111169701,6890,10063,3474006
111169733,7114,10001,3474007
111169765,7154,10006,3474008
111169797,6889,10019,3474009
111169829,6953,10015,3474010
111169861,7178,10029,3474011
111169893,7161,10261,3474012
111169925,6986,10262,3474013
111169957,6898,10219,3474014
111169989,6976,10215,3474015
111170021,6843,10224,3474016
111170053,6650,10268,3474017
111170085,7224,10203,3474018
111170117,7164,10214,3474019
111170149,7036,10155,3474020
111170181,6938,10220,3474021
111170213,6916,10186,3474022
111170245,6968,10219,3474023
111170277,7040,10390,3474024
111170309,7025,10409,3474025
111170341,7012,10412,3474026
111170373,7070,10385,3474027
111170405,6944,10373,3474028
111170437,6707,10465,3474029
111170469,7015,10430,3474030
111170501,7112,10410,3474031
111170533,6928,10488,3474032
111170565,7008,10420,3474033
111170597,7106,10400,3474034
111170629,7110,10397,3474035
111170661,6927,10417,3474036
111170693,6986,10575,3474037
111170725,7105,10592,3474038
111170757,7126,10620,3474039
111170789,7054,10622,3474040
111170821,7247,10573,3474041
111170853,7330,10607,3474042
111170885,6789,10619,3474043
111170917,6685,10540,3474044
111170949,7128,10581,3474045
111170981,7098,10555,3474046
111171013,7006,10615,3474047
111171045,7266,10612,3474048
111171077,7228,10839,3474049
111171109,7056,10791,3474050
111171141,6825,10837,3474051
111171173,7009,10794,3474052
111171205,7305,10789,3474053
111171237,7137,10744,3474054
111171269,6880,10827,3474055
111171301,7101,10827,3474056
111171333,6934,10736,3474057
111171365,6979,10824,3474058
111171397,7014,10787,3474059
111171429,7154,10794,3474060
111171461,7066,10974,3474061
111171493,6980,10960,3474062
111171525,6924,10980,3474063
111171557,7024,11017,3474064
111171589,7063,10989,3474065
111171621,6977,10964,3474066
111171653,6992,10948,3474067
111171685,7377,10998,3474068
111171717,7055,10995,3474069
111171749,6876,10995,3474070
111171781,7215,11022,3474071
111171813,7025,11059,3474072
111171845,6980,11165,3474073
111171877,6866,11141,3474074
111171909,7198,11201,3474075
111171941,7148,11162,3474076
111171973,6914,11145,3474077
111172005,6821,11189,3474078
111172037,7231,11153,3474079
111172069,7091,11149,3474080
111172101,6794,11174,3474081
111172133,7147,11171,3474082
111172165,7276,11178,3474083
111172197,6967,11165,3474084
111172229,6894,11402,3474085
111172261,7062,11355,3474086
111172293,7072,11395,3474087
111172325,7020,11399,3474088
111172357,7169,11377,3474089
111172389,7200,11373,3474090
111172421,6923,11386,3474091
111172453,6989,11374,3474092
111172485,6976,11364,3474093
111172517,6961,11328,3474094
111172549,7083,11364,3474095
111172581,7064,11356,3474096
111172613,7147,11356,3474097
111172645,7288,11558,3474098
111172677,7043,11583,3474099
111172709,6922,11530,3474100
111172741,6911,11544,3474101
111172773,7127,11550,3474102
111172805,7237,11539,3474103
111172837,7129,11532,3474104
111172869,7192,11539,3474105
111172901,7084,11556,3474106
111172933,7090,11501,3474107
111172965,7040,11535,3474108
111172997,7240,11526,3474109
111173029,7283,11729,3474110
111173061,7030,11734,3474111
111173093,7127,11733,3474112
111173125,7192,11706,3474113
111173157,7023,11695,3474114
111173189,6961,11720,3474115
111173221,7101,11722,3474116
111173253,7240,11730,3474117
111173285,7150,11754,3474118
111173317,7138,11740,3474119
111173349,7244,11734,3474120
111173381,7130,11695,3474121
111173413,6982,11864,3474122
111173445,7242,11890,3474123
111173477,7241,11949,3474124
111173509,7002,11920,3474125
111173541,7267,11922,3474126
111173573,7162,11950,3474127
111173605,7008,11919,3474128
111173637,7253,11906,3474129
111173669,7357,11889,3474130
111173701,7071,11967,3474131
111173733,7384,11899,3474132
111173765,7343,11866,3474133
111173797,6978,12058,3474134
111173829,7286,12132,3474135
111173861,7252,12156,3474136
111173893,7112,12028,3474137
111173925,7025,12100,3474138
111173957,7090,12087,3474139
111173989,7373,12120,3474140
111174021,7169,12114,3474141
111174053,6919,12103,3474142
111174085,7175,12127,3474143
111174117,7135,12064,3474144
111174149,7067,12123,3474145
111174181,7095,12197,3474146
111174213,7434,12289,3474147
111174245,7125,12257,3474148
111174277,7049,12311,3474149
111174309,7299,12280,3474150
111174341,7127,12269,3474151
111174373,7224,12274,3474152
111174405,7147,12292,3474153
111174437,7306,12257,3474154
111174469,7080,12250,3474155
111174501,7107,12270,3474156
111174533,7064,12314,3474157
111174565,7297,12296,3474158
111174597,7242,12481,3474159
111174629,7158,12448,3474160
111174661,7214,12424,3474161
111174693,7087,12467,3474162
111174725,7158,12465,3474163
111174757,7278,12466,3474164
111174789,7280,12437,3474165
111174821,7240,12530,3474166
111174853,7246,12455,3474167
111174885,6983,12465,3474168
111174917,7038,12479,3474169
111174949,7330,12457,3474170
111174981,7074,12614,3474171
111175013,7138,12560,3474172
111175045,7399,12593,3474173
111175077,7276,12602,3474174
111175109,7197,12619,3474175
111175141,7231,12587,3474176
111175173,7106,12636,3474177
111175205,7290,12686,3474178
111175237,7055,12640,3474179
111175269,7228,12583,3474180
111175301,7454,12627,3474181
111175333,7139,12618,3474182
111175365,6885,12835,3474183
111175397,7355,12844,3474184
111175429,7359,12773,3474185
111175461,7051,12721,3474186
111175493,7241,12822,3474187
111175525,7509,12785,3474188
111175557,7291,12796,3474189
111175589,7152,12778,3474190
111175621,7066,12849,3474191
111175653,7373,12741,3474192
111175685,7237,12799,3474193
111175717,7199,12787,3474194
111175749,7436,12988,3474195
111175781,7289,12882,3474196
111175813,7257,12926,3474197
111175845,7084,12908,3474198
111175877,7329,13003,3474199
111175909,7360,12970,3474200
111175941,7138,12952,3474201
111175973,7299,12950,3474202
111176005,7309,12944,3474203
111176037,7306,12895,3474204
111176069,7243,12941,3474205
111176101,7152,13031,3474206
111176133,7596,12929,3474207
111176165,7441,13155,3474208
111176197,7030,13133,3474209
111176229,7281,13148,3474210
111176261,7390,13111,3474211
111176293,7228,13132,3474212
111176325,7240,13175,3474213
111176357,7409,13111,3474214
111176389,7423,13155,3474215
111176421,7363,13207,3474216
111176453,7273,13053,3474217
111176485,7260,13045,3474218
111176517,7382,13121,3474219
111176549,7159,13310,3474220
111176581,7414,13260,3474221
111176613,7611,13225,3474222
111176645,7292,13298,3474223
111176677,7174,13303,3474224
111176709,7385,13266,3474225
111176741,7231,13273,3474226
111176773,7200,13275,3474227
111176805,7288,13293,3474228
111176837,7395,13284,3474229
111176869,7365,13286,3474230
111176901,7381,13222,3474231
111176933,7263,13459,3474232
111176965,7409,13476,3474233
111176997,7363,13404,3474234
111177029,7318,13431,3474235
111177061,7313,13409,3474236
111177093,7379,13389,3474237
111177125,7521,13448,3474238
111177157,7290,13406,3474239
111177189,7326,13389,3474240
111177221,7559,13437,3474241
111177253,7498,13364,3474242
111177285,7098,13449,3474243
111177317,7319,13653,3474244
111177349,7574,13570,3474245
111177381,7264,13628,3474246
111177413,7139,13620,3474247
111177445,7524,13548,3474248
111177477,7494,13575,3474249
111177509,7300,13554,3474250
111177541,7330,13620,3474251
111177573,7554,13596,3474252
111177605,7340,13613,3474253
111177637,7300,13537,3474254
111177669,7361,13650,3474255
111177701,7528,13705,3474256
111177733,7374,13715,3474257
111177765,7244,13774,3474258
111177797,7439,13744,3474259
111177829,7373,13738,3474260
111177861,7378,13732,3474261
111177893,7360,13770,3474262
111177925,7614,13732,3474263
111177957,7477,13768,3474264
111177989,7519,13737,3474265
111178021,7344,13743,3474266
111178053,7193,13789,3474267
111178085,7423,13758,3474268
111178117,7240,13821,3474269
111178149,7313,13906,3474270
111178181,7594,13871,3474271
111178213,7601,13909,3474272
111178245,7277,13951,3474273
111178277,7323,13892,3474274
111178309,7462,13918,3474275
111178341,7363,13872,3474276
111178373,7259,13897,3474277
111178405,7613,13879,3474278
111178437,7609,13905,3474279
111178469,7400,13918,3474280
111178501,7331,14124,3474281
111178533,7492,14088,3474282
111178565,7433,14024,3474283
111178597,7116,14026,3474284
111178629,7462,14095,3474285
111178661,7687,14055,3474286
111178693,7316,14032,3474287
111178725,7167,14026,3474288
111178757,7510,14050,3474289
111178789,7456,14044,3474290
111178821,7388,14033,3474291
111178853,7560,14093,3474292
111178885,7656,14229,3474293
111178917,7524,14190,3474294
111178949,7399,14155,3474295
111178981,7348,14175,3474296
111179013,7609,14197,3474297
111179045,7673,14174,3474298
111179077,7245,14160,3474299
111179109,7367,14187,3474300
111179141,7597,14184,3474301
111179173,7381,14151,3474302
111179205,7320,14193,3474303
111179237,7354,14211,3474304
111179269,7613,14318,3474305
111179301,7479,14302,3474306
111179333,7321,14283,3474307
111179365,7373,14329,3474308
111179397,7725,14361,3474309
111179429,7452,14306,3474310
111179461,7222,14321,3474311
111179493,7709,14289,3474312
111179525,7706,14338,3474313
111179557,7435,14297,3474314
111179589,7332,14260,3474315
111179621,7685,14305,3474316
111179653,7452,14399,3474317
111179685,7490,14462,3474318
111179717,7621,14492,3474319
111179749,7750,14514,3474320
111179781,7569,14445,3474321
111179813,7408,14488,3474322
111179845,7449,14376,3474323
111179877,7598,14449,3474324
111179909,7518,14452,3474325
111179941,7539,14449,3474326
111179973,7752,14431,3474327
111180005,7557,14413,3474328
111180037,7422,14465,3474329
111180069,7393,14609,3474330
111180101,7354,14647,3474331
111180133,7481,14549,3474332
111180165,7541,14575,3474333
111180197,7438,14593,3474334
111180229,7589,14649,3474335
111180261,7565,14559,3474336
111180293,7400,14623,3474337
111180325,7620,14537,3474338
111180357,7680,14635,3474339
111180389,7522,14540,3474340
111180421,7625,14618,3474341
111180453,7596,14720,3474342
111180485,7706,14654,3474343
111180517,7549,14691,3474344
111180549,7460,14643,3474345
111180581,7598,14690,3474346
111180613,7736,14744,3474347
111180645,7590,14745,3474348
111180677,7537,14727,3474349
111180709,7794,14751,3474350
111180741,7423,14698,3474351
111180773,7460,14735,3474352
111180805,7705,14693,3474353
111180837,7668,14810,3474354
111180869,7622,14891,3474355
111180901,7650,14872,3474356
111180933,7528,14884,3474357
111180965,7473,14836,3474358
111180997,7619,14889,3474359
111181029,7587,14793,3474360
111181061,7820,14805,3474361
111181093,7673,14839,3474362
111181125,7407,14800,3474363
111181157,7642,14839,3474364
111181189,7602,14812,3474365
111181221,7633,15024,3474366
111181253,7704,14989,3474367
111181285,7643,14987,3474368
111181317,7576,15009,3474369
111181349,7804,14873,3474370
111181381,7548,14962,3474371
111181413,7682,14959,3474372
111181445,7810,14959,3474373
111181477,7575,15007,3474374
111181509,7606,14966,3474375
111181541,7755,14995,3474376
111181573,7621,14952,3474377
111181605,7605,15087,3474378
111181637,7718,15039,3474379
111181669,7445,15055,3474380
111181701,7646,15028,3474381
111181733,7619,15120,3474382
111181765,7730,15063,3474383
111181797,7871,15130,3474384
111181829,7590,15100,3474385
111181861,7386,15029,3474386
111181893,7837,15057,3474387
111181925,7764,15112,3474388
111181957,7624,15085,3474389
111181989,7859,15078,3474390
111182021,7832,15260,3474391
111182053,7632,15223,3474392
111182085,7551,15219,3474393
111182117,7848,15165,3474394
111182149,7751,15182,3474395
111182181,7873,15251,3474396
111182213,7709,15229,3474397
111182245,7750,15206,3474398
111182277,7869,15261,3474399
111182309,7651,15128,3474400
111182341,7631,15184,3474401
111182373,7728,15227,3474402
111182405,7929,15271,3474403
111182437,7859,15259,3474404
111182469,7775,15315,3474405
111182501,7630,15284,3474406
111182533,7872,15284,3474407
111182565,7539,15334,3474408
111182597,7529,15310,3474409
111182629,7937,15314,3474410
111182661,8039,15330,3474411
111182693,7542,15354,3474412
111182725,7736,15249,3474413
111182757,7838,15273,3474414
111182789,7645,15404,3474415
111182821,7535,15403,3474416
111182853,7970,15321,3474417
111182885,8045,15343,3474418
111182917,7514,15321,3474419
111182949,7551,15394,3474420
111182981,7768,15345,3474421
111183013,7932,15340,3474422
111183045,7607,15398,3474423
111183077,7830,15357,3474424
111183109,7947,15344,3474425
111183141,7790,15417,3474426
111183173,7774,15461,3474427
111183205,7797,15496,3474428
111183237,7751,15435,3474429
111183269,7664,15438,3474430
111183301,7943,15476,3474431
111183333,7828,15512,3474432
111183365,7853,15525,3474433
111183397,7856,15523,3474434
111183429,7616,15557,3474435
111183461,7740,15494,3474436
111183493,7855,15426,3474437
111183525,7814,15505,3474438
111183557,7812,15578,3474439
111183589,7925,15540,3474440
111183621,7809,15585,3474441
111183653,7632,15503,3474442
111183685,7710,15617,3474443
111183717,7912,15622,3474444
111183749,7915,15535,3474445
111183781,7756,15615,3474446
111183813,7802,15598,3474447
111183845,8068,15633,3474448
111183877,7683,15515,3474449
111183909,7441,15610,3474450
111183941,7846,15572,3474451
111183973,8075,15679,3474452
111184005,7782,15661,3474453
111184037,7855,15642,3474454
111184069,7997,15627,3474455
111184101,7683,15697,3474456
111184133,7580,15680,3474457
111184165,7756,15667,3474458
111184197,8024,15705,3474459
111184229,7950,15713,3474460
111184261,7784,15627,3474461
111184293,7860,15626,3474462
111184325,7834,15658,3474463
111184357,7768,15726,3474464
111184389,7858,15750,3474465
111184421,8024,15758,3474466
111184453,8104,15721,3474467
111184485,7914,15746,3474468
111184517,7811,15717,3474469
111184549,7891,15747,3474470
111184581,7886,15683,3474471
111184613,7881,15799,3474472
111184645,7811,15793,3474473
111184677,8142,15747,3474474
111184709,7969,15699,3474475
111184741,7827,15906,3474476
111184773,7926,15813,3474477
111184805,7992,15776,3474478
111184837,7825,15802,3474479
111184869,7880,15821,3474480
111184901,8088,15828,3474481
111184933,8071,15816,3474482
111184965,7854,15826,3474483
111184997,7723,15751,3474484
111185029,8014,15787,3474485
111185061,7891,15864,3474486
111185093,7789,15823,3474487
111185125,7956,15963,3474488
111185157,8250,15898,3474489
111185189,7991,15864,3474490
111185221,7805,15870,3474491
111185253,7918,15852,3474492
111185285,8020,15835,3474493
111185317,8049,15922,3474494
111185349,7837,15894,3474495
111185381,7981,15942,3474496
111185413,7911,15896,3474497
111185445,7862,15907,3474498
111185477,7843,15895,3474499
111185509,7993,15932,3474500
111185541,7956,16032,3474501
111185573,7949,16031,3474502
111185605,8036,15977,3474503
111185637,8026,16000,3474504
111185669,7938,15993,3474505
111185701,7897,15994,3474506
111185733,7940,15944,3474507
111185765,8257,15966,3474508
111185797,8120,15994,3474509
111185829,7922,15966,3474510
111185861,8000,15996,3474511
111185893,8122,16028,3474512
111185925,7951,16105,3474513
111185957,7940,16080,3474514
111185989,8139,16106,3474515
111186021,8145,16055,3474516
111186053,7937,16020,3474517
111186085,8014,16002,3474518
111186117,8120,16030,3474519
111186149,8143,16049,3474520
111186181,7932,16020,3474521
111186213,8105,16025,3474522
111186245,8255,16043,3474523
111186277,8063,16033,3474524
111186309,7981,16104,3474525
111186341,8137,16168,3474526
111186373,8245,16025,3474527
111186405,7885,16129,3474528
111186437,7922,16114,3474529
111186469,8254,16114,3474530
111186501,8110,16175,3474531
111186533,7948,16063,3474532
111186565,8086,16104,3474533
111186597,8128,16145,3474534
111186629,8068,16091,3474535
111186661,8178,16105,3474536
111186693,7995,16151,3474537
111186725,8225,16145,3474538
111186757,7991,16145,3474539
111186789,7967,16206,3474540
111186821,8106,16212,3474541
111186853,8361,16144,3474542
111186885,8114,16188,3474543
111186917,7915,16168,3474544
111186949,8108,16150,3474545
111186981,8267,16115,3474546
111187013,7982,16114,3474547
111187045,7825,16199,3474548
111187077,8149,16238,3474549
111187109,8419,16189,3474550
111187141,7850,16269,3474551
111187173,7940,16245,3474552
111187205,8403,16244,3474553
111187237,7950,16166,3474554
111187269,7613,16171,3474555
111187301,8150,16184,3474556
111187333,8387,16136,3474557
111187365,8146,16254,3474558
111187397,7888,16188,3474559
111187429,8130,16220,3474560
111187461,7896,16228,3474561
111187493,8034,16207,3474562
111187525,8253,16281,3474563
111187557,8270,16214,3474564
111187589,8139,16179,3474565
111187621,8152,16270,3474566
111187653,8142,16227,3474567
111187685,8100,16264,3474568
111187717,8033,16247,3474569
111187749,8195,16255,3474570
111187781,8261,16222,3474571
111187813,8149,16255,3474572
111187845,8167,16253,3474573
111187877,8047,16195,3474574
111187909,8052,16270,3474575
111187941,8116,16304,3474576
111187973,8305,16335,3474577
111188005,8179,16239,3474578
111188037,8182,16269,3474579
111188069,8257,16293,3474580
111188101,8100,16293,3474581
111188133,8010,16186,3474582
111188165,8092,16360,3474583
111188197,8286,16215,3474584
111188229,8212,16239,3474585
111188261,8144,16349,3474586
111188293,8282,16351,3474587
111188325,8236,16306,3474588
111188357,8031,16310,3474589
111188389,8173,16256,3474590
111188421,8344,16245,3474591
111188453,8201,16232,3474592
111188485,8150,16343,3474593
111188517,8440,16256,3474594
111188549,8267,16336,3474595
111188581,7998,16279,3474596
111188613,8262,16276,3474597
111188645,8060,16217,3474598
111188677,8273,16198,3474599
111188709,8407,16332,3474600
111188741,8237,16220,3474601
111188773,8172,16198,3474602
111188805,8238,16304,3474603
111188837,8122,16200,3474604
111188869,8327,16282,3474605
111188901,8510,16250,3474606
111188933,8235,16262,3474607
111188965,8237,16312,3474608
111188997,8225,16301,3474609
111189029,8251,16196,3474610
111189061,8244,16239,3474611
111189093,8306,16289,3474612
111189125,8280,16231,3474613
111189157,8392,16237,3474614
111189189,8156,16172,3474615
111189221,8142,16219,3474616
111189253,8276,16296,3474617
111189285,8231,16251,3474618
111189317,8129,16330,3474619
111189349,8287,16239,3474620
111189381,8355,16201,3474621
111189413,8418,16293,3474622
111189445,8265,16274,3474623
111189477,8253,16304,3474624
111189509,8327,16229,3474625
111189541,8124,16191,3474626
111189573,8288,16243,3474627
111189605,8496,16290,3474628
111189637,8463,16242,3474629
111189669,8203,16307,3474630
111189701,8323,16313,3474631
111189733,8310,16268,3474632
111189765,8291,16214,3474633
111189797,8278,16265,3474634
111189829,8450,16275,3474635
111189861,8188,16352,3474636
111189893,8210,16301,3474637
111189925,8156,16292,3474638
111189957,8346,16383,3474639
111189989,8528,16312,3474640
111190021,8325,16278,3474641
111190053,8237,16258,3474642
111190085,8620,16294,3474643
111190117,8546,16229,3474644
111190149,8060,16292,3474645
111190181,8334,16278,3474646
111190213,8600,16308,3474647
111190245,8463,16257,3474648
111190277,8232,16231,3474649
111190309,8276,16224,3474650
111190341,8644,16352,3474651
111190373,8337,16273,3474652
111190405,7964,16310,3474653
111190437,8369,16335,3474654
111190469,8618,16306,3474655
111190501,8388,16330,3474656
111190533,8252,16281,3474657
111190565,8584,16236,3474658
111190597,8434,16234,3474659
111190629,8265,16335,3474660
111190661,8256,16316,3474661
111190693,8441,16223,3474662
111190725,8450,16197,3474663
111190757,8361,16334,3474664
111190789,8403,16358,3474665
111190821,8455,16382,3474666
111190853,8350,16326,3474667
111190885,8310,16264,3474668
111190917,8538,16262,3474669
111190949,8371,16264,3474670
111190981,8344,16230,3474671
111191013,8277,16251,3474672
111191045,8431,16264,3474673
111191077,8457,16303,3474674
111191109,8364,16284,3474675
111191141,8410,16224,3474676
111191173,8528,16370,3474677
111191205,8662,16318,3474678
111191237,8141,16311,3474679
111191269,8248,16308,3474680
111191301,8544,16288,3474681
111191333,8495,16262,3474682
111191365,8189,16371,3474683
111191397,8596,16330,3474684
111191429,8526,16290,3474685
111191461,8472,16252,3474686
111191493,8237,16280,3474687
111191525,8474,16220,3474688
111191557,8428,16333,3474689
111191589,8371,16302,3474690
111191621,8367,16252,3474691
111191653,8749,16299,3474692
111191685,8498,16323,3474693
111191717,8213,16253,3474694
111191749,8383,16305,3474695
111191781,8589,16245,3474696
111191813,8401,16306,3474697
111191845,8403,16219,3474698
111191877,8580,16220,3474699
111191909,8524,16214,3474700
111191941,8386,16346,3474701
111191973,8369,16246,3474702
111192005,8440,16229,3474703
111192037,8607,16273,3474704
111192069,8588,16253,3474705
111192101,8410,16302,3474706
111192133,8542,16231,3474707
111192165,8483,16251,3474708
111192197,8453,16311,3474709
111192229,8453,16269,3474710
111192261,8499,16287,3474711
111192293,8724,16276,3474712
111192325,8517,16304,3474713
111192357,8359,16238,3474714
111192389,8549,16214,3474715
111192421,8520,16294,3474716
111192453,8441,16299,3474717
111192485,8622,16251,3474718
111192517,8734,16340,3474719
111192549,8389,16226,3474720
111192581,8283,16312,3474721
111192613,8582,16268,3474722
111192645,8382,16287,3474723
111192677,8422,16258,3474724
111192709,8641,16333,3474725
111192741,8666,16266,3474726
111192773,8470,16336,3474727
111192805,8507,16267,3474728
111192837,8388,16354,3474729
111192869,8578,16309,3474730
111192901,8539,16225,3474731
111192933,8515,16322,3474732
111192965,8774,16290,3474733
111192997,8554,16238,3474734
111193029,8475,16207,3474735
111193061,8461,16287,3474736
111193093,8631,16252,3474737
111193125,8555,16223,3474738
111193157,8690,16294,3474739
111193189,8496,16277,3474740
111193221,8634,16338,3474741
111193253,8560,16326,3474742
111193285,8329,16267,3474743
111193317,8468,16284,3474744
111193349,8701,16225,3474745
111193381,8594,16324,3474746
111193413,8590,16257,3474747
111193445,8645,16323,3474748
111193477,8645,16291,3474749
111193509,8642,16324,3474750
111193541,8433,16351,3474751
111193573,8696,16303,3474752
111193605,8643,16311,3474753
111193637,8600,16240,3474754
111193669,8433,16256,3474755
111193701,8861,16296,3474756
111193733,8564,16276,3474757
111193765,8314,16313,3474758
111193797,8702,16294,3474759
111193829,8785,16285,3474760
111193861,8754,16241,3474761
111193893,8551,16267,3474762
111193925,8603,16214,3474763
111193957,8448,16286,3474764
111193989,8536,16318,3474765
111194021,8576,16259,3474766
111194053,8810,16284,3474767
111194085,8760,16319,3474768
111194117,8455,16318,3474769
111194149,8507,16238,3474770
111194181,8616,16261,3474771
111194213,8543,16258,3474772
111194245,8607,16282,3474773
111194277,8606,16346,3474774
111194309,8694,16337,3474775
111194341,8640,16327,3474776
111194373,8778,16262,3474777
111194405,8502,16297,3474778
111194437,8629,16339,3474779
111194469,8827,16266,3474780
111194501,8572,16224,3474781
111194533,8738,16314,3474782
111194565,8894,16304,3474783
111194597,8535,16241,3474784
111194629,8485,16236,3474785
111194661,8768,16285,3474786
111194693,8732,16251,3474787
111194725,8647,16284,3474788
111194757,8787,16270,3474789
111194789,8881,16216,3474790
111194821,8633,16257,3474791
111194853,8396,16247,3474792
111194885,8600,16177,3474793
111194917,8827,16207,3474794
111194949,8701,16214,3474795
111194981,8610,16268,3474796
111195013,8884,16138,3474797
111195045,8761,16224,3474798
111195077,8491,16218,3474799
111195109,8670,16266,3474800
111195141,8767,16130,3474801
111195173,8822,16219,3474802
111195205,8483,16207,3474803
111195237,8775,16251,3474804
111195269,8930,16210,3474805
111195301,8706,16104,3474806
111195333,8640,16164,3474807
111195365,8709,16234,3474808
111195397,8991,16194,3474809
111195429,8812,16143,3474810
111195461,8789,16160,3474811
111195493,8649,16188,3474812
111195525,8618,16123,3474813
111195557,8820,16151,3474814
111195589,8642,16191,3474815
111195621,8570,16171,3474816
111195653,8915,16104,3474817
111195685,8538,16109,3474818
111195717,8591,16062,3474819
111195749,8960,16105,3474820
111195781,8755,16120,3474821
111195813,8594,16092,3474822
111195845,8831,16137,3474823
111195877,8779,16137,3474824
111195909,8790,16060,3474825
111195941,8700,16197,3474826
111195973,8693,16009,3474827
111196005,8833,16116,3474828
111196037,8587,16072,3474829
111196069,8907,16052,3474830
111196101,8874,16013,3474831
111196133,8677,16083,3474832
111196165,8473,16065,3474833
111196197,8776,16085,3474834
111196229,8832,16073,3474835
111196261,8598,16122,3474836
111196293,8806,15968,3474837
111196325,8857,16038,3474838
111196357,8745,15978,3474839
111196389,8675,16050,3474840
111196421,8594,16003,3474841
111196453,8743,15932,3474842
111196485,9031,15905,3474843
111196517,8864,15973,3474844
111196549,8568,16013,3474845
111196581,8652,15982,3474846
111196613,8709,15925,3474847
111196645,8783,16018,3474848
111196677,8665,16022,3474849
111196709,8820,16022,3474850
111196741,8894,15973,3474851
111196773,8845,16012,3474852
111196805,8814,16051,3474853
111196837,8966,15988,3474854
111196869,8956,15902,3474855
111196901,8606,15926,3474856
111196933,8936,15877,3474857
111196965,9160,15902,3474858
111196997,8709,15945,3474859
111197029,8794,15863,3474860
111197061,8983,15925,3474861
111197093,8788,15909,3474862
111197125,8627,15892,3474863
111197157,8928,15922,3474864
111197189,8999,15947,3474865
111197221,8919,15902,3474866
111197253,8845,15804,3474867
111197285,8922,15787,3474868
111197317,8840,15849,3474869
111197349,8812,15852,3474870
111197381,8858,15830,3474871
111197413,8961,15924,3474872
111197445,8973,15896,3474873
111197477,8828,15873,3474874
111197509,8973,15823,3474875
111197541,8866,15828,3474876
111197573,8788,15865,3474877
111197605,8868,15801,3474878
111197637,8891,15736,3474879
111197669,8908,15746,3474880
111197701,9005,15710,3474881
111197733,8844,15743,3474882
111197765,8878,15784,3474883
111197797,9009,15686,3474884
111197829,8878,15712,3474885
111197861,8890,15738,3474886
111197893,8975,15733,3474887
111197925,8934,15774,3474888
111197957,8861,15798,3474889
111197989,8662,15737,3474890
111198021,8972,15618,3474891
111198053,9034,15592,3474892
111198085,8637,15705,3474893
111198117,8696,15629,3474894
111198149,9160,15674,3474895
111198181,9096,15631,3474896
111198213,8485,15715,3474897
111198245,8851,15627,3474898
111198277,9169,15604,3474899
111198309,9017,15691,3474900
111198341,8940,15745,3474901
111198373,8919,15634,3474902
111198405,8949,15510,3474903
111198437,8783,15590,3474904
111198469,8930,15562,3474905
111198501,9035,15633,3474906
111198533,9169,15558,3474907
111198565,8905,15533,3474908
111198597,8871,15579,3474909
111198629,8986,15579,3474910
111198661,8875,15654,3474911
111198693,8906,15559,3474912
111198725,8931,15569,3474913
111198757,9184,15553,3474914
111198789,9038,15574,3474915
111198821,8800,15450,3474916
111198853,8801,15553,3474917
111198885,9160,15496,3474918
111198917,8953,15438,3474919
111198949,8803,15500,3474920
111198981,8962,15482,3474921
111199013,9195,15517,3474922
111199045,9028,15525,3474923
111199077,8883,15554,3474924
111199109,9124,15531,3474925
111199141,8851,15448,3474926
111199173,8782,15421,3474927
111199205,9051,15437,3474928
111199237,9068,15333,3474929
111199269,9041,15394,3474930
111199301,8762,15423,3474931
111199333,8820,15436,3474932
111199365,9086,15357,3474933
111199397,9027,15432,3474934
111199429,8826,15352,3474935
111199461,9119,15329,3474936
111199493,9127,15369,3474937
111199525,8828,15441,3474938
111199557,8915,15389,3474939
111199589,8958,15286,3474940
111199621,8972,15214,3474941
111199653,9046,15314,3474942
111199685,9052,15265,3474943
111199717,8967,15297,3474944
111199749,8905,15289,3474945
111199781,8865,15199,3474946
111199813,8977,15342,3474947
111199845,9139,15262,3474948
111199877,9084,15293,3474949
111199909,8838,15276,3474950
111199941,8970,15292,3474951
111199973,9128,15161,3474952
111200005,8953,15195,3474953
111200037,8924,15142,3474954
111200069,9070,15200,3474955
111200101,9262,15182,3474956
111200133,9064,15139,3474957
111200165,8935,15173,3474958
111200197,9016,15134,3474959
111200229,8938,15151,3474960
111200261,8935,15220,3474961
111200293,9139,15168,3474962
111200325,9242,15133,3474963
111200357,8938,15030,3474964
111200389,9024,15103,3474965
111200421,9106,15064,3474966
111200453,8949,15097,3474967
111200485,8928,15047,3474968
111200517,9119,15080,3474969
111200549,9206,15121,3474970
111200581,9144,15076,3474971
111200613,8954,15112,3474972
111200645,9103,15081,3474973
111200677,8929,15126,3474974
111200709,9117,15062,3474975
111200741,9102,15093,3474976
111200773,9168,14984,3474977
111200805,9113,15001,3474978
111200837,9099,15036,3474979
111200869,8976,14908,3474980
111200901,9012,14989,3474981
111200933,9117,14965,3474982
111200965,9195,14933,3474983
111200997,9080,15000,3474984
111201029,9037,14947,3474985
111201061,9238,14997,3474986
111201093,8833,14954,3474987
111201125,8953,14967,3474988
111201157,9124,14815,3474989
111201189,9303,14811,3474990
111201221,9028,14933,3474991
111201253,9111,14779,3474992
111201285,9376,14829,3474993
111201317,9209,14793,3474994
111201349,8765,14801,3474995
111201381,9003,14818,3474996
111201413,9328,14774,3474997
111201445,9018,14793,3474998
111201477,9014,14733,3474999
111201509,9380,14824,3475000
111201541,9149,14668,3475001
111201573,8903,14695,3475002
111201605,9096,14739,3475003
111201637,9345,14688,3475004
111201669,9173,14672,3475005
111201701,9189,14731,3475006
111201733,9365,14754,3475007
111201765,9050,14727,3475008
111201797,8872,14736,3475009
111201829,9136,14761,3475010
111201861,9196,14700,3475011
111201893,9372,14726,3475012
111201925,9278,14540,3475013
111201957,9166,14585,3475014
111201989,9103,14622,3475015
111202021,9140,14579,3475016
111202053,9289,14514,3475017
111202085,9134,14584,3475018
111202117,8948,14568,3475019
111202149,9312,14557,3475020
111202181,9061,14542,3475021
111202213,8987,14646,3475022
111202245,9252,14654,3475023
111202277,9247,14522,3475024
111202309,9009,14464,3475025
111202341,9173,14476,3475026
111202373,9313,14428,3475027
111202405,9092,14461,3475028
111202437,9054,14418,3475029
111202469,9132,14507,3475030
111202501,9286,14467,3475031
111202533,9091,14504,3475032
111202565,9189,14447,3475033
111202597,9322,14417,3475034
111202629,9205,14482,3475035
111202661,8877,14454,3475036
111202693,9073,14430,3475037
111202725,9215,14322,3475038
111202757,9269,14370,3475039
111202789,9043,14290,3475040
111202821,9275,14332,3475041
111202853,9296,14360,3475042
111202885,9174,14316,3475043
111202917,8992,14328,3475044
111202949,9213,14328,3475045
111202981,9364,14342,3475046
111203013,9345,14252,3475047
111203045,9049,14295,3475048
111203077,9244,14404,3475049
111203109,9250,14225,3475050
111203141,9089,14191,3475051
111203173,8881,14135,3475052
111203205,9260,14197,3475053
111203237,9216,14238,3475054
111203269,9162,14235,3475055
111203301,9118,14176,3475056
111203333,9405,14165,3475057
111203365,9107,14133,3475058
111203397,8954,14155,3475059
111203429,9327,14130,3475060
111203461,9482,14184,3475061
111203493,9155,14047,3475062
111203525,9100,14017,3475063
111203557,9305,14103,3475064
111203589,9280,14001,3475065
111203621,8890,14068,3475066
111203653,9182,14069,3475067
111203685,9275,13995,3475068
111203717,9280,14002,3475069
111203749,9261,14022,3475070
111203781,9172,14066,3475071
111203813,9166,14056,3475072
111203845,9212,14130,3475073
111203877,9275,13870,3475074
111203909,9460,13899,3475075
111203941,9396,13893,3475076
111203973,9268,13887,3475077
111204005,9210,13934,3475078
111204037,9305,13902,3475079
111204069,9305,13862,3475080
111204101,9391,13955,3475081
111204133,9381,13968,3475082
111204165,9291,13939,3475083
111204197,9333,13945,3475084
111204229,9330,13937,3475085
111204261,9243,13812,3475086
111204293,9286,13700,3475087
111204325,9402,13793,3475088
111204357,9331,13777,3475089
111204389,9296,13745,3475090
111204421,9240,13734,3475091
111204453,9175,13741,3475092
111204485,9165,13768,3475093
111204517,9213,13778,3475094
111204549,9339,13718,3475095
111204581,9291,13703,3475096
111204613,9254,13727,3475097
111204645,9361,13777,3475098
111204677,9288,13598,3475099
111204709,9098,13641,3475100
111204741,9205,13611,3475101
111204773,9478,13576,3475102
111204805,9277,13654,3475103
111204837,9271,13545,3475104
111204869,9408,13654,3475105
111204901,9152,13624,3475106
111204933,9213,13567,3475107
111204965,9336,13530,3475108
111204997,9369,13608,3475109
111205029,9351,13626,3475110
111205061,9213,13437,3475111
111205093,9288,13465,3475112
111205125,9326,13425,3475113
111205157,9200,13429,3475114
111205189,9313,13415,3475115
111205221,9331,13446,3475116
111205253,9396,13504,3475117
111205285,9316,13385,3475118
111205317,9238,13517,3475119
111205349,9148,13468,3475120
111205381,9259,13394,3475121
111205413,9542,13481,3475122
111205445,9294,13293,3475123
111205477,9238,13264,3475124
111205509,9357,13273,3475125
111205541,9185,13220,3475126
111205573,9167,13317,3475127
111205605,9412,13289,3475128
111205637,9336,13272,3475129
111205669,9208,13249,3475130
111205701,9348,13213,3475131
111205733,9449,13236,3475132
111205765,9322,13276,3475133
111205797,9273,13277,3475134
111205829,9409,13106,3475135
111205861,9448,13111,3475136
111205893,9212,13087,3475137
111205925,9256,13076,3475138
111205957,9572,13145,3475139
111205989,9472,13104,3475140
111206021,9161,13107,3475141
111206053,9140,13098,3475142
111206085,9353,13063,3475143
111206117,9255,13138,3475144
111206149,9406,13108,3475145
111206181,9351,13142,3475146
111206213,9363,12901,3475147
111206245,9299,12935,3475148
111206277,9293,12983,3475149
111206309,9283,12900,3475150
111206341,9469,12945,3475151
111206373,9521,13002,3475152
111206405,9137,12947,3475153
111206437,9309,12914,3475154
111206469,9554,12913,3475155
111206501,9431,12921,3475156
111206533,9065,13010,3475157
111206565,9350,12915,3475158
111206597,9567,12911,3475159
111206629,9306,12771,3475160
111206661,9151,12780,3475161
111206693,9550,12840,3475162
111206725,9560,12775,3475163
111206757,9101,12746,3475164
111206789,9420,12817,3475165
111206821,9537,12723,3475166
111206853,9400,12843,3475167
111206885,9084,12773,3475168
111206917,9412,12841,3475169
111206949,9325,12757,3475170
111206981,9323,12822,3475171
111207013,9247,12607,3475172
111207045,9410,12642,3475173
111207077,9462,12609,3475174
111207109,9211,12621,3475175
111207141,9325,12673,3475176
111207173,9440,12575,3475177
111207205,9384,12639,3475178
111207237,9202,12638,3475179
111207269,9422,12622,3475180
111207301,9355,12593,3475181
111207333,9329,12621,3475182
111207365,9278,12682,3475183
111207397,9346,12402,3475184
111207429,9469,12434,3475185
111207461,9555,12485,3475186
111207493,9336,12470,3475187
111207525,9369,12504,3475188
111207557,9479,12469,3475189
111207589,9129,12386,3475190
111207621,9199,12443,3475191
111207653,9403,12493,3475192
111207685,9521,12423,3475193
111207717,9298,12431,3475194
111207749,9272,12480,3475195
111207781,9604,12326,3475196
111207813,9435,12222,3475197
111207845,9077,12325,3475198
111207877,9485,12212,3475199
111207909,9564,12276,3475200
111207941,9470,12219,3475201
111207973,9218,12270,3475202
111208005,9575,12219,3475203
111208037,9508,12321,3475204
111208069,9219,12238,3475205
111208101,9199,12298,3475206
111208133,9622,12282,3475207
111208165,9486,12289,3475208
111208197,9288,12079,3475209
111208229,9243,12075,3475210
111208261,9473,12081,3475211
111208293,9342,12127,3475212
111208325,9355,12048,3475213
111208357,9297,12106,3475214
111208389,9627,12077,3475215
111208421,9408,12098,3475216
111208453,9373,12106,3475217
111208485,9293,12053,3475218
111208517,9462,12044,3475219
111208549,9391,12069,3475220
111208581,9488,11891,3475221
111208613,9328,11887,3475222
111208645,9401,11887,3475223
111208677,9449,11896,3475224
111208709,9358,11894,3475225
111208741,9392,11877,3475226
111208773,9491,11934,3475227
111208805,9298,12001,3475228
111208837,9487,11933,3475229
111208869,9665,11926,3475230
111208901,9460,11949,3475231
111208933,9205,11969,3475232
111208965,9450,11756,3475233
111208997,9394,11699,3475234
111209029,9445,11735,3475235
111209061,9509,11743,3475236
111209093,9524,11711,3475237
111209125,9434,11807,3475238
111209157,9209,11685,3475239
111209189,9161,11733,3475240
111209221,9555,11695,3475241
111209253,9469,11725,3475242
111209285,9352,11709,3475243
111209317,9542,11758,3475244
111209349,9555,11594,3475245
111209381,9309,11545,3475246
111209413,9171,11526,3475247
111209445,9393,11611,3475248
111209477,9526,11554,3475249
111209509,9488,11534,3475250
111209541,9252,11535,3475251
111209573,9448,11536,3475252
111209605,9514,11607,3475253
111209637,9336,11559,3475254
111209669,9259,11571,3475255
111209701,9454,11531,3475256
111209733,9450,11379,3475257
111209765,9371,11383,3475258
111209797,9315,11380,3475259
111209829,9499,11336,3475260
111209861,9566,11305,3475261
111209893,9306,11388,3475262
111209925,9462,11242,3475263
111209957,9658,11386,3475264
111209989,9557,11417,3475265
111210021,9152,11380,3475266
111210053,9519,11336,3475267
111210085,9546,11346,3475268
111210117,9300,11366,3475269
111210149,9483,11220,3475270
111210181,9604,11154,3475271
111210213,9369,11123,3475272
111210245,9287,11163,3475273
111210277,9323,11157,3475274
111210309,9410,11210,3475275
111210341,9397,11232,3475276
111210373,9326,11171,3475277
111210405,9488,11149,3475278
111210437,9391,11176,3475279
111210469,9343,11161,3475280
111210501,9222,11151,3475281
111210533,9425,10993,3475282
111210565,9401,10953,3475283
111210597,9450,11009,3475284
111210629,9453,11005,3475285
111210661,9526,11012,3475286
111210693,9463,11044,3475287
111210725,9313,11026,3475288
111210757,9264,10989,3475289
111210789,9595,10991,3475290
111210821,9613,10923,3475291
111210853,9330,10956,3475292
111210885,9438,10953,3475293
111210917,9605,10809,3475294
111210949,9392,10743,3475295
111210981,9346,10774,3475296
111211013,9354,10797,3475297
111211045,9692,10788,3475298
111211077,9517,10836,3475299
111211109,9328,10821,3475300
111211141,9642,10806,3475301
111211173,9613,10756,3475302
111211205,9159,10781,3475303
111211237,9252,10721,3475304
111211269,9723,10877,3475305
111211301,9414,10585,3475306
111211333,9328,10683,3475307
111211365,9500,10620,3475308
111211397,9305,10591,3475309
111211429,9202,10644,3475310
111211461,9410,10626,3475311
111211493,9459,10613,3475312
111211525,9618,10588,3475313
111211557,9529,10625,3475314
111211589,9374,10572,3475315
111211621,9417,10586,3475316
111211653,9350,10576,3475317
111211685,9461,10404,3475318
111211717,9437,10463,3475319
111211749,9591,10391,3475320
111211781,9435,10400,3475321
111211813,9409,10482,3475322
111211845,9340,10398,3475323
111211877,9506,10439,3475324
111211909,9554,10396,3475325
111211941,9375,10406,3475326
111211973,9471,10417,3475327
111212005,9639,10411,3475328
111212037,9443,10477,3475329
111212069,9187,10420,3475330
111212101,9413,10198,3475331
111212133,9627,10176,3475332
111212165,9313,10203,3475333
111212197,9222,10242,3475334
111212229,9645,10267,3475335
111212261,9577,10232,3475336
111212293,9430,10209,3475337
111212325,9397,10225,3475338
111212357,9621,10205,3475339
111212389,9454,10213,3475340
111212421,9502,10268,3475341
111212453,9560,10186,3475342
111212485,9427,10044,3475343
111212517,9392,10031,3475344
111212549,9254,10004,3475345
111212581,9442,10022,3475346
111212613,9652,10024,3475347
111212645,9642,10057,3475348
111212677,9478,10021,3475349
111212709,9406,10014,3475350
111212741,9308,10005,3475351
111212773,9519,10040,3475352
111212805,9376,10025,3475353
111212837,9527,10001,3475354
111212869,9525,9771,3475355
111212901,9562,9798,3475356
111212933,9474,9830,3475357
111212965,9331,9841,3475358
111212997,9391,9835,3475359
111213029,9364,9799,3475360
111213061,9548,9838,3475361
111213093,9528,9840,3475362
111213125,9454,9839,3475363
111213157,9396,9855,3475364
111213189,9398,9859,3475365
111213221,9460,9802,3475366
111213253,9205,9606,3475367
111213285,9373,9678,3475368
111213317,9754,9567,3475369
111213349,9567,9577,3475370
111213381,9280,9632,3475371
111213413,9450,9662,3475372
111213445,9444,9584,3475373
111213477,9294,9651,3475374
111213509,9463,9607,3475375
111213541,9507,9638,3475376
111213573,9496,9595,3475377
111213605,9451,9658,3475378
111213637,9345,9426,3475379
111213669,9491,9443,3475380
111213701,9441,9390,3475381
111213733,9431,9449,3475382
111213765,9387,9446,3475383
111213797,9570,9468,3475384
111213829,9416,9440,3475385
111213861,9221,9436,3475386
111213893,9331,9430,3475387
111213925,9288,9417,3475388
111213957,9534,9436,3475389
111213989,9495,9417,3475390
111214021,9398,9401,3475391
111214053,9417,9196,3475392
111214085,9356,9251,3475393
111214117,9380,9204,3475394
111214149,9425,9202,3475395
111214181,9539,9240,3475396
111214213,9472,9214,3475397
111214245,9319,9206,3475398
111214277,9475,9298,3475399
111214309,9427,9205,3475400
111214341,9370,9190,3475401
111214373,9481,9217,3475402
111214405,9519,9183,3475403
111214437,9445,9036,3475404
111214469,9382,9005,3475405
111214501,9606,9038,3475406
111214533,9526,8973,3475407
111214565,9375,9021,3475408
111214597,9212,9035,3475409
111214629,9609,8990,3475410
111214661,9616,9010,3475411
111214693,9315,9007,3475412
111214725,9408,8976,3475413
111214757,9268,9016,3475414
111214789,9341,9046,3475415
111214821,9369,8789,3475416
111214853,9579,8834,3475417
111214885,9573,8848,3475418
111214917,9491,8817,3475419
111214949,9272,8823,3475420
111214981,9209,8856,3475421
111215013,9477,8797,3475422
111215045,9523,8803,3475423
111215077,9306,8777,3475424
111215109,9421,8867,3475425
111215141,9640,8783,3475426
111215173,9394,8794,3475427
111215205,9306,8636,3475428
111215237,9465,8566,3475429
111215269,9694,8614,3475430
111215301,9303,8585,3475431
111215333,9347,8673,3475432
111215365,9731,8660,3475433
111215397,9444,8599,3475434
111215429,9240,8665,3475435
111215461,9459,8583,3475436
111215493,9468,8624,3475437
111215525,9413,8602,3475438
111215557,9397,8598,3475439
111215589,9512,8435,3475440
111215621,9567,8411,3475441
111215653,9297,8388,3475442
111215685,9260,8354,3475443
111215717,9505,8424,3475444
111215749,9453,8446,3475445
111215781,9268,8457,3475446
111215813,9464,8377,3475447
111215845,9525,8381,3475448
111215877,9269,8407,3475449
111215909,9411,8367,3475450
111215941,9476,8420,3475451
111215973,9528,8463,3475452
111216005,9629,8242,3475453
111216037,9458,8261,3475454
111216069,9375,8236,3475455
111216101,9572,8201,3475456
111216133,9359,8189,3475457
111216165,9344,8196,3475458
111216197,9561,8189,3475459
111216229,9535,8243,3475460
111216261,9402,8241,3475461
111216293,9348,8273,3475462
111216325,9443,8180,3475463
111216357,9503,8214,3475464
111216389,9212,8040,3475465
111216421,9309,8015,3475466
111216453,9660,8072,3475467
111216485,9552,7995,3475468
111216517,9057,8018,3475469
111216549,9471,8039,3475470
111216581,9449,8006,3475471
111216613,9177,8011,3475472
111216645,9298,8013,3475473
111216677,9647,7992,3475474
111216709,9483,7994,3475475
111216741,9309,8013,3475476
111216773,9325,7822,3475477
111216805,9438,7756,3475478
111216837,9340,7839,3475479
111216869,9296,7841,3475480
111216901,9548,7830,3475481
111216933,9658,7793,3475482
111216965,9403,7822,3475483
111216997,9192,7906,3475484
111217029,9665,7813,3475485
111217061,9386,7796,3475486
111217093,9488,7814,3475487
111217125,9328,7858,3475488
111217157,9440,7630,3475489
111217189,9528,7558,3475490
111217221,9297,7581,3475491
111217253,9332,7598,3475492
111217285,9426,7586,3475493
111217317,9501,7631,3475494
111217349,9268,7650,3475495
111217381,9220,7600,3475496
111217413,9558,7634,3475497
111217445,9425,7556,3475498
111217477,9338,7646,3475499
111217509,9312,7653,3475500
111217541,9608,7408,3475501
111217573,9438,7411,3475502
111217605,9337,7434,3475503
111217637,9466,7408,3475504
111217669,9590,7390,3475505
111217701,9184,7441,3475506
111217733,9112,7389,3475507
111217765,9528,7427,3475508
111217797,9345,7400,3475509
111217829,9124,7371,3475510
111217861,9480,7428,3475511
111217893,9333,7437,3475512
111217925,9152,7447,3475513
111217957,9273,7294,3475514
111217989,9511,7206,3475515
111218021,9467,7213,3475516
111218053,9323,7244,3475517
111218085,9334,7197,3475518
111218117,9430,7175,3475519
111218149,9404,7240,3475520
111218181,9407,7204,3475521
111218213,9448,7172,3475522
111218245,9518,7192,3475523
111218277,9497,7204,3475524
111218309,9268,7200,3475525
111218341,9239,6981,3475526
111218373,9257,6960,3475527
111218405,9554,6952,3475528
111218437,9186,6997,3475529
111218469,9327,7046,3475530
111218501,9522,7008,3475531
111218533,9300,7027,3475532
111218565,9244,6995,3475533
111218597,9433,6949,3475534
111218629,9527,7008,3475535
111218661,9260,7018,3475536
111218693,9093,6991,3475537
111218725,9500,6844,3475538
111218757,9406,6837,3475539
111218789,9114,6824,3475540
111218821,9214,6882,3475541
111218853,9639,6815,3475542
111218885,9442,6829,3475543
111218917,9293,6840,3475544
111218949,9314,6814,3475545
111218981,9500,6804,3475546
111219013,9107,6865,3475547
111219045,9092,6844,3475548
111219077,9530,6756,3475549
111219109,9446,6607,3475550
111219141,9321,6625,3475551
111219173,9451,6599,3475552
111219205,9296,6595,3475553
111219237,9389,6568,3475554
111219269,9393,6617,3475555
111219301,9353,6612,3475556
111219333,9447,6605,3475557
111219365,9411,6591,3475558
111219397,9267,6570,3475559
111219429,9313,6579,3475560
111219461,9517,6658,3475561
111219493,9283,6620,3475562
111219525,9175,6384,3475563
111219557,9477,6432,3475564
111219589,9371,6353,3475565
111219621,9343,6448,3475566
111219653,9039,6417,3475567
111219685,9276,6406,3475568
111219717,9499,6402,3475569
111219749,9091,6386,3475570
111219781,9343,6427,3475571
111219813,9511,6352,3475572
111219845,9312,6404,3475573
111219877,9211,6417,3475574
111219909,9189,6190,3475575
111219941,9321,6204,3475576
111219973,9314,6204,3475577
111220005,9205,6175,3475578
111220037,9383,6258,3475579
111220069,9270,6267,3475580
111220101,9324,6256,3475581
111220133,9178,6279,3475582
111220165,9262,6235,3475583
111220197,9282,6181,3475584
111220229,9222,6257,3475585
111220261,9439,6209,3475586
111220293,9424,5985,3475587
111220325,9207,5987,3475588
111220357,9193,6004,3475589
111220389,9180,6032,3475590
111220421,9183,6021,3475591
111220453,9422,6027,3475592
111220485,9250,6007,3475593
111220517,9319,6038,3475594
111220549,9323,6049,3475595
111220581,9335,5989,3475596
111220613,8944,5981,3475597
111220645,9354,5987,3475598
111220677,9594,5859,3475599
111220709,9261,5856,3475600
111220741,9136,5862,3475601
111220773,9334,5803,3475602
111220805,9292,5800,3475603
111220837,9276,5812,3475604
111220869,9135,5774,3475605
111220901,9486,5803,3475606
111220933,9430,5884,3475607
111220965,9164,5864,3475608
111220997,9285,5865,3475609
111221029,9351,5843,3475610
111221061,9111,5666,3475611
111221093,9160,5622,3475612
111221125,9550,5605,3475613
111221157,9349,5667,3475614
111221189,9198,5614,3475615
111221221,9289,5597,3475616
111221253,9138,5626,3475617
111221285,9148,5662,3475618
111221317,9266,5658,3475619
111221349,9324,5633,3475620
111221381,9280,5615,3475621
111221413,9195,5629,3475622
111221445,9289,5669,3475623
111221477,9117,5454,3475624
111221509,9166,5467,3475625
111221541,9290,5384,3475626
111221573,9214,5421,3475627
111221605,9270,5429,3475628
111221637,9271,5432,3475629
111221669,9236,5450,3475630
111221701,9168,5390,3475631
111221733,9151,5423,3475632
111221765,9296,5398,3475633
111221797,9224,5424,3475634
111221829,9109,5435,3475635
111221861,9378,5269,3475636
111221893,9173,5325,3475637
111221925,9136,5268,3475638
111221957,9123,5237,3475639
111221989,9075,5320,3475640
111222021,9164,5272,3475641
111222053,9190,5227,3475642
111222085,9339,5252,3475643
111222117,9249,5242,3475644
111222149,9070,5248,3475645
111222181,9055,5260,3475646
111222213,9273,5260,3475647
111222245,9302,5056,3475648
111222277,9183,5072,3475649
111222309,9173,5037,3475650
111222341,9371,5037,3475651
111222373,8968,5047,3475652
111222405,9172,5041,3475653
111222437,9256,4998,3475654
111222469,9083,5078,3475655
111222501,9312,5056,3475656
111222533,9310,5044,3475657
111222565,8985,5093,3475658
111222597,9048,5065,3475659
111222629,9048,4866,3475660
111222661,9035,4890,3475661
111222693,9215,4858,3475662
111222725,9426,4916,3475663
111222757,9103,4865,3475664
111222789,9134,4810,3475665
111222821,9197,4892,3475666
111222853,9195,4848,3475667
111222885,9000,4846,3475668
111222917,9137,4921,3475669
111222949,9317,4887,3475670
111222981,9249,4873,3475671
111223013,9064,4720,3475672
111223045,9181,4705,3475673
111223077,9214,4732,3475674
111223109,9100,4720,3475675
111223141,9119,4674,3475676
111223173,9285,4680,3475677
111223205,9223,4746,3475678
111223237,9083,4724,3475679
111223269,9155,4715,3475680
111223301,9217,4738,3475681
111223333,9173,4675,3475682
111223365,9077,4737,3475683
111223397,9290,4730,3475684
111223429,9354,4525,3475685
111223461,9279,4490,3475686
111223493,8907,4526,3475687
111223525,9174,4508,3475688
111223557,9288,4484,3475689
111223589,9249,4462,3475690
111223621,9299,4491,3475691
111223653,9090,4480,3475692
111223685,9031,4561,3475693
111223717,9061,4496,3475694
111223749,9126,4500,3475695
111223781,9135,4552,3475696
111223813,9447,4345,3475697
111223845,9092,4312,3475698
111223877,9015,4324,3475699
111223909,9358,4302,3475700
111223941,9263,4336,3475701
111223973,8924,4368,3475702
111224005,9209,4321,3475703
111224037,9319,4308,3475704
111224069,9143,4345,3475705
111224101,8795,4361,3475706
111224133,9112,4336,3475707
111224165,9256,4353,3475708
111224197,9036,4181,3475709
111224229,8890,4162,3475710
111224261,9291,4156,3475711
111224293,9144,4128,3475712
111224325,9012,4171,3475713
111224357,9095,4198,3475714
111224389,9184,4137,3475715
111224421,8920,4169,3475716
111224453,8940,4145,3475717
111224485,9112,4163,3475718
111224517,9305,4157,3475719
111224549,9019,4097,3475720
111224581,8924,3982,3475721
111224613,8952,3941,3475722
111224645,9192,3982,3475723
111224677,8941,3968,3475724
111224709,9103,3919,3475725
111224741,9126,4014,3475726
111224773,9184,3946,3475727
111224805,8858,3952,3475728
111224837,8964,3987,3475729
111224869,9147,4000,3475730
111224901,9280,3951,3475731
111224933,9191,4002,3475732
111224965,8970,3771,3475733
111224997,9275,3800,3475734
111225029,8942,3783,3475735
111225061,8660,3826,3475736
111225093,9025,3834,3475737
111225125,9296,3803,3475738
111225157,8979,3817,3475739
111225189,9010,3788,3475740
111225221,9258,3829,3475741
111225253,9102,3814,3475742
111225285,8935,3778,3475743
111225317,9020,3787,3475744
111225349,9200,3809,3475745
111225381,9185,3642,3475746
111225413,8961,3632,3475747
111225445,9138,3672,3475748
111225477,9323,3672,3475749
111225509,8935,3643,3475750
111225541,8879,3630,3475751
111225573,9113,3644,3475752
111225605,9183,3638,3475753
111225637,9111,3652,3475754
111225669,9162,3702,3475755
111225701,8999,3654,3475756
111225733,8986,3656,3475757
111225765,9050,3446,3475758
111225797,9020,3528,3475759
111225829,9213,3521,3475760
111225861,9173,3428,3475761
111225893,9082,3410,3475762
111225925,8890,3485,3475763
111225957,8975,3422,3475764
111225989,8984,3441,3475765
111226021,9052,3476,3475766
111226053,9070,3426,3475767
111226085,9197,3529,3475768
111226117,9012,3476,3475769
111226149,8897,3304,3475770
111226181,9051,3321,3475771
111226213,9443,3295,3475772
111226245,8905,3275,3475773
111226277,8834,3275,3475774
111226309,9285,3310,3475775
111226341,8975,3284,3475776
111226373,8777,3285,3475777
111226405,8885,3332,3475778
111226437,9089,3304,3475779
111226469,8871,3284,3475780
111226501,8816,3324,3475781
111226533,8985,3134,3475782
111226565,9061,3127,3475783
111226597,8970,3015,3475784
111226629,8793,3199,3475785
111226661,9061,3148,3475786
111226693,9111,3147,3475787
111226725,8848,3177,3475788
111226757,8943,3146,3475789
111226789,9072,3135,3475790
111226821,8829,3127,3475791
111226853,8604,3125,3475792
111226885,9046,3142,3475793
111226917,9004,2979,3475794
111226949,8993,2966,3475795
111226981,8974,3017,3475796
111227013,8795,3000,3475797
111227045,8930,2967,3475798
111227077,8941,2994,3475799
111227109,8868,3001,3475800
111227141,8988,3039,3475801
111227173,9210,3028,3475802
111227205,8907,2972,3475803
111227237,8662,2970,3475804
111227269,8996,3015,3475805
111227301,9013,2976,3475806
111227333,8647,2805,3475807
111227365,8700,2806,3475808
111227397,8975,2804,3475809
111227429,9118,2854,3475810
111227461,8827,2842,3475811
111227493,8817,2839,3475812
111227525,8926,2861,3475813
111227557,8744,2895,3475814
111227589,8730,2857,3475815
111227621,9107,2838,3475816
111227653,9034,2812,3475817
111227685,8839,2830,3475818
111227717,8960,2703,3475819
111227749,8870,2718,3475820
111227781,8908,2692,3475821
111227813,8895,2660,3475822
111227845,8968,2657,3475823
111227877,9205,2746,3475824
111227909,8910,2690,3475825
111227941,8703,2670,3475826
111227973,8788,2653,3475827
111228005,8795,2701,3475828
111228037,8925,2684,3475829
111228069,9026,2689,3475830
111228101,8897,2531,3475831
111228133,8994,2518,3475832
111228165,8828,2505,3475833
111228197,8709,2553,3475834
111228229,8917,2533,3475835
111228261,9160,2494,3475836
111228293,8934,2540,3475837
111228325,8812,2546,3475838
111228357,9020,2570,3475839
111228389,8977,2550,3475840
111228421,8803,2540,3475841
111228453,8788,2528,3475842
111228485,9080,2365,3475843
111228517,8814,2360,3475844
111228549,8737,2394,3475845
111228581,8986,2349,3475846
111228613,8953,2387,3475847
111228645,8701,2416,3475848
111228677,8695,2377,3475849
111228709,8939,2404,3475850
111228741,9063,2416,3475851
111228773,8758,2378,3475852
111228805,8924,2387,3475853
111228837,8921,2410,3475854
111228869,8575,2243,3475855
111228901,8798,2273,3475856
111228933,8849,2225,3475857
111228965,8975,2218,3475858
111228997,8971,2201,3475859
111229029,8758,2304,3475860
111229061,8680,2254,3475861
111229093,8766,2259,3475862
111229125,8862,2235,3475863
111229157,8738,2261,3475864
111229189,8906,2244,3475865
111229221,8996,2248,3475866
111229253,8703,2216,3475867
111229285,8665,2075,3475868
111229317,8809,2106,3475869
111229349,8869,2142,3475870
111229381,8674,2112,3475871
111229413,8661,2102,3475872
111229445,8835,2155,3475873
111229477,8884,2090,3475874
111229509,8655,2108,3475875
111229541,8736,2127,3475876
111229573,8835,2105,3475877
111229605,8741,2056,3475878
111229637,8666,2137,3475879
111229669,8881,1933,3475880
111229701,8780,2012,3475881
111229733,8621,2005,3475882
111229765,8783,2013,3475883
111229797,9008,2013,3475884
111229829,8751,2025,3475885
111229861,8736,1946,3475886
111229893,8847,1967,3475887
111229925,8799,1947,3475888
111229957,8627,1941,3475889
111229989,8575,1971,3475890
111230021,8832,1944,3475891
111230053,8816,1815,3475892
111230085,8697,1782,3475893
111230117,8741,1897,3475894
111230149,8777,1908,3475895
111230181,8658,1827,3475896
111230213,8542,1842,3475897
111230245,8657,1881,3475898
111230277,8767,1844,3475899
111230309,8821,1835,3475900
111230341,8730,1887,3475901
111230373,8596,1884,3475902
111230405,8734,1859,3475903
111230437,8694,1735,3475904
111230469,8596,1760,3475905
111230501,8604,1737,3475906
111230533,8884,1718,3475907
111230565,8802,1701,3475908
111230597,8643,1767,3475909
111230629,8663,1734,3475910
111230661,8759,1723,3475911
111230693,8509,1724,3475912
111230725,8752,1720,3475913
111230757,8778,1700,3475914
111230789,8775,1797,3475915
111230821,8618,1738,3475916
111230853,8654,1605,3475917
111230885,8645,1573,3475918
111230917,8513,1572,3475919
111230949,8616,1648,3475920
111230981,8684,1590,3475921
111231013,8745,1584,3475922
111231045,8665,1611,3475923
111231077,8757,1573,3475924
111231109,8467,1595,3475925
111231141,8552,1607,3475926
111231173,8639,1634,3475927
111231205,8616,1561,3475928
111231237,8741,1431,3475929
111231269,8738,1480,3475930
111231301,8511,1498,3475931
111231333,8555,1464,3475932
111231365,8487,1472,3475933
111231397,8698,1501,3475934
111231429,8759,1486,3475935
111231461,8589,1471,3475936
111231493,8600,1516,3475937
111231525,8582,1488,3475938
111231557,8405,1461,3475939
111231589,8467,1488,3475940
111231621,8770,1345,3475941
111231653,8637,1332,3475942
111231685,8410,1333,3475943
111231717,8807,1353,3475944
111231749,8684,1325,3475945
111231781,8485,1365,3475946
111231813,8533,1356,3475947
111231845,8708,1340,3475948
111231877,8636,1370,3475949
111231909,8727,1367,3475950
111231941,8666,1388,3475951
111231973,8536,1347,3475952
111232005,8580,1234,3475953
111232037,8518,1238,3475954
111232069,8586,1254,3475955
111232101,8568,1242,3475956
111232133,8525,1240,3475957
111232165,8604,1223,3475958
111232197,8608,1242,3475959
111232229,8390,1248,3475960
111232261,8554,1238,3475961
111232293,8656,1238,3475962
111232325,8495,1235,3475963
111232357,8632,1236,3475964
111232389,8519,1104,3475965
111232421,8515,1124,3475966
111232453,8586,1139,3475967
111232485,8544,1201,3475968
111232517,8476,1114,3475969
111232549,8736,1129,3475970
111232581,8594,1177,3475971
111232613,8619,1114,3475972
111232645,8542,1186,3475973
111232677,8554,1173,3475974
111232709,8687,1183,3475975
111232741,8535,1164,3475976
111232773,8528,1174,3475977
111232805,8741,1064,3475978
111232837,8817,1001,3475979
111232869,8449,1073,3475980
111232901,8297,976,3475981
111232933,8705,1078,3475982
111232965,8530,1055,3475983
111232997,8425,1058,3475984
111233029,8526,1056,3475985
111233061,8707,1065,3475986
111233093,8423,1020,3475987
111233125,8226,1024,3475988
111233157,8570,1025,3475989
111233189,8502,924,3475990
111233221,8600,911,3475991
111233253,8508,898,3475992
111233285,8653,941,3475993
111233317,8422,960,3475994
111233349,8333,996,3475995
111233381,8481,940,3475996
111233413,8642,916,3475997
111233445,8511,942,3475998
111233477,8561,964,3475999
111233509,8420,971,3476000
111233541,8504,933,3476001
111233573,8613,806,3476002
111233605,8354,847,3476003
111233637,8339,812,3476004
111233669,8711,834,3476005
111233701,8427,862,3476006
111233733,8265,861,3476007
111233765,8388,837,3476008
111233797,8528,881,3476009
111233829,8310,897,3476010
111233861,8351,899,3476011
111233893,8429,835,3476012
111233925,8747,823,3476013
111233957,8139,776,3476014
111233989,8408,806,3476015
111234021,8606,765,3476016
111234053,8278,819,3476017
111234085,8169,748,3476018
111234117,8551,757,3476019
111234149,8573,778,3476020
111234181,8294,788,3476021
111234213,8467,770,3476022
111234245,8514,746,3476023
111234277,8422,757,3476024
111234309,8335,836,3476025
111234341,8346,662,3476026
111234373,8632,689,3476027
111234405,8491,710,3476028
111234437,8063,669,3476029
111234469,8384,690,3476030
111234501,8528,734,3476031
111234533,8511,702,3476032
111234565,8337,655,3476033
111234597,8495,722,3476034
111234629,8468,613,3476035
111234661,8468,730,3476036
111234693,8252,672,3476037
111234725,8290,654,3476038
111234757,8697,573,3476039
111234789,8414,580,3476040
111234821,8309,612,3476041
111234853,8466,623,3476042
111234885,8405,602,3476043
111234917,8182,596,3476044
111234949,8244,584,3476045
111234981,8547,601,3476046
111235013,8334,584,3476047
111235045,8343,646,3476048
111235077,8491,624,3476049
111235109,8587,554,3476050
111235141,8237,536,3476051
111235173,8144,545,3476052
111235205,8407,477,3476053
111235237,8479,491,3476054
111235269,8266,548,3476055
111235301,8257,544,3476056
111235333,8501,541,3476057
111235365,8167,574,3476058
111235397,8155,499,3476059
111235429,8389,484,3476060
111235461,8447,552,3476061
111235493,8304,512,3476062
111235525,8242,451,3476063
111235557,8269,468,3476064
111235589,8238,448,3476065
111235621,8421,464,3476066
111235653,8185,443,3476067
111235685,8385,505,3476068
111235717,8486,475,3476069
111235749,8276,389,3476070
111235781,8131,420,3476071
111235813,8386,450,3476072
111235845,8473,415,3476073
111235877,8208,426,3476074
111235909,8264,418,3476075
111235941,8304,437,3476076
111235973,8410,417,3476077
111236005,8077,419,3476078
111236037,8183,417,3476079
111236069,8435,380,3476080
111236101,8344,361,3476081
111236133,8184,430,3476082
111236165,8468,392,3476083
111236197,8335,363,3476084
111236229,8061,375,3476085
111236261,8112,419,3476086
111236293,8364,381,3476087
111236325,8186,317,3476088
111236357,8101,294,3476089
111236389,8255,346,3476090
111236421,8346,325,3476091
111236453,8264,290,3476092
111236485,8072,367,3476093
111236517,8184,365,3476094
111236549,8382,366,3476095
111236581,8403,347,3476096
111236613,8318,350,3476097
111236645,8214,328,3476098
111236677,8127,293,3476099
111236709,8229,354,3476100
111236741,8195,351,3476101
111236773,8255,331,3476102
111236805,8442,329,3476103
111236837,8189,359,3476104
111236869,8236,374,3476105
111236901,8268,358,3476106
111236933,8268,332,3476107
111236965,7990,368,3476108
111236997,8306,371,3476109
111237029,8336,380,3476110
111237061,8216,332,3476111
111237093,8026,380,3476112
111237125,8219,344,3476113
111237157,8350,343,3476114
111237189,8114,386,3476115
111237221,8190,373,3476116
111237253,8272,360,3476117
111237285,8372,291,3476118
111237317,8098,311,3476119
111237349,8005,326,3476120
111237381,8299,323,3476121
111237413,8030,344,3476122
111237445,8030,331,3476123
111237477,8273,381,3476124
111237509,8293,289,3476125
111237541,8076,361,3476126
111237573,7995,388,3476127
111237605,8096,375,3476128
111237637,8235,341,3476129
111237669,8202,367,3476130
111237701,8155,270,3476131
111237733,8235,298,3476132
111237765,8077,321,3476133
111237797,8049,332,3476134
111237829,8131,316,3476135
111237861,8235,298,3476136
111237893,8217,383,3476137
111237925,8183,313,3476138
111237957,8092,352,3476139
111237989,8147,363,3476140
111238021,8255,371,3476141
111238053,8059,350,3476142
111238085,8093,319,3476143
111238117,8268,367,3476144
111238149,8158,389,3476145
111238181,7912,397,3476146
111238213,8340,306,3476147
111238245,8341,331,3476148
111238277,7870,295,3476149
111238309,8060,300,3476150
111238341,8298,280,3476151
111238373,8284,264,3476152
111238405,8142,280,3476153
111238437,8047,356,3476154
111238469,8213,330,3476155
111238501,8089,286,3476156
111238533,7962,343,3476157
111238565,8146,297,3476158
111238597,8242,351,3476159
111238629,8080,355,3476160
111238661,8063,342,3476161
111238693,8168,303,3476162
111238725,8010,328,3476163
111238757,7958,363,3476164
111238789,8034,350,3476165
111238821,8192,295,3476166
111238853,8124,351,3476167
111238885,7951,317,3476168
111238917,7795,352,3476169
111238949,8102,328,3476170
111238981,8157,312,3476171
111239013,8127,324,3476172
111239045,8083,359,3476173
111239077,8150,329,3476174
111239109,7986,335,3476175
111239141,7927,317,3476176
111239173,7923,338,3476177
111239205,8014,308,3476178
111239237,8099,361,3476179
111239269,7981,335,3476180
111239301,8117,330,3476181
111239333,8176,304,3476182
111239365,8019,321,3476183
111239397,7834,393,3476184
111239429,8200,301,3476185
111239461,7895,300,3476186
111239493,7998,370,3476187
111239525,8092,330,3476188
111239557,8197,370,3476189
111239589,8023,292,3476190
111239621,7833,316,3476191
111239653,7954,341,3476192
111239685,8114,293,3476193
111239717,7999,316,3476194
111239749,7951,311,3476195
111239781,8080,350,3476196
111239813,7879,309,3476197
111239845,7731,357,3476198
111239877,8003,289,3476199
111239909,8068,338,3476200
111239941,8149,312,3476201
111239973,7952,362,3476202
111240005,7959,308,3476203
111240037,8014,398,3476204
111240069,7844,377,3476205
111240101,7858,310,3476206
111240133,7951,346,3476207
111240165,8131,285,3476208
111240197,7985,340,3476209
111240229,7752,295,3476210
111240261,8048,285,3476211
111240293,8101,293,3476212
111240325,7894,352,3476213
111240357,7916,308,3476214
111240389,8113,314,3476215
111240421,8200,338,3476216
111240453,7777,355,3476217
111240485,7838,298,3476218
111240517,7993,309,3476219
111240549,7832,370,3476220
111240581,7823,311,3476221
111240613,8083,399,3476222
111240645,7913,385,3476223
111240677,7643,283,3476224
111240709,7841,351,3476225
111240741,7874,253,3476226
111240773,7885,288,3476227
111240805,7840,284,3476228
111240837,7868,388,3476229
111240869,7953,358,3476230
111240901,8051,301,3476231
111240933,7896,290,3476232
111240965,7901,331,3476233
111240997,7930,346,3476234
111241029,8017,395,3476235
111241061,8055,356,3476236
111241093,7909,315,3476237
111241125,7941,345,3476238
111241157,7832,364,3476239
111241189,7903,285,3476240
111241221,7782,381,3476241
111241253,7873,349,3476242
111241285,7867,338,3476243
111241317,7788,395,3476244
111241349,7867,310,3476245
111241381,7885,279,3476246
111241413,7686,300,3476247
111241445,7782,302,3476248
111241477,8124,248,3476249
111241509,7903,304,3476250
111241541,7783,314,3476251
111241573,8068,376,3476252
111241605,7875,331,3476253
111241637,7728,348,3476254
111241669,7673,385,3476255
111241701,7895,262,3476256
111241733,7950,375,3476257
111241765,7770,344,3476258
111241797,7819,345,3476259
111241829,7984,339,3476260
111241861,7592,297,3476261
111241893,7715,282,3476262
111241925,7950,305,3476263
111241957,8000,339,3476264
111241989,7874,361,3476265
111242021,7939,342,3476266
111242053,7716,301,3476267
111242085,7767,291,3476268
111242117,7966,354,3476269
111242149,7882,275,3476270
111242181,7922,298,3476271
111242213,7940,411,3476272
111242245,7865,349,3476273
111242277,7576,268,3476274
111242309,7816,292,3476275
111242341,7778,298,3476276
111242373,7833,341,3476277
111242405,7848,367,3476278
111242437,7912,390,3476279
111242469,7826,316,3476280
111242501,7737,348,3476281
111242533,7608,329,3476282
111242565,8042,330,3476283
111242597,7898,342,3476284
111242629,7718,307,3476285
111242661,7754,309,3476286
111242693,7919,308,3476287
111242725,7713,304,3476288
111242757,7612,371,3476289
111242789,7814,311,3476290
111242821,7822,304,3476291
111242853,7740,335,3476292
111242885,7685,376,3476293
111242917,7872,315,3476294
111242949,7839,276,3476295
111242981,7531,319,3476296
111243013,7680,326,3476297
111243045,7945,305,3476298
111243077,7671,322,3476299
111243109,7570,286,3476300
111243141,7752,311,3476301
111243173,7657,291,3476302
111243205,7727,410,3476303
111243237,7661,355,3476304
111243269,7756,311,3476305
111243301,8001,304,3476306
111243333,7754,330,3476307
111243365,7581,270,3476308
111243397,7625,288,3476309
111243429,7833,351,3476310
111243461,7577,348,3476311
111243493,7638,309,3476312
111243525,7992,322,3476313
111243557,7786,319,3476314
111243589,7556,374,3476315
111243621,7616,317,3476316
111243653,7789,301,3476317
111243685,7569,342,3476318
111243717,7595,382,3476319
111243749,7780,341,3476320
111243781,7955,298,3476321
111243813,7639,313,3476322
111243845,7507,317,3476323
111243877,7760,253,3476324
111243909,7625,323,3476325
111243941,7639,397,3476326
111243973,7783,321,3476327
111244005,7963,350,3476328
111244037,7613,306,3476329
111244069,7516,376,3476330
111244101,7508,309,3476331
111244133,7829,320,3476332
111244165,7639,367,3476333
111244197,7658,340,3476334
111244229,7763,352,3476335
111244261,7769,378,3476336
111244293,7483,310,3476337
111244325,7566,356,3476338
111244357,7717,287,3476339
111244389,7916,308,3476340
111244421,7636,290,3476341
111244453,7436,314,3476342
111244485,7755,353,3476343
111244517,7815,301,3476344
111244549,7569,304,3476345
111244581,7374,354,3476346
111244613,7982,351,3476347
111244645,7783,297,3476348
111244677,7536,372,3476349
111244709,7744,334,3476350
111244741,7817,337,3476351
111244773,7568,292,3476352
111244805,7525,302,3476353
111244837,7605,309,3476354
111244869,7755,348,3476355
111244901,7446,369,3476356
111244933,7665,376,3476357
111244965,7772,237,3476358
111244997,7630,317,3476359
111245029,7550,301,3476360
111245061,7521,316,3476361
111245093,7804,290,3476362
111245125,7490,350,3476363
111245157,7645,335,3476364
111245189,7652,296,3476365
111245221,7624,303,3476366
111245253,7601,272,3476367
111245285,7668,356,3476368
111245317,7720,307,3476369
111245349,7882,311,3476370
111245381,7621,324,3476371
111245413,7307,297,3476372
111245445,7610,311,3476373
111245477,7579,372,3476374
111245509,7672,349,3476375
111245541,7791,274,3476376
111245573,7629,333,3476377
111245605,7552,328,3476378
111245637,7384,346,3476379
111245669,7420,254,3476380
111245701,7664,345,3476381
111245733,7624,331,3476382
111245765,7436,320,3476383
111245797,7523,354,3476384
111245829,7687,300,3476385
111245861,7546,342,3476386
111245893,7355,339,3476387
111245925,7729,376,3476388
111245957,7563,330,3476389
111245989,7342,320,3476390
111246021,7703,269,3476391
111246053,7788,298,3476392
111246085,7497,386,3476393
111246117,7318,348,3476394
111246149,7526,348,3476395
111246181,7638,383,3476396
111246213,7559,393,3476397
111246245,7474,449,3476398
111246277,7755,413,3476399
111246309,7521,346,3476400
111246341,7330,390,3476401
111246373,7445,377,3476402
111246405,7597,396,3476403
111246437,7647,411,3476404
111246469,7592,488,3476405
111246501,7432,453,3476406
111246533,7364,410,3476407
111246565,7518,418,3476408
111246597,7414,392,3476409
111246629,7468,427,3476410
111246661,7554,469,3476411
111246693,7504,403,3476412
111246725,7206,502,3476413
111246757,7542,474,3476414
111246789,7703,507,3476415
111246821,7436,463,3476416
111246853,7512,569,3476417
111246885,7597,569,3476418
111246917,7550,554,3476419
111246949,7279,518,3476420
111246981,7293,612,3476421
111247013,7548,499,3476422
111247045,7498,548,3476423
111247077,7280,544,3476424
111247109,7616,501,3476425
111247141,7712,564,3476426
111247173,7282,515,3476427
111247205,7380,486,3476428
111247237,7560,648,3476429
111247269,7491,602,3476430
111247301,7480,614,3476431
111247333,7524,556,3476432
111247365,7507,580,3476433
111247397,7516,614,3476434
111247429,7333,597,3476435
111247461,7318,609,3476436
111247493,7502,613,3476437
111247525,7477,622,3476438
111247557,7410,608,3476439
111247589,7457,640,3476440
111247621,7344,741,3476441
111247653,7243,670,3476442
111247685,7262,738,3476443
111247717,7366,709,3476444
111247749,7714,675,3476445
111247781,7506,708,3476446
111247813,7323,748,3476447
111247845,7418,691,3476448
111247877,7564,677,3476449
111247909,7258,636,3476450
111247941,7274,698,3476451
111247973,7434,667,3476452
111248005,7387,722,3476453
111248037,7337,810,3476454
111248069,7685,756,3476455
111248101,7449,752,3476456
111248133,7411,736,3476457
111248165,7242,744,3476458
111248197,7450,782,3476459
111248229,7571,804,3476460
111248261,7471,731,3476461
111248293,7367,786,3476462
111248325,7518,745,3476463
111248357,7402,747,3476464
111248389,7259,794,3476465
111248421,7529,796,3476466
111248453,7560,888,3476467
111248485,7489,860,3476468
111248517,7427,820,3476469
111248549,7318,846,3476470
111248581,7389,860,3476471
111248613,7456,883,3476472
111248645,7399,841,3476473
111248677,7417,843,3476474
111248709,7457,840,3476475
111248741,7280,858,3476476
111248773,7124,860,3476477
111248805,7424,922,3476478
111248837,7373,978,3476479
111248869,7370,900,3476480
111248901,7394,975,3476481
111248933,7322,985,3476482
111248965,7386,920,3476483
111248997,7221,954,3476484
111249029,7277,961,3476485
111249061,7415,957,3476486
111249093,7620,897,3476487
111249125,7193,942,3476488
111249157,7463,938,3476489
111249189,7403,1102,3476490
111249221,7239,1081,3476491
111249253,7030,1103,3476492
111249285,7436,1009,3476493
111249317,7462,1067,3476494
111249349,7086,1112,3476495
111249381,7339,1030,3476496
111249413,7396,973,3476497
111249445,7262,1106,3476498
111249477,6968,1024,3476499
111249509,7274,1072,3476500
111249541,7475,981,3476501
111249573,7388,1183,3476502
111249605,7398,1103,3476503
111249637,7442,1203,3476504
111249669,7245,1144,3476505
111249701,7234,1118,3476506
111249733,7221,1108,3476507
111249765,7484,1119,3476508
111249797,7451,1123,3476509
111249829,7417,1149,3476510
111249861,6930,1120,3476511
111249893,7323,1164,3476512
111249925,7447,1182,3476513
111249957,7340,1094,3476514
111249989,7165,1264,3476515
111250021,7489,1267,3476516
111250053,7369,1221,3476517
111250085,6972,1299,3476518
111250117,7218,1270,3476519
111250149,7433,1275,3476520
111250181,7261,1320,3476521
111250213,7175,1270,3476522
111250245,7420,1271,3476523
111250277,7491,1254,3476524
111250309,7240,1243,3476525
111250341,7047,1249,3476526
111250373,7429,1349,3476527
111250405,7480,1358,3476528
111250437,7117,1354,3476529
111250469,7303,1366,3476530
111250501,7441,1360,3476531
111250533,7442,1315,3476532
111250565,7133,1323,3476533
111250597,7105,1393,3476534
111250629,7376,1372,3476535
111250661,7336,1371,3476536
111250693,7290,1372,3476537
111250725,7262,1395,3476538
111250757,7281,1489,3476539
111250789,7217,1488,3476540
111250821,7242,1488,3476541
111250853,7105,1507,3476542
111250885,7361,1473,3476543
111250917,7292,1426,3476544
111250949,7153,1526,3476545
111250981,7210,1468,3476546
111251013,7198,1455,3476547
111251045,7177,1458,3476548
111251077,7122,1492,3476549
111251109,7296,1427,3476550
111251141,7342,1581,3476551
111251173,7066,1573,3476552
111251205,7256,1608,3476553
111251237,7299,1610,3476554
111251269,7020,1565,3476555
111251301,7237,1637,3476556
111251333,7375,1569,3476557
111251365,7318,1612,3476558
111251397,7088,1641,3476559
111251429,7047,1585,3476560
111251461,7018,1603,3476561
111251493,7100,1609,3476562
111251525,7074,1705,3476563
111251557,7084,1736,3476564
111251589,7324,1755,3476565
111251621,7078,1734,3476566
111251653,7020,1677,3476567
111251685,7115,1707,3476568
111251717,7002,1706,3476569
111251749,7241,1746,3476570
111251781,7201,1683,3476571
111251813,7280,1725,3476572
111251845,7155,1717,3476573
111251877,7220,1694,3476574
111251909,6991,1712,3476575
111251941,7096,1881,3476576
111251973,7384,1852,3476577
111252005,7215,1834,3476578
111252037,7208,1848,3476579
111252069,7279,1820,3476580
111252101,7178,1800,3476581
111252133,7030,1821,3476582
111252165,7092,1887,3476583
111252197,7360,1861,3476584
111252229,7273,1904,3476585
111252261,7167,1882,3476586
111252293,7075,1845,3476587
111252325,7203,1961,3476588
111252357,7071,1958,3476589
111252389,6963,2001,3476590
111252421,7325,1964,3476591
111252453,7090,1914,3476592
111252485,7078,1941,3476593
111252517,7176,1980,3476594
111252549,7124,1959,3476595
111252581,7064,1968,3476596
111252613,7052,1990,3476597
111252645,7142,1912,3476598
111252677,7117,1958,3476599
111252709,7230,2096,3476600
111252741,7172,2136,3476601
111252773,7082,2167,3476602
111252805,7168,2121,3476603
111252837,7025,2182,3476604
111252869,7097,2129,3476605
111252901,7298,2132,3476606
111252933,7225,2145,3476607
111252965,7192,2053,3476608
111252997,7078,2073,3476609
111253029,6981,2086,3476610
111253061,7041,2108,3476611
111253093,6958,2215,3476612
111253125,7114,2266,3476613
111253157,7250,2262,3476614
111253189,7258,2273,3476615
111253221,6935,2275,3476616
111253253,7068,2256,3476617
111253285,7313,2275,3476618
111253317,7034,2253,3476619
111253349,7075,2291,3476620
111253381,7303,2278,3476621
111253413,7239,2288,3476622
111253445,6962,2268,3476623
111253477,7003,2313,3476624
111253509,7141,2347,3476625
111253541,7241,2352,3476626
111253573,7077,2409,3476627
111253605,7152,2395,3476628
111253637,7443,2441,3476629
111253669,6968,2376,3476630
111253701,6886,2379,3476631
111253733,7230,2403,3476632
111253765,7071,2352,3476633
111253797,7106,2412,3476634
111253829,7164,2354,3476635
111253861,7071,2407,3476636
111253893,7233,2541,3476637
111253925,6868,2545,3476638
111253957,6944,2541,3476639
111253989,7086,2516,3476640
111254021,7219,2551,3476641
111254053,7100,2562,3476642
111254085,7039,2527,3476643
111254117,6990,2590,3476644
111254149,7122,2507,3476645
111254181,6874,2539,3476646
111254213,6892,2556,3476647
111254245,7246,2484,3476648
111254277,7152,2723,3476649
111254309,6838,2642,3476650
111254341,6950,2699,3476651
111254373,7201,2634,3476652
111254405,7058,2737,3476653
111254437,6872,2673,3476654
111254469,7175,2657,3476655
111254501,7203,2636,3476656
111254533,6731,2679,3476657
111254565,7083,2702,3476658
111254597,7285,2662,3476659
111254629,7101,2702,3476660
111254661,6800,2810,3476661
111254693,7074,2833,3476662
111254725,7346,2848,3476663
111254757,7124,2823,3476664
111254789,6927,2819,3476665
111254821,7096,2790,3476666
111254853,7046,2863,3476667
111254885,6762,2867,3476668
111254917,7060,2791,3476669
111254949,7226,2883,3476670
111254981,7069,2812,3476671
111255013,6944,2827,3476672
111255045,6837,3012,3476673
111255077,6908,3005,3476674
111255109,7003,3006,3476675
111255141,7133,2994,3476676
111255173,7048,2976,3476677
111255205,7106,2977,3476678
111255237,7056,3010,3476679
111255269,6786,2949,3476680
111255301,7010,2972,3476681
111255333,7206,3012,3476682
111255365,7034,3024,3476683
111255397,7069,2999,3476684
111255429,7071,3031,3476685
111255461,7106,3152,3476686
111255493,6964,3113,3476687
111255525,6868,3159,3476688
111255557,7171,3103,3476689
111255589,7176,3129,3476690
111255621,6896,3191,3476691
111255653,7013,3111,3476692
111255685,7214,3146,3476693
111255717,6920,3185,3476694
111255749,6766,3107,3476695
111255781,7130,3116,3476696
111255813,7099,3105,3476697
111255845,6927,3318,3476698
111255877,6971,3342,3476699
111255909,7061,3324,3476700
111255941,6980,3306,3476701
111255973,6823,3274,3476702
111256005,7030,3321,3476703
111256037,7206,3355,3476704
111256069,7030,3346,3476705
111256101,6872,3298,3476706
111256133,7086,3274,3476707
111256165,6972,3265,3476708
111256197,6905,3310,3476709
111256229,6908,3494,3476710
111256261,7074,3466,3476711
111256293,7130,3465,3476712
111256325,7052,3462,3476713
111256357,6859,3427,3476714
111256389,6911,3435,3476715
111256421,7216,3485,3476716
111256453,6881,3445,3476717
111256485,6875,3466,3476718
111256517,7096,3463,3476719
111256549,7055,3531,3476720
111256581,6686,3507,3476721
111256613,6989,3657,3476722
111256645,7163,3632,3476723
111256677,7088,3632,3476724
111256709,6809,3640,3476725
111256741,6972,3686,3476726
111256773,7147,3622,3476727
111256805,6916,3672,3476728
111256837,6810,3676,3476729
111256869,7050,3593,3476730
111256901,7077,3619,3476731
111256933,6762,3616,3476732
111256965,7003,3630,3476733
111256997,7129,3808,3476734
111257029,6944,3871,3476735
111257061,6764,3794,3476736
111257093,7016,3794,3476737
111257125,7047,3768,3476738
111257157,6894,3827,3476739
111257189,6948,3794,3476740
111257221,6985,3829,3476741
111257253,7036,3845,3476742
111257285,6903,3840,3476743
111257317,6888,3797,3476744
111257349,6896,3818,3476745
111257381,7049,3813,3476746
111257413,7116,3986,3476747
111257445,6966,3933,3476748
111257477,6968,3913,3476749
111257509,6926,3991,3476750
111257541,6925,3966,3476751
111257573,6951,3986,3476752
111257605,7205,3991,3476753
111257637,7125,3990,3476754
111257669,6912,3941,3476755
111257701,6883,4004,3476756
111257733,7019,3982,3476757
111257765,6925,3966,3476758
111257797,6866,4199,3476759
111257829,7140,4141,3476760
111257861,7231,4155,3476761
111257893,6858,4128,3476762
111257925,6967,4173,3476763
111257957,6945,4103,3476764
111257989,7100,4168,3476765
111258021,6726,4199,3476766
111258053,6855,4090,3476767
111258085,7227,4153,3476768
111258117,6932,4167,3476769
111258149,6798,4195,3476770
111258181,6946,4290,3476771
111258213,6874,4286,3476772
111258245,6801,4332,3476773
111258277,7030,4365,3476774
111258309,7061,4331,3476775
111258341,6924,4321,3476776
111258373,6996,4394,3476777
111258405,6740,4322,3476778
111258437,6822,4330,3476779
111258469,7023,4307,3476780
111258501,7028,4329,3476781
111258533,6986,4360,3476782
111258565,6991,4508,3476783
111258597,6790,4528,3476784
111258629,6643,4519,3476785
111258661,6931,4564,3476786
111258693,7011,4531,3476787
111258725,7055,4484,3476788
111258757,6848,4483,3476789
111258789,6689,4498,3476790
111258821,7125,4488,3476791
111258853,6852,4445,3476792
111258885,6744,4466,3476793
111258917,7081,4538,3476794
111258949,6968,4680,3476795
111258981,6810,4760,3476796
111259013,6964,4712,3476797
111259045,6991,4677,3476798
111259077,6838,4706,3476799
111259109,6760,4708,3476800
111259141,6845,4640,3476801
111259173,6920,4739,3476802
111259205,7087,4653,3476803
111259237,6770,4702,3476804
111259269,6984,4754,3476805
111259301,6902,4686,3476806
111259333,6851,4739,3476807
111259365,6879,4839,3476808
111259397,6844,4859,3476809
111259429,7034,4868,3476810
111259461,6783,4932,3476811
111259493,6830,4876,3476812
111259525,6684,4872,3476813
111259557,6888,4881,3476814
111259589,6882,4934,3476815
111259621,6991,4866,3476816
111259653,7047,4884,3476817
111259685,7021,4879,3476818
111259717,6729,4894,3476819
111259749,6759,5038,3476820
111259781,6883,5089,3476821
111259813,6901,5065,3476822
111259845,6741,5094,3476823
111259877,7002,5051,3476824
111259909,7051,5067,3476825
111259941,6854,5068,3476826
111259973,6774,5002,3476827
111260005,6933,5080,3476828
111260037,6995,5038,3476829
111260069,6806,5091,3476830
111260101,6966,5054,3476831
111260133,7132,5307,3476832
111260165,6842,5219,3476833
111260197,6734,5263,3476834
111260229,6871,5257,3476835
111260261,7040,5272,3476836
111260293,6870,5252,3476837
111260325,6981,5289,3476838
111260357,6997,5270,3476839
111260389,6796,5241,3476840
111260421,6828,5244,3476841
111260453,6784,5229,3476842
111260485,6927,5227,3476843
111260517,6989,5418,3476844
111260549,6797,5490,3476845
111260581,6953,5439,3476846
111260613,6806,5451,3476847
111260645,6880,5398,3476848
111260677,6894,5435,3476849
111260709,6860,5402,3476850
111260741,7053,5474,3476851
111260773,6879,5426,3476852
111260805,6917,5431,3476853
111260837,6835,5455,3476854
111260869,6897,5453,3476855
111260901,6855,5625,3476856
111260933,6903,5635,3476857
111260965,7097,5618,3476858
111260997,7097,5623,3476859
111261029,6855,5586,3476860
111261061,6945,5689,3476861
111261093,7045,5597,3476862
111261125,6786,5608,3476863
111261157,6853,5595,3476864
111261189,6805,5658,3476865
111261221,7029,5578,3476866
111261253,6875,5630,3476867
111261285,6655,5628,3476868
111261317,6776,5801,3476869
111261349,7024,5770,3476870
111261381,6748,5809,3476871
111261413,6752,5818,3476872
111261445,7049,5872,3476873
111261477,6983,5852,3476874
111261509,6873,5787,3476875
111261541,6744,5824,3476876
111261573,6740,5858,3476877
111261605,6896,5790,3476878
111261637,6933,5821,3476879
111261669,6939,5812,3476880
111261701,6847,6039,3476881
111261733,7000,6032,3476882
111261765,6612,5960,3476883
111261797,6800,6020,3476884
111261829,7073,6029,3476885
111261861,7086,6002,3476886
111261893,6793,6048,3476887
111261925,6908,6022,3476888
111261957,6797,6013,3476889
111261989,6731,5976,3476890
111262021,6697,6044,3476891
111262053,6867,6021,3476892
111262085,6979,6185,3476893
111262117,6754,6212,3476894
111262149,6888,6184,3476895
111262181,6886,6224,3476896
111262213,6801,6182,3476897
111262245,6694,6242,3476898
111262277,7016,6175,3476899
111262309,6951,6219,3476900
111262341,6877,6226,3476901
111262373,6821,6230,3476902
111262405,6855,6249,3476903
111262437,6741,6191,3476904
111262469,6723,6445,3476905
111262501,6853,6416,3476906
111262533,6988,6381,3476907
111262565,7041,6481,3476908
111262597,6766,6375,3476909
111262629,6822,6405,3476910
111262661,6791,6396,3476911
111262693,6882,6406,3476912
111262725,6921,6440,3476913
111262757,7007,6412,3476914
111262789,6900,6408,3476915
111262821,6895,6390,3476916
111262853,6760,6613,3476917
111262885,6647,6592,3476918
111262917,6905,6643,3476919
111262949,6834,6573,3476920
111262981,6775,6625,3476921
111263013,6907,6589,3476922
111263045,6968,6607,3476923
111263077,6719,6626,3476924
111263109,6890,6579,3476925
111263141,6884,6586,3476926
111263173,6880,6586,3476927
111263205,6871,6580,3476928
111263237,6869,6605,3476929
111263269,7006,6829,3476930
111263301,6741,6828,3476931
111263333,6763,6813,3476932
111263365,6832,6828,3476933
111263397,7028,6797,3476934
111263429,6702,6835,3476935
111263461,6855,6785,3476936
111263493,7076,6770,3476937
111263525,6948,6839,3476938
111263557,6711,6818,3476939
111263589,6837,6801,3476940
111263621,6860,6823,3476941
111263653,6949,7042,3476942
111263685,6924,7036,3476943
111263717,6773,7012,3476944
111263749,6957,6983,3476945
111263781,6718,7028,3476946
111263813,6799,6996,3476947
111263845,6838,7007,3476948
111263877,7034,7002,3476949
111263909,6892,7004,3476950
111263941,6839,7040,3476951
111263973,6826,7024,3476952
111264005,6855,7023,3476953
111264037,6844,7248,3476954
111264069,6866,7217,3476955
111264101,6945,7191,3476956
111264133,6957,7209,3476957
111264165,6779,7231,3476958
111264197,6812,7245,3476959
111264229,7002,7202,3476960
111264261,6736,7231,3476961
111264293,6689,7211,3476962
111264325,7011,7272,3476963
111264357,7213,7230,3476964
111264389,6808,7160,3476965
111264421,6710,7436,3476966
111264453,6987,7384,3476967
111264485,7017,7443,3476968
111264517,6809,7377,3476969
111264549,6890,7426,3476970
111264581,7170,7462,3476971
111264613,6988,7419,3476972
111264645,6831,7447,3476973
111264677,6949,7364,3476974
111264709,6987,7402,3476975
111264741,6913,7430,3476976
111264773,6838,7417,3476977
111264805,7017,7380,3476978
111264837,7032,7634,3476979
111264869,6929,7588,3476980
111264901,6636,7601,3476981
111264933,6762,7622,3476982
111264965,7030,7604,3476983
111264997,7045,7560,3476984
111265029,6835,7644,3476985
111265061,6932,7609,3476986
111265093,7008,7558,3476987
111265125,6619,7647,3476988
111265157,6711,7581,3476989
111265189,7070,7622,3476990
111265221,7113,7816,3476991
111265253,6746,7787,3476992
111265285,6880,7794,3476993
111265317,6913,7843,3476994
111265349,6838,7794,3476995
111265381,6599,7794,3476996
111265413,7015,7816,3476997
111265445,7086,7802,3476998
111265477,6814,7764,3476999
111265509,6728,7856,3477000
111265541,7119,7874,3477001
111265573,6848,7827,3477002
111265605,6562,8021,3477003
111265637,6949,7985,3477004
111265669,7076,7986,3477005
111265701,7004,8032,3477006
111265733,6780,8019,3477007
111265765,6893,8000,3477008
111265797,6917,8029,3477009
111265829,6744,8002,3477010
111265861,6791,7993,3477011
111265893,7119,8020,3477012
111265925,6984,7999,3477013
111265957,6864,7972,3477014
111265989,6881,8233,3477015
111266021,6762,8185,3477016
111266053,6960,8181,3477017
111266085,6862,8182,3477018
111266117,6875,8222,3477019
111266149,7008,8224,3477020
111266181,6976,8183,3477021
111266213,6829,8224,3477022
111266245,6703,8238,3477023
111266277,6972,8188,3477024
111266309,7029,8217,3477025
111266341,6785,8226,3477026
111266373,6995,8372,3477027
111266405,7060,8396,3477028
111266437,6727,8417,3477029
111266469,6769,8442,3477030
111266501,6998,8403,3477031
111266533,7085,8422,3477032
111266565,6852,8469,3477033
111266597,6927,8399,3477034
111266629,7145,8370,3477035
111266661,6940,8387,3477036
111266693,6762,8360,3477037
111266725,6982,8450,3477038
111266757,7043,8419,3477039
111266789,6801,8626,3477040
111266821,6874,8612,3477041
111266853,7020,8627,3477042
111266885,6978,8611,3477043
111266917,6757,8620,3477044
111266949,6828,8598,3477045
111266981,7065,8665,3477046
111267013,7033,8612,3477047
111267045,6818,8620,3477048
111267077,6849,8631,3477049
111267109,7056,8624,3477050
111267141,6938,8589,3477051
111267173,6742,8799,3477052
111267205,6922,8838,3477053
111267237,7143,8828,3477054
111267269,6955,8815,3477055
111267301,6814,8888,3477056
111267333,6781,8815,3477057
111267365,7030,8755,3477058
111267397,6848,8840,3477059
111267429,6728,8873,3477060
111267461,7046,8805,3477061
111267493,7040,8767,3477062
111267525,6732,8829,3477063
111267557,6733,8987,3477064
111267589,7101,9052,3477065
111267621,6981,9063,3477066
111267653,6832,9010,3477067
111267685,6932,9011,3477068
111267717,6960,9076,3477069
111267749,6957,9066,3477070
111267781,6732,9044,3477071
111267813,7083,9027,3477072
111267845,7142,8987,3477073
111267877,6871,9025,3477074
111267909,6883,9066,3477075
111267941,7223,9200,3477076
111267973,7006,9189,3477077
111268005,6905,9190,3477078
111268037,6996,9185,3477079
111268069,6886,9243,3477080
111268101,7003,9217,3477081
111268133,6927,9183,3477082
111268165,7017,9239,3477083
111268197,6858,9289,3477084
111268229,7014,9262,3477085
111268261,6875,9257,3477086
111268293,6894,9263,3477087
111268325,7157,9468,3477088
111268357,6978,9404,3477089
111268389,6919,9464,3477090
111268421,7012,9425,3477091
111268453,7029,9422,3477092
111268485,6858,9448,3477093
111268517,6605,9430,3477094
111268549,7088,9466,3477095
111268581,7211,9403,3477096
111268613,6858,9428,3477097
111268645,6742,9388,3477098
111268677,7076,9429,3477099
111268709,7038,9460,3477100
111268741,6665,9612,3477101
111268773,7044,9638,3477102
111268805,7119,9593,3477103
111268837,6964,9606,3477104
111268869,6912,9585,3477105
111268901,7054,9590,3477106
111268933,6900,9582,3477107
111268965,6931,9584,3477108
111268997,6964,9593,3477109
111269029,7118,9598,3477110
111269061,7054,9606,3477111
111269093,6845,9601,3477112
111269125,7006,9826,3477113
111269157,6871,9835,3477114
111269189,6816,9803,3477115
111269221,6956,9824,3477116
111269253,7093,9823,3477117
111269285,7076,9837,3477118
111269317,6934,9866,3477119
111269349,6965,9872,3477120
111269381,6949,9822,3477121
111269413,6981,9853,3477122
111269445,6998,9818,3477123
111269477,7032,9759,3477124
111269509,7127,10039,3477125
111269541,7206,10024,3477126
111269573,6912,10023,3477127
111269605,6791,9992,3477128
111269637,7041,10000,3477129
111269669,7046,10010,3477130
111269701,6838,10024,3477131
111269733,7057,9990,3477132
111269765,7318,10048,3477133
111269797,6904,10039,3477134
111269829,6708,10007,3477135
111269861,7099,10001,3477136
111269893,7242,10140,3477137
111269925,6931,10218,3477138
111269957,6949,10191,3477139
111269989,7245,10228,3477140
111270021,6967,10226,3477141
111270053,6806,10202,3477142
111270085,7042,10224,3477143
111270117,7000,10211,3477144
111270149,7037,10181,3477145
111270181,7008,10160,3477146
111270213,7022,10194,3477147
111270245,6970,10192,3477148
111270277,7056,10442,3477149
111270309,6886,10378,3477150
111270341,6957,10406,3477151
111270373,7233,10423,3477152
111270405,7069,10390,3477153
111270437,6916,10376,3477154
111270469,6948,10416,3477155
111270501,6897,10441,3477156
111270533,7030,10461,3477157
111270565,6898,10424,3477158
111270597,7139,10396,3477159
111270629,7235,10448,3477160
111270661,6934,10416,3477161
111270693,6740,10604,3477162
111270725,7125,10581,3477163
111270757,6971,10570,3477164
111270789,6836,10590,3477165
111270821,7235,10619,3477166
111270853,7237,10576,3477167
111270885,6979,10632,3477168
111270917,6978,10625,3477169
111270949,7088,10608,3477170
111270981,7122,10619,3477171
111271013,6945,10630,3477172
111271045,7001,10606,3477173
111271077,7126,10755,3477174
111271109,7068,10846,3477175
111271141,6897,10795,3477176
111271173,6978,10848,3477177
111271205,7118,10810,3477178
111271237,6903,10776,3477179
111271269,7004,10805,3477180
111271301,7198,10890,3477181
111271333,6933,10783,3477182
111271365,6927,10787,3477183
111271397,6957,10804,3477184
111271429,6960,10750,3477185
111271461,7210,10992,3477186
111271493,7201,10941,3477187
111271525,6965,10941,3477188
111271557,7087,10961,3477189
111271589,7028,10960,3477190
111271621,6993,11044,3477191
111271653,6936,10978,3477192
111271685,7070,11000,3477193
111271717,7238,11035,3477194
111271749,7086,10980,3477195
111271781,7053,10993,3477196
111271813,7090,10943,3477197
111271845,7190,11192,3477198
111271877,6864,11148,3477199
111271909,7144,11188,3477200
111271941,7319,11166,3477201
111271973,7003,11215,3477202
111272005,6869,11176,3477203
111272037,7235,11244,3477204
111272069,7110,11191,3477205
111272101,6957,11206,3477206
111272133,7125,11154,3477207
111272165,7201,11123,3477208
111272197,7144,11132,3477209
111272229,7061,11396,3477210
111272261,7034,11394,3477211
111272293,6991,11356,3477212
111272325,6987,11350,3477213
111272357,7088,11386,3477214
111272389,7149,11383,3477215
111272421,7293,11406,3477216
111272453,7054,11352,3477217
111272485,6977,11352,3477218
111272517,7175,11337,3477219
111272549,6993,11351,3477220
111272581,7111,11377,3477221
111272613,7265,11413,3477222
111272645,7150,11503,3477223
111272677,7274,11554,3477224
111272709,6865,11503,3477225
111272741,6887,11564,3477226
111272773,7193,11521,3477227
111272805,7124,11522,3477228
111272837,6948,11596,3477229
111272869,7026,11501,3477230
111272901,7327,11562,3477231
111272933,6963,11514,3477232
111272965,6968,11562,3477233
111272997,7062,11545,3477234
111273029,7354,11778,3477235
111273061,7086,11734,3477236
111273093,7111,11733,3477237
111273125,7313,11800,3477238
111273157,7074,11768,3477239
111273189,6822,11802,3477240
111273221,7253,11733,3477241
111273253,7338,11736,3477242
111273285,7087,11750,3477243
111273317,7037,11713,3477244
111273349,7269,11738,3477245
111273381,7204,11715,3477246
111273413,6993,11958,3477247
111273445,7058,11914,3477248
111273477,7161,11941,3477249
111273509,7360,11977,3477250
111273541,7297,11905,3477251
111273573,7032,11902,3477252
111273605,7164,11905,3477253
111273637,7162,11924,3477254
111273669,7142,11932,3477255
111273701,7160,11885,3477256
111273733,7436,11933,3477257
111273765,7299,11948,3477258
111273797,7142,12083,3477259
111273829,6965,12131,3477260
111273861,7308,12097,3477261
111273893,7259,12127,3477262
111273925,6974,12068,3477263
111273957,7291,12079,3477264
111273989,7358,12157,3477265
111274021,7065,12110,3477266
111274053,6918,12118,3477267
111274085,7299,12089,3477268
111274117,7240,12110,3477269
111274149,6991,12022,3477270
111274181,7216,12262,3477271
111274213,7408,12317,3477272
111274245,7155,12254,3477273
111274277,7035,12255,3477274
111274309,7224,12268,3477275
111274341,7387,12311,3477276
111274373,7226,12247,3477277
111274405,7090,12288,3477278
111274437,7356,12234,3477279
111274469,7118,12269,3477280
111274501,6983,12290,3477281
111274533,7059,12324,3477282
111274565,7152,12279,3477283
111274597,7144,12445,3477284
111274629,7202,12476,3477285
111274661,7199,12503,3477286
111274693,7288,12447,3477287
111274725,7136,12448,3477288
111274757,7040,12441,3477289
111274789,7131,12406,3477290
111274821,7460,12442,3477291
111274853,7236,12439,3477292
111274885,7153,12430,3477293
111274917,7122,12479,3477294
111274949,7194,12423,3477295
111274981,7124,12560,3477296
111275013,7117,12604,3477297
111275045,7301,12620,3477298
111275077,7362,12595,3477299
111275109,7101,12630,3477300
111275141,7132,12607,3477301
111275173,7227,12620,3477302
111275205,7253,12635,3477303
111275237,7090,12574,3477304
111275269,7297,12603,3477305
111275301,7425,12643,3477306
111275333,7273,12641,3477307
111275365,7165,12762,3477308
111275397,7203,12857,3477309
111275429,7159,12802,3477310
111275461,7056,12847,3477311
111275493,7306,12791,3477312
111275525,7393,12782,3477313
111275557,7341,12740,3477314
111275589,7117,12729,3477315
111275621,7245,12770,3477316
111275653,7320,12745,3477317
111275685,7247,12741,3477318
111275717,7315,12762,3477319
111275749,7516,12917,3477320
111275781,7321,12934,3477321
111275813,7294,12972,3477322
111275845,7168,12967,3477323
111275877,7106,12892,3477324
111275909,7294,12982,3477325
111275941,7373,12942,3477326
111275973,7437,12972,3477327
111276005,7327,13044,3477328
111276037,7331,12963,3477329
111276069,7197,12980,3477330
111276101,7160,13004,3477331
111276133,7424,12954,3477332
111276165,7405,13092,3477333
111276197,7282,13163,3477334
111276229,7149,13138,3477335
111276261,7281,13098,3477336
111276293,7231,13116,3477337
111276325,7113,13106,3477338
111276357,7326,13105,3477339
111276389,7462,13115,3477340
111276421,7281,13108,3477341
111276453,7342,13168,3477342
111276485,7412,13091,3477343
111276517,7403,13109,3477344
111276549,7121,13299,3477345
111276581,7235,13261,3477346
111276613,7340,13292,3477347
111276645,7364,13346,3477348
111276677,7215,13205,3477349
111276709,7313,13372,3477350
111276741,7257,13248,3477351
111276773,7267,13299,3477352
111276805,7276,13286,3477353
111276837,7239,13350,3477354
111276869,7438,13292,3477355
111276901,7409,13217,3477356
111276933,7247,13516,3477357
111276965,7258,13506,3477358
111276997,7395,13447,3477359
111277029,7391,13456,3477360
111277061,7328,13395,3477361
111277093,7294,13402,3477362
111277125,7461,13412,3477363
111277157,7178,13494,3477364
111277189,7008,13465,3477365
111277221,7500,13459,3477366
111277253,7520,13508,3477367
111277285,7211,13395,3477368
111277317,7432,13574,3477369
111277349,7580,13554,3477370
111277381,7161,13603,3477371
111277413,7160,13628,3477372
111277445,7479,13627,3477373
111277477,7397,13594,3477374
111277509,7345,13583,3477375
111277541,7266,13637,3477376
111277573,7670,13602,3477377
111277605,7492,13590,3477378
111277637,7155,13577,3477379
111277669,7294,13602,3477380
111277701,7591,13787,3477381
111277733,7354,13706,3477382
111277765,7290,13691,3477383
111277797,7576,13815,3477384
111277829,7508,13721,3477385
111277861,7338,13747,3477386
111277893,7243,13789,3477387
111277925,7354,13786,3477388
111277957,7568,13775,3477389
111277989,7492,13746,3477390
111278021,7339,13749,3477391
111278053,7432,13777,3477392
111278085,7407,13800,3477393
111278117,7332,13961,3477394
111278149,7352,13899,3477395
111278181,7608,13873,3477396
111278213,7651,13918,3477397
111278245,7369,13899,3477398
111278277,7278,13866,3477399
111278309,7485,13906,3477400
111278341,7395,13895,3477401
111278373,7171,13957,3477402
111278405,7482,13856,3477403
111278437,7719,13903,3477404
111278469,7410,13881,3477405
111278501,7100,14016,3477406
111278533,7661,14010,3477407
111278565,7557,14018,3477408
111278597,7196,14090,3477409
111278629,7342,14064,3477410
111278661,7724,14054,3477411
111278693,7454,14099,3477412
111278725,7475,14032,3477413
111278757,7460,14079,3477414
111278789,7458,14075,3477415
111278821,7349,14081,3477416
111278853,7271,14040,3477417
111278885,7523,14156,3477418
111278917,7522,14233,3477419
111278949,7405,14190,3477420
111278981,7398,14157,3477421
111279013,7462,14137,3477422
111279045,7476,14100,3477423
111279077,7434,14167,3477424
111279109,7442,14182,3477425
111279141,7486,14148,3477426
111279173,7566,14186,3477427
111279205,7320,14221,3477428
111279237,7377,14118,3477429
111279269,7645,14300,3477430
111279301,7527,14395,3477431
111279333,7450,14366,3477432
111279365,7383,14293,3477433
111279397,7512,14337,3477434
111279429,7506,14332,3477435
111279461,7386,14370,3477436
111279493,7484,14338,3477437
111279525,7678,14333,3477438
111279557,7512,14347,3477439
111279589,7401,14341,3477440
111279621,7660,14313,3477441
111279653,7663,14453,3477442
111279685,7273,14439,3477443
111279717,7532,14486,3477444
111279749,7686,14387,3477445
111279781,7512,14385,3477446
111279813,7457,14515,3477447
111279845,7598,14448,3477448
111279877,7393,14460,3477449
111279909,7362,14493,3477450
111279941,7452,14500,3477451
111279973,7529,14413,3477452
111280005,7464,14459,3477453
111280037,7480,14457,3477454
111280069,7536,14580,3477455
111280101,7591,14597,3477456
111280133,7498,14618,3477457
111280165,7509,14588,3477458
111280197,7598,14588,3477459
111280229,7712,14497,3477460
111280261,7523,14657,3477461
111280293,7467,14528,3477462
111280325,7400,14613,3477463
111280357,7528,14587,3477464
111280389,7585,14585,3477465
111280421,7545,14582,3477466
111280453,7688,14707,3477467
111280485,7733,14687,3477468
111280517,7542,14620,3477469
111280549,7100,14747,3477470
111280581,7610,14699,3477471
111280613,7810,14736,3477472
111280645,7599,14789,3477473
111280677,7625,14688,3477474
111280709,7889,14711,3477475
111280741,7578,14734,3477476
111280773,7515,14720,3477477
111280805,7771,14696,3477478
111280837,7662,14836,3477479
111280869,7621,14750,3477480
111280901,7570,14814,3477481
111280933,7686,14832,3477482
111280965,7670,14835,3477483
111280997,7418,14837,3477484
111281029,7422,14852,3477485
111281061,7523,14866,3477486
111281093,7617,14840,3477487
111281125,7689,14850,3477488
111281157,7640,14834,3477489
111281189,7592,14829,3477490
111281221,7525,14991,3477491
111281253,7523,14906,3477492
111281285,7488,14943,3477493
111281317,7873,15004,3477494
111281349,7686,14984,3477495
111281381,7624,15045,3477496
111281413,7605,14960,3477497
111281445,7527,14927,3477498
111281477,7674,14986,3477499
111281509,7603,15007,3477500
111281541,7768,14964,3477501
111281573,7826,14996,3477502
111281605,7632,15113,3477503
111281637,7456,15068,3477504
111281669,7717,15121,3477505
111281701,7778,15092,3477506
111281733,7559,15109,3477507
111281765,7798,15046,3477508
111281797,7839,15023,3477509
111281829,7537,15072,3477510
111281861,7637,15103,3477511
111281893,7607,15130,3477512
111281925,7740,15013,3477513
111281957,7637,15103,3477514
111281989,7570,15080,3477515
111282021,7753,15141,3477516
111282053,7775,15121,3477517
111282085,7716,15218,3477518
111282117,7711,15208,3477519
111282149,7718,15091,3477520
111282181,7737,15167,3477521
111282213,7770,15132,3477522
111282245,7873,15171,3477523
111282277,7791,15192,3477524
111282309,7740,15208,3477525
111282341,7658,15158,3477526
111282373,7632,15205,3477527
111282405,7774,15290,3477528
111282437,7836,15331,3477529
111282469,7755,15293,3477530
111282501,7590,15292,3477531
111282533,7903,15309,3477532
111282565,7677,15224,3477533
111282597,7570,15287,3477534
111282629,7817,15231,3477535
111282661,7963,15255,3477536
111282693,7799,15219,3477537
111282725,7808,15252,3477538
111282757,7845,15257,3477539
111282789,7713,15347,3477540
111282821,7590,15395,3477541
111282853,7652,15397,3477542
111282885,7936,15360,3477543
111282917,7743,15366,3477544
111282949,7728,15420,3477545
111282981,7812,15348,3477546
111283013,7760,15434,3477547
111283045,7561,15408,3477548
111283077,7780,15343,3477549
111283109,7857,15395,3477550
111283141,7842,15412,3477551
111283173,7794,15405,3477552
111283205,7881,15483,3477553
111283237,7660,15501,3477554
111283269,7667,15502,3477555
111283301,7641,15510,3477556
111283333,7655,15441,3477557
111283365,7989,15513,3477558
111283397,7778,15479,3477559
111283429,7813,15526,3477560
111283461,7713,15450,3477561
111283493,7830,15482,3477562
111283525,7727,15451,3477563
111283557,7780,15607,3477564
111283589,7869,15621,3477565
111283621,7910,15643,3477566
111283653,7771,15554,3477567
111283685,7541,15556,3477568
111283717,7915,15590,3477569
111283749,7934,15589,3477570
111283781,7779,15580,3477571
111283813,7794,15621,3477572
111283845,8098,15523,3477573
111283877,7940,15623,3477574
111283909,7715,15603,3477575
111283941,7869,15538,3477576
111283973,7932,15714,3477577
111284005,7870,15720,3477578
111284037,7761,15632,3477579
111284069,7962,15656,3477580
111284101,7957,15687,3477581
111284133,7736,15702,3477582
111284165,7797,15660,3477583
111284197,8025,15645,3477584
111284229,7804,15722,3477585
111284261,7929,15685,3477586
111284293,7959,15681,3477587
111284325,7909,15614,3477588
111284357,7835,15751,3477589
111284389,7872,15811,3477590
111284421,7710,15729,3477591
111284453,7872,15813,3477592
111284485,7984,15789,3477593
111284517,7731,15731,3477594
111284549,7902,15760,3477595
111284581,7827,15693,3477596
111284613,7728,15774,3477597
111284645,7794,15696,3477598
111284677,8138,15755,3477599
111284709,8061,15685,3477600
111284741,7929,15831,3477601
111284773,7795,15845,3477602
111284805,7821,15916,3477603
111284837,7948,15854,3477604
111284869,7796,15812,3477605
111284901,8006,15859,3477606
111284933,8267,15804,3477607
111284965,7874,15848,3477608
111284997,7709,15834,3477609
111285029,7949,15893,3477610
111285061,7898,15770,3477611
111285093,7709,15820,3477612
111285125,7970,15911,3477613
111285157,8025,15857,3477614
111285189,7876,15915,3477615
111285221,7809,15999,3477616
111285253,7916,15932,3477617
111285285,7856,15893,3477618
111285317,7907,15855,3477619
111285349,7944,15927,3477620
111285381,7994,15930,3477621
111285413,8009,15950,3477622
111285445,7862,15911,3477623
111285477,7786,15858,3477624
111285509,8040,15943,3477625
111285541,7776,16007,3477626
111285573,7968,15986,3477627
111285605,8131,16012,3477628
111285637,8038,15987,3477629
111285669,7933,15943,3477630
111285701,7793,16020,3477631
111285733,7861,15911,3477632
111285765,8031,15967,3477633
111285797,8040,16023,3477634
111285829,7969,15977,3477635
111285861,7810,15981,3477636
111285893,7957,15981,3477637
111285925,7994,16052,3477638
111285957,7862,16063,3477639
111285989,7954,16029,3477640
111286021,8221,16012,3477641
111286053,8154,16057,3477642
111286085,7810,16095,3477643
111286117,8070,16086,3477644
111286149,8021,16050,3477645
111286181,7902,16102,3477646
111286213,7942,16044,3477647
111286245,8088,16071,3477648
111286277,7875,16085,3477649
111286309,7846,16175,3477650
111286341,8018,16080,3477651
111286373,8033,16128,3477652
111286405,7759,16122,3477653
111286437,7930,16197,3477654
111286469,8115,16045,3477655
111286501,8117,16081,3477656
111286533,8086,16097,3477657
111286565,7958,16087,3477658
111286597,8035,16067,3477659
111286629,8013,16100,3477660
111286661,7988,16138,3477661
111286693,8077,16178,3477662
111286725,8240,16176,3477663
111286757,8113,16109,3477664
111286789,8053,16215,3477665
111286821,7927,16195,3477666
111286853,8052,16174,3477667
111286885,8100,16103,3477668
111286917,8067,16191,3477669
111286949,8080,16159,3477670
111286981,8240,16183,3477671
111287013,7992,16125,3477672
111287045,7772,16199,3477673
111287077,8128,16195,3477674
111287109,8337,16174,3477675
111287141,8082,16209,3477676
111287173,8028,16271,3477677
111287205,8306,16162,3477678
111287237,8028,16214,3477679
111287269,7999,16225,3477680
111287301,8073,16189,3477681
111287333,8224,16188,3477682
111287365,8094,16226,3477683
111287397,7842,16208,3477684
111287429,8261,16187,3477685
111287461,8217,16208,3477686
111287493,7898,16212,3477687
111287525,8032,16223,3477688
111287557,8310,16217,3477689
111287589,8086,16245,3477690
111287621,8122,16292,3477691
111287653,8108,16264,3477692
111287685,7943,16199,3477693
111287717,8122,16304,3477694
111287749,8019,16190,3477695
111287781,8110,16319,3477696
111287813,8178,16253,3477697
111287845,8217,16228,3477698
111287877,8111,16369,3477699
111287909,8019,16372,3477700
111287941,8086,16334,3477701
111287973,8149,16280,3477702
111288005,7933,16262,3477703
111288037,8371,16304,3477704
111288069,8266,16223,3477705
111288101,8200,16241,3477706
111288133,7967,16322,3477707
111288165,8197,16324,3477708
111288197,8249,16220,3477709
111288229,8148,16230,3477710
111288261,8070,16254,3477711
111288293,8397,16225,3477712
111288325,8143,16343,3477713
111288357,8087,16230,3477714
111288389,8188,16192,3477715
111288421,8248,16300,3477716
111288453,8108,16229,3477717
111288485,8082,16259,3477718
111288517,8335,16242,3477719
111288549,8351,16279,3477720
111288581,8167,16340,3477721
111288613,8097,16300,3477722
111288645,8321,16250,3477723
111288677,8235,16311,3477724
111288709,8167,16304,3477725
111288741,8296,16253,3477726
111288773,8495,16275,3477727
111288805,8145,16328,3477728
111288837,8014,16322,3477729
111288869,8165,16294,3477730
111288901,8333,16300,3477731
111288933,8397,16328,3477732
111288965,8271,16275,3477733
111288997,8292,16313,3477734
111289029,8279,16309,3477735
111289061,8066,16349,3477736
111289093,8098,16329,3477737
111289125,8308,16238,3477738
111289157,8349,16268,3477739
111289189,8166,16299,3477740
111289221,8089,16295,3477741
111289253,8320,16314,3477742
111289285,8313,16279,3477743
111289317,8211,16298,3477744
111289349,8171,16341,3477745
111289381,8384,16276,3477746
111289413,8338,16353,3477747
111289445,8061,16264,3477748
111289477,8385,16258,3477749
111289509,8494,16262,3477750
111289541,8137,16317,3477751
111289573,8096,16349,3477752
111289605,8383,16322,3477753
111289637,8403,16286,3477754
111289669,8174,16231,3477755
111289701,8158,16260,3477756
111289733,8308,16201,3477757
111289765,8159,16287,3477758
111289797,8153,16335,3477759
111289829,8179,16303,3477760
111289861,8473,16308,3477761
111289893,8251,16283,3477762
111289925,8123,16266,3477763
111289957,8182,16215,3477764
111289989,8425,16286,3477765
111290021,8306,16309,3477766
111290053,8342,16275,3477767
111290085,8461,16281,3477768
111290117,8320,16257,3477769
111290149,8106,16298,3477770
111290181,8192,16381,3477771
111290213,8365,16324,3477772
111290245,8320,16316,3477773
111290277,8422,16208,3477774
111290309,8432,16264,3477775
111290341,8479,16243,3477776
111290373,8259,16247,3477777
111290405,8096,16259,3477778
111290437,8274,16222,3477779
111290469,8388,16200,3477780
111290501,8347,16241,3477781
111290533,8427,16274,3477782
111290565,8458,16299,3477783
111290597,8273,16304,3477784
111290629,8305,16263,3477785
111290661,8149,16251,3477786
111290693,8494,16337,3477787
111290725,8339,16264,3477788
111290757,8279,16225,3477789
111290789,8386,16277,3477790
111290821,8475,16263,3477791
111290853,8340,16331,3477792
111290885,8403,16261,3477793
111290917,8346,16370,3477794
111290949,8308,16265,3477795
111290981,8454,16294,3477796
111291013,8424,16238,3477797
111291045,8286,16203,3477798
111291077,8350,16339,3477799
111291109,8276,16296,3477800
111291141,8374,16304,3477801
111291173,8512,16369,3477802
111291205,8558,16324,3477803
111291237,8381,16308,3477804
111291269,8324,16288,3477805
111291301,8421,16307,3477806
111291333,8501,16288,3477807
111291365,8256,16304,3477808
111291397,8540,16383,3477809
111291429,8574,16247,3477810
111291461,8393,16275,3477811
111291493,8252,16284,3477812
111291525,8366,16244,3477813
111291557,8488,16337,3477814
111291589,8265,16273,3477815
111291621,8391,16299,3477816
111291653,8641,16269,3477817
111291685,8425,16244,3477818
111291717,8403,16300,3477819
111291749,8368,16360,3477820
111291781,8512,16303,3477821
111291813,8216,16291,3477822
111291845,8370,16331,3477823
111291877,8502,16303,3477824
111291909,8521,16305,3477825
111291941,8370,16304,3477826
111291973,8367,16302,3477827
111292005,8405,16222,3477828
111292037,8441,16221,3477829
111292069,8406,16300,3477830
111292101,8605,16212,3477831
111292133,8495,16276,3477832
111292165,8439,16241,3477833
111292197,8385,16233,3477834
111292229,8173,16266,3477835
111292261,8540,16347,3477836
111292293,8662,16253,3477837
111292325,8619,16266,3477838
111292357,8512,16213,3477839
111292389,8528,16299,3477840
111292421,8440,16324,3477841
111292453,8342,16338,3477842
111292485,8541,16289,3477843
111292517,8626,16326,3477844
111292549,8547,16334,3477845
111292581,8300,16227,3477846
111292613,8640,16314,3477847
111292645,8493,16245,3477848
111292677,8298,16291,3477849
111292709,8423,16233,3477850
111292741,8862,16295,3477851
111292773,8737,16272,3477852
111292805,8345,16278,3477853
111292837,8427,16271,3477854
111292869,8631,16283,3477855
111292901,8422,16279,3477856
111292933,8580,16255,3477857
111292965,8518,16243,3477858
111292997,8542,16278,3477859
111293029,8582,16370,3477860
111293061,8530,16284,3477861
111293093,8419,16247,3477862
111293125,8570,16211,3477863
111293157,8432,16330,3477864
111293189,8502,16244,3477865
111293221,8738,16305,3477866
111293253,8566,16279,3477867
111293285,8702,16274,3477868
111293317,8447,16294,3477869
111293349,8658,16330,3477870
111293381,8752,16247,3477871
111293413,8592,16368,3477872
111293445,8553,16251,3477873
111293477,8640,16320,3477874
111293509,8554,16276,3477875
111293541,8264,16280,3477876
111293573,8565,16300,3477877
111293605,8765,16287,3477878
111293637,8543,16346,3477879
111293669,8466,16301,3477880
111293701,8730,16290,3477881
111293733,8609,16228,3477882
111293765,8497,16288,3477883
111293797,8640,16297,3477884
111293829,8698,16321,3477885
111293861,8580,16287,3477886
111293893,8503,16247,3477887
111293925,8773,16361,3477888
111293957,8758,16294,3477889
111293989,8425,16346,3477890
111294021,8452,16255,3477891
111294053,8695,16293,3477892
111294085,8641,16328,3477893
111294117,8663,16216,3477894
111294149,8661,16342,3477895
111294181,8578,16282,3477896
111294213,8520,16309,3477897
111294245,8444,16213,3477898
111294277,8440,16210,3477899
111294309,8658,16263,3477900
111294341,8938,16323,3477901
111294373,8512,16293,3477902
111294405,8619,16347,3477903
111294437,8750,16267,3477904
111294469,8557,16313,3477905
111294501,8600,16290,3477906
111294533,8586,16264,3477907
111294565,8888,16317,3477908
111294597,8661,16302,3477909
111294629,8297,16246,3477910
111294661,8560,16297,3477911
111294693,8778,16223,3477912
111294725,8541,16279,3477913
111294757,8651,16304,3477914
111294789,8861,16240,3477915
111294821,8686,16251,3477916
111294853,8423,16228,3477917
111294885,8732,16269,3477918
111294917,8801,16214,3477919
111294949,8582,16207,3477920
111294981,8625,16247,3477921
111295013,8774,16197,3477922
111295045,8773,16138,3477923
111295077,8640,16178,3477924
111295109,8752,16195,3477925
111295141,8767,16247,3477926
111295173,8741,16185,3477927
111295205,8522,16198,3477928
111295237,8834,16195,3477929
111295269,8868,16230,3477930
111295301,8578,16128,3477931
111295333,8567,16222,3477932
111295365,8743,16199,3477933
111295397,8683,16185,3477934
111295429,8772,16221,3477935
111295461,8927,16151,3477936
111295493,8665,16203,3477937
111295525,8890,16146,3477938
111295557,8728,16135,3477939
111295589,8530,16144,3477940
111295621,8794,16097,3477941
111295653,9061,16028,3477942
111295685,8740,16098,3477943
111295717,8629,16154,3477944
111295749,8752,16119,3477945
111295781,8836,16096,3477946
111295813,8471,16119,3477947
111295845,8686,16095,3477948
111295877,8906,16096,3477949
111295909,8737,16116,3477950
111295941,8636,16117,3477951
111295973,8673,16090,3477952
111296005,8992,16100,3477953
111296037,8490,16056,3477954
111296069,8589,15982,3477955
111296101,8898,16095,3477956
111296133,8764,16103,3477957
111296165,8652,16062,3477958
111296197,8703,16073,3477959
111296229,8835,16037,3477960
111296261,8756,16076,3477961
111296293,8789,16117,3477962
111296325,8697,15988,3477963
111296357,8738,16029,3477964
111296389,8824,16059,3477965
111296421,8593,16066,3477966
111296453,8664,15947,3477967
111296485,8689,16006,3477968
111296517,8777,16008,3477969
111296549,8805,15967,3477970
111296581,8701,15985,3477971
111296613,8795,16017,3477972
111296645,8737,15989,3477973
111296677,8604,15933,3477974
111296709,8677,15934,3477975
111296741,8982,15942,3477976
111296773,8709,16024,3477977
111296805,8622,15974,3477978
111296837,9008,15955,3477979
111296869,8800,15908,3477980
111296901,8584,15958,3477981
111296933,8796,15895,3477982
111296965,9056,15965,3477983
111296997,8897,15848,3477984
111297029,8676,15963,3477985
111297061,8810,15902,3477986
111297093,8762,15869,3477987
111297125,8756,15822,3477988
111297157,8709,15869,3477989
111297189,9010,15864,3477990
111297221,8970,15867,3477991
111297253,8759,15798,3477992
111297285,8798,15767,3477993
111297317,9007,15844,3477994
111297349,8667,15811,3477995
111297381,8731,15799,3477996
111297413,8857,15813,3477997
111297445,9067,15789,3477998
111297477,8833,15831,3477999
111297509,8768,15759,3478000
111297541,8926,15775,3478001
111297573,8923,15826,3478002
111297605,8766,15808,3478003
111297637,8746,15688,3478004
111297669,9051,15708,3478005
111297701,9051,15785,3478006
111297733,8846,15685,3478007
111297765,8779,15733,3478008
111297797,8905,15729,3478009
111297829,8920,15740,3478010
111297861,8788,15767,3478011
111297893,8921,15690,3478012
111297925,9216,15711,3478013
111297957,8852,15784,3478014
111297989,8670,15778,3478015
111298021,8906,15665,3478016
111298053,8977,15658,3478017
111298085,8812,15688,3478018
111298117,8784,15700,3478019
111298149,9054,15722,3478020
111298181,9007,15679,3478021
111298213,8826,15689,3478022
111298245,8709,15691,3478023
111298277,8991,15710,3478024
111298309,8912,15621,3478025
111298341,8793,15643,3478026
111298373,8982,15710,3478027
111298405,9025,15581,3478028
111298437,8898,15601,3478029
111298469,8749,15564,3478030
111298501,8860,15579,3478031
111298533,9059,15517,3478032
111298565,8902,15581,3478033
111298597,8975,15569,3478034
111298629,8870,15587,3478035
111298661,8897,15585,3478036
111298693,8919,15611,3478037
111298725,8808,15557,3478038
111298757,8994,15600,3478039
111298789,9030,15633,3478040
111298821,8795,15512,3478041
111298853,8675,15535,3478042
111298885,9028,15478,3478043
111298917,8910,15490,3478044
111298949,8861,15497,3478045
111298981,9015,15520,3478046
111299013,9090,15497,3478047
111299045,8947,15445,3478048
111299077,8908,15445,3478049
111299109,8860,15453,3478050
111299141,9001,15485,3478051
111299173,8989,15487,3478052
111299205,8881,15387,3478053
111299237,9163,15346,3478054
111299269,9040,15405,3478055
111299301,8782,15407,3478056
111299333,8950,15398,3478057
111299365,9130,15437,3478058
111299397,8848,15310,3478059
111299429,8959,15352,3478060
111299461,9071,15416,3478061
111299493,9010,15326,3478062
111299525,8971,15398,3478063
111299557,8968,15403,3478064
111299589,8860,15275,3478065
111299621,8986,15280,3478066
111299653,8992,15281,3478067
111299685,8951,15306,3478068
111299717,9203,15272,3478069
111299749,9005,15278,3478070
111299781,8979,15252,3478071
111299813,8805,15255,3478072
111299845,9090,15319,3478073
111299877,9124,15291,3478074
111299909,9017,15309,3478075
111299941,9094,15273,3478076
111299973,9203,15200,3478077
111300005,9063,15216,3478078
111300037,8933,15187,3478079
111300069,9059,15223,3478080
111300101,9318,15143,3478081
111300133,9046,15234,3478082
111300165,8947,15161,3478083
111300197,9114,15205,3478084
111300229,9007,15182,3478085
111300261,8851,15141,3478086
111300293,9009,15190,3478087
111300325,9136,15205,3478088
111300357,9197,15126,3478089
111300389,8939,15128,3478090
111300421,9020,15085,3478091
111300453,9175,15072,3478092
111300485,8917,15063,3478093
111300517,8880,15005,3478094
111300549,9249,15002,3478095
111300581,9092,15130,3478096
111300613,9021,14986,3478097
111300645,9013,15082,3478098
111300677,8941,15036,3478099
111300709,8922,15023,3478100
111300741,9059,15030,3478101
111300773,8973,14973,3478102
111300805,8991,14898,3478103
111300837,9245,14978,3478104
111300869,9066,14954,3478105
111300901,8957,14966,3478106
111300933,9047,14887,3478107
111300965,9239,14911,3478108
111300997,9116,14962,3478109
111301029,9060,14932,3478110
111301061,9160,14946,3478111
111301093,9032,14920,3478112
111301125,8837,15006,3478113
111301157,9004,14820,3478114
111301189,9295,14824,3478115
111301221,9014,14808,3478116
111301253,8836,14902,3478117
111301285,9165,14880,3478118
111301317,9083,14803,3478119
111301349,8889,14772,3478120
111301381,8970,14794,3478121
111301413,9222,14848,3478122
111301445,8989,14840,3478123
111301477,8977,14878,3478124
111301509,9329,14882,3478125
111301541,9049,14660,3478126
111301573,9082,14674,3478127
111301605,9076,14711,3478128
111301637,9168,14715,3478129
111301669,9066,14697,3478130
111301701,9042,14743,3478131
111301733,9196,14704,3478132
111301765,9071,14754,3478133
111301797,9075,14755,3478134
111301829,8995,14678,3478135
111301861,9107,14726,3478136
111301893,8990,14736,3478137
111301925,9262,14560,3478138
111301957,9194,14552,3478139
111301989,8936,14620,3478140
111302021,9053,14532,3478141
111302053,9127,14600,3478142
111302085,9008,14586,3478143
111302117,9164,14574,3478144
111302149,9386,14596,3478145
111302181,9235,14546,3478146
111302213,9104,14620,3478147
111302245,9089,14537,3478148
111302277,9196,14585,3478149
111302309,8991,14499,3478150
111302341,9215,14458,3478151
111302373,9256,14413,3478152
111302405,9299,14504,3478153
111302437,8974,14469,3478154
111302469,9035,14469,3478155
111302501,9294,14379,3478156
111302533,9003,14477,3478157
111302565,9147,14478,3478158
111302597,9330,14513,3478159
111302629,9310,14394,3478160
111302661,9008,14502,3478161
111302693,9151,14456,3478162
111302725,9143,14295,3478163
111302757,9146,14366,3478164
111302789,9186,14283,3478165
111302821,9216,14275,3478166
111302853,9210,14347,3478167
111302885,9241,14239,3478168
111302917,9022,14268,3478169
111302949,9057,14378,3478170
111302981,9338,14330,3478171
111303013,9256,14277,3478172
111303045,9270,14264,3478173
111303077,9184,14372,3478174
111303109,9280,14157,3478175
111303141,9082,14165,3478176
111303173,8975,14224,3478177
111303205,9195,14139,3478178
111303237,9267,14096,3478179
111303269,9334,14198,3478180
111303301,9164,14156,3478181
111303333,9309,14137,3478182
111303365,9181,14250,3478183
111303397,8946,14174,3478184
111303429,9051,14227,3478185
111303461,9217,14213,3478186
111303493,9148,13976,3478187
111303525,9097,14019,3478188
111303557,9181,14004,3478189
111303589,9188,14075,3478190
111303621,9012,14038,3478191
111303653,9133,14015,3478192
111303685,9278,14007,3478193
111303717,9447,14058,3478194
111303749,9129,14036,3478195
111303781,9254,14048,3478196
111303813,9165,14059,3478197
111303845,9092,14068,3478198
111303877,9029,13946,3478199
111303909,9361,13909,3478200
111303941,9299,13935,3478201
111303973,9315,13892,3478202
111304005,9106,13930,3478203
111304037,9145,13974,3478204
111304069,9185,13884,3478205
111304101,9215,13949,3478206
111304133,9107,13857,3478207
111304165,9396,13891,3478208
111304197,9347,13974,3478209
111304229,9237,13923,3478210
111304261,9039,13754,3478211
111304293,9267,13783,3478212
111304325,9349,13771,3478213
111304357,9259,13723,3478214
111304389,9259,13742,3478215
111304421,9380,13771,3478216
111304453,9369,13782,3478217
111304485,8969,13763,3478218
111304517,9144,13723,3478219
111304549,9350,13724,3478220
111304581,9141,13751,3478221
111304613,9158,13745,3478222
111304645,9334,13771,3478223
111304677,9345,13664,3478224
111304709,9080,13585,3478225
111304741,9186,13633,3478226
111304773,9379,13626,3478227
111304805,9340,13644,3478228
111304837,9204,13604,3478229
111304869,9290,13621,3478230
111304901,9339,13633,3478231
111304933,9182,13594,3478232
111304965,9076,13621,3478233
111304997,9264,13579,3478234
111305029,9422,13598,3478235
111305061,9280,13410,3478236
111305093,9296,13498,3478237
111305125,9210,13470,3478238
111305157,9311,13427,3478239
111305189,9213,13435,3478240
111305221,9184,13473,3478241
111305253,9225,13455,3478242
111305285,9473,13411,3478243
111305317,9198,13390,3478244
111305349,9085,13424,3478245
111305381,9315,13434,3478246
111305413,9376,13455,3478247
111305445,9022,13253,3478248
111305477,9273,13201,3478249
111305509,9482,13280,3478250
111305541,9214,13262,3478251
111305573,9136,13318,3478252
111305605,9267,13312,3478253
111305637,9406,13245,3478254
111305669,9326,13230,3478255
111305701,9171,13309,3478256
111305733,9408,13268,3478257
111305765,9515,13292,3478258
111305797,9092,13250,3478259
111305829,9184,13148,3478260
111305861,9399,13150,3478261
111305893,9189,13125,3478262
111305925,9143,13186,3478263
111305957,9378,13163,3478264
111305989,9329,13158,3478265
111306021,9190,13060,3478266
111306053,9322,13117,3478267
111306085,9324,13062,3478268
111306117,9336,13183,3478269
111306149,9336,13139,3478270
111306181,9306,13102,3478271
111306213,9383,12940,3478272
111306245,9189,12939,3478273
111306277,9237,12969,3478274
111306309,9308,12905,3478275
111306341,9184,12942,3478276
111306373,9456,12969,3478277
111306405,9339,12992,3478278
111306437,9378,12931,3478279
111306469,9199,12970,3478280
111306501,9349,13005,3478281
111306533,9090,12976,3478282
111306565,9290,12930,3478283
111306597,9556,13009,3478284
111306629,9306,12837,3478285
111306661,9107,12845,3478286
111306693,9427,12792,3478287
111306725,9410,12763,3478288
111306757,9087,12832,3478289
111306789,9267,12782,3478290
111306821,9634,12831,3478291
111306853,9348,12770,3478292
111306885,9125,12771,3478293
111306917,9331,12765,3478294
111306949,9443,12739,3478295
111306981,9296,12764,3478296
111307013,9252,12656,3478297
111307045,9538,12628,3478298
111307077,9484,12561,3478299
111307109,9203,12611,3478300
111307141,9409,12655,3478301
111307173,9448,12608,3478302
111307205,9289,12610,3478303
111307237,9358,12639,3478304
111307269,9354,12604,3478305
111307301,9449,12614,3478306
111307333,9441,12600,3478307
111307365,9410,12621,3478308
111307397,9329,12400,3478309
111307429,9265,12500,3478310
111307461,9422,12492,3478311
111307493,9298,12489,3478312
111307525,9251,12500,3478313
111307557,9523,12472,3478314
111307589,9423,12411,3478315
111307621,9050,12393,3478316
111307653,9276,12446,3478317
111307685,9496,12417,3478318
111307717,9411,12440,3478319
111307749,9249,12442,3478320
111307781,9498,12333,3478321
111307813,9512,12311,3478322
111307845,9238,12288,3478323
111307877,9266,12324,3478324
111307909,9498,12296,3478325
111307941,9312,12258,3478326
111307973,9327,12231,3478327
111308005,9306,12280,3478328
111308037,9391,12318,3478329
111308069,9239,12266,3478330
111308101,9272,12278,3478331
111308133,9440,12293,3478332
111308165,9471,12245,3478333
111308197,9309,12152,3478334
111308229,9404,12112,3478335
111308261,9445,12050,3478336
111308293,9391,12093,3478337
111308325,9264,12068,3478338
111308357,9414,12152,3478339
111308389,9417,12116,3478340
111308421,9537,12074,3478341
111308453,9515,12167,3478342
111308485,9353,12147,3478343
111308517,9454,12089,3478344
111308549,9349,12106,3478345
111308581,9189,11924,3478346
111308613,9322,11892,3478347
111308645,9431,11895,3478348
111308677,9304,11890,3478349
111308709,9195,11970,3478350
111308741,9341,11964,3478351
111308773,9398,11904,3478352
111308805,9196,11945,3478353
111308837,9502,11900,3478354
111308869,9486,11926,3478355
111308901,9435,11929,3478356
111308933,9220,11894,3478357
111308965,9333,11690,3478358
111308997,9441,11740,3478359
111309029,9285,11693,3478360
111309061,9359,11809,3478361
111309093,9486,11798,3478362
111309125,9560,11763,3478363
111309157,9213,11743,3478364
111309189,9254,11720,3478365
111309221,9468,11772,3478366
111309253,9398,11716,3478367
111309285,9369,11780,3478368
111309317,9442,11679,3478369
111309349,9510,11546,3478370
111309381,9292,11516,3478371
111309413,9355,11542,3478372
111309445,9395,11554,3478373
111309477,9488,11588,3478374
111309509,9489,11521,3478375
111309541,9474,11547,3478376
111309573,9426,11536,3478377
111309605,9468,11524,3478378
111309637,9270,11572,3478379
111309669,9266,11537,3478380
111309701,9319,11524,3478381
111309733,9536,11370,3478382
111309765,9420,11336,3478383
111309797,9326,11409,3478384
111309829,9510,11399,3478385
111309861,9424,11305,3478386
111309893,9110,11360,3478387
111309925,9276,11350,3478388
111309957,9671,11358,3478389
111309989,9425,11383,3478390
111310021,9284,11386,3478391
111310053,9474,11406,3478392
111310085,9427,11382,3478393
111310117,9327,11355,3478394
111310149,9197,11168,3478395
111310181,9362,11221,3478396
111310213,9628,11148,3478397
111310245,9346,11224,3478398
111310277,9309,11193,3478399
111310309,9492,11149,3478400
111310341,9434,11213,3478401
111310373,9335,11132,3478402
111310405,9398,11134,3478403
111310437,9604,11233,3478404
111310469,9487,11201,3478405
111310501,9360,11204,3478406
111310533,9294,11006,3478407
111310565,9441,10959,3478408
111310597,9473,10996,3478409
111310629,9362,10999,3478410
111310661,9534,10974,3478411
111310693,9564,10956,3478412
111310725,9361,11045,3478413
111310757,9289,10975,3478414
111310789,9293,10926,3478415
111310821,9432,10987,3478416
111310853,9428,11025,3478417
111310885,9292,11018,3478418
111310917,9468,10744,3478419
111310949,9495,10782,3478420
111310981,9192,10786,3478421
111311013,9376,10772,3478422
111311045,9526,10736,3478423
111311077,9505,10797,3478424
111311109,9103,10786,3478425
111311141,9593,10797,3478426
111311173,9544,10840,3478427
111311205,9293,10858,3478428
111311237,9486,10788,3478429
111311269,9701,10791,3478430
111311301,9435,10639,3478431
111311333,9459,10649,3478432
111311365,9301,10627,3478433
111311397,9607,10604,3478434
111311429,9315,10611,3478435
111311461,9201,10575,3478436
111311493,9460,10599,3478437
111311525,9500,10589,3478438
111311557,9538,10560,3478439
111311589,9532,10611,3478440
111311621,9347,10608,3478441
111311653,9360,10585,3478442
111311685,9451,10439,3478443
111311717,9330,10420,3478444
111311749,9377,10403,3478445
111311781,9704,10398,3478446
111311813,9588,10432,3478447
111311845,9271,10429,3478448
111311877,9377,10426,3478449
111311909,9528,10376,3478450
111311941,9246,10414,3478451
111311973,9512,10371,3478452
111312005,9756,10422,3478453
111312037,9534,10359,3478454
111312069,9122,10422,3478455
111312101,9288,10166,3478456
111312133,9465,10220,3478457
111312165,9324,10199,3478458
111312197,9333,10189,3478459
111312229,9473,10210,3478460
111312261,9610,10233,3478461
111312293,9380,10207,3478462
111312325,9352,10187,3478463
111312357,9527,10197,3478464
111312389,9484,10238,3478465
111312421,9373,10171,3478466
111312453,9534,10249,3478467
111312485,9542,9997,3478468
111312517,9335,9992,3478469
111312549,9438,10002,3478470
111312581,9396,10026,3478471
111312613,9385,10034,3478472
111312645,9527,10032,3478473
111312677,9411,10011,3478474
111312709,9409,9990,3478475
111312741,9436,10020,3478476
111312773,9411,10015,3478477
111312805,9362,10038,3478478
111312837,9434,10056,3478479
111312869,9602,9806,3478480
111312901,9655,9872,3478481
111312933,9329,9867,3478482
111312965,9432,9858,3478483
111312997,9543,9812,3478484
111313029,9272,9788,3478485
111313061,9317,9848,3478486
111313093,9752,9796,3478487
111313125,9469,9826,3478488
111313157,9310,9831,3478489
111313189,9567,9828,3478490
111313221,9431,9827,3478491
111313253,9346,9584,3478492
111313285,9386,9604,3478493
111313317,9641,9616,3478494
111313349,9530,9637,3478495
111313381,9542,9571,3478496
111313413,9388,9634,3478497
111313445,9471,9629,3478498
111313477,9446,9603,3478499
111313509,9419,9645,3478500
111313541,9607,9600,3478501
111313573,9537,9649,3478502
111313605,9402,9595,3478503
111313637,9472,9427,3478504
111313669,9506,9459,3478505
111313701,9317,9372,3478506
111313733,9432,9390,3478507
111313765,9456,9422,3478508
111313797,9417,9471,3478509
111313829,9549,9390,3478510
111313861,9446,9465,3478511
111313893,9311,9455,3478512
111313925,9406,9366,3478513
111313957,9520,9378,3478514
111313989,9369,9368,3478515
111314021,9380,9452,3478516
111314053,9607,9250,3478517
111314085,9523,9236,3478518
111314117,9251,9220,3478519
111314149,9408,9298,3478520
111314181,9578,9216,3478521
111314213,9483,9239,3478522
111314245,9424,9206,3478523
111314277,9458,9180,3478524
111314309,9499,9186,3478525
111314341,9313,9257,3478526
111314373,9282,9173,3478527
111314405,9616,9197,3478528
111314437,9434,9014,3478529
111314469,9315,8998,3478530
111314501,9440,9012,3478531
111314533,9423,9049,3478532
111314565,9330,9019,3478533
111314597,9244,9043,3478534
111314629,9439,9042,3478535
111314661,9520,8962,3478536
111314693,9352,9028,3478537
111314725,9343,8975,3478538
111314757,9416,9029,3478539
111314789,9374,9004,3478540
111314821,9204,8800,3478541
111314853,9366,8769,3478542
111314885,9527,8913,3478543
111314917,9434,8815,3478544
111314949,9605,8825,3478545
111314981,9308,8798,3478546
111315013,9501,8762,3478547
111315045,9591,8860,3478548
111315077,9361,8800,3478549
111315109,9375,8846,3478550
111315141,9584,8855,3478551
111315173,9410,8812,3478552
111315205,9254,8666,3478553
111315237,9345,8560,3478554
111315269,9506,8645,3478555
111315301,9244,8595,3478556
111315333,9479,8630,3478557
111315365,9612,8581,3478558
111315397,9513,8648,3478559
111315429,9325,8609,3478560
111315461,9320,8594,3478561
111315493,9545,8614,3478562
111315525,9473,8631,3478563
111315557,9340,8572,3478564
111315589,9511,8421,3478565
111315621,9580,8451,3478566
111315653,9432,8395,3478567
111315685,9207,8386,3478568
111315717,9426,8422,3478569
111315749,9513,8441,3478570
111315781,9317,8389,3478571
111315813,9460,8440,3478572
111315845,9593,8361,3478573
111315877,9499,8391,3478574
111315909,9216,8454,3478575
111315941,9298,8435,3478576
111315973,9518,8429,3478577
111316005,9418,8230,3478578
111316037,9350,8265,3478579
111316069,9397,8210,3478580
111316101,9416,8222,3478581
111316133,9290,8189,3478582
111316165,9201,8216,3478583
111316197,9285,8227,3478584
111316229,9645,8167,3478585
111316261,9528,8253,3478586
111316293,9354,8247,3478587
111316325,9352,8193,3478588
111316357,9517,8178,3478589
111316389,9252,8031,3478590
111316421,9246,8031,3478591
111316453,9776,8022,3478592
111316485,9410,7990,3478593
111316517,9192,8028,3478594
111316549,9436,7984,3478595
111316581,9516,8017,3478596
111316613,9293,8039,3478597
111316645,9331,8015,3478598
111316677,9431,8019,3478599
111316709,9557,8053,3478600
111316741,9296,7988,3478601
111316773,9258,7862,3478602
111316805,9690,7820,3478603
111316837,9325,7809,3478604
111316869,9294,7824,3478605
111316901,9548,7830,3478606
111316933,9542,7793,3478607
111316965,9423,7844,3478608
111316997,9260,7830,3478609
111317029,9418,7850,3478610
111317061,9370,7836,3478611
111317093,9466,7810,3478612
111317125,9298,7795,3478613
111317157,9594,7599,3478614
111317189,9605,7626,3478615
111317221,9319,7596,3478616
111317253,9258,7639,3478617
111317285,9408,7601,3478618
111317317,9612,7584,3478619
111317349,9282,7604,3478620
111317381,9463,7571,3478621
111317413,9529,7574,3478622
111317445,9530,7638,3478623
111317477,9353,7544,3478624
111317509,9327,7617,3478625
111317541,9560,7447,3478626
111317573,9408,7449,3478627
111317605,9220,7398,3478628
111317637,9483,7453,3478629
111317669,9373,7374,3478630
111317701,9218,7375,3478631
111317733,9259,7410,3478632
111317765,9485,7462,3478633
111317797,9488,7382,3478634
111317829,9209,7416,3478635
111317861,9342,7437,3478636
111317893,9491,7441,3478637
111317925,9244,7419,3478638
111317957,9240,7202,3478639
111317989,9282,7247,3478640
111318021,9407,7247,3478641
111318053,9249,7226,3478642
111318085,9260,7207,3478643
111318117,9365,7219,3478644
111318149,9305,7242,3478645
111318181,9429,7202,3478646
111318213,9127,7215,3478647
111318245,9462,7165,3478648
111318277,9425,7242,3478649
111318309,9445,7217,3478650
111318341,9155,7043,3478651
111318373,9328,6986,3478652
111318405,9408,6986,3478653
111318437,9262,7070,3478654
111318469,9253,7051,3478655
111318501,9541,6966,3478656
111318533,9496,7018,3478657
111318565,9185,7000,3478658
111318597,9202,7015,3478659
111318629,9408,7013,3478660
111318661,9465,7060,3478661
111318693,9390,7029,3478662
111318725,9455,6802,3478663
111318757,9531,6788,3478664
111318789,9152,6822,3478665
111318821,8989,6816,3478666
111318853,9504,6786,3478667
111318885,9298,6810,3478668
111318917,9223,6798,3478669
111318949,9515,6865,3478670
111318981,9398,6807,3478671
111319013,9432,6788,3478672
111319045,9332,6809,3478673
111319077,9212,6799,3478674
111319109,9455,6601,3478675
111319141,9403,6644,3478676
111319173,9267,6649,3478677
111319205,9477,6613,3478678
111319237,9417,6647,3478679
111319269,9192,6577,3478680
111319301,9094,6638,3478681
111319333,9385,6625,3478682
111319365,9402,6575,3478683
111319397,9409,6570,3478684
111319429,9431,6589,3478685
111319461,9466,6642,3478686
111319493,9400,6556,3478687
111319525,9242,6419,3478688
111319557,9095,6425,3478689
111319589,9648,6415,3478690
111319621,9421,6415,3478691
111319653,9161,6418,3478692
111319685,9389,6436,3478693
111319717,9439,6380,3478694
111319749,9296,6401,3478695
111319781,9281,6443,3478696
111319813,9449,6399,3478697
111319845,9435,6424,3478698
111319877,9285,6387,3478699
111319909,9168,6209,3478700
111319941,9369,6170,3478701
111319973,9371,6258,3478702
111320005,9099,6154,3478703
111320037,9378,6232,3478704
111320069,9378,6251,3478705
111320101,9346,6232,3478706
111320133,9244,6250,3478707
111320165,9270,6257,3478708
111320197,9278,6174,3478709
111320229,9161,6222,3478710
111320261,9300,6241,3478711
111320293,9202,6040,3478712
111320325,9350,6026,3478713
111320357,9298,6021,3478714
111320389,9136,6010,3478715
111320421,9384,6022,3478716
111320453,9352,6025,3478717
111320485,9201,6028,3478718
111320517,9320,6022,3478719
111320549,9360,6017,3478720
111320581,9362,6022,3478721
111320613,9093,6020,3478722
111320645,9181,6036,3478723
111320677,9497,5798,3478724
111320709,9280,5890,3478725
111320741,9325,5847,3478726
111320773,9345,5789,3478727
111320805,9379,5848,3478728
111320837,9155,5783,3478729
111320869,9016,5810,3478730
111320901,9545,5795,3478731
111320933,9427,5815,3478732
111320965,9178,5829,3478733
111320997,9248,5854,3478734
111321029,9263,5825,3478735
111321061,9191,5580,3478736
111321093,9140,5638,3478737
111321125,9300,5585,3478738
111321157,9425,5581,3478739
111321189,9380,5612,3478740
111321221,9154,5637,3478741
111321253,9347,5626,3478742
111321285,9273,5568,3478743
111321317,9092,5629,3478744
111321349,9211,5658,3478745
111321381,9497,5630,3478746
111321413,9308,5626,3478747
111321445,9329,5637,3478748
111321477,9163,5405,3478749
111321509,9159,5466,3478750
111321541,9286,5438,3478751
111321573,9142,5460,3478752
111321605,9266,5500,3478753
111321637,9461,5446,3478754
111321669,9368,5429,3478755
111321701,9118,5405,3478756
111321733,9089,5441,3478757
111321765,9463,5473,3478758
111321797,9139,5470,3478759
111321829,9181,5456,3478760
111321861,9311,5250,3478761
111321893,9250,5280,3478762
111321925,9039,5273,3478763
111321957,9016,5237,3478764
111321989,9374,5269,3478765
111322021,9245,5196,3478766
111322053,9094,5238,3478767
111322085,9291,5275,3478768
111322117,9376,5298,3478769
111322149,9149,5237,3478770
111322181,9094,5212,3478771
111322213,9477,5252,3478772
111322245,9123,5092,3478773
111322277,9072,5075,3478774
111322309,9378,5130,3478775
111322341,9133,5008,3478776
111322373,9242,5023,3478777
111322405,9042,5020,3478778
111322437,9162,5045,3478779
111322469,9130,5116,3478780
111322501,9178,5056,3478781
111322533,9368,5067,3478782
111322565,9165,5047,3478783
111322597,9312,5042,3478784
111322629,9040,4875,3478785
111322661,9122,4882,3478786
111322693,9246,4900,3478787
111322725,9423,4836,3478788
111322757,9428,4888,3478789
111322789,9174,4869,3478790
111322821,9088,4817,3478791
111322853,9114,4879,3478792
111322885,8985,4891,3478793
111322917,9121,4888,3478794
111322949,9326,4876,3478795
111322981,9190,4911,3478796
111323013,9033,4736,3478797
111323045,9175,4739,3478798
111323077,9289,4670,3478799
111323109,9206,4749,3478800
111323141,9040,4681,3478801
111323173,9254,4713,3478802
111323205,9270,4704,3478803
111323237,9036,4743,3478804
111323269,9122,4749,3478805
111323301,9194,4645,3478806
111323333,9162,4675,3478807
111323365,9031,4716,3478808
111323397,9275,4652,3478809
111323429,9306,4503,3478810
111323461,9112,4484,3478811
111323493,8980,4528,3478812
111323525,9145,4507,3478813
111323557,9059,4536,3478814
111323589,9248,4467,3478815
111323621,9262,4435,3478816
111323653,9121,4488,3478817
111323685,9241,4524,3478818
111323717,9238,4486,3478819
111323749,8968,4553,3478820
111323781,9254,4504,3478821
111323813,9213,4342,3478822
111323845,9183,4327,3478823
111323877,9195,4303,3478824
111323909,9216,4302,3478825
111323941,9181,4329,3478826
111323973,9009,4322,3478827
111324005,9084,4297,3478828
111324037,9363,4312,3478829
111324069,9326,4330,3478830
111324101,8953,4317,3478831
111324133,9091,4345,3478832
111324165,9201,4320,3478833
111324197,9015,4135,3478834
111324229,9021,4146,3478835
111324261,9216,4169,3478836
111324293,9213,4123,3478837
111324325,9151,4158,3478838
111324357,9153,4148,3478839
111324389,9084,4122,3478840
111324421,9122,4168,3478841
111324453,9050,4144,3478842
111324485,9123,4150,3478843
111324517,9329,4175,3478844
111324549,9205,4164,3478845
111324581,8980,3965,3478846
111324613,9101,3946,3478847
111324645,9094,4004,3478848
111324677,8911,4063,3478849
111324709,9038,3963,3478850
111324741,9202,3980,3478851
111324773,9339,3946,3478852
111324805,9207,3972,3478853
111324837,8948,3993,3478854
111324869,8929,3970,3478855
111324901,9080,3960,3478856
111324933,9089,3975,3478857
111324965,9018,3800,3478858
111324997,9346,3825,3478859
111325029,9257,3811,3478860
111325061,8939,3827,3478861
111325093,8907,3800,3478862
111325125,9207,3814,3478863
111325157,9062,3795,3478864
111325189,9013,3802,3478865
111325221,9076,3815,3478866
111325253,9274,3782,3478867
111325285,8899,3866,3478868
111325317,8872,3799,3478869
111325349,9172,3820,3478870
111325381,9133,3657,3478871
111325413,8942,3632,3478872
111325445,9093,3661,3478873
111325477,9255,3655,3478874
111325509,8968,3682,3478875
111325541,8924,3632,3478876
111325573,9074,3658,3478877
111325605,9165,3671,3478878
111325637,9067,3620,3478879
111325669,9076,3651,3478880
111325701,9058,3665,3478881
111325733,9122,3626,3478882
111325765,9046,3456,3478883
111325797,8930,3422,3478884
111325829,9056,3508,3478885
111325861,9202,3480,3478886
111325893,9033,3462,3478887
111325925,8933,3474,3478888
111325957,8986,3414,3478889
111325989,8998,3434,3478890
111326021,8979,3445,3478891
111326053,8982,3538,3478892
111326085,9339,3445,3478893
111326117,9146,3475,3478894
111326149,8820,3313,3478895
111326181,8988,3265,3478896
111326213,9110,3302,3478897
111326245,8956,3264,3478898
111326277,9016,3304,3478899
111326309,9095,3326,3478900
111326341,9032,3351,3478901
111326373,8955,3325,3478902
111326405,8800,3345,3478903
111326437,8995,3304,3478904
111326469,9087,3311,3478905
111326501,8875,3264,3478906
111326533,8908,3145,3478907
111326565,9087,3120,3478908
111326597,8914,3132,3478909
111326629,8835,3160,3478910
111326661,8977,3137,3478911
111326693,9028,3196,3478912
111326725,8976,3181,3478913
111326757,9038,3156,3478914
111326789,9099,3210,3478915
111326821,8974,3220,3478916
111326853,8912,3165,3478917
111326885,8639,3120,3478918
111326917,8810,2966,3478919
111326949,9083,2984,3478920
111326981,8841,2991,3478921
111327013,9053,2957,3478922
111327045,8982,3002,3478923
111327077,9014,2999,3478924
111327109,8868,2978,3478925
111327141,8832,2988,3478926
111327173,9052,2967,3478927
111327205,8937,2912,3478928
111327237,8872,2980,3478929
111327269,8855,3005,3478930
111327301,9104,2981,3478931
111327333,8797,2813,3478932
111327365,8699,2847,3478933
111327397,9214,2804,3478934
111327429,9150,2794,3478935
111327461,8617,2786,3478936
111327493,8834,2841,3478937
111327525,9130,2800,3478938
111327557,8860,2835,3478939
111327589,8684,2844,3478940
111327621,8888,2840,3478941
111327653,9008,2788,3478942
111327685,8924,2794,3478943
111327717,8930,2662,3478944
111327749,9100,2683,3478945
111327781,8916,2703,3478946
111327813,8941,2694,3478947
111327845,8965,2646,3478948
111327877,9094,2712,3478949
111327909,8991,2713,3478950
111327941,8964,2744,3478951
111327973,8938,2632,3478952
111328005,8915,2724,3478953
111328037,8834,2662,3478954
111328069,8768,2687,3478955
111328101,8914,2546,3478956
111328133,9044,2472,3478957
111328165,9027,2557,3478958
111328197,8696,2524,3478959
111328229,8710,2513,3478960
111328261,9066,2484,3478961
111328293,8785,2484,3478962
111328325,8881,2536,3478963
111328357,8961,2556,3478964
111328389,8994,2492,3478965
111328421,8577,2528,3478966
111328453,8554,2569,3478967
111328485,9053,2361,3478968
111328517,9005,2406,3478969
111328549,8658,2387,3478970
111328581,8876,2394,3478971
111328613,9174,2401,3478972
111328645,8776,2396,3478973
111328677,8759,2357,3478974
111328709,9031,2357,3478975
111328741,8913,2374,3478976
111328773,8740,2360,3478977
111328805,8852,2421,3478978
111328837,8899,2421,3478979
111328869,8770,2249,3478980
111328901,8660,2232,3478981
111328933,8830,2242,3478982
111328965,8856,2249,3478983
111328997,8886,2227,3478984
111329029,8749,2213,3478985
111329061,8889,2248,3478986
111329093,8864,2266,3478987
111329125,8815,2272,3478988
111329157,8709,2254,3478989
111329189,8819,2251,3478990
111329221,8904,2256,3478991
111329253,9012,2254,3478992
111329285,8779,2145,3478993
111329317,8783,2107,3478994
111329349,9002,2108,3478995
111329381,8880,2134,3478996
111329413,8703,2100,3478997
111329445,9003,2095,3478998
111329477,8936,2125,3478999
111329509,8737,2108,3479000
111329541,8663,2157,3479001
111329573,8942,2117,3479002
111329605,8816,2136,3479003
111329637,8773,2157,3479004
111329669,8863,1967,3479005
111329701,8974,1910,3479006
111329733,8817,1997,3479007
111329765,8535,1970,3479008
111329797,8910,1931,3479009
111329829,8885,1958,3479010
111329861,8700,1944,3479011
111329893,8818,2006,3479012
111329925,8816,1978,3479013
111329957,8745,1989,3479014
111329989,8609,1971,3479015
111330021,8656,1927,3479016
111330053,8801,1824,3479017
111330085,8932,1881,3479018
111330117,8824,1852,3479019
111330149,8782,1852,3479020
111330181,8765,1940,3479021
111330213,8738,1871,3479022
111330245,8611,1858,3479023
111330277,8706,1818,3479024
111330309,8932,1815,3479025
111330341,8839,1813,3479026
111330373,8650,1833,3479027
111330405,8857,1869,3479028
111330437,8800,1740,3479029
111330469,8629,1810,3479030
111330501,8678,1708,3479031
111330533,8813,1707,3479032
111330565,8988,1705,3479033
111330597,8476,1726,3479034
111330629,8643,1711,3479035
111330661,8812,1752,3479036
111330693,8513,1720,3479037
111330725,8504,1675,3479038
111330757,8733,1720,3479039
111330789,8823,1744,3479040
111330821,8644,1731,3479041
111330853,8477,1542,3479042
111330885,8706,1575,3479043
111330917,8613,1595,3479044
111330949,8566,1570,3479045
111330981,8597,1602,3479046
111331013,8801,1592,3479047
111331045,8766,1627,3479048
111331077,8671,1599,3479049
111331109,8638,1601,3479050
111331141,8736,1596,3479051
111331173,8695,1620,3479052
111331205,8735,1598,3479053
111331237,8769,1484,3479054
111331269,8744,1472,3479055
111331301,8759,1452,3479056
111331333,8508,1474,3479057
111331365,8550,1478,3479058
111331397,8810,1469,3479059
111331429,8766,1451,3479060
111331461,8601,1477,3479061
111331493,8860,1497,3479062
111331525,8744,1458,3479063
111331557,8393,1506,3479064
111331589,8537,1467,3479065
111331621,8775,1358,3479066
111331653,8657,1388,3479067
111331685,8586,1392,3479068
111331717,8733,1370,3479069
111331749,8631,1337,3479070
111331781,8531,1375,3479071
111331813,8473,1376,3479072
111331845,8630,1328,3479073
111331877,8701,1386,3479074
111331909,8516,1387,3479075
111331941,8666,1387,3479076
111331973,8874,1349,3479077
111332005,8569,1208,3479078
111332037,8484,1238,3479079
111332069,8594,1282,3479080
111332101,8696,1260,3479081
111332133,8652,1312,3479082
111332165,8643,1252,3479083
111332197,8616,1291,3479084
111332229,8688,1254,3479085
111332261,8580,1228,3479086
111332293,8391,1259,3479087
111332325,8609,1232,3479088
111332357,8794,1246,3479089
111332389,8617,1130,3479090
111332421,8465,1112,3479091
111332453,8580,1165,3479092
111332485,8435,1133,3479093
111332517,8607,1193,3479094
111332549,8473,1127,3479095
111332581,8705,1166,3479096
111332613,8786,1172,3479097
111332645,8424,1176,3479098
111332677,8499,1169,3479099
111332709,8747,1172,3479100
111332741,8475,1169,3479101
111332773,8368,1154,3479102
111332805,8774,1022,3479103
111332837,8661,1080,3479104
111332869,8451,1033,3479105
111332901,8465,1016,3479106
111332933,8576,1114,3479107
111332965,8583,1010,3479108
111332997,8507,1057,3479109
111333029,8491,1022,3479110
111333061,8769,1018,3479111
111333093,8536,1073,3479112
111333125,8378,1091,3479113
111333157,8632,992,3479114
111333189,8616,967,3479115
111333221,8509,961,3479116
111333253,8541,907,3479117
111333285,8559,940,3479118
111333317,8605,954,3479119
111333349,8489,981,3479120
111333381,8437,963,3479121
111333413,8495,961,3479122
111333445,8628,933,3479123
111333477,8627,949,3479124
111333509,8323,968,3479125
111333541,8598,960,3479126
111333573,8697,823,3479127
111333605,8393,823,3479128
111333637,8401,902,3479129
111333669,8496,836,3479130
111333701,8564,881,3479131
111333733,8314,842,3479132
111333765,8459,901,3479133
111333797,8580,965,3479134
111333829,8332,832,3479135
111333861,8340,879,3479136
111333893,8662,819,3479137
111333925,8748,835,3479138
111333957,8416,776,3479139
111333989,8442,802,3479140
111334021,8543,768,3479141
111334053,8379,760,3479142
111334085,8323,806,3479143
111334117,8436,780,3479144
111334149,8466,801,3479145
111334181,8385,818,3479146
111334213,8376,762,3479147
111334245,8284,737,3479148
111334277,8409,752,3479149
111334309,8364,789,3479150
111334341,8361,702,3479151
111334373,8579,680,3479152
111334405,8469,720,3479153
111334437,8332,703,3479154
111334469,8366,710,3479155
111334501,8446,670,3479156
111334533,8389,697,3479157
111334565,8255,663,3479158
111334597,8356,704,3479159
111334629,8622,714,3479160
111334661,8549,690,3479161
111334693,8167,660,3479162
111334725,8328,666,3479163
111334757,8531,612,3479164
111334789,8361,584,3479165
111334821,8154,630,3479166
111334853,8604,693,3479167
111334885,8524,583,3479168
111334917,8180,568,3479169
111334949,8199,624,3479170
111334981,8528,541,3479171
111335013,8528,612,3479172
111335045,8322,646,3479173
111335077,8470,676,3479174
111335109,8549,610,3479175
111335141,8284,567,3479176
111335173,8326,538,3479177
111335205,8311,503,3479178
111335237,8476,518,3479179
111335269,8350,467,3479180
111335301,8384,747,3479181
111335333,8411,504,3479182
111335365,8393,487,3479183
111335397,8309,497,3479184
111335429,8284,465,3479185
111335461,8343,556,3479186
111335493,8481,479,3479187
111335525,8385,484,3479188
111335557,8264,508,3479189
111335589,8302,459,3479190
111335621,8323,422,3479191
111335653,8231,481,3479192
111335685,8310,440,3479193
111335717,8533,468,3479194
111335749,8405,432,3479195
111335781,8250,476,3479196
111335813,8165,427,3479197
111335845,8550,446,3479198
111335877,8382,486,3479199
111335909,7972,420,3479200
111335941,8468,397,3479201
111335973,8483,345,3479202
111336005,8098,432,3479203
111336037,8159,407,3479204
111336069,8374,382,3479205
111336101,8268,379,3479206
111336133,8183,406,3479207
111336165,8326,451,3479208
111336197,8344,351,3479209
111336229,8141,334,3479210
111336261,8111,423,3479211
111336293,8268,264,3479212
111336325,8268,308,3479213
111336357,8270,390,3479214
111336389,8133,372,3479215
111336421,8417,373,3479216
111336453,8208,304,3479217
111336485,8214,295,3479218
111336517,8170,342,3479219
111336549,8301,272,3479220
111336581,8356,329,3479221
111336613,8276,294,3479222
111336645,8175,352,3479223
111336677,8434,328,3479224
111336709,8285,356,3479225
111336741,7996,324,3479226
111336773,8243,297,3479227
111336805,8444,315,3479228
111336837,8275,287,3479229
111336869,8169,349,3479230
111336901,8325,380,3479231
111336933,8240,376,3479232
111336965,8134,363,3479233
111336997,8177,373,3479234
111337029,8353,356,3479235
111337061,8376,307,3479236
111337093,8166,352,3479237
111337125,8193,384,3479238
111337157,8433,334,3479239
111337189,8090,322,3479240
111337221,7999,321,3479241
111337253,8276,390,3479242
111337285,8393,335,3479243
111337317,8029,382,3479244
111337349,8100,352,3479245
111337381,8290,347,3479246
111337413,8208,341,3479247
111337445,8078,368,3479248
111337477,8021,349,3479249
111337509,8311,290,3479250
111337541,8227,319,3479251
111337573,7981,379,3479252
111337605,8134,323,3479253
111337637,8145,237,3479254
111337669,8108,339,3479255
111337701,8213,308,3479256
111337733,8261,354,3479257
111337765,8270,344,3479258
111337797,8186,366,3479259
111337829,7972,293,3479260
111337861,7913,286,3479261
111337893,8262,283,3479262
111337925,8012,341,3479263
111337957,7955,274,3479264
111337989,8273,400,3479265
111338021,8209,345,3479266
111338053,8029,360,3479267
111338085,7849,295,3479268
111338117,8205,368,3479269
111338149,8227,344,3479270
111338181,8113,329,3479271
111338213,8105,371,3479272
111338245,8254,293,3479273
111338277,8072,348,3479274
111338309,7804,335,3479275
111338341,8189,303,3479276
111338373,8350,285,3479277
111338405,8152,376,3479278
111338437,7915,345,3479279
111338469,8358,327,3479280
111338501,7970,343,3479281
111338533,8062,330,3479282
111338565,8110,309,3479283
111338597,8169,295,3479284
111338629,8058,385,3479285
111338661,8189,333,3479286
111338693,8012,342,3479287
111338725,8142,294,3479288
111338757,8179,344,3479289
111338789,7998,322,3479290
111338821,8185,333,3479291
111338853,8190,319,3479292
111338885,8121,319,3479293
111338917,8128,340,3479294
111338949,7960,341,3479295
111338981,8137,296,3479296
111339013,8032,360,3479297
111339045,7867,341,3479298
111339077,8211,296,3479299
111339109,8349,334,3479300
111339141,7851,321,3479301
111339173,7819,322,3479302
111339205,8304,334,3479303
111339237,8045,314,3479304
111339269,7856,345,3479305
111339301,8140,343,3479306
111339333,8133,315,3479307
111339365,7946,282,3479308
111339397,7921,325,3479309
111339429,8233,324,3479310
111339461,8170,376,3479311
111339493,8006,332,3479312
111339525,7891,369,3479313
111339557,8165,294,3479314
111339589,7944,355,3479315
111339621,7843,305,3479316
111339653,8078,362,3479317
111339685,7983,332,3479318
111339717,8068,360,3479319
111339749,7931,387,3479320
111339781,8021,479,3479321
111339813,8054,324,3479322
111339845,7968,346,3479323
111339877,7970,335,3479324
111339909,7888,325,3479325
111339941,8034,314,3479326
111339973,7920,315,3479327
111340005,7860,320,3479328
111340037,8028,298,3479329
111340069,7962,349,3479330
111340101,7833,321,3479331
111340133,7978,323,3479332
111340165,8014,389,3479333
111340197,8041,390,3479334
111340229,7984,326,3479335
111340261,7995,352,3479336
111340293,8028,295,3479337
111340325,7918,335,3479338
111340357,7810,309,3479339
111340389,8027,291,3479340
111340421,8293,357,3479341
111340453,7852,356,3479342
111340485,7805,354,3479343
111340517,7905,315,3479344
111340549,7954,287,3479345
111340581,7864,328,3479346
111340613,7978,335,3479347
111340645,8088,329,3479348
111340677,7910,267,3479349
111340709,7815,332,3479350
111340741,7980,275,3479351
111340773,8054,298,3479352
111340805,7963,338,3479353
111340837,7993,342,3479354
111340869,7964,346,3479355
111340901,7908,363,3479356
111340933,7823,327,3479357
111340965,7800,342,3479358
111340997,7986,303,3479359
111341029,7881,348,3479360
111341061,7867,314,3479361
111341093,7915,345,3479362
111341125,8107,270,3479363
111341157,8006,399,3479364
111341189,7849,356,3479365
111341221,7656,354,3479366
111341253,7971,345,3479367
111341285,8005,261,3479368
111341317,7796,348,3479369
111341349,7962,362,3479370
111341381,8079,306,3479371
111341413,7682,327,3479372
111341445,7640,335,3479373
111341477,7987,258,3479374
111341509,7965,312,3479375
111341541,7767,329,3479376
111341573,7904,366,3479377
111341605,8006,307,3479378
111341637,7866,352,3479379
111341669,7662,313,3479380
111341701,7944,345,3479381
111341733,7885,362,3479382
111341765,7795,390,3479383
111341797,7943,352,3479384
111341829,7825,305,3479385
111341861,7814,377,3479386
111341893,7710,350,3479387
111341925,7765,326,3479388
111341957,7916,301,3479389
111341989,8069,342,3479390
111342021,7929,342,3479391
111342053,7719,358,3479392
111342085,7747,293,3479393
111342117,7740,270,3479394
111342149,7768,351,3479395
111342181,7872,341,3479396
111342213,8069,311,3479397
111342245,7973,310,3479398
111342277,7736,346,3479399
111342309,7802,309,3479400
111342341,7872,371,3479401
111342373,7875,349,3479402
111342405,7728,323,3479403
111342437,7901,304,3479404
111342469,7998,300,3479405
111342501,7648,324,3479406
111342533,7677,288,3479407
111342565,7878,347,3479408
111342597,7854,298,3479409
111342629,7673,324,3479410
111342661,7750,369,3479411
111342693,7887,352,3479412
111342725,7724,351,3479413
111342757,7590,322,3479414
111342789,7753,346,3479415
111342821,7780,357,3479416
111342853,7688,323,3479417
111342885,7556,287,3479418
111342917,7935,323,3479419
111342949,7816,308,3479420
111342981,7551,305,3479421
111343013,7808,376,3479422
111343045,7665,293,3479423
111343077,7780,301,3479424
111343109,7868,318,3479425
111343141,7782,311,3479426
111343173,7889,362,3479427
111343205,7832,270,3479428
111343237,7592,322,3479429
111343269,7728,315,3479430
111343301,7854,346,3479431
111343333,7804,357,3479432
111343365,7535,265,3479433
111343397,7832,340,3479434
111343429,7793,351,3479435
111343461,7646,342,3479436
111343493,7633,386,3479437
111343525,7771,289,3479438
111343557,7999,315,3479439
111343589,7756,346,3479440
111343621,7599,366,3479441
111343653,7871,297,3479442
111343685,7637,313,3479443
111343717,7403,319,3479444
111343749,7800,358,3479445
111343781,7960,363,3479446
111343813,7470,367,3479447
111343845,7677,302,3479448
111343877,7799,312,3479449
111343909,7747,306,3479450
111343941,7741,317,3479451
111343973,7750,376,3479452
111344005,7827,293,3479453
111344037,7809,300,3479454
111344069,7510,321,3479455
111344101,7608,321,3479456
111344133,7714,340,3479457
111344165,7662,376,3479458
111344197,7685,326,3479459
111344229,7771,312,3479460
111344261,7718,323,3479461
111344293,7628,322,3479462
111344325,7649,359,3479463
111344357,7535,318,3479464
111344389,7726,290,3479465
111344421,7719,329,3479466
111344453,7518,351,3479467
111344485,7744,299,3479468
111344517,7794,303,3479469
111344549,7547,355,3479470
111344581,7358,301,3479471
111344613,7733,248,3479472
111344645,7676,380,3479473
111344677,7590,343,3479474
111344709,7757,347,3479475
111344741,7715,305,3479476
111344773,7626,294,3479477
111344805,7432,335,3479478
111344837,7720,350,3479479
111344869,7861,278,3479480
111344901,7532,293,3479481
111344933,7566,316,3479482
111344965,7576,303,3479483
111344997,7538,280,3479484
111345029,7396,327,3479485
111345061,7517,329,3479486
111345093,7604,296,3479487
111345125,7633,328,3479488
111345157,7596,315,3479489
111345189,7570,319,3479490
111345221,7671,341,3479491
111345253,7599,311,3479492
111345285,7467,338,3479493
111345317,7616,334,3479494
111345349,7766,344,3479495
111345381,7518,380,3479496
111345413,7624,286,3479497
111345445,7578,310,3479498
111345477,7552,374,3479499
111345509,7489,330,3479500
111345541,7572,375,3479501
111345573,7643,307,3479502
111345605,7712,353,3479503
111345637,7559,287,3479504
111345669,7318,276,3479505
111345701,7679,323,3479506
111345733,7579,300,3479507
111345765,7498,337,3479508
111345797,7548,446,3479509
111345829,7660,326,3479510
111345861,7466,274,3479511
111345893,7443,366,3479512
111345925,7553,355,3479513
111345957,7654,344,3479514
111345989,7439,354,3479515
111346021,7552,368,3479516
111346053,7705,324,3479517
111346085,7632,358,3479518
111346117,7363,439,3479519
111346149,7466,375,3479520
111346181,7650,339,3479521
111346213,7551,314,3479522
111346245,7469,451,3479523
111346277,7555,408,3479524
111346309,7642,337,3479525
111346341,7357,382,3479526
111346373,7326,330,3479527
111346405,7457,404,3479528
111346437,7569,364,3479529
111346469,7589,432,3479530
111346501,7547,508,3479531
111346533,7489,408,3479532
111346565,7531,442,3479533
111346597,7338,441,3479534
111346629,7404,437,3479535
111346661,7677,437,3479536
111346693,7566,434,3479537
111346725,7358,445,3479538
111346757,7270,454,3479539
111346789,7543,462,3479540
111346821,7499,416,3479541
111346853,7311,582,3479542
111346885,7582,506,3479543
111346917,7576,509,3479544
111346949,7462,494,3479545
111346981,7236,560,3479546
111347013,7630,514,3479547
111347045,7503,510,3479548
111347077,7231,518,3479549
111347109,7402,550,3479550
111347141,7587,507,3479551
111347173,7520,492,3479552
111347205,7296,584,3479553
111347237,7442,657,3479554
111347269,7546,547,3479555
111347301,7469,635,3479556
111347333,7480,610,3479557
111347365,7592,598,3479558
111347397,7518,612,3479559
111347429,7466,590,3479560
111347461,7316,620,3479561
111347493,7517,612,3479562
111347525,7494,604,3479563
111347557,7476,596,3479564
111347589,7623,623,3479565
111347621,7639,741,3479566
111347653,7492,675,3479567
111347685,7420,633,3479568
111347717,7281,667,3479569
111347749,7481,633,3479570
111347781,7422,702,3479571
111347813,7378,703,3479572
111347845,7462,663,3479573
111347877,7468,647,3479574
111347909,7395,665,3479575
111347941,7240,662,3479576
111347973,7415,681,3479577
111348005,7634,652,3479578
111348037,7366,704,3479579
111348069,7417,795,3479580
111348101,7443,799,3479581
111348133,7371,758,3479582
111348165,7238,752,3479583
111348197,7416,702,3479584
111348229,7572,786,3479585
111348261,7388,716,3479586
111348293,7266,780,3479587
111348325,7404,805,3479588
111348357,7351,772,3479589
111348389,7328,711,3479590
111348421,7279,908,3479591
111348453,7518,874,3479592
111348485,7509,866,3479593
111348517,7293,856,3479594
111348549,7248,836,3479595
111348581,7453,918,3479596
111348613,7357,886,3479597
111348645,7558,825,3479598
111348677,7282,811,3479599
111348709,7420,882,3479600
111348741,7385,873,3479601
111348773,7219,852,3479602
111348805,7238,910,3479603
111348837,7274,957,3479604
111348869,7253,936,3479605
111348901,7144,970,3479606
111348933,7449,941,3479607
111348965,7507,935,3479608
111348997,7328,938,3479609
111349029,7016,907,3479610
111349061,7448,912,3479611
111349093,7440,938,3479612
111349125,7283,947,3479613
111349157,7316,987,3479614
111349189,7523,1059,3479615
111349221,7247,1024,3479616
111349253,7092,1030,3479617
111349285,7362,1097,3479618
111349317,7472,1064,3479619
111349349,7349,1010,3479620
111349381,7208,1057,3479621
111349413,7459,1092,3479622
111349445,7203,1072,3479623
111349477,7094,1010,3479624
111349509,7328,1082,3479625
111349541,7333,1002,3479626
111349573,7350,1177,3479627
111349605,7328,1150,3479628
111349637,7295,1178,3479629
111349669,7145,1169,3479630
111349701,7228,1183,3479631
111349733,7207,1133,3479632
111349765,7166,1172,3479633
111349797,7366,1215,3479634
111349829,7381,1126,3479635
111349861,7248,1179,3479636
111349893,7256,1169,3479637
111349925,7317,1155,3479638
111349957,7176,1133,3479639
111349989,7134,1210,3479640
111350021,7408,1249,3479641
111350053,7559,1245,3479642
111350085,7253,1244,3479643
111350117,7031,1327,3479644
111350149,7238,1286,3479645
111350181,7360,1239,3479646
111350213,7039,1226,3479647
111350245,7309,1242,3479648
111350277,7653,1260,3479649
111350309,7093,1238,3479650
111350341,7074,1293,3479651
111350373,7214,1409,3479652
111350405,7379,1328,3479653
111350437,7211,1371,3479654
111350469,7211,1343,3479655
111350501,7362,1373,3479656
111350533,7237,1375,3479657
111350565,7045,1395,3479658
111350597,7132,1350,3479659
111350629,7273,1334,3479660
111350661,7341,1305,3479661
111350693,7073,1413,3479662
111350725,7318,1300,3479663
111350757,7257,1477,3479664
111350789,7207,1508,3479665
111350821,7138,1460,3479666
111350853,7090,1490,3479667
111350885,7135,1427,3479668
111350917,7317,1472,3479669
111350949,7201,1483,3479670
111350981,7101,1416,3479671
111351013,7334,1521,3479672
111351045,6995,1461,3479673
111351077,6921,1480,3479674
111351109,7360,1453,3479675
111351141,7209,1597,3479676
111351173,7126,1576,3479677
111351205,7158,1581,3479678
111351237,7242,1597,3479679
111351269,7085,1616,3479680
111351301,6884,1672,3479681
111351333,7201,1598,3479682
111351365,7391,1585,3479683
111351397,7194,1576,3479684
111351429,7054,1546,3479685
111351461,7256,1599,3479686
111351493,7216,1542,3479687
111351525,6951,1766,3479688
111351557,7253,1697,3479689
111351589,7297,1686,3479690
111351621,7247,1699,3479691
111351653,7128,1773,3479692
111351685,7145,1766,3479693
111351717,7176,1696,3479694
111351749,7145,1726,3479695
111351781,7194,1749,3479696
111351813,7138,1790,3479697
111351845,7265,1763,3479698
111351877,7234,1718,3479699
111351909,7010,1751,3479700
111351941,7260,1849,3479701
111351973,7200,1837,3479702
111352005,7058,1806,3479703
111352037,7249,1827,3479704
111352069,7208,1845,3479705
111352101,7435,1824,3479706
111352133,7240,1887,3479707
111352165,6932,1818,3479708
111352197,7246,1871,3479709
111352229,7270,1859,3479710
111352261,6982,1839,3479711
111352293,7194,1851,3479712
111352325,7370,1975,3479713
111352357,7058,1964,3479714
111352389,6938,1974,3479715
111352421,7136,1950,3479716
111352453,7165,2013,3479717
111352485,7240,1927,3479718
111352517,7049,2015,3479719
111352549,7153,2000,3479720
111352581,7071,1967,3479721
111352613,6900,1911,3479722
111352645,7044,1959,3479723
111352677,7241,1948,3479724
111352709,7070,2098,3479725
111352741,7059,2118,3479726
111352773,7240,2087,3479727
111352805,7143,2128,3479728
111352837,6968,2178,3479729
111352869,6976,2146,3479730
111352901,7132,2102,3479731
111352933,7168,2110,3479732
111352965,7332,2076,3479733
111352997,7042,2105,3479734
111353029,7147,2082,3479735
111353061,7160,2071,3479736
111353093,7050,2286,3479737
111353125,7041,2179,3479738
111353157,7196,2237,3479739
111353189,7147,2210,3479740
111353221,7090,2241,3479741
111353253,6924,2281,3479742
111353285,7078,2226,3479743
111353317,7088,2234,3479744
111353349,6945,2216,3479745
111353381,7070,2273,3479746
111353413,7389,2266,3479747
111353445,6996,2208,3479748
111353477,6913,2277,3479749
111353509,7024,2375,3479750
111353541,7141,2384,3479751
111353573,6861,2356,3479752
111353605,7121,2376,3479753
111353637,7200,2377,3479754
111353669,7035,2370,3479755
111353701,6908,2417,3479756
111353733,6944,2421,3479757
111353765,7091,2421,3479758
111353797,7088,2393,3479759
111353829,7110,2435,3479760
111353861,7255,2413,3479761
111353893,7207,2500,3479762
111353925,6984,2553,3479763
111353957,6911,2480,3479764
111353989,6961,2510,3479765
111354021,7059,2473,3479766
111354053,6943,2488,3479767
111354085,7129,2512,3479768
111354117,7139,2556,3479769
111354149,7242,2553,3479770
111354181,7038,2529,3479771
111354213,6986,2561,3479772
111354245,7138,2510,3479773
111354277,7094,2716,3479774
111354309,6922,2702,3479775
111354341,7073,2699,3479776
111354373,7196,2675,3479777
111354405,6981,2683,3479778
111354437,6801,2663,3479779
111354469,7043,2678,3479780
111354501,7228,2632,3479781
111354533,6976,2670,3479782
111354565,6921,2695,3479783
111354597,7176,2693,3479784
111354629,7009,2653,3479785
111354661,6781,2785,3479786
111354693,6992,2812,3479787
111354725,7215,2830,3479788
111354757,7039,2853,3479789
111354789,6861,2849,3479790
111354821,6984,2812,3479791
111354853,7035,2856,3479792
111354885,7011,2814,3479793
111354917,7119,2850,3479794
111354949,7164,2799,3479795
111354981,6961,2870,3479796
111355013,7067,2862,3479797
111355045,6976,2969,3479798
111355077,6945,3012,3479799
111355109,6920,2978,3479800
111355141,7048,2938,3479801
111355173,7010,2954,3479802
111355205,6931,2967,3479803
111355237,6932,2990,3479804
111355269,6812,3004,3479805
111355301,6865,2857,3479806
111355333,7031,2949,3479807
111355365,7159,2941,3479808
111355397,6986,2989,3479809
111355429,6953,2967,3479810
111355461,7324,3152,3479811
111355493,6809,3187,3479812
111355525,6708,3182,3479813
111355557,7024,3217,3479814
111355589,7092,3104,3479815
111355621,6893,3156,3479816
111355653,7011,3158,3479817
111355685,7051,3130,3479818
111355717,6939,3149,3479819
111355749,6818,3174,3479820
111355781,7053,3140,3479821
111355813,7020,3186,3479822
111355845,7029,3295,3479823
111355877,6794,3321,3479824
111355909,7092,3330,3479825
111355941,7086,3339,3479826
111355973,6824,3366,3479827
111356005,6917,3264,3479828
111356037,7153,3266,3479829
111356069,7159,3350,3479830
111356101,7003,3294,3479831
111356133,7027,3288,3479832
111356165,6887,3285,3479833
111356197,6876,3333,3479834
111356229,6898,3498,3479835
111356261,6974,3452,3479836
111356293,6984,3506,3479837
111356325,7047,3476,3479838
111356357,6907,3502,3479839
111356389,6935,3482,3479840
111356421,6925,3479,3479841
111356453,6853,3487,3479842
111356485,6926,3465,3479843
111356517,7088,3462,3479844
111356549,7236,3517,3479845
111356581,6972,3435,3479846
111356613,6830,3678,3479847
111356645,6931,3591,3479848
111356677,7016,3636,3479849
111356709,6866,3644,3479850
111356741,6996,3640,3479851
111356773,7167,3619,3479852
111356805,6825,3641,3479853
111356837,6800,3662,3479854
111356869,6931,3620,3479855
111356901,6942,3658,3479856
111356933,6938,3630,3479857
111356965,6812,3625,3479858
111356997,7035,3769,3479859
111357029,6952,3776,3479860
111357061,6779,3782,3479861
111357093,6707,3806,3479862
111357125,6975,3796,3479863
111357157,6892,3799,3479864
111357189,6913,3814,3479865
111357221,6942,3787,3479866
111357253,7090,3784,3479867
111357285,6873,3803,3479868
111357317,6942,3814,3479869
111357349,6815,3781,3479870
111357381,7009,3833,3479871
111357413,7012,3970,3479872
111357445,6989,3985,3479873
111357477,6989,3938,3479874
111357509,7024,3992,3479875
111357541,6803,3946,3479876
111357573,6640,3972,3479877
111357605,6984,3959,3479878
111357637,6972,4002,3479879
111357669,6929,3958,3479880
111357701,7045,4050,3479881
111357733,7039,3964,3479882
111357765,6894,4006,3479883
111357797,6862,4135,3479884
111357829,6869,4170,3479885
111357861,7098,4170,3479886
111357893,6749,4128,3479887
111357925,6595,4140,3479888
111357957,6945,4126,3479889
111357989,7068,4156,3479890
111358021,6641,4105,3479891
111358053,6920,4168,3479892
111358085,7138,4146,3479893
111358117,6791,4165,3479894
111358149,6817,4120,3479895
111358181,6906,4330,3479896
111358213,7009,4287,3479897
111358245,6950,4348,3479898
111358277,6767,4325,3479899
111358309,6900,4386,3479900
111358341,7051,4323,3479901
111358373,6997,4280,3479902
111358405,6781,4384,3479903
111358437,7038,4350,3479904
111358469,7031,4306,3479905
111358501,6974,4326,3479906
111358533,6901,4324,3479907
111358565,6974,4525,3479908
111358597,7023,4525,3479909
111358629,6882,4476,3479910
111358661,6660,4499,3479911
111358693,6968,4491,3479912
111358725,6926,4516,3479913
111358757,6865,4537,3479914
111358789,6750,4483,3479915
111358821,7014,4494,3479916
111358853,6918,4477,3479917
111358885,6643,4540,3479918
111358917,6856,4552,3479919
111358949,7063,4683,3479920
111358981,6906,4739,3479921
111359013,6793,4665,3479922
111359045,6918,4674,3479923
111359077,6852,4700,3479924
111359109,6749,4714,3479925
111359141,6853,4708,3479926
111359173,6932,4725,3479927
111359205,6970,4660,3479928
111359237,6757,4709,3479929
111359269,7007,4677,3479930
111359301,6842,4720,3479931
111359333,6620,4735,3479932
111359365,6834,4848,3479933
111359397,6752,4890,3479934
111359429,6922,4874,3479935
111359461,6917,4866,3479936
111359493,6809,4940,3479937
111359525,6874,4918,3479938
111359557,6989,4894,3479939
111359589,6892,4911,3479940
111359621,6845,4893,3479941
111359653,7013,4881,3479942
111359685,7047,4839,3479943
111359717,6758,4840,3479944
111359749,6687,5079,3479945
111359781,6860,5015,3479946
111359813,6884,5097,3479947
111359845,6681,5061,3479948
111359877,6939,5078,3479949
111359909,7051,5058,3479950
111359941,6814,5038,3479951
111359973,6768,5031,3479952
111360005,6938,5051,3479953
111360037,6960,5059,3479954
111360069,6798,5042,3479955
111360101,6871,5040,3479956
111360133,7005,5266,3479957
111360165,7011,5295,3479958
111360197,6832,5243,3479959
111360229,6807,5232,3479960
111360261,6856,5243,3479961
111360293,6920,5280,3479962
111360325,6822,5235,3479963
111360357,6887,5282,3479964
111360389,6961,5233,3479965
111360421,6866,5227,3479966
111360453,6837,5210,3479967
111360485,6824,5224,3479968
111360517,6913,5426,3479969
111360549,6863,5409,3479970
111360581,6908,5457,3479971
111360613,6927,5485,3479972
111360645,6993,5418,3479973
111360677,6966,5462,3479974
111360709,6724,5472,3479975
111360741,6956,5442,3479976
111360773,7084,5414,3479977
111360805,6787,5453,3479978
111360837,6849,5478,3479979
111360869,7006,5439,3479980
111360901,6764,5600,3479981
111360933,6718,5635,3479982
111360965,6837,5620,3479983
111360997,7116,5586,3479984
111361029,6856,5596,3479985
111361061,6747,5629,3479986
111361093,6717,5629,3479987
111361125,6787,5596,3479988
111361157,6734,5668,3479989
111361189,6801,5619,3479990
111361221,7153,5695,3479991
111361253,6945,5634,3479992
111361285,6799,5629,3479993
111361317,6888,5845,3479994
111361349,6931,5850,3479995
111361381,6727,5816,3479996
111361413,6891,5812,3479997
111361445,6860,5814,3479998
111361477,6787,5845,3479999
111361509,6740,5845,3480000
111361541,6736,5775,3480001
111361573,6899,5818,3480002
111361605,6881,5818,3480003
111361637,6927,5824,3480004
111361669,6755,5857,3480005
111361701,7039,6030,3480006
111361733,6812,6009,3480007
111361765,6884,6037,3480008
111361797,6727,6020,3480009
111361829,6820,6023,3480010
111361861,6932,6038,3480011
111361893,6848,6019,3480012
111361925,6892,6028,3480013
111361957,7003,6026,3480014
111361989,6966,5992,3480015
111362021,6643,6001,3480016
111362053,6920,6006,3480017
111362085,6883,6203,3480018
111362117,6659,6219,3480019
111362149,6724,6193,3480020
111362181,6877,6206,3480021
111362213,6730,6228,3480022
111362245,6624,6239,3480023
111362277,7001,6183,3480024
111362309,7095,6222,3480025
111362341,6907,6207,3480026
111362373,6740,6192,3480027
111362405,6945,6267,3480028
111362437,6888,6178,3480029
111362469,6744,6427,3480030
111362501,6849,6390,3480031
111362533,6858,6426,3480032
111362565,6974,6422,3480033
111362597,6858,6377,3480034
111362629,6852,6442,3480035
111362661,6892,6451,3480036
111362693,6909,6406,3480037
111362725,6819,6377,3480038
111362757,6822,6448,3480039
111362789,6927,6397,3480040
111362821,6897,6414,3480041
111362853,6723,6608,3480042
111362885,6878,6637,3480043
111362917,6908,6635,3480044
111362949,6795,6582,3480045
111362981,6834,6582,3480046
111363013,6877,6614,3480047
111363045,7010,6632,3480048
111363077,6847,6610,3480049
111363109,6795,6618,3480050
111363141,6807,6639,3480051
111363173,6913,6538,3480052
111363205,6731,6602,3480053
111363237,6801,6660,3480054
111363269,7208,6806,3480055
111363301,6808,6820,3480056
111363333,6541,6819,3480057
111363365,6787,6818,3480058
111363397,6818,6794,3480059
111363429,6772,6865,3480060
111363461,6929,6801,3480061
111363493,6880,6790,3480062
111363525,6942,6803,3480063
111363557,6636,6769,3480064
111363589,6709,6830,3480065
111363621,6924,6819,3480066
111363653,6870,7038,3480067
111363685,6816,6950,3480068
111363717,6896,7014,3480069
111363749,6970,7011,3480070
111363781,6662,6994,3480071
111363813,6761,6969,3480072
111363845,6785,7037,3480073
111363877,6859,6955,3480074
111363909,7017,7012,3480075
111363941,6814,7045,3480076
111363973,6750,6966,3480077
111364005,6914,7000,3480078
111364037,6810,7220,3480079
111364069,6653,7191,3480080
111364101,6818,7234,3480081
111364133,7006,7230,3480082
111364165,6824,7218,3480083
111364197,6726,7292,3480084
111364229,6948,7149,3480085
111364261,6842,7196,3480086
111364293,6664,7237,3480087
111364325,6754,7164,3480088
111364357,7143,7191,3480089
111364389,6913,7178,3480090
111364421,6769,7438,3480091
111364453,6951,7394,3480092
111364485,6908,7392,3480093
111364517,6781,7405,3480094
111364549,6936,7407,3480095
111364581,6990,7449,3480096
111364613,6831,7410,3480097
111364645,6782,7430,3480098
111364677,6843,7460,3480099
111364709,6722,7384,3480100
111364741,6796,7420,3480101
111364773,6944,7438,3480102
111364805,6902,7446,3480103
111364837,7083,7637,3480104
111364869,7050,7601,3480105
111364901,6749,7636,3480106
111364933,6775,7586,3480107
111364965,6865,7585,3480108
111364997,6902,7582,3480109
111365029,6926,7638,3480110
111365061,6968,7679,3480111
111365093,6878,7622,3480112
111365125,6855,7643,3480113
111365157,6575,7652,3480114
111365189,6825,7590,3480115
111365221,7084,7831,3480116
111365253,6847,7828,3480117
111365285,6842,7793,3480118
111365317,7139,7824,3480119
111365349,6833,7801,3480120
111365381,6699,7857,3480121
111365413,6955,7886,3480122
111365445,6970,7814,3480123
111365477,6880,7792,3480124
111365509,6948,7839,3480125
111365541,6928,7866,3480126
111365573,6887,7836,3480127
111365605,6650,8026,3480128
111365637,6854,7976,3480129
111365669,7026,8018,3480130
111365701,6982,7967,3480131
111365733,6649,8029,3480132
111365765,6868,8015,3480133
111365797,6961,8006,3480134
111365829,6759,8054,3480135
111365861,6929,8030,3480136
111365893,6922,8031,3480137
111365925,6862,8066,3480138
111365957,6921,8037,3480139
111365989,6915,8205,3480140
111366021,6792,8237,3480141
111366053,6896,8202,3480142
111366085,6824,8211,3480143
111366117,6820,8225,3480144
111366149,7092,8202,3480145
111366181,7031,8194,3480146
111366213,6913,8228,3480147
111366245,6801,8164,3480148
111366277,6862,8164,3480149
111366309,7003,8188,3480150
111366341,6763,8220,3480151
111366373,6752,8413,3480152
111366405,7274,8379,3480153
111366437,6845,8468,3480154
111366469,6482,8410,3480155
111366501,6920,8444,3480156
111366533,7140,8412,3480157
111366565,6864,8385,3480158
111366597,6780,8360,3480159
111366629,6968,8349,3480160
111366661,6850,8379,3480161
111366693,6783,8412,3480162
111366725,6859,8397,3480163
111366757,7043,8420,3480164
111366789,6903,8640,3480165
111366821,6791,8650,3480166
111366853,7107,8660,3480167
111366885,7006,8591,3480168
111366917,6777,8632,3480169
111366949,6774,8625,3480170
111366981,6947,8626,3480171
111367013,6920,8587,3480172
111367045,6851,8594,3480173
111367077,6853,8577,3480174
111367109,6884,8620,3480175
111367141,6991,8586,3480176
111367173,6858,8803,3480177
111367205,6772,8858,3480178
111367237,6833,8777,3480179
111367269,7052,8795,3480180
111367301,6886,8810,3480181
111367333,6860,8789,3480182
111367365,7083,8822,3480183
111367397,6941,8789,3480184
111367429,6682,8826,3480185
111367461,6881,8808,3480186
111367493,7174,8779,3480187
111367525,6931,8789,3480188
111367557,6869,9048,3480189
111367589,6887,8973,3480190
111367621,6910,9013,3480191
111367653,6797,8996,3480192
111367685,6789,8990,3480193
111367717,7149,9013,3480194
111367749,7044,8972,3480195
111367781,6739,9027,3480196
111367813,6894,9047,3480197
111367845,7151,9048,3480198
111367877,6818,9032,3480199
111367909,6858,9015,3480200
111367941,6988,9272,3480201
111367973,7034,9278,3480202
111368005,6810,9268,3480203
111368037,6834,9214,3480204
111368069,7007,9251,3480205
111368101,7053,9238,3480206
111368133,6958,9218,3480207
111368165,6959,9200,3480208
111368197,7024,9206,3480209
111368229,6877,9183,3480210
111368261,6876,9204,3480211
111368293,6820,9200,3480212
111368325,6899,9487,3480213
111368357,7000,9430,3480214
111368389,7008,9439,3480215
111368421,6958,9390,3480216
111368453,6992,9423,3480217
111368485,6909,9468,3480218
111368517,6688,9385,3480219
111368549,6968,9411,3480220
111368581,6921,9408,3480221
111368613,7082,9429,3480222
111368645,6887,9398,3480223
111368677,6966,9445,3480224
111368709,6993,9361,3480225
111368741,6793,9605,3480226
111368773,6772,9635,3480227
111368805,7047,9578,3480228
111368837,7102,9662,3480229
111368869,6855,9680,3480230
111368901,6869,9663,3480231
111368933,7109,9552,3480232
111368965,6901,9623,3480233
111368997,6959,9566,3480234
111369029,7093,9655,3480235
111369061,6937,9628,3480236
111369093,6866,9655,3480237
111369125,6887,9824,3480238
111369157,6946,9866,3480239
111369189,6930,9838,3480240
111369221,6836,9818,3480241
111369253,6852,9832,3480242
111369285,6991,9808,3480243
111369317,7142,9796,3480244
111369349,6801,9899,3480245
111369381,6872,9788,3480246
111369413,6808,9847,3480247
111369445,6843,9827,3480248
111369477,6866,9846,3480249
111369509,6909,10090,3480250
111369541,7097,10049,3480251
111369573,6955,9968,3480252
111369605,6922,10030,3480253
111369637,7025,10019,3480254
111369669,7046,10024,3480255
111369701,6931,10004,3480256
111369733,6857,10007,3480257
111369765,7096,9980,3480258
111369797,6936,10019,3480259
111369829,6842,10032,3480260
111369861,6984,10016,3480261
111369893,7123,10208,3480262
111369925,6798,10236,3480263
111369957,6985,10199,3480264
111369989,7071,10192,3480265
111370021,6937,10203,3480266
111370053,6908,10204,3480267
111370085,6889,10195,3480268
111370117,7048,10195,3480269
111370149,7173,10192,3480270
111370181,6879,10242,3480271
111370213,6956,10276,3480272
111370245,7223,10177,3480273
111370277,6991,10445,3480274
111370309,6884,10438,3480275
111370341,6928,10383,3480276
111370373,7073,10393,3480277
111370405,7047,10425,3480278
111370437,7014,10393,3480279
111370469,6974,10418,3480280
111370501,7212,10399,3480281
111370533,7041,10387,3480282
111370565,6808,10365,3480283
111370597,6933,10417,3480284
111370629,7145,10381,3480285
111370661,7009,10364,3480286
111370693,6890,10669,3480287
111370725,6948,10628,3480288
111370757,6923,10568,3480289
111370789,6909,10578,3480290
111370821,6962,10614,3480291
111370853,7262,10630,3480292
111370885,6976,10627,3480293
111370917,6794,10647,3480294
111370949,6921,10591,3480295
111370981,7068,10584,3480296
111371013,6935,10622,3480297
111371045,6848,10626,3480298
111371077,7251,10824,3480299
111371109,6963,10858,3480300
111371141,6922,10749,3480301
111371173,6910,10782,3480302
111371205,7000,10751,3480303
111371237,7051,10800,3480304
111371269,7142,10823,3480305
111371301,7048,10803,3480306
111371333,7098,10838,3480307
111371365,7032,10814,3480308
111371397,6930,10865,3480309
111371429,7008,10839,3480310
111371461,7005,10965,3480311
111371493,6820,10974,3480312
111371525,6926,10954,3480313
111371557,6998,11033,3480314
111371589,7103,10949,3480315
111371621,7052,11004,3480316
111371653,6920,10980,3480317
111371685,7103,10998,3480318
111371717,7169,10965,3480319
111371749,7004,10944,3480320
111371781,6903,11074,3480321
111371813,7334,10958,3480322
111371845,7004,11211,3480323
111371877,6663,11122,3480324
111371909,7078,11194,3480325
111371941,7353,11219,3480326
111371973,7115,11157,3480327
111372005,6998,11233,3480328
111372037,7015,11184,3480329
111372069,7105,11184,3480330
111372101,6911,11172,3480331
111372133,6938,11148,3480332
111372165,7229,11149,3480333
111372197,7066,11166,3480334
111372229,6856,11418,3480335
111372261,7105,11373,3480336
111372293,7148,11389,3480337
111372325,6981,11332,3480338
111372357,7091,11356,3480339
111372389,7157,11402,3480340
111372421,6944,11390,3480341
111372453,7083,11337,3480342
111372485,7120,11362,3480343
111372517,7014,11345,3480344
111372549,7028,11362,3480345
111372581,7060,11371,3480346
111372613,6992,11426,3480347
111372645,7145,11554,3480348
111372677,7341,11563,3480349
111372709,7087,11599,3480350
111372741,6919,11547,3480351
111372773,7027,11542,3480352
111372805,7244,11493,3480353
111372837,7079,11540,3480354
111372869,7017,11564,3480355
111372901,7343,11532,3480356
111372933,7139,11556,3480357
111372965,6840,11506,3480358
111372997,6958,11578,3480359
111373029,7352,11690,3480360
111373061,7131,11689,3480361
111373093,7112,11798,3480362
111373125,7301,11736,3480363
111373157,7133,11803,3480364
111373189,7026,11709,3480365
111373221,7201,11747,3480366
111373253,7244,11746,3480367
111373285,7254,11718,3480368
111373317,7082,11731,3480369
111373349,7162,11682,3480370
111373381,7109,11729,3480371
111373413,7105,11928,3480372
111373445,7022,11930,3480373
111373477,7230,11910,3480374
111373509,7241,11894,3480375
111373541,7244,11868,3480376
111373573,7216,11858,3480377
111373605,7065,11987,3480378
111373637,7113,11987,3480379
111373669,7199,11932,3480380
111373701,7012,11943,3480381
111373733,7220,11921,3480382
111373765,7251,11934,3480383
111373797,7113,12095,3480384
111373829,6983,12113,3480385
111373861,7301,12080,3480386
111373893,7046,12135,3480387
111373925,6977,12138,3480388
111373957,7219,12142,3480389
111373989,7301,12145,3480390
111374021,7175,12100,3480391
111374053,6937,12102,3480392
111374085,7005,12076,3480393
111374117,7199,12072,3480394
111374149,7127,12074,3480395
111374181,7086,12224,3480396
111374213,7331,12246,3480397
111374245,7315,12285,3480398
111374277,6904,12255,3480399
111374309,7044,12281,3480400
111374341,7281,12335,3480401
111374373,7092,12269,3480402
111374405,7125,12264,3480403
111374437,7264,12284,3480404
111374469,7295,12250,3480405
111374501,7030,12314,3480406
111374533,7057,12311,3480407
111374565,7149,12289,3480408
111374597,7316,12414,3480409
111374629,7158,12465,3480410
111374661,7199,12450,3480411
111374693,7310,12457,3480412
111374725,7173,12434,3480413
111374757,7139,12376,3480414
111374789,7125,12419,3480415
111374821,7199,12426,3480416
111374853,7271,12463,3480417
111374885,7201,12451,3480418
111374917,7088,12469,3480419
111374949,7286,12454,3480420
111374981,7172,12580,3480421
111375013,6941,12657,3480422
111375045,7165,12644,3480423
111375077,7474,12573,3480424
111375109,7270,12600,3480425
111375141,7158,12610,3480426
111375173,7235,12651,3480427
111375205,7193,12614,3480428
111375237,6961,12626,3480429
111375269,7217,12700,3480430
111375301,7324,12602,3480431
111375333,7275,12586,3480432
111375365,7173,12787,3480433
111375397,7218,12825,3480434
111375429,7302,12751,3480435
111375461,7097,12784,3480436
111375493,6973,12832,3480437
111375525,7285,12770,3480438
111375557,7277,12775,3480439
111375589,7120,12784,3480440
111375621,7250,12781,3480441
111375653,7230,12801,3480442
111375685,7115,12745,3480443
111375717,7236,12828,3480444
111375749,7284,12954,3480445
111375781,7350,13035,3480446
111375813,7276,13001,3480447
111375845,7133,12975,3480448
111375877,7122,13042,3480449
111375909,7430,12892,3480450
111375941,7281,12941,3480451
111375973,7155,12988,3480452
111376005,7370,12968,3480453
111376037,7423,12987,3480454
111376069,7315,12973,3480455
111376101,7084,12914,3480456
111376133,7122,12944,3480457
111376165,7346,13164,3480458
111376197,7227,13190,3480459
111376229,7286,13100,3480460
111376261,7502,13135,3480461
111376293,7439,13105,3480462
111376325,7056,13173,3480463
111376357,7254,13100,3480464
111376389,7519,13086,3480465
111376421,7440,13083,3480466
111376453,7264,13153,3480467
111376485,7292,13095,3480468
111376517,7380,13055,3480469
111376549,7147,13352,3480470
111376581,7175,13370,3480471
111376613,7313,13251,3480472
111376645,7432,13200,3480473
111376677,7165,13237,3480474
111376709,7376,13266,3480475
111376741,7414,13315,3480476
111376773,7359,13279,3480477
111376805,7249,13254,3480478
111376837,7257,13218,3480479
111376869,7303,13274,3480480
111376901,7373,13348,3480481
111376933,7346,13379,3480482
111376965,7321,13414,3480483
111376997,7506,13445,3480484
111377029,7203,13441,3480485
111377061,7122,13430,3480486
111377093,7360,13458,3480487
111377125,7634,13429,3480488
111377157,7324,13462,3480489
111377189,7178,13443,3480490
111377221,7470,13484,3480491
111377253,7548,13390,3480492
111377285,7241,13456,3480493
111377317,7390,13550,3480494
111377349,7592,13624,3480495
111377381,7390,13583,3480496
111377413,7166,13584,3480497
111377445,7304,13612,3480498
111377477,7620,13618,3480499
111377509,7335,13589,3480500
111377541,7293,13647,3480501
111377573,7604,13574,3480502
111377605,7482,13570,3480503
111377637,7122,13574,3480504
111377669,7351,13628,3480505
111377701,7514,13769,3480506
111377733,7581,13690,3480507
111377765,7397,13712,3480508
111377797,7317,13708,3480509
111377829,7474,13768,3480510
111377861,7382,13793,3480511
111377893,7289,13703,3480512
111377925,7333,13753,3480513
111377957,7569,13709,3480514
111377989,7446,13783,3480515
111378021,7441,13737,3480516
111378053,7459,13745,3480517
111378085,7453,13778,3480518
111378117,7361,13893,3480519
111378149,7162,13934,3480520
111378181,7349,13883,3480521
111378213,7573,13905,3480522
111378245,7451,13944,3480523
111378277,7298,13908,3480524
111378309,7486,13898,3480525
111378341,7423,13927,3480526
111378373,7142,13905,3480527
111378405,7350,13828,3480528
111378437,7745,13932,3480529
111378469,7510,13820,3480530
111378501,7282,14013,3480531
111378533,7547,14070,3480532
111378565,7500,14054,3480533
111378597,7356,14020,3480534
111378629,7356,14096,3480535
111378661,7561,14054,3480536
111378693,7555,14057,3480537
111378725,7400,14053,3480538
111378757,7363,14023,3480539
111378789,7665,14067,3480540
111378821,7264,14060,3480541
111378853,7302,14054,3480542
111378885,7607,14248,3480543
111378917,7402,14212,3480544
111378949,7455,14131,3480545
111378981,7386,14200,3480546
111379013,7352,14178,3480547
111379045,7591,14131,3480548
111379077,7560,14159,3480549
111379109,7518,14187,3480550
111379141,7540,14193,3480551
111379173,7543,14152,3480552
111379205,7414,14136,3480553
111379237,7339,14216,3480554
111379269,7533,14291,3480555
111379301,7635,14391,3480556
111379333,7404,14363,3480557
111379365,7390,14363,3480558
111379397,7745,14318,3480559
111379429,7678,14316,3480560
111379461,7409,14370,3480561
111379493,7407,14335,3480562
111379525,7677,14330,3480563
111379557,7478,14268,3480564
111379589,7391,14299,3480565
111379621,7595,14378,3480566
111379653,7637,14409,3480567
111379685,7344,14382,3480568
111379717,7480,14431,3480569
111379749,7650,14486,3480570
111379781,7528,14522,3480571
111379813,7517,14497,3480572
111379845,7398,14457,3480573
111379877,7544,14457,3480574
111379909,7423,14464,3480575
111379941,7398,14524,3480576
111379973,7439,14509,3480577
111380005,7643,14421,3480578
111380037,7498,14449,3480579
111380069,7556,14569,3480580
111380101,7441,14561,3480581
111380133,7435,14641,3480582
111380165,7450,14575,3480583
111380197,7609,14563,3480584
111380229,7682,14532,3480585
111380261,7558,14556,3480586
111380293,7500,14525,3480587
111380325,7358,14517,3480588
111380357,7661,14564,3480589
111380389,7644,14569,3480590
111380421,7414,14577,3480591
111380453,7555,14702,3480592
111380485,7627,14678,3480593
111380517,7616,14658,3480594
111380549,7551,14656,3480595
111380581,7543,14701,3480596
111380613,7650,14682,3480597
111380645,7573,14626,3480598
111380677,7513,14664,3480599
111380709,7738,14709,3480600
111380741,7749,14769,3480601
111380773,7505,14717,3480602
111380805,7583,14661,3480603
111380837,7749,14896,3480604
111380869,7583,14906,3480605
111380901,7557,14874,3480606
111380933,7753,14790,3480607
111380965,7677,14845,3480608
111380997,7644,14821,3480609
111381029,7420,14818,3480610
111381061,7547,14869,3480611
111381093,7676,14899,3480612
111381125,7599,14810,3480613
111381157,7601,14850,3480614
111381189,7624,14891,3480615
111381221,7833,14960,3480616
111381253,7579,14939,3480617
111381285,7558,15006,3480618
111381317,7608,14991,3480619
111381349,7831,15002,3480620
111381381,7618,14995,3480621
111381413,7614,15004,3480622
111381445,7715,14931,3480623
111381477,7706,14935,3480624
111381509,7434,14921,3480625
111381541,7655,14935,3480626
111381573,7894,14970,3480627
111381605,7714,15065,3480628
111381637,7503,15019,3480629
111381669,7757,14981,3480630
111381701,7637,15105,3480631
111381733,7295,15102,3480632
111381765,7618,15085,3480633
111381797,7857,15062,3480634
111381829,7808,15057,3480635
111381861,7638,15092,3480636
111381893,7683,15107,3480637
111381925,7593,15004,3480638
111381957,7637,15034,3480639
111381989,7532,15066,3480640
111382021,7782,15209,3480641
111382053,8070,15263,3480642
111382085,7646,15158,3480643
111382117,7711,15202,3480644
111382149,7805,15192,3480645
111382181,7670,15221,3480646
111382213,7716,15208,3480647
111382245,7771,15121,3480648
111382277,7717,15163,3480649
111382309,7946,15194,3480650
111382341,7596,15234,3480651
111382373,7668,15156,3480652
111382405,7798,15280,3480653
111382437,7810,15272,3480654
111382469,7651,15237,3480655
111382501,7852,15310,3480656
111382533,7890,15333,3480657
111382565,7731,15260,3480658
111382597,7758,15265,3480659
111382629,7637,15319,3480660
111382661,7857,15263,3480661
111382693,7873,15278,3480662
111382725,7714,15228,3480663
111382757,7930,15351,3480664
111382789,7936,15327,3480665
111382821,7548,15428,3480666
111382853,7689,15330,3480667
111382885,7924,15335,3480668
111382917,7737,15391,3480669
111382949,7683,15347,3480670
111382981,7787,15414,3480671
111383013,7814,15397,3480672
111383045,7688,15344,3480673
111383077,7631,15421,3480674
111383109,7776,15311,3480675
111383141,7990,15389,3480676
111383173,7727,15478,3480677
111383205,7748,15448,3480678
111383237,7912,15472,3480679
111383269,7837,15492,3480680
111383301,7727,15487,3480681
111383333,7767,15497,3480682
111383365,7848,15523,3480683
111383397,7821,15428,3480684
111383429,7983,15537,3480685
111383461,7799,15446,3480686
111383493,7674,15430,3480687
111383525,7710,15460,3480688
111383557,7532,15584,3480689
111383589,7791,15619,3480690
111383621,7968,15570,3480691
111383653,7825,15634,3480692
111383685,7516,15588,3480693
111383717,7879,15652,3480694
111383749,7964,15573,3480695
111383781,7708,15569,3480696
111383813,7860,15596,3480697
111383845,8029,15593,3480698
111383877,7848,15566,3480699
111383909,7719,15511,3480700
111383941,7677,15614,3480701
111383973,7923,15606,3480702
111384005,7753,15670,3480703
111384037,7675,15624,3480704
111384069,7922,15714,3480705
111384101,8081,15625,3480706
111384133,7813,15672,3480707
111384165,7919,15749,3480708
111384197,7930,15658,3480709
111384229,7862,15688,3480710
111384261,7891,15638,3480711
111384293,8034,15681,3480712
111384325,7816,15699,3480713
111384357,7999,15762,3480714
111384389,7827,15706,3480715
111384421,7785,15830,3480716
111384453,7993,15817,3480717
111384485,8002,15741,3480718
111384517,7864,15695,3480719
111384549,7990,15744,3480720
111384581,8049,15783,3480721
111384613,7952,15790,3480722
111384645,7724,15675,3480723
111384677,7766,15787,3480724
111384709,8156,15720,3480725
111384741,8032,15864,3480726
111384773,7758,15874,3480727
111384805,8018,15804,3480728
111384837,7953,15854,3480729
111384869,7569,15821,3480730
111384901,7863,15782,3480731
111384933,8238,15796,3480732
111384965,7973,15865,3480733
111384997,7793,15864,3480734
111385029,7869,15770,3480735
111385061,7926,15856,3480736
111385093,7780,15862,3480737
111385125,7806,15966,3480738
111385157,8163,15826,3480739
111385189,8236,15898,3480740
111385221,7852,15940,3480741
111385253,7858,15958,3480742
111385285,8033,15835,3480743
111385317,7907,15914,3480744
111385349,7928,15861,3480745
111385381,8031,15872,3480746
111385413,7936,15913,3480747
111385445,8016,15906,3480748
111385477,7974,15917,3480749
111385509,7926,15911,3480750
111385541,7926,15989,3480751
111385573,8102,16037,3480752
111385605,7934,16025,3480753
111385637,7984,16042,3480754
111385669,8205,16019,3480755
111385701,7896,15962,3480756
111385733,7839,15995,3480757
111385765,7849,16056,3480758
111385797,8006,15987,3480759
111385829,7957,16017,3480760
111385861,7970,15990,3480761
111385893,8111,15982,3480762
111385925,8108,16043,3480763
111385957,7786,16063,3480764
111385989,7813,16056,3480765
111386021,8145,16048,3480766
111386053,7968,16024,3480767
111386085,7969,16113,3480768
111386117,8189,16059,3480769
111386149,8234,16007,3480770
111386181,7852,16066,3480771
111386213,7964,16006,3480772
111386245,8173,16007,3480773
111386277,8197,15963,3480774
111386309,7988,16085,3480775
111386341,7896,16170,3480776
111386373,8121,16074,3480777
111386405,8522,16058,3480778
111386437,7988,16085,3480779
111386469,8071,16092,3480780
111386501,8199,16106,3480781
111386533,7942,16094,3480782
111386565,7874,16069,3480783
111386597,8041,16064,3480784
111386629,8103,16141,3480785
111386661,8070,16075,3480786
111386693,8049,16159,3480787
111386725,8085,16189,3480788
111386757,8086,16179,3480789
111386789,7931,16201,3480790
111386821,7900,16183,3480791
111386853,8092,16224,3480792
111386885,8156,16188,3480793
111386917,7912,16183,3480794
111386949,7995,16195,3480795
111386981,8295,16162,3480796
111387013,8180,16114,3480797
111387045,7887,16158,3480798
111387077,8042,16188,3480799
111387109,8277,16222,3480800
111387141,8170,16147,3480801
111387173,8052,16248,3480802
111387205,8315,16274,3480803
111387237,8243,16216,3480804
111387269,7851,16230,3480805
111387301,7910,16315,3480806
111387333,8371,16151,3480807
111387365,8195,16257,3480808
111387397,7943,16287,3480809
111387429,8299,16219,3480810
111387461,8138,16197,3480811
111387493,8088,16205,3480812
111387525,7979,16294,3480813
111387557,8106,16253,3480814
111387589,8146,16246,3480815
111387621,8126,16201,3480816
111387653,8111,16269,3480817
111387685,8121,16323,3480818
111387717,8270,16292,3480819
111387749,7927,16223,3480820
111387781,8092,16256,3480821
111387813,8217,16257,3480822
111387845,8139,16251,3480823
111387877,8140,16323,3480824
111387909,8076,16281,3480825
111387941,8117,16296,3480826
111387973,8225,16348,3480827
111388005,8012,16341,3480828
111388037,8250,16345,3480829
111388069,8328,16271,3480830
111388101,8199,16327,3480831
111388133,7990,16317,3480832
111388165,8238,16240,3480833
111388197,8277,16212,3480834
111388229,8049,16223,3480835
111388261,8029,16243,3480836
111388293,8273,16235,3480837
111388325,8329,16355,3480838
111388357,8009,16295,3480839
111388389,8035,16230,3480840
111388421,8326,16296,3480841
111388453,8166,16292,3480842
111388485,8014,16224,3480843
111388517,8262,16282,3480844
111388549,8384,16304,3480845
111388581,8082,16224,3480846
111388613,8081,16357,3480847
111388645,8257,16383,3480848
111388677,8303,16275,3480849
111388709,8175,16270,3480850
111388741,8277,16300,3480851
111388773,8120,16247,3480852
111388805,8220,16347,3480853
111388837,8150,16274,3480854
111388869,8109,16244,3480855
111388901,8216,16274,3480856
111388933,8380,16255,3480857
111388965,8188,16333,3480858
111388997,8171,16263,3480859
111389029,8382,16266,3480860
111389061,8335,16335,3480861
111389093,8103,16241,3480862
111389125,8266,16289,3480863
111389157,8405,16283,3480864
111389189,8311,16293,3480865
111389221,8345,16280,3480866
111389253,8344,16266,3480867
111389285,8325,16268,3480868
111389317,7948,16259,3480869
111389349,8156,16304,3480870
111389381,8488,16276,3480871
111389413,8323,16179,3480872
111389445,8205,16261,3480873
111389477,8348,16330,3480874
111389509,8344,16296,3480875
111389541,8210,16343,3480876
111389573,8139,16346,3480877
111389605,8413,16273,3480878
111389637,8450,16272,3480879
111389669,8288,16285,3480880
111389701,8290,16263,3480881
111389733,8433,16272,3480882
111389765,8345,16270,3480883
111389797,8046,16375,3480884
111389829,8333,16308,3480885
111389861,8504,16304,3480886
111389893,8405,16244,3480887
111389925,8290,16311,3480888
111389957,8361,16259,3480889
111389989,8364,16244,3480890
111390021,8362,16292,3480891
111390053,8157,16275,3480892
111390085,8296,16270,3480893
111390117,8566,16338,3480894
111390149,8362,16268,3480895
111390181,8043,16231,3480896
111390213,8196,16244,3480897
111390245,8421,16244,3480898
111390277,8236,16302,3480899
111390309,8407,16239,3480900
111390341,8544,16229,3480901
111390373,8314,16236,3480902
111390405,8298,16343,3480903
111390437,8248,16306,3480904
111390469,8483,16273,3480905
111390501,8474,16263,3480906
111390533,8151,16308,3480907
111390565,8379,16229,3480908
111390597,8501,16306,3480909
111390629,8156,16251,3480910
111390661,8214,16288,3480911
111390693,8569,16304,3480912
111390725,8405,16244,3480913
111390757,8377,16250,3480914
111390789,8505,16317,3480915
111390821,8311,16313,3480916
111390853,8360,16289,3480917
111390885,8177,16243,3480918
111390917,8239,16279,3480919
111390949,8423,16280,3480920
111390981,8348,16315,3480921
111391013,8329,16293,3480922
111391045,8437,16308,3480923
111391077,8465,16336,3480924
111391109,8481,16363,3480925
111391141,8180,16208,3480926
111391173,8387,16285,3480927
111391205,8604,16349,3480928
111391237,8396,16272,3480929
111391269,8429,16359,3480930
111391301,8326,16244,3480931
111391333,8546,16289,3480932
111391365,8305,16264,3480933
111391397,8242,16309,3480934
111391429,8622,16312,3480935
111391461,8518,16286,3480936
111391493,8297,16278,3480937
111391525,8402,16315,3480938
111391557,8616,16293,3480939
111391589,8410,16249,3480940
111391621,8530,16251,3480941
111391653,8583,16294,3480942
111391685,8644,16303,3480943
111391717,8442,16281,3480944
111391749,8240,16229,3480945
111391781,8607,16217,3480946
111391813,8460,16307,3480947
111391845,8420,16187,3480948
111391877,8518,16288,3480949
111391909,8578,16219,3480950
111391941,8372,16288,3480951
111391973,8372,16348,3480952
111392005,8341,16304,3480953
111392037,8401,16284,3480954
111392069,8448,16350,3480955
111392101,8329,16275,3480956
111392133,8538,16286,3480957
111392165,8546,16279,3480958
111392197,8417,16253,3480959
111392229,8344,16244,3480960
111392261,8395,16287,3480961
111392293,8645,16320,3480962
111392325,8439,16251,3480963
111392357,8372,16276,3480964
111392389,8592,16269,3480965
111392421,8588,16245,3480966
111392453,8342,16349,3480967
111392485,8377,16308,3480968
111392517,8618,16271,3480969
111392549,8624,16282,3480970
111392581,8395,16300,3480971
111392613,8447,16330,3480972
111392645,8663,16354,3480973
111392677,8318,16283,3480974
111392709,8429,16260,3480975
111392741,8604,16313,3480976
111392773,8680,16361,3480977
111392805,8430,16326,3480978
111392837,8504,16288,3480979
111392869,8610,16244,3480980
111392901,8580,16266,3480981
111392933,8528,16256,3480982
111392965,8381,16263,3480983
111392997,8816,16242,3480984
111393029,8567,16304,3480985
111393061,8510,16294,3480986
111393093,8426,16286,3480987
111393125,8634,16234,3480988
111393157,8443,16370,3480989
111393189,8609,16213,3480990
111393221,8618,16276,3480991
111393253,8729,16269,3480992
111393285,8672,16270,3480993
111393317,8461,16230,3480994
111393349,8560,16273,3480995
111393381,8559,16229,3480996
111393413,8547,16307,3480997
111393445,8530,16238,3480998
111393477,8824,16308,3480999
111393509,8685,16257,3481000
111393541,8495,16275,3481001
111393573,8502,16200,3481002
111393605,8807,16272,3481003
111393637,8617,16239,3481004
111393669,8580,16251,3481005
111393701,8614,16205,3481006
111393733,8644,16225,3481007
111393765,8416,16298,3481008
111393797,8393,16292,3481009
111393829,8556,16321,3481010
111393861,8742,16278,3481011
111393893,8514,16300,3481012
111393925,8875,16349,3481013
111393957,8810,16262,3481014
111393989,8575,16268,3481015
111394021,8424,16286,3481016
111394053,8688,16303,3481017
111394085,8589,16261,3481018
111394117,8697,16368,3481019
111394149,8709,16304,3481020
111394181,8565,16251,3481021
111394213,8563,16288,3481022
111394245,8533,16250,3481023
111394277,8516,16341,3481024
111394309,8617,16368,3481025
111394341,8740,16273,3481026
111394373,8760,16328,3481027
111394405,8502,16324,3481028
111394437,8638,16272,3481029
111394469,8551,16304,3481030
111394501,8596,16223,3481031
111394533,8505,16283,3481032
111394565,8821,16245,3481033
111394597,8796,16208,3481034
111394629,8436,16278,3481035
111394661,8667,16279,3481036
111394693,8732,16172,3481037
111394725,8470,16226,3481038
111394757,8612,16317,3481039
111394789,8897,16239,3481040
111394821,8813,16208,3481041
111394853,8576,16315,3481042
111394885,8660,16224,3481043
111394917,8562,16201,3481044
111394949,8607,16172,3481045
111394981,8502,16242,3481046
111395013,8830,16228,3481047
111395045,8946,16231,3481048
111395077,8768,16172,3481049
111395109,8580,16236,3481050
111395141,8665,16144,3481051
111395173,8831,16195,3481052
111395205,8684,16240,3481053
111395237,8676,16203,3481054
111395269,8779,16274,3481055
111395301,8701,16183,3481056
111395333,8798,16185,3481057
111395365,8669,16194,3481058
111395397,8698,16150,3481059
111395429,8808,16194,3481060
111395461,8641,16090,3481061
111395493,8762,16197,3481062
111395525,8842,16134,3481063
111395557,8763,16160,3481064
111395589,8440,16086,3481065
111395621,8739,16151,3481066
111395653,8747,16147,3481067
111395685,8902,16106,3481068
111395717,8651,16145,3481069
111395749,8883,16086,3481070
111395781,8873,16117,3481071
111395813,8577,16120,3481072
111395845,8583,16066,3481073
111395877,9009,16144,3481074
111395909,8905,16086,3481075
111395941,8586,16029,3481076
111395973,8745,16081,3481077
111396005,8782,16100,3481078
111396037,8572,16123,3481079
111396069,8658,16041,3481080
111396101,8816,16037,3481081
111396133,8852,16010,3481082
111396165,8622,16018,3481083
111396197,8586,16071,3481084
111396229,8841,16041,3481085
111396261,8896,16094,3481086
111396293,8663,15964,3481087
111396325,8774,16077,3481088
111396357,8826,16090,3481089
111396389,8648,15996,3481090
111396421,8920,16000,3481091
111396453,8812,15946,3481092
111396485,8773,15996,3481093
111396517,8864,15918,3481094
111396549,8874,16029,3481095
111396581,8739,15958,3481096
111396613,8984,15987,3481097
111396645,8817,15969,3481098
111396677,8562,15987,3481099
111396709,8881,15960,3481100
111396741,8861,15954,3481101
111396773,8689,15917,3481102
111396805,8700,16014,3481103
111396837,8907,16020,3481104
111396869,8766,15871,3481105
111396901,8611,15872,3481106
111396933,8590,15925,3481107
111396965,8936,15922,3481108
111396997,8853,15898,3481109
111397029,8617,15855,3481110
111397061,8894,15942,3481111
111397093,9080,15940,3481112
111397125,8727,15918,3481113
111397157,8611,15969,3481114
111397189,9099,15910,3481115
111397221,8959,15904,3481116
111397253,8793,15873,3481117
111397285,8894,15852,3481118
111397317,8926,15797,3481119
111397349,8773,15808,3481120
111397381,8792,15799,3481121
111397413,8810,15864,3481122
111397445,9047,15781,3481123
111397477,9048,15750,3481124
111397509,8770,15854,3481125
111397541,8841,15829,3481126
111397573,8896,15834,3481127
111397605,8881,15788,3481128
111397637,8692,15782,3481129
111397669,8914,15708,3481130
111397701,9004,15751,3481131
111397733,8931,15820,3481132
111397765,8789,15791,3481133
111397797,8924,15746,3481134
111397829,8888,15747,3481135
111397861,8622,15692,3481136
111397893,8890,15802,3481137
111397925,9189,15731,3481138
111397957,8996,15741,3481139
111397989,8622,15762,3481140
111398021,8862,15679,3481141
111398053,9043,15616,3481142
111398085,8924,15627,3481143
111398117,8807,15642,3481144
111398149,8859,15619,3481145
111398181,9185,15663,3481146
111398213,8901,15635,3481147
111398245,8697,15608,3481148
111398277,9055,15610,3481149
111398309,8953,15646,3481150
111398341,8815,15663,3481151
111398373,9006,15593,3481152
111398405,8967,15532,3481153
111398437,8842,15604,3481154
111398469,8868,15604,3481155
111398501,8955,15552,3481156
111398533,8840,15571,3481157
111398565,9183,15473,3481158
111398597,8940,15641,3481159
111398629,8848,15582,3481160
111398661,9065,15552,3481161
111398693,8959,15583,3481162
111398725,8971,15606,3481163
111398757,8961,15529,3481164
111398789,8872,15540,3481165
111398821,8910,15427,3481166
111398853,8880,15540,3481167
111398885,9022,15571,3481168
111398917,8858,15533,3481169
111398949,8898,15469,3481170
111398981,8708,15514,3481171
111399013,9124,15472,3481172
111399045,9169,15491,3481173
111399077,8974,15502,3481174
111399109,9015,15505,3481175
111399141,9095,15518,3481176
111399173,8818,15484,3481177
111399205,8900,15366,3481178
111399237,9147,15319,3481179
111399269,9174,15405,3481180
111399301,8979,15325,3481181
111399333,9006,15447,3481182
111399365,8829,15464,3481183
111399397,8969,15412,3481184
111399429,8963,15431,3481185
111399461,9004,15353,3481186
111399493,9158,15332,3481187
111399525,9040,15350,3481188
111399557,8987,15394,3481189
111399589,9031,15300,3481190
111399621,9016,15282,3481191
111399653,8817,15238,3481192
111399685,8959,15211,3481193
111399717,8981,15263,3481194
111399749,9125,15280,3481195
111399781,8944,15258,3481196
111399813,8871,15261,3481197
111399845,8930,15307,3481198
111399877,9098,15300,3481199
111399909,8876,15269,3481200
111399941,8882,15296,3481201
111399973,9146,15167,3481202
111400005,9066,15155,3481203
111400037,8791,15231,3481204
111400069,8837,15148,3481205
111400101,9073,15201,3481206
111400133,8935,15159,3481207
111400165,8960,15175,3481208
111400197,9100,15171,3481209
111400229,9177,15163,3481210
111400261,9036,15140,3481211
111400293,8791,15152,3481212
111400325,9208,15154,3481213
111400357,9075,15126,3481214
111400389,8876,15099,3481215
111400421,9083,15053,3481216
111400453,9314,15016,3481217
111400485,8927,15030,3481218
111400517,8875,15065,3481219
111400549,9161,15108,3481220
111400581,9200,15112,3481221
111400613,9108,15088,3481222
111400645,9066,15111,3481223
111400677,9149,15016,3481224
111400709,9080,15006,3481225
111400741,8965,15081,3481226
111400773,9000,14941,3481227
111400805,9242,15001,3481228
111400837,9090,14941,3481229
111400869,8985,14905,3481230
111400901,9039,14995,3481231
111400933,9090,15022,3481232
111400965,8923,14990,3481233
111400997,8982,14954,3481234
111401029,8998,14940,3481235
111401061,9159,14980,3481236
111401093,9318,14984,3481237
111401125,8890,14982,3481238
111401157,8988,14762,3481239
111401189,9054,14788,3481240
111401221,8981,14793,3481241
111401253,8974,14844,3481242
111401285,9274,14900,3481243
111401317,9363,14806,3481244
111401349,9017,14889,3481245
111401381,9031,14805,3481246
111401413,9221,14815,3481247
111401445,9272,14791,3481248
111401477,9082,14900,3481249
111401509,9164,14793,3481250
111401541,9278,14653,3481251
111401573,8947,14768,3481252
111401605,8872,14699,3481253
111401637,9195,14694,3481254
111401669,9153,14715,3481255
111401701,9155,14701,3481256
111401733,9130,14738,3481257
111401765,9162,14719,3481258
111401797,9196,14713,3481259
111401829,9088,14779,3481260
111401861,9117,14721,3481261
111401893,9074,14736,3481262
111401925,9385,14544,3481263
111401957,9248,14643,3481264
111401989,9141,14600,3481265
111402021,9289,14544,3481266
111402053,9261,14504,3481267
111402085,8973,14602,3481268
111402117,9015,14653,3481269
111402149,9167,14585,3481270
111402181,9250,14517,3481271
111402213,9120,14654,3481272
111402245,9096,14607,3481273
111402277,9345,14588,3481274
111402309,9101,14496,3481275
111402341,9094,14435,3481276
111402373,9213,14487,3481277
111402405,9419,14481,3481278
111402437,9071,14457,3481279
111402469,9189,14518,3481280
111402501,9153,14392,3481281
111402533,9021,14438,3481282
111402565,9270,14500,3481283
111402597,9332,14522,3481284
111402629,9285,14390,3481285
111402661,9134,14442,3481286
111402693,9162,14494,3481287
111402725,9099,14378,3481288
111402757,9152,14294,3481289
111402789,9093,14283,3481290
111402821,9167,14310,3481291
111402853,9165,14302,3481292
111402885,9288,14358,3481293
111402917,9055,14287,3481294
111402949,9125,14301,3481295
111402981,9081,14300,3481296
111403013,9135,14286,3481297
111403045,9324,14379,3481298
111403077,9081,14339,3481299
111403109,9200,14162,3481300
111403141,9368,14164,3481301
111403173,8953,14158,3481302
111403205,8947,14218,3481303
111403237,9394,14172,3481304
111403269,9193,14152,3481305
111403301,8987,14156,3481306
111403333,9285,14149,3481307
111403365,9186,14198,3481308
111403397,9024,14195,3481309
111403429,8976,14140,3481310
111403461,9313,14220,3481311
111403493,9244,14046,3481312
111403525,9152,14037,3481313
111403557,9210,13999,3481314
111403589,9333,14108,3481315
111403621,9102,13973,3481316
111403653,9033,14107,3481317
111403685,9319,14028,3481318
111403717,9244,14023,3481319
111403749,9121,14061,3481320
111403781,9346,13997,3481321
111403813,9375,14017,3481322
111403845,9083,14055,3481323
111403877,9089,13936,3481324
111403909,9255,13860,3481325
111403941,9358,13890,3481326
111403973,9288,13946,3481327
111404005,9295,13894,3481328
111404037,9212,13856,3481329
111404069,9353,13872,3481330
111404101,9295,13908,3481331
111404133,9106,13904,3481332
111404165,9387,13847,3481333
111404197,9317,13940,3481334
111404229,9399,13863,3481335
111404261,9109,13767,3481336
111404293,9113,13823,3481337
111404325,9421,13774,3481338
111404357,9202,13738,3481339
111404389,9101,13748,3481340
111404421,9492,13703,3481341
111404453,9505,13739,3481342
111404485,9051,13713,3481343
111404517,9136,13697,3481344
111404549,9359,13770,3481345
111404581,9134,13773,3481346
111404613,9028,13721,3481347
111404645,9431,13744,3481348
111404677,9514,13572,3481349
111404709,9097,13641,3481350
111404741,8962,13666,3481351
111404773,9400,13625,3481352
111404805,9370,13597,3481353
111404837,9219,13590,3481354
111404869,9219,13597,3481355
111404901,9575,13582,3481356
111404933,9296,13604,3481357
111404965,9167,13586,3481358
111404997,9092,13659,3481359
111405029,9408,13629,3481360
111405061,9372,13443,3481361
111405093,9306,13443,3481362
111405125,9316,13416,3481363
111405157,9367,13413,3481364
111405189,9291,13425,3481365
111405221,9135,13423,3481366
111405253,9327,13462,3481367
111405285,9480,13436,3481368
111405317,9179,13371,3481369
111405349,9120,13508,3481370
111405381,9298,13497,3481371
111405413,9480,13454,3481372
111405445,9313,13275,3481373
111405477,9196,13268,3481374
111405509,9495,13250,3481375
111405541,9459,13299,3481376
111405573,9149,13298,3481377
111405605,9174,13265,3481378
111405637,9431,13263,3481379
111405669,9198,13249,3481380
111405701,9195,13305,3481381
111405733,9574,13279,3481382
111405765,9396,13234,3481383
111405797,9249,13339,3481384
111405829,9248,13128,3481385
111405861,9339,13110,3481386
111405893,9343,13117,3481387
111405925,9249,13150,3481388
111405957,9340,13074,3481389
111405989,9453,13103,3481390
111406021,9394,13097,3481391
111406053,9142,13111,3481392
111406085,9280,13190,3481393
111406117,9295,13089,3481394
111406149,9295,13179,3481395
111406181,9437,13072,3481396
111406213,9458,12975,3481397
111406245,9283,12992,3481398
111406277,9362,12982,3481399
111406309,9265,12915,3481400
111406341,9203,13007,3481401
111406373,9446,12960,3481402
111406405,9390,13034,3481403
111406437,9302,12969,3481404
111406469,9598,12974,3481405
111406501,9346,12945,3481406
111406533,9153,12967,3481407
111406565,9106,12922,3481408
111406597,9406,12929,3481409
111406629,9477,12756,3481410
111406661,9344,12847,3481411
111406693,9431,12791,3481412
111406725,9389,12701,3481413
111406757,9187,12732,3481414
111406789,8981,12833,3481415
111406821,9461,12794,3481416
111406853,9432,12782,3481417
111406885,9324,12802,3481418
111406917,9249,12840,3481419
111406949,9407,12797,3481420
111406981,9178,12767,3481421
111407013,9242,12617,3481422
111407045,9355,12636,3481423
111407077,9461,12636,3481424
111407109,9385,12641,3481425
111407141,9286,12662,3481426
111407173,9380,12562,3481427
111407205,9350,12609,3481428
111407237,9246,12595,3481429
111407269,9317,12612,3481430
111407301,9307,12592,3481431
111407333,9486,12540,3481432
111407365,9527,12664,3481433
111407397,9216,12497,3481434
111407429,9329,12458,3481435
111407461,9508,12480,3481436
111407493,9286,12459,3481437
111407525,9174,12468,3481438
111407557,9424,12420,3481439
111407589,9648,12443,3481440
111407621,9224,12497,3481441
111407653,9200,12442,3481442
111407685,9512,12429,3481443
111407717,9358,12425,3481444
111407749,9195,12415,3481445
111407781,9535,12278,3481446
111407813,9646,12245,3481447
111407845,9283,12277,3481448
111407877,9327,12239,3481449
111407909,9455,12247,3481450
111407941,9516,12216,3481451
111407973,9264,12247,3481452
111408005,9422,12252,3481453
111408037,9461,12311,3481454
111408069,9308,12286,3481455
111408101,9099,12238,3481456
111408133,9366,12275,3481457
111408165,9448,12263,3481458
111408197,9300,12106,3481459
111408229,9395,12087,3481460
111408261,9372,12098,3481461
111408293,9491,12105,3481462
111408325,9293,12059,3481463
111408357,9416,12072,3481464
111408389,9358,12130,3481465
111408421,9441,12115,3481466
111408453,9426,12107,3481467
111408485,9293,12137,3481468
111408517,9447,12062,3481469
111408549,9348,12087,3481470
111408581,9279,11924,3481471
111408613,9429,11919,3481472
111408645,9384,11876,3481473
111408677,9434,11906,3481474
111408709,9435,11919,3481475
111408741,9423,11974,3481476
111408773,9486,11882,3481477
111408805,9363,11880,3481478
111408837,9071,11960,3481479
111408869,9461,11927,3481480
111408901,9581,11886,3481481
111408933,9254,11927,3481482
111408965,9353,11678,3481483
111408997,9526,11716,3481484
111409029,9381,11727,3481485
111409061,9409,11719,3481486
111409093,9422,11746,3481487
111409125,9674,11714,3481488
111409157,9353,11781,3481489
111409189,9315,11674,3481490
111409221,9368,11726,3481491
111409253,9581,11767,3481492
111409285,9300,11801,3481493
111409317,9349,11806,3481494
111409349,9550,11569,3481495
111409381,9557,11549,3481496
111409413,9309,11595,3481497
111409445,9331,11532,3481498
111409477,9377,11545,3481499
111409509,9530,11602,3481500
111409541,9347,11623,3481501
111409573,9277,11564,3481502
111409605,9437,11544,3481503
111409637,9560,11590,3481504
111409669,9276,11573,3481505
111409701,9177,11590,3481506
111409733,9470,11394,3481507
111409765,9481,11332,3481508
111409797,9419,11372,3481509
111409829,9480,11348,3481510
111409861,9520,11338,3481511
111409893,9338,11361,3481512
111409925,9120,11381,3481513
111409957,9472,11336,3481514
111409989,9518,11360,3481515
111410021,9392,11363,3481516
111410053,9402,11330,3481517
111410085,9448,11338,3481518
111410117,9410,11347,3481519
111410149,9165,11155,3481520
111410181,9556,11167,3481521
111410213,9567,11130,3481522
111410245,9329,11182,3481523
111410277,9352,11188,3481524
111410309,9483,11212,3481525
111410341,9305,11167,3481526
111410373,9368,11158,3481527
111410405,9236,11183,3481528
111410437,9458,11185,3481529
111410469,9558,11196,3481530
111410501,9378,11161,3481531
111410533,9380,10970,3481532
111410565,9405,10960,3481533
111410597,9369,10982,3481534
111410629,9410,10960,3481535
111410661,9415,10965,3481536
111410693,9616,11035,3481537
111410725,9583,10992,3481538
111410757,9350,11046,3481539
111410789,9264,11035,3481540
111410821,9446,10980,3481541
111410853,9491,10957,3481542
111410885,9292,11008,3481543
111410917,9529,10802,3481544
111410949,9698,10792,3481545
111410981,9343,10779,3481546
111411013,9408,10829,3481547
111411045,9499,10821,3481548
111411077,9508,10791,3481549
111411109,9249,10751,3481550
111411141,9413,10833,3481551
111411173,9566,10851,3481552
111411205,9467,10785,3481553
111411237,9277,10801,3481554
111411269,9497,10785,3481555
111411301,9559,10611,3481556
111411333,9480,10637,3481557
111411365,9538,10598,3481558
111411397,9503,10575,3481559
111411429,9345,10608,3481560
111411461,9255,10629,3481561
111411493,9423,10618,3481562
111411525,9464,10622,3481563
111411557,9474,10605,3481564
111411589,9513,10577,3481565
111411621,9363,10614,3481566
111411653,9500,10649,3481567
111411685,9413,10354,3481568
111411717,9288,10433,3481569
111411749,9381,10390,3481570
111411781,9464,10416,3481571
111411813,9536,10424,3481572
111411845,9395,10454,3481573
111411877,9339,10367,3481574
111411909,9434,10382,3481575
111411941,9305,10482,3481576
111411973,9280,10435,3481577
111412005,9490,10400,3481578
111412037,9638,10438,3481579
111412069,9265,10409,3481580
111412101,9406,10241,3481581
111412133,9523,10231,3481582
111412165,9297,10179,3481583
111412197,9198,10236,3481584
111412229,9512,10216,3481585
111412261,9644,10187,3481586
111412293,9414,10225,3481587
111412325,9351,10239,3481588
111412357,9370,10199,3481589
111412389,9359,10198,3481590
111412421,9444,10165,3481591
111412453,9357,10227,3481592
111412485,9641,10038,3481593
111412517,9445,10010,3481594
111412549,9338,9977,3481595
111412581,9335,10028,3481596
111412613,9307,10049,3481597
111412645,9405,9997,3481598
111412677,9363,10049,3481599
