timestamp_us,ADC_IN,ADC_OUT,index
9808419,11985,7968,980693
9808429,12598,8026,980694
9808439,13065,7989,980695
9808449,13418,8006,980696
9808459,13700,7988,980697
9808469,13897,7936,980698
9808479,14051,7974,980699
9808489,14100,8091,980700
9808499,13985,7939,980701
9808509,13864,8043,980702
9808519,13563,7938,980703
9808529,13234,8061,980704
9808539,12753,7994,980705
9808549,12282,7996,980706
9808559,11756,8106,980707
9808569,11098,7912,980708
9808579,10479,8050,980709
9808589,9794,8004,980710
9808599,8910,7952,980711
9808609,8211,8071,980712
9808619,7461,8009,980713
9808629,6703,7987,980714
9808639,5982,8006,980715
9808649,5286,7952,980716
9808659,4691,8031,980717
9808669,4053,7956,980718
9808679,3582,8031,980719
9808689,2965,7951,980720
9808699,2628,8010,980721
9808709,2359,7915,980722
9808719,2154,8071,980723
9808729,2002,7974,980724
9808739,2004,7941,980725
9808749,2069,8047,980726
9808759,2221,8059,980727
9808769,2480,8053,980728
9808779,2872,8010,980729
9808789,3270,7953,980730
9808799,3711,8021,980731
9808809,4278,7895,980732
9808819,4943,8060,980733
9808829,5575,7978,980734
9808839,6283,7973,980735
9808849,6980,7952,980736
9808859,7712,7983,980737
9808869,8617,7998,980738
9808879,9357,7990,980739
9808889,10059,7978,980740
9808899,10718,7967,980741
9808909,11351,7962,980742
9808919,11990,8033,980743
9808929,12487,7966,980744
9808939,12948,7914,980745
9808949,13365,8070,980746
9808959,13694,8064,980747
9808969,13878,8029,980748
9808979,13988,7973,980749
9808989,14069,8002,980750
9808999,13940,7939,980751
9809009,13897,8013,980752
9809019,13586,7955,980753
9809029,13260,7987,980754
9809039,12807,7966,980755
9809049,12230,7912,980756
9809059,11725,7952,980757
9809069,11105,7968,980758
9809079,10473,8053,980759
9809089,9801,8088,980760
9809099,9022,7939,980761
9809109,8329,8013,980762
9809119,7574,7985,980763
9809129,6861,8048,980764
9809139,5975,8003,980765
9809149,5309,7934,980766
9809159,4656,7967,980767
9809169,4092,7938,980768
9809179,3548,7976,980769
9809189,3103,8070,980770
9809199,2723,7996,980771
9809209,2430,8054,980772
9809219,2181,8015,980773
9809229,2017,8024,980774
9809239,2030,8073,980775
9809249,2050,7993,980776
9809259,2225,8043,980777
9809269,2484,8032,980778
9809279,2798,8032,980779
9809289,3168,7985,980780
9809299,3666,7916,980781
9809309,4248,8069,980782
9809319,4885,7953,980783
9809329,5568,7985,980784
9809339,6252,7889,980785
9809349,7042,7976,980786
9809359,7748,8058,980787
9809369,8430,7914,980788
9809379,9200,7992,980789
9809389,9967,8056,980790
9809399,10557,7913,980791
9809409,11431,8084,980792
9809419,11947,7891,980793
9809429,12510,8033,980794
9809439,13008,8017,980795
9809449,13344,7981,980796
9809459,13650,8003,980797
9809469,13946,8062,980798
9809479,14098,7972,980799
9809489,14111,7967,980800
9809499,14015,8094,980801
9809509,13872,8023,980802
9809519,13621,8078,980803
9809529,13242,8010,980804
9809539,12867,8026,980805
9809549,12379,8004,980806
9809559,11821,7942,980807
9809569,11303,8062,980808
9809579,10547,7934,980809
9809589,9799,8063,980810
9809599,9015,7947,980811
9809609,8375,7985,980812
9809619,7598,8062,980813
9809629,6866,8070,980814
9809639,6112,7971,980815
9809649,5422,7945,980816
9809659,4811,8054,980817
9809669,4131,8050,980818
9809679,3522,7951,980819
9809689,3054,7947,980820
9809699,2731,8040,980821
9809709,2386,8004,980822
9809719,2158,7967,980823
9809729,1991,7952,980824
9809739,1972,7932,980825
9809749,2089,8042,980826
9809759,2184,7923,980827
9809769,2432,7915,980828
9809779,2761,7973,980829
9809789,3195,8042,980830
9809799,3670,7982,980831
9809809,4224,8074,980832
9809819,4773,7914,980833
9809829,5472,8047,980834
9809839,6134,7950,980835
9809849,6925,7994,980836
9809859,7768,8007,980837
9809869,8479,8019,980838
9809879,9139,7912,980839
9809889,9959,8049,980840
9809899,10592,7925,980841
9809909,11236,7924,980842
9809919,11844,7957,980843
9809929,12423,7995,980844
9809939,12917,8004,980845
9809949,13354,7992,980846
9809959,13648,7960,980847
9809969,13924,8088,980848
9809979,14015,7921,980849
9809989,14086,8046,980850
9809999,13982,7950,980851
9810009,13912,8074,980852
9810019,13652,8042,980853
9810029,13309,8061,980854
9810039,12840,7907,980855
9810049,12410,8026,980856
9810059,11847,8040,980857
9810069,11199,7974,980858
9810079,10593,8042,980859
9810089,9924,8020,980860
9810099,9208,8021,980861
9810109,8464,7992,980862
9810119,7561,7990,980863
9810129,6879,8057,980864
9810139,6116,7984,980865
9810149,5474,8040,980866
9810159,4801,8053,980867
9810169,4160,7954,980868
9810179,3628,7938,980869
9810189,3130,7998,980870
9810199,2793,7949,980871
9810209,2405,7976,980872
9810219,2212,8025,980873
9810229,2027,7960,980874
9810239,1979,8017,980875
9810249,2025,7941,980876
9810259,2151,7999,980877
9810269,2441,8017,980878
9810279,2709,7938,980879
9810289,3068,7936,980880
9810299,3703,7966,980881
9810309,4218,7959,980882
9810319,4824,8031,980883
9810329,5413,7958,980884
9810339,6126,7933,980885
9810349,6886,8078,980886
9810359,7634,8014,980887
9810369,8340,7970,980888
9810379,9045,7995,980889
9810389,9869,7933,980890
9810399,10631,8019,980891
9810409,11228,8003,980892
9810419,11863,8011,980893
9810429,12363,7950,980894
9810439,12842,7948,980895
9810449,13235,7946,980896
9810459,13653,8080,980897
9810469,13862,8038,980898
9810479,14057,8040,980899
9810489,14058,8002,980900
9810499,13997,7975,980901
9810509,13856,8008,980902
9810519,13610,7990,980903
9810529,13343,8023,980904
9810539,12993,8042,980905
9810549,12497,8039,980906
9810559,11917,7998,980907
9810569,11267,8030,980908
9810579,10612,8004,980909
9810589,9917,7990,980910
9810599,9205,8096,980911
9810609,8441,8002,980912
9810619,7726,7951,980913
9810629,7028,8017,980914
9810639,6241,7926,980915
9810649,5601,8067,980916
9810659,4779,7987,980917
9810669,4203,7994,980918
9810679,3684,8009,980919
9810689,3180,8003,980920
9810699,2776,8008,980921
9810709,2398,7922,980922
9810719,2231,8003,980923
9810729,2013,7952,980924
9810739,1975,7953,980925
9810749,2020,7959,980926
9810759,2156,7914,980927
9810769,2429,8024,980928
9810779,2721,7975,980929
9810789,3112,7989,980930
9810799,3550,7897,980931
9810809,4065,7887,980932
9810819,4707,8051,980933
9810829,5332,8006,980934
9810839,6155,8008,980935
9810849,6840,7901,980936
9810859,7577,7988,980937
9810869,8356,8016,980938
9810879,9081,8062,980939
9810889,9786,8014,980940
9810899,10446,8048,980941
9810909,11159,8002,980942
9810919,11758,7971,980943
9810929,12418,7991,980944
9810939,12883,8028,980945
9810949,13269,7950,980946
9810959,13574,7900,980947
9810969,13869,8054,980948
9810979,13958,7961,980949
9810989,14038,7985,980950
9810999,14031,7960,980951
9811009,13941,8093,980952
9811019,13646,7991,980953
9811029,13383,7995,980954
9811039,13007,8035,980955
9811049,12554,8053,980956
9811059,11946,7958,980957
9811069,11392,8052,980958
9811079,10731,8032,980959
9811089,9985,7950,980960
9811099,9263,7995,980961
9811109,8467,8060,980962
9811119,7776,8054,980963
9811129,6997,7937,980964
9811139,6272,7991,980965
9811149,5590,8068,980966
9811159,4888,7987,980967
9811169,4313,7947,980968
9811179,3733,7953,980969
9811189,3263,7927,980970
9811199,2771,8044,980971
9811209,2463,7919,980972
9811219,2192,7911,980973
9811229,2085,8010,980974
9811239,2002,7995,980975
9811249,2043,8017,980976
9811259,2156,7994,980977
9811269,2313,7983,980978
9811279,2647,7949,980979
9811289,3113,8038,980980
9811299,3551,7989,980981
9811309,4092,8032,980982
9811319,4649,7906,980983
9811329,5273,7923,980984
9811339,5992,7954,980985
9811349,6727,7994,980986
9811359,7433,7943,980987
9811369,8295,8027,980988
9811379,9071,8003,980989
9811389,9723,7943,980990
9811399,10479,8026,980991
9811409,11127,7996,980992
9811419,11736,7980,980993
9811429,12315,8049,980994
9811439,12778,8076,980995
9811449,13161,7911,980996
9811459,13564,7982,980997
9811469,13810,7955,980998
9811479,14023,8030,980999
9811489,14058,8003,981000
9811499,13979,7912,981001
9811509,13963,8103,981002
9811519,13696,7922,981003
9811529,13431,8048,981004
9811539,13002,7976,981005
9811549,12507,8004,981006
9811559,11949,8004,981007
9811569,11360,7975,981008
9811579,10757,8043,981009
9811589,10040,8043,981010
9811599,9384,8077,981011
9811609,8569,7953,981012
9811619,7871,7948,981013
9811629,7200,8050,981014
9811639,6286,7973,981015
9811649,5588,8031,981016
9811659,4916,7989,981017
9811669,4327,7980,981018
9811679,3758,8030,981019
9811689,3286,8021,981020
9811699,2818,7961,981021
9811709,2544,8015,981022
9811719,2240,7961,981023
9811729,2074,8030,981024
9811739,1975,7949,981025
9811749,2039,7971,981026
9811759,2159,8023,981027
9811769,2332,7961,981028
9811779,2634,7936,981029
9811789,3019,8004,981030
9811799,3440,7998,981031
9811809,3960,7909,981032
9811819,4681,7994,981033
9811829,5294,7992,981034
9811839,5995,7883,981035
9811849,6740,8012,981036
9811859,7409,7891,981037
9811869,8201,8053,981038
9811879,8892,7950,981039
9811889,9643,8008,981040
9811899,10297,7960,981041
9811909,11107,8030,981042
9811919,11773,7981,981043
9811929,12315,8033,981044
9811939,12749,7957,981045
9811949,13173,7937,981046
9811959,13529,7993,981047
9811969,13802,7934,981048
9811979,13955,7921,981049
9811989,14083,8004,981050
9811999,14109,8083,981051
9812009,13950,8060,981052
9812019,13715,8047,981053
9812029,13427,7979,981054
9812039,13030,8032,981055
9812049,12596,8047,981056
9812059,12053,8020,981057
9812069,11518,8028,981058
9812079,10884,8061,981059
9812089,10029,7939,981060
9812099,9350,7964,981061
9812109,8603,7989,981062
9812119,7907,8013,981063
9812129,7138,7962,981064
9812139,6433,8067,981065
9812149,5752,8070,981066
9812159,5049,8002,981067
9812169,4425,8041,981068
9812179,3769,8015,981069
9812189,3261,8040,981070
9812199,2889,8007,981071
9812209,2534,8061,981072
9812219,2238,7961,981073
9812229,2055,7971,981074
9812239,2013,8038,981075
9812249,1989,7950,981076
9812259,2104,8013,981077
9812269,2328,7958,981078
9812279,2653,8025,981079
9812289,2997,7988,981080
9812299,3431,7938,981081
9812309,3983,7923,981082
9812319,4553,8009,981083
9812329,5161,7903,981084
9812339,5889,8006,981085
9812349,6546,7932,981086
9812359,7453,7968,981087
9812369,8169,7991,981088
9812379,8934,7960,981089
9812389,9656,8000,981090
9812399,10302,7951,981091
9812409,10967,7968,981092
9812419,11600,7993,981093
9812429,12165,8001,981094
9812439,12693,7992,981095
9812449,13162,7936,981096
9812459,13558,8023,981097
9812469,13823,8109,981098
9812479,13965,7935,981099
9812489,14054,8008,981100
9812499,13991,7976,981101
9812509,14003,8110,981102
9812519,13727,7969,981103
9812529,13502,8047,981104
9812539,13030,8021,981105
9812549,12575,7943,981106
9812559,12085,8032,981107
9812569,11513,8012,981108
9812579,10868,8025,981109
9812589,10193,8010,981110
9812599,9451,7937,981111
9812609,8729,7950,981112
9812619,8021,7973,981113
9812629,7137,8016,981114
9812639,6416,8033,981115
9812649,5706,7961,981116
9812659,5077,8022,981117
9812669,4413,8062,981118
9812679,3891,8051,981119
9812689,3353,8057,981120
9812699,2931,8039,981121
9812709,2542,8063,981122
9812719,2253,8015,981123
9812729,2125,8067,981124
9812739,1962,7925,981125
9812749,1999,7982,981126
9812759,2120,8002,981127
9812769,2263,7988,981128
9812779,2528,8000,981129
9812789,2917,8042,981130
9812799,3353,7942,981131
9812809,3987,7986,981132
9812819,4574,8019,981133
9812829,5213,7995,981134
9812839,5884,8024,981135
9812849,6558,7965,981136
9812859,7261,7932,981137
9812869,8021,7936,981138
9812879,8790,8028,981139
9812889,9517,7981,981140
9812899,10328,7966,981141
9812909,10992,7989,981142
9812919,11611,7974,981143
9812929,12133,7899,981144
9812939,12713,7982,981145
9812949,13167,8035,981146
9812959,13519,8065,981147
9812969,13744,7968,981148
9812979,13942,7986,981149
9812989,14060,8037,981150
9812999,14096,8027,981151
9813009,13947,8008,981152
9813019,13752,8033,981153
9813029,13474,7994,981154
9813039,13137,8039,981155
9813049,12692,8070,981156
9813059,12149,7990,981157
9813069,11553,7963,981158
9813079,10837,7938,981159
9813089,10228,8033,981160
9813099,9525,8102,981161
9813109,8797,8040,981162
9813119,8031,8058,981163
9813129,7249,7935,981164
9813139,6569,7947,981165
9813149,5830,8020,981166
9813159,4995,7969,981167
9813169,4427,7964,981168
9813179,3854,7994,981169
9813189,3338,7981,981170
9813199,2929,8006,981171
9813209,2533,7991,981172
9813219,2310,8036,981173
9813229,2135,8020,981174
9813239,1977,7997,981175
9813249,1981,8038,981176
9813259,2087,7947,981177
9813269,2307,8016,981178
9813279,2587,7965,981179
9813289,2890,7907,981180
9813299,3335,7947,981181
9813309,3872,7967,981182
9813319,4464,8034,981183
9813329,5010,7968,981184
9813339,5816,8003,981185
9813349,6594,7937,981186
9813359,7289,7989,981187
9813369,8043,8018,981188
9813379,8731,7917,981189
9813389,9520,8030,981190
9813399,10241,8032,981191
9813409,10860,7969,981192
9813419,11478,7954,981193
9813429,12156,7968,981194
9813439,12688,7929,981195
9813449,13116,7981,981196
9813459,13508,7968,981197
9813469,13710,8032,981198
9813479,13939,7965,981199
9813489,14029,8067,981200
9813499,14038,8058,981201
9813509,13978,8007,981202
9813519,13757,7925,981203
9813529,13470,7895,981204
9813539,13081,7956,981205
9813549,12673,8016,981206
9813559,12197,7983,981207
9813569,11622,8059,981208
9813579,10984,7952,981209
9813589,10340,7970,981210
9813599,9621,8052,981211
9813609,8776,8013,981212
9813619,8029,7953,981213
9813629,7275,7948,981214
9813639,6512,7938,981215
9813649,5863,7998,981216
9813659,5207,8031,981217
9813669,4558,8035,981218
9813679,3975,8031,981219
9813689,3446,7950,981220
9813699,2910,7982,981221
9813709,2543,8031,981222
9813719,2271,7952,981223
9813729,2090,7991,981224
9813739,2015,7991,981225
9813749,2019,8034,981226
9813759,2114,8027,981227
9813769,2247,7981,981228
9813779,2478,7937,981229
9813789,2950,8049,981230
9813799,3365,8035,981231
9813809,3834,7912,981232
9813819,4434,8014,981233
9813829,5061,8048,981234
9813839,5679,7972,981235
9813849,6392,7924,981236
9813859,7154,8018,981237
9813869,7915,8055,981238
9813879,8736,7883,981239
9813889,9483,7950,981240
9813899,10180,8025,981241
9813909,10862,7963,981242
9813919,11500,7975,981243
9813929,12085,7965,981244
9813939,12574,7964,981245
9813949,12993,7901,981246
9813959,13488,8015,981247
9813969,13766,7950,981248
9813979,13907,7925,981249
9813989,14095,8059,981250
9813999,14023,7978,981251
9814009,14014,8039,981252
9814019,13786,7945,981253
9814029,13606,8020,981254
9814039,13201,8053,981255
9814049,12758,8079,981256
9814059,12195,7962,981257
9814069,11578,7940,981258
9814079,11011,8070,981259
9814089,10334,8031,981260
9814099,9616,7973,981261
9814109,8932,8061,981262
9814119,8146,8001,981263
9814129,7427,7980,981264
9814139,6700,8052,981265
9814149,5851,8017,981266
9814159,5201,7948,981267
9814169,4583,8026,981268
9814179,3932,7903,981269
9814189,3475,8047,981270
9814199,3043,8031,981271
9814209,2653,8011,981272
9814219,2318,7973,981273
9814229,2154,7962,981274
9814239,1993,7984,981275
9814249,2018,8047,981276
9814259,2093,8077,981277
9814269,2244,7934,981278
9814279,2509,8023,981279
9814289,2838,7956,981280
9814299,3254,7948,981281
9814309,3793,7993,981282
9814319,4366,8049,981283
9814329,5036,7934,981284
9814339,5724,7957,981285
9814349,6414,7958,981286
9814359,7199,8073,981287
9814369,7902,8041,981288
9814379,8578,7904,981289
9814389,9396,8053,981290
9814399,10029,7962,981291
9814409,10837,8068,981292
9814419,11468,7904,981293
9814429,12077,7968,981294
9814439,12600,7981,981295
9814449,13017,7968,981296
9814459,13432,7958,981297
9814469,13716,7929,981298
9814479,13922,7969,981299
9814489,14041,7989,981300
9814499,14072,7995,981301
9814509,13967,7939,981302
9814519,13776,8026,981303
9814529,13505,7947,981304
9814539,13201,8022,981305
9814549,12833,8101,981306
9814559,12239,7953,981307
9814569,11725,8000,981308
9814579,11154,7991,981309
9814589,10433,8099,981310
9814599,9574,8000,981311
9814609,8903,7920,981312
9814619,8143,7997,981313
9814629,7405,7937,981314
9814639,6697,8019,981315
9814649,5977,8043,981316
9814659,5301,7960,981317
9814669,4670,7967,981318
9814679,4073,8057,981319
9814689,3461,8020,981320
9814699,2971,7946,981321
9814709,2624,7988,981322
9814719,2377,8060,981323
9814729,2116,7952,981324
9814739,2034,8006,981325
9814749,2004,7991,981326
9814759,2059,8008,981327
9814769,2266,8057,981328
9814779,2467,7880,981329
9814789,2871,8018,981330
9814799,3279,7982,981331
9814809,3762,8017,981332
9814819,4346,8034,981333
9814829,4933,8019,981334
9814839,5568,7950,981335
9814849,6284,7961,981336
9814859,7125,8004,981337
9814869,7866,7977,981338
9814879,8580,7883,981339
9814889,9380,8011,981340
9814899,10026,7933,981341
9814909,10754,8033,981342
9814919,11395,8016,981343
9814929,11914,7922,981344
9814939,12470,7913,981345
9814949,13040,8038,981346
9814959,13406,8003,981347
9814969,13701,7990,981348
9814979,13902,7911,981349
9814989,14066,8041,981350
9814999,14095,8049,981351
9815009,14032,8073,981352
9815019,13825,7970,981353
9815029,13579,8013,981354
9815039,13244,8034,981355
9815049,12756,8088,981356
9815059,12255,7959,981357
9815069,11738,7998,981358
9815079,11102,7952,981359
9815089,10503,8031,981360
9815099,9809,8050,981361
9815109,9059,8045,981362
9815119,8335,8045,981363
9815129,7439,8033,981364
9815139,6657,8029,981365
9815149,5982,7974,981366
9815159,5318,7951,981367
9815169,4632,7930,981368
9815179,4081,7999,981369
9815189,3540,7953,981370
9815199,3103,8011,981371
9815209,2698,7964,981372
9815219,2351,8008,981373
9815229,2120,7972,981374
9815239,2013,7908,981375
9815249,1965,7904,981376
9815259,2040,7898,981377
9815269,2223,8018,981378
9815279,2420,7968,981379
9815289,2788,7944,981380
9815299,3174,7929,981381
9815309,3770,8064,981382
9815319,4305,7998,981383
9815329,4937,8031,981384
9815339,5607,8006,981385
9815349,6295,7986,981386
9815359,6980,7997,981387
9815369,7704,7867,981388
9815379,8500,7997,981389
9815389,9199,7878,981390
9815399,10035,7944,981391
9815409,10748,7996,981392
9815419,11351,7930,981393
9815429,11941,7985,981394
9815439,12498,7990,981395
9815449,12972,8029,981396
9815459,13333,7984,981397
9815469,13667,8021,981398
9815479,13885,8028,981399
9815489,14012,8022,981400
9815499,14097,8016,981401
9815509,13951,7942,981402
9815519,13858,8040,981403
9815529,13584,7996,981404
9815539,13303,8090,981405
9815549,12896,8035,981406
9815559,12361,7952,981407
9815569,11846,7985,981408
9815579,11100,7995,981409
9815589,10470,8000,981410
9815599,9793,8015,981411
9815609,9081,8065,981412
9815619,8306,8008,981413
9815629,7582,8013,981414
9815639,6839,7972,981415
9815649,6138,8038,981416
9815659,5438,7952,981417
9815669,4678,8040,981418
9815679,4085,7976,981419
9815689,3543,7987,981420
9815699,3078,8022,981421
9815709,2737,8014,981422
9815719,2375,7978,981423
9815729,2179,8010,981424
9815739,1994,7927,981425
9815749,1990,7966,981426
9815759,2087,7974,981427
9815769,2165,7918,981428
9815779,2404,7960,981429
9815789,2796,8054,981430
9815799,3168,7967,981431
9815809,3652,7930,981432
9815819,4194,8000,981433
9815829,4790,7939,981434
9815839,5477,8039,981435
9815849,6314,8077,981436
9815859,6949,7895,981437
9815869,7759,8051,981438
9815879,8474,7986,981439
9815889,9207,8018,981440
9815899,9926,7998,981441
9815909,10552,7973,981442
9815919,11255,7950,981443
9815929,11898,7906,981444
9815939,12453,7915,981445
9815949,12928,7958,981446
9815959,13384,8086,981447
9815969,13686,8026,981448
9815979,13892,8018,981449
9815989,14015,7967,981450
9815999,14083,8064,981451
9816009,14023,7996,981452
9816019,13938,8069,981453
9816029,13611,8087,981454
9816039,13244,8028,981455
9816049,12893,8055,981456
9816059,12356,7937,981457
9816069,11889,8058,981458
9816079,11229,8042,981459
9816089,10593,7964,981460
9816099,9908,8042,981461
9816109,9102,7963,981462
9816119,8283,7974,981463
9816129,7557,7942,981464
9816139,6866,7996,981465
9816149,6114,7979,981466
9816159,5439,8034,981467
9816169,4839,8053,981468
9816179,4177,8016,981469
9816189,3635,7914,981470
9816199,3168,7949,981471
9816209,2686,8018,981472
9816219,2393,8036,981473
9816229,2156,8010,981474
9816239,2005,8018,981475
9816249,1965,7883,981476
9816259,1988,7948,981477
9816269,2164,7937,981478
9816279,2408,8007,981479
9816289,2768,8029,981480
9816299,3125,8026,981481
9816309,3634,8030,981482
9816319,4204,8028,981483
9816329,4812,7983,981484
9816339,5463,8035,981485
9816349,6135,7997,981486
9816359,6844,7924,981487
9816369,7565,7910,981488
9816379,8380,7949,981489
9816389,9239,8021,981490
9816399,9909,8034,981491
9816409,10580,7971,981492
9816419,11228,7937,981493
9816429,11828,7900,981494
9816439,12393,7964,981495
9816449,12870,8004,981496
9816459,13246,7957,981497
9816469,13680,8017,981498
9816479,13864,7967,981499
9816489,14007,7937,981500
9816499,14062,8029,981501
9816509,14038,8016,981502
9816519,13863,7921,981503
9816529,13679,8078,981504
9816539,13364,7956,981505
9816549,12966,7978,981506
9816559,12441,7938,981507
9816569,11813,8033,981508
9816579,11212,8022,981509
9816589,10550,7927,981510
9816599,9893,7939,981511
9816609,9200,8008,981512
9816619,8426,8065,981513
9816629,7742,7989,981514
9816639,7005,8030,981515
9816649,6094,8041,981516
9816659,5422,8078,981517
9816669,4733,8040,981518
9816679,4199,8003,981519
9816689,3655,8038,981520
9816699,3166,8041,981521
9816709,2749,7971,981522
9816719,2443,7967,981523
9816729,2197,7996,981524
9816739,1956,7931,981525
9816749,1961,7942,981526
9816759,2043,8064,981527
9816769,2155,7949,981528
9816779,2385,7916,981529
9816789,2727,7950,981530
9816799,3105,8015,981531
9816809,3544,7987,981532
9816819,4134,8027,981533
9816829,4776,7977,981534
9816839,5437,7924,981535
9816849,6142,8041,981536
9816859,6876,8023,981537
9816869,7545,7933,981538
9816879,8304,7946,981539
9816889,9017,7940,981540
9816899,9773,7982,981541
9816909,10510,8080,981542
9816919,11266,7994,981543
9816929,11894,8004,981544
9816939,12420,8054,981545
9816949,12845,8049,981546
9816959,13288,8037,981547
9816969,13613,8002,981548
9816979,13859,8031,981549
9816989,14040,8048,981550
9816999,14089,8060,981551
9817009,14014,7925,981552
9817019,13906,8001,981553
9817029,13615,7925,981554
9817039,13332,7969,981555
9817049,12981,8027,981556
9817059,12467,8030,981557
9817069,11969,7940,981558
9817079,11426,8013,981559
9817089,10738,8004,981560
9817099,9879,7991,981561
9817109,9198,8032,981562
9817119,8465,7991,981563
9817129,7751,8033,981564
9817139,7004,8030,981565
9817149,6294,8058,981566
9817159,5592,8062,981567
9817169,4932,7974,981568
9817179,4319,8000,981569
9817189,3654,7961,981570
9817199,3224,8016,981571
9817209,2783,7990,981572
9817219,2425,8029,981573
9817229,2208,7926,981574
9817239,2013,7968,981575
9817249,1970,7996,981576
9817259,2043,8057,981577
9817269,2144,8034,981578
9817279,2428,8067,981579
9817289,2698,8037,981580
9817299,3129,7974,981581
9817309,3539,7898,981582
9817319,4142,8007,981583
9817329,4681,8007,981584
9817339,5324,8024,981585
9817349,6011,7955,981586
9817359,6717,7904,981587
9817369,7617,8050,981588
9817379,8325,8013,981589
9817389,9055,7974,981590
9817399,9781,7989,981591
9817409,10475,7999,981592
9817419,11102,7956,981593
9817429,11761,7975,981594
9817439,12269,7934,981595
9817449,12800,8041,981596
9817459,13289,7981,981597
9817469,13573,7937,981598
9817479,13868,8076,981599
9817489,13997,8090,981600
9817499,14029,7965,981601
9817509,14069,8071,981602
9817519,13897,7955,981603
9817529,13641,7924,981604
9817539,13312,8011,981605
9817549,12953,7940,981606
9817559,12481,8021,981607
9817569,11929,7958,981608
9817579,11425,8091,981609
9817589,10717,8082,981610
9817599,10032,7931,981611
9817609,9366,7939,981612
9817619,8625,8071,981613
9817629,7833,7951,981614
9817639,6989,7972,981615
9817649,6295,8050,981616
9817659,5564,8012,981617
9817669,4953,8086,981618
9817679,4295,7953,981619
9817689,3767,7984,981620
9817699,3276,7938,981621
9817709,2822,7917,981622
9817719,2481,8028,981623
9817729,2237,7995,981624
9817739,2067,7956,981625
9817749,1978,7909,981626
9817759,2001,7978,981627
9817769,2163,8027,981628
9817779,2344,8018,981629
9817789,2586,7875,981630
9817799,3034,8051,981631
9817809,3474,7911,981632
9817819,4099,8003,981633
9817829,4636,7915,981634
9817839,5335,7961,981635
9817849,5998,7991,981636
9817859,6728,7976,981637
9817869,7444,8037,981638
9817879,8115,7895,981639
9817889,8948,8049,981640
9817899,9710,7907,981641
9817909,10438,7924,981642
9817919,11148,8015,981643
9817929,11731,8026,981644
9817939,12247,7910,981645
9817949,12823,7989,981646
9817959,13235,7950,981647
9817969,13545,8011,981648
9817979,13821,7990,981649
9817989,13954,8072,981650
9817999,14063,8060,981651
9818009,14021,8013,981652
9818019,13933,8008,981653
9818029,13743,8137,981654
9818039,13375,7914,981655
9818049,13089,8108,981656
9818059,12564,7962,981657
9818069,12067,7963,981658
9818079,11447,8076,981659
9818089,10683,7968,981660
9818099,10019,7944,981661
9818109,9382,8048,981662
9818119,8609,8015,981663
9818129,7909,8033,981664
9818139,7107,7978,981665
9818149,6431,8086,981666
9818159,5706,7943,981667
9818169,4965,7976,981668
9818179,4307,8009,981669
9818189,3734,8001,981670
9818199,3254,7978,981671
9818209,2827,7975,981672
9818219,2548,7991,981673
9818229,2227,7928,981674
9818239,2105,8031,981675
9818249,1976,7923,981676
9818259,2017,7968,981677
9818269,2101,8014,981678
9818279,2339,7960,981679
9818289,2605,7976,981680
9818299,2969,7907,981681
9818309,3465,7947,981682
9818319,3948,7981,981683
9818329,4572,8021,981684
9818339,5173,8008,981685
9818349,5968,7934,981686
9818359,6706,7951,981687
9818369,7445,8012,981688
9818379,8197,8071,981689
9818389,8901,7981,981690
9818399,9674,8041,981691
9818409,10287,7968,981692
9818419,11025,7999,981693
9818429,11560,7916,981694
9818439,12330,8094,981695
9818449,12758,8041,981696
9818459,13215,7961,981697
9818469,13517,7977,981698
9818479,13814,8036,981699
9818489,13923,7974,981700
9818499,14057,8071,981701
9818509,14031,8040,981702
9818519,13922,7927,981703
9818529,13664,7935,981704
9818539,13421,8028,981705
9818549,13034,7992,981706
9818559,12602,8035,981707
9818569,12103,8007,981708
9818579,11469,8018,981709
9818589,10844,7953,981710
9818599,10214,8071,981711
9818609,9472,7952,981712
9818619,8573,7932,981713
9818629,7876,7965,981714
9818639,7191,8060,981715
9818649,6388,7937,981716
9818659,5711,7942,981717
9818669,5077,8061,981718
9818679,4390,7927,981719
9818689,3830,7940,981720
9818699,3333,7926,981721
9818709,2793,7949,981722
9818719,2515,8030,981723
9818729,2257,8049,981724
9818739,2073,8017,981725
9818749,1979,7958,981726
9818759,1977,7960,981727
9818769,2147,7974,981728
9818779,2259,7936,981729
9818789,2564,7991,981730
9818799,2999,7975,981731
9818809,3440,7938,981732
9818819,3971,7986,981733
9818829,4546,7960,981734
9818839,5208,7984,981735
9818849,5855,7945,981736
9818859,6568,7978,981737
9818869,7277,7959,981738
9818879,8065,7930,981739
9818889,8954,8009,981740
9818899,9662,8060,981741
9818909,10331,7948,981742
9818919,11024,8040,981743
9818929,11635,8021,981744
9818939,12211,8009,981745
9818949,12669,7960,981746
9818959,13079,7952,981747
9818969,13506,7962,981748
9818979,13791,7952,981749
9818989,14020,8071,981750
9818999,14002,8029,981751
9819009,14002,7976,981752
9819019,13949,7979,981753
9819029,13803,8067,981754
9819039,13426,7958,981755
9819049,13126,7948,981756
9819059,12664,7975,981757
9819069,12087,8058,981758
9819079,11497,7992,981759
9819089,10864,8080,981760
9819099,10212,7988,981761
9819109,9480,7982,981762
9819119,8759,7969,981763
9819129,8054,8086,981764
9819139,7245,7923,981765
9819149,6485,8061,981766
9819159,5747,7967,981767
9819169,5024,8045,981768
9819179,4421,8063,981769
9819189,3834,8023,981770
9819199,3335,7965,981771
9819209,2954,8001,981772
9819219,2539,7955,981773
9819229,2307,7986,981774
9819239,2119,8025,981775
9819249,2005,7981,981776
9819259,2001,7948,981777
9819269,2138,8030,981778
9819279,2252,7899,981779
9819289,2534,7925,981780
9819299,2955,8040,981781
9819309,3352,7996,981782
9819319,3863,7902,981783
9819329,4476,7941,981784
9819339,5200,7985,981785
9819349,5870,7932,981786
9819359,6565,7963,981787
9819369,7263,7960,981788
9819379,8011,7961,981789
9819389,8795,8038,981790
9819399,9444,7973,981791
9819409,10169,7975,981792
9819419,10932,7953,981793
9819429,11615,8056,981794
9819439,12162,7988,981795
9819449,12668,7970,981796
9819459,13080,7901,981797
9819469,13454,7973,981798
9819479,13728,8007,981799
9819489,13924,7950,981800
9819499,14041,7946,981801
9819509,14013,7913,981802
9819519,13932,8008,981803
9819529,13722,8062,981804
9819539,13472,7999,981805
9819549,13113,7977,981806
9819559,12715,7980,981807
9819569,12180,7994,981808
9819579,11617,8013,981809
9819589,10987,8014,981810
9819599,10141,7936,981811
9819609,9518,8075,981812
9819619,8743,7939,981813
9819629,8000,7979,981814
9819639,7279,8007,981815
9819649,6532,7935,981816
9819659,5877,8026,981817
9819669,5165,7980,981818
9819679,4550,8062,981819
9819689,3895,7999,981820
9819699,3329,7938,981821
9819709,2898,7996,981822
9819719,2561,7965,981823
9819729,2299,7975,981824
9819739,2087,7936,981825
9819749,2028,8069,981826
9819759,2029,8012,981827
9819769,2052,7996,981828
9819779,2300,7964,981829
9819789,2560,7982,981830
9819799,2909,7992,981831
9819809,3321,7907,981832
9819819,3870,7965,981833
9819829,4431,7968,981834
9819839,5001,7955,981835
9819849,5700,7981,981836
9819859,6434,7974,981837
9819869,7320,7940,981838
9819879,8071,8001,981839
9819889,8809,8008,981840
9819899,9486,7996,981841
9819909,10204,7989,981842
9819919,10849,7959,981843
9819929,11513,7974,981844
9819939,12064,8042,981845
9819949,12585,8016,981846
9819959,13100,8017,981847
9819969,13484,8071,981848
9819979,13785,8082,981849
9819989,13983,8043,981850
9819999,14032,7978,981851
9820009,14096,8031,981852
9820019,13979,7980,981853
9820029,13808,8038,981854
9820039,13580,8079,981855
9820049,13138,8031,981856
9820059,12683,8074,981857
9820069,12240,8047,981858
9820079,11602,7983,981859
9820089,11003,8030,981860
9820099,10342,7996,981861
9820109,9622,8033,981862
9820119,8897,7998,981863
9820129,8190,8026,981864
9820139,7260,7975,981865
9820149,6533,7920,981866
9820159,5890,8031,981867
9820169,5186,7983,981868
9820179,4562,8014,981869
9820189,3958,7967,981870
9820199,3455,8082,981871
9820209,2995,7946,981872
9820219,2653,8003,981873
9820229,2298,7997,981874
9820239,2140,8053,981875
9820249,2007,7995,981876
9820259,1978,7965,981877
9820269,2092,8038,981878
9820279,2223,7911,981879
9820289,2511,7970,981880
9820299,2818,7929,981881
9820309,3262,7956,981882
9820319,3861,7947,981883
9820329,4458,8021,981884
9820339,5048,7926,981885
9820349,5751,8024,981886
9820359,6396,7965,981887
9820369,7149,7980,981888
9820379,7843,7954,981889
9820389,8601,7979,981890
9820399,9352,8014,981891
9820409,10158,8025,981892
9820419,10883,7951,981893
9820429,11534,8057,981894
9820439,12114,8051,981895
9820449,12550,8028,981896
9820459,13007,7963,981897
9820469,13408,7924,981898
9820479,13678,7950,981899
9820489,13937,7943,981900
9820499,13996,7944,981901
9820509,14010,7933,981902
9820519,14056,8063,981903
9820529,13776,7984,981904
9820539,13545,8017,981905
9820549,13230,8052,981906
9820559,12748,8008,981907
9820569,12291,8006,981908
9820579,11690,8035,981909
9820589,10978,7989,981910
9820599,10339,8110,981911
9820609,9630,8084,981912
9820619,8901,7984,981913
9820629,8177,8043,981914
9820639,7446,8051,981915
9820649,6720,8035,981916
9820659,6011,8035,981917
9820669,5258,7952,981918
9820679,4512,7959,981919
9820689,3945,7942,981920
9820699,3447,7960,981921
9820709,3002,7967,981922
9820719,2621,8029,981923
9820729,2349,7988,981924
9820739,2126,7940,981925
9820749,2044,7949,981926
9820759,1966,7936,981927
9820769,2044,7916,981928
9820779,2261,7991,981929
9820789,2514,8004,981930
9820799,2822,7957,981931
9820809,3223,7968,981932
9820819,3724,7958,981933
9820829,4268,7924,981934
9820839,4947,8006,981935
9820849,5683,7953,981936
9820859,6426,7959,981937
9820869,7113,7958,981938
9820879,7907,8001,981939
9820889,8614,7987,981940
9820899,9339,7992,981941
9820909,10040,7956,981942
9820919,10728,8048,981943
9820929,11414,8038,981944
9820939,12017,7962,981945
9820949,12612,7950,981946
9820959,13086,8069,981947
9820969,13405,8011,981948
9820979,13657,7890,981949
9820989,13950,8025,981950
9820999,14041,7998,981951
9821009,14029,7956,981952
9821019,13975,8024,981953
9821029,13783,7952,981954
9821039,13504,7924,981955
9821049,13230,8070,981956
9821059,12758,8018,981957
9821069,12287,7967,981958
9821079,11750,8013,981959
9821089,11131,8015,981960
9821099,10462,7988,981961
9821109,9770,8074,981962
9821119,8936,8039,981963
9821129,8138,8030,981964
9821139,7445,8007,981965
9821149,6759,8090,981966
9821159,5957,7967,981967
9821169,5323,8007,981968
9821179,4668,7997,981969
9821189,4052,7961,981970
9821199,3571,7993,981971
9821209,2972,8040,981972
9821219,2605,7941,981973
9821229,2354,7992,981974
9821239,2139,8011,981975
9821249,2001,7935,981976
9821259,2007,8053,981977
9821269,2018,7935,981978
9821279,2203,7980,981979
9821289,2400,7900,981980
9821299,2878,8002,981981
9821309,3278,7991,981982
9821319,3737,7990,981983
9821329,4341,8069,981984
9821339,4941,8051,981985
9821349,5595,8061,981986
9821359,6276,7893,981987
9821369,6972,7909,981988
9821379,7739,8063,981989
9821389,8616,8016,981990
9821399,9351,8010,981991
9821409,10082,8029,981992
9821419,10727,7953,981993
9821429,11343,7911,981994
9821439,11970,7935,981995
9821449,12531,7988,981996
9821459,12922,7997,981997
9821469,13334,7981,981998
9821479,13738,8088,981999
9821489,13915,8105,982000
9821499,14007,7910,982001
9821509,14040,7881,982002
9821519,14033,8028,982003
9821529,13889,7989,982004
9821539,13563,8019,982005
9821549,13236,7996,982006
9821559,12831,8023,982007
9821569,12218,7941,982008
9821579,11744,8028,982009
9821589,11108,7999,982010
9821599,10481,8028,982011
9821609,9764,8004,982012
9821619,9046,8027,982013
9821629,8321,8014,982014
9821639,7559,7951,982015
9821649,6875,8095,982016
9821659,5944,7940,982017
9821669,5300,7903,982018
9821679,4684,7979,982019
9821689,4070,8016,982020
9821699,3556,7974,982021
9821709,3021,7941,982022
9821719,2661,7986,982023
9821729,2418,7934,982024
9821739,2151,7981,982025
9821749,2010,7943,982026
9821759,1972,7979,982027
9821769,2042,7965,982028
9821779,2237,8010,982029
9821789,2483,8021,982030
9821799,2776,7992,982031
9821809,3152,7912,982032
9821819,3663,8001,982033
9821829,4228,8031,982034
9821839,4911,7951,982035
9821849,5604,8025,982036
9821859,6312,8042,982037
9821869,6986,7953,982038
9821879,7725,7961,982039
9821889,8486,8032,982040
9821899,9163,7942,982041
9821909,9901,7959,982042
9821919,10631,8033,982043
9821929,11407,8069,982044
9821939,11964,7989,982045
9821949,12509,8034,982046
9821959,13007,8031,982047
9821969,13299,7930,982048
9821979,13701,8035,982049
9821989,13903,7998,982050
9821999,14002,7996,982051
9822009,14060,8021,982052
9822019,13979,7941,982053
9822029,13849,7977,982054
9822039,13602,8059,982055
9822049,13291,8000,982056
9822059,12915,8018,982057
9822069,12387,7970,982058
9822079,11840,7952,982059
9822089,11261,8027,982060
9822099,10553,8031,982061
9822109,9731,7973,982062
9822119,9076,8043,982063
9822129,8311,7973,982064
9822139,7628,8074,982065
9822149,6802,7924,982066
9822159,6109,7996,982067
9822169,5500,8101,982068
9822179,4761,7958,982069
9822189,4101,7993,982070
9822199,3544,8029,982071
9822209,3034,7919,982072
9822219,2664,7905,982073
9822229,2369,8043,982074
9822239,2216,7942,982075
9822249,2024,7950,982076
9822259,1968,7917,982077
9822269,2022,7926,982078
9822279,2194,7940,982079
9822289,2466,8023,982080
9822299,2761,7936,982081
9822309,3198,7969,982082
9822319,3676,8029,982083
9822329,4223,8027,982084
9822339,4823,8003,982085
9822349,5436,8013,982086
9822359,6120,7970,982087
9822369,6935,8018,982088
9822379,7732,7984,982089
9822389,8434,7953,982090
9822399,9210,8034,982091
9822409,9893,7898,982092
9822419,10583,7962,982093
9822429,11229,7958,982094
9822439,11898,8066,982095
9822449,12361,7955,982096
9822459,12926,8029,982097
9822469,13360,7943,982098
9822479,13658,7946,982099
9822489,13858,7959,982100
9822499,13995,7925,982101
9822509,14063,7946,982102
9822519,14015,7992,982103
9822529,13871,7990,982104
9822539,13607,8019,982105
9822549,13313,8031,982106
9822559,12851,8028,982107
9822569,12394,7932,982108
9822579,11850,7967,982109
9822589,11234,7975,982110
9822599,10621,8062,982111
9822609,9910,8006,982112
9822619,9211,8016,982113
9822629,8439,8018,982114
9822639,7535,7950,982115
9822649,6802,7929,982116
9822659,6103,7994,982117
9822669,5460,7957,982118
9822679,4811,8033,982119
9822689,4207,8034,982120
9822699,3687,8069,982121
9822709,3206,8067,982122
9822719,2756,7984,982123
9822729,2389,7958,982124
9822739,2162,7962,982125
9822749,2069,8017,982126
9822759,1984,8031,982127
9822769,2029,7948,982128
9822779,2148,7979,982129
9822789,2400,7949,982130
9822799,2686,7977,982131
9822809,3058,7905,982132
9822819,3693,7983,982133
9822829,4173,7974,982134
9822839,4778,7948,982135
9822849,5466,7981,982136
9822859,6110,7955,982137
9822869,6819,7949,982138
9822879,7581,8006,982139
9822889,8353,7990,982140
9822899,9046,7953,982141
9822909,9903,7997,982142
9822919,10624,8011,982143
9822929,11231,7975,982144
9822939,11841,7999,982145
9822949,12390,7988,982146
9822959,12873,8035,982147
9822969,13259,7950,982148
9822979,13592,7959,982149
9822989,13864,8021,982150
9822999,13989,7992,982151
9823009,14123,8086,982152
9823019,14026,8054,982153
9823029,13888,7960,982154
9823039,13671,8016,982155
9823049,13383,8087,982156
9823059,12959,8010,982157
9823069,12536,8027,982158
9823079,12020,8020,982159
9823089,11261,8000,982160
9823099,10607,7952,982161
9823109,9952,8088,982162
9823119,9178,7975,982163
9823129,8497,8053,982164
9823139,7704,7967,982165
9823149,7017,8082,982166
9823159,6268,7972,982167
9823169,5553,7970,982168
9823179,4819,7957,982169
9823189,4171,7975,982170
9823199,3681,7992,982171
9823209,3184,8006,982172
9823219,2780,7965,982173
9823229,2495,8038,982174
9823239,2197,7981,982175
9823249,2079,8047,982176
9823259,2007,8011,982177
9823269,2020,8043,982178
9823279,2169,7921,982179
9823289,2396,7945,982180
9823299,2735,8032,982181
9823309,3051,7932,982182
9823319,3562,7968,982183
9823329,4095,7932,982184
9823339,4661,7952,982185
9823349,5323,7963,982186
9823359,6116,7926,982187
9823369,6839,7963,982188
9823379,7565,7999,982189
9823389,8347,7970,982190
9823399,9090,8060,982191
9823409,9763,7989,982192
9823419,10446,7928,982193
9823429,11137,8011,982194
9823439,11722,7952,982195
9823449,12376,8005,982196
9823459,12869,7943,982197
9823469,13290,8061,982198
9823479,13580,7989,982199
9823489,13873,8015,982200
9823499,13968,7974,982201
9823509,14103,8083,982202
9823519,14056,8101,982203
9823529,13892,7998,982204
9823539,13633,8029,982205
9823549,13374,8016,982206
9823559,12993,8084,982207
9823569,12465,7965,982208
9823579,11994,8006,982209
9823589,11334,7993,982210
9823599,10746,8020,982211
9823609,10070,8052,982212
9823619,9239,7953,982213
9823629,8471,8078,982214
9823639,7755,8019,982215
9823649,6973,8030,982216
9823659,6290,8024,982217
9823669,5600,8048,982218
9823679,4926,7970,982219
9823689,4287,7919,982220
9823699,3764,8009,982221
9823709,3282,8047,982222
9823719,2733,7943,982223
9823729,2437,7969,982224
9823739,2231,8038,982225
9823749,2038,7968,982226
9823759,1955,7916,982227
9823769,2037,8012,982228
9823779,2147,7987,982229
9823789,2378,8017,982230
9823799,2646,7988,982231
9823809,3078,7952,982232
9823819,3546,7981,982233
9823829,4034,7937,982234
9823839,4675,8012,982235
9823849,5309,7946,982236
9823859,6002,7982,982237
9823869,6735,7984,982238
9823879,7414,7983,982239
9823889,8331,8065,982240
9823899,9091,8044,982241
9823909,9722,7951,982242
9823919,10447,7976,982243
9823929,11142,8069,982244
9823939,11705,7918,982245
9823949,12246,7957,982246
9823959,12844,8044,982247
9823969,13230,8055,982248
9823979,13612,7952,982249
9823989,13849,7991,982250
9823999,14028,8030,982251
9824009,14050,7985,982252
9824019,14062,8022,982253
9824029,13907,7997,982254
9824039,13684,8007,982255
9824049,13421,8054,982256
9824059,13034,8028,982257
9824069,12565,8116,982258
9824079,11966,8038,982259
9824089,11403,8092,982260
9824099,10738,8068,982261
9824109,10060,7990,982262
9824119,9351,8006,982263
9824129,8590,7941,982264
9824139,7891,8033,982265
9824149,7151,8048,982266
9824159,6292,8017,982267
9824169,5568,7979,982268
9824179,4958,7950,982269
9824189,4323,8070,982270
9824199,3763,8031,982271
9824209,3234,7965,982272
9824219,2809,7912,982273
9824229,2455,7901,982274
9824239,2284,8034,982275
9824249,2095,8048,982276
9824259,1994,8034,982277
9824269,2018,7948,982278
9824279,2130,7929,982279
9824289,2312,7964,982280
9824299,2638,7970,982281
9824309,3018,8028,982282
9824319,3425,7928,982283
9824329,3985,8001,982284
9824339,4696,7989,982285
9824349,5311,7957,982286
9824359,6013,8020,982287
9824369,6707,8010,982288
9824379,7411,7997,982289
9824389,8226,8035,982290
9824399,8884,8014,982291
9824409,9662,8021,982292
9824419,10332,7990,982293
9824429,11132,8035,982294
9824439,11727,7938,982295
9824449,12330,7979,982296
9824459,12835,8073,982297
9824469,13187,8062,982298
9824479,13547,7984,982299
9824489,13853,8064,982300
9824499,14001,8036,982301
9824509,14093,8004,982302
9824519,14073,8075,982303
9824529,13914,8000,982304
9824539,13665,8018,982305
9824549,13426,8074,982306
9824559,13069,7974,982307
9824569,12585,7999,982308
9824579,12043,7949,982309
9824589,11536,8023,982310
9824599,10914,8088,982311
9824609,10015,7975,982312
9824619,9348,8042,982313
9824629,8597,7964,982314
9824639,7844,7943,982315
9824649,7118,8009,982316
9824659,6406,8006,982317
9824669,5702,7942,982318
9824679,5035,7990,982319
9824689,4422,7996,982320
9824699,3742,7949,982321
9824709,3302,8008,982322
9824719,2844,7911,982323
9824729,2527,8025,982324
9824739,2214,7970,982325
9824749,2083,7961,982326
9824759,2000,8060,982327
9824769,1973,7933,982328
9824779,2125,8005,982329
9824789,2304,7969,982330
9824799,2652,8032,982331
9824809,2999,8039,982332
9824819,3460,8039,982333
9824829,3974,7961,982334
9824839,4541,7958,982335
9824849,5172,8008,982336
9824859,5878,8057,982337
9824869,6559,7942,982338
9824879,7426,7964,982339
9824889,8185,7905,982340
9824899,8947,8053,982341
9824909,9624,8036,982342
9824919,10338,8016,982343
9824929,10984,7955,982344
9824939,11660,8075,982345
9824949,12165,7951,982346
9824959,12665,7939,982347
9824969,13154,7998,982348
9824979,13534,8026,982349
9824989,13791,7957,982350
9824999,13954,7982,982351
9825009,14034,8020,982352
9825019,14029,7979,982353
9825029,13918,7999,982354
9825039,13770,7982,982355
9825049,13481,8038,982356
9825059,13038,8030,982357
9825069,12628,8087,982358
9825079,12026,7975,982359
9825089,11485,7989,982360
9825099,10865,8045,982361
9825109,10202,8006,982362
9825119,9481,7961,982363
9825129,8745,8050,982364
9825139,8036,8070,982365
9825149,7119,8015,982366
9825159,6419,7960,982367
9825169,5729,8045,982368
9825179,5032,7936,982369
9825189,4418,8065,982370
9825199,3833,7965,982371
9825209,3361,7936,982372
9825219,2938,8040,982373
9825229,2494,7958,982374
9825239,2274,8038,982375
9825249,2028,7967,982376
9825259,1950,7879,982377
9825269,1981,7906,982378
9825279,2097,7916,982379
9825289,2261,7919,982380
9825299,2601,7911,982381
9825309,2961,8058,982382
9825319,3337,7867,982383
9825329,4013,8055,982384
9825339,4522,7984,982385
9825349,5189,8070,982386
9825359,5805,7940,982387
9825369,6539,7981,982388
9825379,7279,7951,982389
9825389,8017,7926,982390
9825399,8746,7894,982391
9825409,9598,8091,982392
9825419,10331,7910,982393
9825429,11031,8063,982394
9825439,11575,7945,982395
9825449,12223,8040,982396
9825459,12678,7993,982397
9825469,13102,7943,982398
9825479,13466,7929,982399
9825489,13724,7902,982400
9825499,13934,7911,982401
9825509,14018,7958,982402
9825519,14067,8039,982403
9825529,13934,8067,982404
9825539,13708,7992,982405
9825549,13501,8022,982406
9825559,13054,7974,982407
9825569,12687,8045,982408
9825579,12167,7943,982409
9825589,11548,8030,982410
9825599,10900,8064,982411
9825609,10161,7965,982412
9825619,9511,8029,982413
9825629,8750,7978,982414
9825639,8030,8009,982415
9825649,7302,8031,982416
9825659,6523,7952,982417
9825669,5826,7950,982418
9825679,5046,7966,982419
9825689,4381,7939,982420
9825699,3846,7949,982421
9825709,3385,8024,982422
9825719,2870,7924,982423
9825729,2598,7998,982424
9825739,2321,8076,982425
9825749,2094,7923,982426
9825759,2008,8021,982427
9825769,2015,8000,982428
9825779,2109,7971,982429
9825789,2316,7990,982430
9825799,2606,8008,982431
9825809,2893,7926,982432
9825819,3354,7919,982433
9825829,3853,7957,982434
9825839,4435,8018,982435
9825849,5057,7992,982436
9825859,5792,7920,982437
9825869,6559,7977,982438
9825879,7284,7972,982439
9825889,8042,8012,982440
9825899,8777,8029,982441
9825909,9456,7919,982442
9825919,10235,8018,982443
9825929,10882,8003,982444
9825939,11488,7960,982445
9825949,12196,8082,982446
9825959,12735,8065,982447
9825969,13175,8085,982448
9825979,13478,7952,982449
9825989,13797,8092,982450
9825999,13944,7945,982451
9826009,14090,8013,982452
9826019,14072,7988,982453
9826029,13934,7952,982454
9826039,13797,8042,982455
9826049,13431,7913,982456
9826059,13119,8018,982457
9826069,12677,7958,982458
9826079,12173,8034,982459
9826089,11601,8051,982460
9826099,10969,7935,982461
9826109,10329,8053,982462
9826119,9617,7978,982463
9826129,8777,8046,982464
9826139,7980,7958,982465
9826149,7249,7992,982466
9826159,6549,8010,982467
9826169,5849,7977,982468
9826179,5201,8014,982469
9826189,4523,7996,982470
9826199,3937,8016,982471
9826209,3435,7956,982472
9826219,2913,7978,982473
9826229,2532,7940,982474
9826239,2306,8002,982475
9826249,2087,7929,982476
9826259,1967,7890,982477
9826269,1979,7952,982478
9826279,2051,7940,982479
9826289,2206,7897,982480
9826299,2478,7957,982481
9826309,2907,7962,982482
9826319,3391,8047,982483
9826329,3854,7921,982484
9826339,4436,8029,982485
9826349,5017,7946,982486
9826359,5746,8019,982487
9826369,6408,7935,982488
9826379,7159,8002,982489
9826389,7910,8008,982490
9826399,8781,8013,982491
9826409,9468,7985,982492
9826419,10229,8018,982493
9826429,10858,8034,982494
9826439,11454,7962,982495
9826449,12064,7962,982496
9826459,12574,7974,982497
9826469,13011,8057,982498
9826479,13423,7995,982499
9826489,13705,7937,982500
9826499,13974,8031,982501
9826509,14004,7949,982502
9826519,13996,7960,982503
9826529,14020,8046,982504
9826539,13800,7988,982505
9826549,13539,8068,982506
9826559,13182,8017,982507
9826569,12777,8093,982508
9826579,12206,7995,982509
9826589,11662,8041,982510
9826599,11015,8079,982511
9826609,10376,8093,982512
9826619,9577,7915,982513
9826629,8925,7983,982514
9826639,8152,8040,982515
9826649,7441,7997,982516
9826659,6652,8024,982517
9826669,5816,7980,982518
9826679,5239,8016,982519
9826689,4562,8050,982520
9826699,3985,8030,982521
9826709,3409,7916,982522
9826719,2976,7925,982523
9826729,2680,8080,982524
9826739,2310,7892,982525
9826749,2113,7912,982526
9826759,1972,7903,982527
9826769,2018,8064,982528
9826779,2056,8037,982529
9826789,2206,7912,982530
9826799,2512,7912,982531
9826809,2819,7908,982532
9826819,3291,8033,982533
9826829,3795,8009,982534
9826839,4301,7979,982535
9826849,5059,7985,982536
9826859,5701,7874,982537
9826869,6396,7921,982538
9826879,7109,7984,982539
9826889,7856,7965,982540
9826899,8591,7966,982541
9826909,9339,7962,982542
9826919,10034,8004,982543
9826929,10784,8001,982544
9826939,11526,7974,982545
9826949,12084,7994,982546
9826959,12608,7946,982547
9826969,13062,7960,982548
9826979,13411,8010,982549
9826989,13666,7953,982550
9826999,14005,8018,982551
9827009,14059,7925,982552
9827019,14068,7992,982553
9827029,13991,8034,982554
9827039,13820,8050,982555
9827049,13529,7985,982556
9827059,13223,8038,982557
9827069,12764,8033,982558
9827079,12333,7998,982559
9827089,11707,8002,982560
9827099,11134,8014,982561
9827109,10409,8028,982562
9827119,9624,8057,982563
9827129,8891,7989,982564
9827139,8102,7946,982565
9827149,7433,8016,982566
9827159,6733,7952,982567
9827169,6014,8067,982568
9827179,5316,7967,982569
9827189,4674,8062,982570
9827199,4020,7949,982571
9827209,3447,8073,982572
9827219,2974,7958,982573
9827229,2587,7920,982574
9827239,2317,7918,982575
9827249,2120,7917,982576
9827259,2023,8057,982577
9827269,1946,7883,982578
9827279,2071,7957,982579
9827289,2238,8021,982580
9827299,2514,7955,982581
9827309,2852,8053,982582
9827319,3223,7908,982583
9827329,3788,8018,982584
9827339,4323,7984,982585
9827349,4878,7906,982586
9827359,5584,8028,982587
9827369,6262,7923,982588
9827379,7106,8044,982589
9827389,7892,7979,982590
9827399,8623,8025,982591
9827409,9328,7990,982592
9827419,10029,7952,982593
9827429,10727,7995,982594
9827439,11375,7941,982595
9827449,11929,7968,982596
9827459,12483,7980,982597
9827469,13055,8016,982598
9827479,13395,7969,982599
9827489,13704,7969,982600
9827499,13970,8083,982601
9827509,13998,7972,982602
9827519,14086,8029,982603
9827529,13994,8010,982604
9827539,13807,7948,982605
9827549,13641,8057,982606
9827559,13181,7989,982607
9827569,12758,7981,982608
9827579,12339,8026,982609
9827589,11675,7951,982610
9827599,11114,8043,982611
9827609,10445,8103,982612
9827619,9787,7985,982613
9827629,9052,8013,982614
9827639,8277,7988,982615
9827649,7442,8040,982616
9827659,6682,8088,982617
9827669,5981,7981,982618
9827679,5354,8084,982619
9827689,4671,7981,982620
9827699,4120,7964,982621
9827709,3530,7980,982622
9827719,3068,7917,982623
9827729,2696,7964,982624
9827739,2330,7987,982625
9827749,2117,7952,982626
9827759,1989,7930,982627
9827769,1989,8004,982628
9827779,2033,7915,982629
9827789,2204,7994,982630
9827799,2457,7984,982631
9827809,2755,7981,982632
9827819,3182,8002,982633
9827829,3783,7999,982634
9827839,4299,8003,982635
9827849,4928,7957,982636
9827859,5589,7942,982637
9827869,6276,8009,982638
9827879,7009,8017,982639
9827889,7740,8003,982640
9827899,8461,7974,982641
9827909,9201,7972,982642
9827919,10077,8014,982643
9827929,10689,7963,982644
9827939,11384,7964,982645
9827949,11976,7953,982646
9827959,12491,8107,982647
9827969,12952,7972,982648
9827979,13306,8030,982649
9827989,13666,8072,982650
9827999,13867,7992,982651
9828009,14081,8110,982652
9828019,14064,8037,982653
9828029,13959,7943,982654
9828039,13864,7996,982655
9828049,13595,7987,982656
9828059,13228,7973,982657
9828069,12924,8079,982658
9828079,12349,7961,982659
9828089,11817,8011,982660
9828099,11120,7975,982661
9828109,10464,7991,982662
9828119,9754,8033,982663
9828129,9019,8020,982664
9828139,8316,8024,982665
9828149,7591,8012,982666
9828159,6832,8031,982667
9828169,6142,8003,982668
9828179,5427,7954,982669
9828189,4637,7904,982670
9828199,4103,8024,982671
9828209,3542,7990,982672
9828219,3069,7942,982673
9828229,2698,8018,982674
9828239,2374,8014,982675
9828249,2157,8023,982676
9828259,1999,7893,982677
9828269,1952,8033,982678
9828279,2030,7926,982679
9828289,2235,7951,982680
9828299,2441,8053,982681
9828309,2748,7912,982682
9828319,3188,8001,982683
9828329,3643,7961,982684
9828339,4152,7923,982685
9828349,4801,7921,982686
9828359,5477,8049,982687
9828369,6303,8010,982688
9828379,6964,7905,982689
9828389,7722,7947,982690
9828399,8462,8018,982691
9828409,9181,8035,982692
9828419,9893,7903,982693
9828429,10637,8006,982694
9828439,11231,7924,982695
9828449,11894,8002,982696
9828459,12478,7945,982697
9828469,12979,8001,982698
9828479,13383,8055,982699
9828489,13670,8018,982700
9828499,13926,7994,982701
9828509,13994,7962,982702
9828519,14079,7956,982703
9828529,14075,8107,982704
9828539,13903,8074,982705
9828549,13613,8032,982706
9828559,13231,7998,982707
9828569,12877,8049,982708
9828579,12387,7981,982709
9828589,11867,8012,982710
9828599,11256,8016,982711
9828609,10612,8067,982712
9828619,9974,8048,982713
9828629,9090,8007,982714
9828639,8289,7962,982715
9828649,7602,8030,982716
9828659,6886,8038,982717
9828669,6108,7947,982718
9828679,5427,7943,982719
9828689,4812,8040,982720
9828699,4226,8050,982721
9828709,3668,7996,982722
9828719,3158,8005,982723
9828729,2656,7974,982724
9828739,2389,7994,982725
9828749,2160,8001,982726
9828759,2043,8044,982727
9828769,1980,8018,982728
9828779,2022,8021,982729
9828789,2175,7961,982730
9828799,2407,7931,982731
9828809,2712,7951,982732
9828819,3177,8012,982733
9828829,3631,7893,982734
9828839,4196,8020,982735
9828849,4778,7982,982736
9828859,5460,7990,982737
9828869,6154,7994,982738
9828879,6837,7987,982739
9828889,7611,8042,982740
9828899,8395,7921,982741
9828909,9255,8035,982742
9828919,9959,7989,982743
9828929,10607,8003,982744
9828939,11234,8032,982745
9828949,11818,7986,982746
9828959,12399,7963,982747
9828969,12867,7951,982748
9828979,13257,7952,982749
9828989,13684,7960,982750
9828999,13883,8048,982751
9829009,13998,8021,982752
9829019,14072,7959,982753
9829029,13984,7971,982754
9829039,13883,8070,982755
9829049,13607,7897,982756
9829059,13316,7951,982757
9829069,12997,8052,982758
9829079,12461,8083,982759
9829089,11838,8016,982760
9829099,11198,7933,982761
9829109,10635,8052,982762
9829119,9919,7951,982763
9829129,9135,7955,982764
9829139,8489,8048,982765
9829149,7678,7953,982766
9829159,7013,8062,982767
9829169,6070,7955,982768
9829179,5419,7949,982769
9829189,4849,8014,982770
9829199,4204,8001,982771
9829209,3663,7999,982772
9829219,3191,8015,982773
9829229,2752,7968,982774
9829239,2428,7925,982775
9829249,2201,7934,982776
9829259,1973,7962,982777
9829269,1997,7977,982778
9829279,2047,7993,982779
9829289,2192,7982,982780
9829299,2368,7915,982781
9829309,2723,7989,982782
9829319,3079,7997,982783
9829329,3553,7912,982784
9829339,4040,7909,982785
9829349,4832,8011,982786
9829359,5438,7949,982787
9829369,6083,7927,982788
9829379,6872,8004,982789
9829389,7593,7944,982790
9829399,8307,7965,982791
9829409,9060,8032,982792
9829419,9762,7894,982793
9829429,10439,7898,982794
9829439,11225,8048,982795
9829449,11842,7974,982796
9829459,12440,8059,982797
9829469,12934,8061,982798
9829479,13262,7933,982799
9829489,13648,8073,982800
9829499,13870,8016,982801
9829509,13998,7967,982802
9829519,14093,7932,982803
9829529,14035,8071,982804
9829539,13850,7942,982805
9829549,13665,7970,982806
9829559,13356,7980,982807
9829569,13007,8033,982808
9829579,12466,8022,982809
9829589,11962,7973,982810
9829599,11407,8045,982811
9829609,10788,8084,982812
9829619,9937,7995,982813
9829629,9175,7964,982814
9829639,8487,8066,982815
9829649,7728,7966,982816
9829659,7003,7907,982817
9829669,6269,7974,982818
9829679,5601,8054,982819
9829689,4880,8014,982820
9829699,4316,8001,982821
9829709,3686,7963,982822
9829719,3158,7986,982823
9829729,2779,8048,982824
9829739,2476,8021,982825
9829749,2250,8000,982826
9829759,2043,8031,982827
9829769,1979,7965,982828
9829779,2015,7999,982829
9829789,2120,7909,982830
9829799,2419,7969,982831
9829809,2685,7936,982832
9829819,3099,7916,982833
9829829,3554,7891,982834
9829839,4039,7869,982835
9829849,4652,8022,982836
9829859,5290,7953,982837
9829869,6000,8033,982838
9829879,6759,7923,982839
9829889,7538,7952,982840
9829899,8299,7935,982841
9829909,9029,7983,982842
9829919,9783,7952,982843
9829929,10495,8023,982844
9829939,11112,8012,982845
9829949,11737,8022,982846
9829959,12261,8028,982847
9829969,12853,8094,982848
9829979,13230,7981,982849
9829989,13552,7961,982850
9829999,13897,8068,982851
9830009,13951,7957,982852
9830019,14074,8073,982853
9830029,14038,8046,982854
9830039,13939,7958,982855
9830049,13686,8009,982856
9830059,13363,8041,982857
9830069,12927,7931,982858
9830079,12536,8072,982859
9830089,11934,7923,982860
9830099,11407,8055,982861
9830109,10732,8013,982862
9830119,10021,8013,982863
9830129,9288,7961,982864
9830139,8573,7935,982865
9830149,7827,8014,982866
9830159,6976,8004,982867
9830169,6293,8040,982868
9830179,5592,8002,982869
9830189,4890,7939,982870
9830199,4281,7959,982871
9830209,3796,8016,982872
9830219,3297,8039,982873
9830229,2822,7953,982874
9830239,2521,8015,982875
9830249,2226,8065,982876
9830259,2083,8072,982877
9830269,1946,7914,982878
9830279,2000,7952,982879
9830289,2084,7940,982880
9830299,2331,7945,982881
9830309,2603,7891,982882
9830319,3037,8004,982883
9830329,3480,7932,982884
9830339,4119,7965,982885
9830349,4695,7996,982886
9830359,5321,7990,982887
9830369,5981,7931,982888
9830379,6739,7953,982889
9830389,7400,7952,982890
9830399,8189,7984,982891
9830409,8900,7961,982892
9830419,9785,8071,982893
9830429,10475,8057,982894
9830439,11102,8044,982895
9830449,11745,7981,982896
9830459,12321,7952,982897
9830469,12792,8056,982898
9830479,13215,7937,982899
9830489,13491,7973,982900
9830499,13844,8074,982901
9830509,13927,7940,982902
9830519,14033,7924,982903
9830529,14004,7989,982904
9830539,13943,8067,982905
9830549,13661,7913,982906
9830559,13474,8082,982907
9830569,13021,7960,982908
9830579,12620,8056,982909
9830589,12039,7948,982910
9830599,11457,8093,982911
9830609,10723,8057,982912
9830619,10034,7946,982913
9830629,9290,7989,982914
9830639,8632,8027,982915
9830649,7890,8045,982916
9830659,7085,7934,982917
9830669,6414,8024,982918
9830679,5689,7941,982919
9830689,4919,8059,982920
9830699,4321,8043,982921
9830709,3774,7977,982922
9830719,3242,7958,982923
9830729,2825,8059,982924
9830739,2476,7971,982925
9830749,2230,7989,982926
9830759,2016,7901,982927
9830769,1993,8043,982928
9830779,2036,8022,982929
9830789,2152,8012,982930
9830799,2338,8046,982931
9830809,2637,7996,982932
9830819,3028,8040,982933
9830829,3450,8022,982934
9830839,3979,8047,982935
9830849,4512,7889,982936
9830859,5210,7957,982937
9830869,5995,7983,982938
9830879,6725,7965,982939
9830889,7443,8013,982940
9830899,8172,8030,982941
9830909,8908,7964,982942
9830919,9637,7948,982943
9830929,10366,8055,982944
9830939,10979,8013,982945
9830949,11606,8044,982946
9830959,12277,8032,982947
9830969,12820,7953,982948
9830979,13197,7930,982949
9830989,13568,8001,982950
9830999,13777,7987,982951
9831009,13997,8073,982952
9831019,14029,8073,982953
9831029,13992,7920,982954
9831039,13872,7948,982955
9831049,13770,8081,982956
9831059,13418,8009,982957
9831069,13070,8074,982958
9831079,12552,7980,982959
9831089,12100,8062,982960
9831099,11463,8033,982961
9831109,10876,8009,982962
9831119,10206,8006,982963
9831129,9501,8083,982964
9831139,8643,8048,982965
9831149,7921,8090,982966
9831159,7171,8092,982967
9831169,6375,7925,982968
9831179,5759,8071,982969
9831189,5057,8020,982970
9831199,4455,8070,982971
9831209,3879,8087,982972
9831219,3381,7944,982973
9831229,2808,7942,982974
9831239,2510,8012,982975
9831249,2262,7982,982976
9831259,2082,7980,982977
9831269,1990,7984,982978
9831279,1972,7897,982979
9831289,2160,8035,982980
9831299,2295,8025,982981
9831309,2627,8050,982982
9831319,2972,7920,982983
9831329,3412,7914,982984
9831339,3961,7940,982985
9831349,4552,7975,982986
9831359,5203,8036,982987
9831369,5830,8019,982988
9831379,6538,7998,982989
9831389,7270,7970,982990
9831399,8036,7944,982991
9831409,8931,7986,982992
9831419,9580,7924,982993
9831429,10355,8083,982994
9831439,11003,8016,982995
9831449,11616,8029,982996
9831459,12209,8057,982997
9831469,12643,7995,982998
9831479,13118,8033,982999
9831489,13442,8004,983000
9831499,13743,7950,983001
9831509,13950,7997,983002
9831519,14067,8014,983003
9831529,14058,8043,983004
9831539,13917,7960,983005
9831549,13747,7982,983006
9831559,13502,7971,983007
9831569,13134,8054,983008
9831579,12611,7962,983009
9831589,12081,7965,983010
9831599,11535,8076,983011
9831609,10907,7966,983012
9831619,10180,7985,983013
9831629,9451,7955,983014
9831639,8728,7912,983015
9831649,7997,7992,983016
9831659,7323,8055,983017
9831669,6523,7991,983018
9831679,5741,8087,983019
9831689,5043,7959,983020
9831699,4444,8029,983021
9831709,3826,7966,983022
9831719,3332,7952,983023
9831729,2890,8014,983024
9831739,2605,8024,983025
9831749,2310,8061,983026
9831759,2142,7986,983027
9831769,2011,7933,983028
9831779,2009,7991,983029
9831789,2069,7952,983030
9831799,2326,8054,983031
9831809,2517,7882,983032
9831819,2932,7917,983033
9831829,3341,7897,983034
9831839,3893,8035,983035
9831849,4505,8017,983036
9831859,5159,7894,983037
9831869,5845,7950,983038
9831879,6540,7950,983039
9831889,7270,8016,983040
9831899,8031,8070,983041
9831909,8765,7937,983042
9831919,9476,7979,983043
9831929,10205,7936,983044
9831939,10938,8001,983045
9831949,11613,8003,983046
9831959,12148,7914,983047
9831969,12713,7978,983048
9831979,13137,8014,983049
9831989,13466,7998,983050
9831999,13740,7947,983051
9832009,13927,7960,983052
9832019,14075,8044,983053
9832029,14058,7995,983054
9832039,13962,8046,983055
9832049,13765,8070,983056
9832059,13489,8002,983057
9832069,13167,8030,983058
9832079,12684,7944,983059
9832089,12144,7991,983060
9832099,11634,8003,983061
9832109,11005,8059,983062
9832119,10118,7939,983063
9832129,9476,7955,983064
9832139,8802,8053,983065
9832149,8062,7997,983066
9832159,7262,8002,983067
9832169,6529,7968,983068
9832179,5852,8017,983069
9832189,5142,7899,983070
9832199,4568,8038,983071
9832209,3890,8031,983072
9832219,3319,7960,983073
9832229,2943,7965,983074
9832239,2540,7968,983075
9832249,2274,7970,983076
9832259,2107,7931,983077
9832269,1997,7981,983078
9832279,1994,7931,983079
9832289,2072,8003,983080
9832299,2295,7969,983081
9832309,2532,7916,983082
9832319,2928,7973,983083
9832329,3381,8051,983084
9832339,3842,7896,983085
9832349,4398,7926,983086
9832359,5050,8017,983087
9832369,5712,8000,983088
9832379,6399,7935,983089
9832389,7305,7956,983090
9832399,8043,7998,983091
9832409,8769,8012,983092
9832419,9488,7934,983093
9832429,10182,7939,983094
9832439,10890,8003,983095
9832449,11501,8018,983096
9832459,12022,7937,983097
9832469,12643,8047,983098
9832479,13104,8005,983099
9832489,13467,8027,983100
9832499,13779,8069,983101
9832509,13962,8025,983102
9832519,14038,7984,983103
9832529,14075,8052,983104
9832539,13978,7978,983105
9832549,13760,8016,983106
9832559,13530,8009,983107
9832569,13104,7993,983108
9832579,12671,7973,983109
9832589,12175,7999,983110
9832599,11621,7993,983111
9832609,10978,7946,983112
9832619,10292,7921,983113
9832629,9639,8056,983114
9832639,8907,7965,983115
9832649,8165,8063,983116
9832659,7273,7965,983117
9832669,6539,7991,983118
9832679,5854,8030,983119
9832689,5203,7943,983120
9832699,4547,7978,983121
9832709,3989,8018,983122
9832719,3442,8011,983123
9832729,3045,8099,983124
9832739,2674,8060,983125
9832749,2256,7892,983126
9832759,2119,7948,983127
9832769,2023,7986,983128
9832779,1998,8005,983129
9832789,2054,7987,983130
9832799,2213,7920,983131
9832809,2534,7934,983132
9832819,2843,8012,983133
9832829,3254,7926,983134
9832839,3881,8007,983135
9832849,4421,8041,983136
9832859,5038,8016,983137
9832869,5713,8014,983138
9832879,6437,7988,983139
9832889,7157,8002,983140
9832899,7868,8026,983141
9832909,8589,7936,983142
9832919,9319,7918,983143
9832929,10202,7992,983144
9832939,10837,7927,983145
9832949,11532,8056,983146
9832959,12085,7992,983147
9832969,12576,7992,983148
9832979,13082,8020,983149
9832989,13384,7963,983150
9832999,13743,8036,983151
9833009,13922,8006,983152
9833019,14051,8030,983153
9833029,14060,8058,983154
9833039,13969,8032,983155
9833049,13759,7949,983156
9833059,13534,8030,983157
9833069,13169,8065,983158
9833079,12769,8024,983159
9833089,12273,7988,983160
9833099,11685,7949,983161
9833109,11005,8045,983162
9833119,10343,8032,983163
9833129,9561,8008,983164
9833139,8937,8064,983165
9833149,8178,8003,983166
9833159,7420,8039,983167
9833169,6718,7989,983168
9833179,6002,7984,983169
9833189,5295,8104,983170
9833199,4509,7988,983171
9833209,3945,7975,983172
9833219,3493,8096,983173
9833229,2968,7910,983174
9833239,2624,7988,983175
9833249,2298,7941,983176
9833259,2145,8006,983177
9833269,1998,7921,983178
9833279,2024,7976,983179
9833289,2127,8066,983180
9833299,2224,7962,983181
9833309,2536,8055,983182
9833319,2835,7955,983183
9833329,3255,7970,983184
9833339,3795,8042,983185
9833349,4327,7966,983186
9833359,4963,8057,983187
9833369,5694,7927,983188
9833379,6421,8004,983189
9833389,7119,7917,983190
9833399,7866,7985,983191
9833409,8622,7991,983192
9833419,9335,7956,983193
9833429,10061,8014,983194
9833439,10743,7935,983195
9833449,11375,8059,983196
9833459,12012,7999,983197
9833469,12550,7952,983198
9833479,13082,8062,983199
9833489,13404,8030,983200
9833499,13677,7959,983201
9833509,13921,7989,983202
9833519,14043,8034,983203
9833529,14080,8024,983204
9833539,13964,7951,983205
9833549,13788,8003,983206
9833559,13539,8038,983207
9833569,13234,8049,983208
9833579,12763,8009,983209
9833589,12334,8069,983210
9833599,11732,8074,983211
9833609,11140,8102,983212
9833619,10460,7985,983213
9833629,9774,7999,983214
9833639,8965,8078,983215
9833649,8153,8031,983216
9833659,7398,7938,983217
9833669,6736,8001,983218
9833679,5967,7970,983219
9833689,5350,8058,983220
9833699,4663,8023,983221
9833709,4100,8040,983222
9833719,3556,7924,983223
9833729,2951,7965,983224
9833739,2629,7992,983225
9833749,2304,7962,983226
9833759,2152,8006,983227
9833769,2010,8012,983228
9833779,1982,7920,983229
9833789,2028,7882,983230
9833799,2211,8020,983231
9833809,2493,7988,983232
9833819,2842,7963,983233
9833829,3284,8017,983234
9833839,3749,7991,983235
9833849,4327,8051,983236
9833859,4902,7941,983237
9833869,5616,8030,983238
9833879,6242,7874,983239
9833889,7022,7996,983240
9833899,7684,7937,983241
9833909,8622,7950,983242
9833919,9335,7947,983243
9833929,10070,7996,983244
9833939,10718,7979,983245
9833949,11352,7964,983246
9833959,11946,8022,983247
9833969,12466,7967,983248
9833979,12946,8043,983249
9833989,13313,7945,983250
9833999,13695,8016,983251
9834009,13910,8007,983252
9834019,14051,8018,983253
9834029,14045,7957,983254
9834039,13979,7940,983255
9834049,13856,7952,983256
9834059,13602,7999,983257
9834069,13238,7963,983258
9834079,12858,7950,983259
9834089,12242,8070,983260
9834099,11717,7929,983261
9834109,11123,8034,983262
9834119,10482,8031,983263
9834129,9786,8016,983264
9834139,9061,8096,983265
9834149,8309,7967,983266
9834159,7533,7968,983267
9834169,6870,8013,983268
9834179,6002,8004,983269
9834189,5293,8024,983270
9834199,4674,8035,983271
9834209,4093,8053,983272
9834219,3561,8019,983273
9834229,3080,8010,983274
9834239,2685,8005,983275
9834249,2365,7947,983276
9834259,2211,8056,983277
9834269,1995,7998,983278
9834279,1969,7960,983279
9834289,2089,8019,983280
9834299,2194,7931,983281
9834309,2427,7922,983282
9834319,2758,7938,983283
9834329,3181,7958,983284
9834339,3664,8013,983285
9834349,4188,7947,983286
9834359,4921,7890,983287
9834369,5585,7901,983288
9834379,6306,8018,983289
9834389,7004,7991,983290
9834399,7740,7945,983291
9834409,8454,7952,983292
9834419,9192,8026,983293
9834429,9887,7904,983294
9834439,10631,7979,983295
9834449,11427,8051,983296
9834459,11987,8067,983297
9834469,12530,8036,983298
9834479,12907,7936,983299
9834489,13386,7984,983300
9834499,13690,8053,983301
9834509,13901,8070,983302
9834519,14056,8010,983303
9834529,14045,7987,983304
9834539,13985,8002,983305
9834549,13878,8026,983306
9834559,13588,7986,983307
9834569,13295,8023,983308
9834579,12877,8044,983309
9834589,12356,7918,983310
9834599,11917,8058,983311
9834609,11238,8005,983312
9834619,10560,8040,983313
9834629,9766,7978,983314
9834639,9066,8053,983315
9834649,8309,8015,983316
9834659,7590,7937,983317
9834669,6886,8062,983318
9834679,6104,7955,983319
9834689,5443,8018,983320
9834699,4804,8009,983321
9834709,4085,7968,983322
9834719,3557,8071,983323
9834729,3051,7925,983324
9834739,2736,8055,983325
9834749,2445,8035,983326
9834759,2134,7963,983327
9834769,2079,7982,983328
9834779,1965,7960,983329
9834789,2045,8055,983330
9834799,2189,7951,983331
9834809,2465,7945,983332
9834819,2792,7943,983333
9834829,3183,8013,983334
9834839,3698,8014,983335
9834849,4200,8006,983336
9834859,4780,7924,983337
9834869,5395,7907,983338
9834879,6118,7982,983339
9834889,6916,7956,983340
9834899,7679,7920,983341
9834909,8514,8023,983342
9834919,9202,7997,983343
9834929,9969,8034,983344
9834939,10586,8009,983345
9834949,11222,7930,983346
9834959,11847,7926,983347
9834969,12413,7972,983348
9834979,12929,8036,983349
9834989,13365,8021,983350
9834999,13682,8018,983351
9835009,13824,7920,983352
9835019,14055,8031,983353
9835029,14012,8031,983354
9835039,14013,7988,983355
9835049,13887,7964,983356
9835059,13628,8025,983357
9835069,13296,8082,983358
9835079,12936,8005,983359
9835089,12416,8065,983360
9835099,11872,8006,983361
9835109,11238,7998,983362
9835119,10614,7945,983363
9835129,9959,8088,983364
9835139,9186,8052,983365
9835149,8476,8064,983366
9835159,7569,7951,983367
9835169,6857,8026,983368
9835179,6105,8002,983369
9835189,5417,7949,983370
9835199,4819,8021,983371
9835209,4219,8067,983372
9835219,3656,8033,983373
9835229,3202,8041,983374
9835239,2763,7977,983375
9835249,2399,8024,983376
9835259,2156,7926,983377
9835269,2051,8044,983378
9835279,1971,7953,983379
9835289,2031,7984,983380
9835299,2171,7960,983381
9835309,2379,7983,983382
9835319,2709,7997,983383
9835329,3042,7905,983384
9835339,3655,7925,983385
9835349,4190,7922,983386
9835359,4818,8011,983387
9835369,5477,8049,983388
9835379,6166,7975,983389
9835389,6860,8017,983390
9835399,7541,7973,983391
9835409,8302,8040,983392
9835419,9061,8040,983393
9835429,9893,7980,983394
9835439,10600,7988,983395
9835449,11262,7956,983396
9835459,11820,7959,983397
9835469,12369,7975,983398
9835479,12879,7996,983399
9835489,13307,8026,983400
9835499,13621,8040,983401
9835509,13797,7931,983402
9835519,13999,7943,983403
9835529,14025,7954,983404
9835539,14042,8076,983405
9835549,13923,8054,983406
9835559,13678,8023,983407
9835569,13375,8074,983408
9835579,12961,8017,983409
9835589,12465,8037,983410
9835599,12003,8064,983411
9835609,11197,8054,983412
9835619,10613,8051,983413
9835629,9901,7930,983414
9835639,9222,8038,983415
9835649,8484,8074,983416
9835659,7752,8042,983417
9835669,7010,7991,983418
9835679,6290,8008,983419
9835689,5533,7956,983420
9835699,4795,7946,983421
9835709,4177,8025,983422
9835719,3648,7903,983423
9835729,3189,8033,983424
9835739,2743,7977,983425
9835749,2465,7977,983426
9835759,2206,8026,983427
9835769,2041,8014,983428
9835779,1972,7963,983429
9835789,2054,7995,983430
9835799,2189,7996,983431
9835809,2390,7930,983432
9835819,2708,8035,983433
9835829,3104,7986,983434
9835839,3578,8060,983435
9835849,4080,7988,983436
9835859,4702,7979,983437
9835869,5363,8060,983438
9835879,6167,8012,983439
9835889,6862,7959,983440
9835899,7547,7921,983441
9835909,8301,7925,983442
9835919,9093,7967,983443
9835929,9780,8036,983444
9835939,10477,8028,983445
9835949,11107,7946,983446
9835959,11727,7975,983447
9835969,12402,7977,983448
9835979,12856,7931,983449
9835989,13257,7950,983450
9835999,13612,7936,983451
9836009,13855,7979,983452
9836019,13978,7933,983453
9836029,14066,7967,983454
9836039,14075,8061,983455
9836049,13976,7991,983456
9836059,13671,8042,983457
9836069,13419,8051,983458
9836079,12926,8011,983459
9836089,12492,7981,983460
9836099,11928,7969,983461
9836109,11351,7932,983462
9836119,10710,8030,983463
9836129,10069,7972,983464
9836139,9285,8090,983465
9836149,8454,7956,983466
9836159,7739,7992,983467
9836169,7005,7963,983468
9836179,6256,8035,983469
9836189,5531,7901,983470
9836199,4881,7934,983471
9836209,4328,8036,983472
9836219,3760,7982,983473
9836229,3291,8036,983474
9836239,2711,7976,983475
9836249,2453,7975,983476
9836259,2251,8040,983477
9836269,2001,7926,983478
9836279,2013,7972,983479
9836289,2006,7984,983480
9836299,2126,7984,983481
9836309,2323,7914,983482
9836319,2660,7962,983483
9836329,3129,8067,983484
9836339,3535,7976,983485
9836349,4076,7940,983486
9836359,4678,7908,983487
9836369,5317,8038,983488
9836379,6017,8002,983489
9836389,6703,7953,983490
9836399,7491,8036,983491
9836409,8334,8028,983492
9836419,9054,8011,983493
9836429,9767,7969,983494
9836439,10479,7977,983495
9836449,11167,8063,983496
9836459,11740,8023,983497
9836469,12329,8004,983498
9836479,12789,8061,983499
9836489,13170,7952,983500
9836499,13511,7985,983501
9836509,13890,8054,983502
9836519,13970,8002,983503
9836529,14055,8043,983504
9836539,14031,8064,983505
9836549,13952,8029,983506
9836559,13656,7952,983507
9836569,13453,8039,983508
9836579,13071,8053,983509
9836589,12480,8006,983510
9836599,11970,8065,983511
9836609,11340,7980,983512
9836619,10749,8053,983513
9836629,10101,8073,983514
9836639,9320,8022,983515
9836649,8607,7993,983516
9836659,7868,8000,983517
9836669,7174,7957,983518
9836679,6268,7967,983519
9836689,5561,8010,983520
9836699,4933,8002,983521
9836709,4304,8045,983522
9836719,3728,8003,983523
9836729,3250,7951,983524
9836739,2870,7962,983525
9836749,2517,7991,983526
9836759,2241,7966,983527
9836769,2045,8004,983528
9836779,1950,7918,983529
9836789,1996,7952,983530
9836799,2125,7989,983531
9836809,2321,7889,983532
9836819,2664,8048,983533
9836829,3002,8002,983534
9836839,3404,7912,983535
9836849,3998,8015,983536
9836859,4714,8027,983537
9836869,5317,7991,983538
9836879,5966,7929,983539
9836889,6724,8016,983540
9836899,7454,7934,983541
9836909,8176,8016,983542
9836919,8911,7930,983543
9836929,9622,7940,983544
9836939,10346,8053,983545
9836949,11074,7949,983546
9836959,11715,7955,983547
9836969,12273,7994,983548
9836979,12779,7967,983549
9836989,13197,8046,983550
9836999,13528,7971,983551
9837009,13806,8008,983552
9837019,13946,7941,983553
9837029,14112,8083,983554
9837039,14038,8046,983555
9837049,13889,8030,983556
9837059,13704,7988,983557
9837069,13427,7997,983558
9837079,13076,8069,983559
9837089,12562,7978,983560
9837099,12047,7994,983561
9837109,11481,7997,983562
9837119,10916,8073,983563
9837129,10092,8077,983564
9837139,9320,7952,983565
9837149,8620,8033,983566
9837159,7912,8120,983567
9837169,7088,7910,983568
9837179,6440,8058,983569
9837189,5719,8005,983570
9837199,5055,8001,983571
9837209,4421,8039,983572
9837219,3775,7941,983573
9837229,3291,7981,983574
9837239,2833,7956,983575
9837249,2521,8078,983576
9837259,2206,7935,983577
9837269,2076,7964,983578
9837279,1966,7953,983579
9837289,2011,8061,983580
9837299,2118,8029,983581
9837309,2344,7965,983582
9837319,2624,7988,983583
9837329,3024,7969,983584
9837339,3426,7942,983585
9837349,3996,8027,983586
9837359,4515,7942,983587
9837369,5214,7985,983588
9837379,5861,7968,983589
9837389,6524,7951,983590
9837399,7450,8009,983591
9837409,8169,7960,983592
9837419,8896,8011,983593
9837429,9618,7970,983594
9837439,10323,7991,983595
9837449,11042,8060,983596
9837459,11603,8000,983597
9837469,12188,7969,983598
9837479,12726,8043,983599
9837489,13169,8019,983600
9837499,13555,8033,983601
9837509,13804,8005,983602
9837519,13979,7987,983603
9837529,14026,7963,983604
9837539,14042,8069,983605
9837549,13932,8089,983606
9837559,13704,7923,983607
9837569,13475,7947,983608
9837579,13009,7970,983609
9837589,12612,8048,983610
9837599,12053,8005,983611
9837609,11531,8068,983612
9837619,10886,8016,983613
9837629,10192,8055,983614
9837639,9480,7994,983615
9837649,8778,8012,983616
9837659,8062,8017,983617
9837669,7125,7984,983618
9837679,6407,7958,983619
9837689,5696,7956,983620
9837699,5094,8000,983621
9837709,4424,8030,983622
9837719,3860,8009,983623
9837729,3371,8049,983624
9837739,2897,8009,983625
9837749,2524,7969,983626
9837759,2241,7965,983627
9837769,2080,7942,983628
9837779,2008,7986,983629
9837789,2003,8011,983630
9837799,2085,7948,983631
9837809,2274,7930,983632
9837819,2607,7965,983633
9837829,2939,8004,983634
9837839,3365,7957,983635
9837849,3981,7979,983636
9837859,4528,8009,983637
9837869,5189,7998,983638
9837879,5845,7987,983639
9837889,6561,7955,983640
9837899,7288,7989,983641
9837909,8035,7969,983642
9837919,8768,8010,983643
9837929,9541,7941,983644
9837939,10341,8020,983645
9837949,10970,7950,983646
9837959,11604,8001,983647
9837969,12166,8000,983648
9837979,12696,7938,983649
9837989,13095,7984,983650
9837999,13474,8056,983651
9838009,13745,7982,983652
9838019,13936,8024,983653
9838029,14059,8014,983654
9838039,14069,8055,983655
9838049,13920,8011,983656
9838059,13766,8034,983657
9838069,13478,8069,983658
9838079,13100,7951,983659
9838089,12679,7972,983660
9838099,12157,7979,983661
9838109,11536,8030,983662
9838119,10901,8028,983663
9838129,10167,7978,983664
9838139,9469,7999,983665
9838149,8780,8062,983666
9838159,7991,7950,983667
9838169,7333,8081,983668
9838179,6557,7961,983669
9838189,5853,8006,983670
9838199,4998,7935,983671
9838209,4366,7941,983672
9838219,3861,8026,983673
9838229,3376,7996,983674
9838239,2956,8001,983675
9838249,2546,7942,983676
9838259,2258,7893,983677
9838269,2078,7964,983678
9838279,1992,7961,983679
9838289,2006,7989,983680
9838299,2123,7958,983681
9838309,2298,8026,983682
9838319,2531,7877,983683
9838329,2954,8062,983684
9838339,3364,8032,983685
9838349,3907,8068,983686
9838359,4469,8033,983687
9838369,5037,8014,983688
9838379,5825,8011,983689
9838389,6516,7908,983690
9838399,7259,7905,983691
9838409,8046,8024,983692
9838419,8763,7928,983693
9838429,9447,7938,983694
9838439,10210,7992,983695
9838449,10872,8012,983696
9838459,11501,7999,983697
9838469,12118,7961,983698
9838479,12729,7984,983699
9838489,13112,8039,983700
9838499,13534,8087,983701
9838509,13808,8090,983702
9838519,13995,8095,983703
9838529,14016,7955,983704
9838539,14080,8016,983705
9838549,13979,8008,983706
9838559,13762,8020,983707
9838569,13476,7969,983708
9838579,13140,8059,983709
9838589,12689,7982,983710
9838599,12198,8046,983711
9838609,11599,8002,983712
9838619,11006,8071,983713
9838629,10379,8045,983714
9838639,9573,7969,983715
9838649,8797,8072,983716
9838659,8016,8071,983717
9838669,7279,8000,983718
9838679,6599,8026,983719
9838689,5845,8023,983720
9838699,5213,8017,983721
9838709,4506,7989,983722
9838719,3968,8004,983723
9838729,3471,8013,983724
9838739,2916,7974,983725
9838749,2588,8031,983726
9838759,2254,7973,983727
9838769,2113,7941,983728
9838779,1987,7950,983729
9838789,2005,8018,983730
9838799,2025,7896,983731
9838809,2265,8037,983732
9838819,2437,7921,983733
9838829,2975,8036,983734
9838839,3356,7990,983735
9838849,3885,8042,983736
9838859,4411,8001,983737
9838869,5028,7979,983738
9838879,5695,7906,983739
9838889,6446,8009,983740
9838899,7111,7931,983741
9838909,7877,7967,983742
9838919,8780,7925,983743
9838929,9503,8036,983744
9838939,10180,7948,983745
9838949,10845,7929,983746
9838959,11456,7932,983747
9838969,12119,8040,983748
9838979,12575,8021,983749
9838989,13019,7958,983750
9838999,13400,8015,983751
9839009,13729,7968,983752
9839019,13910,7952,983753
9839029,14086,8084,983754
9839039,14004,7913,983755
9839049,13947,8005,983756
9839059,13781,7965,983757
9839069,13539,8005,983758
9839079,13184,7998,983759
9839089,12780,7970,983760
9839099,12212,8018,983761
9839109,11621,7977,983762
9839119,11027,8045,983763
9839129,10331,8043,983764
9839139,9605,7942,983765
9839149,8925,8019,983766
9839159,8184,8002,983767
9839169,7480,8098,983768
9839179,6696,8013,983769
9839189,5844,8010,983770
9839199,5198,8004,983771
9839209,4541,8037,983772
9839219,3940,7953,983773
9839229,3442,7959,983774
9839239,2986,7924,983775
9839249,2633,7995,983776
9839259,2370,8048,983777
9839269,2157,7964,983778
9839279,2023,8001,983779
9839289,1968,7953,983780
9839299,2070,7996,983781
9839309,2211,7925,983782
9839319,2517,8031,983783
9839329,2877,8030,983784
9839339,3252,7980,983785
9839349,3801,8031,983786
9839359,4324,7996,983787
9839369,5028,7932,983788
9839379,5713,8023,983789
9839389,6457,8019,983790
9839399,7160,7962,983791
9839409,7898,8006,983792
9839419,8638,8009,983793
9839429,9361,8003,983794
9839439,10049,7948,983795
9839449,10850,8030,983796
9839459,11508,7985,983797
9839469,12120,7988,983798
9839479,12598,8021,983799
9839489,13073,7974,983800
9839499,13491,8038,983801
9839509,13672,8015,983802
9839519,13938,8004,983803
9839529,14042,8075,983804
9839539,14069,7920,983805
9839549,13957,7948,983806
9839559,13824,8057,983807
9839569,13479,8035,983808
9839579,13154,8037,983809
9839589,12821,7950,983810
9839599,12274,7982,983811
9839609,11733,7951,983812
9839619,11158,8049,983813
9839629,10435,7991,983814
9839639,9610,8005,983815
9839649,8921,8020,983816
9839659,8173,7927,983817
9839669,7461,8054,983818
9839679,6727,7978,983819
9839689,6001,7986,983820
9839699,5321,8030,983821
9839709,4707,7946,983822
9839719,4021,7977,983823
9839729,3425,7948,983824
9839739,3020,7991,983825
9839749,2668,7972,983826
9839759,2393,7919,983827
9839769,2105,7951,983828
9839779,2020,7983,983829
9839789,1977,7986,983830
9839799,2080,7958,983831
9839809,2239,7977,983832
9839819,2489,8068,983833
9839829,2849,7975,983834
9839839,3304,8068,983835
9839849,3743,8000,983836
9839859,4301,7975,983837
9839869,4957,8029,983838
9839879,5549,7964,983839
9839889,6255,7902,983840
9839899,7095,7995,983841
9839909,7863,8016,983842
9839919,8590,8010,983843
9839929,9376,8046,983844
9839939,10014,7962,983845
9839949,10739,7967,983846
9839959,11378,8044,983847
9839969,11947,7950,983848
9839979,12460,7910,983849
9839989,12953,7920,983850
9839999,13430,7992,983851
9840009,13739,8043,983852
9840019,13915,7947,983853
9840029,14057,8031,983854
9840039,14065,8061,983855
9840049,14034,8083,983856
9840059,13803,7945,983857
9840069,13585,7952,983858
9840079,13192,8049,983859
9840089,12740,8028,983860
9840099,12271,7948,983861
9840109,11763,8006,983862
9840119,11124,8061,983863
9840129,10509,8061,983864
9840139,9811,8032,983865
9840149,9069,8048,983866
9840159,8320,8072,983867
9840169,7429,8085,983868
9840179,6725,8030,983869
9840189,6021,8035,983870
9840199,5276,7962,983871
9840209,4700,8051,983872
9840219,4083,7991,983873
9840229,3553,8003,983874
9840239,3059,7962,983875
9840249,2726,8080,983876
9840259,2320,7910,983877
9840269,2114,7960,983878
9840279,2051,8032,983879
9840289,1969,8027,983880
9840299,2079,8015,983881
9840309,2179,7955,983882
9840319,2452,7941,983883
9840329,2811,8045,983884
9840339,3148,8040,983885
9840349,3771,7971,983886
9840359,4286,8010,983887
9840369,4930,7977,983888
9840379,5549,7935,983889
9840389,6276,7950,983890
9840399,6992,7900,983891
9840409,7710,7919,983892
9840419,8425,7898,983893
9840429,9160,7885,983894
9840439,10090,8063,983895
9840449,10798,7999,983896
9840459,11400,8029,983897
9840469,11952,7953,983898
9840479,12505,8022,983899
9840489,12978,8035,983900
9840499,13344,8037,983901
9840509,13609,7972,983902
9840519,13900,8048,983903
9840529,14074,8059,983904
9840539,14080,8042,983905
9840549,13973,7970,983906
9840559,13813,7931,983907
9840569,13630,8038,983908
9840579,13286,8031,983909
9840589,12936,8055,983910
9840599,12424,8047,983911
9840609,11894,8113,983912
9840619,11081,7920,983913
9840629,10504,8038,983914
9840639,9733,8027,983915
9840649,9089,7981,983916
9840659,8336,8055,983917
9840669,7614,8037,983918
9840679,6816,7961,983919
9840689,6142,8020,983920
9840699,5447,7998,983921
9840709,4660,7984,983922
9840719,4096,7979,983923
9840729,3562,8010,983924
9840739,3103,7976,983925
9840749,2698,7923,983926
9840759,2371,7950,983927
9840769,2218,8034,983928
9840779,1999,7928,983929
9840789,1988,7961,983930
9840799,2040,7937,983931
9840809,2253,8031,983932
9840819,2459,8045,983933
9840829,2790,8069,983934
9840839,3191,7960,983935
9840849,3624,7899,983936
9840859,4227,7944,983937
9840869,4808,7940,983938
9840879,5458,7990,983939
9840889,6292,8010,983940
9840899,6977,7965,983941
9840909,7756,8052,983942
9840919,8457,7948,983943
9840929,9261,8030,983944
9840939,9890,7990,983945
9840949,10607,8001,983946
9840959,11217,7985,983947
9840969,11896,7994,983948
9840979,12460,7933,983949
9840989,12998,7980,983950
9840999,13400,8040,983951
9841009,13663,8047,983952
9841019,13877,7996,983953
9841029,14002,7962,983954
9841039,14034,7994,983955
9841049,14019,8000,983956
9841059,13857,7966,983957
9841069,13598,8037,983958
9841079,13303,8040,983959
9841089,12911,8067,983960
9841099,12352,7969,983961
9841109,11860,8013,983962
9841119,11222,7987,983963
9841129,10575,7924,983964
9841139,9895,7946,983965
9841149,9132,7980,983966
9841159,8309,8037,983967
9841169,7627,8039,983968
9841179,6847,8024,983969
9841189,6101,7952,983970
9841199,5401,7981,983971
9841209,4833,8045,983972
9841219,4185,7987,983973
9841229,3646,7937,983974
9841239,3141,7938,983975
9841249,2663,7920,983976
9841259,2408,7942,983977
9841269,2174,7962,983978
9841279,2019,8006,983979
9841289,2029,8002,983980
9841299,2038,7998,983981
9841309,2182,7994,983982
9841319,2383,7919,983983
9841329,2715,7903,983984
9841339,3206,7998,983985
9841349,3641,7950,983986
9841359,4198,7937,983987
9841369,4798,7952,983988
9841379,5429,7992,983989
9841389,6099,7908,983990
9841399,6847,7879,983991
9841409,7556,7913,983992
9841419,8400,7948,983993
9841429,9246,7968,983994
9841439,9928,8055,983995
9841449,10589,7937,983996
9841459,11251,8063,983997
9841469,11888,8038,983998
9841479,12393,8044,983999
9841489,12840,7911,984000
9841499,13269,8045,984001
9841509,13640,8025,984002
9841519,13941,8055,984003
9841529,14006,8005,984004
9841539,14121,8045,984005
9841549,14007,8015,984006
9841559,13893,7977,984007
9841569,13647,8009,984008
9841579,13374,8076,984009
9841589,12924,7965,984010
9841599,12453,8063,984011
9841609,11811,7990,984012
9841619,11224,8004,984013
9841629,10615,8038,984014
9841639,9906,7995,984015
9841649,9174,7994,984016
9841659,8434,7978,984017
9841669,7735,7948,984018
9841679,7042,8053,984019
9841689,6060,7946,984020
9841699,5496,8057,984021
9841709,4755,7946,984022
9841719,4201,7963,984023
9841729,3676,8048,984024
9841739,3235,8014,984025
9841749,2790,8010,984026
9841759,2464,8047,984027
9841769,2198,7945,984028
9841779,1961,8026,984029
9841789,1990,8007,984030
9841799,2054,8035,984031
9841809,2160,8016,984032
9841819,2349,8009,984033
9841829,2723,8022,984034
9841839,3106,8020,984035
9841849,3502,7890,984036
9841859,4041,7893,984037
9841869,4774,7892,984038
9841879,5456,7989,984039
9841889,6109,7946,984040
9841899,6867,8047,984041
9841909,7581,8010,984042
9841919,8268,7874,984043
9841929,9017,7941,984044
9841939,9801,7999,984045
9841949,10486,7976,984046
9841959,11219,7987,984047
9841969,11867,8044,984048
9841979,12322,7906,984049
9841989,12884,7974,984050
9841999,13255,8004,984051
9842009,13635,8036,984052
9842019,13828,7971,984053
9842029,13979,7991,984054
9842039,14026,7929,984055
9842049,14058,8010,984056
9842059,13892,7982,984057
9842069,13664,8025,984058
9842079,13340,8015,984059
9842089,12924,7989,984060
9842099,12466,8005,984061
9842109,11921,8010,984062
9842119,11378,8020,984063
9842129,10692,7942,984064
9842139,9869,7987,984065
9842149,9171,7974,984066
9842159,8440,7986,984067
9842169,7741,7996,984068
9842179,7008,7980,984069
9842189,6319,8078,984070
9842199,5630,8061,984071
9842209,4943,8074,984072
9842219,4308,7997,984073
9842229,3674,7991,984074
9842239,3159,7952,984075
9842249,2754,7936,984076
9842259,2444,7999,984077
9842269,2216,7986,984078
9842279,2044,8026,984079
9842289,2001,7990,984080
9842299,1983,7924,984081
9842309,2134,8006,984082
9842319,2429,8019,984083
9842329,2678,7910,984084
9842339,3099,8001,984085
9842349,3504,8019,984086
9842359,4077,8017,984087
9842369,4666,7951,984088
9842379,5366,8021,984089
9842389,5983,7916,984090
9842399,6722,7961,984091
9842409,7613,8043,984092
9842419,8324,8046,984093
9842429,9048,7985,984094
9842439,9782,7906,984095
9842449,10456,7951,984096
9842459,11149,8030,984097
9842469,11706,7950,984098
9842479,12254,7916,984099
9842489,12791,7955,984100
9842499,13319,8073,984101
9842509,13635,8038,984102
9842519,13810,7944,984103
9842529,14048,8091,984104
9842539,14067,8041,984105
9842549,14030,7999,984106
9842559,13912,7951,984107
9842569,13704,7999,984108
9842579,13316,8032,984109
9842589,12921,7941,984110
9842599,12532,8099,984111
9842609,11953,7940,984112
9842619,11390,8056,984113
9842629,10688,7957,984114
9842639,10050,7994,984115
9842649,9368,8052,984116
9842659,8617,8055,984117
9842669,7821,8017,984118
9842679,6980,7980,984119
9842689,6315,8079,984120
9842699,5570,8088,984121
9842709,4878,7969,984122
9842719,4304,7991,984123
9842729,3746,7918,984124
9842739,3251,7937,984125
9842749,2847,7983,984126
9842759,2498,8037,984127
9842769,2205,7976,984128
9842779,2071,7980,984129
9842789,1964,7933,984130
9842799,1996,7966,984131
9842809,2134,8013,984132
9842819,2394,8005,984133
9842829,2649,8042,984134
9842839,3030,8018,984135
9842849,3508,7974,984136
9842859,4142,8075,984137
9842869,4665,7961,984138
9842879,5310,7941,984139
9842889,6033,8000,984140
9842899,6718,8005,984141
9842909,7430,7974,984142
9842919,8166,7919,984143
9842929,8896,8010,984144
9842939,9777,8045,984145
9842949,10485,8021,984146
9842959,11109,7922,984147
9842969,11678,7977,984148
9842979,12258,8007,984149
9842989,12776,8076,984150
9842999,13208,8041,984151
9843009,13544,7969,984152
9843019,13802,8040,984153
9843029,14028,8054,984154
9843039,14097,8041,984155
9843049,14055,7976,984156
9843059,13944,8053,984157
9843069,13703,8047,984158
9843079,13386,7932,984159
9843089,13030,8046,984160
9843099,12582,7970,984161
9843109,12087,8022,984162
9843119,11417,8019,984163
9843129,10699,8012,984164
9843139,10079,8059,984165
9843149,9366,8106,984166
9843159,8594,7956,984167
9843169,7910,8081,984168
9843179,7138,8013,984169
9843189,6404,8039,984170
9843199,5724,7953,984171
9843209,4970,8064,984172
9843219,4290,7965,984173
9843229,3771,7961,984174
9843239,3296,8062,984175
9843249,2848,7966,984176
9843259,2525,8060,984177
9843269,2264,7963,984178
9843279,2080,7956,984179
9843289,1959,7940,984180
9843299,2041,8037,984181
9843309,2157,7964,984182
9843319,2352,8026,984183
9843329,2602,7990,984184
9843339,3000,7916,984185
9843349,3472,8036,984186
9843359,3989,7976,984187
9843369,4548,7977,984188
9843379,5225,8030,984189
9843389,6021,7964,984190
9843399,6651,7930,984191
9843409,7403,7982,984192
9843419,8146,7933,984193
9843429,8925,7977,984194
9843439,9590,7920,984195
9843449,10367,8031,984196
9843459,11001,8013,984197
9843469,11643,8040,984198
9843479,12246,7924,984199
9843489,12788,8038,984200
9843499,13176,7957,984201
9843509,13551,7965,984202
9843519,13857,8056,984203
9843529,14017,8074,984204
9843539,14033,7939,984205
9843549,14034,8051,984206
9843559,13962,7930,984207
9843569,13696,7931,984208
9843579,13413,7962,984209
9843589,13035,8018,984210
9843599,12595,8033,984211
9843609,12065,8018,984212
9843619,11500,8085,984213
9843629,10868,7982,984214
9843639,10217,8093,984215
9843649,9485,7969,984216
9843659,8623,8066,984217
9843669,7911,8077,984218
9843679,7109,7949,984219
9843689,6435,8021,984220
9843699,5738,7997,984221
9843709,5027,7944,984222
9843719,4416,8025,984223
9843729,3832,7927,984224
9843739,3350,7973,984225
9843749,2843,7983,984226
9843759,2503,7989,984227
9843769,2260,7996,984228
9843779,2110,8039,984229
9843789,1959,7945,984230
9843799,2023,8006,984231
9843809,2093,8003,984232
9843819,2277,7875,984233
9843829,2556,7968,984234
9843839,3024,7978,984235
9843849,3440,7999,984236
9843859,3982,7979,984237
9843869,4561,8019,984238
9843879,5162,8055,984239
9843889,5868,8060,984240
9843899,6552,8011,984241
9843909,7329,7905,984242
9843919,8018,7913,984243
9843929,8907,8034,984244
9843939,9615,7966,984245
9843949,10290,7953,984246
9843959,10957,7911,984247
9843969,11607,7968,984248
9843979,12166,7967,984249
9843989,12722,8008,984250
9843999,13131,7964,984251
9844009,13495,7960,984252
9844019,13796,7986,984253
9844029,13995,8002,984254
9844039,14038,7943,984255
9844049,14019,7927,984256
9844059,13936,8016,984257
9844069,13768,8049,984258
9844079,13496,8045,984259
9844089,13090,7960,984260
9844099,12672,7977,984261
9844109,12070,8038,984262
9844119,11484,7948,984263
9844129,10829,8010,984264
9844139,10169,7928,984265
9844149,9491,8022,984266
9844159,8738,7930,984267
9844169,8069,8052,984268
9844179,7327,8080,984269
9844189,6486,7980,984270
9844199,5702,7981,984271
9844209,5016,7914,984272
9844219,4422,7958,984273
9844229,3903,8062,984274
9844239,3371,8045,984275
9844249,2896,7995,984276
9844259,2525,7937,984277
9844269,2303,8009,984278
9844279,2085,7961,984279
9844289,2029,7982,984280
9844299,2012,8040,984281
9844309,2098,7925,984282
9844319,2315,8070,984283
9844329,2607,8042,984284
9844339,2968,8074,984285
9844349,3379,8062,984286
9844359,3860,7957,984287
9844369,4445,7984,984288
9844379,5171,7902,984289
9844389,5882,8044,984290
9844399,6573,8053,984291
9844409,7285,7996,984292
9844419,8026,7976,984293
9844429,8769,7943,984294
9844439,9528,8065,984295
9844449,10138,7909,984296
9844459,10978,8012,984297
9844469,11620,7959,984298
9844479,12206,8051,984299
9844489,12713,7962,984300
9844499,13100,7950,984301
9844509,13483,8061,984302
9844519,13758,7986,984303
9844529,13941,7971,984304
9844539,14006,7968,984305
9844549,14066,8019,984306
9844559,14001,8075,984307
9844569,13748,8053,984308
9844579,13456,7984,984309
9844589,13138,7967,984310
9844599,12720,8042,984311
9844609,12252,8099,984312
9844619,11574,7958,984313
9844629,11024,7987,984314
9844639,10185,8055,984315
9844649,9476,8035,984316
9844659,8767,8000,984317
9844669,8047,8029,984318
9844679,7276,7964,984319
9844689,6550,7970,984320
9844699,5848,7996,984321
9844709,5203,8022,984322
9844719,4549,7962,984323
9844729,3913,8030,984324
9844739,3340,7936,984325
9844749,2935,8031,984326
9844759,2560,8018,984327
9844769,2299,7950,984328
9844779,2132,8035,984329
9844789,1959,7948,984330
9844799,2039,8057,984331
9844809,2118,8016,984332
9844819,2292,7898,984333
9844829,2554,7950,984334
9844839,2938,8029,984335
9844849,3321,7910,984336
9844859,3904,8061,984337
9844869,4445,7947,984338
9844879,5049,7958,984339
9844889,5746,7986,984340
9844899,6414,8053,984341
9844909,7294,7971,984342
9844919,8020,7989,984343
9844929,8742,7932,984344
9844939,9467,7915,984345
9844949,10219,8042,984346
9844959,10851,7947,984347
9844969,11535,8086,984348
9844979,12058,7957,984349
9844989,12617,7986,984350
9844999,13092,8023,984351
9845009,13510,7981,984352
9845019,13747,7972,984353
9845029,13929,7973,984354
9845039,14096,8047,984355
9845049,14016,7986,984356
9845059,13996,7996,984357
9845069,13799,8039,984358
9845079,13572,8040,984359
9845089,13107,7961,984360
9845099,12678,8041,984361
9845109,12206,8057,984362
9845119,11619,7958,984363
9845129,10966,7922,984364
9845139,10338,8025,984365
9845149,9609,7992,984366
9845159,8911,7994,984367
9845169,8155,7939,984368
9845179,7307,7989,984369
9845189,6579,8026,984370
9845199,5832,7961,984371
9845209,5145,7948,984372
9845219,4527,7974,984373
9845229,3994,8026,984374
9845239,3493,7993,984375
9845249,2988,7945,984376
9845259,2618,7951,984377
9845269,2320,8061,984378
9845279,2074,7916,984379
9845289,1984,7938,984380
9845299,1995,7953,984381
9845309,2041,7963,984382
9845319,2251,7985,984383
9845329,2515,7989,984384
9845339,2848,7959,984385
9845349,3261,7968,984386
9845359,3829,7897,984387
9845369,4399,7944,984388
9845379,5058,7949,984389
9845389,5707,7967,984390
9845399,6413,7952,984391
9845409,7118,7924,984392
9845419,7904,8022,984393
9845429,8602,7971,984394
9845439,9328,7926,984395
9845449,10160,7932,984396
9845459,10903,8029,984397
9845469,11490,7990,984398
9845479,12087,7957,984399
9845489,12621,8040,984400
9845499,13045,7941,984401
9845509,13423,8047,984402
9845519,13705,7948,984403
9845529,13917,8038,984404
9845539,14022,7968,984405
9845549,13994,7938,984406
9845559,14034,8029,984407
9845569,13779,7970,984408
9845579,13559,8072,984409
9845589,13238,8077,984410
9845599,12729,7973,984411
9845609,12286,7992,984412
9845619,11729,8010,984413
9845629,11040,8089,984414
9845639,10316,7949,984415
9845649,9647,8064,984416
9845659,8893,7992,984417
9845669,8202,8020,984418
9845679,7426,7993,984419
9845689,6687,7976,984420
9845699,5987,8038,984421
9845709,5291,7948,984422
9845719,4527,8003,984423
9845729,4007,8067,984424
9845739,3405,7915,984425
9845749,3007,7985,984426
9845759,2653,8031,984427
9845769,2365,7953,984428
9845779,2145,7988,984429
9845789,2022,7994,984430
9845799,1973,7999,984431
9845809,2069,7941,984432
9845819,2264,7954,984433
9845829,2463,7867,984434
9845839,2866,8059,984435
9845849,3263,8046,984436
9845859,3739,7953,984437
9845869,4339,8057,984438
9845879,4888,7912,984439
9845889,5705,8010,984440
9845899,6455,8069,984441
9845909,7163,8016,984442
9845919,7914,8093,984443
9845929,8614,8026,984444
9845939,9340,7970,984445
9845949,10079,8028,984446
9845959,10741,7976,984447
9845969,11405,8047,984448
9845979,11983,7950,984449
9845989,12576,7963,984450
9845999,13063,7984,984451
9846009,13426,7967,984452
9846019,13710,8042,984453
9846029,13894,7974,984454
9846039,14015,7939,984455
9846049,14077,7975,984456
9846059,14015,8036,984457
9846069,13827,8004,984458
9846079,13575,8053,984459
9846089,13225,8039,984460
9846099,12772,8015,984461
9846109,12279,7975,984462
9846119,11726,8050,984463
9846129,11142,8042,984464
9846139,10485,8013,984465
9846149,9764,7997,984466
9846159,8938,8079,984467
9846169,8184,8052,984468
9846179,7430,8004,984469
9846189,6719,8004,984470
9846199,5975,7966,984471
9846209,5276,7941,984472
9846219,4688,7998,984473
9846229,4072,7936,984474
9846239,3555,8017,984475
9846249,2934,7991,984476
9846259,2633,7943,984477
9846269,2381,8038,984478
9846279,2106,7925,984479
9846289,2043,8077,984480
9846299,2029,8025,984481
9846309,2025,7988,984482
9846319,2233,7989,984483
9846329,2437,8010,984484
9846339,2804,7910,984485
9846349,3300,8033,984486
9846359,3773,8005,984487
9846369,4321,8006,984488
9846379,4893,7910,984489
9846389,5572,7911,984490
9846399,6321,8046,984491
9846409,6947,7951,984492
9846419,7744,7941,984493
9846429,8566,7885,984494
9846439,9328,7910,984495
9846449,10054,8041,984496
9846459,10733,8033,984497
9846469,11356,7982,984498
9846479,11971,8008,984499
9846489,12502,7988,984500
9846499,12974,8003,984501
9846509,13319,7955,984502
9846519,13717,7952,984503
9846529,13927,7975,984504
9846539,14056,7913,984505
9846549,14122,8025,984506
9846559,13973,7998,984507
9846569,13808,7945,984508
9846579,13642,7998,984509
9846589,13283,8052,984510
9846599,12882,7985,984511
9846609,12245,8030,984512
9846619,11741,7991,984513
9846629,11172,8111,984514
9846639,10431,7953,984515
9846649,9799,8082,984516
9846659,9051,7954,984517
9846669,8328,7996,984518
9846679,7597,8038,984519
9846689,6838,8055,984520
9846699,5988,7953,984521
9846709,5325,8037,984522
9846719,4669,8010,984523
9846729,4046,7917,984524
9846739,3566,8030,984525
9846749,3119,8028,984526
9846759,2706,7987,984527
9846769,2366,7931,984528
9846779,2180,8007,984529
9846789,2024,8028,984530
9846799,1960,7959,984531
9846809,2045,7981,984532
9846819,2223,7992,984533
9846829,2448,8022,984534
9846839,2730,7936,984535
9846849,3199,7993,984536
9846859,3652,8013,984537
9846869,4197,7954,984538
9846879,4924,7998,984539
9846889,5565,7975,984540
9846899,6282,7959,984541
9846909,6997,7998,984542
9846919,7734,7950,984543
9846929,8463,7972,984544
9846939,9236,7985,984545
9846949,9898,7960,984546
9846959,10632,8008,984547
9846969,11379,8016,984548
9846979,11947,7995,984549
9846989,12545,7990,984550
9846999,12931,7984,984551
9847009,13383,7991,984552
9847019,13662,7961,984553
9847029,13903,7987,984554
9847039,14021,7985,984555
9847049,14069,8048,984556
9847059,13984,8021,984557
9847069,13846,8059,984558
9847079,13578,7972,984559
9847089,13249,7988,984560
9847099,12881,7962,984561
9847109,12394,8052,984562
9847119,11873,8061,984563
9847129,11251,8025,984564
9847139,10574,8054,984565
9847149,9730,7987,984566
9847159,9038,7942,984567
9847169,8321,8027,984568
9847179,7568,7990,984569
9847189,6825,7954,984570
9847199,6167,8053,984571
9847209,5417,7962,984572
9847219,4794,7944,984573
9847229,4134,8075,984574
9847239,3573,8070,984575
9847249,3056,7940,984576
9847259,2684,7993,984577
9847269,2372,8006,984578
9847279,2170,7986,984579
9847289,2028,8065,984580
9847299,1955,7947,984581
9847309,2040,7974,984582
9847319,2186,8022,984583
9847329,2432,7992,984584
9847339,2740,7977,984585
9847349,3181,7964,984586
9847359,3670,8010,984587
9847369,4200,8047,984588
9847379,4787,7922,984589
9847389,5471,8029,984590
9847399,6095,7965,984591
9847409,6918,7957,984592
9847419,7737,7961,984593
9847429,8467,7983,984594
9847439,9213,8049,984595
9847449,9890,7867,984596
9847459,10590,7965,984597
9847469,11225,8012,984598
9847479,11884,8081,984599
9847489,12348,7998,984600
9847499,12904,8055,984601
9847509,13303,7976,984602
9847519,13648,8023,984603
9847529,13872,8044,984604
9847539,14021,8004,984605
9847549,14096,8043,984606
9847559,13980,8057,984607
9847569,13822,7951,984608
9847579,13673,8099,984609
9847589,13353,8044,984610
9847599,12825,7912,984611
9847609,12356,8026,984612
9847619,11857,7999,984613
9847629,11259,8061,984614
9847639,10594,7995,984615
9847649,9881,7955,984616
9847659,9214,8105,984617
9847669,8424,8016,984618
9847679,7558,7986,984619
9847689,6822,8016,984620
9847699,6171,8004,984621
9847709,5446,8032,984622
9847719,4775,7955,984623
9847729,4182,7933,984624
9847739,3638,7917,984625
9847749,3140,7949,984626
9847759,2744,7953,984627
9847769,2439,8011,984628
9847779,2151,8010,984629
9847789,2033,7956,984630
9847799,1987,7968,984631
9847809,2044,7990,984632
9847819,2118,7904,984633
9847829,2403,8010,984634
9847839,2723,7983,984635
9847849,3070,7977,984636
9847859,3719,8020,984637
9847869,4206,7999,984638
9847879,4770,7925,984639
9847889,5415,7960,984640
9847899,6119,7958,984641
9847909,6886,8055,984642
9847919,7572,8014,984643
9847929,8291,7877,984644
9847939,9055,8076,984645
9847949,9868,8013,984646
9847959,10615,7970,984647
9847969,11239,7979,984648
9847979,11863,7998,984649
9847989,12392,7946,984650
9847999,12869,7937,984651
9848009,13301,7973,984652
9848019,13610,7948,984653
9848029,13918,8002,984654
9848039,13984,7941,984655
9848049,14104,8067,984656
9848059,13978,7963,984657
9848069,13907,8016,984658
9848079,13660,8022,984659
9848089,13363,7982,984660
9848099,12980,8032,984661
9848109,12491,8113,984662
9848119,11969,7976,984663
9848129,11244,8025,984664
9848139,10584,7993,984665
9848149,9938,7982,984666
9848159,9207,8056,984667
9848169,8474,8053,984668
9848179,7720,8033,984669
9848189,6953,7922,984670
9848199,6294,8057,984671
9848209,5535,7915,984672
9848219,4763,7945,984673
9848229,4196,7967,984674
9848239,3704,8082,984675
9848249,3157,7976,984676
9848259,2753,8001,984677
9848269,2442,7941,984678
9848279,2206,7984,984679
9848289,2044,7971,984680
9848299,1977,8037,984681
9848309,1996,7942,984682
9848319,2169,8021,984683
9848329,2427,8037,984684
9848339,2702,7945,984685
9848349,3114,8020,984686
9848359,3519,7983,984687
9848369,4050,7955,984688
9848379,4698,8040,984689
9848389,5358,8040,984690
9848399,6092,7935,984691
9848409,6893,8035,984692
9848419,7552,7990,984693
9848429,8345,8070,984694
9848439,9000,7926,984695
9848449,9833,7992,984696
9848459,10451,8004,984697
9848469,11102,8009,984698
9848479,11712,7949,984699
9848489,12405,7961,984700
9848499,12869,7918,984701
9848509,13295,8077,984702
9848519,13616,7998,984703
9848529,13861,8065,984704
9848539,14007,8038,984705
9848549,14046,7969,984706
9848559,14054,8011,984707
9848569,13944,8090,984708
9848579,13665,8064,984709
9848589,13357,8109,984710
9848599,12968,8068,984711
9848609,12509,8030,984712
9848619,11987,8027,984713
9848629,11373,7991,984714
9848639,10758,8033,984715
9848649,10010,7940,984716
9848659,9213,7962,984717
9848669,8462,7978,984718
9848679,7736,7992,984719
9848689,7022,8044,984720
9848699,6294,8076,984721
9848709,5553,7919,984722
9848719,4934,7993,984723
9848729,4325,8057,984724
9848739,3725,7920,984725
9848749,3251,7946,984726
9848759,2802,8031,984727
9848769,2468,8032,984728
9848779,2200,7953,984729
9848789,2041,7939,984730
9848799,1983,7967,984731
9848809,1981,7911,984732
9848819,2121,7999,984733
9848829,2345,8041,984734
9848839,2678,8043,984735
9848849,3075,8013,984736
9848859,3563,8015,984737
9848869,4091,7930,984738
9848879,4681,8043,984739
9848889,5350,8067,984740
9848899,5974,8010,984741
9848909,6705,8027,984742
9848919,7401,7923,984743
9848929,8284,7944,984744
9848939,9078,7993,984745
9848949,9821,7981,984746
9848959,10432,7931,984747
9848969,11102,8020,984748
9848979,11748,8004,984749
9848989,12254,7952,984750
9848999,12803,7975,984751
9849009,13253,8070,984752
9849019,13544,8029,984753
9849029,13801,7942,984754
9849039,13974,8019,984755
9849049,14102,8092,984756
9849059,13992,7975,984757
9849069,13943,7995,984758
9849079,13669,7987,984759
9849089,13388,7990,984760
9849099,12996,7960,984761
9849109,12488,7931,984762
9849119,12028,8075,984763
9849129,11359,7967,984764
9849139,10786,8027,984765
9849149,10043,8043,984766
9849159,9378,8027,984767
9849169,8641,8007,984768
9849179,7899,8071,984769
9849189,7113,7967,984770
9849199,6296,7975,984771
9849209,5548,8041,984772
9849219,4948,8048,984773
9849229,4317,8063,984774
9849239,3779,8078,984775
9849249,3232,7911,984776
9849259,2865,7948,984777
9849269,2478,7925,984778
9849279,2283,8010,984779
9849289,2083,8063,984780
9849299,1966,7993,984781
9849309,1978,7996,984782
9849319,2132,7977,984783
9849329,2309,7950,984784
9849339,2612,7974,984785
9849349,3010,8042,984786
9849359,3431,7906,984787
9849369,3962,8020,984788
