timestamp_us,ADC_IN,ADC_OUT,index
9701665,13000,7982,606261
9701681,12027,7957,606262
9701697,11102,7965,606263
9701713,10031,8058,606264
9701729,8967,8016,606265
9701745,7735,7967,606266
9701761,6579,8091,606267
9701777,5266,7979,606268
9701793,4290,7993,606269
9701809,3478,8079,606270
9701825,2740,7994,606271
9701841,2349,8018,606272
9701857,2072,7993,606273
9701873,2004,8018,606274
9701889,2223,7992,606275
9701905,2735,8011,606276
9701921,3367,8065,606277
9701937,4198,8018,606278
9701953,5361,8040,606279
9701969,6449,8070,606280
9701985,7541,8006,606281
9702001,8803,8067,606282
9702017,9895,7979,606283
9702033,11096,8063,606284
9702049,12124,7958,606285
9702065,12822,7950,606286
9702081,13507,8006,606287
9702097,13936,7978,606288
9702113,14038,7944,606289
9702129,13984,8079,606290
9702145,13660,7977,606291
9702161,13063,8014,606292
9702177,12388,7975,606293
9702193,11469,7990,606294
9702209,10456,7994,606295
9702225,9260,8093,606296
9702241,8072,8032,606297
9702257,6893,8069,606298
9702273,5668,7987,606299
9702289,4683,8031,606300
9702305,3631,7990,606301
9702321,2917,7950,606302
9702337,2408,7954,606303
9702353,2080,7993,606304
9702369,1985,8002,606305
9702385,2118,7953,606306
9702401,2570,8071,606307
9702417,3150,7871,606308
9702433,4009,7952,606309
9702449,4908,7968,606310
9702465,6016,8018,606311
9702481,7276,7896,606312
9702497,8505,8047,606313
9702513,9661,7898,606314
9702529,10726,7975,606315
9702545,11710,7965,606316
9702561,12626,7981,606317
9702577,13375,7997,606318
9702593,13760,7947,606319
9702609,14043,8062,606320
9702625,14046,8142,606321
9702641,13782,8116,606322
9702657,13357,8051,606323
9702673,12585,7987,606324
9702689,11712,7941,606325
9702705,10733,8026,606326
9702721,9631,8100,606327
9702737,8459,8039,606328
9702753,7112,7964,606329
9702769,6033,8060,606330
9702785,4960,8020,606331
9702801,3992,7930,606332
9702817,3182,8080,606333
9702833,2588,8053,606334
9702849,2172,7924,606335
9702865,1996,7956,606336
9702881,2104,7983,606337
9702897,2382,7988,606338
9702913,2966,8009,606339
9702929,3694,7965,606340
9702945,4646,7909,606341
9702961,5728,8028,606342
9702977,6859,8022,606343
9702993,8049,7947,606344
9703009,9191,7985,606345
9703025,10469,7977,606346
9703041,11466,7874,606347
9703057,12434,8090,606348
9703073,13189,8071,606349
9703089,13680,7984,606350
9703105,13930,7923,606351
9703121,14045,8087,606352
9703137,13843,7937,606353
9703153,13477,7929,606354
9703169,12836,8064,606355
9703185,12047,7910,606356
9703201,11007,7992,606357
9703217,9889,7971,606358
9703233,8744,8029,606359
9703249,7614,8022,606360
9703265,6415,7945,606361
9703281,5266,7909,606362
9703297,4207,8026,606363
9703313,3363,7975,606364
9703329,2725,8043,606365
9703345,2224,7946,606366
9703361,2056,7917,606367
9703377,2020,8016,606368
9703393,2279,7922,606369
9703409,2795,7991,606370
9703425,3387,7919,606371
9703441,4328,8025,606372
9703457,5289,7998,606373
9703473,6582,7936,606374
9703489,7738,7927,606375
9703505,8923,7999,606376
9703521,10012,7950,606377
9703537,11110,7991,606378
9703553,12150,7991,606379
9703569,12921,7929,606380
9703585,13526,7981,606381
9703601,13943,8063,606382
9703617,14024,8070,606383
9703633,13991,8107,606384
9703649,13632,8077,606385
9703665,12989,8062,606386
9703681,12260,7937,606387
9703697,11336,7941,606388
9703713,10332,8014,606389
9703729,9178,7907,606390
9703745,7910,7963,606391
9703761,6660,7949,606392
9703777,5601,7976,606393
9703793,4542,7983,606394
9703809,3652,8017,606395
9703825,2830,7959,606396
9703841,2310,7935,606397
9703857,2016,7908,606398
9703873,1965,7956,606399
9703889,2229,8075,606400
9703905,2543,7931,606401
9703921,3293,7922,606402
9703937,4054,7946,606403
9703953,5000,7979,606404
9703969,6136,8017,606405
9703985,7350,8040,606406
9704001,8560,8044,606407
9704017,9817,8054,606408
9704033,10874,7960,606409
9704049,11808,7964,606410
9704065,12615,7917,606411
9704081,13343,8038,606412
9704097,13850,7975,606413
9704113,14008,7915,606414
9704129,14036,7981,606415
9704145,13680,7952,606416
9704161,13269,7952,606417
9704177,12541,7940,606418
9704193,11615,8038,606419
9704209,10576,7978,606420
9704225,9461,8013,606421
9704241,8315,7958,606422
9704257,7189,8033,606423
9704273,5861,7938,606424
9704289,4778,7979,606425
9704305,3864,7933,606426
9704321,3121,8001,606427
9704337,2486,8064,606428
9704353,2123,8009,606429
9704369,1952,7910,606430
9704385,2144,8014,606431
9704401,2447,7956,606432
9704417,2948,7935,606433
9704433,3748,8004,606434
9704449,4761,7987,606435
9704465,5812,7967,606436
9704481,7060,8030,606437
9704497,8147,7950,606438
9704513,9398,8058,606439
9704529,10422,7925,606440
9704545,11615,8059,606441
9704561,12451,7907,606442
9704577,13271,8038,606443
9704593,13727,7940,606444
9704609,13998,8018,606445
9704625,14052,8002,606446
9704641,13749,7926,606447
9704657,13399,7984,606448
9704673,12763,8023,606449
9704689,12039,8072,606450
9704705,10945,7944,606451
9704721,9795,8002,606452
9704737,8617,7919,606453
9704753,7430,7922,606454
9704769,6276,8009,606455
9704785,5183,8046,606456
9704801,4180,8073,606457
9704817,3313,7986,606458
9704833,2564,7992,606459
9704849,2232,8039,606460
9704865,2007,7997,606461
9704881,2048,7970,606462
9704897,2280,7903,606463
9704913,2849,8045,606464
9704929,3513,7949,606465
9704945,4432,7918,606466
9704961,5469,8065,606467
9704977,6550,7848,606468
9704993,7888,8129,606469
9705009,9049,7972,606470
9705025,10174,7992,606471
9705041,11237,8073,606472
9705057,12158,7986,606473
9705073,12941,8035,606474
9705089,13612,8092,606475
9705105,13946,8018,606476
9705121,14100,8058,606477
9705137,14012,8086,606478
9705153,13633,8082,606479
9705169,12992,8032,606480
9705185,12190,7979,606481
9705201,11253,7977,606482
9705217,10152,8002,606483
9705233,9053,8087,606484
9705249,7920,8088,606485
9705265,6549,8073,606486
9705281,5445,8042,606487
9705297,4426,8022,606488
9705313,3529,7949,606489
9705329,2854,8003,606490
9705345,2291,7936,606491
9705361,2002,7963,606492
9705377,2026,8046,606493
9705393,2231,7936,606494
9705409,2652,7926,606495
9705425,3223,7891,606496
9705441,4178,7969,606497
9705457,5106,7955,606498
9705473,6292,8069,606499
9705489,7454,8027,606500
9705505,8587,8025,606501
9705521,9839,7976,606502
9705537,11001,7968,606503
9705553,11930,7981,606504
9705569,12837,8056,606505
9705585,13449,8031,606506
9705601,13883,8039,606507
9705617,14070,8006,606508
9705633,13949,7990,606509
9705649,13709,8039,606510
9705665,13173,7968,606511
9705681,12518,8042,606512
9705697,11655,7987,606513
9705713,10472,8027,606514
9705729,9354,8106,606515
9705745,8199,8102,606516
9705761,6985,7856,606517
9705777,5844,7911,606518
9705793,4715,7985,606519
9705809,3751,7991,606520
9705825,3046,8001,606521
9705841,2483,7981,606522
9705857,2086,7943,606523
9705873,1964,7911,606524
9705889,2094,7905,606525
9705905,2517,8044,606526
9705921,3081,7977,606527
9705937,3861,8060,606528
9705953,4783,7970,606529
9705969,6007,8053,606530
9705985,7170,8002,606531
9706001,8314,7946,606532
9706017,9486,7955,606533
9706033,10595,7911,606534
9706049,11649,8032,606535
9706065,12568,7979,606536
9706081,13223,8022,606537
9706097,13740,8007,606538
9706113,14050,7882,606539
9706129,14045,7918,606540
9706145,13857,8026,606541
9706161,13423,8078,606542
9706177,12712,7944,606543
9706193,11778,8035,606544
9706209,10911,8030,606545
9706225,9752,7952,606546
9706241,8473,7992,606547
9706257,7345,8040,606548
9706273,6141,8071,606549
9706289,5045,7909,606550
9706305,4078,8102,606551
9706321,3275,7989,606552
9706337,2546,8010,606553
9706353,2196,7998,606554
9706369,1950,7970,606555
9706385,2041,7862,606556
9706401,2381,7977,606557
9706417,2920,8010,606558
9706433,3669,7955,606559
9706449,4528,7960,606560
9706465,5559,7950,606561
9706481,6753,8025,606562
9706497,7871,7918,606563
9706513,9150,7958,606564
9706529,10320,8002,606565
9706545,11385,7987,606566
9706561,12286,8049,606567
9706577,13051,7893,606568
9706593,13639,7965,606569
9706609,14008,8088,606570
9706625,14106,8069,606571
9706641,13890,7994,606572
9706657,13580,7989,606573
9706673,12971,8033,606574
9706689,12105,8028,606575
9706705,11102,7942,606576
9706721,10018,8080,606577
9706737,8872,8050,606578
9706753,7787,8097,606579
9706769,6568,7927,606580
9706785,5328,8048,606581
9706801,4334,8041,606582
9706817,3503,7974,606583
9706833,2755,8024,606584
9706849,2268,7988,606585
9706865,1976,7970,606586
9706881,1989,7927,606587
9706897,2279,8034,606588
9706913,2658,7966,606589
9706929,3373,8034,606590
9706945,4217,7912,606591
9706961,5307,8054,606592
9706977,6450,7856,606593
9706993,7609,7981,606594
9707009,8806,8081,606595
9707025,9893,7830,606596
9707041,11068,7923,606597
9707057,12047,7975,606598
9707073,12833,7976,606599
9707089,13551,8036,606600
9707105,13781,7969,606601
9707121,14125,8046,606602
9707137,13996,7860,606603
9707153,13596,7975,606604
9707169,13093,7989,606605
9707185,12399,8071,606606
9707201,11533,8042,606607
9707217,10484,8000,606608
9707233,9248,8109,606609
9707249,8040,8083,606610
9707265,6882,8047,606611
9707281,5722,8039,606612
9707297,4723,7998,606613
9707313,3686,7991,606614
9707329,2922,7997,606615
9707345,2391,7991,606616
9707361,2107,7952,606617
9707377,2003,7971,606618
9707393,2174,7917,606619
9707409,2595,8016,606620
9707425,3109,7897,606621
9707441,3929,7938,606622
9707457,4859,7966,606623
9707473,5992,8001,606624
9707489,7259,8040,606625
9707505,8494,7943,606626
9707521,9600,7972,606627
9707537,10687,7950,606628
9707553,11735,8016,606629
9707569,12622,8083,606630
9707585,13363,8026,606631
9707601,13783,8005,606632
9707617,14072,7950,606633
9707633,13961,7966,606634
9707649,13752,8013,606635
9707665,13293,7949,606636
9707681,12608,8017,606637
9707697,11672,7950,606638
9707713,10750,8068,606639
9707729,9637,8150,606640
9707745,8438,7961,606641
9707761,7139,8106,606642
9707777,6036,8006,606643
9707793,4918,8090,606644
9707809,3944,8002,606645
9707825,3134,7863,606646
9707841,2600,7935,606647
9707857,2107,7963,606648
9707873,1979,7967,606649
9707889,2099,7931,606650
9707905,2398,7962,606651
9707921,2940,8045,606652
9707937,3694,7880,606653
9707953,4677,8036,606654
9707969,5687,7916,606655
9707985,6822,7878,606656
9708001,8037,8037,606657
9708017,9164,7953,606658
9708033,10517,8037,606659
9708049,11515,8028,606660
9708065,12361,8016,606661
9708081,13125,7961,606662
9708097,13656,8114,606663
9708113,13996,8031,606664
9708129,14041,7934,606665
9708145,13870,7944,606666
9708161,13479,8008,606667
9708177,12834,7990,606668
9708193,12050,8021,606669
9708209,11005,7945,606670
9708225,9965,8022,606671
9708241,8784,8013,606672
9708257,7609,8010,606673
9708273,6456,8093,606674
9708289,5357,7997,606675
9708305,4193,7965,606676
9708321,3332,7980,606677
9708337,2683,8011,606678
9708353,2259,7981,606679
9708369,2013,7952,606680
9708385,1975,8002,606681
9708401,2258,7983,606682
9708417,2771,7925,606683
9708433,3421,7917,606684
9708449,4323,8011,606685
9708465,5258,7950,606686
9708481,6575,8047,606687
9708497,7706,7928,606688
9708513,8921,7916,606689
9708529,10016,7957,606690
9708545,11113,8031,606691
9708561,12100,7953,606692
9708577,12936,8034,606693
9708593,13512,7885,606694
9708609,13913,8040,606695
9708625,14092,8000,606696
9708641,13941,7991,606697
9708657,13597,8061,606698
9708673,13085,8011,606699
9708689,12293,7993,606700
9708705,11322,8000,606701
9708721,10310,7959,606702
9708737,9222,8137,606703
9708753,7884,7956,606704
9708769,6740,7971,606705
9708785,5556,7961,606706
9708801,4562,7951,606707
9708817,3586,7993,606708
9708833,2852,7967,606709
9708849,2368,8044,606710
9708865,2089,8071,606711
9708881,2002,8049,606712
9708897,2192,7925,606713
9708913,2530,7957,606714
9708929,3288,7949,606715
9708945,4062,7956,606716
9708961,5046,7986,606717
9708977,6177,8017,606718
9708993,7335,7974,606719
9709009,8519,7981,606720
9709025,9793,8080,606721
9709041,10868,8096,606722
9709057,11852,7895,606723
9709073,12631,7956,606724
9709089,13397,8083,606725
9709105,13799,7870,606726
9709121,14016,8009,606727
9709137,13974,7982,606728
9709153,13753,8005,606729
9709169,13260,8136,606730
9709185,12558,7953,606731
9709201,11557,7959,606732
9709217,10581,8083,606733
9709233,9485,7987,606734
9709249,8331,7952,606735
9709265,7178,8103,606736
9709281,5902,8037,606737
9709297,4756,7898,606738
9709313,3873,8110,606739
9709329,3124,7941,606740
9709345,2476,8057,606741
9709361,2146,8016,606742
9709377,1995,8020,606743
9709393,2129,7949,606744
9709409,2383,7937,606745
9709425,2989,8010,606746
9709441,3750,7933,606747
9709457,4718,7992,606748
9709473,5900,8011,606749
9709489,7049,8028,606750
9709505,8200,8033,606751
9709521,9332,8016,606752
9709537,10480,7922,606753
9709553,11659,8053,606754
9709569,12464,7931,606755
9709585,13231,7918,606756
9709601,13750,7985,606757
9709617,13997,7997,606758
9709633,14061,8124,606759
9709649,13898,8053,606760
9709665,13462,7942,606761
9709681,12835,7994,606762
9709697,11930,7885,606763
9709713,11011,7947,606764
9709729,9762,8123,606765
9709745,8582,7885,606766
9709761,7413,7977,606767
9709777,6308,8024,606768
9709793,5172,7971,606769
9709809,4181,8060,606770
9709825,3213,7951,606771
9709841,2680,7956,606772
9709857,2228,7986,606773
9709873,2000,8030,606774
9709889,1976,7911,606775
9709905,2277,7932,606776
9709921,2816,7889,606777
9709937,3529,7933,606778
9709953,4367,7889,606779
9709969,5434,7894,606780
9709985,6596,8091,606781
9710001,7918,7944,606782
9710017,9033,7999,606783
9710033,10188,8043,606784
9710049,11264,7896,606785
9710065,12169,7991,606786
9710081,12988,8030,606787
9710097,13536,7921,606788
9710113,13974,7995,606789
9710129,14096,8041,606790
9710145,13903,8049,606791
9710161,13607,8023,606792
9710177,12937,7956,606793
9710193,12271,8037,606794
9710209,11161,7919,606795
9710225,10190,7940,606796
9710241,9088,8004,606797
9710257,7920,8084,606798
9710273,6554,8050,606799
9710289,5457,8014,606800
9710305,4441,7924,606801
9710321,3537,7916,606802
9710337,2842,8000,606803
9710353,2275,8021,606804
9710369,2009,7986,606805
9710385,1996,8023,606806
9710401,2238,8004,606807
9710417,2630,7929,606808
9710433,3265,7916,606809
9710449,4256,7975,606810
9710465,5116,8007,606811
9710481,6273,7977,606812
9710497,7417,7931,606813
9710513,8601,8019,606814
9710529,9801,7963,606815
9710545,10976,8020,606816
9710561,11935,7996,606817
9710577,12734,8018,606818
9710593,13433,7956,606819
9710609,13804,7963,606820
9710625,13997,7972,606821
9710641,14038,8047,606822
9710657,13740,7976,606823
9710673,13192,8053,606824
9710689,12528,8127,606825
9710705,11616,7932,606826
9710721,10479,8079,606827
9710737,9309,7911,606828
9710753,8216,8037,606829
9710769,7003,8022,606830
9710785,5883,8103,606831
9710801,4677,8067,606832
9710817,3722,7873,606833
9710833,3002,8091,606834
9710849,2436,8026,606835
9710865,2154,7998,606836
9710881,2005,8027,606837
9710897,2166,7957,606838
9710913,2476,7925,606839
9710929,3099,7942,606840
9710945,3831,7909,606841
9710961,4781,7901,606842
9710977,5990,7906,606843
9710993,7160,7910,606844
9711009,8287,7884,606845
9711025,9501,8049,606846
9711041,10678,7986,606847
9711057,11627,8013,606848
9711073,12568,8100,606849
9711089,13274,7860,606850
9711105,13757,7928,606851
9711121,13999,8118,606852
9711137,14022,8006,606853
9711153,13807,7996,606854
9711169,13331,7958,606855
9711185,12645,8013,606856
9711201,11886,8121,606857
9711217,10877,8044,606858
9711233,9753,8062,606859
9711249,8437,7947,606860
9711265,7255,7995,606861
9711281,6111,7937,606862
9711297,5058,7928,606863
9711313,4027,7928,606864
9711329,3268,8069,606865
9711345,2546,7962,606866
9711361,2119,7972,606867
9711377,2054,7970,606868
9711393,1994,7899,606869
9711409,2302,7870,606870
9711425,2867,7999,606871
9711441,3670,8009,606872
9711457,4555,7966,606873
9711473,5513,7929,606874
9711489,6685,7944,606875
9711505,7895,8063,606876
9711521,9209,7916,606877
9711537,10370,8079,606878
9711553,11366,8032,606879
9711569,12253,8019,606880
9711585,13047,8079,606881
9711601,13571,7967,606882
9711617,13982,8035,606883
9711633,14045,7957,606884
9711649,13967,8019,606885
9711665,13534,7989,606886
9711681,12904,8004,606887
9711697,12127,8026,606888
9711713,11127,7954,606889
9711729,10043,8024,606890
9711745,8912,7925,606891
9711761,7704,8072,606892
9711777,6546,7928,606893
9711793,5300,8030,606894
9711809,4288,7910,606895
9711825,3505,7975,606896
9711841,2691,7942,606897
9711857,2287,7985,606898
9711873,2025,7992,606899
9711889,2054,7943,606900
9711905,2229,7952,606901
9711921,2715,7933,606902
9711937,3397,7943,606903
9711953,4189,8026,606904
9711969,5346,8066,606905
9711985,6423,8073,606906
9712001,7555,7957,606907
9712017,8778,7934,606908
9712033,9943,8031,606909
9712049,11053,8060,606910
9712065,11984,7920,606911
9712081,12872,7962,606912
9712097,13510,8086,606913
9712113,13918,7907,606914
9712129,14102,7972,606915
9712145,13931,8045,606916
9712161,13605,7987,606917
9712177,13149,8068,606918
9712193,12480,7990,606919
9712209,11473,7968,606920
9712225,10520,8049,606921
9712241,9218,7988,606922
9712257,8003,7935,606923
9712273,6879,8075,606924
9712289,5726,8103,606925
9712305,4652,7941,606926
9712321,3733,8033,606927
9712337,2902,7997,606928
9712353,2438,8027,606929
9712369,2108,8052,606930
9712385,1960,7961,606931
9712401,2093,8016,606932
9712417,2535,7941,606933
9712433,3133,7905,606934
9712449,4012,7946,606935
9712465,4959,7974,606936
9712481,5968,7871,606937
9712497,7239,7897,606938
9712513,8436,8015,606939
9712529,9609,7878,606940
9712545,10728,8020,606941
9712561,11673,7953,606942
9712577,12639,8043,606943
9712593,13285,7958,606944
9712609,13796,8080,606945
9712625,13998,7909,606946
9712641,14042,8094,606947
9712657,13803,8031,606948
9712673,13363,8027,606949
9712689,12602,8087,606950
9712705,11680,8003,606951
9712721,10756,8053,606952
9712737,9657,7937,606953
9712753,8464,8067,606954
9712769,7163,8090,606955
9712785,5995,8089,606956
9712801,4887,8005,606957
9712817,3984,7974,606958
9712833,3189,7940,606959
9712849,2590,7938,606960
9712865,2138,8032,606961
9712881,2046,8016,606962
9712897,2132,7928,606963
9712913,2385,7947,606964
9712929,2930,7946,606965
9712945,3710,7995,606966
9712961,4679,8027,606967
9712977,5708,7962,606968
9712993,6849,7978,606969
9713009,7991,7981,606970
9713025,9164,7894,606971
9713041,10517,8070,606972
9713057,11509,8015,606973
9713073,12362,8038,606974
9713089,13064,7934,606975
9713105,13638,8034,606976
9713121,14047,8062,606977
9713137,13994,7919,606978
9713153,13906,7927,606979
9713169,13424,8054,606980
9713185,12831,7896,606981
9713201,12128,8013,606982
9713217,10974,7963,606983
9713233,9908,7872,606984
9713249,8790,8041,606985
9713265,7619,8017,606986
9713281,6366,7944,606987
9713297,5311,8066,606988
9713313,4160,8001,606989
9713329,3384,7996,606990
9713345,2721,7955,606991
9713361,2243,7951,606992
9713377,1956,7917,606993
9713393,2042,7943,606994
9713409,2278,7989,606995
9713425,2803,7991,606996
9713441,3425,7967,606997
9713457,4329,7969,606998
9713473,5334,7973,606999
9713489,6523,7928,607000
9713505,7674,7945,607001
9713521,8888,8021,607002
9713537,10061,8011,607003
9713553,11116,8054,607004
9713569,12112,8010,607005
9713585,12921,7984,607006
9713601,13555,7984,607007
9713617,13945,8096,607008
9713633,14106,8108,607009
9713649,13991,8077,607010
9713665,13606,7981,607011
9713681,13019,8012,607012
9713697,12290,8036,607013
9713713,11441,8051,607014
9713729,10348,8104,607015
9713745,9198,8074,607016
9713761,7891,8073,607017
9713777,6728,8016,607018
9713793,5545,7950,607019
9713809,4533,8005,607020
9713825,3679,8040,607021
9713841,2844,8042,607022
9713857,2335,7936,607023
9713873,2119,8025,607024
9713889,1994,8068,607025
9713905,2171,8001,607026
9713921,2513,7952,607027
9713937,3291,7974,607028
9713953,4090,7989,607029
9713969,5043,8012,607030
9713985,6139,7976,607031
9714001,7275,7967,607032
9714017,8520,7991,607033
9714033,9807,7999,607034
9714049,10881,8011,607035
9714065,11867,7948,607036
9714081,12668,7977,607037
9714097,13288,7947,607038
9714113,13880,8106,607039
9714129,14054,8043,607040
9714145,14063,7997,607041
9714161,13786,8077,607042
9714177,13219,7985,607043
9714193,12537,7912,607044
9714209,11574,8035,607045
9714225,10584,7979,607046
9714241,9441,7988,607047
9714257,8364,8126,607048
9714273,7146,8068,607049
9714289,5852,7859,607050
9714305,4780,8015,607051
9714321,3896,8026,607052
9714337,3055,8028,607053
9714353,2473,7948,607054
9714369,2123,7932,607055
9714385,1952,7859,607056
9714401,2112,7926,607057
9714417,2460,7992,607058
9714433,3042,8042,607059
9714449,3775,7975,607060
9714465,4754,8042,607061
9714481,5858,8003,607062
9714497,7013,7979,607063
9714513,8176,7980,607064
9714529,9305,7902,607065
9714545,10492,7949,607066
9714561,11618,7942,607067
9714577,12456,7907,607068
9714593,13202,8011,607069
9714609,13696,8035,607070
9714625,14029,8105,607071
9714641,14074,8036,607072
9714657,13864,8074,607073
9714673,13436,8118,607074
9714689,12796,7964,607075
9714705,12004,8094,607076
9714721,11016,7978,607077
9714737,9724,7928,607078
9714753,8642,8052,607079
9714769,7436,8006,607080
9714785,6241,7994,607081
9714801,5192,7916,607082
9714817,4221,8129,607083
9714833,3276,8004,607084
9714849,2634,7965,607085
9714865,2214,8056,607086
9714881,2038,8029,607087
9714897,2028,8056,607088
9714913,2364,7979,607089
9714929,2826,7866,607090
9714945,3552,7993,607091
9714961,4407,8011,607092
9714977,5444,7951,607093
9714993,6548,7919,607094
9715009,7909,8028,607095
9715025,9077,7999,607096
9715041,10188,7952,607097
9715057,11233,7958,607098
9715073,12167,8002,607099
9715089,12920,7984,607100
9715105,13589,8081,607101
9715121,13880,8004,607102
9715137,14085,7962,607103
9715153,14034,8089,607104
9715169,13602,8015,607105
9715185,12989,8095,607106
9715201,12213,8107,607107
9715217,11258,8095,607108
9715233,10203,7883,607109
9715249,9029,7953,607110
9715265,7920,8040,607111
9715281,6550,7950,607112
9715297,5444,7967,607113
9715313,4475,8022,607114
9715329,3563,7964,607115
9715345,2828,7909,607116
9715361,2280,7957,607117
9715377,2054,7984,607118
9715393,1983,8006,607119
9715409,2170,7950,607120
9715425,2616,8004,607121
9715441,3296,7981,607122
9715457,4168,7892,607123
9715473,5222,8002,607124
9715489,6212,7914,607125
9715505,7424,8042,607126
9715521,8623,7975,607127
9715537,9812,8005,607128
9715553,11019,8024,607129
9715569,11970,8069,607130
9715585,12776,7998,607131
9715601,13354,7952,607132
9715617,13784,7924,607133
9715633,14081,8108,607134
9715649,14030,8017,607135
9715665,13754,8020,607136
9715681,13198,8032,607137
9715697,12480,8015,607138
9715713,11609,7981,607139
9715729,10459,8068,607140
9715745,9382,8045,607141
9715761,8175,7897,607142
9715777,6970,7979,607143
9715793,5873,8036,607144
9715809,4737,8115,607145
9715825,3750,7955,607146
9715841,2996,8019,607147
9715857,2394,7900,607148
9715873,2119,8115,607149
9715889,2009,8051,607150
9715905,2164,7940,607151
9715921,2501,7961,607152
9715937,3078,7964,607153
9715953,3832,7895,607154
9715969,4829,8037,607155
9715985,5940,7951,607156
9716001,7145,7997,607157
9716017,8308,7990,607158
9716033,9507,7988,607159
9716049,10610,8008,607160
9716065,11602,8018,607161
9716081,12572,7942,607162
9716097,13257,8016,607163
9716113,13746,8095,607164
9716129,14030,8100,607165
9716145,14017,7941,607166
9716161,13898,8055,607167
9716177,13300,7958,607168
9716193,12738,8114,607169
9716209,11835,8030,607170
9716225,10836,7945,607171
9716241,9773,7946,607172
9716257,8464,8044,607173
9716273,7331,8079,607174
9716289,6087,7956,607175
9716305,5049,8011,607176
9716321,4100,7960,607177
9716337,3219,8005,607178
9716353,2600,8017,607179
9716369,2171,7984,607180
9716385,2007,8009,607181
9716401,2072,8026,607182
9716417,2304,7868,607183
9716433,2922,8026,607184
9716449,3654,7895,607185
9716465,4550,8044,607186
9716481,5538,7842,607187
9716497,6682,8027,607188
9716513,7832,8002,607189
9716529,9196,8052,607190
9716545,10305,8019,607191
9716561,11354,8055,607192
9716577,12269,7911,607193
9716593,13023,7882,607194
9716609,13611,7970,607195
9716625,14016,7962,607196
9716641,14094,8010,607197
9716657,13941,8040,607198
9716673,13570,7997,607199
9716689,13008,8022,607200
9716705,12034,7916,607201
9716721,11117,8092,607202
9716737,10052,7993,607203
9716753,8890,7915,607204
9716769,7704,7883,607205
9716785,6596,8095,607206
9716801,5340,8038,607207
9716817,4299,8006,607208
9716833,3492,7996,607209
9716849,2727,7977,607210
9716865,2322,7963,607211
9716881,2041,8067,607212
9716897,2041,8017,607213
9716913,2223,7951,607214
9716929,2710,7874,607215
9716945,3357,7903,607216
9716961,4164,7906,607217
9716977,5370,7956,607218
9716993,6400,8015,607219
9717009,7584,7946,607220
9717025,8744,7924,607221
9717041,9924,8068,607222
9717057,11019,7921,607223
9717073,12063,8021,607224
9717089,12869,7987,607225
9717105,13531,8057,607226
9717121,13958,8049,607227
9717137,13983,7981,607228
9717153,13965,7934,607229
9717169,13616,7978,607230
9717185,13064,8056,607231
9717201,12383,8001,607232
9717217,11496,8005,607233
9717233,10444,8086,607234
9717249,9164,7939,607235
9717265,8064,8047,607236
9717281,6830,7994,607237
9717297,5683,8008,607238
9717313,4713,8048,607239
9717329,3675,7910,607240
9717345,2950,8019,607241
9717361,2402,8053,607242
9717377,2049,8048,607243
9717393,1964,7934,607244
9717409,2111,7969,607245
9717425,2615,8010,607246
9717441,3146,8003,607247
9717457,4013,8041,607248
9717473,4868,7925,607249
9717489,5969,7999,607250
9717505,7238,7963,607251
9717521,8456,7960,607252
9717537,9645,7982,607253
9717553,10754,7989,607254
9717569,11744,8079,607255
9717585,12592,8060,607256
9717601,13271,8006,607257
9717617,13772,8038,607258
9717633,14021,7984,607259
9717649,14013,7951,607260
9717665,13813,8095,607261
9717681,13343,8068,607262
9717697,12573,8028,607263
9717713,11717,7955,607264
9717729,10737,8032,607265
9717745,9591,7956,607266
9717761,8472,8054,607267
9717777,7106,8013,607268
9717793,5975,7984,607269
9717809,4917,7949,607270
9717825,3935,7949,607271
9717841,3136,7891,607272
9717857,2524,7923,607273
9717873,2111,7970,607274
9717889,1972,7933,607275
9717905,2067,7954,607276
9717921,2364,7978,607277
9717937,2963,8005,607278
9717953,3711,7954,607279
9717969,4650,7942,607280
9717985,5727,8020,607281
9718001,6812,7906,607282
9718017,8064,8019,607283
9718033,9196,7967,607284
9718049,10469,8052,607285
9718065,11475,7921,607286
9718081,12377,7991,607287
9718097,13084,7902,607288
9718113,13695,8038,607289
9718129,13993,8002,607290
9718145,14036,8035,607291
9718161,13939,8072,607292
9718177,13460,8001,607293
9718193,12890,7946,607294
9718209,12030,8009,607295
9718225,11011,8033,607296
9718241,9897,8021,607297
9718257,8767,8005,607298
9718273,7568,7956,607299
9718289,6425,8019,607300
9718305,5322,8040,607301
9718321,4215,8036,607302
9718337,3360,7998,607303
9718353,2662,7869,607304
9718369,2203,7923,607305
9718385,1987,7982,607306
9718401,1983,7923,607307
9718417,2323,7977,607308
9718433,2771,7971,607309
9718449,3486,8022,607310
9718465,4345,8010,607311
9718481,5364,8029,607312
9718497,6538,7974,607313
9718513,7676,7922,607314
9718529,8900,7981,607315
9718545,10081,8070,607316
9718561,11179,8061,607317
9718577,12050,8043,607318
9718593,12992,7949,607319
9718609,13543,7935,607320
9718625,13915,7883,607321
9718641,14012,7984,607322
9718657,13987,8054,607323
9718673,13638,8003,607324
9718689,13052,8100,607325
9718705,12313,8056,607326
9718721,11386,7994,607327
9718737,10366,8069,607328
9718753,9196,7985,607329
9718769,7921,8067,607330
9718785,6718,8026,607331
9718801,5570,7963,607332
9718817,4570,8038,607333
9718833,3642,8018,607334
9718849,2854,8012,607335
9718865,2338,8029,607336
9718881,2057,7948,607337
9718897,1949,7888,607338
9718913,2206,7985,607339
9718929,2563,7912,607340
9718945,3279,7942,607341
9718961,4024,7926,607342
9718977,4999,7893,607343
9718993,6078,7931,607344
9719009,7292,8008,607345
9719025,8534,8009,607346
9719041,9823,8097,607347
9719057,10864,8004,607348
9719073,11820,7950,607349
9719089,12682,8061,607350
9719105,13388,8058,607351
9719121,13924,7919,607352
9719137,14126,8104,607353
9719153,14053,8017,607354
9719169,13800,8022,607355
9719185,13282,7994,607356
9719201,12561,7990,607357
9719217,11652,7983,607358
9719233,10628,7980,607359
9719249,9485,8073,607360
9719265,8317,8067,607361
9719281,7160,8064,607362
9719297,5832,7932,607363
9719313,4762,7949,607364
9719329,3834,8059,607365
9719345,3053,7963,607366
9719361,2488,8008,607367
9719377,2198,8096,607368
9719393,2022,8038,607369
9719409,2128,7887,607370
9719425,2408,7984,607371
9719441,2958,7930,607372
9719457,3743,7991,607373
9719473,4784,8025,607374
9719489,5839,7922,607375
9719505,6967,7930,607376
9719521,8195,7970,607377
9719537,9379,8020,607378
9719553,10420,7862,607379
9719569,11573,7966,607380
9719585,12541,8032,607381
9719601,13219,7912,607382
9719617,13711,8100,607383
9719633,14028,8043,607384
9719649,14068,7950,607385
9719665,13807,7962,607386
9719681,13473,8042,607387
9719697,12789,7962,607388
9719713,11937,8041,607389
9719729,10983,8060,607390
9719745,9793,8048,607391
9719761,8604,7966,607392
9719777,7459,8092,607393
9719793,6277,7965,607394
9719809,5202,7975,607395
9719825,4197,8032,607396
9719841,3209,8025,607397
9719857,2653,7998,607398
9719873,2247,8001,607399
9719889,1961,7969,607400
9719905,2022,7988,607401
9719921,2364,8021,607402
9719937,2866,7993,607403
9719953,3545,7950,607404
9719969,4379,7881,607405
9719985,5436,7928,607406
9720001,6504,7896,607407
9720017,7911,7948,607408
9720033,9037,7961,607409
9720049,10207,8070,607410
9720065,11222,7895,607411
9720081,12191,7959,607412
9720097,12965,8018,607413
9720113,13583,7960,607414
9720129,13997,8020,607415
9720145,14061,7981,607416
9720161,13995,8034,607417
9720177,13590,8071,607418
9720193,12947,8084,607419
9720209,12171,8041,607420
9720225,11253,8037,607421
9720241,10260,8052,607422
9720257,8975,7979,607423
9720273,7901,7958,607424
9720289,6591,7989,607425
9720305,5423,7939,607426
9720321,4415,8047,607427
9720337,3554,8055,607428
9720353,2868,8109,607429
9720369,2340,8022,607430
9720385,1989,8000,607431
9720401,2040,8097,607432
9720417,2213,8066,607433
9720433,2671,8075,607434
9720449,3226,7979,607435
9720465,4166,7958,607436
9720481,5200,7920,607437
9720497,6241,8062,607438
9720513,7415,7969,607439
9720529,8578,7913,607440
9720545,9844,7960,607441
9720561,10990,7951,607442
9720577,11952,8001,607443
9720593,12839,8118,607444
9720609,13352,7941,607445
9720625,13849,7977,607446
9720641,14058,7964,607447
9720657,13965,7946,607448
9720673,13706,8053,607449
9720689,13179,7907,607450
9720705,12517,8040,607451
9720721,11649,8100,607452
9720737,10479,8078,607453
9720753,9374,8055,607454
9720769,8210,8087,607455
9720785,6973,7910,607456
9720801,5882,8077,607457
9720817,4709,7931,607458
9720833,3814,8021,607459
9720849,2975,8011,607460
9720865,2440,7901,607461
9720881,2111,8022,607462
9720897,1980,7972,607463
9720913,2173,8030,607464
9720929,2518,7956,607465
9720945,3136,7968,607466
9720961,3880,8010,607467
9720977,4828,7920,607468
9720993,5963,7942,607469
9721009,7121,7967,607470
9721025,8330,7928,607471
9721041,9489,7921,607472
9721057,10594,8076,607473
9721073,11643,8009,607474
9721089,12553,7957,607475
9721105,13311,8030,607476
9721121,13742,8072,607477
9721137,14074,8136,607478
9721153,14015,7958,607479
9721169,13900,8078,607480
9721185,13284,7963,607481
9721201,12667,8020,607482
9721217,11865,8138,607483
9721233,10902,8016,607484
9721249,9796,8067,607485
9721265,8498,8037,607486
9721281,7262,7968,607487
9721297,6126,7960,607488
9721313,5055,7946,607489
9721329,4104,8118,607490
9721345,3251,8018,607491
9721361,2545,7996,607492
9721377,2207,7944,607493
9721393,2031,8054,607494
9721409,2082,7920,607495
9721425,2315,7944,607496
9721441,2915,7923,607497
9721457,3684,8017,607498
9721473,4518,7972,607499
9721489,5545,8054,607500
9721505,6684,7925,607501
9721521,7901,8041,607502
9721537,9194,7942,607503
9721553,10299,7944,607504
9721569,11395,7970,607505
9721585,12295,7867,607506
9721601,13018,8001,607507
9721617,13698,7972,607508
9721633,14018,7957,607509
9721649,14043,7933,607510
9721665,13976,8154,607511
9721681,13503,7913,607512
9721697,13009,8114,607513
9721713,12156,8078,607514
9721729,11066,7946,607515
9721745,10061,7991,607516
9721761,8876,7983,607517
9721777,7672,7972,607518
9721793,6597,8017,607519
9721809,5284,8035,607520
9721825,4360,8064,607521
9721841,3424,8032,607522
9721857,2773,7950,607523
9721873,2274,7959,607524
9721889,2042,8063,607525
9721905,2024,8003,607526
9721921,2316,8008,607527
9721937,2710,7934,607528
9721953,3357,7994,607529
9721969,4170,7897,607530
9721985,5309,7922,607531
9722001,6382,7950,607532
9722017,7582,8008,607533
9722033,8730,7959,607534
9722049,9911,7891,607535
9722065,11033,7931,607536
9722081,12015,7916,607537
9722097,12924,8005,607538
9722113,13493,8103,607539
9722129,13885,8060,607540
9722145,14055,8098,607541
9722161,13889,8014,607542
9722177,13638,8065,607543
9722193,13086,8007,607544
9722209,12356,7998,607545
9722225,11496,8042,607546
9722241,10449,8031,607547
9722257,9208,7996,607548
9722273,8073,8085,607549
9722289,6782,8047,607550
9722305,5737,8031,607551
9722321,4666,7940,607552
9722337,3720,8068,607553
9722353,2941,8083,607554
9722369,2373,8017,607555
9722385,2083,7981,607556
9722401,1992,7957,607557
9722417,2157,7989,607558
9722433,2589,7967,607559
9722449,3171,7844,607560
9722465,3980,7901,607561
9722481,4941,7940,607562
9722497,6031,8116,607563
9722513,7225,7841,607564
9722529,8390,8046,607565
9722545,9594,7941,607566
9722561,10807,8085,607567
9722577,11756,7895,607568
9722593,12618,8006,607569
9722609,13407,8081,607570
9722625,13898,7986,607571
9722641,14004,7917,607572
9722657,14072,8029,607573
9722673,13772,7943,607574
9722689,13363,8005,607575
9722705,12600,8060,607576
9722721,11736,7990,607577
9722737,10735,7985,607578
9722753,9627,7951,607579
9722769,8476,8125,607580
9722785,7124,8061,607581
9722801,5937,7966,607582
9722817,4949,8055,607583
9722833,3986,8098,607584
9722849,3136,7951,607585
9722865,2588,7967,607586
9722881,2092,7982,607587
9722897,2002,7987,607588
9722913,2054,7911,607589
9722929,2344,8027,607590
9722945,2904,8000,607591
9722961,3721,8079,607592
9722977,4700,8040,607593
9722993,5742,7991,607594
9723009,6848,8016,607595
9723025,7996,7957,607596
9723041,9177,7997,607597
9723057,10458,8055,607598
9723073,11511,8038,607599
9723089,12415,8029,607600
9723105,13070,7934,607601
9723121,13712,8028,607602
9723137,13938,7934,607603
9723153,14046,8063,607604
9723169,13868,7979,607605
9723185,13504,8115,607606
9723201,12886,8052,607607
9723217,12054,8049,607608
9723233,11008,7954,607609
9723249,9894,7984,607610
9723265,8814,8010,607611
9723281,7557,7855,607612
9723297,6412,8053,607613
9723313,5303,8064,607614
9723329,4185,7969,607615
9723345,3352,7932,607616
9723361,2699,7994,607617
9723377,2211,8004,607618
9723393,2017,8050,607619
9723409,2016,7889,607620
9723425,2285,8031,607621
9723441,2791,8078,607622
9723457,3472,8048,607623
9723473,4289,7937,607624
9723489,5316,7940,607625
9723505,6555,7933,607626
9723521,7742,7996,607627
9723537,8875,8011,607628
9723553,10037,7987,607629
9723569,11140,8068,607630
9723585,12143,7987,607631
9723601,12912,7932,607632
9723617,13594,8036,607633
9723633,13928,7955,607634
9723649,14117,8096,607635
9723665,13983,8049,607636
9723681,13586,7976,607637
9723697,12996,8015,607638
9723713,12196,8013,607639
9723729,11414,7964,607640
9723745,10348,7996,607641
9723761,9173,8093,607642
9723777,7852,7954,607643
9723793,6653,8041,607644
9723809,5545,7931,607645
9723825,4536,7938,607646
9723841,3647,7943,607647
9723857,2867,7957,607648
9723873,2366,8041,607649
9723889,2067,8097,607650
9723905,2006,7963,607651
9723921,2164,8018,607652
9723937,2556,7940,607653
9723953,3258,7871,607654
9723969,4090,7977,607655
9723985,5063,8022,607656
9724001,6113,7891,607657
9724017,7256,8036,607658
9724033,8517,7921,607659
9724049,9717,7932,607660
9724065,10942,8110,607661
9724081,11834,7889,607662
9724097,12737,8074,607663
9724113,13356,7972,607664
9724129,13889,7910,607665
9724145,14096,8042,607666
9724161,13977,8059,607667
9724177,13739,8028,607668
9724193,13248,8040,607669
9724209,12612,7939,607670
9724225,11580,8054,607671
9724241,10536,7966,607672
9724257,9478,8005,607673
9724273,8333,7948,607674
9724289,7139,8083,607675
9724305,5851,7897,607676
9724321,4819,7981,607677
9724337,3856,7938,607678
9724353,3135,7934,607679
9724369,2476,7962,607680
9724385,2146,8004,607681
9724401,1979,7899,607682
9724417,2122,7987,607683
9724433,2470,7982,607684
9724449,2998,7898,607685
9724465,3820,8016,607686
9724481,4753,8082,607687
9724497,5895,8011,607688
9724513,7021,8042,607689
9724529,8218,8023,607690
9724545,9335,7932,607691
9724561,10478,7967,607692
9724577,11592,7972,607693
9724593,12447,7951,607694
9724609,13168,7953,607695
9724625,13741,7926,607696
9724641,13942,7961,607697
9724657,14059,8031,607698
9724673,13847,7919,607699
9724689,13388,7989,607700
9724705,12802,7992,607701
9724721,11931,7970,607702
9724737,11030,7939,607703
9724753,9796,8040,607704
9724769,8647,8012,607705
9724785,7444,7977,607706
9724801,6230,7974,607707
9724817,5160,7884,607708
9724833,4232,8026,607709
9724849,3256,8005,607710
9724865,2635,7938,607711
9724881,2263,7991,607712
9724897,1982,7956,607713
9724913,1994,7920,607714
9724929,2314,7910,607715
9724945,2877,8051,607716
9724961,3546,8015,607717
9724977,4446,7953,607718
9724993,5420,7928,607719
9725009,6546,7980,607720
9725025,7866,8008,607721
9725041,9030,7932,607722
9725057,10146,7978,607723
9725073,11237,7887,607724
9725089,12126,8069,607725
9725105,12947,7896,607726
9725121,13638,8008,607727
9725137,13964,8024,607728
9725153,14096,8089,607729
9725169,13894,7945,607730
9725185,13654,8027,607731
9725201,13016,7987,607732
9725217,12208,8072,607733
9725233,11268,7928,607734
9725249,10208,7976,607735
9725265,9017,8010,607736
9725281,7834,8028,607737
9725297,6536,7994,607738
9725313,5468,8016,607739
9725329,4409,7975,607740
9725345,3618,8058,607741
9725361,2874,8077,607742
9725377,2351,7998,607743
9725393,2059,8008,607744
9725409,2005,8001,607745
9725425,2215,8023,607746
9725441,2623,7879,607747
9725457,3248,8013,607748
9725473,4206,8056,607749
9725489,5174,7943,607750
9725505,6346,8048,607751
9725521,7452,7916,607752
9725537,8622,7978,607753
9725553,9846,8025,607754
9725569,11004,7939,607755
9725585,12005,7923,607756
9725601,12848,7991,607757
9725617,13345,7991,607758
9725633,13789,7911,607759
9725649,14053,7993,607760
9725665,14000,7958,607761
9725681,13689,7991,607762
9725697,13232,7964,607763
9725713,12541,8058,607764
9725729,11598,7933,607765
9725745,10485,8071,607766
9725761,9334,8128,607767
9725777,8214,8060,607768
9725793,6983,7926,607769
9725809,5914,8043,607770
9725825,4678,8059,607771
9725841,3771,7962,607772
9725857,3006,8066,607773
9725873,2439,8018,607774
9725889,2074,7950,607775
9725905,1964,7856,607776
9725921,2194,7960,607777
9725937,2496,7985,607778
9725953,3106,7946,607779
9725969,3814,7848,607780
9725985,4785,7993,607781
9726001,5906,7889,607782
9726017,7172,7994,607783
9726033,8319,8011,607784
9726049,9475,7927,607785
9726065,10569,7919,607786
9726081,11670,8095,607787
9726097,12590,7950,607788
9726113,13247,7974,607789
9726129,13783,8064,607790
9726145,14004,8114,607791
9726161,14070,7997,607792
9726177,13909,8105,607793
9726193,13343,8107,607794
9726209,12678,8014,607795
9726225,11835,8088,607796
9726241,10861,7983,607797
9726257,9772,8090,607798
9726273,8472,8055,607799
9726289,7305,7995,607800
9726305,6179,8060,607801
9726321,5011,7936,607802
9726337,4095,8050,607803
9726353,3206,8062,607804
9726369,2564,7988,607805
9726385,2184,7993,607806
9726401,2028,8033,607807
9726417,2029,7918,607808
9726433,2290,7963,607809
9726449,2888,7961,607810
9726465,3715,8015,607811
9726481,4563,8023,607812
9726497,5538,7876,607813
9726513,6730,8116,607814
9726529,7833,7929,607815
9726545,9196,7873,607816
9726561,10348,8002,607817
9726577,11354,7967,607818
9726593,12320,8102,607819
9726609,13080,8021,607820
9726625,13583,7942,607821
9726641,13992,7982,607822
9726657,14019,8054,607823
9726673,13934,7914,607824
9726689,13518,8009,607825
9726705,12950,7915,607826
9726721,12142,8093,607827
9726737,11098,7952,607828
9726753,10032,8068,607829
9726769,8895,7924,607830
9726785,7768,8061,607831
9726801,6567,8109,607832
9726817,5319,7949,607833
9726833,4327,8068,607834
9726849,3423,7962,607835
9726865,2731,7928,607836
9726881,2305,7951,607837
9726897,2042,8060,607838
9726913,2051,8011,607839
9726929,2281,7876,607840
9726945,2707,8010,607841
9726961,3394,7966,607842
9726977,4244,7966,607843
9726993,5319,8005,607844
9727009,6466,7926,607845
9727025,7635,8055,607846
9727041,8767,7997,607847
9727057,9884,7956,607848
9727073,11066,7916,607849
9727089,12126,8093,607850
9727105,12844,8002,607851
9727121,13496,7986,607852
9727137,13873,8024,607853
9727153,14065,8016,607854
9727169,13986,7985,607855
9727185,13624,7898,607856
9727201,13172,8031,607857
9727217,12404,7950,607858
9727233,11472,8103,607859
9727249,10512,8017,607860
9727265,9245,8026,607861
9727281,8011,8001,607862
9727297,6874,8077,607863
9727313,5764,8008,607864
9727329,4639,7951,607865
9727345,3683,8025,607866
9727361,2947,7869,607867
9727377,2401,7999,607868
9727393,2095,7889,607869
9727409,2006,8022,607870
9727425,2169,7991,607871
9727441,2529,7957,607872
9727457,3182,8048,607873
9727473,3982,7950,607874
9727489,4893,7980,607875
9727505,5976,7919,607876
9727521,7265,8021,607877
9727537,8463,7997,607878
9727553,9590,7965,607879
9727569,10739,8030,607880
9727585,11731,7988,607881
9727601,12610,7969,607882
9727617,13375,8098,607883
9727633,13826,8086,607884
9727649,14085,8043,607885
9727665,14084,8012,607886
9727681,13820,8061,607887
9727697,13282,7946,607888
9727713,12573,8071,607889
9727729,11758,8100,607890
9727745,10686,7894,607891
9727761,9638,7998,607892
9727777,8404,7953,607893
9727793,7160,8036,607894
9727809,6005,8033,607895
9727825,4934,8035,607896
9727841,3950,7910,607897
9727857,3203,8008,607898
9727873,2565,7947,607899
9727889,2127,8021,607900
9727905,1977,8028,607901
9727921,2079,8017,607902
9727937,2410,7873,607903
9727953,2894,7985,607904
9727969,3764,8059,607905
9727985,4652,7893,607906
9728001,5677,7934,607907
9728017,6824,7957,607908
9728033,8003,8013,607909
9728049,9176,7902,607910
9728065,10498,7911,607911
9728081,11546,7976,607912
9728097,12360,7907,607913
9728113,13123,8073,607914
9728129,13645,8005,607915
9728145,13932,8003,607916
9728161,14093,7990,607917
9728177,13920,8028,607918
9728193,13495,8031,607919
9728209,12883,8034,607920
9728225,12162,8061,607921
9728241,10996,8048,607922
9728257,9962,8093,607923
9728273,8764,8042,607924
9728289,7619,8064,607925
9728305,6414,8070,607926
9728321,5350,8060,607927
9728337,4251,8042,607928
9728353,3352,7941,607929
9728369,2655,7918,607930
9728385,2213,7954,607931
9728401,2013,7921,607932
9728417,2034,7922,607933
9728433,2266,7975,607934
9728449,2739,7887,607935
9728465,3453,8041,607936
9728481,4283,8024,607937
9728497,5300,8030,607938
9728513,6545,7911,607939
9728529,7755,8089,607940
9728545,8915,7921,607941
9728561,10072,8017,607942
9728577,11102,7930,607943
9728593,12132,8025,607944
9728609,12946,7926,607945
9728625,13538,8021,607946
9728641,13936,7965,607947
9728657,14103,7973,607948
9728673,13933,7915,607949
9728689,13568,8013,607950
9728705,13067,8005,607951
9728721,12283,7891,607952
9728737,11367,7987,607953
9728753,10334,7943,607954
9728769,9172,7929,607955
9728785,7830,7939,607956
9728801,6714,7994,607957
9728817,5583,8081,607958
9728833,4522,7912,607959
9728849,3657,7910,607960
9728865,2861,7904,607961
9728881,2345,7960,607962
9728897,2092,8027,607963
9728913,2011,7985,607964
9728929,2158,7920,607965
9728945,2592,7967,607966
9728961,3255,8009,607967
9728977,4083,7950,607968
9728993,5009,7903,607969
9729009,6150,7976,607970
9729025,7248,7961,607971
9729041,8567,7960,607972
9729057,9722,7921,607973
9729073,10874,7893,607974
9729089,11864,8014,607975
9729105,12660,7948,607976
9729121,13331,7931,607977
9729137,13869,8073,607978
9729153,14045,8022,607979
9729169,14015,8095,607980
9729185,13822,8042,607981
9729201,13240,8018,607982
9729217,12673,8027,607983
9729233,11611,7996,607984
9729249,10614,8034,607985
9729265,9476,7998,607986
9729281,8351,7963,607987
9729297,7091,7877,607988
9729313,5879,7988,607989
9729329,4731,7947,607990
9729345,3864,7977,607991
9729361,3052,7997,607992
9729377,2500,7898,607993
9729393,2111,8052,607994
9729409,1948,7884,607995
9729425,2126,7996,607996
9729441,2459,7994,607997
9729457,3034,8070,607998
9729473,3729,7910,607999
9729489,4780,7894,608000
9729505,5875,7961,608001
9729521,7017,8003,608002
9729537,8195,7956,608003
9729553,9316,7904,608004
9729569,10473,7975,608005
9729585,11641,8020,608006
9729601,12443,8069,608007
9729617,13221,8078,608008
9729633,13662,7910,608009
9729649,13951,8021,608010
9729665,14079,7961,608011
9729681,13818,7917,608012
9729697,13477,8073,608013
9729713,12783,7957,608014
9729729,11981,8030,608015
9729745,11041,8045,608016
9729761,9781,7954,608017
9729777,8581,7914,608018
9729793,7472,8040,608019
9729809,6291,7973,608020
9729825,5212,8026,608021
9729841,4231,8014,608022
9729857,3227,7907,608023
9729873,2655,8010,608024
9729889,2167,7952,608025
9729905,2022,8040,608026
9729921,2080,8104,608027
9729937,2326,7976,608028
9729953,2898,8006,608029
9729969,3512,7967,608030
9729985,4452,8014,608031
9730001,5393,7905,608032
9730017,6621,8094,608033
9730033,7909,8078,608034
9730049,9031,7996,608035
9730065,10231,8004,608036
9730081,11296,7946,608037
9730097,12151,8067,608038
9730113,12979,7985,608039
9730129,13569,7892,608040
9730145,13971,8056,608041
9730161,14086,8079,608042
9730177,13890,7993,608043
9730193,13575,7958,608044
9730209,12929,7895,608045
9730225,12155,7965,608046
9730241,11196,8109,608047
9730257,10181,8061,608048
9730273,9022,8031,608049
9730289,7846,7949,608050
9730305,6543,8034,608051
9730321,5404,8008,608052
9730337,4440,7943,608053
9730353,3529,8015,608054
9730369,2848,7964,608055
9730385,2296,7913,608056
9730401,1997,7909,608057
9730417,1995,7943,608058
9730433,2178,7952,608059
9730449,2643,7956,608060
9730465,3222,7909,608061
9730481,4220,7994,608062
9730497,5193,7957,608063
9730513,6258,7979,608064
9730529,7477,7979,608065
9730545,8621,8034,608066
9730561,9816,7953,608067
9730577,11017,7963,608068
9730593,11966,7985,608069
9730609,12734,8007,608070
9730625,13464,8055,608071
9730641,13842,7965,608072
9730657,14087,7999,608073
9730673,14007,7962,608074
9730689,13719,7974,608075
9730705,13191,7960,608076
9730721,12491,8000,608077
9730737,11580,7977,608078
9730753,10503,8111,608079
9730769,9345,8002,608080
9730785,8197,8065,608081
9730801,7017,8000,608082
9730817,5826,7957,608083
9730833,4708,8042,608084
9730849,3766,7942,608085
9730865,2995,8031,608086
9730881,2458,7991,608087
9730897,2153,7987,608088
9730913,2000,7928,608089
9730929,2129,7950,608090
9730945,2500,8019,608091
9730961,3103,7910,608092
9730977,3863,7965,608093
9730993,4820,7952,608094
9731009,5922,7935,608095
9731025,7125,8065,608096
9731041,8311,7952,608097
9731057,9514,8036,608098
9731073,10601,7979,608099
9731089,11592,7911,608100
9731105,12622,7910,608101
9731121,13308,8044,608102
9731137,13744,7915,608103
9731153,14028,8091,608104
9731169,14075,8069,608105
9731185,13787,8021,608106
9731201,13378,7979,608107
9731217,12714,8057,608108
9731233,11883,8018,608109
9731249,10838,7918,608110
9731265,9816,8029,608111
9731281,8468,8101,608112
9731297,7265,7902,608113
9731313,6155,7989,608114
9731329,5042,7891,608115
9731345,4024,7992,608116
9731361,3244,7950,608117
9731377,2552,8070,608118
9731393,2128,7913,608119
9731409,1966,7870,608120
9731425,2030,7901,608121
9731441,2361,7982,608122
9731457,2863,7855,608123
9731473,3666,7974,608124
9731489,4531,7987,608125
9731505,5593,7983,608126
9731521,6688,7941,608127
9731537,7887,7997,608128
9731553,9204,8055,608129
9731569,10377,8039,608130
9731585,11390,7924,608131
9731601,12341,7987,608132
9731617,13051,7928,608133
9731633,13624,7994,608134
9731649,13959,7976,608135
9731665,14066,8070,608136
9731681,13870,7932,608137
9731697,13480,7919,608138
9731713,12951,7937,608139
9731729,12027,7982,608140
9731745,11143,8098,608141
9731761,10038,7944,608142
9731777,8912,8024,608143
9731793,7743,7993,608144
9731809,6556,8077,608145
9731825,5348,8073,608146
9731841,4303,7960,608147
9731857,3418,7911,608148
9731873,2805,7981,608149
9731889,2284,7944,608150
9731905,2033,7964,608151
9731921,1980,7890,608152
9731937,2229,7879,608153
9731953,2699,7969,608154
9731969,3355,7975,608155
9731985,4206,7949,608156
9732001,5366,7944,608157
9732017,6400,8081,608158
9732033,7612,7971,608159
9732049,8789,8028,608160
9732065,9914,7980,608161
9732081,10994,7908,608162
9732097,12078,7964,608163
9732113,12887,7969,608164
9732129,13514,7990,608165
9732145,13877,8031,608166
9732161,13992,7989,608167
9732177,13995,7980,608168
9732193,13647,8130,608169
9732209,13106,7952,608170
9732225,12399,8008,608171
9732241,11457,7931,608172
9732257,10494,8098,608173
9732273,9240,8117,608174
9732289,8023,8059,608175
9732305,6846,7920,608176
9732321,5705,8030,608177
9732337,4697,7959,608178
9732353,3699,7984,608179
9732369,2952,8034,608180
9732385,2391,8017,608181
9732401,2080,7914,608182
9732417,1992,8039,608183
9732433,2127,8016,608184
9732449,2549,8018,608185
9732465,3180,7984,608186
9732481,3945,7968,608187
9732497,4905,7986,608188
9732513,5992,8056,608189
9732529,7300,7981,608190
9732545,8436,8011,608191
9732561,9652,7986,608192
9732577,10712,7956,608193
9732593,11652,7947,608194
9732609,12589,7935,608195
9732625,13309,7987,608196
9732641,13757,7916,608197
9732657,14047,8046,608198
9732673,14016,8016,608199
9732689,13750,7944,608200
9732705,13357,8018,608201
9732721,12645,8078,608202
9732737,11739,8025,608203
9732753,10693,7934,608204
9732769,9671,8110,608205
9732785,8508,8024,608206
9732801,7150,7925,608207
9732817,6012,8088,608208
9732833,4925,8060,608209
9732849,3976,8054,608210
9732865,3235,8073,608211
9732881,2552,7981,608212
9732897,2105,7967,608213
9732913,1967,8053,608214
9732929,2018,7863,608215
9732945,2463,8036,608216
9732961,2972,8044,608217
9732977,3753,7972,608218
9732993,4687,7980,608219
9733009,5685,7973,608220
9733025,6857,8056,608221
9733041,8031,8095,608222
9733057,9211,8066,608223
9733073,10438,7936,608224
9733089,11527,8068,608225
9733105,12383,7918,608226
9733121,13122,7992,608227
9733137,13667,8033,608228
9733153,13995,8105,608229
9733169,14055,7936,608230
9733185,13912,8030,608231
9733201,13497,8068,608232
9733217,12878,8065,608233
9733233,12028,7920,608234
9733249,11025,8111,608235
9733265,9923,8100,608236
9733281,8789,7960,608237
9733297,7597,8013,608238
9733313,6393,7947,608239
9733329,5319,8030,608240
9733345,4197,8040,608241
9733361,3342,7941,608242
9733377,2679,7965,608243
9733393,2219,8026,608244
9733409,2018,8049,608245
9733425,2023,8017,608246
9733441,2250,7949,608247
9733457,2788,7962,608248
9733473,3468,7969,608249
9733489,4343,8029,608250
9733505,5292,7916,608251
9733521,6572,7987,608252
9733537,7785,8077,608253
9733553,8883,7971,608254
9733569,10074,7982,608255
9733585,11082,7898,608256
9733601,12077,7977,608257
9733617,12985,8102,608258
9733633,13579,8136,608259
9733649,13921,8069,608260
9733665,14002,7930,608261
9733681,14007,8089,608262
9733697,13626,8034,608263
9733713,13036,8070,608264
9733729,12257,8025,608265
9733745,11364,8014,608266
9733761,10348,8107,608267
9733777,9212,8145,608268
9733793,7896,8081,608269
9733809,6713,8110,608270
9733825,5585,8051,608271
9733841,4514,7989,608272
9733857,3652,7931,608273
9733873,2900,8059,608274
9733889,2335,7921,608275
9733905,2056,7907,608276
9733921,2007,8077,608277
9733937,2163,7978,608278
9733953,2562,7962,608279
9733969,3243,7877,608280
9733985,4074,8019,608281
9734001,5081,7963,608282
9734017,6131,7989,608283
9734033,7254,7992,608284
9734049,8496,8006,608285
9734065,9815,7990,608286
9734081,10850,7953,608287
9734097,11861,8015,608288
9734113,12752,7992,608289
9734129,13270,7962,608290
9734145,13844,7941,608291
9734161,14022,7957,608292
9734177,14046,8114,608293
9734193,13780,8046,608294
9734209,13292,8046,608295
9734225,12535,7993,608296
9734241,11591,8078,608297
9734257,10581,7993,608298
9734273,9471,7926,608299
9734289,8357,8019,608300
9734305,7125,8088,608301
9734321,5815,7949,608302
9734337,4826,7964,608303
9734353,3867,8082,608304
9734369,3097,7916,608305
9734385,2492,7963,608306
9734401,2079,7976,608307
9734417,1945,8008,608308
9734433,2124,8087,608309
9734449,2411,7966,608310
9734465,2988,7999,608311
9734481,3723,7995,608312
9734497,4767,8045,608313
9734513,5868,8007,608314
9734529,7004,7975,608315
9734545,8147,7918,608316
9734561,9406,8043,608317
9734577,10494,7963,608318
9734593,11653,8083,608319
9734609,12508,7982,608320
9734625,13267,8094,608321
9734641,13665,8009,608322
9734657,13983,7911,608323
9734673,14053,8086,608324
9734689,13870,7984,608325
9734705,13454,8046,608326
9734721,12776,8089,608327
9734737,12057,8105,608328
9734753,11026,7952,608329
9734769,9808,7949,608330
9734785,8622,8023,608331
9734801,7417,8004,608332
9734817,6218,7940,608333
9734833,5167,7949,608334
9734849,4218,7964,608335
9734865,3261,7941,608336
9734881,2656,8072,608337
9734897,2222,8085,608338
9734913,1968,7920,608339
9734929,2036,8013,608340
9734945,2350,7967,608341
9734961,2836,7916,608342
9734977,3541,7919,608343
9734993,4384,7892,608344
9735009,5484,7966,608345
9735025,6535,7915,608346
9735041,7894,8058,608347
9735057,9022,7985,608348
9735073,10179,7954,608349
9735089,11249,7998,608350
9735105,12206,8036,608351
9735121,12903,7993,608352
9735137,13606,7981,608353
9735153,13902,7991,608354
9735169,14076,8080,608355
9735185,13969,8026,608356
9735201,13635,7932,608357
9735217,13015,7961,608358
9735233,12227,7992,608359
9735249,11299,7982,608360
9735265,10195,8086,608361
9735281,9027,8017,608362
9735297,7872,8052,608363
9735313,6512,7901,608364
9735329,5471,7947,608365
9735345,4430,8077,608366
9735361,3542,7931,608367
9735377,2868,8070,608368
9735393,2258,7964,608369
9735409,1981,7970,608370
9735425,1986,8043,608371
9735441,2233,7896,608372
9735457,2634,8014,608373
9735473,3297,7891,608374
9735489,4238,7919,608375
9735505,5155,7947,608376
9735521,6250,7909,608377
9735537,7458,7967,608378
9735553,8647,7995,608379
9735569,9837,7945,608380
9735585,11044,8092,608381
9735601,11983,7979,608382
9735617,12769,8015,608383
9735633,13405,7995,608384
9735649,13882,8009,608385
9735665,14052,7942,608386
9735681,13969,7994,608387
9735697,13771,8030,608388
9735713,13185,8075,608389
9735729,12474,8028,608390
9735745,11642,7938,608391
9735761,10438,7920,608392
9735777,9359,7929,608393
9735793,8174,8065,608394
9735809,7000,7935,608395
9735825,5878,8045,608396
9735841,4737,8100,608397
9735857,3807,8116,608398
9735873,2970,7876,608399
9735889,2431,7940,608400
9735905,2120,7902,608401
9735921,1973,7872,608402
9735937,2075,7972,608403
9735953,2435,7934,608404
9735969,3128,8000,608405
9735985,3858,8010,608406
9736001,4806,8006,608407
9736017,5920,8028,608408
9736033,7160,8026,608409
9736049,8362,8052,608410
9736065,9525,8079,608411
9736081,10613,7937,608412
9736097,11579,7976,608413
9736113,12580,8042,608414
9736129,13250,7954,608415
9736145,13739,7941,608416
9736161,13962,7971,608417
9736177,14098,8094,608418
9736193,13843,8033,608419
9736209,13352,8073,608420
9736225,12718,7997,608421
9736241,11884,8052,608422
9736257,10898,7997,608423
9736273,9748,8088,608424
9736289,8459,8075,608425
9736305,7290,7940,608426
9736321,6169,8083,608427
9736337,5047,7914,608428
9736353,4093,8004,608429
9736369,3232,8075,608430
9736385,2520,8038,608431
9736401,2213,7962,608432
9736417,2001,8028,608433
9736433,2053,8050,608434
9736449,2410,8055,608435
9736465,2834,7933,608436
9736481,3659,7976,608437
9736497,4560,8100,608438
9736513,5567,7938,608439
9736529,6696,7895,608440
9736545,7913,8074,608441
9736561,9186,7961,608442
9736577,10358,8038,608443
9736593,11358,7971,608444
9736609,12241,7923,608445
9736625,13016,7953,608446
9736641,13695,8033,608447
9736657,13973,8043,608448
9736673,14081,8103,608449
9736689,13956,8057,608450
9736705,13555,8057,608451
9736721,13023,8015,608452
9736737,12006,7938,608453
9736753,11139,8019,608454
9736769,10036,7952,608455
9736785,8883,7989,608456
9736801,7735,7927,608457
9736817,6579,7963,608458
9736833,5359,8061,608459
9736849,4295,7970,608460
9736865,3429,7911,608461
9736881,2742,7932,608462
9736897,2308,8107,608463
9736913,2011,7970,608464
9736929,2048,7960,608465
9736945,2239,7977,608466
9736961,2642,7996,608467
9736977,3353,7942,608468
9736993,4148,7950,608469
9737009,5297,7900,608470
9737025,6427,7990,608471
9737041,7527,8042,608472
9737057,8745,7975,608473
9737073,9925,8024,608474
9737089,11037,7960,608475
9737105,12076,8021,608476
9737121,12911,8009,608477
9737137,13548,8009,608478
9737153,13904,8064,608479
9737169,14080,8094,608480
9737185,13960,8034,608481
9737201,13622,7912,608482
9737217,13034,8008,608483
9737233,12338,8030,608484
9737249,11565,7986,608485
9737265,10496,8000,608486
9737281,9213,8026,608487
9737297,8039,8018,608488
9737313,6860,7941,608489
9737329,5704,7958,608490
9737345,4678,7969,608491
9737361,3664,7994,608492
9737377,2886,7967,608493
9737393,2412,8078,608494
9737409,2096,8001,608495
9737425,2021,7956,608496
9737441,2154,7900,608497
9737457,2552,7950,608498
9737473,3152,7919,608499
9737489,3965,7890,608500
9737505,4880,7909,608501
9737521,5991,8023,608502
9737537,7242,7956,608503
9737553,8512,8078,608504
9737569,9639,8020,608505
9737585,10736,7922,608506
9737601,11713,7931,608507
9737617,12597,8030,608508
9737633,13252,8024,608509
9737649,13746,8047,608510
9737665,13976,7970,608511
9737681,14019,7988,608512
9737697,13782,7993,608513
9737713,13372,8091,608514
9737729,12654,8034,608515
9737745,11735,7943,608516
9737761,10708,7972,608517
9737777,9581,8035,608518
9737793,8458,8012,608519
9737809,7099,7964,608520
9737825,5989,8032,608521
9737841,4921,7954,608522
9737857,3946,7873,608523
9737873,3183,8046,608524
9737889,2593,8012,608525
9737905,2107,7951,608526
9737921,1965,7969,608527
9737937,2045,7954,608528
9737953,2386,7911,608529
9737969,2876,7884,608530
9737985,3710,8008,608531
9738001,4639,7940,608532
9738017,5745,7973,608533
9738033,6826,7912,608534
9738049,8065,8051,608535
9738065,9247,8004,608536
9738081,10533,8054,608537
9738097,11513,7932,608538
9738113,12349,7978,608539
9738129,13135,7957,608540
9738145,13647,7884,608541
9738161,14045,8061,608542
9738177,14111,8018,608543
9738193,13871,8067,608544
9738209,13464,8042,608545
9738225,12869,8001,608546
9738241,12049,7923,608547
9738257,10959,7967,608548
9738273,9916,7932,608549
9738289,8767,8020,608550
9738305,7592,8047,608551
9738321,6427,8041,608552
9738337,5357,8038,608553
9738353,4161,8010,608554
9738369,3315,7880,608555
9738385,2675,7957,608556
9738401,2285,7992,608557
9738417,2036,8037,608558
9738433,2057,8057,608559
9738449,2327,8028,608560
9738465,2794,8009,608561
9738481,3462,7953,608562
9738497,4286,7895,608563
9738513,5285,7958,608564
9738529,6582,8084,608565
9738545,7746,8034,608566
9738561,8906,7954,608567
9738577,10109,8028,608568
9738593,11142,7994,608569
9738609,12102,8022,608570
9738625,12903,7965,608571
9738641,13581,8036,608572
9738657,13877,8072,608573
9738673,14101,7977,608574
9738689,13953,8048,608575
9738705,13565,7990,608576
9738721,13065,8043,608577
9738737,12206,7998,608578
9738753,11447,7958,608579
9738769,10354,8027,608580
9738785,9183,7978,608581
9738801,7886,7955,608582
9738817,6723,8103,608583
9738833,5573,8017,608584
9738849,4570,7980,608585
9738865,3619,7931,608586
9738881,2836,7942,608587
9738897,2314,8049,608588
9738913,2035,7935,608589
9738929,2005,7973,608590
9738945,2142,7950,608591
9738961,2598,8090,608592
9738977,3293,7989,608593
9738993,4058,7842,608594
9739009,5025,7900,608595
9739025,6087,7912,608596
9739041,7273,7948,608597
9739057,8520,7930,608598
9739073,9767,8047,608599
9739089,10840,7886,608600
9739105,11853,7982,608601
9739121,12645,8065,608602
9739137,13335,7918,608603
9739153,13906,8040,608604
9739169,13987,7970,608605
9739185,14040,8071,608606
9739201,13756,7928,608607
9739217,13258,7955,608608
9739233,12538,7876,608609
9739249,11597,8007,608610
9739265,10576,7997,608611
9739281,9510,8075,608612
9739297,8311,8015,608613
9739313,7137,7948,608614
9739329,5837,7937,608615
9739345,4744,7948,608616
9739361,3841,8056,608617
9739377,3107,8081,608618
9739393,2463,7969,608619
9739409,2093,8036,608620
9739425,1974,7951,608621
9739441,2094,7988,608622
9739457,2395,7915,608623
9739473,2999,7960,608624
9739489,3738,8070,608625
9739505,4762,8005,608626
9739521,5902,8051,608627
9739537,7004,7947,608628
9739553,8186,8083,608629
9739569,9334,7984,608630
9739585,10422,7979,608631
9739601,11632,7934,608632
9739617,12541,8058,608633
9739633,13221,7871,608634
9739649,13691,7951,608635
9739665,13979,8031,608636
9739681,13984,7951,608637
9739697,13858,7934,608638
9739713,13395,7988,608639
9739729,12823,8085,608640
9739745,11964,8067,608641
9739761,11041,7984,608642
9739777,9772,8128,608643
9739793,8619,8054,608644
9739809,7462,8044,608645
9739825,6256,8042,608646
9739841,5202,8164,608647
9739857,4215,8008,608648
9739873,3232,8014,608649
9739889,2622,7890,608650
9739905,2233,7960,608651
9739921,2008,8073,608652
9739937,2015,7974,608653
9739953,2307,8048,608654
9739969,2858,8033,608655
9739985,3541,8002,608656
9740001,4424,7939,608657
9740017,5480,8011,608658
9740033,6560,7980,608659
9740049,7930,7953,608660
9740065,9060,8075,608661
9740081,10170,8018,608662
9740097,11290,8115,608663
9740113,12133,7948,608664
9740129,12915,7996,608665
9740145,13601,8076,608666
9740161,14026,8100,608667
9740177,14041,7916,608668
9740193,13935,7994,608669
9740209,13600,8013,608670
9740225,13011,7991,608671
9740241,12210,8031,608672
9740257,11228,8062,608673
9740273,10196,8089,608674
9740289,8988,8053,608675
9740305,7843,7932,608676
9740321,6536,8002,608677
9740337,5499,8007,608678
9740353,4410,8034,608679
9740369,3503,7939,608680
9740385,2866,8014,608681
9740401,2273,7923,608682
9740417,1995,7880,608683
9740433,2044,8063,608684
9740449,2175,7947,608685
9740465,2648,8040,608686
9740481,3312,8094,608687
9740497,4176,7930,608688
9740513,5227,8077,608689
9740529,6302,8064,608690
9740545,7363,7963,608691
9740561,8621,8017,608692
9740577,9822,8015,608693
9740593,11006,7989,608694
9740609,12022,7974,608695
9740625,12791,8051,608696
9740641,13463,8072,608697
9740657,13881,8022,608698
9740673,14074,8114,608699
9740689,14025,8045,608700
9740705,13634,8013,608701
9740721,13249,7916,608702
9740737,12491,8026,608703
9740753,11651,8011,608704
9740769,10466,8036,608705
9740785,9327,7997,608706
9740801,8194,7915,608707
9740817,6943,7927,608708
9740833,5797,7935,608709
9740849,4732,7963,608710
9740865,3782,8080,608711
9740881,2981,7946,608712
9740897,2472,8013,608713
9740913,2145,7979,608714
9740929,2006,8099,608715
9740945,2181,7957,608716
9740961,2472,7911,608717
9740977,3103,7993,608718
9740993,3896,7923,608719
9741009,4743,7912,608720
9741025,5910,7868,608721
9741041,7098,7965,608722
9741057,8331,8070,608723
9741073,9509,7964,608724
9741089,10638,8006,608725
9741105,11605,7904,608726
9741121,12647,8043,608727
9741137,13213,7903,608728
9741153,13746,8009,608729
9741169,14001,7979,608730
9741185,14030,8059,608731
9741201,13792,7869,608732
9741217,13364,8121,608733
9741233,12719,8015,608734
9741249,11795,7914,608735
9741265,10845,7962,608736
9741281,9806,8008,608737
9741297,8506,7950,608738
9741313,7282,7962,608739
9741329,6141,7931,608740
9741345,5036,7976,608741
9741361,4095,7917,608742
9741377,3302,8058,608743
9741393,2566,8059,608744
9741409,2198,7991,608745
9741425,2030,7963,608746
9741441,2101,8030,608747
9741457,2293,7910,608748
9741473,2899,8065,608749
9741489,3613,7901,608750
9741505,4539,7941,608751
9741521,5600,8085,608752
9741537,6764,8031,608753
9741553,7920,8056,608754
9741569,9216,8060,608755
9741585,10344,7991,608756
9741601,11387,7979,608757
9741617,12323,7961,608758
9741633,13058,8002,608759
9741649,13655,8062,608760
9741665,13997,8118,608761
9741681,14034,7996,608762
9741697,13938,8062,608763
9741713,13500,7920,608764
9741729,12974,8127,608765
9741745,12126,8010,608766
9741761,11128,7956,608767
9741777,10014,7923,608768
9741793,8927,7968,608769
9741809,7713,7924,608770
9741825,6539,7927,608771
9741841,5298,8071,608772
9741857,4356,8035,608773
9741873,3419,7883,608774
9741889,2791,8038,608775
9741905,2350,8050,608776
9741921,2038,8020,608777
9741937,2000,7988,608778
9741953,2248,7997,608779
9741969,2679,7886,608780
9741985,3314,7919,608781
9742001,4221,7976,608782
9742017,5336,7937,608783
9742033,6455,7988,608784
9742049,7561,7968,608785
9742065,8751,8032,608786
9742081,9926,8106,608787
9742097,11034,7962,608788
9742113,12098,8031,608789
9742129,12872,7885,608790
9742145,13486,8033,608791
9742161,13873,7928,608792
9742177,14038,7994,608793
9742193,14038,8020,608794
9742209,13629,8033,608795
9742225,13134,8037,608796
9742241,12424,8049,608797
9742257,11489,8031,608798
9742273,10471,7951,608799
9742289,9174,7957,608800
9742305,8052,8021,608801
9742321,6845,8046,608802
9742337,5726,7947,608803
9742353,4684,7899,608804
9742369,3683,7950,608805
9742385,2901,7930,608806
9742401,2354,7949,608807
9742417,2110,8115,608808
9742433,1978,7909,608809
9742449,2103,7955,608810
9742465,2586,8033,608811
9742481,3148,7952,608812
9742497,3931,7921,608813
9742513,4917,7952,608814
9742529,6033,7980,608815
9742545,7299,8009,608816
9742561,8463,7947,608817
9742577,9645,7982,608818
9742593,10726,8055,608819
9742609,11754,8051,608820
9742625,12648,8068,608821
9742641,13304,7935,608822
9742657,13858,7986,608823
9742673,14051,8068,608824
9742689,14035,7899,608825
9742705,13721,7921,608826
9742721,13342,8008,608827
9742737,12570,8008,608828
9742753,11720,7910,608829
9742769,10749,8021,608830
9742785,9677,8040,608831
9742801,8446,7929,608832
9742817,7124,7930,608833
9742833,5970,7930,608834
9742849,4977,8028,608835
9742865,3977,7997,608836
9742881,3210,7920,608837
9742897,2559,7998,608838
9742913,2111,7889,608839
9742929,2027,8051,608840
9742945,2071,7907,608841
9742961,2425,7941,608842
9742977,2925,7873,608843
9742993,3755,7998,608844
9743009,4647,7886,608845
9743025,5686,7932,608846
9743041,6875,7975,608847
9743057,8060,8006,608848
9743073,9150,7875,608849
9743089,10500,7969,608850
9743105,11533,7916,608851
9743121,12415,8040,608852
9743137,13164,8063,608853
9743153,13663,7997,608854
9743169,13946,7968,608855
9743185,14116,7950,608856
9743201,13873,7953,608857
9743217,13498,8046,608858
9743233,12873,8026,608859
9743249,12098,7953,608860
9743265,10975,8026,608861
9743281,9983,8052,608862
9743297,8800,8040,608863
9743313,7596,7989,608864
9743329,6471,8052,608865
9743345,5261,7940,608866
9743361,4167,8003,608867
9743377,3356,7991,608868
9743393,2691,8051,608869
9743409,2238,7981,608870
9743425,1982,7933,608871
9743441,2068,8034,608872
9743457,2297,8006,608873
9743473,2783,8004,608874
9743489,3468,8061,608875
9743505,4325,8049,608876
9743521,5361,8010,608877
9743537,6542,7979,608878
9743553,7800,8058,608879
9743569,8895,7957,608880
9743585,10047,7961,608881
9743601,11103,8005,608882
9743617,12081,7958,608883
9743633,12956,8037,608884
9743649,13556,7995,608885
9743665,13912,7943,608886
9743681,14106,8085,608887
9743697,13979,8048,608888
9743713,13586,7960,608889
9743729,13030,8025,608890
9743745,12350,8132,608891
9743761,11358,7943,608892
9743777,10330,8007,608893
9743793,9216,8009,608894
9743809,7871,8044,608895
9743825,6685,8026,608896
9743841,5522,7975,608897
9743857,4500,7891,608898
9743873,3666,8015,608899
9743889,2826,7970,608900
9743905,2350,8092,608901
9743921,2079,8063,608902
9743937,2039,7960,608903
9743953,2196,7999,608904
9743969,2548,8031,608905
9743985,3249,8014,608906
9744001,4053,8010,608907
9744017,5031,7972,608908
9744033,6134,7970,608909
9744049,7317,7922,608910
9744065,8527,8002,608911
9744081,9815,8022,608912
9744097,10888,8010,608913
9744113,11928,8048,608914
9744129,12630,7911,608915
9744145,13404,7971,608916
9744161,13775,7966,608917
9744177,14054,8082,608918
9744193,14004,7988,608919
9744209,13698,8040,608920
9744225,13272,8043,608921
9744241,12632,7984,608922
9744257,11576,7964,608923
9744273,10624,8097,608924
9744289,9483,8020,608925
9744305,8306,8028,608926
9744321,7169,8017,608927
9744337,5882,8089,608928
9744353,4842,8013,608929
9744369,3862,7956,608930
9744385,3099,8051,608931
9744401,2498,8050,608932
9744417,2100,7895,608933
9744433,1989,8025,608934
9744449,2125,8069,608935
9744465,2495,8020,608936
9744481,2958,7956,608937
9744497,3731,7909,608938
9744513,4738,7853,608939
9744529,5858,8025,608940
9744545,6997,7899,608941
9744561,8169,7904,608942
9744577,9362,8100,608943
9744593,10465,8026,608944
9744609,11604,7973,608945
9744625,12463,7937,608946
9744641,13232,8007,608947
9744657,13669,7963,608948
9744673,13990,8038,608949
9744689,14060,8030,608950
9744705,13886,8057,608951
9744721,13378,7945,608952
9744737,12782,8072,608953
9744753,11978,7999,608954
9744769,10966,7980,608955
9744785,9814,8025,608956
9744801,8580,8052,608957
9744817,7442,7975,608958
9744833,6281,8025,608959
9744849,5191,8048,608960
9744865,4176,7921,608961
9744881,3286,8071,608962
9744897,2656,8043,608963
9744913,2213,7964,608964
9744929,2050,7997,608965
9744945,1973,7951,608966
9744961,2312,7937,608967
9744977,2831,7940,608968
9744993,3533,7882,608969
9745009,4435,8031,608970
9745025,5405,7972,608971
9745041,6589,7991,608972
9745057,7910,8085,608973
9745073,9049,7940,608974
9745089,10195,7988,608975
9745105,11295,8044,608976
9745121,12256,8020,608977
9745137,13027,7954,608978
9745153,13663,8019,608979
9745169,14012,7935,608980
9745185,14049,7950,608981
9745201,13956,8004,608982
9745217,13572,8014,608983
9745233,12901,7999,608984
9745249,12227,7948,608985
9745265,11251,7985,608986
9745281,10219,7997,608987
9745297,8986,7916,608988
9745313,7889,7908,608989
9745329,6531,7956,608990
9745345,5470,7972,608991
9745361,4439,8022,608992
9745377,3536,7952,608993
9745393,2897,8040,608994
9745409,2367,8005,608995
9745425,2082,7943,608996
9745441,1969,7962,608997
9745457,2219,8026,608998
9745473,2619,7920,608999
9745489,3268,8004,609000
9745505,4264,8067,609001
9745521,5148,7899,609002
9745537,6256,7981,609003
9745553,7428,7969,609004
9745569,8613,7938,609005
9745585,9856,7935,609006
9745601,10981,7903,609007
9745617,11968,7928,609008
9745633,12793,8070,609009
9745649,13440,8008,609010
9745665,13902,8033,609011
9745681,14079,7981,609012
9745697,13956,7925,609013
9745713,13656,8019,609014
9745729,13231,7967,609015
9745745,12473,7931,609016
9745761,11657,8013,609017
9745777,10482,8046,609018
9745793,9288,8066,609019
9745809,8162,8092,609020
9745825,6950,7960,609021
9745841,5901,8077,609022
9745857,4696,7915,609023
9745873,3760,7972,609024
9745889,2961,7939,609025
9745905,2376,7984,609026
9745921,2128,7916,609027
9745937,1998,8068,609028
9745953,2150,8037,609029
9745969,2517,8009,609030
9745985,3121,7962,609031
9746001,3853,7944,609032
9746017,4779,7951,609033
9746033,5941,7954,609034
9746049,7118,7951,609035
9746065,8372,8019,609036
9746081,9494,7970,609037
9746097,10612,7973,609038
9746113,11583,7909,609039
9746129,12555,7953,609040
9746145,13236,7990,609041
9746161,13793,8031,609042
9746177,14047,7985,609043
9746193,13979,7944,609044
9746209,13859,8033,609045
9746225,13294,7938,609046
9746241,12736,8006,609047
9746257,11866,8028,609048
9746273,10920,8021,609049
9746289,9752,7921,609050
9746305,8445,7974,609051
9746321,7294,7910,609052
9746337,6143,8036,609053
9746353,5092,8015,609054
9746369,4032,7949,609055
9746385,3295,8051,609056
9746401,2526,7959,609057
9746417,2167,7945,609058
9746433,2039,8064,609059
9746449,2049,8039,609060
9746465,2356,8073,609061
9746481,2870,7911,609062
9746497,3706,7986,609063
9746513,4546,7944,609064
9746529,5572,7933,609065
9746545,6714,7960,609066
9746561,7881,7912,609067
9746577,9191,7973,609068
9746593,10381,7998,609069
9746609,11418,8070,609070
9746625,12271,7918,609071
9746641,13081,8010,609072
9746657,13686,8005,609073
9746673,13995,7957,609074
9746689,14046,7958,609075
9746705,13864,8020,609076
9746721,13526,8055,609077
9746737,12983,8004,609078
9746753,12038,7961,609079
9746769,11116,8081,609080
9746785,10030,7944,609081
9746801,8935,8011,609082
9746817,7743,8043,609083
9746833,6498,7990,609084
9746849,5359,8048,609085
9746865,4317,7950,609086
9746881,3460,8067,609087
9746897,2777,8068,609088
9746913,2330,8082,609089
9746929,2021,7933,609090
9746945,1975,7990,609091
9746961,2221,7985,609092
9746977,2638,7926,609093
9746993,3340,7994,609094
9747009,4244,8069,609095
9747025,5266,7919,609096
9747041,6395,7880,609097
9747057,7551,7995,609098
9747073,8814,7946,609099
9747089,9884,7998,609100
9747105,11085,8018,609101
9747121,12030,7992,609102
9747137,12862,8066,609103
9747153,13496,8049,609104
9747169,13816,7988,609105
9747185,14014,7981,609106
9747201,13957,7977,609107
9747217,13621,7981,609108
9747233,13091,7945,609109
9747249,12375,8015,609110
9747265,11480,8044,609111
9747281,10496,7962,609112
9747297,9220,7963,609113
9747313,8014,7984,609114
9747329,6888,8100,609115
9747345,5743,7999,609116
9747361,4613,7956,609117
9747377,3704,7940,609118
9747393,2949,8043,609119
9747409,2424,8009,609120
9747425,2074,7956,609121
9747441,1981,7950,609122
9747457,2122,7990,609123
9747473,2557,7951,609124
9747489,3168,7964,609125
9747505,3990,8100,609126
9747521,4947,8040,609127
9747537,5990,7990,609128
9747553,7260,7906,609129
9747569,8432,7970,609130
9747585,9637,8033,609131
9747601,10758,8022,609132
9747617,11760,7988,609133
9747633,12563,8034,609134
9747649,13309,7950,609135
9747665,13758,7995,609136
9747681,14015,8031,609137
9747697,14048,8109,609138
9747713,13728,7997,609139
9747729,13399,7988,609140
9747745,12557,7995,609141
9747761,11726,8004,609142
9747777,10696,7987,609143
9747793,9592,8070,609144
9747809,8463,7977,609145
9747825,7127,8077,609146
9747841,5974,7937,609147
9747857,4934,8005,609148
9747873,4009,8049,609149
9747889,3192,7974,609150
9747905,2487,7935,609151
9747921,2143,7914,609152
9747937,1960,7901,609153
9747953,2095,8024,609154
9747969,2419,7981,609155
9747985,2894,7892,609156
9748001,3657,8011,609157
9748017,4656,7872,609158
9748033,5689,7957,609159
9748049,6913,8061,609160
9748065,8072,8067,609161
9748081,9166,7911,609162
9748097,10454,7915,609163
9748113,11520,7974,609164
9748129,12368,7852,609165
9748145,13175,7999,609166
9748161,13619,8088,609167
9748177,13977,7953,609168
9748193,14084,8032,609169
9748209,13895,7934,609170
9748225,13523,7981,609171
9748241,12911,8060,609172
9748257,12094,7927,609173
9748273,10964,8016,609174
9748289,9915,7959,609175
9748305,8736,8074,609176
9748321,7572,8028,609177
9748337,6423,7924,609178
9748353,5294,7970,609179
9748369,4237,7987,609180
9748385,3362,7972,609181
9748401,2699,8005,609182
9748417,2260,8011,609183
9748433,2014,7977,609184
9748449,2058,8075,609185
9748465,2284,7987,609186
9748481,2783,8075,609187
9748497,3422,7933,609188
9748513,4325,7981,609189
9748529,5311,7993,609190
9748545,6594,7950,609191
9748561,7727,7959,609192
9748577,8934,7961,609193
9748593,10047,7936,609194
9748609,11115,7966,609195
9748625,12144,7931,609196
9748641,12947,7977,609197
9748657,13504,7969,609198
9748673,13975,7949,609199
9748689,14062,7992,609200
9748705,13941,7942,609201
9748721,13612,8085,609202
9748737,13078,8084,609203
9748753,12265,7953,609204
9748769,11419,8013,609205
9748785,10341,8016,609206
9748801,9222,8065,609207
9748817,7943,8031,609208
9748833,6660,8027,609209
9748849,5536,8023,609210
9748865,4554,7945,609211
9748881,3625,7923,609212
9748897,2868,7976,609213
9748913,2315,7904,609214
9748929,2029,7977,609215
9748945,1963,8003,609216
9748961,2123,7903,609217
9748977,2522,7867,609218
9748993,3274,8006,609219
9749009,4056,8013,609220
9749025,4998,7951,609221
9749041,6136,8031,609222
9749057,7278,7943,609223
9749073,8579,7988,609224
9749089,9802,8090,609225
9749105,10891,7916,609226
9749121,11835,7985,609227
9749137,12712,7996,609228
9749153,13355,8058,609229
9749169,13859,7929,609230
9749185,14077,7990,609231
9749201,14005,8015,609232
9749217,13740,8009,609233
9749233,13292,8022,609234
9749249,12634,8096,609235
9749265,11622,7998,609236
9749281,10569,7993,609237
9749297,9516,8028,609238
9749313,8297,8003,609239
9749329,7153,7926,609240
9749345,5847,8079,609241
9749361,4775,7896,609242
9749377,3888,7988,609243
9749393,3120,8038,609244
9749409,2470,7933,609245
9749425,2106,7960,609246
9749441,2029,7999,609247
9749457,2054,7956,609248
9749473,2451,8038,609249
9749489,3010,8080,609250
9749505,3785,8038,609251
9749521,4695,7974,609252
9749537,5810,7864,609253
9749553,6977,8037,609254
9749569,8167,7990,609255
9749585,9332,8068,609256
9749601,10500,7961,609257
9749617,11590,8011,609258
9749633,12509,7989,609259
9749649,13158,7950,609260
9749665,13681,8018,609261
9749681,14070,8037,609262
9749697,14096,8109,609263
9749713,13843,7990,609264
9749729,13421,8074,609265
9749745,12769,7968,609266
9749761,11986,8069,609267
9749777,11007,8057,609268
9749793,9809,8149,609269
9749809,8575,7936,609270
9749825,7417,8047,609271
9749841,6282,8095,609272
9749857,5184,8002,609273
9749873,4211,8035,609274
9749889,3231,7940,609275
9749905,2623,7948,609276
9749921,2165,7923,609277
9749937,1982,7951,609278
9749953,1995,7921,609279
9749969,2298,7894,609280
9749985,2847,8054,609281
9750001,3546,7953,609282
9750017,4442,8014,609283
9750033,5467,7901,609284
9750049,6548,8007,609285
9750065,7899,7890,609286
9750081,9089,8107,609287
9750097,10176,7919,609288
9750113,11217,7957,609289
9750129,12169,8031,609290
9750145,12985,8051,609291
9750161,13665,8052,609292
9750177,13999,8055,609293
9750193,14110,8060,609294
9750209,13987,8089,609295
9750225,13591,8103,609296
9750241,12960,7947,609297
9750257,12168,8017,609298
9750273,11234,8049,609299
9750289,10186,7983,609300
9750305,9039,7944,609301
9750321,7935,8006,609302
9750337,6579,8093,609303
9750353,5450,8066,609304
9750369,4428,7955,609305
9750385,3565,8083,609306
9750401,2801,7873,609307
9750417,2327,8015,609308
9750433,2011,7963,609309
9750449,1984,7956,609310
9750465,2243,8032,609311
9750481,2706,8017,609312
9750497,3254,7965,609313
9750513,4187,8060,609314
9750529,5210,8066,609315
9750545,6254,7985,609316
9750561,7474,8027,609317
9750577,8563,7984,609318
9750593,9838,7910,609319
9750609,11018,8040,609320
9750625,11996,8062,609321
9750641,12783,7914,609322
9750657,13388,8055,609323
9750673,13897,8075,609324
9750689,14007,7947,609325
9750705,14027,8082,609326
9750721,13715,7935,609327
9750737,13159,8039,609328
9750753,12521,8120,609329
9750769,11543,7993,609330
9750785,10478,8108,609331
9750801,9330,7969,609332
9750817,8188,8016,609333
9750833,6972,7948,609334
9750849,5884,7991,609335
9750865,4685,8029,609336
9750881,3689,7908,609337
9750897,3011,7925,609338
9750913,2435,7999,609339
9750929,2113,7998,609340
9750945,1971,7831,609341
9750961,2170,8002,609342
9750977,2474,7942,609343
9750993,3078,7954,609344
9751009,3834,7956,609345
9751025,4788,7999,609346
9751041,5980,8056,609347
9751057,7136,7984,609348
9751073,8270,7977,609349
9751089,9500,7991,609350
9751105,10609,7972,609351
9751121,11681,8063,609352
9751137,12646,7969,609353
9751153,13269,8017,609354
9751169,13709,7995,609355
9751185,14008,8102,609356
9751201,14068,7977,609357
9751217,13858,7899,609358
9751233,13341,7961,609359
9751249,12689,8116,609360
9751265,11838,8011,609361
9751281,10907,7973,609362
9751297,9762,7872,609363
9751313,8474,7968,609364
9751329,7323,7990,609365
9751345,6126,7919,609366
9751361,5039,7959,609367
9751377,4039,7949,609368
9751393,3233,7963,609369
9751409,2541,8025,609370
9751425,2219,7995,609371
9751441,1980,7886,609372
9751457,2083,8077,609373
9751473,2352,8034,609374
9751489,2828,7906,609375
9751505,3664,7986,609376
9751521,4536,7965,609377
9751537,5556,7921,609378
9751553,6732,7951,609379
9751569,7852,7973,609380
9751585,9243,8055,609381
9751601,10321,8050,609382
9751617,11366,8030,609383
9751633,12396,8044,609384
9751649,12975,7910,609385
9751665,13639,7987,609386
9751681,14065,8052,609387
9751697,13994,8010,609388
9751713,13938,8029,609389
9751729,13540,8004,609390
9751745,12989,8103,609391
9751761,12046,8010,609392
9751777,11076,7986,609393
9751793,10040,8023,609394
9751809,8903,7950,609395
9751825,7734,7974,609396
9751841,6579,8022,609397
9751857,5324,7970,609398
9751873,4298,8007,609399
9751889,3478,8085,609400
9751905,2782,8046,609401
9751921,2352,8037,609402
9751937,2036,8078,609403
9751953,1998,8019,609404
9751969,2311,8118,609405
9751985,2687,7977,609406
9752001,3361,7942,609407
9752017,4236,8115,609408
9752033,5317,7989,609409
9752049,6397,7953,609410
9752065,7615,8066,609411
9752081,8815,8001,609412
9752097,9882,8043,609413
9752113,11097,7989,609414
9752129,12097,8049,609415
9752145,12882,7957,609416
9752161,13497,8015,609417
9752177,13864,8087,609418
9752193,14060,8038,609419
9752209,14012,8048,609420
9752225,13660,8044,609421
9752241,13065,7952,609422
9752257,12419,8082,609423
9752273,11512,8113,609424
9752289,10454,7981,609425
9752305,9189,7914,609426
9752321,7981,7991,609427
9752337,6841,7903,609428
9752353,5766,8062,609429
9752369,4698,8006,609430
9752385,3668,8056,609431
9752401,2874,7929,609432
9752417,2403,7990,609433
9752433,2119,7939,609434
9752449,1978,7908,609435
9752465,2136,7983,609436
9752481,2518,7932,609437
9752497,3219,8013,609438
9752513,3942,7969,609439
9752529,4888,7988,609440
9752545,6012,7942,609441
9752561,7284,8044,609442
9752577,8486,8003,609443
9752593,9625,8020,609444
9752609,10727,7952,609445
9752625,11750,7894,609446
9752641,12584,7960,609447
9752657,13256,7976,609448
9752673,13705,7945,609449
9752689,14033,7937,609450
9752705,14066,7950,609451
9752721,13805,8001,609452
9752737,13271,7972,609453
9752753,12616,7970,609454
9752769,11689,7929,609455
9752785,10743,7987,609456
9752801,9636,7991,609457
9752817,8426,7998,609458
9752833,7170,8027,609459
9752849,5986,8064,609460
9752865,4939,8071,609461
9752881,3982,7905,609462
9752897,3218,7899,609463
9752913,2551,8044,609464
9752929,2132,8029,609465
9752945,1982,7965,609466
9752961,2130,7989,609467
9752977,2373,7930,609468
9752993,2882,8023,609469
9753009,3729,7944,609470
9753025,4678,7963,609471
9753041,5733,7962,609472
9753057,6843,7929,609473
9753073,8020,7937,609474
9753089,9158,7962,609475
9753105,10456,7988,609476
9753121,11505,7959,609477
9753137,12424,7937,609478
9753153,13119,8039,609479
9753169,13637,7912,609480
9753185,14011,8008,609481
9753201,13997,7967,609482
9753217,13878,8067,609483
9753233,13422,8042,609484
9753249,12945,8010,609485
9753265,12044,7929,609486
9753281,11049,8066,609487
9753297,9922,8057,609488
9753313,8740,8053,609489
9753329,7604,7932,609490
9753345,6396,7972,609491
9753361,5331,8061,609492
9753377,4166,7953,609493
9753393,3285,7949,609494
9753409,2674,8002,609495
9753425,2268,7978,609496
9753441,2023,7980,609497
9753457,1970,7954,609498
9753473,2247,7902,609499
9753489,2785,8109,609500
9753505,3481,8023,609501
9753521,4327,7974,609502
9753537,5310,8038,609503
9753553,6504,7939,609504
9753569,7719,7934,609505
9753585,8950,7989,609506
9753601,10083,8038,609507
9753617,11119,7933,609508
9753633,12068,7883,609509
9753649,12937,7954,609510
9753665,13596,8013,609511
9753681,13861,7943,609512
9753697,14039,7913,609513
9753713,13955,7959,609514
9753729,13583,8055,609515
9753745,13005,7990,609516
9753761,12307,7969,609517
9753777,11351,7976,609518
9753793,10333,8102,609519
9753809,9220,8054,609520
9753825,7848,7928,609521
9753841,6708,7928,609522
9753857,5584,7909,609523
9753873,4533,7904,609524
9753889,3651,8060,609525
9753905,2885,8009,609526
9753921,2358,8072,609527
9753937,2099,8044,609528
9753953,1982,7949,609529
9753969,2165,8007,609530
9753985,2537,7977,609531
9754001,3302,7900,609532
9754017,4077,7912,609533
9754033,5071,7948,609534
9754049,6072,7856,609535
9754065,7284,7988,609536
9754081,8589,7979,609537
9754097,9715,7965,609538
9754113,10858,7935,609539
9754129,11808,7990,609540
9754145,12664,7998,609541
9754161,13368,7988,609542
9754177,13898,8078,609543
9754193,14038,7991,609544
9754209,14064,8063,609545
9754225,13706,8106,609546
9754241,13271,8015,609547
9754257,12613,8030,609548
9754273,11615,8126,609549
9754289,10562,7950,609550
9754305,9540,7998,609551
9754321,8302,7936,609552
9754337,7079,7998,609553
9754353,5864,7928,609554
9754369,4808,7898,609555
9754385,3855,7908,609556
9754401,3106,8030,609557
9754417,2485,7966,609558
9754433,2156,7977,609559
9754449,2014,8041,609560
9754465,2119,8111,609561
9754481,2479,7978,609562
9754497,2972,7966,609563
9754513,3798,7915,609564
9754529,4786,7940,609565
9754545,5877,7981,609566
9754561,6958,7935,609567
9754577,8188,8037,609568
9754593,9366,8026,609569
9754609,10488,7944,609570
9754625,11669,8086,609571
9754641,12558,8099,609572
9754657,13136,8078,609573
9754673,13738,8005,609574
9754689,13947,7934,609575
9754705,14050,8047,609576
9754721,13861,7951,609577
9754737,13455,8013,609578
9754753,12822,8021,609579
9754769,11956,7895,609580
9754785,10973,8047,609581
9754801,9750,8045,609582
9754817,8605,7994,609583
9754833,7480,7953,609584
9754849,6326,8020,609585
9754865,5164,7912,609586
9754881,4171,7990,609587
9754897,3313,8086,609588
9754913,2607,7960,609589
9754929,2219,7902,609590
9754945,1963,7924,609591
9754961,2051,8100,609592
9754977,2337,7999,609593
9754993,2806,7896,609594
9755009,3519,7874,609595
9755025,4407,7969,609596
9755041,5450,8103,609597
9755057,6592,7991,609598
9755073,7892,7987,609599
9755089,9064,7950,609600
9755105,10139,7958,609601
9755121,11200,7875,609602
9755137,12190,8074,609603
9755153,13017,7991,609604
9755169,13526,7919,609605
9755185,13870,7979,609606
9755201,14094,7967,609607
9755217,13896,8039,609608
9755233,13604,7998,609609
9755249,12915,8028,609610
9755265,12122,8031,609611
9755281,11209,8033,609612
9755297,10203,8057,609613
9755313,9030,8009,609614
9755329,7876,8069,609615
9755345,6533,8130,609616
9755361,5484,7998,609617
9755377,4421,8020,609618
9755393,3542,8034,609619
9755409,2801,7982,609620
9755425,2296,7920,609621
9755441,2015,7861,609622
9755457,1987,8037,609623
9755473,2200,8049,609624
9755489,2624,8071,609625
9755505,3252,8018,609626
9755521,4187,7903,609627
9755537,5195,7938,609628
9755553,6255,7917,609629
9755569,7384,7910,609630
9755585,8635,8036,609631
9755601,9816,8043,609632
9755617,10988,7982,609633
9755633,11989,7958,609634
9755649,12821,7924,609635
9755665,13464,8096,609636
9755681,13822,8055,609637
9755697,14096,7964,609638
9755713,13962,8001,609639
9755729,13693,7974,609640
9755745,13187,8064,609641
9755761,12429,7884,609642
9755777,11588,7948,609643
9755793,10417,8013,609644
9755809,9312,7989,609645
9755825,8198,7959,609646
9755841,7003,8090,609647
9755857,5858,8140,609648
9755873,4730,8022,609649
9755889,3721,7962,609650
9755905,3025,8060,609651
9755921,2464,8022,609652
9755937,2137,8026,609653
9755953,1954,7946,609654
9755969,2110,7987,609655
9755985,2526,7982,609656
9756001,3050,7884,609657
9756017,3921,8006,609658
9756033,4807,7921,609659
9756049,5981,7966,609660
9756065,7215,8089,609661
9756081,8368,8058,609662
9756097,9505,7906,609663
9756113,10638,7915,609664
9756129,11592,7949,609665
9756145,12628,8061,609666
9756161,13230,8047,609667
9756177,13775,7978,609668
9756193,14047,8037,609669
9756209,13972,7923,609670
9756225,13821,8065,609671
9756241,13304,7914,609672
9756257,12726,8045,609673
9756273,11876,7974,609674
9756289,10828,7999,609675
9756305,9754,8043,609676
9756321,8425,7990,609677
9756337,7304,7968,609678
9756353,6152,8078,609679
9756369,5032,8070,609680
9756385,4118,8074,609681
9756401,3262,8017,609682
9756417,2583,8045,609683
9756433,2140,7987,609684
9756449,1957,7916,609685
9756465,2037,8009,609686
9756481,2370,8018,609687
9756497,2903,7927,609688
9756513,3664,7907,609689
9756529,4565,7954,609690
9756545,5580,8007,609691
9756561,6710,8042,609692
9756577,7844,7878,609693
9756593,9268,8019,609694
9756609,10312,8047,609695
9756625,11364,7920,609696
9756641,12321,8023,609697
9756657,13014,7991,609698
9756673,13581,7980,609699
9756689,13988,8103,609700
9756705,14072,7991,609701
9756721,13969,7987,609702
9756737,13491,8019,609703
9756753,12966,8079,609704
9756769,12096,8132,609705
9756785,11113,7929,609706
9756801,10074,8012,609707
9756817,8920,7963,609708
9756833,7715,8006,609709
9756849,6562,7933,609710
9756865,5324,8083,609711
9756881,4358,8041,609712
9756897,3439,7971,609713
9756913,2778,7983,609714
9756929,2245,7939,609715
9756945,1989,7870,609716
9756961,2043,8004,609717
9756977,2277,8005,609718
9756993,2702,8056,609719
9757009,3301,7972,609720
9757025,4209,7939,609721
9757041,5299,7847,609722
9757057,6466,8071,609723
9757073,7597,7953,609724
9757089,8802,8127,609725
9757105,9942,8008,609726
9757121,11027,7962,609727
9757137,12061,8045,609728
9757153,12895,8102,609729
9757169,13398,7943,609730
9757185,13897,8024,609731
9757201,14077,8108,609732
9757217,13991,8067,609733
9757233,13680,8076,609734
9757249,13168,8018,609735
9757265,12401,7976,609736
9757281,11471,8002,609737
9757297,10447,8043,609738
9757313,9193,8057,609739
9757329,8005,8054,609740
9757345,6849,7969,609741
9757361,5683,8002,609742
9757377,4664,8084,609743
9757393,3714,8056,609744
9757409,2964,8105,609745
9757425,2348,7992,609746
9757441,2078,8013,609747
9757457,2031,7949,609748
9757473,2137,7934,609749
9757489,2557,7997,609750
9757505,3193,7994,609751
9757521,3975,7914,609752
9757537,4888,7952,609753
9757553,5974,7942,609754
9757569,7268,8066,609755
9757585,8452,7897,609756
9757601,9606,8011,609757
9757617,10750,7930,609758
9757633,11721,7951,609759
9757649,12640,8023,609760
9757665,13310,7900,609761
9757681,13799,8038,609762
9757697,14007,7991,609763
9757713,14004,8112,609764
9757729,13793,7933,609765
9757745,13380,8029,609766
9757761,12584,8000,609767
9757777,11738,8072,609768
9757793,10675,7997,609769
9757809,9631,8089,609770
9757825,8431,7964,609771
9757841,7125,7980,609772
9757857,6016,8011,609773
9757873,4871,7935,609774
9757889,3972,7979,609775
9757905,3171,7976,609776
9757921,2607,7991,609777
9757937,2110,7941,609778
9757953,1963,8064,609779
9757969,2095,8016,609780
9757985,2354,7900,609781
9758001,2881,7930,609782
9758017,3699,8006,609783
9758033,4694,7972,609784
9758049,5734,7929,609785
9758065,6866,8066,609786
9758081,7992,8003,609787
9758097,9222,8027,609788
9758113,10421,7925,609789
9758129,11501,8011,609790
9758145,12371,8042,609791
9758161,13080,8003,609792
9758177,13676,7998,609793
9758193,14020,7993,609794
9758209,14070,8034,609795
9758225,13927,8063,609796
9758241,13427,7998,609797
9758257,12849,7991,609798
9758273,12102,8096,609799
9758289,11032,8087,609800
9758305,9895,7938,609801
9758321,8782,8101,609802
9758337,7579,8068,609803
9758353,6456,8003,609804
9758369,5290,8050,609805
9758385,4208,7991,609806
9758401,3323,7980,609807
9758417,2673,8020,609808
9758433,2249,7870,609809
9758449,2045,7981,609810
9758465,2018,8044,609811
9758481,2334,8090,609812
9758497,2794,8023,609813
9758513,3428,7923,609814
9758529,4325,7928,609815
9758545,5272,7870,609816
9758561,6557,7994,609817
9758577,7749,8042,609818
9758593,8904,7980,609819
9758609,10011,7951,609820
9758625,11128,8066,609821
9758641,12097,8063,609822
9758657,12988,7974,609823
9758673,13567,8052,609824
9758689,13874,8007,609825
9758705,14104,7997,609826
9758721,14043,8017,609827
9758737,13628,7979,609828
9758753,13017,7949,609829
9758769,12272,8036,609830
9758785,11343,7978,609831
9758801,10365,8040,609832
9758817,9208,8070,609833
9758833,7916,7933,609834
9758849,6683,7969,609835
9758865,5576,7946,609836
9758881,4536,8033,609837
9758897,3670,7985,609838
9758913,2883,8047,609839
9758929,2328,7992,609840
9758945,2017,8011,609841
9758961,1977,8048,609842
9758977,2176,8024,609843
9758993,2541,7908,609844
9759009,3329,8036,609845
9759025,4039,7952,609846
9759041,5040,7965,609847
9759057,6146,8077,609848
9759073,7285,7914,609849
9759089,8523,7921,609850
9759105,9727,8032,609851
9759121,10846,7906,609852
9759137,11811,7906,609853
9759153,12704,8027,609854
9759169,13315,8060,609855
9759185,13856,8040,609856
9759201,14066,8033,609857
9759217,14043,8053,609858
9759233,13741,8000,609859
9759249,13290,8067,609860
9759265,12650,8076,609861
9759281,11634,8060,609862
9759297,10586,8000,609863
9759313,9460,7946,609864
9759329,8284,7953,609865
9759345,7121,8022,609866
9759361,5825,7912,609867
9759377,4794,8050,609868
9759393,3861,7991,609869
9759409,3043,8011,609870
9759425,2470,8063,609871
9759441,2115,7966,609872
9759457,1950,7909,609873
9759473,2127,8022,609874
9759489,2408,7960,609875
9759505,3032,8071,609876
9759521,3734,7974,609877
9759537,4692,7852,609878
9759553,5862,7940,609879
9759569,6976,7966,609880
9759585,8154,8031,609881
9759601,9355,8018,609882
9759617,10464,7960,609883
9759633,11598,7958,609884
9759649,12538,8008,609885
9759665,13214,7940,609886
9759681,13678,7896,609887
9759697,14008,8042,609888
9759713,14051,8039,609889
9759729,13864,8038,609890
9759745,13394,7966,609891
9759761,12732,8049,609892
9759777,11963,7927,609893
9759793,11027,8147,609894
9759809,9720,8024,609895
9759825,8633,7997,609896
9759841,7468,7951,609897
9759857,6272,8012,609898
9759873,5193,8109,609899
9759889,4174,7956,609900
9759905,3249,7962,609901
9759921,2605,7983,609902
9759937,2183,7970,609903
9759953,1987,8016,609904
9759969,2019,7949,609905
9759985,2380,8044,609906
9760001,2908,8028,609907
9760017,3546,7909,609908
9760033,4444,8078,609909
9760049,5421,7957,609910
9760065,6563,7985,609911
9760081,7887,7940,609912
9760097,9051,8011,609913
9760113,10143,7961,609914
9760129,11290,7950,609915
9760145,12263,8102,609916
9760161,12984,7980,609917
9760177,13578,8023,609918
9760193,14005,8015,609919
9760209,14052,7948,609920
9760225,13950,7965,609921
9760241,13592,7922,609922
9760257,12936,7931,609923
9760273,12219,8040,609924
9760289,11207,8010,609925
9760305,10146,7989,609926
9760321,9042,8069,609927
9760337,7895,8085,609928
9760353,6574,8036,609929
9760369,5435,7971,609930
9760385,4454,8055,609931
9760401,3579,7994,609932
9760417,2879,8023,609933
9760433,2314,8053,609934
9760449,2013,7882,609935
9760465,1991,7956,609936
9760481,2172,7881,609937
9760497,2694,8029,609938
9760513,3218,7962,609939
9760529,4221,7999,609940
9760545,5150,7904,609941
9760561,6281,8079,609942
9760577,7410,7998,609943
9760593,8619,8036,609944
9760609,9804,7975,609945
9760625,10984,8013,609946
9760641,11928,7998,609947
9760657,12803,7950,609948
9760673,13423,7949,609949
9760689,13866,8014,609950
9760705,14125,7984,609951
9760721,14007,8068,609952
9760737,13776,8048,609953
9760753,13260,8027,609954
9760769,12511,8115,609955
9760785,11665,8090,609956
9760801,10473,7909,609957
9760817,9318,8003,609958
9760833,8224,8078,609959
9760849,7046,8039,609960
9760865,5912,8049,609961
9760881,4682,7970,609962
9760897,3794,8074,609963
9760913,2998,8066,609964
9760929,2431,7995,609965
9760945,2144,8107,609966
9760961,1970,7975,609967
9760977,2096,7901,609968
9760993,2450,7907,609969
9761009,3058,7924,609970
9761025,3865,8020,609971
9761041,4761,7907,609972
9761057,5970,8025,609973
9761073,7155,7938,609974
9761089,8285,7924,609975
9761105,9448,7994,609976
9761121,10635,8111,609977
9761137,11579,7925,609978
9761153,12573,8029,609979
9761169,13246,8057,609980
9761185,13792,8090,609981
9761201,14056,8039,609982
9761217,14116,8037,609983
9761233,13877,8096,609984
9761249,13332,8084,609985
9761265,12667,7930,609986
9761281,11862,7998,609987
9761297,10918,8046,609988
9761313,9804,8023,609989
9761329,8452,8054,609990
9761345,7249,7948,609991
9761361,6066,7935,609992
9761377,5052,7944,609993
9761393,4123,8054,609994
9761409,3271,8032,609995
9761425,2560,7969,609996
9761441,2186,7941,609997
9761457,1947,7921,609998
9761473,2110,8042,609999
9761489,2392,8013,610000
9761505,2851,7928,610001
9761521,3647,8069,610002
9761537,4544,7997,610003
9761553,5570,8029,610004
9761569,6680,7881,610005
9761585,7853,7949,610006
9761601,9252,8026,610007
9761617,10294,7946,610008
9761633,11366,7890,610009
9761649,12249,7960,610010
9761665,12988,7997,610011
9761681,13560,7918,610012
9761697,14023,8106,610013
9761713,14079,8034,610014
9761729,13901,7978,610015
9761745,13568,8029,610016
9761761,12938,7996,610017
9761777,12026,8004,610018
9761793,11136,7978,610019
9761809,10075,8094,610020
9761825,8895,8003,610021
9761841,7713,7989,610022
9761857,6538,8006,610023
9761873,5340,7999,610024
9761889,4325,8063,610025
9761905,3440,8056,610026
9761921,2736,7950,610027
9761937,2237,7941,610028
9761953,2048,8048,610029
9761969,2045,8052,610030
9761985,2257,8024,610031
9762001,2701,7999,610032
9762017,3340,8056,610033
9762033,4190,8043,610034
9762049,5317,8045,610035
9762065,6436,8003,610036
9762081,7543,7926,610037
9762097,8807,7999,610038
9762113,9895,7983,610039
9762129,11053,7947,610040
9762145,12069,7947,610041
9762161,12878,7976,610042
9762177,13524,8015,610043
9762193,13895,8006,610044
9762209,14112,8005,610045
9762225,13950,7949,610046
9762241,13672,8098,610047
9762257,13162,8088,610048
9762273,12427,8073,610049
9762289,11525,7932,610050
9762305,10449,7957,610051
9762321,9222,8027,610052
9762337,8060,8070,610053
9762353,6809,7911,610054
9762369,5703,8073,610055
9762385,4697,8071,610056
9762401,3688,8024,610057
9762417,2906,7851,610058
9762433,2374,8010,610059
9762449,2079,7971,610060
9762465,2025,8067,610061
9762481,2157,7975,610062
9762497,2510,7917,610063
9762513,3151,7982,610064
9762529,3986,8068,610065
9762545,4924,7954,610066
9762561,6022,8028,610067
9762577,7237,7937,610068
9762593,8500,8045,610069
9762609,9590,8090,610070
9762625,10728,8067,610071
9762641,11779,7997,610072
9762657,12552,7909,610073
9762673,13396,8036,610074
9762689,13806,8017,610075
9762705,14068,8035,610076
9762721,14070,7975,610077
9762737,13780,8089,610078
9762753,13335,8014,610079
9762769,12616,8015,610080
9762785,11741,7986,610081
9762801,10743,7900,610082
9762817,9616,8073,610083
9762833,8455,8085,610084
9762849,7168,8087,610085
9762865,6013,8025,610086
9762881,4907,7984,610087
9762897,3959,7913,610088
9762913,3205,8118,610089
9762929,2551,7951,610090
9762945,2152,8016,610091
9762961,2009,7984,610092
9762977,2070,8011,610093
9762993,2359,7888,610094
9763009,2933,8063,610095
9763025,3733,8062,610096
9763041,4656,7882,610097
9763057,5700,7955,610098
9763073,6850,8015,610099
9763089,8016,7934,610100
9763105,9138,7912,610101
9763121,10437,7930,610102
9763137,11574,8002,610103
9763153,12423,7914,610104
9763169,13081,7924,610105
9763185,13622,7948,610106
9763201,13937,7957,610107
9763217,14022,8018,610108
9763233,13808,7998,610109
9763249,13561,8073,610110
9763265,12873,8073,610111
9763281,12065,7928,610112
9763297,10996,8021,610113
9763313,9885,8008,610114
9763329,8830,8090,610115
9763345,7566,7911,610116
9763361,6463,8114,610117
9763377,5261,7953,610118
9763393,4136,8018,610119
9763409,3345,7940,610120
9763425,2720,7993,610121
9763441,2242,7939,610122
9763457,2036,7946,610123
9763473,2056,8081,610124
9763489,2294,7961,610125
9763505,2791,8040,610126
9763521,3435,7930,610127
9763537,4306,7924,610128
9763553,5356,8039,610129
9763569,6572,8017,610130
9763585,7721,8013,610131
9763601,8915,8015,610132
9763617,10070,7995,610133
9763633,11125,7884,610134
9763649,12071,7913,610135
9763665,12946,7949,610136
9763681,13505,7930,610137
9763697,14002,8037,610138
9763713,14047,8001,610139
9763729,13952,8036,610140
9763745,13558,8067,610141
9763761,13036,7912,610142
9763777,12269,8030,610143
9763793,11379,7987,610144
9763809,10393,8048,610145
9763825,9145,7935,610146
9763841,7905,8042,610147
9763857,6695,8100,610148
9763873,5582,8080,610149
9763889,4532,7950,610150
9763905,3649,7984,610151
9763921,2867,7948,610152
9763937,2322,8025,610153
9763953,2078,8010,610154
9763969,1963,7970,610155
9763985,2145,7870,610156
9764001,2559,7901,610157
9764017,3295,8043,610158
9764033,4092,8058,610159
9764049,5042,7962,610160
9764065,6109,7973,610161
9764081,7320,8017,610162
9764097,8539,7911,610163
9764113,9812,8013,610164
9764129,10834,7902,610165
9764145,11891,7936,610166
9764161,12712,7991,610167
9764177,13390,8051,610168
9764193,13846,7975,610169
9764209,14063,7975,610170
9764225,14096,8114,610171
9764241,13745,8068,610172
9764257,13278,8044,610173
9764273,12610,7982,610174
9764289,11616,7934,610175
9764305,10640,8077,610176
9764321,9472,8064,610177
9764337,8303,7959,610178
9764353,7110,7996,610179
9764369,5918,8023,610180
9764385,4844,8056,610181
9764401,3878,8001,610182
9764417,3102,8069,610183
9764433,2530,7890,610184
9764449,2108,7896,610185
9764465,1985,7949,610186
9764481,2102,7966,610187
9764497,2402,8055,610188
9764513,3040,8033,610189
9764529,3773,8012,610190
9764545,4752,7989,610191
9764561,5883,7994,610192
9764577,6992,7979,610193
9764593,8164,8035,610194
9764609,9399,8005,610195
9764625,10455,7969,610196
9764641,11640,7918,610197
9764657,12455,7900,610198
9764673,13211,7977,610199
9764689,13701,7952,610200
9764705,13986,7951,610201
9764721,14063,8134,610202
9764737,13804,7944,610203
9764753,13388,7985,610204
9764769,12719,7928,610205
9764785,11906,7962,610206
9764801,10974,7976,610207
9764817,9759,7938,610208
9764833,8623,8125,610209
9764849,7397,7908,610210
9764865,6266,8073,610211
9764881,5177,8028,610212
9764897,4170,8007,610213
9764913,3219,7960,610214
9764929,2591,8010,610215
9764945,2187,8009,610216
9764961,2002,7949,610217
9764977,2018,8020,610218
9764993,2292,7984,610219
9765009,2873,7989,610220
9765025,3511,7977,610221
9765041,4454,7909,610222
9765057,5483,8036,610223
9765073,6600,8061,610224
9765089,7875,7970,610225
9765105,9080,7999,610226
9765121,10134,7973,610227
9765137,11259,7980,610228
9765153,12194,8037,610229
9765169,12975,7945,610230
9765185,13589,8037,610231
9765201,13888,7926,610232
9765217,14105,7964,610233
9765233,13976,8008,610234
9765249,13576,8020,610235
9765265,12926,8001,610236
9765281,12155,7992,610237
9765297,11241,7967,610238
9765313,10133,8003,610239
9765329,9068,8146,610240
9765345,7885,7938,610241
9765361,6558,8033,610242
9765377,5482,7971,610243
9765393,4402,7946,610244
9765409,3585,8008,610245
9765425,2856,7978,610246
9765441,2310,8024,610247
9765457,2024,8061,610248
9765473,2000,8033,610249
9765489,2191,8008,610250
9765505,2615,7940,610251
9765521,3245,8030,610252
9765537,4177,7910,610253
9765553,5195,7999,610254
9765569,6256,7912,610255
9765585,7373,7923,610256
9765601,8656,8057,610257
9765617,9881,7960,610258
9765633,10997,7937,610259
9765649,11955,7999,610260
9765665,12826,7991,610261
9765681,13477,8030,610262
9765697,13785,7963,610263
9765713,14077,8067,610264
9765729,14039,8027,610265
9765745,13686,8012,610266
9765761,13227,8075,610267
9765777,12471,7985,610268
9765793,11619,8109,610269
9765809,10455,7961,610270
9765825,9364,8008,610271
9765841,8175,8056,610272
9765857,6966,7961,610273
9765873,5837,8055,610274
9765889,4701,8053,610275
9765905,3776,8082,610276
9765921,3022,8081,610277
9765937,2436,7916,610278
9765953,2112,8112,610279
9765969,1986,8005,610280
9765985,2111,8029,610281
9766001,2483,7940,610282
9766017,3108,7914,610283
9766033,3903,8066,610284
9766049,4825,8025,610285
9766065,5991,8030,610286
9766081,7113,7935,610287
9766097,8287,7943,610288
9766113,9473,7985,610289
9766129,10581,7958,610290
9766145,11607,7996,610291
9766161,12593,8082,610292
9766177,13277,8062,610293
9766193,13790,7960,610294
9766209,14011,7962,610295
9766225,14048,8011,610296
9766241,13856,7994,610297
9766257,13309,7989,610298
9766273,12757,8022,610299
9766289,11852,7951,610300
9766305,10879,7932,610301
9766321,9826,8027,610302
9766337,8492,8048,610303
9766353,7308,8037,610304
9766369,6098,7965,610305
9766385,5095,8042,610306
9766401,4099,7989,610307
9766417,3229,7991,610308
9766433,2528,8014,610309
9766449,2191,8011,610310
9766465,1963,7884,610311
9766481,2050,8032,610312
9766497,2318,7935,610313
9766513,2910,8005,610314
9766529,3590,7916,610315
9766545,4497,7989,610316
9766561,5538,8009,610317
9766577,6737,7960,610318
9766593,7870,7997,610319
9766609,9184,7878,610320
9766625,10348,7999,610321
9766641,11337,7936,610322
9766657,12250,8000,610323
9766673,13080,7910,610324
9766689,13653,8123,610325
9766705,14026,8082,610326
9766721,14004,8017,610327
9766737,13911,7955,610328
9766753,13575,8024,610329
9766769,12912,8003,610330
9766785,12057,8053,610331
9766801,11147,8100,610332
9766817,10029,7931,610333
9766833,8923,8021,610334
9766849,7739,7987,610335
9766865,6560,8040,610336
9766881,5296,8011,610337
9766897,4317,7984,610338
9766913,3435,7981,610339
9766929,2777,8013,610340
9766945,2273,8003,610341
9766961,1986,7848,610342
9766977,1977,7920,610343
9766993,2269,7963,610344
9767009,2682,7979,610345
9767025,3343,8021,610346
9767041,4182,8063,610347
9767057,5325,8070,610348
9767073,6392,8032,610349
9767089,7603,8070,610350
9767105,8757,7966,610351
9767121,9848,7964,610352
9767137,11070,8019,610353
9767153,12134,7980,610354
9767169,12934,8036,610355
9767185,13465,7988,610356
