timestamp_us,ADC_IN,ADC_OUT,index
9811933,2263,2208,981045
9811943,2084,2040,981046
9811953,1984,1990,981047
9811963,1989,2058,981048
9811973,2160,2183,981049
9811983,2343,2395,981050
9811993,2640,2716,981051
9812003,3009,3112,981052
9812013,3461,3556,981053
9812023,3979,4067,981054
9812033,4541,4670,981055
9812043,5200,5331,981056
9812053,5866,6122,981057
9812063,6703,6844,981058
9812073,7421,7567,981059
9812083,8165,8327,981060
9812093,8893,9040,981061
9812103,9588,9763,981062
9812113,10338,10460,981063
9812123,11006,11143,981064
9812133,11625,11719,981065
9812143,12173,12416,981066
9812153,12770,12868,981067
9812163,13229,13310,981068
9812173,13536,13574,981069
9812183,13774,13850,981070
9812193,13952,13973,981071
9812203,14019,14046,981072
9812213,14052,14052,981073
9812223,13917,13877,981074
9812233,13764,13675,981075
9812243,13393,13347,981076
9812253,13075,12977,981077
9812263,12593,12497,981078
9812273,12053,11930,981079
9812283,11518,11408,981080
9812293,10854,10724,981081
9812303,10205,10071,981082
9812313,9447,9336,981083
9812323,8688,8431,981084
9812333,7891,7769,981085
9812343,7139,7007,981086
9812353,6412,6264,981087
9812363,5738,5575,981088
9812373,5065,4923,981089
9812383,4414,4302,981090
9812393,3848,3769,981091
9812403,3380,3270,981092
9812413,2883,2747,981093
9812423,2476,2411,981094
9812433,2268,2206,981095
9812443,2050,2051,981096
9812453,2005,1997,981097
9812463,1980,1993,981098
9812473,2128,2164,981099
9812483,2296,2323,981100
9812493,2556,2640,981101
9812503,2955,3125,981102
9812513,3436,3544,981103
9812523,4000,4097,981104
9812533,4538,4680,981105
9812543,5155,5312,981106
9812553,5882,5988,981107
9812563,6582,6716,981108
9812573,7287,7433,981109
9812583,8019,8230,981110
9812593,8841,9078,981111
9812603,9669,9769,981112
9812613,10310,10455,981113
9812623,10983,11110,981114
9812633,11645,11735,981115
9812643,12179,12262,981116
9812653,12649,12762,981117
9812663,13132,13250,981118
9812673,13485,13565,981119
9812683,13789,13854,981120
9812693,13992,14012,981121
9812703,14080,14040,981122
9812713,14097,14053,981123
9812723,13968,13923,981124
9812733,13736,13717,981125
9812743,13468,13418,981126
9812753,13108,13035,981127
9812763,12685,12551,981128
9812773,12114,11958,981129
9812783,11496,11369,981130
9812793,10886,10727,981131
9812803,10186,10052,981132
9812813,9471,9340,981133
9812823,8763,8612,981134
9812833,8031,7882,981135
9812843,7281,7113,981136
9812853,6578,6377,981137
9812863,5744,5551,981138
9812873,5050,4924,981139
9812883,4411,4326,981140
9812893,3854,3756,981141
9812903,3322,3262,981142
9812913,2937,2828,981143
9812923,2570,2504,981144
9812933,2254,2217,981145
9812943,2129,2080,981146
9812953,1990,1985,981147
9812963,1986,2007,981148
9812973,2098,2139,981149
9812983,2258,2333,981150
9812993,2586,2616,981151
9813003,2888,2980,981152
9813013,3365,3450,981153
9813023,3849,3972,981154
9813033,4458,4675,981155
9813043,5221,5310,981156
9813053,5828,5959,981157
9813063,6534,6696,981158
9813073,7306,7424,981159
9813083,8010,8167,981160
9813093,8778,8888,981161
9813103,9458,9626,981162
9813113,10214,10350,981163
9813123,10868,11092,981164
9813133,11579,11733,981165
9813143,12204,12297,981166
9813153,12687,12783,981167
9813163,13112,13178,981168
9813173,13501,13565,981169
9813183,13752,13803,981170
9813193,13926,13974,981171
9813203,14070,14082,981172
9813213,14058,14024,981173
9813223,13948,13911,981174
9813233,13770,13716,981175
9813243,13478,13396,981176
9813253,13153,13041,981177
9813263,12699,12608,981178
9813273,12191,12072,981179
9813283,11605,11493,981180
9813293,11008,10864,981181
9813303,10313,10087,981182
9813313,9497,9362,981183
9813323,8757,8609,981184
9813333,8012,7887,981185
9813343,7273,7128,981186
9813353,6548,6410,981187
9813363,5870,5718,981188
9813373,5205,5062,981189
9813383,4563,4453,981190
9813393,3950,3746,981191
9813403,3364,3254,981192
9813413,2896,2819,981193
9813423,2537,2490,981194
9813433,2295,2250,981195
9813443,2125,2098,981196
9813453,2017,2007,981197
9813463,2022,2010,981198
9813473,2111,2117,981199
9813483,2251,2335,981200
9813493,2590,2658,981201
9813503,2917,2999,981202
9813513,3367,3449,981203
9813523,3848,3964,981204
9813533,4430,4545,981205
9813543,5048,5195,981206
9813553,5717,5855,981207
9813563,6389,6544,981208
9813573,7168,7445,981209
9813583,8053,8189,981210
9813593,8767,8916,981211
9813603,9494,9617,981212
9813613,10185,10313,981213
9813623,10882,10985,981214
9813633,11518,11615,981215
9813643,12067,12197,981216
9813653,12571,12664,981217
9813663,13078,13198,981218
9813673,13458,13536,981219
9813683,13766,13823,981220
9813693,13967,13996,981221
9813703,14036,14054,981222
9813713,14069,14048,981223
9813723,13963,13941,981224
9813733,13794,13742,981225
9813743,13526,13498,981226
9813753,13191,13032,981227
9813763,12673,12584,981228
9813773,12167,12076,981229
9813783,11612,11534,981230
9813793,10993,10866,981231
9813803,10352,10227,981232
9813813,9621,9478,981233
9813823,8912,8777,981234
9813833,8157,8028,981235
9813843,7407,7116,981236
9813853,6542,6401,981237
9813863,5882,5721,981238
9813873,5146,5030,981239
9813883,4530,4441,981240
9813893,3996,3883,981241
9813903,3475,3343,981242
9813913,2968,2913,981243
9813923,2648,2585,981244
9813933,2347,2251,981245
9813943,2119,2053,981246
9813953,1982,1991,981247
9813963,2007,1979,981248
9813973,2123,2113,981249
9813983,2261,2300,981250
9813993,2477,2544,981251
9814003,2830,2915,981252
9814013,3242,3376,981253
9814023,3843,3992,981254
9814033,4426,4542,981255
9814043,5041,5191,981256
9814053,5759,5891,981257
9814063,6392,6546,981258
9814073,7147,7301,981259
9814083,7884,8019,981260
9814093,8635,8798,981261
9814103,9361,9518,981262
9814113,10091,10348,981263
9814123,10915,11015,981264
9814133,11543,11645,981265
9814143,12095,12190,981266
9814153,12598,12714,981267
9814163,13053,13119,981268
9814173,13432,13481,981269
9814183,13698,13729,981270
9814193,13905,13944,981271
9814203,14041,14093,981272
9814213,14062,14049,981273
9814223,13958,13929,981274
9814233,13787,13755,981275
9814243,13505,13453,981276
9814253,13217,13123,981277
9814263,12768,12681,981278
9814273,12279,12180,981279
9814283,11714,11571,981280
9814293,11060,10864,981281
9814303,10382,10219,981282
9814313,9631,9495,981283
9814323,8920,8778,981284
9814333,8184,8032,981285
9814343,7449,7305,981286
9814353,6702,6542,981287
9814363,5993,5864,981288
9814373,5325,5048,981289
9814383,4550,4414,981290
9814393,3965,3869,981291
9814403,3426,3347,981292
9814413,3017,2921,981293
9814423,2635,2546,981294
9814433,2327,2278,981295
9814443,2131,2102,981296
9814453,2043,1997,981297
9814463,1980,1993,981298
9814473,2051,2106,981299
9814483,2264,2269,981300
9814493,2518,2555,981301
9814503,2881,2927,981302
9814513,3298,3374,981303
9814523,3782,3880,981304
9814533,4287,4414,981305
9814543,4907,5052,981306
9814553,5611,5794,981307
9814563,6416,6574,981308
9814573,7163,7311,981309
9814583,7893,8014,981310
9814593,8599,8768,981311
9814603,9354,9484,981312
9814613,10012,10174,981313
9814623,10742,10866,981314
9814633,11378,11508,981315
9814643,11976,12125,981316
9814653,12608,12694,981317
9814663,13023,13122,981318
9814673,13372,13426,981319
9814683,13670,13739,981320
9814693,13874,13919,981321
9814703,14049,14053,981322
9814713,14111,14101,981323
9814723,13965,13949,981324
9814733,13848,13769,981325
9814743,13541,13481,981326
9814753,13230,13152,981327
9814763,12759,12651,981328
9814773,12261,12153,981329
9814783,11746,11628,981330
9814793,11114,10988,981331
9814803,10463,10334,981332
9814813,9782,9640,981333
9814823,9034,8805,981334
9814833,8176,8027,981335
9814843,7468,7281,981336
9814853,6684,6540,981337
9814863,5983,5872,981338
9814873,5331,5201,981339
9814883,4642,4533,981340
9814893,4061,3977,981341
9814903,3565,3427,981342
9814913,3103,2945,981343
9814923,2660,2610,981344
9814933,2335,2283,981345
9814943,2161,2105,981346
9814953,2035,2010,981347
9814963,1991,2005,981348
9814973,2044,2072,981349
9814983,2209,2261,981350
9814993,2458,2504,981351
9815003,2773,2923,981352
9815013,3311,3367,981353
9815023,3758,3869,981354
9815033,4327,4438,981355
9815043,4948,5057,981356
9815053,5577,5730,981357
9815063,6317,6427,981358
9815073,6962,7129,981359
9815083,7723,7890,981360
9815093,8461,8777,981361
9815103,9338,9463,981362
9815113,10080,10193,981363
9815123,10738,10869,981364
9815133,11379,11518,981365
9815143,11970,12055,981366
9815153,12451,12570,981367
9815163,12930,13009,981368
9815173,13310,13400,981369
9815183,13621,13732,981370
9815193,13939,13951,981371
9815203,14081,14067,981372
9815213,14065,14041,981373
9815223,14012,13982,981374
9815233,13858,13790,981375
9815243,13621,13576,981376
9815253,13268,13188,981377
9815263,12896,12766,981378
9815273,12350,12178,981379
9815283,11756,11643,981380
9815293,11102,10995,981381
9815303,10463,10328,981382
9815313,9795,9639,981383
9815323,9033,8896,981384
9815333,8341,8177,981385
9815343,7594,7446,981386
9815353,6840,6701,981387
9815363,6128,5851,981388
9815373,5343,5195,981389
9815383,4698,4553,981390
9815393,4079,3965,981391
9815403,3536,3462,981392
9815413,3099,2993,981393
9815423,2728,2637,981394
9815433,2408,2357,981395
9815443,2172,2146,981396
9815453,2044,2013,981397
9815463,2012,2009,981398
9815473,2071,2075,981399
9815483,2213,2256,981400
9815493,2437,2490,981401
9815503,2761,2842,981402
9815513,3148,3243,981403
9815523,3657,3761,981404
9815533,4224,4325,981405
9815543,4861,5076,981406
9815553,5582,5730,981407
9815563,6248,6397,981408
9815573,7006,7145,981409
9815583,7688,7867,981410
9815593,8446,8594,981411
9815603,9243,9354,981412
9815613,9928,10046,981413
9815623,10631,10780,981414
9815633,11322,11490,981415
9815643,11984,12084,981416
9815653,12470,12582,981417
9815663,12936,13016,981418
9815673,13348,13415,981419
9815683,13709,13750,981420
9815693,13865,13903,981421
9815703,14015,14035,981422
9815713,14081,14065,981423
9815723,13966,13938,981424
9815733,13870,13842,981425
9815743,13608,13566,981426
9815753,13263,13180,981427
9815763,12826,12748,981428
9815773,12422,12312,981429
9815783,11834,11755,981430
9815793,11256,11118,981431
9815803,10627,10485,981432
9815813,9850,9621,981433
9815823,9043,8908,981434
9815833,8320,8148,981435
9815843,7606,7454,981436
9815853,6821,6706,981437
9815863,6116,5980,981438
9815873,5457,5320,981439
9815883,4801,4671,981440
9815893,4195,4068,981441
9815903,3507,3433,981442
9815913,3063,2994,981443
9815923,2691,2622,981444
9815933,2390,2329,981445
9815943,2198,2152,981446
9815953,2025,2003,981447
9815963,1977,1983,981448
9815973,2084,2079,981449
9815983,2133,2180,981450
9815993,2404,2499,981451
9816003,2780,2842,981452
9816013,3185,3278,981453
9816023,3639,3735,981454
9816033,4212,4315,981455
9816043,4803,4920,981456
9816053,5460,5591,981457
9816063,6141,6290,981458
9816073,6888,7061,981459
9816083,7736,7896,981460
9816093,8471,8606,981461
9816103,9205,9336,981462
9816113,9930,10051,981463
9816123,10581,10713,981464
9816133,11212,11362,981465
9816143,11877,11966,981466
9816153,12355,12460,981467
9816163,12878,12995,981468
9816173,13292,13427,981469
9816183,13632,13682,981470
9816193,13871,13904,981471
9816203,14018,14003,981472
9816213,14026,14049,981473
9816223,14018,14007,981474
9816233,13864,13848,981475
9816243,13658,13624,981476
9816253,13341,13189,981477
9816263,12885,12745,981478
9816273,12360,12269,981479
9816283,11868,11755,981480
9816293,11250,11132,981481
9816303,10576,10442,981482
9816313,9916,9790,981483
9816323,9185,9032,981484
9816333,8453,8309,981485
9816343,7748,7469,981486
9816353,6861,6722,981487
9816363,6128,6003,981488
9816373,5429,5314,981489
9816383,4799,4666,981490
9816393,4213,4089,981491
9816403,3661,3555,981492
9816413,3175,3107,981493
9816423,2793,2723,981494
9816433,2420,2336,981495
9816443,2159,2120,981496
9816453,2004,1989,981497
9816463,1998,1988,981498
9816473,2044,2070,981499
9816483,2137,2186,981500
9816493,2397,2442,981501
9816503,2700,2772,981502
9816513,3120,3187,981503
9816523,3551,3740,981504
9816533,4248,4316,981505
9816543,4839,4931,981506
9816553,5425,5552,981507
9816563,6110,6275,981508
9816573,6866,7015,981509
9816583,7596,7732,981510
9816593,8348,8460,981511
9816603,9053,9207,981512
9816613,9771,10039,981513
9816623,10608,10733,981514
9816633,11214,11377,981515
9816643,11878,11965,981516
9816653,12388,12476,981517
9816663,12904,12985,981518
9816673,13226,13308,981519
9816683,13594,13650,981520
9816693,13856,13904,981521
9816703,13985,14076,981522
9816713,14054,14054,981523
9816723,14043,14020,981524
9816733,13817,13816,981525
9816743,13695,13638,981526
9816753,13395,13260,981527
9816763,12967,12906,981528
9816773,12493,12400,981529
9816783,11978,11850,981530
9816793,11338,11110,981531
9816803,10593,10463,981532
9816813,9917,9777,981533
9816823,9212,9054,981534
9816833,8469,8313,981535
9816843,7756,7600,981536
9816853,6992,6860,981537
9816863,6279,6128,981538
9816873,5582,5467,981539
9816883,4944,4698,981540
9816893,4178,4073,981541
9816903,3653,3529,981542
9816913,3193,3103,981543
9816923,2733,2696,981544
9816933,2429,2387,981545
9816943,2208,2200,981546
9816953,2070,2031,981547
9816963,2017,2012,981548
9816973,2021,2068,981549
9816983,2174,2222,981550
9816993,2389,2438,981551
9817003,2700,2765,981552
9817013,3066,3166,981553
9817023,3515,3656,981554
9817033,4073,4191,981555
9817043,4700,4786,981556
9817053,5323,5457,981557
9817063,5989,6264,981558
9817073,6873,6991,981559
9817083,7563,7730,981560
9817093,8299,8432,981561
9817103,9024,9185,981562
9817113,9783,9915,981563
9817123,10462,10615,981564
9817133,11114,11245,981565
9817143,11715,11860,981566
9817153,12366,12477,981567
9817163,12890,12968,981568
9817173,13248,13356,981569
9817183,13553,13628,981570
9817193,13845,13850,981571
9817203,14029,14018,981572
9817213,14088,14092,981573
9817223,14022,14028,981574
9817233,13909,13911,981575
9817243,13720,13607,981576
9817253,13354,13272,981577
9817263,12961,12849,981578
9817273,12462,12400,981579
9817283,11966,11857,981580
9817293,11392,11258,981581
9817303,10731,10593,981582
9817313,10064,9932,981583
9817323,9331,9193,981584
9817333,8532,8331,981585
9817343,7722,7564,981586
9817353,6997,6857,981587
9817363,6246,6118,981588
9817373,5581,5432,981589
9817383,4939,4801,981590
9817393,4325,4215,981591
9817403,3735,3644,981592
9817413,3254,3175,981593
9817423,2751,2684,981594
9817433,2450,2385,981595
9817443,2211,2173,981596
9817453,2055,2022,981597
9817463,1992,1992,981598
9817473,2038,2033,981599
9817483,2153,2164,981600
9817493,2318,2392,981601
9817503,2627,2710,981602
9817513,3173,3201,981603
9817523,3552,3667,981604
9817533,4088,4195,981605
9817543,4651,4774,981606
9817553,5314,5444,981607
9817563,5986,6124,981608
9817573,6684,6864,981609
9817583,7433,7591,981610
9817593,8167,8383,981611
9817603,9022,9201,981612
9817613,9772,9901,981613
9817623,10476,10598,981614
9817633,11135,11259,981615
9817643,11749,11873,981616
9817653,12351,12428,981617
9817663,12772,12837,981618
9817673,13191,13266,981619
9817683,13537,13614,981620
9817693,13816,13875,981621
9817703,14008,14009,981622
9817713,14051,14073,981623
9817723,14037,14016,981624
9817733,13935,13885,981625
9817743,13686,13640,981626
9817753,13371,13331,981627
9817763,13042,12943,981628
9817773,12625,12476,981629
9817783,12005,11870,981630
9817793,11387,11256,981631
9817803,10718,10578,981632
9817813,10053,9946,981633
9817823,9339,9183,981634
9817833,8602,8462,981635
9817843,7862,7747,981636
9817853,7130,6982,981637
9817863,6415,6102,981638
9817873,5583,5448,981639
9817883,4936,4808,981640
9817893,4300,4182,981641
9817903,3784,3674,981642
9817913,3263,3184,981643
9817923,2838,2751,981644
9817933,2508,2442,981645
9817943,2242,2208,981646
9817953,2073,1954,981647
9817963,1984,1964,981648
9817973,2019,2024,981649
9817983,2138,2159,981650
9817993,2352,2369,981651
9818003,2630,2704,981652
9818013,3012,3099,981653
9818023,3469,3563,981654
9818033,4002,4082,981655
9818043,4504,4753,981656
9818053,5325,5448,981657
9818063,5991,6145,981658
9818073,6721,6846,981659
9818083,7422,7577,981660
9818093,8158,8326,981661
9818103,8885,9019,981662
9818113,9627,9755,981663
9818123,10364,10458,981664
9818133,11022,11227,981665
9818143,11697,11866,981666
9818153,12285,12406,981667
9818163,12760,12853,981668
9818173,13183,13251,981669
9818183,13508,13617,981670
9818193,13805,13827,981671
9818203,13985,13995,981672
9818213,14075,14086,981673
9818223,14051,14003,981674
9818233,13959,13909,981675
9818243,13705,13670,981676
9818253,13435,13345,981677
9818263,13033,12981,981678
9818273,12549,12509,981679
9818283,12050,11984,981680
9818293,11504,11392,981681
9818303,10882,10731,981682
9818313,10196,9924,981683
9818323,9340,9186,981684
9818333,8618,8474,981685
9818343,7899,7742,981686
9818353,7155,6999,981687
9818363,6438,6306,981688
9818373,5724,5576,981689
9818383,5065,4928,981690
9818393,4441,4302,981691
9818403,3867,3633,981692
9818413,3224,3188,981693
9818423,2863,2793,981694
9818433,2499,2426,981695
9818443,2238,2198,981696
9818453,2074,2048,981697
9818463,1978,1962,981698
9818473,1985,1995,981699
9818483,2114,2131,981700
9818493,2334,2417,981701
9818503,2603,2701,981702
9818513,2996,3059,981703
9818523,3432,3541,981704
9818533,3966,4074,981705
9818543,4543,4673,981706
9818553,5178,5307,981707
9818563,5833,5988,981708
9818573,6526,6714,981709
9818583,7301,7588,981710
9818593,8203,8319,981711
9818603,8892,9042,981712
9818613,9623,9793,981713
9818623,10356,10466,981714
9818633,10987,11124,981715
9818643,11624,11719,981716
9818653,12202,12296,981717
9818663,12671,12759,981718
9818673,13140,13277,981719
9818683,13536,13630,981720
9818693,13780,13860,981721
9818703,13945,13981,981722
9818713,14032,14066,981723
9818723,14045,14030,981724
9818733,13952,13911,981725
9818743,13780,13734,981726
9818753,13465,13406,981727
9818763,13084,12970,981728
9818773,12632,12513,981729
9818783,12106,11977,981730
9818793,11474,11380,981731
9818803,10905,10746,981732
9818813,10186,10047,981733
9818823,9486,9349,981734
9818833,8756,8616,981735
9818843,8049,7881,981736
9818853,7137,6996,981737
9818863,6399,6278,981738
9818873,5712,5576,981739
9818883,5065,4915,981740
9818893,4434,4325,981741
9818903,3840,3753,981742
9818913,3403,3258,981743
9818923,2911,2833,981744
9818933,2558,2517,981745
9818943,2249,2249,981746
9818953,2071,2041,981747
9818963,1963,1998,981748
9818973,1998,2000,981749
9818983,2111,2154,981750
9818993,2271,2330,981751
9819003,2552,2640,981752
9819013,2908,2989,981753
9819023,3390,3458,981754
9819033,3933,4101,981755
9819043,4536,4672,981756
9819053,5192,5331,981757
9819063,5851,6012,981758
9819073,6557,6713,981759
9819083,7304,7453,981760
9819093,8053,8190,981761
9819103,8757,8913,981762
9819113,9489,9724,981763
9819123,10355,10500,981764
9819133,10980,11099,981765
9819143,11633,11695,981766
9819153,12176,12291,981767
9819163,12650,12760,981768
9819173,13103,13217,981769
9819183,13432,13505,981770
9819193,13720,13782,981771
9819203,13976,14009,981772
9819213,14048,14050,981773
9819223,14072,14064,981774
9819233,13949,13918,981775
9819243,13754,13682,981776
9819253,13477,13406,981777
9819263,13118,13038,981778
9819273,12716,12598,981779
9819283,12164,12082,981780
9819293,11598,11442,981781
9819303,10918,10730,981782
9819313,10184,10048,981783
9819323,9487,9366,981784
9819333,8786,8626,981785
9819343,8034,7894,981786
9819353,7281,7139,981787
9819363,6592,6414,981788
9819373,5858,5733,981789
9819383,5209,4978,981790
9819393,4418,4311,981791
9819403,3844,3735,981792
9819413,3352,3259,981793
9819423,2913,2830,981794
9819433,2555,2503,981795
9819443,2283,2262,981796
9819453,2130,2081,981797
9819463,1972,1987,981798
9819473,1986,1997,981799
9819483,2115,2133,981800
9819493,2276,2327,981801
9819503,2536,2630,981802
9819513,2909,3000,981803
9819523,3390,3465,981804
9819533,3866,3965,981805
9819543,4430,4535,981806
9819553,5039,5176,981807
9819563,5763,5987,981808
9819573,6567,6695,981809
9819583,7264,7415,981810
9819593,8041,8182,981811
9819603,8773,8905,981812
9819613,9495,9645,981813
9819623,10201,10354,981814
9819633,10838,11003,981815
9819643,11509,11617,981816
9819653,12081,12272,981817
9819663,12684,12793,981818
9819673,13111,13167,981819
9819683,13505,13555,981820
9819693,13734,13764,981821
9819703,13926,13990,981822
9819713,14022,14059,981823
9819723,14081,14056,981824
9819733,13965,13956,981825
9819743,13781,13710,981826
9819753,13510,13422,981827
9819763,13142,13058,981828
9819773,12718,12600,981829
9819783,12200,12109,981830
9819793,11584,11492,981831
9819803,10995,10910,981832
9819813,10337,10194,981833
9819823,9626,9500,981834
9819833,8894,8600,981835
9819843,8056,7885,981836
9819853,7300,7146,981837
9819863,6553,6407,981838
9819873,5863,5724,981839
9819883,5203,5051,981840
9819893,4544,4416,981841
9819903,3997,3876,981842
9819913,3431,3330,981843
9819923,3001,2852,981844
9819933,2563,2497,981845
9819943,2276,2259,981846
9819953,2155,2117,981847
9819963,1983,1991,981848
9819973,1993,2015,981849
9819983,2074,2106,981850
9819993,2252,2287,981851
9820003,2497,2587,981852
9820013,2824,3000,981853
9820023,3383,3446,981854
9820033,3852,3968,981855
9820043,4435,4538,981856
9820053,5068,5189,981857
9820063,5734,5874,981858
9820073,6416,6567,981859
9820083,7147,7280,981860
9820093,7900,8016,981861
9820103,8668,8896,981862
9820113,9505,9635,981863
9820123,10197,10350,981864
9820133,10860,11015,981865
9820143,11512,11614,981866
9820153,12054,12155,981867
9820163,12599,12676,981868
9820173,13017,13114,981869
9820183,13400,13479,981870
9820193,13717,13792,981871
9820203,13963,13968,981872
9820213,14044,14066,981873
9820223,14072,14065,981874
9820233,13989,13940,981875
9820243,13787,13746,981876
9820253,13599,13467,981877
9820263,13210,13113,981878
9820273,12737,12659,981879
9820283,12275,12081,981880
9820293,11616,11490,981881
9820303,11008,10869,981882
9820313,10347,10183,981883
9820323,9619,9494,981884
9820333,8877,8772,981885
9820343,8156,8035,981886
9820353,7449,7295,981887
9820363,6703,6556,981888
9820373,5884,5710,981889
9820383,5189,5059,981890
9820393,4529,4440,981891
9820403,3975,3854,981892
9820413,3435,3352,981893
9820423,2998,2902,981894
9820433,2667,2585,981895
9820443,2316,2296,981896
9820453,2136,2140,981897
9820463,1976,2010,981898
9820473,2011,2000,981899
9820483,2105,2116,981900
9820493,2254,2306,981901
9820503,2494,2570,981902
9820513,2830,2909,981903
9820523,3275,3371,981904
9820533,3727,3862,981905
9820543,4334,4440,981906
9820553,5002,5184,981907
9820563,5744,5854,981908
9820573,6434,6552,981909
9820583,7106,7278,981910
9820593,7874,8045,981911
9820603,8601,8767,981912
9820613,9335,9497,981913
9820623,10076,10205,981914
9820633,10728,10895,981915
9820643,11435,11639,981916
9820653,12071,12187,981917
9820663,12607,12679,981918
9820673,13044,13085,981919
9820683,13470,13497,981920
9820693,13688,13754,981921
9820703,13897,13955,981922
9820713,14021,14012,981923
9820723,14086,14081,981924
9820733,13984,13940,981925
9820743,13762,13747,981926
9820753,13520,13497,981927
9820763,13176,13097,981928
9820773,12799,12712,981929
9820783,12334,12202,981930
9820793,11721,11623,981931
9820803,11139,10984,981932
9820813,10438,10179,981933
9820823,9617,9480,981934
9820833,8923,8732,981935
9820843,8159,8010,981936
9820853,7451,7310,981937
9820863,6638,6537,981938
9820873,5988,5852,981939
9820883,5320,5187,981940
9820893,4724,4563,981941
9820903,4096,3939,981942
9820913,3466,3362,981943
9820923,3022,2914,981944
9820933,2634,2565,981945
9820943,2366,2298,981946
9820953,2125,2122,981947
9820963,2031,2024,981948
9820973,1995,2016,981949
9820983,2071,2090,981950
9820993,2224,2290,981951
9821003,2493,2560,981952
9821013,2819,2935,981953
9821023,3246,3359,981954
9821033,3759,3876,981955
9821043,4312,4421,981956
9821053,4941,5045,981957
9821063,5583,5729,981958
9821073,6265,6413,981959
9821083,7020,7283,981960
9821093,7871,8064,981961
9821103,8637,8762,981962
9821113,9361,9506,981963
9821123,10038,10204,981964
9821133,10729,10878,981965
9821143,11362,11465,981966
9821153,11983,12080,981967
9821163,12490,12597,981968
9821173,12951,13129,981969
9821183,13447,13455,981970
9821193,13708,13771,981971
9821203,13895,13938,981972
9821213,14040,14052,981973
9821223,14044,14096,981974
9821233,13996,13965,981975
9821243,13810,13781,981976
9821253,13571,13534,981977
9821263,13250,13134,981978
9821273,12775,12685,981979
9821283,12278,12187,981980
9821293,11776,11628,981981
9821303,11120,10980,981982
9821313,10432,10323,981983
9821323,9798,9668,981984
9821333,9044,8909,981985
9821343,8345,8180,981986
9821353,7563,7265,981987
9821363,6724,6560,981988
9821373,5985,5840,981989
9821383,5314,5183,981990
9821393,4668,4531,981991
9821403,4077,3970,981992
9821413,3538,3454,981993
9821423,3061,2991,981994
9821433,2704,2647,981995
9821443,2396,2282,981996
9821453,2126,2118,981997
9821463,1998,2031,981998
9821473,1988,1996,981999
9821483,2072,2076,982000
9821493,2188,2239,982001
9821503,2450,2530,982002
9821513,2743,2806,982003
9821523,3170,3245,982004
9821533,3643,3863,982005
9821543,4347,4406,982006
9821553,4914,5028,982007
9821563,5565,5731,982008
9821573,6297,6454,982009
9821583,6990,7152,982010
9821593,7711,7869,982011
9821603,8490,8632,982012
9821613,9212,9346,982013
9821623,9958,10201,982014
9821633,10712,10852,982015
9821643,11393,11512,982016
9821653,12000,12083,982017
9821663,12496,12594,982018
9821673,12970,13044,982019
9821683,13349,13405,982020
9821693,13674,13709,982021
9821703,13884,13957,982022
9821713,14003,14093,982023
9821723,14093,14057,982024
9821733,14039,13990,982025
9821743,13905,13795,982026
9821753,13601,13530,982027
9821763,13293,13207,982028
9821773,12847,12795,982029
9821783,12400,12278,982030
9821793,11848,11719,982031
9821803,11221,11019,982032
9821813,10431,10322,982033
9821823,9792,9620,982034
9821833,9024,8914,982035
9821843,8297,8172,982036
9821853,7584,7430,982037
9821863,6857,6720,982038
9821873,6144,5992,982039
9821883,5435,5282,982040
9821893,4793,4531,982041
9821903,4093,3996,982042
9821913,3550,3439,982043
9821923,3096,2998,982044
9821933,2698,2637,982045
9821943,2386,2317,982046
9821953,2160,2140,982047
9821963,2005,2030,982048
9821973,2004,2010,982049
9821983,2103,2079,982050
9821993,2220,2226,982051
9822003,2411,2476,982052
9822013,2764,2855,982053
9822023,3185,3256,982054
9822033,3648,3739,982055
9822043,4238,4318,982056
9822053,4775,4922,982057
9822063,5455,5664,982058
9822073,6283,6421,982059
9822083,7000,7133,982060
9822093,7726,7862,982061
9822103,8494,8620,982062
9822113,9182,9347,982063
9822123,9905,10059,982064
9822133,10607,10724,982065
9822143,11249,11356,982066
9822153,11846,11994,982067
9822163,12437,12595,982068
9822173,12943,13039,982069
9822183,13336,13406,982070
9822193,13675,13689,982071
9822203,13882,13899,982072
9822213,14060,14071,982073
9822223,14035,14055,982074
9822233,14048,13995,982075
9822243,13849,13798,982076
9822253,13614,13554,982077
9822263,13269,13183,982078
9822273,12863,12774,982079
9822283,12390,12265,982080
9822293,11887,11734,982081
9822303,11241,11135,982082
9822313,10618,10477,982083
9822323,9944,9785,982084
9822333,9213,8981,982085
9822343,8353,8156,982086
9822353,7576,7448,982087
9822363,6850,6720,982088
9822373,6138,6004,982089
9822383,5459,5304,982090
9822393,4805,4689,982091
9822403,4203,4079,982092
9822413,3670,3566,982093
9822423,3170,2927,982094
9822433,2746,2644,982095
9822443,2393,2328,982096
9822453,2183,2123,982097
9822463,2028,1993,982098
9822473,1969,1963,982099
9822483,2024,2043,982100
9822493,2191,2201,982101
9822503,2397,2449,982102
9822513,2711,2842,982103
9822523,3167,3262,982104
9822533,3648,3769,982105
9822543,4172,4301,982106
9822553,4803,4934,982107
9822563,5442,5552,982108
9822573,6173,6276,982109
9822583,6844,6992,982110
9822593,7575,7727,982111
9822603,8347,8589,982112
9822613,9187,9368,982113
9822623,9952,10071,982114
9822633,10579,10702,982115
9822643,11298,11375,982116
9822653,11849,11961,982117
9822663,12352,12461,982118
9822673,12850,12938,982119
9822683,13255,13315,982120
9822693,13597,13684,982121
9822703,13867,13890,982122
9822713,13990,13989,982123
9822723,14076,14057,982124
9822733,14051,14024,982125
9822743,13827,13818,982126
9822753,13669,13602,982127
9822763,13358,13235,982128
9822773,12938,12874,982129
9822783,12507,12249,982130
9822793,11871,11718,982131
9822803,11221,11098,982132
9822813,10579,10454,982133
9822823,9955,9792,982134
9822833,9215,9064,982135
9822843,8455,8319,982136
9822853,7759,7592,982137
9822863,6980,6848,982138
9822873,6245,5984,982139
9822883,5438,5309,982140
9822893,4787,4665,982141
9822903,4188,4090,982142
9822913,3669,3552,982143
9822923,3174,3100,982144
9822933,2786,2711,982145
9822943,2462,2413,982146
9822953,2191,2163,982147
9822963,2049,1991,982148
9822973,1997,1986,982149
9822983,2035,2028,982150
9822993,2174,2213,982151
9823003,2403,2457,982152
9823013,2722,2777,982153
9823023,3105,3193,982154
9823033,3558,3659,982155
9823043,4051,4215,982156
9823053,4656,4919,982157
9823063,5490,5589,982158
9823073,6128,6283,982159
9823083,6856,6996,982160
9823093,7580,7741,982161
9823103,8352,8484,982162
9823113,9082,9208,982163
9823123,9784,9903,982164
9823133,10489,10600,982165
9823143,11147,11399,982166
9823153,11861,11970,982167
9823163,12386,12505,982168
9823173,12900,12935,982169
9823183,13308,13352,982170
9823193,13620,13663,982171
9823203,13825,13880,982172
9823213,14004,14027,982173
9823223,14056,14076,982174
9823233,13994,13996,982175
9823243,13860,13864,982176
9823253,13645,13592,982177
9823263,13347,13263,982178
9823273,12970,12889,982179
9823283,12502,12396,982180
9823293,11976,11842,982181
9823303,11383,11252,982182
9823313,10702,10592,982183
9823323,10033,9763,982184
9823333,9180,9059,982185
9823343,8471,8321,982186
9823353,7709,7563,982187
9823363,6984,6841,982188
9823373,6257,6125,982189
9823383,5561,5423,982190
9823393,4929,4798,982191
9823403,4308,4176,982192
9823413,3755,3533,982193
9823423,3147,3079,982194
9823433,2811,2716,982195
9823443,2428,2390,982196
9823453,2192,2180,982197
9823463,2047,2018,982198
9823473,2011,2000,982199
9823483,1975,2009,982200
9823493,2129,2176,982201
9823503,2363,2447,982202
9823513,2707,2755,982203
9823523,3106,3196,982204
9823533,3550,3656,982205
9823543,4076,4196,982206
9823553,4685,4800,982207
9823563,5297,5435,982208
9823573,5993,6134,982209
9823583,6711,6873,982210
9823593,7554,7767,982211
9823603,8301,8463,982212
9823613,9013,9181,982213
9823623,9801,9937,982214
9823633,10498,10623,982215
9823643,11117,11241,982216
9823653,11740,11848,982217
9823663,12281,12361,982218
9823673,12788,12895,982219
9823683,13262,13372,982220
9823693,13607,13685,982221
9823703,13850,13868,982222
9823713,13982,14005,982223
9823723,14036,14052,982224
9823733,13990,13998,982225
9823743,13882,13897,982226
9823753,13670,13633,982227
9823763,13442,13347,982228
9823773,12956,12838,982229
9823783,12501,12418,982230
9823793,11996,11863,982231
9823803,11364,11254,982232
9823813,10708,10587,982233
9823823,10078,9939,982234
9823833,9350,9192,982235
9823843,8580,8433,982236
9823853,7914,7634,982237
9823863,7028,6847,982238
9823873,6309,6167,982239
9823883,5601,5463,982240
9823893,4955,4783,982241
9823903,4301,4180,982242
9823913,3775,3678,982243
9823923,3274,3192,982244
9823933,2815,2744,982245
9823943,2498,2411,982246
9823953,2200,2150,982247
9823963,2046,2006,982248
9823973,1957,1994,982249
9823983,2003,2010,982250
9823993,2107,2162,982251
9824003,2318,2377,982252
9824013,2650,2735,982253
9824023,2986,3067,982254
9824033,3454,3672,982255
9824043,4072,4212,982256
9824053,4668,4793,982257
9824063,5299,5444,982258
9824073,5967,6120,982259
9824083,6727,6847,982260
9824093,7453,7573,982261
9824103,8177,8334,982262
9824113,8945,9065,982263
9824123,9652,9866,982264
9824133,10439,10618,982265
9824143,11123,11252,982266
9824153,11743,11861,982267
9824163,12292,12390,982268
9824173,12789,12886,982269
9824183,13182,13275,982270
9824193,13504,13602,982271
9824203,13786,13818,982272
9824213,13970,13983,982273
9824223,14081,14089,982274
9824233,14002,14018,982275
9824243,13948,13905,982276
9824253,13708,13681,982277
9824263,13438,13350,982278
9824273,13017,12961,982279
9824283,12615,12507,982280
9824293,12069,11943,982281
9824303,11505,11213,982282
9824313,10731,10573,982283
9824323,10039,9914,982284
9824333,9361,9195,982285
9824343,8585,8457,982286
9824353,7873,7731,982287
9824363,7153,7000,982288
9824373,6378,6257,982289
9824383,5745,5596,982290
9824393,5039,4819,982291
9824403,4302,4194,982292
9824413,3761,3645,982293
9824423,3267,3183,982294
9824433,2805,2766,982295
9824443,2505,2448,982296
9824453,2263,2220,982297
9824463,2057,2030,982298
9824473,1996,1995,982299
9824483,1998,2018,982300
9824493,2138,2151,982301
9824503,2345,2401,982302
9824513,2620,2700,982303
9824523,3018,3107,982304
9824533,3438,3557,982305
9824543,3959,4064,982306
9824553,4551,4670,982307
9824563,5162,5292,982308
9824573,5858,6102,982309
9824583,6660,6833,982310
9824593,7409,7559,982311
9824603,8150,8299,982312
9824613,8887,9042,982313
9824623,9645,9766,982314
9824633,10328,10454,982315
9824643,11009,11130,982316
9824653,11604,11704,982317
9824663,12168,12401,982318
9824673,12800,12880,982319
9824683,13203,13259,982320
9824693,13554,13587,982321
9824703,13757,13794,982322
9824713,13975,14011,982323
9824723,14049,14049,982324
9824733,14066,14041,982325
9824743,13990,13937,982326
9824753,13700,13661,982327
9824763,13476,13389,982328
9824773,13030,12954,982329
9824783,12611,12503,982330
9824793,12081,11968,982331
9824803,11491,11377,982332
9824813,10886,10786,982333
9824823,10185,10035,982334
9824833,9473,9350,982335
9824843,8698,8457,982336
9824853,7849,7715,982337
9824863,7141,6986,982338
9824873,6392,6280,982339
9824883,5756,5596,982340
9824893,5051,4931,982341
9824903,4414,4308,982342
9824913,3850,3752,982343
9824923,3354,3276,982344
9824933,2948,2774,982345
9824943,2520,2453,982346
9824953,2264,2211,982347
9824963,2071,2035,982348
9824973,2016,1982,982349
9824983,1991,2003,982350
9824993,2107,2141,982351
9825003,2319,2372,982352
9825013,2595,2646,982353
9825023,2970,3114,982354
9825033,3466,3554,982355
9825043,3956,4066,982356
9825053,4510,4665,982357
9825063,5184,5304,982358
9825073,5890,5998,982359
9825083,6561,6709,982360
9825093,7280,7438,982361
9825103,8030,8240,982362
9825113,8856,9073,982363
9825123,9668,9784,982364
9825133,10337,10494,982365
9825143,10998,11119,982366
9825153,11600,11721,982367
9825163,12195,12314,982368
9825173,12714,12786,982369
9825183,13070,13171,982370
9825193,13474,13546,982371
9825203,13819,13868,982372
9825213,13992,13996,982373
9825223,14042,14098,982374
9825233,14066,14033,982375
9825243,13938,13922,982376
9825253,13725,13676,982377
9825263,13470,13414,982378
9825273,13132,13044,982379
9825283,12695,12598,982380
9825293,12108,11947,982381
9825303,11496,11377,982382
9825313,10904,10726,982383
9825323,10181,10053,982384
9825333,9494,9351,982385
9825343,8771,8616,982386
9825353,7993,7876,982387
9825363,7320,7146,982388
9825373,6557,6352,982389
9825383,5751,5573,982390
9825393,5064,4911,982391
9825403,4411,4296,982392
9825413,3857,3754,982393
9825423,3355,3285,982394
9825433,2899,2843,982395
9825443,2570,2515,982396
9825453,2251,2232,982397
9825463,2094,2043,982398
9825473,1956,1977,982399
9825483,2016,2043,982400
9825493,2096,2120,982401
9825503,2282,2337,982402
9825513,2550,2646,982403
9825523,2931,3004,982404
9825533,3353,3447,982405
9825543,3901,3989,982406
9825553,4428,4672,982407
9825563,5201,5324,982408
9825573,5851,6028,982409
9825583,6566,6708,982410
9825593,7300,7435,982411
9825603,8034,8176,982412
9825613,8744,8908,982413
9825623,9491,9621,982414
9825633,10187,10338,982415
9825643,10851,11055,982416
9825653,11623,11751,982417
9825663,12172,12281,982418
9825673,12705,12777,982419
9825683,13145,13236,982420
9825693,13444,13539,982421
9825703,13737,13794,982422
9825713,13959,13991,982423
9825723,14035,14040,982424
9825733,14063,14068,982425
9825743,13975,13917,982426
9825753,13729,13698,982427
9825763,13467,13396,982428
9825773,13135,13080,982429
9825783,12697,12582,982430
9825793,12195,12084,982431
9825803,11630,11496,982432
9825813,11025,10897,982433
9825823,10316,10057,982434
9825833,9495,9338,982435
9825843,8751,8600,982436
9825853,8006,7869,982437
9825863,7285,7126,982438
9825873,6534,6407,982439
9825883,5856,5714,982440
9825893,5191,5052,982441
9825903,4533,4427,982442
9825913,3946,3745,982443
9825923,3354,3262,982444
9825933,2938,2849,982445
9825943,2536,2488,982446
9825953,2298,2244,982447
9825963,2148,2109,982448
9825973,1990,2010,982449
9825983,1969,1979,982450
9825993,2079,2101,982451
9826003,2278,2345,982452
9826013,2568,2636,982453
9826023,2911,2988,982454
9826033,3362,3451,982455
9826043,3852,3969,982456
9826053,4408,4527,982457
9826063,5013,5163,982458
9826073,5720,5850,982459
9826083,6414,6552,982460
9826093,7125,7402,982461
9826103,8067,8197,982462
9826113,8788,8946,982463
9826123,9474,9612,982464
9826133,10187,10330,982465
9826143,10855,10995,982466
9826153,11483,11621,982467
9826163,12068,12151,982468
9826173,12578,12671,982469
9826183,13045,13170,982470
9826193,13465,13547,982471
9826203,13758,13780,982472
9826213,13975,14014,982473
9826223,14043,14049,982474
9826233,14055,14055,982475
9826243,14002,13966,982476
9826253,13761,13750,982477
9826263,13577,13493,982478
9826273,13196,13033,982479
9826283,12669,12594,982480
9826293,12173,12071,982481
9826303,11645,11513,982482
9826313,11035,10904,982483
9826323,10347,10195,982484
9826333,9612,9469,982485
9826343,8874,8742,982486
9826353,8179,8057,982487
9826363,7434,7146,982488
9826373,6550,6411,982489
9826383,5907,5744,982490
9826393,5151,5035,982491
9826403,4524,4421,982492
9826413,3948,3882,982493
9826423,3474,3350,982494
9826433,3005,2935,982495
9826443,2665,2605,982496
9826453,2314,2239,982497
9826463,2104,2085,982498
9826473,1998,1989,982499
9826483,1978,1979,982500
9826493,2085,2124,982501
9826503,2244,2287,982502
9826513,2495,2562,982503
9826523,2852,2925,982504
9826533,3269,3349,982505
9826543,3812,3981,982506
9826553,4435,4531,982507
9826563,5081,5198,982508
9826573,5719,5845,982509
9826583,6446,6566,982510
9826593,7129,7298,982511
9826603,7884,8010,982512
9826613,8615,8790,982513
9826623,9349,9486,982514
9826633,10129,10362,982515
9826643,10864,11000,982516
9826653,11501,11604,982517
9826663,12068,12155,982518
9826673,12651,12713,982519
9826683,13029,13122,982520
9826693,13418,13481,982521
9826703,13715,13746,982522
9826713,13907,13961,982523
9826723,14009,14029,982524
9826733,14114,14083,982525
9826743,13973,13924,982526
9826753,13776,13749,982527
9826763,13553,13513,982528
9826773,13199,13096,982529
9826783,12774,12687,982530
9826793,12289,12196,982531
9826803,11737,11604,982532
9826813,11053,10867,982533
9826823,10377,10221,982534
9826833,9652,9499,982535
9826843,8916,8761,982536
9826853,8151,8009,982537
9826863,7438,7293,982538
9826873,6751,6547,982539
9826883,5999,5876,982540
9826893,5294,5045,982541
9826903,4532,4404,982542
9826913,3984,3853,982543
9826923,3421,3354,982544
9826933,3018,2924,982545
9826943,2624,2544,982546
9826953,2365,2306,982547
9826963,2137,2100,982548
9826973,2051,1998,982549
9826983,1998,2011,982550
9826993,2078,2126,982551
9827003,2271,2307,982552
9827013,2495,2567,982553
9827023,2838,2913,982554
9827033,3246,3375,982555
9827043,3744,3845,982556
9827053,4297,4406,982557
9827063,4926,5035,982558
9827073,5573,5791,982559
9827083,6412,6567,982560
9827093,7154,7283,982561
9827103,7875,8033,982562
9827113,8616,8762,982563
9827123,9356,9498,982564
9827133,10036,10185,982565
9827143,10739,10866,982566
9827153,11377,11479,982567
9827163,11937,12126,982568
9827173,12577,12699,982569
9827183,13069,13113,982570
9827193,13424,13479,982571
9827203,13725,13761,982572
9827213,13902,13954,982573
9827223,14030,14015,982574
9827233,14098,14034,982575
9827243,13997,13975,982576
9827253,13803,13735,982577
9827263,13529,13448,982578
9827273,13203,13105,982579
9827283,12744,12693,982580
9827293,12291,12173,982581
9827303,11730,11614,982582
9827313,11103,11001,982583
9827323,10454,10342,982584
9827333,9784,9651,982585
9827343,9033,8812,982586
9827353,8150,8005,982587
9827363,7381,7262,982588
9827373,6726,6559,982589
9827383,6008,5868,982590
9827393,5350,5202,982591
9827403,4667,4542,982592
9827413,4049,3936,982593
9827423,3541,3456,982594
9827433,3077,2945,982595
9827443,2635,2548,982596
9827453,2346,2312,982597
9827463,2151,2123,982598
9827473,2009,1997,982599
9827483,1966,1967,982600
9827493,2083,2093,982601
9827503,2188,2283,982602
9827513,2453,2478,982603
9827523,2770,2906,982604
9827533,3280,3357,982605
9827543,3712,3858,982606
9827553,4318,4444,982607
9827563,4936,5059,982608
9827573,5584,5735,982609
9827583,6270,6415,982610
9827593,7004,7124,982611
9827603,7750,7881,982612
9827613,8427,8750,982613
9827623,9377,9486,982614
9827633,10016,10182,982615
9827643,10697,10872,982616
9827653,11409,11535,982617
9827663,11948,12067,982618
9827673,12472,12596,982619
9827683,12954,13022,982620
9827693,13317,13401,982621
9827703,13651,13747,982622
9827713,13932,13945,982623
9827723,14005,14009,982624
9827733,14063,14055,982625
9827743,14004,13981,982626
9827753,13856,13798,982627
9827763,13589,13533,982628
9827773,13267,13202,982629
9827783,12872,12737,982630
9827793,12357,12224,982631
9827803,11735,11600,982632
9827813,11147,10999,982633
9827823,10497,10342,982634
9827833,9769,9623,982635
9827843,9054,8896,982636
9827853,8281,8160,982637
9827863,7596,7426,982638
9827873,6812,6687,982639
9827883,6108,5843,982640
9827893,5333,5204,982641
9827903,4682,4548,982642
9827913,4114,3986,982643
9827923,3542,3466,982644
9827933,3075,2992,982645
9827943,2694,2626,982646
9827953,2397,2318,982647
9827963,2140,2130,982648
9827973,2034,1997,982649
9827983,1983,1989,982650
9827993,2090,2100,982651
9828003,2203,2244,982652
9828013,2468,2512,982653
9828023,2781,2859,982654
9828033,3153,3248,982655
9828043,3628,3744,982656
9828053,4191,4308,982657
9828063,4852,5053,982658
9828073,5545,5703,982659
9828083,6306,6431,982660
9828093,6975,7150,982661
9828103,7703,7872,982662
9828113,8462,8621,982663
9828123,9213,9364,982664
9828133,9922,10027,982665
9828143,10586,10751,982666
9828153,11380,11521,982667
9828163,11950,12068,982668
9828173,12489,12584,982669
9828183,12948,13019,982670
9828193,13347,13405,982671
9828203,13630,13682,982672
9828213,13898,13915,982673
9828223,14056,14022,982674
9828233,14097,14087,982675
9828243,13962,13947,982676
9828253,13866,13818,982677
9828263,13603,13553,982678
9828273,13270,13194,982679
9828283,12853,12769,982680
9828293,12398,12271,982681
9828303,11898,11732,982682
9828313,11238,11123,982683
9828323,10639,10471,982684
9828333,9845,9628,982685
9828343,9001,8886,982686
9828353,8378,8208,982687
9828363,7579,7427,982688
9828373,6821,6696,982689
9828383,6117,5987,982690
9828393,5460,5311,982691
9828403,4792,4654,982692
9828413,4191,4055,982693
9828423,3527,3412,982694
9828433,3065,2989,982695
9828443,2687,2624,982696
9828453,2401,2327,982697
9828463,2188,2155,982698
9828473,2017,2010,982699
9828483,1964,1982,982700
9828493,2045,2067,982701
9828503,2206,2230,982702
9828513,2419,2509,982703
9828523,2805,2869,982704
9828533,3179,3257,982705
9828543,3666,3752,982706
9828553,4208,4302,982707
9828563,4795,4932,982708
9828573,5404,5559,982709
9828583,6132,6281,982710
9828593,6842,7047,982711
9828603,7746,7891,982712
9828613,8484,8634,982713
9828623,9212,9324,982714
9828633,9932,10078,982715
9828643,10588,10701,982716
9828653,11211,11380,982717
9828663,11901,11987,982718
9828673,12427,12509,982719
9828683,12928,13011,982720
9828693,13312,13424,982721
9828703,13625,13685,982722
9828713,13925,13948,982723
9828723,14009,14019,982724
9828733,14041,14066,982725
9828743,14043,14014,982726
9828753,13879,13818,982727
9828763,13623,13577,982728
9828773,13291,13196,982729
9828783,12872,12759,982730
9828793,12383,12280,982731
9828803,11863,11746,982732
9828813,11264,11118,982733
9828823,10616,10469,982734
9828833,9923,9780,982735
9828843,9184,9037,982736
9828853,8461,8332,982737
9828863,7750,7458,982738
9828873,6839,6684,982739
9828883,6148,6008,982740
9828893,5426,5324,982741
9828903,4826,4704,982742
9828913,4220,4086,982743
9828923,3681,3561,982744
9828933,3172,3072,982745
9828943,2758,2730,982746
9828953,2431,2342,982747
9828963,2170,2140,982748
9828973,2024,1991,982749
9828983,1999,1996,982750
9828993,2040,2050,982751
9829003,2169,2204,982752
9829013,2417,2449,982753
9829023,2712,2771,982754
9829033,3104,3166,982755
9829043,3560,3742,982756
9829053,4244,4321,982757
9829063,4782,4905,982758
9829073,5471,5605,982759
9829083,6154,6291,982760
9829093,6878,7020,982761
9829103,7587,7729,982762
9829113,8321,8461,982763
9829123,9054,9200,982764
9829133,9807,10057,982765
9829143,10594,10728,982766
9829153,11237,11388,982767
9829163,11875,11969,982768
9829173,12418,12518,982769
9829183,12881,12961,982770
9829193,13255,13341,982771
9829203,13604,13674,982772
9829213,13857,13886,982773
9829223,13991,14030,982774
9829233,14057,14035,982775
9829243,14020,13977,982776
9829253,13909,13882,982777
9829263,13659,13602,982778
9829273,13365,13279,982779
9829283,12951,12861,982780
9829293,12510,12420,982781
9829303,11982,11876,982782
9829313,11358,11147,982783
9829323,10609,10458,982784
9829333,9920,9789,982785
9829343,9186,9034,982786
9829353,8464,8336,982787
9829363,7682,7570,982788
9829373,7007,6852,982789
9829383,6280,6112,982790
9829393,5588,5458,982791
9829403,4896,4655,982792
9829413,4180,4090,982793
9829423,3676,3548,982794
9829433,3167,3069,982795
9829443,2774,2707,982796
9829453,2430,2396,982797
9829463,2185,2159,982798
9829473,2099,2069,982799
9829483,2003,1982,982800
9829493,2021,2090,982801
9829503,2179,2202,982802
9829513,2396,2446,982803
9829523,2681,2777,982804
9829533,3058,3150,982805
9829543,3538,3656,982806
9829553,4086,4204,982807
9829563,4687,4808,982808
9829573,5322,5455,982809
9829583,6006,6264,982810
9829593,6861,6994,982811
9829603,7566,7736,982812
9829613,8318,8472,982813
9829623,9028,9182,982814
9829633,9807,9922,982815
9829643,10476,10609,982816
9829653,11148,11296,982817
9829663,11720,11860,982818
9829673,12360,12482,982819
9829683,12888,12955,982820
9829693,13310,13371,982821
9829703,13570,13646,982822
9829713,13819,13876,982823
9829723,13973,14008,982824
9829733,14015,14025,982825
9829743,14035,14016,982826
9829753,13906,13890,982827
9829763,13710,13592,982828
9829773,13368,13293,982829
9829783,12994,12901,982830
9829793,12486,12392,982831
9829803,11965,11864,982832
9829813,11425,11292,982833
9829823,10752,10620,982834
9829833,10090,9948,982835
9829843,9324,9157,982836
9829853,8529,8345,982837
9829863,7724,7579,982838
9829873,6998,6846,982839
9829883,6278,6125,982840
9829893,5560,5443,982841
9829903,4918,4811,982842
9829913,4318,4203,982843
9829923,3740,3652,982844
9829933,3264,3185,982845
9829943,2789,2693,982846
9829953,2424,2384,982847
9829963,2225,2178,982848
9829973,2076,2012,982849
9829983,1987,1968,982850
9829993,1966,2007,982851
9830003,2126,2159,982852
9830013,2337,2395,982853
9830023,2628,2716,982854
9830033,3139,3202,982855
9830043,3560,3662,982856
9830053,4120,4207,982857
9830063,4701,4800,982858
9830073,5310,5447,982859
9830083,5982,6122,982860
9830093,6663,6856,982861
9830103,7416,7565,982862
9830113,8167,8383,982863
9830123,9015,9213,982864
9830133,9765,9910,982865
9830143,10452,10590,982866
9830153,11136,11251,982867
9830163,11730,11882,982868
9830173,12266,12376,982869
9830183,12824,12890,982870
9830193,13203,13274,982871
9830203,13575,13635,982872
9830213,13819,13889,982873
9830223,14002,14018,982874
9830233,14043,14045,982875
9830243,14059,14024,982876
9830253,13908,13882,982877
9830263,13660,13609,982878
9830273,13458,13380,982879
9830283,13036,12964,982880
9830293,12596,12412,982881
9830303,12020,11879,982882
9830313,11370,11249,982883
9830323,10700,10583,982884
9830333,10047,9919,982885
9830343,9385,9199,982886
9830353,8587,8450,982887
9830363,7858,7729,982888
9830373,7150,7002,982889
9830383,6385,6070,982890
9830393,5547,5436,982891
9830403,4922,4815,982892
9830413,4334,4196,982893
9830423,3770,3648,982894
9830433,3261,3172,982895
9830443,2857,2790,982896
9830453,2515,2459,982897
9830463,2234,2192,982898
9830473,2093,1947,982899
9830483,1992,2000,982900
9830493,2019,2029,982901
9830503,2125,2176,982902
9830513,2335,2385,982903
9830523,2610,2692,982904
9830533,2982,3092,982905
9830543,3460,3556,982906
9830553,3962,4059,982907
9830563,4564,4772,982908
9830573,5348,5441,982909
9830583,5996,6137,982910
9830593,6712,6864,982911
9830603,7440,7589,982912
9830613,8142,8279,982913
9830623,8910,9057,982914
9830633,9613,9786,982915
9830643,10346,10453,982916
9830653,11010,11231,982917
9830663,11717,11845,982918
9830673,12284,12384,982919
9830683,12764,12866,982920
9830693,13195,13267,982921
9830703,13559,13615,982922
9830713,13747,13811,982923
9830723,13980,14035,982924
9830733,14050,14074,982925
9830743,14055,14035,982926
9830753,13908,13866,982927
9830763,13757,13669,982928
9830773,13385,13308,982929
9830783,12979,12956,982930
9830793,12602,12493,982931
9830803,12036,11977,982932
9830813,11486,11377,982933
9830823,10860,10723,982934
9830833,10206,9919,982935
9830843,9342,9200,982936
9830853,8590,8456,982937
9830863,7867,7711,982938
9830873,7122,6988,982939
9830883,6408,6289,982940
9830893,5718,5558,982941
9830903,5089,4944,982942
9830913,4427,4290,982943
9830923,3860,3672,982944
9830933,3252,3166,982945
9830943,2874,2798,982946
9830953,2503,2448,982947
9830963,2225,2206,982948
9830973,2099,2079,982949
9830983,1981,1990,982950
9830993,1976,1991,982951
9831003,2114,2141,982952
9831013,2305,2362,982953
9831023,2657,2697,982954
9831033,3032,3080,982955
9831043,3457,3550,982956
9831053,3942,4082,982957
9831063,4558,4676,982958
9831073,5190,5321,982959
9831083,5870,5988,982960
9831093,6587,6733,982961
9831103,7345,7597,982962
9831113,8185,8313,982963
9831123,8910,9048,982964
9831133,9618,9772,982965
9831143,10347,10464,982966
9831153,11016,11136,982967
9831163,11640,11747,982968
9831173,12199,12286,982969
9831183,12657,12760,982970
9831193,13120,13253,982971
9831203,13576,13618,982972
9831213,13764,13818,982973
9831223,13938,13967,982974
9831233,14050,14077,982975
9831243,14065,14039,982976
9831253,13936,13904,982977
9831263,13722,13682,982978
9831273,13472,13395,982979
9831283,13091,12965,982980
9831293,12572,12497,982981
9831303,12131,11971,982982
9831313,11490,11351,982983
9831323,10864,10748,982984
9831333,10166,10038,982985
9831343,9487,9356,982986
9831353,8768,8596,982987
9831363,8051,7864,982988
9831373,7144,6987,982989
9831383,6415,6286,982990
9831393,5680,5569,982991
9831403,5011,4920,982992
9831413,4434,4307,982993
9831423,3885,3767,982994
9831433,3358,3270,982995
9831443,2914,2837,982996
9831453,2592,2464,982997
9831463,2270,2231,982998
9831473,2072,2047,982999
9831483,1963,1969,983000
9831493,2015,1991,983001
9831503,2117,2149,983002
9831513,2290,2335,983003
9831523,2550,2635,983004
9831533,2913,2978,983005
9831543,3347,3468,983006
9831553,3946,4106,983007
9831563,4531,4668,983008
9831573,5183,5339,983009
9831583,5884,6004,983010
9831593,6518,6662,983011
9831603,7308,7436,983012
9831613,8048,8189,983013
9831623,8750,8918,983014
9831633,9457,9709,983015
9831643,10354,10478,983016
9831653,11016,11120,983017
9831663,11648,11752,983018
9831673,12212,12280,983019
9831683,12685,12783,983020
9831693,13122,13185,983021
9831703,13472,13506,983022
9831713,13783,13818,983023
9831723,13961,13989,983024
9831733,14050,14060,983025
9831743,14022,14038,983026
9831753,13952,13924,983027
9831763,13727,13671,983028
9831773,13468,13400,983029
9831783,13125,13030,983030
9831793,12685,12591,983031
9831803,12167,12067,983032
9831813,11588,11441,983033
9831823,10898,10726,983034
9831833,10172,10041,983035
9831843,9507,9385,983036
9831853,8794,8626,983037
9831863,8069,7885,983038
9831873,7245,7132,983039
9831883,6584,6417,983040
9831893,5835,5706,983041
9831903,5208,4969,983042
9831913,4425,4288,983043
9831923,3882,3788,983044
9831933,3344,3258,983045
9831943,2915,2841,983046
9831953,2568,2504,983047
9831963,2307,2253,983048
9831973,2105,2085,983049
9831983,2005,1978,983050
9831993,2002,2015,983051
9832003,2095,2141,983052
9832013,2296,2342,983053
9832023,2554,2640,983054
9832033,2945,3018,983055
9832043,3362,3447,983056
9832053,3819,3949,983057
9832063,4469,4555,983058
9832073,5037,5184,983059
9832083,5732,5992,983060
9832093,6563,6705,983061
9832103,7292,7424,983062
9832113,8034,8169,983063
9832123,8768,8892,983064
9832133,9467,9612,983065
9832143,10174,10344,983066
9832153,10895,11019,983067
9832163,11513,11600,983068
9832173,12081,12252,983069
9832183,12672,12785,983070
9832193,13098,13175,983071
9832203,13491,13546,983072
9832213,13768,13806,983073
9832223,13949,13979,983074
9832233,14030,14054,983075
9832243,14034,14040,983076
9832253,13945,13940,983077
9832263,13764,13698,983078
9832273,13467,13424,983079
9832283,13129,13078,983080
9832293,12716,12624,983081
9832303,12199,12072,983082
9832313,11605,11491,983083
9832323,10980,10870,983084
9832333,10355,10197,983085
9832343,9646,9485,983086
9832353,8935,8587,983087
9832363,8032,7887,983088
9832373,7295,7135,983089
9832383,6573,6433,983090
9832393,5862,5731,983091
9832403,5185,5045,983092
9832413,4549,4428,983093
9832423,4007,3895,983094
9832433,3443,3334,983095
9832443,3021,2859,983096
9832453,2546,2485,983097
9832463,2281,2230,983098
9832473,2089,2080,983099
9832483,2006,1988,983100
9832493,2006,2018,983101
9832503,2080,2123,983102
9832513,2276,2303,983103
9832523,2510,2571,983104
9832533,2876,3011,983105
9832543,3369,3468,983106
9832553,3856,3978,983107
9832563,4420,4548,983108
9832573,5033,5172,983109
9832583,5709,5839,983110
9832593,6404,6557,983111
9832603,7132,7281,983112
9832613,7872,8033,983113
9832623,8670,8944,983114
9832633,9514,9608,983115
9832643,10203,10352,983116
9832653,10832,10978,983117
9832663,11499,11622,983118
9832673,12059,12196,983119
9832683,12601,12684,983120
9832693,13034,13124,983121
9832703,13441,13484,983122
9832713,13717,13806,983123
9832723,13931,13975,983124
9832733,14038,14038,983125
9832743,14083,14066,983126
9832753,14024,13994,983127
9832763,13789,13750,983128
9832773,13573,13508,983129
9832783,13194,13128,983130
9832793,12789,12688,983131
9832803,12250,12074,983132
9832813,11619,11492,983133
9832823,10985,10867,983134
9832833,10362,10184,983135
9832843,9620,9485,983136
9832853,8931,8788,983137
9832863,8166,8042,983138
9832873,7423,7265,983139
9832883,6724,6547,983140
9832893,5889,5697,983141
9832903,5173,5065,983142
9832913,4558,4427,983143
9832923,3984,3870,983144
9832933,3448,3356,983145
9832943,3024,2908,983146
9832953,2644,2561,983147
9832963,2343,2289,983148
9832973,2150,2135,983149
9832983,1973,1993,983150
9832993,2002,2009,983151
9833003,2029,2092,983152
9833013,2239,2274,983153
9833023,2502,2560,983154
9833033,2866,2920,983155
9833043,3245,3328,983156
9833053,3726,3869,983157
9833063,4313,4451,983158
9833073,4982,5177,983159
9833083,5752,5864,983160
9833093,6409,6555,983161
9833103,7146,7271,983162
9833113,7851,8023,983163
9833123,8591,8747,983164
9833133,9340,9491,983165
9833143,10052,10184,983166
9833153,10709,10904,983167
9833163,11473,11605,983168
9833173,12091,12204,983169
9833183,12574,12665,983170
9833193,13066,13142,983171
9833203,13443,13504,983172
9833213,13675,13726,983173
9833223,13952,13990,983174
9833233,14021,14080,983175
9833243,14062,14041,983176
9833253,13972,13924,983177
9833263,13821,13757,983178
9833273,13546,13502,983179
9833283,13175,13140,983180
9833293,12767,12654,983181
9833303,12281,12205,983182
9833313,11729,11641,983183
9833323,11117,11005,983184
9833333,10464,10168,983185
9833343,9592,9478,983186
9833353,8909,8774,983187
9833363,8194,8026,983188
9833373,7428,7281,983189
9833383,6704,6552,983190
9833393,6003,5845,983191
9833403,5308,5198,983192
9833413,4685,4557,983193
9833423,4094,3944,983194
9833433,3460,3363,983195
9833443,3027,2945,983196
9833453,2644,2561,983197
9833463,2348,2286,983198
9833473,2131,2124,983199
9833483,2008,1991,983200
9833493,2003,2003,983201
9833503,2027,2081,983202
9833513,2207,2286,983203
9833523,2465,2544,983204
9833533,2853,2920,983205
9833543,3257,3358,983206
9833553,3774,3866,983207
9833563,4322,4420,983208
9833573,4885,5025,983209
9833583,5591,5733,983210
9833593,6279,6429,983211
9833603,6996,7299,983212
9833613,7852,8011,983213
9833623,8612,8776,983214
9833633,9366,9488,983215
9833643,10060,10180,983216
9833653,10739,10874,983217
9833663,11384,11523,983218
9833673,11966,12068,983219
9833683,12503,12608,983220
9833693,12940,13104,983221
9833703,13440,13475,983222
9833713,13689,13780,983223
9833723,13908,13931,983224
9833733,14013,14049,983225
9833743,14063,14065,983226
9833753,14013,13979,983227
9833763,13851,13778,983228
9833773,13625,13536,983229
9833783,13254,13121,983230
9833793,12731,12676,983231
9833803,12314,12182,983232
9833813,11747,11634,983233
9833823,11108,10988,983234
9833833,10463,10367,983235
9833843,9800,9629,983236
9833853,9054,8911,983237
9833863,8312,8192,983238
9833873,7613,7306,983239
9833883,6640,6561,983240
9833893,5986,5867,983241
9833903,5320,5171,983242
9833913,4689,4535,983243
9833923,4071,3982,983244
9833933,3544,3446,983245
9833943,3099,3005,983246
9833953,2693,2598,983247
9833963,2365,2286,983248
9833973,2138,2127,983249
9833983,1995,1977,983250
9833993,2005,1998,983251
9834003,2075,2080,983252
9834013,2198,2245,983253
9834023,2456,2523,983254
9834033,2765,2861,983255
9834043,3216,3271,983256
9834053,3669,3867,983257
9834063,4316,4432,983258
9834073,4927,5030,983259
9834083,5585,5753,983260
9834093,6243,6411,983261
9834103,7011,7150,983262
9834113,7720,7870,983263
9834123,8460,8615,983264
9834133,9212,9326,983265
9834143,9945,10207,983266
9834153,10737,10897,983267
9834163,11340,11470,983268
9834173,11943,12070,983269
9834183,12488,12557,983270
9834193,12991,13062,983271
9834203,13368,13418,983272
9834213,13636,13695,983273
9834223,13892,13916,983274
9834233,14000,14017,983275
9834243,14095,14066,983276
9834253,14013,13984,983277
9834263,13873,13786,983278
9834273,13610,13547,983279
9834283,13252,13182,983280
9834293,12887,12795,983281
9834303,12418,12271,983282
9834313,11893,11761,983283
9834323,11239,11013,983284
9834333,10437,10326,983285
9834343,9826,9645,983286
9834353,9025,8891,983287
9834363,8330,8176,983288
9834373,7576,7450,983289
9834383,6848,6708,983290
9834393,6150,5985,983291
9834403,5445,5315,983292
9834413,4741,4523,983293
9834423,4093,3991,983294
9834433,3569,3456,983295
9834443,3103,3012,983296
9834453,2668,2641,983297
9834463,2394,2318,983298
9834473,2163,2154,983299
9834483,2032,2020,983300
9834493,1983,1978,983301
9834503,2092,2049,983302
9834513,2221,2231,983303
9834523,2450,2515,983304
9834533,2776,2844,983305
9834543,3182,3263,983306
9834553,3664,3751,983307
9834563,4183,4304,983308
9834573,4786,4902,983309
9834583,5450,5633,983310
9834593,6256,6423,983311
9834603,6998,7142,983312
9834613,7734,7872,983313
9834623,8454,8603,983314
9834633,9222,9358,983315
9834643,9898,10037,983316
9834653,10592,10735,983317
9834663,11229,11375,983318
9834673,11862,12009,983319
9834683,12451,12600,983320
9834693,12925,13001,983321
9834703,13383,13448,983322
9834713,13665,13721,983323
9834723,13819,13895,983324
9834733,13993,14020,983325
9834743,14088,14096,983326
9834753,13992,13965,983327
9834763,13866,13852,983328
9834773,13562,13518,983329
9834783,13257,13196,983330
9834793,12878,12800,983331
9834803,12399,12258,983332
9834813,11846,11748,983333
9834823,11207,11129,983334
9834833,10608,10474,983335
9834843,9917,9797,983336
9834853,9186,8972,983337
9834863,8347,8197,983338
9834873,7579,7441,983339
9834883,6833,6700,983340
9834893,6110,5989,983341
9834903,5467,5311,983342
9834913,4809,4710,983343
9834923,4205,4077,983344
9834933,3632,3540,983345
9834943,3184,2933,983346
9834953,2699,2618,983347
9834963,2388,2341,983348
9834973,2200,2121,983349
9834983,2044,2030,983350
9834993,1964,1965,983351
9835003,2057,2080,983352
9835013,2144,2196,983353
9835023,2402,2444,983354
9835033,2700,2828,983355
9835043,3182,3263,983356
9835053,3646,3752,983357
9835063,4208,4317,983358
9835073,4800,4907,983359
9835083,5458,5583,983360
9835093,6146,6277,983361
9835103,6872,7005,983362
9835113,7554,7738,983363
9835123,8301,8579,983364
9835133,9171,9343,983365
9835143,9917,10071,983366
9835153,10611,10693,983367
9835163,11241,11387,983368
9835173,11863,11984,983369
9835183,12402,12490,983370
9835193,12890,12981,983371
9835203,13268,13339,983372
9835213,13625,13681,983373
9835223,13864,13900,983374
9835233,13992,14014,983375
9835243,14056,14064,983376
9835253,14041,14031,983377
9835263,13893,13818,983378
9835273,13668,13620,983379
9835283,13374,13297,983380
9835293,12907,12859,983381
9835303,12518,12267,983382
9835313,11868,11753,983383
9835323,11261,11102,983384
9835333,10596,10486,983385
9835343,9904,9769,983386
9835353,9185,9057,983387
9835363,8446,8303,983388
9835373,7729,7574,983389
9835383,6982,6842,983390
9835393,6295,5996,983391
9835403,5432,5316,983392
9835413,4791,4672,983393
9835423,4186,4088,983394
9835433,3654,3523,983395
9835443,3179,3111,983396
9835453,2756,2687,983397
9835463,2443,2399,983398
9835473,2178,2159,983399
9835483,2042,2010,983400
9835493,2007,1995,983401
9835503,2007,2045,983402
9835513,2192,2211,983403
9835523,2356,2427,983404
9835533,2685,2793,983405
9835543,3097,3181,983406
9835553,3538,3652,983407
9835563,4076,4203,983408
9835573,4674,4916,983409
9835583,5459,5576,983410
9835593,6143,6284,983411
9835603,6829,7005,983412
9835613,7583,7722,983413
9835623,8321,8460,983414
9835633,9074,9196,983415
9835643,9819,9927,983416
9835653,10472,10580,983417
9835663,11117,11356,983418
9835673,11871,11955,983419
9835683,12375,12454,983420
9835693,12885,12955,983421
9835703,13271,13317,983422
9835713,13605,13669,983423
9835723,13813,13880,983424
9835733,13986,13998,983425
9835743,14072,14059,983426
9835753,14062,14023,983427
9835763,13881,13843,983428
9835773,13619,13567,983429
9835783,13338,13280,983430
9835793,12938,12875,983431
9835803,12504,12400,983432
9835813,12012,11872,983433
9835823,11403,11220,983434
9835833,10773,10597,983435
9835843,10012,9772,983436
9835853,9179,9057,983437
9835863,8463,8323,983438
9835873,7740,7591,983439
9835883,7036,6855,983440
9835893,6277,6130,983441
9835903,5573,5464,983442
9835913,4924,4803,983443
9835923,4319,4179,983444
9835933,3741,3545,983445
9835943,3153,3095,983446
9835953,2759,2691,983447
9835963,2439,2397,983448
9835973,2216,2171,983449
9835983,2046,2031,983450
9835993,1985,1997,983451
9836003,2002,2029,983452
9836013,2110,2176,983453
9836023,2360,2435,983454
9836033,2707,2768,983455
9836043,3097,3180,983456
9836053,3545,3652,983457
9836063,4057,4201,983458
9836073,4673,4824,983459
9836083,5321,5443,983460
9836093,6018,6125,983461
9836103,6701,6871,983462
9836113,7533,7766,983463
9836123,8322,8451,983464
9836133,9042,9207,983465
9836143,9802,9927,983466
9836153,10429,10586,983467
9836163,11145,11286,983468
9836173,11741,11881,983469
9836183,12309,12366,983470
9836193,12777,12884,983471
9836203,13222,13334,983472
9836213,13634,13667,983473
9836223,13846,13909,983474
9836233,14010,14006,983475
9836243,14044,14040,983476
9836253,14007,14016,983477
9836263,13950,13898,983478
9836273,13736,13624,983479
9836283,13434,13349,983480
9836293,12953,12873,983481
9836303,12475,12382,983482
9836313,11939,11854,983483
9836323,11415,11285,983484
9836333,10723,10581,983485
9836343,10073,9933,983486
9836353,9341,9189,983487
9836363,8594,8452,983488
9836373,7884,7604,983489
9836383,7005,6840,983490
9836393,6277,6139,983491
9836403,5549,5447,983492
9836413,4888,4787,983493
9836423,4334,4199,983494
9836433,3721,3657,983495
9836443,3245,3173,983496
9836453,2869,2766,983497
9836463,2509,2426,983498
9836473,2198,2154,983499
9836483,2075,2022,983500
9836493,1967,1981,983501
9836503,2003,2014,983502
9836513,2135,2149,983503
9836523,2347,2391,983504
9836533,2629,2685,983505
9836543,3007,3102,983506
9836553,3456,3670,983507
9836563,4059,4209,983508
9836573,4649,4804,983509
9836583,5328,5456,983510
9836593,5997,6105,983511
9836603,6693,6840,983512
9836613,7457,7591,983513
9836623,8174,8321,983514
9836633,8897,9035,983515
9836643,9621,9856,983516
9836653,10457,10602,983517
9836663,11133,11256,983518
9836673,11759,11867,983519
9836683,12281,12401,983520
9836693,12756,12885,983521
9836703,13180,13284,983522
9836713,13507,13583,983523
9836723,13815,13868,983524
9836733,13963,13992,983525
9836743,14059,14054,983526
9836753,14058,14019,983527
9836763,13960,13888,983528
9836773,13702,13670,983529
9836783,13449,13379,983530
9836793,12996,12942,983531
9836803,12565,12492,983532
9836813,12064,12000,983533
9836823,11474,11216,983534
9836833,10714,10599,983535
9836843,10047,9919,983536
9836853,9324,9213,983537
9836863,8638,8502,983538
9836873,7901,7731,983539
9836883,7135,6994,983540
9836893,6408,6254,983541
9836903,5738,5584,983542
9836913,5053,4808,983543
9836923,4295,4205,983544
9836933,3775,3657,983545
9836943,3270,3188,983546
9836953,2850,2796,983547
9836963,2497,2453,983548
9836973,2284,2222,983549
9836983,2100,2038,983550
9836993,1971,1993,983551
9837003,1994,2019,983552
9837013,2141,2175,983553
9837023,2326,2392,983554
9837033,2655,2708,983555
9837043,3012,3064,983556
9837053,3464,3529,983557
9837063,3960,4078,983558
9837073,4547,4692,983559
9837083,5188,5306,983560
9837093,5863,6125,983561
9837103,6699,6851,983562
9837113,7459,7590,983563
9837123,8149,8320,983564
9837133,8924,9069,983565
9837143,9622,9767,983566
9837153,10364,10492,983567
9837163,11002,11134,983568
9837173,11598,11692,983569
9837183,12187,12401,983570
9837193,12752,12887,983571
9837203,13215,13235,983572
9837213,13540,13607,983573
9837223,13823,13868,983574
9837233,13953,13974,983575
9837243,14069,14061,983576
9837253,14030,14023,983577
9837263,13945,13908,983578
9837273,13742,13625,983579
9837283,13404,13346,983580
9837293,13072,12952,983581
9837303,12615,12496,983582
9837313,12099,11992,983583
9837323,11506,11398,983584
9837333,10855,10726,983585
9837343,10200,10078,983586
9837353,9470,9375,983587
9837363,8690,8461,983588
9837373,7865,7764,983589
9837383,7150,7008,983590
9837393,6415,6280,983591
9837403,5707,5588,983592
9837413,5040,4902,983593
9837423,4410,4294,983594
9837433,3846,3770,983595
9837443,3367,3275,983596
9837453,2912,2769,983597
9837463,2477,2425,983598
9837473,2261,2181,983599
9837483,2077,2047,983600
9837493,1984,1988,983601
9837503,2044,2014,983602
9837513,2117,2118,983603
9837523,2279,2344,983604
9837533,2570,2671,983605
9837543,2950,3097,983606
9837553,3458,3545,983607
9837563,3957,4083,983608
9837573,4518,4689,983609
9837583,5173,5292,983610
9837593,5857,6003,983611
9837603,6555,6690,983612
9837613,7305,7462,983613
9837623,8037,8226,983614
9837633,8870,9054,983615
9837643,9602,9776,983616
9837653,10345,10478,983617
9837663,11001,11128,983618
9837673,11627,11731,983619
9837683,12172,12296,983620
9837693,12707,12763,983621
9837703,13123,13187,983622
9837713,13513,13583,983623
9837723,13754,13822,983624
9837733,13948,13989,983625
9837743,14093,14083,983626
9837753,14017,14027,983627
9837763,13952,13896,983628
9837773,13756,13706,983629
9837783,13500,13414,983630
9837793,13079,13033,983631
9837803,12701,12550,983632
9837813,12089,11945,983633
9837823,11518,11390,983634
9837833,10902,10746,983635
9837843,10192,10053,983636
9837853,9476,9342,983637
9837863,8762,8596,983638
9837873,8045,7896,983639
9837883,7266,7130,983640
9837893,6562,6361,983641
9837903,5752,5574,983642
9837913,5016,4918,983643
9837923,4458,4325,983644
9837933,3866,3762,983645
9837943,3337,3254,983646
9837953,2903,2821,983647
9837963,2544,2488,983648
9837973,2290,2254,983649
9837983,2120,2082,983650
9837993,2004,2002,983651
9838003,1991,2004,983652
9838013,2113,2151,983653
9838023,2260,2333,983654
9838033,2570,2631,983655
9838043,2935,3029,983656
9838053,3356,3446,983657
9838063,3849,3958,983658
9838073,4412,4679,983659
9838083,5179,5325,983660
9838093,5887,6008,983661
9838103,6547,6708,983662
9838113,7272,7446,983663
9838123,8043,8166,983664
9838133,8766,8915,983665
9838143,9445,9598,983666
9838153,10171,10327,983667
9838163,10855,11075,983668
9838173,11615,11737,983669
9838183,12201,12292,983670
9838193,12702,12822,983671
9838203,13105,13191,983672
9838213,13485,13547,983673
9838223,13756,13794,983674
9838233,13954,13977,983675
9838243,14048,14054,983676
9838253,14009,14034,983677
9838263,13959,13937,983678
9838273,13793,13711,983679
9838283,13483,13407,983680
9838293,13140,13071,983681
9838303,12679,12599,983682
9838313,12177,12059,983683
9838323,11621,11514,983684
9838333,10962,10842,983685
9838343,10362,10088,983686
9838353,9487,9335,983687
9838363,8804,8623,983688
9838373,8055,7862,983689
9838383,7296,7132,983690
9838393,6514,6410,983691
9838403,5851,5712,983692
9838413,5183,5049,983693
9838423,4569,4417,983694
9838433,3981,3763,983695
9838443,3350,3274,983696
9838453,2915,2850,983697
9838463,2598,2503,983698
9838473,2289,2248,983699
9838483,2084,2086,983700
9838493,2020,2001,983701
9838503,1995,2003,983702
9838513,2084,2103,983703
9838523,2212,2316,983704
9838533,2604,2661,983705
9838543,2944,3005,983706
9838553,3387,3460,983707
9838563,3887,3956,983708
9838573,4426,4560,983709
9838583,5032,5229,983710
9838593,5708,5862,983711
9838603,6424,6558,983712
9838613,7146,7410,983713
9838623,8029,8175,983714
9838633,8741,8900,983715
9838643,9483,9654,983716
9838653,10152,10316,983717
9838663,10864,10988,983718
9838673,11486,11600,983719
9838683,12037,12165,983720
9838693,12589,12691,983721
9838703,13072,13206,983722
9838713,13477,13532,983723
9838723,13755,13788,983724
9838733,13983,14014,983725
9838743,14056,14070,983726
9838753,14015,14029,983727
9838763,13982,13952,983728
9838773,13860,13736,983729
9838783,13510,13471,983730
9838793,13171,13028,983731
9838803,12675,12600,983732
9838813,12172,12068,983733
9838823,11639,11493,983734
9838833,11028,10899,983735
9838843,10327,10208,983736
9838853,9613,9470,983737
9838863,8921,8779,983738
9838873,8176,8026,983739
9838883,7402,7133,983740
9838893,6564,6436,983741
9838903,5839,5727,983742
9838913,5169,5053,983743
9838923,4545,4419,983744
9838933,3948,3837,983745
9838943,3463,3354,983746
9838953,3000,2920,983747
9838963,2621,2548,983748
9838973,2330,2245,983749
9838983,2145,2089,983750
9838993,1979,1977,983751
9839003,2009,2004,983752
9839013,2102,2116,983753
9839023,2255,2280,983754
9839033,2515,2565,983755
9839043,2830,2903,983756
9839053,3262,3344,983757
9839063,3767,3973,983758
9839073,4436,4541,983759
9839083,5013,5192,983760
9839093,5719,5835,983761
9839103,6441,6569,983762
9839113,7121,7286,983763
9839123,7840,7999,983764
9839133,8651,8775,983765
9839143,9360,9502,983766
9839153,10103,10338,983767
9839163,10864,11010,983768
9839173,11483,11602,983769
9839183,12114,12200,983770
9839193,12547,12653,983771
9839203,13047,13122,983772
9839213,13392,13450,983773
9839223,13713,13761,983774
9839233,13927,13922,983775
9839243,14019,14068,983776
9839253,14039,14019,983777
9839263,13952,13937,983778
9839273,13768,13757,983779
9839283,13521,13443,983780
9839293,13181,13113,983781
9839303,12790,12696,983782
9839313,12309,12186,983783
9839323,11736,11566,983784
9839333,11053,10861,983785
9839343,10348,10203,983786
9839353,9630,9502,983787
9839363,8941,8791,983788
9839373,8180,8040,983789
9839383,7403,7284,983790
9839393,6700,6557,983791
9839403,6006,5845,983792
9839413,5294,5050,983793
9839423,4495,4387,983794
9839433,3956,3864,983795
9839443,3429,3353,983796
9839453,2989,2911,983797
9839463,2618,2587,983798
9839473,2360,2288,983799
9839483,2137,2105,983800
9839493,1992,1966,983801
9839503,1963,1992,983802
9839513,2056,2100,983803
9839523,2234,2279,983804
9839533,2511,2550,983805
9839543,2846,2924,983806
9839553,3252,3365,983807
9839563,3801,3880,983808
9839573,4310,4440,983809
9839583,4911,5002,983810
9839593,5572,5772,983811
9839603,6386,6573,983812
9839613,7124,7283,983813
9839623,7916,8048,983814
9839633,8594,8766,983815
9839643,9325,9466,983816
9839653,10048,10178,983817
9839663,10738,10890,983818
9839673,11354,11475,983819
9839683,11946,12127,983820
9839693,12552,12663,983821
9839703,13032,13095,983822
9839713,13452,13502,983823
9839723,13674,13762,983824
9839733,13941,13938,983825
9839743,14055,14036,983826
9839753,14070,14058,983827
9839763,13985,13962,983828
9839773,13873,13794,983829
9839783,13506,13460,983830
9839793,13184,13096,983831
9839803,12787,12682,983832
9839813,12285,12166,983833
9839823,11760,11638,983834
9839833,11146,11000,983835
9839843,10447,10336,983836
9839853,9753,9613,983837
9839863,9044,8808,983838
9839873,8141,8026,983839
9839883,7472,7288,983840
9839893,6699,6548,983841
9839903,6006,5863,983842
9839913,5293,5195,983843
9839923,4649,4534,983844
9839933,4088,3980,983845
9839943,3543,3447,983846
9839953,3092,2941,983847
9839963,2636,2588,983848
9839973,2353,2304,983849
9839983,2120,2098,983850
9839993,1986,1990,983851
9840003,1952,1980,983852
9840013,2080,2088,983853
9840023,2184,2243,983854
9840033,2427,2478,983855
9840043,2789,2915,983856
9840053,3274,3362,983857
9840063,3754,3866,983858
9840073,4286,4416,983859
9840083,4935,5062,983860
9840093,5574,5726,983861
9840103,6297,6432,983862
9840113,7001,7124,983863
9840123,7712,7869,983864
9840133,8464,8777,983865
9840143,9357,9473,983866
9840153,10028,10178,983867
9840163,10739,10876,983868
9840173,11370,11517,983869
9840183,11971,12051,983870
9840193,12512,12624,983871
9840203,12981,13027,983872
9840213,13375,13425,983873
9840223,13694,13761,983874
9840233,13966,13948,983875
9840243,13987,14034,983876
9840253,14062,14046,983877
9840263,13993,13969,983878
9840273,13850,13764,983879
9840283,13589,13542,983880
9840293,13251,13202,983881
9840303,12841,12737,983882
9840313,12394,12208,983883
9840323,11710,11617,983884
9840333,11130,10987,983885
9840343,10467,10337,983886
9840353,9790,9652,983887
9840363,9073,8910,983888
9840373,8338,8185,983889
9840383,7557,7436,983890
9840393,6865,6701,983891
9840403,6109,5850,983892
9840413,5310,5191,983893
9840423,4662,4540,983894
9840433,4066,3972,983895
9840443,3525,3458,983896
9840453,3061,2998,983897
9840463,2726,2646,983898
9840473,2424,2356,983899
9840483,2178,2153,983900
9840493,2038,2011,983901
9840503,1968,1995,983902
9840513,2038,2057,983903
9840523,2249,2248,983904
9840533,2424,2517,983905
9840543,2771,2837,983906
9840553,3142,3250,983907
9840563,3656,3753,983908
9840573,4189,4313,983909
9840583,4839,5049,983910
9840593,5576,5739,983911
9840603,6295,6428,983912
9840613,6995,7155,983913
9840623,7775,7888,983914
9840633,8485,8610,983915
9840643,9205,9358,983916
9840653,9886,10039,983917
9840663,10602,10747,983918
9840673,11343,11483,983919
9840683,11968,12071,983920
9840693,12477,12568,983921
9840703,12990,13025,983922
9840713,13316,13379,983923
9840723,13640,13701,983924
9840733,13892,13936,983925
9840743,14002,14005,983926
9840753,14034,14039,983927
9840763,14029,13959,983928
9840773,13868,13798,983929
9840783,13603,13535,983930
9840793,13247,13198,983931
9840803,12859,12766,983932
9840813,12364,12246,983933
9840823,11855,11725,983934
9840833,11236,11121,983935
9840843,10616,10454,983936
9840853,9855,9634,983937
9840863,9052,8899,983938
9840873,8307,8171,983939
9840883,7599,7453,983940
9840893,6851,6708,983941
9840903,6135,6015,983942
9840913,5429,5313,983943
9840923,4787,4680,983944
9840933,4196,4081,983945
9840943,3513,3441,983946
9840953,3046,2974,983947
9840963,2701,2633,983948
9840973,2404,2362,983949
9840983,2178,2126,983950
9840993,2042,2014,983951
9841003,1979,1961,983952
9841013,2018,2049,983953
9841023,2182,2218,983954
9841033,2443,2526,983955
9841043,2796,2866,983956
9841053,3198,3267,983957
9841063,3638,3766,983958
9841073,4203,4327,983959
9841083,4819,4929,983960
9841093,5447,5580,983961
9841103,6141,6269,983962
9841113,6864,7086,983963
9841123,7730,7890,983964
9841133,8482,8615,983965
9841143,9169,9350,983966
9841153,9923,10073,983967
9841163,10599,10706,983968
9841173,11248,11381,983969
9841183,11829,11961,983970
9841193,12401,12500,983971
9841203,12861,12990,983972
9841213,13342,13432,983973
9841223,13652,13710,983974
9841233,13913,13946,983975
9841243,14018,14067,983976
9841253,14093,14078,983977
9841263,14047,13976,983978
9841273,13914,13864,983979
9841283,13667,13625,983980
9841293,13336,13226,983981
9841303,12890,12761,983982
9841313,12399,12285,983983
9841323,11863,11747,983984
9841333,11220,11106,983985
9841343,10593,10486,983986
9841353,9924,9763,983987
9841363,9248,9073,983988
9841373,8464,8322,983989
9841383,7732,7446,983990
9841393,6840,6699,983991
9841403,6144,6013,983992
9841413,5431,5330,983993
9841423,4798,4661,983994
9841433,4181,4080,983995
9841443,3656,3534,983996
9841453,3164,3080,983997
9841463,2774,2720,983998
9841473,2449,2371,983999
9841483,2165,2133,984000
9841493,2002,2019,984001
9841503,1965,1968,984002
9841513,2005,2043,984003
9841523,2191,2208,984004
9841533,2395,2436,984005
9841543,2733,2760,984006
9841553,3077,3194,984007
9841563,3543,3722,984008
9841573,4275,4334,984009
9841583,4786,4906,984010
9841593,5461,5577,984011
9841603,6150,6284,984012
9841613,6848,6984,984013
9841623,7575,7742,984014
9841633,8289,8455,984015
9841643,9046,9189,984016
9841653,9782,10037,984017
9841663,10581,10720,984018
9841673,11229,11385,984019
9841683,11851,11952,984020
9841693,12382,12509,984021
9841703,12859,12942,984022
9841713,13267,13344,984023
9841723,13642,13667,984024
9841733,13873,13893,984025
9841743,13976,14035,984026
9841753,14082,14072,984027
9841763,14013,13990,984028
9841773,13928,13873,984029
9841783,13667,13584,984030
9841793,13337,13280,984031
9841803,12992,12896,984032
9841813,12514,12401,984033
9841823,11918,11840,984034
9841833,11316,11096,984035
9841843,10593,10471,984036
9841853,9912,9774,984037
9841863,9193,9046,984038
9841873,8475,8326,984039
9841883,7746,7567,984040
9841893,7006,6867,984041
9841903,6269,6117,984042
9841913,5553,5421,984043
9841923,4910,4674,984044
9841933,4175,4061,984045
9841943,3625,3524,984046
9841953,3187,3122,984047
9841963,2783,2719,984048
9841973,2468,2396,984049
9841983,2199,2173,984050
9841993,2079,2028,984051
9842003,1979,2013,984052
9842013,2036,2075,984053
9842023,2181,2201,984054
9842033,2382,2436,984055
9842043,2713,2800,984056
9842053,3132,3186,984057
9842063,3562,3661,984058
9842073,4046,4184,984059
9842083,4648,4796,984060
9842093,5332,5457,984061
9842103,5988,6268,984062
9842113,6899,6991,984063
9842123,7580,7727,984064
9842133,8294,8439,984065
9842143,9070,9200,984066
9842153,9811,9934,984067
9842163,10438,10593,984068
9842173,11102,11244,984069
9842183,11736,11868,984070
9842193,12343,12488,984071
9842203,12887,12963,984072
9842213,13266,13393,984073
9842223,13623,13649,984074
9842233,13880,13902,984075
9842243,13992,14034,984076
9842253,14102,14060,984077
9842263,14048,14040,984078
9842273,13908,13858,984079
9842283,13675,13569,984080
9842293,13291,13259,984081
9842303,12983,12920,984082
9842313,12486,12398,984083
9842323,12006,11859,984084
9842333,11414,11242,984085
9842343,10736,10612,984086
9842353,10051,9923,984087
9842363,9366,9172,984088
9842373,8543,8336,984089
9842383,7740,7580,984090
9842393,6982,6838,984091
9842403,6294,6137,984092
9842413,5542,5423,984093
9842423,4916,4818,984094
9842433,4307,4223,984095
9842443,3753,3656,984096
9842453,3237,3160,984097
9842463,2785,2693,984098
9842473,2448,2391,984099
9842483,2182,2155,984100
9842493,2046,2051,984101
9842503,2034,1998,984102
9842513,2006,2029,984103
9842523,2098,2144,984104
9842533,2333,2392,984105
9842543,2653,2739,984106
9842553,3125,3182,984107
9842563,3564,3666,984108
9842573,4084,4192,984109
9842583,4700,4810,984110
9842593,5317,5431,984111
9842603,6009,6143,984112
9842613,6697,6862,984113
9842623,7449,7580,984114
9842633,8166,8372,984115
9842643,9040,9220,984116
9842653,9786,9917,984117
9842663,10446,10587,984118
9842673,11140,11263,984119
9842683,11731,11844,984120
9842693,12315,12407,984121
9842703,12827,12903,984122
9842713,13155,13255,984123
9842723,13524,13614,984124
9842733,13848,13897,984125
9842743,13976,14000,984126
9842753,14052,14062,984127
9842763,14020,14017,984128
9842773,13936,13910,984129
9842783,13679,13634,984130
9842793,13403,13314,984131
9842803,13036,12973,984132
9842813,12595,12436,984133
9842823,12002,11877,984134
9842833,11356,11228,984135
9842843,10728,10594,984136
9842853,10056,9922,984137
9842863,9314,9165,984138
9842873,8616,8463,984139
9842883,7889,7738,984140
9842893,7140,7005,984141
9842903,6414,6084,984142
9842913,5543,5456,984143
9842923,4947,4793,984144
9842933,4315,4203,984145
9842943,3744,3646,984146
9842953,3292,3159,984147
9842963,2870,2793,984148
9842973,2481,2416,984149
9842983,2255,2186,984150
9842993,2051,1937,984151
9843003,1991,1988,984152
9843013,2009,2035,984153
9843023,2131,2156,984154
9843033,2373,2408,984155
9843043,2644,2708,984156
9843053,2997,3112,984157
9843063,3419,3544,984158
9843073,3952,4053,984159
9843083,4543,4787,984160
9843093,5327,5434,984161
9843103,6003,6128,984162
9843113,6736,6885,984163
9843123,7415,7576,984164
9843133,8186,8323,984165
9843143,8848,9040,984166
9843153,9616,9781,984167
9843163,10359,10472,984168
9843173,11025,11227,984169
9843183,11750,11875,984170
9843193,12248,12363,984171
9843203,12784,12887,984172
9843213,13197,13280,984173
9843223,13559,13610,984174
9843233,13805,13870,984175
9843243,13998,14013,984176
9843253,14034,14053,984177
9843263,14068,14034,984178
9843273,13922,13890,984179
9843283,13666,13646,984180
9843293,13419,13372,984181
9843303,13060,12966,984182
9843313,12597,12482,984183
9843323,12111,11998,984184
9843333,11513,11377,984185
9843343,10893,10749,984186
9843353,10171,9911,984187
9843363,9330,9177,984188
9843373,8610,8467,984189
9843383,7884,7726,984190
9843393,7146,7026,984191
9843403,6460,6306,984192
9843413,5720,5563,984193
9843423,5054,4910,984194
9843433,4445,4322,984195
9843443,3863,3661,984196
9843453,3249,3167,984197
9843463,2869,2786,984198
9843473,2465,2418,984199
9843483,2230,2193,984200
9843493,2031,2028,984201
9843503,2006,1991,984202
9843513,2008,1981,984203
9843523,2147,2152,984204
9843533,2291,2406,984205
9843543,2638,2675,984206
9843553,3000,3103,984207
9843563,3403,3539,984208
9843573,3954,4052,984209
9843583,4536,4688,984210
9843593,5165,5295,984211
9843603,5879,6013,984212
9843613,6570,6710,984213
9843623,7302,7587,984214
9843633,8157,8294,984215
9843643,8878,9034,984216
9843653,9626,9771,984217
9843663,10349,10472,984218
9843673,11032,11130,984219
9843683,11614,11752,984220
9843693,12184,12295,984221
9843703,12666,12764,984222
9843713,13096,13267,984223
9843723,13562,13635,984224
9843733,13858,13873,984225
9843743,13958,14010,984226
9843753,14022,14010,984227
9843763,14019,13996,984228
9843773,13940,13909,984229
9843783,13782,13740,984230
9843793,13448,13383,984231
9843803,13072,12960,984232
9843813,12586,12487,984233
9843823,12039,11986,984234
9843833,11526,11392,984235
9843843,10878,10738,984236
9843853,10194,10051,984237
9843863,9489,9345,984238
9843873,8768,8619,984239
9843883,8004,7866,984240
9843893,7121,6998,984241
9843903,6355,6271,984242
9843913,5735,5598,984243
9843923,5026,4907,984244
9843933,4413,4298,984245
9843943,3873,3748,984246
9843953,3364,3272,984247
9843963,2939,2810,984248
9843973,2567,2482,984249
9843983,2240,2185,984250
9843993,2052,2049,984251
9844003,1988,1982,984252
9844013,1998,2004,984253
9844023,2057,2107,984254
9844033,2325,2333,984255
9844043,2590,2652,984256
9844053,2921,3026,984257
9844063,3359,3479,984258
9844073,3900,4083,984259
9844083,4536,4679,984260
9844093,5210,5323,984261
9844103,5851,5995,984262
9844113,6574,6698,984263
9844123,7308,7443,984264
9844133,8006,8140,984265
9844143,8764,8910,984266
9844153,9526,9749,984267
9844163,10351,10478,984268
9844173,11019,11133,984269
9844183,11643,11745,984270
9844193,12173,12314,984271
9844203,12715,12789,984272
9844213,13135,13221,984273
9844223,13495,13574,984274
9844233,13782,13812,984275
9844243,13991,13937,984276
9844253,14030,14040,984277
9844263,14041,14056,984278
9844273,14004,13959,984279
9844283,13735,13690,984280
9844293,13489,13413,984281
9844303,13107,13018,984282
9844313,12684,12597,984283
9844323,12193,12077,984284
9844333,11624,11458,984285
9844343,10914,10711,984286
9844353,10205,10062,984287
9844363,9478,9333,984288
9844373,8777,8593,984289
9844383,8061,7902,984290
9844393,7282,7144,984291
9844403,6574,6452,984292
9844413,5873,5736,984293
9844423,5164,4975,984294
9844433,4446,4314,984295
9844443,3863,3751,984296
9844453,3328,3244,984297
9844463,2964,2868,984298
9844473,2554,2496,984299
9844483,2268,2250,984300
9844493,2119,2091,984301
9844503,2005,1989,984302
9844513,2002,2028,984303
9844523,2079,2123,984304
9844533,2269,2343,984305
9844543,2559,2634,984306
9844553,2922,2997,984307
9844563,3360,3463,984308
9844573,3888,3993,984309
9844583,4463,4552,984310
9844593,5040,5198,984311
9844603,5771,5980,984312
9844613,6551,6721,984313
9844623,7276,7431,984314
9844633,8020,8184,984315
9844643,8776,8922,984316
9844653,9471,9612,984317
9844663,10164,10301,984318
9844673,10863,10988,984319
9844683,11528,11612,984320
9844693,12032,12241,984321
9844703,12638,12794,984322
9844713,13105,13200,984323
9844723,13484,13523,984324
9844733,13767,13801,984325
9844743,13931,13961,984326
9844753,14089,14067,984327
9844763,14068,14064,984328
9844773,13966,13951,984329
9844783,13798,13696,984330
9844793,13448,13387,984331
9844803,13152,13072,984332
9844813,12723,12608,984333
9844823,12179,12072,984334
9844833,11629,11510,984335
9844843,10993,10856,984336
9844853,10302,10189,984337
9844863,9627,9481,984338
9844873,8893,8587,984339
9844883,7974,7872,984340
9844893,7271,7147,984341
9844903,6537,6394,984342
9844913,5860,5711,984343
9844923,5166,5041,984344
9844933,4560,4421,984345
9844943,3984,3868,984346
9844953,3452,3357,984347
9844963,3025,2834,984348
9844973,2596,2510,984349
9844983,2278,2247,984350
9844993,2124,2084,984351
9845003,2002,2001,984352
9845013,2009,2015,984353
9845023,2086,2109,984354
9845033,2252,2280,984355
9845043,2499,2559,984356
9845053,2869,3036,984357
9845063,3386,3468,984358
9845073,3877,3971,984359
9845083,4410,4551,984360
9845093,5031,5185,984361
9845103,5712,5840,984362
9845113,6465,6589,984363
9845123,7155,7291,984364
9845133,7861,8004,984365
9845143,8686,8913,984366
9845153,9461,9607,984367
9845163,10172,10335,984368
9845173,10883,11018,984369
9845183,11468,11584,984370
9845193,12116,12178,984371
9845203,12560,12687,984372
9845213,13038,13120,984373
9845223,13451,13505,984374
9845233,13675,13753,984375
9845243,13961,13966,984376
9845253,14047,14055,984377
9845263,14045,14029,984378
9845273,13993,13940,984379
9845283,13777,13734,984380
9845293,13533,13500,984381
9845303,13223,13142,984382
9845313,12717,12648,984383
9845323,12258,12058,984384
9845333,11619,11510,984385
9845343,11038,10888,984386
9845353,10341,10197,984387
9845363,9651,9507,984388
9845373,8894,8759,984389
9845383,8215,8030,984390
9845393,7447,7281,984391
9845403,6704,6545,984392
9845413,5891,5703,984393
9845423,5177,5065,984394
9845433,4518,4411,984395
9845443,3943,3849,984396
9845453,3446,3370,984397
9845463,3004,2918,984398
9845473,2612,2555,984399
9845483,2322,2307,984400
9845493,2164,2097,984401
9845503,2010,1996,984402
9845513,1986,1977,984403
9845523,2106,2112,984404
9845533,2230,2274,984405
9845543,2502,2549,984406
9845553,2853,2930,984407
9845563,3247,3349,984408
9845573,3776,3875,984409
9845583,4288,4446,984410
9845593,5006,5176,984411
9845603,5733,5834,984412
9845613,6419,6564,984413
9845623,7121,7274,984414
9845633,7894,8024,984415
9845643,8615,8742,984416
9845653,9353,9471,984417
9845663,10044,10209,984418
9845673,10733,10906,984419
9845683,11478,11626,984420
9845693,12104,12187,984421
9845703,12619,12691,984422
9845713,12990,13138,984423
9845723,13407,13468,984424
9845733,13714,13747,984425
9845743,13898,13954,984426
9845753,14026,14062,984427
9845763,14070,14056,984428
9845773,13946,13946,984429
9845783,13769,13740,984430
9845793,13523,13450,984431
9845803,13175,13075,984432
9845813,12753,12652,984433
9845823,12281,12171,984434
9845833,11690,11616,984435
9845843,11143,11007,984436
9845853,10475,10185,984437
9845863,9640,9473,984438
9845873,8879,8755,984439
9845883,8140,8030,984440
9845893,7453,7294,984441
9845903,6714,6552,984442
9845913,5956,5838,984443
9845923,5323,5188,984444
9845933,4653,4538,984445
9845943,4096,3922,984446
9845953,3465,3344,984447
9845963,3001,2914,984448
9845973,2584,2536,984449
9845983,2313,2282,984450
9845993,2144,2113,984451
9846003,2002,1997,984452
9846013,2001,1999,984453
9846023,2060,2094,984454
9846033,2205,2311,984455
9846043,2500,2565,984456
9846053,2830,2928,984457
9846063,3274,3366,984458
9846073,3734,3854,984459
9846083,4292,4428,984460
9846093,4906,5036,984461
9846103,5548,5728,984462
9846113,6297,6430,984463
9846123,7037,7317,984464
9846133,7859,8031,984465
9846143,8654,8783,984466
9846153,9311,9466,984467
9846163,10068,10192,984468
9846173,10724,10873,984469
9846183,11386,11502,984470
9846193,11969,12072,984471
9846203,12470,12567,984472
9846213,12962,13120,984473
9846223,13425,13476,984474
9846233,13683,13743,984475
9846243,13883,13936,984476
9846253,14028,14065,984477
9846263,14089,14084,984478
9846273,14015,13977,984479
9846283,13874,13826,984480
9846293,13614,13551,984481
9846303,13300,13165,984482
9846313,12774,12717,984483
9846323,12267,12165,984484
9846333,11698,11644,984485
9846343,11126,10989,984486
9846353,10453,10319,984487
9846363,9775,9630,984488
9846373,9070,8912,984489
9846383,8342,8183,984490
9846393,7598,7310,984491
9846403,6697,6556,984492
9846413,5972,5852,984493
9846423,5303,5176,984494
9846433,4690,4550,984495
9846443,4097,3960,984496
9846453,3588,3470,984497
9846463,3112,3004,984498
9846473,2719,2651,984499
9846483,2375,2292,984500
9846493,2119,2109,984501
9846503,2019,2015,984502
9846513,1969,1966,984503
9846523,2031,2070,984504
9846533,2221,2242,984505
9846543,2472,2514,984506
9846553,2780,2824,984507
9846563,3184,3269,984508
9846573,3660,3862,984509
9846583,4295,4403,984510
9846593,4950,5076,984511
9846603,5596,5730,984512
9846613,6290,6420,984513
9846623,6972,7140,984514
9846633,7733,7887,984515
9846643,8420,8608,984516
9846653,9153,9316,984517
9846663,9966,10187,984518
9846673,10777,10868,984519
9846683,11339,11476,984520
9846693,11942,12051,984521
9846703,12470,12581,984522
9846713,12920,13012,984523
9846723,13354,13407,984524
9846733,13644,13701,984525
9846743,13858,13930,984526
9846753,14003,14024,984527
9846763,14059,14059,984528
9846773,14007,13963,984529
9846783,13822,13780,984530
9846793,13584,13490,984531
9846803,13286,13212,984532
9846813,12855,12753,984533
9846823,12365,12273,984534
9846833,11869,11731,984535
9846843,11201,10982,984536
9846853,10448,10318,984537
9846863,9763,9621,984538
9846873,9054,8910,984539
9846883,8316,8174,984540
9846893,7581,7433,984541
9846903,6855,6734,984542
9846913,6153,6008,984543
9846923,5438,5349,984544
9846933,4761,4531,984545
9846943,4099,3973,984546
9846953,3557,3451,984547
9846963,3096,2996,984548
9846973,2721,2637,984549
9846983,2395,2361,984550
9846993,2194,2142,984551
9847003,2012,1999,984552
9847013,1988,2001,984553
9847023,2103,2052,984554
9847033,2201,2266,984555
9847043,2449,2502,984556
9847053,2776,2856,984557
9847063,3173,3256,984558
9847073,3654,3776,984559
9847083,4173,4308,984560
9847093,4810,4910,984561
9847103,5456,5664,984562
9847113,6278,6435,984563
9847123,7002,7148,984564
9847133,7734,7882,984565
9847143,8440,8573,984566
9847153,9183,9352,984567
9847163,9937,10052,984568
9847173,10575,10697,984569
9847183,11242,11358,984570
9847193,11874,11977,984571
9847203,12432,12592,984572
9847213,12956,13046,984573
9847223,13365,13441,984574
9847233,13649,13696,984575
9847243,13900,13915,984576
9847253,14025,14054,984577
9847263,14066,14118,984578
9847273,14011,13977,984579
9847283,13868,13810,984580
9847293,13597,13524,984581
9847303,13267,13190,984582
9847313,12864,12771,984583
9847323,12362,12295,984584
9847333,11895,11741,984585
9847343,11253,11120,984586
9847353,10593,10458,984587
9847363,9957,9808,984588
9847373,9174,8958,984589
9847383,8366,8183,984590
9847393,7551,7437,984591
9847403,6831,6712,984592
9847413,6151,6007,984593
9847423,5462,5336,984594
9847433,4786,4674,984595
9847443,4206,4084,984596
9847453,3669,3553,984597
9847463,3187,2955,984598
9847473,2710,2613,984599
9847483,2397,2340,984600
9847493,2175,2120,984601
9847503,2029,2021,984602
9847513,1990,1995,984603
9847523,2045,2070,984604
9847533,2176,2207,984605
9847543,2418,2463,984606
9847553,2720,2839,984607
9847563,3140,3230,984608
9847573,3626,3751,984609
9847583,4226,4337,984610
9847593,4807,4908,984611
9847603,5452,5566,984612
9847613,6129,6289,984613
9847623,6844,6992,984614
9847633,7562,7721,984615
9847643,8284,8559,984616
9847653,9175,9342,984617
9847663,9952,10075,984618
9847673,10600,10706,984619
9847683,11228,11362,984620
9847693,11865,11969,984621
9847703,12390,12510,984622
9847713,12834,12976,984623
9847723,13296,13337,984624
9847733,13607,13702,984625
9847743,13846,13906,984626
9847753,14044,14068,984627
9847763,14045,14053,984628
9847773,13974,14010,984629
9847783,13859,13869,984630
9847793,13636,13574,984631
9847803,13344,13267,984632
9847813,12954,12858,984633
9847823,12509,12267,984634
9847833,11860,11725,984635
9847843,11257,11130,984636
9847853,10606,10463,984637
9847863,9890,9771,984638
9847873,9197,9046,984639
9847883,8473,8312,984640
9847893,7702,7581,984641
9847903,7018,6875,984642
9847913,6311,6020,984643
9847923,5429,5307,984644
9847933,4785,4676,984645
9847943,4236,4076,984646
9847953,3675,3555,984647
9847963,3161,3108,984648
9847973,2798,2722,984649
9847983,2456,2402,984650
9847993,2192,2164,984651
9848003,2096,2033,984652
9848013,1953,1986,984653
9848023,2059,2053,984654
9848033,2182,2206,984655
9848043,2419,2456,984656
9848053,2720,2792,984657
9848063,3060,3180,984658
9848073,3529,3640,984659
9848083,4096,4202,984660
9848093,4722,4946,984661
9848103,5442,5574,984662
9848113,6129,6275,984663
9848123,6840,6993,984664
9848133,7566,7750,984665
9848143,8326,8440,984666
9848153,9043,9202,984667
9848163,9801,9938,984668
9848173,10480,10617,984669
9848183,11111,11376,984670
9848193,11851,11944,984671
9848203,12410,12533,984672
9848213,12913,12976,984673
9848223,13290,13372,984674
9848233,13588,13627,984675
9848243,13855,13865,984676
9848253,13982,14023,984677
9848263,14034,14047,984678
9848273,14047,14015,984679
9848283,13855,13807,984680
9848293,13611,13596,984681
9848303,13414,13300,984682
9848313,12938,12869,984683
9848323,12459,12378,984684
9848333,11990,11866,984685
9848343,11414,11272,984686
9848353,10734,10612,984687
9848363,9998,9776,984688
9848373,9174,9052,984689
9848383,8467,8307,984690
9848393,7740,7572,984691
9848403,6996,6857,984692
9848413,6291,6130,984693
9848423,5552,5430,984694
9848433,4891,4776,984695
9848443,4307,4176,984696
9848453,3729,3522,984697
9848463,3153,3076,984698
9848473,2784,2662,984699
9848483,2412,2390,984700
9848493,2216,2173,984701
9848503,2057,2018,984702
9848513,1989,1966,984703
9848523,2004,2021,984704
9848533,2129,2172,984705
9848543,2346,2441,984706
9848553,2675,2780,984707
9848563,3096,3160,984708
9848573,3545,3677,984709
9848583,4073,4189,984710
9848593,4688,4810,984711
9848603,5287,5427,984712
9848613,5972,6123,984713
9848623,6677,6865,984714
9848633,7518,7731,984715
9848643,8310,8461,984716
9848653,9040,9185,984717
9848663,9817,9958,984718
9848673,10485,10610,984719
9848683,11146,11257,984720
9848693,11732,11869,984721
9848703,12287,12399,984722
9848713,12778,12893,984723
9848723,13220,13342,984724
9848733,13617,13665,984725
9848743,13808,13873,984726
9848753,13965,14000,984727
9848763,14073,14082,984728
9848773,14031,14018,984729
9848783,13907,13880,984730
9848793,13730,13674,984731
9848803,13437,13343,984732
9848813,13014,12878,984733
9848823,12483,12384,984734
9848833,11976,11870,984735
9848843,11377,11233,984736
9848853,10720,10592,984737
9848863,10078,9911,984738
9848873,9359,9185,984739
9848883,8648,8503,984740
9848893,7911,7599,984741
9848903,7044,6814,984742
9848913,6280,6102,984743
9848923,5577,5436,984744
9848933,4909,4784,984745
9848943,4297,4190,984746
9848953,3753,3650,984747
9848963,3271,3190,984748
9848973,2849,2783,984749
9848983,2507,2414,984750
9848993,2240,2162,984751
9849003,2086,2044,984752
9849013,1971,1986,984753
9849023,1995,2029,984754
9849033,2124,2162,984755
9849043,2357,2402,984756
9849053,2652,2713,984757
9849063,3030,3101,984758
9849073,3434,3655,984759
9849083,4040,4193,984760
9849093,4683,4798,984761
9849103,5347,5466,984762
9849113,6020,6149,984763
9849123,6688,6841,984764
9849133,7435,7591,984765
9849143,8203,8338,984766
9849153,8907,9054,984767
9849163,9625,9904,984768
9849173,10447,10601,984769
9849183,11170,11310,984770
9849193,11731,11864,984771
9849203,12277,12404,984772
9849213,12772,12892,984773
9849223,13160,13230,984774
9849233,13581,13628,984775
9849243,13797,13865,984776
9849253,14010,14049,984777
9849263,14043,14053,984778
9849273,14042,13981,984779
9849283,13903,13885,984780
9849293,13690,13642,984781
9849303,13433,13356,984782
9849313,13041,12949,984783
9849323,12604,12503,984784
9849333,12048,11977,984785
9849343,11504,11247,984786
9849353,10716,10572,984787
9849363,10079,9928,984788
9849373,9346,9180,984789
9849383,8604,8474,984790
9849393,7909,7754,984791
9849403,7143,7021,984792
9849413,6430,6297,984793
9849423,5727,5587,984794
9849433,5047,4782,984795
9849443,4282,4187,984796
9849453,3733,3643,984797
9849463,3251,3184,984798
9849473,2829,2763,984799
9849483,2527,2449,984800
9849493,2261,2206,984801
9849503,2088,2071,984802
9849513,1983,1999,984803
9849523,2002,2026,984804
9849533,2143,2186,984805
9849543,2343,2423,984806
9849553,2623,2700,984807
9849563,3014,3079,984808
9849573,3487,3558,984809
9849583,3959,4063,984810
9849593,4538,4679,984811
9849603,5162,5311,984812
9849613,5866,6121,984813
9849623,6755,6860,984814
9849633,7419,7564,984815
9849643,8171,8325,984816
9849653,8881,9024,984817
9849663,9602,9774,984818
9849673,10345,10493,984819
9849683,10999,11092,984820
9849693,11628,11734,984821
9849703,12202,12425,984822
9849713,12787,12893,984823
9849723,13189,13270,984824
9849733,13546,13612,984825
9849743,13780,13861,984826
9849753,13948,13977,984827
9849763,14096,14092,984828
9849773,14064,14049,984829
9849783,13937,13904,984830
9849793,13736,13659,984831
9849803,13445,13349,984832
9849813,13035,12966,984833
9849823,12598,12502,984834
9849833,12094,11961,984835
9849843,11470,11365,984836
9849853,10859,10720,984837
9849863,10180,10038,984838
9849873,9460,9331,984839
9849883,8649,8463,984840
9849893,7866,7729,984841
9849903,7125,6983,984842
9849913,6389,6259,984843
9849923,5747,5586,984844
9849933,5009,4911,984845
9849943,4388,4298,984846
9849953,3866,3747,984847
9849963,3356,3262,984848
9849973,2878,2748,984849
9849983,2493,2448,984850
9849993,2258,2224,984851
9850003,2082,2045,984852
9850013,2041,2004,984853
9850023,1987,1991,984854
9850033,2087,2115,984855
9850043,2283,2320,984856
9850053,2546,2632,984857
9850063,2926,3078,984858
9850073,3419,3532,984859
9850083,3994,4080,984860
9850093,4562,4699,984861
9850103,5173,5303,984862
9850113,5851,6007,984863
9850123,6568,6718,984864
9850133,7287,7442,984865
9850143,8032,8230,984866
9850153,8790,9043,984867
9850163,9620,9767,984868
9850173,10347,10482,984869
9850183,11005,11138,984870
9850193,11638,11734,984871
9850203,12159,12271,984872
9850213,12682,12763,984873
9850223,13113,13202,984874
9850233,13503,13572,984875
9850243,13778,13854,984876
9850253,13981,14024,984877
9850263,14039,14061,984878
9850273,14072,14045,984879
9850283,13943,13934,984880
9850293,13809,13733,984881
9850303,13504,13435,984882
9850313,13148,13066,984883
9850323,12725,12601,984884
9850333,12089,11938,984885
9850343,11490,11378,984886
9850353,10869,10747,984887
9850363,10202,10058,984888
9850373,9472,9344,984889
9850383,8772,8613,984890
9850393,8001,7886,984891
9850403,7290,7142,984892
9850413,6551,6347,984893
9850423,5764,5561,984894
9850433,5058,4938,984895
9850443,4451,4320,984896
9850453,3878,3781,984897
9850463,3375,3284,984898
9850473,2890,2823,984899
9850483,2570,2508,984900
9850493,2281,2247,984901
9850503,2097,2072,984902
9850513,1962,1972,984903
9850523,1989,2011,984904
9850533,2104,2114,984905
9850543,2295,2360,984906
9850553,2598,2655,984907
9850563,2930,2989,984908
9850573,3345,3450,984909
9850583,3825,3954,984910
9850593,4407,4680,984911
9850603,5215,5322,984912
9850613,5862,5983,984913
9850623,6530,6704,984914
9850633,7314,7460,984915
9850643,8041,8182,984916
9850653,8740,8885,984917
9850663,9447,9627,984918
9850673,10221,10347,984919
9850683,10908,11109,984920
9850693,11634,11757,984921
9850703,12198,12315,984922
9850713,12720,12801,984923
9850723,13119,13199,984924
9850733,13488,13531,984925
9850743,13786,13814,984926
9850753,13956,14001,984927
9850763,14028,14087,984928
9850773,14066,14036,984929
9850783,13961,13935,984930
9850793,13755,13702,984931
9850803,13470,13406,984932
9850813,13111,13026,984933
9850823,12690,12630,984934
9850833,12218,12094,984935
9850843,11655,11526,984936
9850853,11009,10862,984937
9850863,10322,10093,984938
9850873,9502,9362,984939
9850883,8806,8610,984940
9850893,8040,7899,984941
9850903,7286,7130,984942
9850913,6549,6423,984943
9850923,5874,5744,984944
9850933,5204,5064,984945
9850943,4555,4435,984946
9850953,3971,3766,984947
9850963,3323,3274,984948
9850973,2956,2854,984949
9850983,2570,2504,984950
9850993,2280,2247,984951
9851003,2080,2084,984952
9851013,2022,2004,984953
9851023,2012,2011,984954
9851033,2089,2114,984955
9851043,2208,2324,984956
9851053,2588,2636,984957
9851063,2887,2991,984958
9851073,3391,3467,984959
9851083,3874,3989,984960
9851093,4433,4556,984961
9851103,5028,5174,984962
9851113,5709,5848,984963
9851123,6416,6543,984964
9851133,7170,7439,984965
9851143,8029,8189,984966
9851153,8746,8926,984967
9851163,9484,9612,984968
9851173,10192,10347,984969
9851183,10848,10966,984970
9851193,11470,11606,984971
9851203,12093,12190,984972
9851213,12607,12695,984973
9851223,13074,13195,984974
9851233,13489,13553,984975
9851243,13772,13820,984976
9851253,13947,13982,984977
9851263,14032,14040,984978
9851273,14048,14049,984979
9851283,13973,13936,984980
9851293,13824,13808,984981
9851303,13556,13479,984982
9851313,13184,13020,984983
9851323,12638,12563,984984
9851333,12191,12084,984985
9851343,11631,11499,984986
9851353,10994,10864,984987
9851363,10315,10217,984988
9851373,9647,9481,984989
9851383,8897,8762,984990
9851393,8192,8037,984991
9851403,7410,7098,984992
9851413,6532,6401,984993
9851423,5846,5723,984994
9851433,5173,5066,984995
9851443,4528,4430,984996
9851453,3986,3873,984997
9851463,3454,3361,984998
9851473,3012,2935,984999
9851483,2597,2540,985000
9851493,2367,2241,985001
9851503,2106,2089,985002
9851513,1990,1998,985003
9851523,2000,2012,985004
9851533,2053,2077,985005
9851543,2256,2282,985006
9851553,2499,2570,985007
9851563,2844,2924,985008
9851573,3254,3358,985009
9851583,3801,3981,985010
9851593,4425,4539,985011
9851603,5063,5184,985012
9851613,5721,5849,985013
9851623,6408,6549,985014
9851633,7131,7273,985015
9851643,7920,8043,985016
9851653,8604,8754,985017
9851663,9331,9497,985018
9851673,10109,10352,985019
9851683,10930,11014,985020
9851693,11493,11614,985021
9851703,12047,12167,985022
9851713,12588,12692,985023
9851723,13040,13114,985024
9851733,13401,13455,985025
9851743,13688,13738,985026
9851753,13963,13962,985027
9851763,14073,14091,985028
9851773,14078,14060,985029
9851783,13950,13922,985030
9851793,13799,13754,985031
9851803,13550,13488,985032
9851813,13245,13156,985033
9851823,12779,12696,985034
9851833,12283,12139,985035
9851843,11739,11603,985036
9851853,11030,10837,985037
9851863,10352,10213,985038
9851873,9647,9511,985039
9851883,8884,8747,985040
9851893,8214,8031,985041
9851903,7422,7298,985042
9851913,6711,6547,985043
9851923,6003,5868,985044
9851933,5287,5029,985045
9851943,4516,4404,985046
9851953,3952,3865,985047
9851963,3446,3345,985048
9851973,3016,2927,985049
9851983,2634,2569,985050
9851993,2358,2313,985051
9852003,2124,2123,985052
9852013,2012,1984,985053
9852023,1964,1973,985054
9852033,2073,2103,985055
9852043,2237,2284,985056
9852053,2497,2556,985057
9852063,2832,2897,985058
9852073,3264,3336,985059
9852083,3774,3831,985060
9852093,4319,4409,985061
9852103,4933,5056,985062
9852113,5583,5797,985063
9852123,6436,6573,985064
9852133,7133,7276,985065
9852143,7899,8049,985066
9852153,8592,8766,985067
9852163,9362,9485,985068
9852173,10047,10194,985069
9852183,10709,10852,985070
9852193,11384,11510,985071
9852203,11944,12116,985072
9852213,12587,12685,985073
9852223,13025,13150,985074
9852233,13425,13484,985075
9852243,13713,13740,985076
9852253,13873,13913,985077
9852263,14034,14047,985078
9852273,14048,14032,985079
9852283,13994,13986,985080
9852293,13857,13756,985081
9852303,13607,13495,985082
9852313,13178,13110,985083
9852323,12789,12683,985084
9852333,12319,12180,985085
9852343,11716,11614,985086
9852353,11109,11012,985087
9852363,10454,10321,985088
9852373,9777,9614,985089
9852383,9080,8828,985090
9852393,8149,7997,985091
9852403,7458,7299,985092
9852413,6683,6555,985093
9852423,5994,5874,985094
9852433,5310,5179,985095
9852443,4645,4542,985096
9852453,4069,3971,985097
9852463,3512,3432,985098
9852473,3091,2942,985099
9852483,2622,2587,985100
9852493,2321,2310,985101
9852503,2128,2101,985102
9852513,1975,1965,985103
9852523,2001,2002,985104
9852533,2028,2044,985105
9852543,2218,2245,985106
9852553,2423,2474,985107
9852563,2781,2908,985108
9852573,3228,3338,985109
9852583,3765,3851,985110
9852593,4292,4427,985111
9852603,4916,5023,985112
9852613,5593,5736,985113
9852623,6246,6412,985114
9852633,6988,7131,985115
9852643,7727,7887,985116
9852653,8475,8738,985117
9852663,9363,9498,985118
9852673,10046,10166,985119
9852683,10753,10869,985120
9852693,11396,11498,985121
9852703,11994,12099,985122
9852713,12490,12580,985123
9852723,12978,13017,985124
9852733,13348,13381,985125
9852743,13679,13723,985126
9852753,13907,13953,985127
9852763,14024,14050,985128
9852773,14057,14060,985129
9852783,14009,14000,985130
9852793,13828,13757,985131
9852803,13617,13568,985132
9852813,13238,13182,985133
9852823,12896,12787,985134
9852833,12328,12162,985135
9852843,11761,11626,985136
9852853,11089,10973,985137
9852863,10466,10334,985138
9852873,9769,9624,985139
9852883,9081,8894,985140
