timestamp_us,ADC_IN,ADC_OUT,index
9700823,10198,10074,606208
9700839,9031,8898,606209
9700855,7749,7588,606210
9700871,6566,6418,606211
9700887,5485,5337,606212
9700903,4444,4326,606213
9700919,3554,3441,606214
9700935,2860,2718,606215
9700951,2301,2267,606216
9700967,2024,2004,606217
9700983,2016,2017,606218
9700999,2214,2258,606219
9701015,2639,2710,606220
9701031,3340,3440,606221
9701047,4197,4330,606222
9701063,5222,5337,606223
9701079,6264,6426,606224
9701095,7418,7569,606225
9701111,8634,8847,606226
9701127,9897,10086,606227
9701143,10995,11122,606228
9701159,11940,12046,606229
9701175,12791,12884,606230
9701191,13437,13507,606231
9701207,13857,13933,606232
9701223,14091,14097,606233
9701239,14018,13995,606234
9701255,13702,13645,606235
9701271,13172,13120,606236
9701287,12494,12290,606237
9701303,11493,11369,606238
9701319,10460,10337,606239
9701335,9361,9169,606240
9701351,8195,8058,606241
9701367,6960,6855,606242
9701383,5846,5570,606243
9701399,4680,4533,606244
9701415,3754,3647,606245
9701431,2987,2910,606246
9701447,2454,2397,606247
9701463,2094,2076,606248
9701479,1966,2013,606249
9701495,2119,2150,606250
9701511,2514,2548,606251
9701527,3054,3173,606252
9701543,3850,3974,606253
9701559,4778,4999,606254
9701575,5979,6124,606255
9701591,7157,7315,606256
9701607,8332,8476,606257
9701623,9517,9642,606258
9701639,10615,10724,606259
9701655,11684,11875,606260
9701671,12600,12709,606261
9701687,13298,13336,606262
9701703,13739,13772,606263
9701719,14023,14042,606264
9701735,14030,14026,606265
9701751,13823,13782,606266
9701767,13316,13268,606267
9701783,12656,12600,606268
9701799,11859,11722,606269
9701815,10883,10744,606270
9701831,9676,9478,606271
9701847,8450,8333,606272
9701863,7281,7152,606273
9701879,6142,5977,606274
9701895,5050,4925,606275
9701911,4079,3976,606276
9701927,3192,3119,606277
9701943,2551,2487,606278
9701959,2150,2165,606279
9701975,1999,1983,606280
9701991,2047,2042,606281
9702007,2318,2417,606282
9702023,2910,3009,606283
9702039,3666,3758,606284
9702055,4531,4679,606285
9702071,5546,5729,606286
9702087,6714,6853,606287
9702103,7982,8180,606288
9702119,9193,9348,606289
9702135,10321,10510,606290
9702151,11401,11502,606291
9702167,12298,12372,606292
9702183,13068,13138,606293
9702199,13648,13718,606294
9702215,14001,14014,606295
9702231,14072,14049,606296
9702247,13954,13905,606297
9702263,13551,13498,606298
9702279,12963,12748,606299
9702295,12112,11980,606300
9702311,11110,11003,606301
9702327,10052,9902,606302
9702343,8910,8771,606303
9702359,7766,7594,606304
9702375,6389,6276,606305
9702391,5305,5191,606306
9702407,4309,4197,606307
9702423,3437,3360,606308
9702439,2777,2690,606309
9702455,2269,2204,606310
9702471,1988,1988,606311
9702487,2010,2024,606312
9702503,2201,2265,606313
9702519,2704,2776,606314
9702535,3339,3444,606315
9702551,4284,4440,606316
9702567,5318,5439,606317
9702583,6438,6563,606318
9702599,7562,7737,606319
9702615,8737,8926,606320
9702631,9917,10127,606321
9702647,11126,11227,606322
9702663,12065,12146,606323
9702679,12856,12956,606324
9702695,13469,13530,606325
9702711,13899,13942,606326
9702727,14030,14033,606327
9702743,13947,13924,606328
9702759,13632,13576,606329
9702775,13126,13041,606330
9702791,12412,12296,606331
9702807,11484,11267,606332
9702823,10355,10204,606333
9702839,9210,9063,606334
9702855,8003,7834,606335
9702871,6869,6720,606336
9702887,5703,5560,606337
9702903,4682,4416,606338
9702919,3665,3536,606339
9702935,2935,2854,606340
9702951,2355,2328,606341
9702967,2067,2051,606342
9702983,1971,1991,606343
9702999,2213,2228,606344
9703015,2552,2634,606345
9703031,3189,3272,606346
9703047,3995,4097,606347
9703063,4913,5043,606348
9703079,5992,6280,606349
9703095,7296,7456,606350
9703111,8484,8621,606351
9703127,9633,9794,606352
9703143,10749,10874,606353
9703159,11744,11897,606354
9703175,12657,12823,606355
9703191,13384,13443,606356
9703207,13799,13810,606357
9703223,14041,14056,606358
9703239,14025,14001,606359
9703255,13763,13732,606360
9703271,13309,13224,606361
9703287,12572,12487,606362
9703303,11725,11604,606363
9703319,10741,10589,606364
9703335,9640,9496,606365
9703351,8423,8140,606366
9703367,7098,6992,606367
9703383,6003,5860,606368
9703399,4913,4784,606369
9703415,3999,3882,606370
9703431,3189,3107,606371
9703447,2442,2433,606372
9703463,2130,2108,606373
9703479,2002,2008,606374
9703495,2106,2090,606375
9703511,2399,2454,606376
9703527,2927,3147,606377
9703543,3767,3854,606378
9703559,4669,4808,606379
9703575,5728,5854,606380
9703591,6859,6994,606381
9703607,8022,8173,606382
9703623,9352,9489,606383
9703639,10442,10574,606384
9703655,11535,11644,606385
9703671,12411,12507,606386
9703687,13113,13202,606387
9703703,13688,13755,606388
9703719,14016,14012,606389
9703735,14067,14038,606390
9703751,13877,13863,606391
9703767,13472,13424,606392
9703783,12885,12761,606393
9703799,12044,11861,606394
9703815,11011,10883,606395
9703831,9928,9758,606396
9703847,8779,8604,606397
9703863,7616,7430,606398
9703879,6437,6236,606399
9703895,5192,5069,606400
9703911,4204,4103,606401
9703927,3338,3257,606402
9703943,2685,2636,606403
9703959,2236,2232,606404
9703975,2020,1984,606405
9703991,2044,2059,606406
9704007,2284,2346,606407
9704023,2776,2851,606408
9704039,3488,3541,606409
9704055,4299,4412,606410
9704071,5471,5597,606411
9704087,6560,6703,606412
9704103,7714,7870,606413
9704119,8909,9064,606414
9704135,10058,10201,606415
9704151,11108,11353,606416
9704167,12213,12322,606417
9704183,12953,13050,606418
9704199,13561,13647,606419
9704215,13949,13958,606420
9704231,14051,14038,606421
9704247,13978,13976,606422
9704263,13568,13538,606423
9704279,13017,12941,606424
9704295,12321,12170,606425
9704311,11398,11235,606426
9704327,10353,10160,606427
9704343,9020,8899,606428
9704359,7848,7722,606429
9704375,6725,6561,606430
9704391,5579,5448,606431
9704407,4519,4423,606432
9704423,3635,3445,606433
9704439,2818,2769,606434
9704455,2343,2307,606435
9704471,2049,2011,606436
9704487,1998,2020,606437
9704503,2201,2228,606438
9704519,2612,2709,606439
9704535,3231,3343,606440
9704551,4082,4196,606441
9704567,5037,5186,606442
9704583,6106,6258,606443
9704599,7310,7565,606444
9704615,8621,8771,606445
9704631,9786,9915,606446
9704647,10864,10978,606447
9704663,11893,12009,606448
9704679,12644,12768,606449
9704695,13460,13510,606450
9704711,13804,13876,606451
9704727,14045,14056,606452
9704743,14019,14015,606453
9704759,13755,13722,606454
9704775,13315,13213,606455
9704791,12509,12425,606456
9704807,11613,11520,606457
9704823,10595,10467,606458
9704839,9508,9350,606459
9704855,8332,8189,606460
9704871,7125,6834,606461
9704887,5841,5709,606462
9704903,4812,4683,606463
9704919,3884,3763,606464
9704935,3081,3013,606465
9704951,2507,2469,606466
9704967,2119,2057,606467
9704983,1985,1976,606468
9704999,2073,2121,606469
9705015,2493,2530,606470
9705031,2990,3096,606471
9705047,3728,3958,606472
9705063,4813,4942,606473
9705079,5864,5987,606474
9705095,6964,7117,606475
9705111,8230,8314,606476
9705127,9356,9488,606477
9705143,10556,10728,606478
9705159,11634,11743,606479
9705175,12524,12590,606480
9705191,13216,13291,606481
9705207,13660,13751,606482
9705223,14044,14038,606483
9705239,14017,14020,606484
9705255,13861,13825,606485
9705271,13432,13357,606486
9705287,12799,12697,606487
9705303,11957,11880,606488
9705319,10992,10749,606489
9705335,9720,9599,606490
9705351,8606,8454,606491
9705367,7444,7288,606492
9705383,6292,6142,606493
9705399,5178,5057,606494
9705415,4075,3983,606495
9705431,3296,3182,606496
9705447,2645,2556,606497
9705463,2179,2159,606498
9705479,2028,2007,606499
9705495,2042,2071,606500
9705511,2364,2397,606501
9705527,2870,2941,606502
9705543,3566,3653,606503
9705559,4424,4553,606504
9705575,5482,5598,606505
9705591,6735,6879,606506
9705607,7887,8022,606507
9705623,9051,9203,606508
9705639,10183,10318,606509
9705655,11270,11397,606510
9705671,12225,12414,606511
9705687,13081,13133,606512
9705703,13579,13640,606513
9705719,13938,13977,606514
9705735,14091,14078,606515
9705751,13919,13891,606516
9705767,13611,13487,606517
9705783,12980,12892,606518
9705799,12141,12089,606519
9705815,11231,11101,606520
9705831,10223,10056,606521
9705847,9041,8858,606522
9705863,7705,7558,606523
9705879,6535,6418,606524
9705895,5434,5317,606525
9705911,4407,4304,606526
9705927,3526,3429,606527
9705943,2849,2693,606528
9705959,2319,2277,606529
9705975,2034,2038,606530
9705991,2003,1998,606531
9706007,2228,2282,606532
9706023,2626,2676,606533
9706039,3384,3467,606534
9706055,4187,4304,606535
9706071,5198,5316,606536
9706087,6266,6407,606537
9706103,7466,7592,606538
9706119,8633,8887,606539
9706135,9961,10071,606540
9706151,11004,11143,606541
9706167,11980,12073,606542
9706183,12784,12868,606543
9706199,13443,13490,606544
9706215,13811,13915,606545
9706231,14076,14097,606546
9706247,14028,14001,606547
9706263,13686,13658,606548
9706279,13172,13103,606549
9706295,12479,12267,606550
9706311,11466,11348,606551
9706327,10441,10336,606552
9706343,9328,9172,606553
9706359,8187,8053,606554
9706375,6999,6853,606555
9706391,5845,5560,606556
9706407,4703,4555,606557
9706423,3737,3648,606558
9706439,3009,2942,606559
9706455,2442,2396,606560
9706471,2120,2084,606561
9706487,1998,2005,606562
9706503,2135,2179,606563
9706519,2499,2545,606564
9706535,3053,3171,606565
9706551,3890,3978,606566
9706567,4799,5020,606567
9706583,6008,6120,606568
9706599,7171,7287,606569
9706615,8353,8458,606570
9706631,9512,9619,606571
9706647,10613,10700,606572
9706663,11686,11874,606573
9706679,12591,12730,606574
9706695,13254,13308,606575
9706711,13703,13786,606576
9706727,13998,14032,606577
9706743,14056,14033,606578
9706759,13776,13743,606579
9706775,13382,13275,606580
9706791,12734,12634,606581
9706807,11895,11726,606582
9706823,10858,10719,606583
9706839,9681,9456,606584
9706855,8447,8304,606585
9706871,7300,7150,606586
9706887,6142,6011,606587
9706903,5020,4900,606588
9706919,4073,3972,606589
9706935,3180,3080,606590
9706951,2551,2498,606591
9706967,2184,2131,606592
9706983,1967,1974,606593
9706999,2045,2057,606594
9707015,2333,2451,606595
9707031,2946,3009,606596
9707047,3638,3739,606597
9707063,4558,4699,606598
9707079,5558,5704,606599
9707095,6724,6864,606600
9707111,8016,8199,606601
9707127,9195,9336,606602
9707143,10347,10462,606603
9707159,11388,11496,606604
9707175,12281,12376,606605
9707191,13029,13145,606606
9707207,13669,13716,606607
9707223,14017,14032,606608
9707239,14045,14048,606609
9707255,13925,13879,606610
9707271,13527,13458,606611
9707287,12937,12737,606612
9707303,12082,11969,606613
9707319,11153,10990,606614
9707335,10034,9925,606615
9707351,8898,8746,606616
9707367,7756,7589,606617
9707383,6413,6288,606618
9707399,5343,5187,606619
9707415,4346,4209,606620
9707431,3467,3378,606621
9707447,2757,2683,606622
9707463,2343,2221,606623
9707479,2002,1997,606624
9707495,2031,2044,606625
9707511,2274,2296,606626
9707527,2704,2774,606627
9707543,3366,3442,606628
9707559,4324,4456,606629
9707575,5337,5458,606630
9707591,6413,6541,606631
9707607,7591,7738,606632
9707623,8813,8937,606633
9707639,9895,10135,606634
9707655,11096,11236,606635
9707671,12108,12176,606636
9707687,12876,12952,606637
9707703,13464,13533,606638
9707719,13876,13951,606639
9707735,14058,14057,606640
9707751,13977,13977,606641
9707767,13669,13552,606642
9707783,13109,13030,606643
9707799,12394,12318,606644
9707815,11488,11269,606645
9707831,10344,10178,606646
9707847,9197,9054,606647
9707863,8038,7899,606648
9707879,6832,6701,606649
9707895,5714,5568,606650
9707911,4659,4421,606651
9707927,3646,3535,606652
9707943,2910,2848,606653
9707959,2386,2356,606654
9707975,2118,2041,606655
9707991,1995,2004,606656
9708007,2141,2187,606657
9708023,2538,2623,606658
9708039,3197,3292,606659
9708055,3967,4094,606660
9708071,4925,5047,606661
9708087,5992,6290,606662
9708103,7299,7442,606663
9708119,8431,8575,606664
9708135,9619,9785,606665
9708151,10745,10892,606666
9708167,11772,11897,606667
9708183,12610,12758,606668
9708199,13386,13439,606669
9708215,13795,13825,606670
9708231,14058,14057,606671
9708247,14032,14019,606672
9708263,13771,13732,606673
9708279,13253,13184,606674
9708295,12604,12508,606675
9708311,11694,11628,606676
9708327,10705,10600,606677
9708343,9619,9463,606678
9708359,8419,8156,606679
9708375,7157,7007,606680
9708391,6001,5854,606681
9708407,4896,4795,606682
9708423,3980,3879,606683
9708439,3152,3065,606684
9708455,2485,2442,606685
9708471,2148,2106,606686
9708487,1965,1989,606687
9708503,2100,2124,606688
9708519,2362,2417,606689
9708535,2926,3144,606690
9708551,3808,3893,606691
9708567,4707,4817,606692
9708583,5710,5862,606693
9708599,6856,7006,606694
9708615,8040,8178,606695
9708631,9367,9487,606696
9708647,10511,10609,606697
9708663,11541,11635,606698
9708679,12369,12476,606699
9708695,13092,13204,606700
9708711,13624,13716,606701
9708727,14010,14033,606702
9708743,14084,14060,606703
9708759,13874,13816,606704
9708775,13496,13426,606705
9708791,12844,12769,606706
9708807,12042,11849,606707
9708823,10967,10859,606708
9708839,9897,9755,606709
9708855,8761,8608,606710
9708871,7608,7443,606711
9708887,6423,6244,606712
9708903,5184,5030,606713
9708919,4206,4076,606714
9708935,3343,3263,606715
9708951,2686,2635,606716
9708967,2256,2224,606717
9708983,2019,1976,606718
9708999,2027,2029,606719
9709015,2256,2337,606720
9709031,2774,2830,606721
9709047,3452,3536,606722
9709063,4336,4427,606723
9709079,5451,5576,606724
9709095,6579,6719,606725
9709111,7765,7878,606726
9709127,8919,9062,606727
9709143,10040,10183,606728
9709159,11160,11388,606729
9709175,12192,12286,606730
9709191,12958,13066,606731
9709207,13541,13604,606732
9709223,13930,13931,606733
9709239,14060,14070,606734
9709255,13984,13929,606735
9709271,13576,13504,606736
9709287,13014,12942,606737
9709303,12284,12185,606738
9709319,11376,11270,606739
9709335,10321,10157,606740
9709351,9034,8908,606741
9709367,7867,7740,606742
9709383,6704,6545,606743
9709399,5564,5429,606744
9709415,4527,4422,606745
9709431,3641,3439,606746
9709447,2849,2788,606747
9709463,2328,2283,606748
9709479,2058,2072,606749
9709495,1974,2020,606750
9709511,2164,2210,606751
9709527,2668,2716,606752
9709543,3244,3344,606753
9709559,4069,4197,606754
9709575,5065,5208,606755
9709591,6140,6288,606756
9709607,7293,7558,606757
9709623,8606,8742,606758
9709639,9769,9939,606759
9709655,10875,11028,606760
9709671,11837,11994,606761
9709687,12660,12779,606762
9709703,13430,13464,606763
9709719,13899,13920,606764
9709735,14064,14048,606765
9709751,14010,13997,606766
9709767,13797,13704,606767
9709783,13242,13163,606768
9709799,12503,12416,606769
9709815,11590,11470,606770
9709831,10606,10471,606771
9709847,9506,9357,606772
9709863,8303,8188,606773
9709879,7130,6829,606774
9709895,5817,5705,606775
9709911,4782,4687,606776
9709927,3842,3758,606777
9709943,3100,3003,606778
9709959,2522,2468,606779
9709975,2134,2105,606780
9709991,1983,1980,606781
9710007,2102,2116,606782
9710023,2465,2496,606783
9710039,2963,3107,606784
9710055,3776,3947,606785
9710071,4802,4926,606786
9710087,5839,5994,606787
9710103,6993,7142,606788
9710119,8133,8285,606789
9710135,9350,9464,606790
9710151,10530,10710,606791
9710167,11615,11734,606792
9710183,12524,12620,606793
9710199,13215,13279,606794
9710215,13681,13712,606795
9710231,14040,14019,606796
9710247,14041,14028,606797
9710263,13871,13810,606798
9710279,13440,13336,606799
9710295,12788,12678,606800
9710311,11999,11861,606801
9710327,10989,10719,606802
9710343,9773,9627,606803
9710359,8584,8470,606804
9710375,7473,7309,606805
9710391,6278,6141,606806
9710407,5177,5051,606807
9710423,4038,3974,606808
9710439,3256,3168,606809
9710455,2610,2545,606810
9710471,2218,2176,606811
9710487,1981,1993,606812
9710503,2041,2080,606813
9710519,2375,2394,606814
9710535,2840,2919,606815
9710551,3542,3669,606816
9710567,4439,4551,606817
9710583,5455,5602,606818
9710599,6725,6871,606819
9710615,7880,8030,606820
9710631,9107,9211,606821
9710647,10205,10355,606822
9710663,11244,11386,606823
9710679,12200,12396,606824
9710695,13061,13140,606825
9710711,13611,13662,606826
9710727,13994,13984,606827
9710743,14021,14053,606828
9710759,13930,13942,606829
9710775,13585,13465,606830
9710791,12964,12878,606831
9710807,12204,12086,606832
9710823,11249,11107,606833
9710839,10229,10069,606834
9710855,9030,8894,606835
9710871,7728,7575,606836
9710887,6574,6444,606837
9710903,5464,5310,606838
9710919,4430,4324,606839
9710935,3568,3444,606840
9710951,2837,2698,606841
9710967,2280,2242,606842
9710983,2051,2034,606843
9710999,1998,2017,606844
9711015,2210,2276,606845
9711031,2632,2719,606846
9711047,3364,3474,606847
9711063,4158,4295,606848
9711079,5215,5326,606849
9711095,6297,6451,606850
9711111,7435,7575,606851
9711127,8612,8848,606852
9711143,9934,10081,606853
9711159,10997,11102,606854
9711175,11971,12058,606855
9711191,12801,12888,606856
9711207,13425,13499,606857
9711223,13849,13910,606858
9711239,14041,14069,606859
9711255,14014,13990,606860
9711271,13734,13681,606861
9711287,13214,13113,606862
9711303,12480,12275,606863
9711319,11477,11386,606864
9711335,10473,10334,606865
9711351,9354,9197,606866
9711367,8171,8024,606867
9711383,7006,6843,606868
9711399,5852,5572,606869
9711415,4665,4528,606870
9711431,3746,3654,606871
9711447,2975,2902,606872
9711463,2474,2399,606873
9711479,2055,2075,606874
9711495,1997,1995,606875
9711511,2120,2159,606876
9711527,2493,2551,606877
9711543,3095,3171,606878
9711559,3853,3954,606879
9711575,4799,5012,606880
9711591,5971,6123,606881
9711607,7165,7303,606882
9711623,8318,8463,606883
9711639,9448,9624,606884
9711655,10613,10726,606885
9711671,11668,11851,606886
9711687,12606,12688,606887
9711703,13287,13360,606888
9711719,13741,13782,606889
9711735,13986,14037,606890
9711751,14046,14008,606891
9711767,13815,13770,606892
9711783,13370,13293,606893
9711799,12676,12595,606894
9711815,11878,11751,606895
9711831,10894,10742,606896
9711847,9708,9475,606897
9711863,8443,8304,606898
9711879,7288,7130,606899
9711895,6100,5996,606900
9711911,5028,4934,606901
9711927,4070,3958,606902
9711943,3170,3076,606903
9711959,2549,2504,606904
9711975,2197,2126,606905
9711991,1983,1981,606906
9712007,2032,2080,606907
9712023,2344,2433,606908
9712039,2938,3002,606909
9712055,3670,3761,606910
9712071,4560,4681,606911
9712087,5590,5719,606912
9712103,6706,6858,606913
9712119,7984,8185,606914
9712135,9162,9331,606915
9712151,10323,10473,606916
9712167,11352,11472,606917
9712183,12297,12354,606918
9712199,12999,13138,606919
9712215,13671,13722,606920
9712231,13977,14015,606921
9712247,14046,14036,606922
9712263,13933,13903,606923
9712279,13541,13488,606924
9712295,13002,12778,606925
9712311,12049,11961,606926
9712327,11103,10987,606927
9712343,10045,9907,606928
9712359,8897,8778,606929
9712375,7725,7566,606930
9712391,6416,6280,606931
9712407,5310,5175,606932
9712423,4309,4185,606933
9712439,3422,3339,606934
9712455,2777,2705,606935
9712471,2335,2231,606936
9712487,2008,1978,606937
9712503,1987,2026,606938
9712519,2261,2298,606939
9712535,2712,2761,606940
9712551,3348,3460,606941
9712567,4323,4453,606942
9712583,5331,5461,606943
9712599,6414,6553,606944
9712615,7597,7750,606945
9712631,8766,8928,606946
9712647,9905,10120,606947
9712663,11162,11241,606948
9712679,12065,12178,606949
9712695,12848,12957,606950
9712711,13487,13533,606951
9712727,13859,13890,606952
9712743,14092,14069,606953
9712759,13938,13955,606954
9712775,13648,13602,606955
9712791,13123,13058,606956
9712807,12419,12273,606957
9712823,11482,11262,606958
9712839,10357,10214,606959
9712855,9204,9070,606960
9712871,8055,7909,606961
9712887,6861,6710,606962
9712903,5689,5546,606963
9712919,4658,4429,606964
9712935,3617,3511,606965
9712951,2911,2836,606966
9712967,2398,2348,606967
9712983,2083,2033,606968
9712999,1997,2004,606969
9713015,2194,2214,606970
9713031,2569,2636,606971
9713047,3189,3271,606972
9713063,3935,4073,606973
9713079,4926,5045,606974
9713095,5988,6306,606975
9713111,7256,7424,606976
9713127,8454,8596,606977
9713143,9665,9791,606978
9713159,10716,10861,606979
9713175,11710,11850,606980
9713191,12610,12757,606981
9713207,13347,13398,606982
9713223,13797,13795,606983
9713239,14043,14057,606984
9713255,14052,14052,606985
9713271,13783,13768,606986
9713287,13266,13193,606987
9713303,12571,12479,606988
9713319,11760,11633,606989
9713335,10728,10601,606990
9713351,9643,9496,606991
9713367,8450,8159,606992
9713383,7152,7010,606993
9713399,6008,5871,606994
9713415,4916,4800,606995
9713431,3975,3864,606996
9713447,3172,3097,606997
9713463,2460,2459,606998
9713479,2142,2110,606999
9713495,2005,2000,607000
9713511,2082,2118,607001
9713527,2384,2460,607002
9713543,2948,3138,607003
9713559,3800,3874,607004
9713575,4660,4805,607005
9713591,5734,5838,607006
9713607,6877,7004,607007
9713623,8044,8181,607008
9713639,9345,9483,607009
9713655,10442,10582,607010
9713671,11531,11616,607011
9713687,12403,12487,607012
9713703,13137,13203,607013
9713719,13676,13732,607014
9713735,13992,14010,607015
9713751,14069,14030,607016
9713767,13847,13806,607017
9713783,13504,13470,607018
9713799,12870,12806,607019
9713815,12057,11849,607020
9713831,10988,10878,607021
9713847,9939,9785,607022
9713863,8762,8600,607023
9713879,7553,7426,607024
9713895,6412,6226,607025
9713911,5163,5037,607026
9713927,4172,4072,607027
9713943,3371,3269,607028
9713959,2747,2657,607029
9713975,2252,2200,607030
9713991,2027,1999,607031
9714007,2053,2051,607032
9714023,2238,2320,607033
9714039,2791,2862,607034
9714055,3441,3564,607035
9714071,4332,4445,607036
9714087,5450,5580,607037
9714103,6528,6692,607038
9714119,7733,7876,607039
9714135,8925,9047,607040
9714151,10073,10187,607041
9714167,11152,11375,607042
9714183,12217,12295,607043
9714199,13000,13043,607044
9714215,13501,13572,607045
9714231,13949,13966,607046
9714247,14075,14084,607047
9714263,13951,13886,607048
9714279,13619,13581,607049
9714295,13034,12950,607050
9714311,12263,12164,607051
9714327,11351,11246,607052
9714343,10361,10177,607053
9714359,9016,8903,607054
9714375,7872,7722,607055
9714391,6690,6551,607056
9714407,5567,5434,607057
9714423,4533,4440,607058
9714439,3679,3466,607059
9714455,2846,2762,607060
9714471,2318,2277,607061
9714487,2076,2026,607062
9714503,1979,2006,607063
9714519,2159,2193,607064
9714535,2612,2704,607065
9714551,3252,3370,607066
9714567,4050,4170,607067
9714583,5043,5164,607068
9714599,6133,6255,607069
9714615,7304,7571,607070
9714631,8574,8736,607071
9714647,9834,9944,607072
9714663,10886,10993,607073
9714679,11910,11990,607074
9714695,12695,12768,607075
9714711,13434,13467,607076
9714727,13818,13914,607077
9714743,14054,14059,607078
9714759,13992,13992,607079
9714775,13783,13733,607080
9714791,13261,13160,607081
9714807,12533,12392,607082
9714823,11619,11496,607083
9714839,10586,10474,607084
9714855,9499,9325,607085
9714871,8333,8188,607086
9714887,7164,6850,607087
9714903,5883,5735,607088
9714919,4789,4672,607089
9714935,3894,3750,607090
9714951,3114,2990,607091
9714967,2501,2432,607092
9714983,2076,2082,607093
9714999,2013,2011,607094
9715015,2080,2098,607095
9715031,2432,2494,607096
9715047,2987,3072,607097
9715063,3734,3945,607098
9715079,4826,4934,607099
9715095,5829,5986,607100
9715111,7001,7159,607101
9715127,8163,8322,607102
9715143,9337,9495,607103
9715159,10535,10709,607104
9715175,11602,11707,607105
9715191,12488,12580,607106
9715207,13224,13294,607107
9715223,13718,13789,607108
9715239,13980,14056,607109
9715255,14050,14054,607110
9715271,13829,13781,607111
9715287,13443,13361,607112
9715303,12742,12652,607113
9715319,11980,11851,607114
9715335,10937,10694,607115
9715351,9771,9640,607116
9715367,8618,8474,607117
9715383,7416,7281,607118
9715399,6289,6122,607119
9715415,5221,5066,607120
9715431,4029,3966,607121
9715447,3290,3171,607122
9715463,2647,2563,607123
9715479,2218,2183,607124
9715495,1983,1969,607125
9715511,2020,2052,607126
9715527,2366,2396,607127
9715543,2855,2934,607128
9715559,3572,3662,607129
9715575,4409,4539,607130
9715591,5465,5591,607131
9715607,6694,6848,607132
9715623,7909,8024,607133
9715639,9061,9204,607134
9715655,10178,10327,607135
9715671,11244,11362,607136
9715687,12211,12398,607137
9715703,13036,13117,607138
9715719,13629,13679,607139
9715735,13982,13986,607140
9715751,14102,14098,607141
9715767,13934,13917,607142
9715783,13629,13496,607143
9715799,12982,12924,607144
9715815,12194,12077,607145
9715831,11224,11126,607146
9715847,10192,10066,607147
9715863,9030,8883,607148
9715879,7737,7590,607149
9715895,6535,6415,607150
9715911,5444,5323,607151
9715927,4437,4323,607152
9715943,3533,3436,607153
9715959,2858,2697,607154
9715975,2308,2251,607155
9715991,2043,2016,607156
9716007,2021,2032,607157
9716023,2189,2249,607158
9716039,2643,2707,607159
9716055,3345,3449,607160
9716071,4192,4299,607161
9716087,5164,5299,607162
9716103,6307,6433,607163
9716119,7439,7570,607164
9716135,8620,8876,607165
9716151,9908,10043,607166
9716167,11036,11143,607167
9716183,11976,12082,607168
9716199,12841,12919,607169
9716215,13413,13472,607170
9716231,13901,13936,607171
9716247,14071,14063,607172
9716263,13984,13942,607173
9716279,13709,13652,607174
9716295,13208,13137,607175
9716311,12492,12287,607176
9716327,11500,11355,607177
9716343,10436,10306,607178
9716359,9337,9170,607179
9716375,8146,8030,607180
9716391,7003,6850,607181
9716407,5845,5536,607182
9716423,4683,4551,607183
9716439,3743,3670,607184
9716455,2981,2934,607185
9716471,2473,2382,607186
9716487,2069,2102,607187
9716503,1966,1963,607188
9716519,2125,2176,607189
9716535,2506,2550,607190
9716551,3132,3187,607191
9716567,3853,3962,607192
9716583,4801,5025,607193
9716599,6028,6145,607194
9716615,7116,7293,607195
9716631,8289,8432,607196
9716647,9513,9638,607197
9716663,10616,10728,607198
9716679,11705,11881,607199
9716695,12581,12666,607200
9716711,13274,13369,607201
9716727,13749,13798,607202
9716743,14003,14036,607203
9716759,14050,14008,607204
9716775,13800,13750,607205
9716791,13349,13253,607206
9716807,12715,12582,607207
9716823,11870,11727,607208
9716839,10854,10721,607209
9716855,9714,9494,607210
9716871,8491,8338,607211
9716887,7300,7126,607212
9716903,6116,5987,607213
9716919,5074,4929,607214
9716935,4033,3948,607215
9716951,3189,3118,607216
9716967,2505,2478,607217
9716983,2197,2142,607218
9716999,2001,1993,607219
9717015,2038,2070,607220
9717031,2351,2432,607221
9717047,2911,3000,607222
9717063,3656,3757,607223
9717079,4531,4662,607224
9717095,5543,5702,607225
9717111,6691,6849,607226
9717127,8019,8167,607227
9717143,9208,9347,607228
9717159,10342,10481,607229
9717175,11400,11508,607230
9717191,12289,12400,607231
9717207,13048,13168,607232
9717223,13663,13712,607233
9717239,14005,14007,607234
9717255,14048,14044,607235
9717271,13934,13899,607236
9717287,13550,13506,607237
9717303,12913,12761,607238
9717319,12111,11938,607239
9717335,11132,10981,607240
9717351,10034,9896,607241
9717367,8909,8763,607242
9717383,7712,7562,607243
9717399,6384,6258,607244
9717415,5272,5183,607245
9717431,4301,4205,607246
9717447,3471,3365,607247
9717463,2777,2714,607248
9717479,2288,2207,607249
9717495,2055,2021,607250
9717511,2044,2040,607251
9717527,2269,2321,607252
9717543,2696,2771,607253
9717559,3322,3435,607254
9717575,4301,4440,607255
9717591,5352,5460,607256
9717607,6426,6573,607257
9717623,7581,7742,607258
9717639,8794,8907,607259
9717655,9904,10162,607260
9717671,11120,11260,607261
9717687,12085,12179,607262
9717703,12884,12952,607263
9717719,13506,13534,607264
9717735,13898,13948,607265
9717751,14078,14072,607266
9717767,13979,13965,607267
9717783,13656,13605,607268
9717799,13124,13058,607269
9717815,12424,12313,607270
9717831,11498,11254,607271
9717847,10323,10219,607272
9717863,9191,9031,607273
9717879,8030,7872,607274
9717895,6851,6713,607275
9717911,5722,5579,607276
9717927,4664,4403,607277
9717943,3646,3537,607278
9717959,2907,2852,607279
9717975,2422,2372,607280
9717991,2105,2067,607281
9718007,2025,2026,607282
9718023,2194,2204,607283
9718039,2605,2640,607284
9718055,3197,3264,607285
9718071,4002,4090,607286
9718087,4896,5040,607287
9718103,6014,6309,607288
9718119,7310,7447,607289
9718135,8465,8607,607290
9718151,9612,9802,607291
9718167,10739,10890,607292
9718183,11739,11857,607293
9718199,12632,12777,607294
9718215,13334,13448,607295
9718231,13805,13862,607296
9718247,14030,14020,607297
9718263,14038,14040,607298
9718279,13804,13730,607299
9718295,13283,13192,607300
9718311,12571,12482,607301
9718327,11744,11637,607302
9718343,10757,10603,607303
9718359,9606,9473,607304
9718375,8445,8160,607305
9718391,7113,7004,607306
9718407,6013,5856,607307
9718423,4922,4788,607308
9718439,3980,3885,607309
9718455,3182,3082,607310
9718471,2471,2441,607311
9718487,2144,2130,607312
9718503,1974,1981,607313
9718519,2080,2109,607314
9718535,2386,2431,607315
9718551,2912,3121,607316
9718567,3765,3854,607317
9718583,4693,4814,607318
9718599,5726,5847,607319
9718615,6872,7015,607320
9718631,7967,8188,607321
9718647,9336,9480,607322
9718663,10445,10592,607323
9718679,11501,11652,607324
9718695,12366,12463,607325
9718711,13085,13194,607326
9718727,13657,13724,607327
9718743,14009,14038,607328
9718759,14050,14042,607329
9718775,13882,13828,607330
9718791,13444,13402,607331
9718807,12869,12777,607332
9718823,12075,11855,607333
9718839,11000,10889,607334
9718855,9940,9787,607335
9718871,8767,8637,607336
9718887,7575,7410,607337
9718903,6424,6243,607338
9718919,5156,5045,607339
9718935,4174,4068,607340
9718951,3320,3238,607341
9718967,2710,2635,607342
9718983,2233,2206,607343
9718999,2006,2005,607344
9719015,2074,2044,607345
9719031,2292,2335,607346
9719047,2773,2835,607347
9719063,3424,3526,607348
9719079,4304,4430,607349
9719095,5441,5580,607350
9719111,6529,6714,607351
9719127,7753,7891,607352
9719143,8914,9025,607353
9719159,10058,10178,607354
9719175,11126,11377,607355
9719191,12162,12288,607356
9719207,12960,13057,607357
9719223,13563,13632,607358
9719239,13947,13979,607359
9719255,14084,14081,607360
9719271,13930,13904,607361
9719287,13598,13552,607362
9719303,13073,12970,607363
9719319,12270,12174,607364
9719335,11357,11223,607365
9719351,10344,10170,607366
9719367,9088,8922,607367
9719383,7881,7750,607368
9719399,6724,6547,607369
9719415,5582,5464,607370
9719431,4533,4432,607371
9719447,3652,3424,607372
9719463,2838,2786,607373
9719479,2340,2301,607374
9719495,2030,2073,607375
9719511,1976,1982,607376
9719527,2192,2211,607377
9719543,2633,2712,607378
9719559,3292,3367,607379
9719575,4056,4194,607380
9719591,5051,5174,607381
9719607,6137,6261,607382
9719623,7304,7545,607383
9719639,8594,8765,607384
9719655,9761,9908,607385
9719671,10901,11016,607386
9719687,11833,11938,607387
9719703,12677,12759,607388
9719719,13435,13471,607389
9719735,13884,13903,607390
9719751,14067,14056,607391
9719767,14016,13993,607392
9719783,13746,13724,607393
9719799,13305,13212,607394
9719815,12475,12417,607395
9719831,11610,11518,607396
9719847,10568,10467,607397
9719863,9465,9341,607398
9719879,8316,8166,607399
9719895,7126,6833,607400
9719911,5855,5719,607401
9719927,4801,4682,607402
9719943,3847,3777,607403
9719959,3111,3023,607404
9719975,2528,2461,607405
9719991,2093,2044,607406
9720007,2004,2018,607407
9720023,2111,2155,607408
9720039,2426,2489,607409
9720055,3014,3109,607410
9720071,3721,3925,607411
9720087,4821,4941,607412
9720103,5837,5980,607413
9720119,6987,7151,607414
9720135,8198,8330,607415
9720151,9355,9491,607416
9720167,10563,10729,607417
9720183,11660,11766,607418
9720199,12458,12595,607419
9720215,13220,13291,607420
9720231,13697,13746,607421
9720247,14011,14035,607422
9720263,14074,14032,607423
9720279,13885,13814,607424
9720295,13411,13340,607425
9720311,12753,12682,607426
9720327,11954,11830,607427
9720343,11007,10731,607428
9720359,9729,9606,607429
9720375,8662,8464,607430
9720391,7444,7302,607431
9720407,6297,6126,607432
9720423,5181,5038,607433
9720439,4031,3972,607434
9720455,3243,3192,607435
9720471,2602,2551,607436
9720487,2200,2182,607437
9720503,1967,1978,607438
9720519,2044,2080,607439
9720535,2321,2371,607440
9720551,2841,2925,607441
9720567,3529,3650,607442
9720583,4413,4535,607443
9720599,5441,5550,607444
9720615,6749,6867,607445
9720631,7869,8015,607446
9720647,9076,9207,607447
9720663,10186,10340,607448
9720679,11241,11376,607449
9720695,12223,12403,607450
9720711,13062,13134,607451
9720727,13643,13657,607452
9720743,13969,14017,607453
9720759,14068,14053,607454
9720775,13937,13926,607455
9720791,13624,13485,607456
9720807,12955,12875,607457
9720823,12181,12068,607458
9720839,11237,11115,607459
9720855,10196,10056,607460
9720871,9028,8881,607461
9720887,7754,7570,607462
9720903,6553,6390,607463
9720919,5421,5300,607464
9720935,4414,4320,607465
9720951,3555,3469,607466
9720967,2833,2719,607467
9720983,2291,2257,607468
9720999,2020,2011,607469
9721015,2004,2020,607470
9721031,2216,2255,607471
9721047,2615,2695,607472
9721063,3339,3440,607473
9721079,4210,4309,607474
9721095,5150,5307,607475
9721111,6274,6419,607476
9721127,7411,7563,607477
9721143,8580,8855,607478
9721159,9938,10052,607479
9721175,10974,11118,607480
9721191,11978,12102,607481
9721207,12759,12903,607482
9721223,13398,13500,607483
9721239,13822,13897,607484
9721255,14108,14105,607485
9721271,14049,14004,607486
9721287,13675,13698,607487
9721303,13227,13148,607488
9721319,12506,12318,607489
9721335,11530,11367,607490
9721351,10504,10358,607491
9721367,9359,9193,607492
9721383,8201,8042,607493
9721399,6967,6832,607494
9721415,5870,5580,607495
9721431,4723,4555,607496
9721447,3771,3681,607497
9721463,2998,2932,607498
9721479,2456,2380,607499
9721495,2115,2079,607500
9721511,1998,1995,607501
9721527,2097,2152,607502
9721543,2472,2546,607503
9721559,3124,3181,607504
9721575,3898,3992,607505
9721591,4832,5032,607506
9721607,6016,6148,607507
9721623,7155,7290,607508
9721639,8316,8439,607509
9721655,9477,9642,607510
9721671,10564,10714,607511
9721687,11718,11893,607512
9721703,12596,12666,607513
9721719,13313,13363,607514
9721735,13709,13773,607515
9721751,14039,14053,607516
9721767,14032,14000,607517
9721783,13757,13752,607518
9721799,13352,13291,607519
9721815,12669,12564,607520
9721831,11847,11740,607521
9721847,10857,10711,607522
9721863,9697,9466,607523
9721879,8454,8303,607524
9721895,7269,7132,607525
9721911,6166,5994,607526
9721927,5072,4938,607527
9721943,4105,3978,607528
9721959,3177,3056,607529
9721975,2563,2516,607530
9721991,2170,2136,607531
9722007,2005,1993,607532
9722023,2070,2073,607533
9722039,2325,2430,607534
9722055,2922,2986,607535
9722071,3684,3768,607536
9722087,4560,4653,607537
9722103,5566,5733,607538
9722119,6729,6855,607539
9722135,8024,8183,607540
9722151,9251,9356,607541
9722167,10307,10445,607542
9722183,11376,11498,607543
9722199,12285,12394,607544
9722215,13047,13165,607545
9722231,13611,13677,607546
9722247,13978,14001,607547
9722263,14065,14033,607548
9722279,13938,13894,607549
9722295,13527,13462,607550
9722311,12964,12788,607551
9722327,12055,11965,607552
9722343,11081,10974,607553
9722359,10060,9908,607554
9722375,8897,8770,607555
9722391,7720,7563,607556
9722407,6377,6264,607557
9722423,5304,5168,607558
9722439,4338,4209,607559
9722455,3398,3340,607560
9722471,2788,2706,607561
9722487,2319,2201,607562
9722503,2002,1989,607563
9722519,2035,2031,607564
9722535,2271,2297,607565
9722551,2700,2780,607566
9722567,3384,3457,607567
9722583,4323,4457,607568
9722599,5332,5460,607569
9722615,6430,6568,607570
9722631,7572,7716,607571
9722647,8810,8898,607572
9722663,9936,10163,607573
9722679,11159,11263,607574
9722695,12060,12162,607575
9722711,12879,12985,607576
9722727,13449,13532,607577
9722743,13903,13922,607578
9722759,14045,14051,607579
9722775,13973,13935,607580
9722791,13648,13594,607581
9722807,13122,13049,607582
9722823,12399,12290,607583
9722839,11445,11296,607584
9722855,10314,10190,607585
9722871,9161,9042,607586
9722887,8061,7901,607587
9722903,6817,6687,607588
9722919,5718,5579,607589
9722935,4688,4430,607590
9722951,3638,3531,607591
9722967,2900,2848,607592
9722983,2396,2329,607593
9722999,2090,2046,607594
9723015,1956,1989,607595
9723031,2177,2204,607596
9723047,2608,2663,607597
9723063,3171,3263,607598
9723079,3977,4094,607599
9723095,4897,5063,607600
9723111,5994,6299,607601
9723127,7258,7413,607602
9723143,8476,8630,607603
9723159,9606,9768,607604
9723175,10738,10852,607605
9723191,11705,11874,607606
9723207,12645,12792,607607
9723223,13347,13431,607608
9723239,13825,13865,607609
9723255,14030,14053,607610
9723271,14039,14033,607611
9723287,13793,13747,607612
9723303,13299,13188,607613
9723319,12593,12473,607614
9723335,11729,11591,607615
9723351,10754,10615,607616
9723367,9607,9472,607617
9723383,8424,8144,607618
9723399,7166,7022,607619
9723415,5994,5844,607620
9723431,4960,4828,607621
9723447,3997,3889,607622
9723463,3200,3119,607623
9723479,2435,2439,607624
9723495,2138,2110,607625
9723511,1965,1976,607626
9723527,2053,2102,607627
9723543,2383,2436,607628
9723559,2938,3148,607629
9723575,3778,3866,607630
9723591,4680,4803,607631
9723607,5718,5856,607632
9723623,6860,7007,607633
9723639,7997,8144,607634
9723655,9352,9483,607635
9723671,10468,10598,607636
9723687,11482,11620,607637
9723703,12412,12530,607638
9723719,13091,13164,607639
9723735,13615,13702,607640
9723751,14014,14042,607641
9723767,14078,14045,607642
9723783,13921,13865,607643
9723799,13485,13422,607644
9723815,12840,12773,607645
9723831,12057,11872,607646
9723847,11002,10878,607647
9723863,9919,9785,607648
9723879,8768,8608,607649
9723895,7572,7417,607650
9723911,6425,6224,607651
9723927,5165,5066,607652
9723943,4180,4072,607653
9723959,3347,3276,607654
9723975,2685,2643,607655
9723991,2244,2198,607656
9724007,2005,1988,607657
9724023,2022,2031,607658
9724039,2316,2347,607659
9724055,2749,2835,607660
9724071,3439,3553,607661
9724087,4333,4436,607662
9724103,5451,5589,607663
9724119,6561,6698,607664
9724135,7724,7872,607665
9724151,8910,9028,607666
9724167,10044,10210,607667
9724183,11134,11400,607668
9724199,12198,12295,607669
9724215,12949,13050,607670
9724231,13537,13588,607671
9724247,13915,13941,607672
9724263,14053,14062,607673
9724279,13980,13953,607674
9724295,13591,13528,607675
9724311,13075,12956,607676
9724327,12296,12189,607677
9724343,11377,11246,607678
9724359,10305,10158,607679
9724375,9082,8919,607680
9724391,7902,7761,607681
9724407,6713,6574,607682
9724423,5569,5428,607683
9724439,4547,4434,607684
9724455,3674,3455,607685
9724471,2828,2774,607686
9724487,2320,2289,607687
9724503,2074,2039,607688
9724519,2016,1981,607689
9724535,2199,2175,607690
9724551,2638,2704,607691
9724567,3269,3341,607692
9724583,4095,4212,607693
9724599,5057,5185,607694
9724615,6106,6290,607695
9724631,7306,7563,607696
9724647,8586,8770,607697
9724663,9755,9915,607698
9724679,10870,10968,607699
9724695,11881,11997,607700
9724711,12704,12826,607701
9724727,13470,13504,607702
9724743,13846,13891,607703
9724759,14072,14097,607704
9724775,13986,13971,607705
9724791,13738,13682,607706
9724807,13241,13168,607707
9724823,12499,12422,607708
9724839,11628,11502,607709
9724855,10585,10468,607710
9724871,9469,9363,607711
9724887,8301,8160,607712
9724903,7098,6828,607713
9724919,5854,5730,607714
9724935,4779,4672,607715
9724951,3870,3770,607716
9724967,3072,2985,607717
9724983,2484,2437,607718
9724999,2108,2045,607719
9725015,1982,1992,607720
9725031,2137,2140,607721
9725047,2433,2477,607722
9725063,2995,3101,607723
9725079,3736,3937,607724
9725095,4782,4909,607725
9725111,5871,6019,607726
9725127,7007,7136,607727
9725143,8176,8306,607728
9725159,9329,9488,607729
9725175,10588,10723,607730
9725191,11589,11727,607731
9725207,12459,12578,607732
9725223,13198,13272,607733
9725239,13705,13771,607734
9725255,13966,14013,607735
9725271,14060,14047,607736
9725287,13848,13795,607737
9725303,13416,13318,607738
9725319,12790,12683,607739
9725335,11969,11851,607740
9725351,10981,10734,607741
9725367,9784,9634,607742
9725383,8593,8449,607743
9725399,7465,7290,607744
9725415,6269,6128,607745
9725431,5186,5057,607746
9725447,4049,3976,607747
9725463,3294,3195,607748
9725479,2631,2562,607749
9725495,2189,2196,607750
9725511,1996,2004,607751
9725527,2048,2080,607752
9725543,2325,2365,607753
9725559,2832,2942,607754
9725575,3550,3658,607755
9725591,4426,4540,607756
9725607,5440,5563,607757
9725623,6714,6869,607758
9725639,7900,8023,607759
9725655,9032,9186,607760
9725671,10213,10354,607761
9725687,11269,11387,607762
9725703,12192,12398,607763
9725719,13036,13150,607764
9725735,13591,13661,607765
9725751,13925,13955,607766
9725767,14021,14057,607767
9725783,13933,13909,607768
9725799,13584,13498,607769
9725815,12966,12875,607770
9725831,12178,12076,607771
9725847,11205,11103,607772
9725863,10175,10040,607773
9725879,9073,8904,607774
9725895,7742,7582,607775
9725911,6575,6432,607776
9725927,5435,5297,607777
9725943,4431,4311,607778
9725959,3536,3439,607779
9725975,2870,2711,607780
9725991,2320,2246,607781
9726007,2020,2013,607782
9726023,2028,2028,607783
9726039,2190,2240,607784
9726055,2647,2697,607785
9726071,3360,3468,607786
9726087,4180,4306,607787
9726103,5179,5298,607788
9726119,6246,6411,607789
9726135,7447,7581,607790
9726151,8592,8863,607791
9726167,9924,10052,607792
9726183,10994,11105,607793
9726199,11982,12093,607794
9726215,12765,12878,607795
9726231,13396,13478,607796
9726247,13861,13924,607797
9726263,14026,14038,607798
9726279,13994,13998,607799
9726295,13703,13673,607800
9726311,13172,13115,607801
9726327,12477,12292,607802
9726343,11475,11368,607803
9726359,10500,10329,607804
9726375,9338,9206,607805
9726391,8160,8010,607806
9726407,6987,6839,607807
9726423,5857,5558,607808
9726439,4688,4542,607809
9726455,3751,3669,607810
9726471,2998,2929,607811
9726487,2474,2403,607812
9726503,2113,2100,607813
9726519,1992,2000,607814
9726535,2140,2192,607815
9726551,2507,2559,607816
9726567,3069,3184,607817
9726583,3854,3958,607818
9726599,4784,5026,607819
9726615,5988,6113,607820
9726631,7134,7287,607821
9726647,8305,8466,607822
9726663,9483,9633,607823
9726679,10614,10741,607824
9726695,11698,11851,607825
9726711,12613,12723,607826
9726727,13301,13363,607827
9726743,13786,13822,607828
9726759,14044,14030,607829
9726775,14069,14070,607830
9726791,13777,13744,607831
9726807,13306,13253,607832
9726823,12672,12590,607833
9726839,11850,11747,607834
9726855,10877,10730,607835
9726871,9700,9482,607836
9726887,8481,8344,607837
9726903,7290,7146,607838
9726919,6123,5976,607839
9726935,5071,4926,607840
9726951,4064,3973,607841
9726967,3175,3077,607842
9726983,2589,2511,607843
9726999,2118,2115,607844
9727015,2008,1997,607845
9727031,2077,2076,607846
9727047,2356,2458,607847
9727063,2916,3012,607848
9727079,3662,3749,607849
9727095,4542,4697,607850
9727111,5570,5725,607851
9727127,6696,6849,607852
9727143,8030,8186,607853
9727159,9166,9322,607854
9727175,10350,10453,607855
9727191,11361,11509,607856
9727207,12277,12383,607857
9727223,13053,13152,607858
9727239,13653,13705,607859
9727255,14009,14016,607860
9727271,14056,14065,607861
9727287,13947,13901,607862
9727303,13550,13460,607863
9727319,12952,12782,607864
9727335,12065,11950,607865
9727351,11141,11007,607866
9727367,10023,9894,607867
9727383,8904,8786,607868
9727399,7707,7574,607869
9727415,6434,6275,607870
9727431,5349,5209,607871
9727447,4315,4199,607872
9727463,3485,3361,607873
9727479,2790,2699,607874
9727495,2310,2209,607875
9727511,2029,2022,607876
9727527,2012,2022,607877
9727543,2242,2280,607878
9727559,2669,2771,607879
9727575,3348,3439,607880
9727591,4272,4426,607881
9727607,5341,5445,607882
9727623,6416,6557,607883
9727639,7564,7738,607884
9727655,8733,8894,607885
9727671,9906,10136,607886
9727687,11118,11223,607887
9727703,12083,12191,607888
9727719,12864,12972,607889
9727735,13466,13518,607890
9727751,13881,13924,607891
9727767,14027,14046,607892
9727783,13979,13960,607893
9727799,13684,13597,607894
9727815,13128,13056,607895
9727831,12407,12295,607896
9727847,11453,11294,607897
9727863,10334,10190,607898
9727879,9172,9039,607899
9727895,8046,7904,607900
9727911,6870,6721,607901
9727927,5748,5590,607902
9727943,4690,4430,607903
9727959,3663,3541,607904
9727975,2930,2850,607905
9727991,2417,2358,607906
9728007,2058,2045,607907
9728023,1973,1998,607908
9728039,2140,2193,607909
9728055,2602,2663,607910
9728071,3193,3265,607911
9728087,3978,4086,607912
9728103,4917,5051,607913
9728119,5974,6295,607914
9728135,7341,7422,607915
9728151,8464,8602,607916
9728167,9619,9773,607917
9728183,10715,10882,607918
9728199,11739,11881,607919
9728215,12613,12758,607920
9728231,13366,13426,607921
9728247,13863,13891,607922
9728263,14034,14051,607923
9728279,14022,14009,607924
9728295,13763,13700,607925
9728311,13285,13197,607926
9728327,12589,12493,607927
9728343,11732,11608,607928
9728359,10774,10619,607929
9728375,9646,9495,607930
9728391,8483,8186,607931
9728407,7152,7003,607932
9728423,5993,5845,607933
9728439,4905,4791,607934
9728455,3950,3860,607935
9728471,3187,3106,607936
9728487,2454,2428,607937
9728503,2148,2107,607938
9728519,1961,1965,607939
9728535,2116,2123,607940
9728551,2418,2463,607941
9728567,2948,3160,607942
9728583,3754,3854,607943
9728599,4661,4781,607944
9728615,5705,5833,607945
9728631,6826,6981,607946
9728647,8048,8173,607947
9728663,9331,9488,607948
9728679,10504,10593,607949
9728695,11512,11613,607950
9728711,12393,12510,607951
9728727,13150,13206,607952
9728743,13662,13725,607953
9728759,14046,14052,607954
9728775,14047,14029,607955
9728791,13897,13876,607956
9728807,13492,13424,607957
9728823,12896,12795,607958
9728839,12084,11873,607959
9728855,10968,10859,607960
9728871,9937,9800,607961
9728887,8727,8605,607962
9728903,7583,7445,607963
9728919,6436,6224,607964
9728935,5193,5055,607965
9728951,4213,4094,607966
9728967,3354,3255,607967
9728983,2673,2617,607968
9728999,2252,2205,607969
9729015,2016,1982,607970
9729031,2041,2060,607971
9729047,2278,2348,607972
9729063,2772,2840,607973
9729079,3453,3540,607974
9729095,4314,4423,607975
9729111,5428,5585,607976
9729127,6527,6718,607977
9729143,7760,7895,607978
9729159,8869,9034,607979
9729175,10054,10165,607980
9729191,11100,11378,607981
9729207,12180,12261,607982
9729223,12956,13050,607983
9729239,13525,13602,607984
9729255,13953,13984,607985
9729271,14074,14080,607986
9729287,13978,13920,607987
9729303,13563,13495,607988
9729319,13027,12936,607989
9729335,12290,12167,607990
9729351,11384,11288,607991
9729367,10325,10184,607992
9729383,9065,8910,607993
9729399,7898,7759,607994
9729415,6700,6552,607995
9729431,5543,5438,607996
9729447,4547,4418,607997
9729463,3653,3456,607998
9729479,2829,2767,607999
9729495,2349,2272,608000
9729511,2005,2008,608001
9729527,2005,2014,608002
9729543,2171,2194,608003
9729559,2638,2711,608004
9729575,3239,3349,608005
9729591,4101,4187,608006
9729607,5049,5178,608007
9729623,6146,6292,608008
9729639,7271,7547,608009
9729655,8623,8784,608010
9729671,9759,9913,608011
9729687,10874,10984,608012
9729703,11880,11962,608013
9729719,12684,12793,608014
9729735,13437,13499,608015
9729751,13866,13886,608016
9729767,14052,14058,608017
9729783,14048,14023,608018
9729799,13740,13668,608019
9729815,13279,13182,608020
9729831,12457,12374,608021
9729847,11605,11507,608022
9729863,10596,10484,608023
9729879,9505,9352,608024
9729895,8304,8165,608025
9729911,7107,6830,608026
9729927,5901,5737,608027
9729943,4814,4687,608028
9729959,3835,3754,608029
9729975,3097,3001,608030
9729991,2484,2464,608031
9730007,2139,2090,608032
9730023,2017,2020,608033
9730039,2108,2137,608034
9730055,2450,2511,608035
9730071,2978,3067,608036
9730087,3710,3946,608037
9730103,4784,4918,608038
9730119,5834,6012,608039
9730135,6976,7128,608040
9730151,8193,8353,608041
9730167,9364,9492,608042
9730183,10573,10742,608043
9730199,11605,11740,608044
9730215,12485,12584,608045
9730231,13192,13294,608046
9730247,13688,13752,608047
9730263,14040,14054,608048
9730279,14039,14027,608049
9730295,13814,13775,608050
9730311,13435,13350,608051
9730327,12730,12646,608052
9730343,11958,11827,608053
9730359,10995,10717,608054
9730375,9791,9645,608055
9730391,8579,8459,608056
9730407,7473,7316,608057
9730423,6267,6145,608058
9730439,5160,5027,608059
9730455,4038,3982,608060
9730471,3278,3202,608061
9730487,2662,2600,608062
9730503,2177,2143,608063
9730519,2018,1990,608064
9730535,2027,2083,608065
9730551,2347,2393,608066
9730567,2870,2948,608067
9730583,3551,3673,608068
9730599,4419,4523,608069
9730615,5437,5559,608070
9730631,6699,6823,608071
9730647,7915,8061,608072
9730663,9089,9206,608073
9730679,10214,10334,608074
9730695,11256,11386,608075
9730711,12197,12429,608076
9730727,13027,13110,608077
9730743,13606,13674,608078
9730759,13975,13983,608079
9730775,14039,14054,608080
9730791,13940,13929,608081
9730807,13623,13503,608082
9730823,12928,12886,608083
9730839,12203,12076,608084
9730855,11266,11137,608085
9730871,10182,10060,608086
9730887,9081,8891,608087
9730903,7741,7583,608088
9730919,6595,6410,608089
9730935,5443,5307,608090
9730951,4421,4314,608091
9730967,3548,3446,608092
9730983,2813,2693,608093
9730999,2292,2244,608094
9731015,2039,2006,608095
9731031,1997,2017,608096
9731047,2212,2227,608097
9731063,2658,2683,608098
9731079,3342,3458,608099
9731095,4212,4310,608100
9731111,5192,5313,608101
9731127,6282,6413,608102
9731143,7451,7580,608103
9731159,8610,8836,608104
9731175,9896,10070,608105
9731191,10999,11139,608106
9731207,11914,12051,608107
9731223,12792,12914,608108
9731239,13385,13454,608109
9731255,13902,13936,608110
9731271,14091,14072,608111
9731287,14009,13979,608112
9731303,13709,13660,608113
9731319,13191,13129,608114
9731335,12490,12342,608115
9731351,11477,11366,608116
9731367,10496,10354,608117
9731383,9322,9187,608118
9731399,8148,8056,608119
9731415,7028,6855,608120
9731431,5827,5544,608121
9731447,4656,4541,608122
9731463,3774,3650,608123
9731479,3028,2932,608124
9731495,2473,2389,608125
9731511,2120,2060,608126
9731527,1981,1993,608127
9731543,2141,2166,608128
9731559,2498,2594,608129
9731575,3055,3181,608130
9731591,3889,3981,608131
9731607,4776,5011,608132
9731623,6026,6132,608133
9731639,7150,7283,608134
9731655,8312,8462,608135
9731671,9472,9613,608136
9731687,10605,10713,608137
9731703,11688,11860,608138
9731719,12571,12660,608139
9731735,13238,13303,608140
9731751,13740,13803,608141
9731767,14022,14045,608142
9731783,14004,14025,608143
9731799,13813,13746,608144
9731815,13316,13235,608145
9731831,12705,12589,608146
9731847,11863,11750,608147
9731863,10899,10746,608148
9731879,9700,9485,608149
9731895,8473,8334,608150
9731911,7292,7149,608151
9731927,6170,5995,608152
9731943,5058,4928,608153
9731959,4092,3986,608154
9731975,3196,3102,608155
9731991,2606,2490,608156
9732007,2168,2123,608157
9732023,1993,1987,608158
9732039,2082,2087,608159
9732055,2363,2456,608160
9732071,2914,3004,608161
9732087,3652,3753,608162
9732103,4532,4682,608163
9732119,5602,5727,608164
9732135,6706,6848,608165
9732151,8033,8181,608166
9732167,9162,9322,608167
9732183,10364,10478,608168
9732199,11380,11473,608169
9732215,12338,12409,608170
9732231,13021,13138,608171
9732247,13687,13722,608172
9732263,13942,13982,608173
9732279,14032,14045,608174
9732295,13948,13906,608175
9732311,13584,13510,608176
9732327,12917,12764,608177
9732343,12106,11987,608178
9732359,11128,11007,608179
9732375,10047,9916,608180
9732391,8878,8734,608181
9732407,7740,7581,608182
9732423,6368,6270,608183
9732439,5295,5185,608184
9732455,4339,4215,608185
9732471,3441,3338,608186
9732487,2741,2672,608187
9732503,2274,2224,608188
9732519,2020,1994,608189
9732535,2003,2033,608190
9732551,2266,2292,608191
9732567,2731,2785,608192
9732583,3370,3444,608193
9732599,4324,4447,608194
9732615,5323,5436,608195
9732631,6428,6581,608196
9732647,7614,7738,608197
9732663,8734,8896,608198
9732679,9902,10137,608199
9732695,11116,11236,608200
9732711,12058,12135,608201
9732727,12875,12980,608202
9732743,13479,13529,608203
9732759,13893,13905,608204
9732775,14072,14064,608205
9732791,13992,13973,608206
9732807,13644,13619,608207
9732823,13122,13046,608208
9732839,12428,12289,608209
9732855,11525,11268,608210
9732871,10346,10203,608211
9732887,9159,9045,608212
9732903,8033,7894,608213
9732919,6844,6713,608214
9732935,5718,5579,608215
9732951,4698,4414,608216
9732967,3658,3551,608217
9732983,2901,2845,608218
9732999,2395,2329,608219
9733015,2045,2038,608220
9733031,1998,2012,608221
9733047,2145,2201,608222
9733063,2600,2657,608223
9733079,3176,3263,608224
9733095,3968,4095,608225
9733111,4943,5057,608226
9733127,6007,6305,608227
9733143,7304,7444,608228
9733159,8464,8617,608229
9733175,9636,9782,608230
9733191,10720,10862,608231
9733207,11760,11874,608232
9733223,12647,12805,608233
9733239,13362,13426,608234
9733255,13803,13872,608235
9733271,14013,14035,608236
9733287,14052,14011,608237
9733303,13822,13782,608238
9733319,13315,13223,608239
9733335,12607,12503,608240
9733351,11740,11616,608241
9733367,10711,10594,608242
9733383,9610,9469,608243
9733399,8470,8174,608244
9733415,7164,6988,608245
9733431,5971,5868,608246
9733447,4934,4813,608247
9733463,3956,3860,608248
9733479,3176,3069,608249
9733495,2460,2457,608250
9733511,2156,2123,608251
9733527,2006,1989,608252
9733543,2087,2114,608253
9733559,2401,2423,608254
9733575,2954,3168,608255
9733591,3782,3855,608256
9733607,4679,4802,608257
9733623,5681,5852,608258
9733639,6852,7014,608259
9733655,8004,8173,608260
9733671,9325,9479,608261
9733687,10474,10608,608262
9733703,11510,11616,608263
9733719,12380,12520,608264
9733735,13113,13218,608265
9733751,13654,13713,608266
9733767,14029,14048,608267
9733783,14072,14068,608268
9733799,13914,13887,608269
9733815,13506,13376,608270
9733831,12904,12729,608271
9733847,12055,11848,608272
9733863,11025,10868,608273
9733879,9910,9765,608274
9733895,8754,8607,608275
9733911,7596,7443,608276
9733927,6419,6259,608277
9733943,5186,5055,608278
9733959,4202,4096,608279
9733975,3362,3251,608280
9733991,2719,2639,608281
9734007,2278,2199,608282
9734023,2017,2010,608283
9734039,2057,2080,608284
9734055,2275,2335,608285
9734071,2802,2872,608286
9734087,3458,3544,608287
9734103,4321,4437,608288
9734119,5418,5579,608289
9734135,6545,6682,608290
9734151,7742,7883,608291
9734167,8928,9059,608292
9734183,10021,10175,608293
9734199,11114,11390,608294
9734215,12157,12288,608295
9734231,12961,13052,608296
9734247,13575,13607,608297
9734263,13956,13982,608298
9734279,14114,14067,608299
9734295,14008,13948,608300
9734311,13588,13552,608301
9734327,13076,12978,608302
9734343,12275,12171,608303
9734359,11363,11254,608304
9734375,10322,10174,608305
9734391,9060,8910,608306
9734407,7863,7730,608307
9734423,6725,6553,608308
9734439,5590,5437,608309
9734455,4530,4429,608310
9734471,3646,3458,608311
9734487,2831,2758,608312
9734503,2371,2311,608313
9734519,2015,2011,608314
9734535,1994,2000,608315
9734551,2180,2206,608316
9734567,2645,2722,608317
9734583,3265,3336,608318
9734599,4099,4201,608319
9734615,5031,5162,608320
9734631,6154,6276,608321
9734647,7259,7554,608322
9734663,8598,8776,608323
9734679,9789,9928,608324
9734695,10866,11004,608325
9734711,11840,11963,608326
9734727,12696,12790,608327
9734743,13418,13475,608328
9734759,13859,13911,608329
9734775,14042,14058,608330
9734791,14014,14017,608331
9734807,13732,13724,608332
9734823,13255,13206,608333
9734839,12506,12393,608334
9734855,11618,11510,608335
9734871,10601,10473,608336
9734887,9483,9339,608337
9734903,8321,8164,608338
9734919,7107,6852,608339
9734935,5858,5733,608340
9734951,4784,4682,608341
9734967,3895,3775,608342
9734983,3066,3006,608343
9734999,2516,2454,608344
9735015,2122,2081,608345
9735031,1981,1966,608346
9735047,2099,2143,608347
9735063,2449,2507,608348
9735079,2997,3073,608349
9735095,3750,3945,608350
9735111,4796,4921,608351
9735127,5861,6003,608352
9735143,7004,7158,608353
9735159,8184,8318,608354
9735175,9330,9473,608355
9735191,10555,10708,608356
9735207,11603,11730,608357
9735223,12522,12633,608358
9735239,13217,13271,608359
9735255,13710,13792,608360
9735271,14042,14061,608361
9735287,14043,14039,608362
9735303,13861,13793,608363
9735319,13437,13365,608364
9735335,12757,12680,608365
9735351,11981,11876,608366
9735367,10942,10722,608367
9735383,9770,9617,608368
9735399,8635,8468,608369
9735415,7417,7288,608370
9735431,6294,6123,608371
9735447,5192,5026,608372
9735463,4048,3979,608373
9735479,3264,3183,608374
9735495,2638,2565,608375
9735511,2215,2141,608376
9735527,1995,1998,608377
9735543,2018,2104,608378
9735559,2347,2397,608379
9735575,2830,2908,608380
9735591,3548,3668,608381
9735607,4409,4548,608382
9735623,5444,5552,608383
9735639,6687,6849,608384
9735655,7889,8013,608385
9735671,9085,9185,608386
9735687,10162,10324,608387
9735703,11229,11396,608388
9735719,12187,12393,608389
9735735,12992,13101,608390
9735751,13611,13657,608391
9735767,13972,13986,608392
9735783,14036,14050,608393
9735799,13921,13885,608394
9735815,13575,13469,608395
9735831,12968,12907,608396
9735847,12173,12052,608397
9735863,11225,11126,608398
9735879,10188,10050,608399
9735895,9039,8901,608400
9735911,7689,7560,608401
9735927,6543,6401,608402
9735943,5461,5322,608403
9735959,4463,4328,608404
9735975,3580,3453,608405
9735991,2824,2700,608406
9736007,2300,2272,608407
9736023,2031,2006,608408
9736039,1976,2002,608409
9736055,2218,2245,608410
9736071,2666,2708,608411
9736087,3377,3463,608412
9736103,4184,4300,608413
9736119,5160,5311,608414
9736135,6269,6406,608415
9736151,7445,7594,608416
9736167,8592,8856,608417
9736183,9923,10050,608418
9736199,11021,11154,608419
9736215,11979,12082,608420
9736231,12777,12885,608421
9736247,13393,13477,608422
9736263,13846,13921,608423
9736279,14071,14064,608424
9736295,14002,13972,608425
9736311,13665,13611,608426
9736327,13196,13087,608427
9736343,12487,12318,608428
9736359,11512,11391,608429
9736375,10466,10320,608430
9736391,9329,9201,608431
9736407,8162,8016,608432
9736423,6986,6843,608433
9736439,5881,5555,608434
9736455,4700,4542,608435
9736471,3792,3696,608436
9736487,3017,2950,608437
9736503,2439,2386,608438
9736519,2112,2096,608439
9736535,2016,2010,608440
9736551,2137,2165,608441
9736567,2545,2602,608442
9736583,3128,3188,608443
9736599,3843,3976,608444
9736615,4817,5042,608445
9736631,5990,6152,608446
9736647,7123,7282,608447
9736663,8325,8460,608448
9736679,9498,9634,608449
9736695,10611,10740,608450
9736711,11647,11862,608451
9736727,12594,12691,608452
9736743,13282,13368,608453
9736759,13774,13794,608454
9736775,13987,14038,608455
9736791,14047,14018,608456
9736807,13828,13764,608457
9736823,13361,13282,608458
9736839,12704,12611,608459
9736855,11891,11733,608460
9736871,10882,10746,608461
9736887,9694,9484,608462
9736903,8428,8287,608463
9736919,7287,7129,608464
9736935,6099,5986,608465
9736951,5039,4918,608466
9736967,4075,3975,608467
9736983,3138,3072,608468
9736999,2519,2480,608469
9737015,2145,2122,608470
9737031,2020,2008,608471
9737047,2044,2097,608472
9737063,2336,2446,608473
9737079,2947,3006,608474
9737095,3659,3758,608475
9737111,4561,4692,608476
9737127,5577,5721,608477
9737143,6752,6871,608478
9737159,7987,8162,608479
9737175,9179,9345,608480
9737191,10314,10447,608481
9737207,11365,11493,608482
9737223,12286,12380,608483
9737239,13072,13161,608484
9737255,13665,13718,608485
9737271,13949,13958,608486
9737287,14071,14048,608487
9737303,13951,13911,608488
9737319,13549,13521,608489
9737335,12974,12774,608490
9737351,12083,11977,608491
9737367,11116,10991,608492
9737383,10028,9908,608493
9737399,8898,8753,608494
9737415,7748,7581,608495
9737431,6408,6282,608496
9737447,5278,5173,608497
9737463,4297,4206,608498
9737479,3435,3332,608499
9737495,2771,2697,608500
9737511,2328,2219,608501
9737527,2011,2015,608502
9737543,2007,2025,608503
9737559,2230,2280,608504
9737575,2714,2780,608505
9737591,3370,3468,608506
9737607,4275,4415,608507
9737623,5346,5465,608508
9737639,6405,6549,608509
9737655,7560,7739,608510
9737671,8788,8927,608511
9737687,9935,10137,608512
9737703,11144,11265,608513
9737719,12063,12138,608514
9737735,12909,13003,608515
9737751,13465,13552,608516
9737767,13882,13926,608517
9737783,14078,14074,608518
9737799,13988,13976,608519
9737815,13652,13593,608520
9737831,13138,13057,608521
9737847,12362,12269,608522
9737863,11515,11297,608523
9737879,10341,10194,608524
9737895,9192,9042,608525
9737911,8011,7876,608526
9737927,6814,6686,608527
9737943,5738,5588,608528
9737959,4663,4427,608529
9737975,3655,3538,608530
9737991,2912,2823,608531
9738007,2390,2347,608532
9738023,2044,2050,608533
9738039,1997,1986,608534
9738055,2176,2197,608535
9738071,2542,2623,608536
9738087,3181,3277,608537
9738103,3953,4069,608538
9738119,4924,5037,608539
9738135,5978,6272,608540
9738151,7303,7414,608541
9738167,8455,8613,608542
9738183,9574,9761,608543
9738199,10747,10885,608544
9738215,11718,11851,608545
9738231,12618,12798,608546
9738247,13346,13429,608547
9738263,13786,13824,608548
9738279,14035,14063,608549
9738295,14070,14020,608550
9738311,13778,13743,608551
9738327,13224,13157,608552
9738343,12561,12477,608553
9738359,11741,11628,608554
9738375,10743,10613,608555
9738391,9601,9483,608556
9738407,8446,8164,608557
9738423,7147,6989,608558
9738439,5996,5865,608559
9738455,4911,4805,608560
9738471,3944,3854,608561
9738487,3192,3097,608562
9738503,2436,2442,608563
9738519,2127,2110,608564
9738535,2002,1977,608565
9738551,2071,2120,608566
9738567,2361,2432,608567
9738583,2910,3127,608568
9738599,3753,3842,608569
9738615,4689,4788,608570
9738631,5744,5873,608571
9738647,6852,7000,608572
9738663,8027,8166,608573
9738679,9348,9517,608574
9738695,10457,10603,608575
9738711,11515,11625,608576
9738727,12384,12470,608577
9738743,13097,13179,608578
9738759,13635,13715,608579
9738775,14054,14030,608580
9738791,14066,14069,608581
9738807,13890,13845,608582
9738823,13512,13455,608583
9738839,12854,12792,608584
9738855,12050,11858,608585
9738871,10981,10851,608586
9738887,9913,9773,608587
9738903,8741,8608,608588
9738919,7546,7430,608589
9738935,6414,6248,608590
9738951,5119,5052,608591
9738967,4190,4052,608592
9738983,3333,3252,608593
9738999,2703,2648,608594
9739015,2274,2219,608595
9739031,2006,1984,608596
9739047,2031,2083,608597
9739063,2280,2306,608598
9739079,2790,2871,608599
9739095,3425,3538,608600
9739111,4278,4415,608601
9739127,5442,5572,608602
9739143,6592,6729,608603
9739159,7725,7882,608604
9739175,8918,9067,608605
9739191,10089,10211,608606
9739207,11156,11384,608607
9739223,12146,12275,608608
9739239,12982,13082,608609
9739255,13543,13612,608610
9739271,13916,13959,608611
9739287,14032,14010,608612
9739303,13963,13901,608613
9739319,13610,13526,608614
9739335,13053,12965,608615
9739351,12245,12172,608616
9739367,11387,11258,608617
9739383,10346,10192,608618
9739399,9055,8925,608619
9739415,7889,7737,608620
9739431,6701,6548,608621
9739447,5587,5451,608622
9739463,4564,4433,608623
9739479,3669,3461,608624
9739495,2833,2784,608625
9739511,2335,2282,608626
9739527,2020,2012,608627
9739543,2020,2010,608628
9739559,2197,2198,608629
9739575,2640,2726,608630
9739591,3285,3352,608631
9739607,4042,4177,608632
9739623,5037,5188,608633
9739639,6112,6292,608634
9739655,7276,7558,608635
9739671,8624,8749,608636
9739687,9798,9942,608637
9739703,10847,10971,608638
9739719,11832,11937,608639
9739735,12704,12799,608640
9739751,13409,13468,608641
9739767,13878,13900,608642
9739783,14046,14049,608643
9739799,14030,14004,608644
9739815,13728,13679,608645
9739831,13307,13206,608646
9739847,12499,12392,608647
9739863,11606,11516,608648
9739879,10586,10462,608649
9739895,9495,9348,608650
9739911,8300,8161,608651
9739927,7123,6853,608652
9739943,5838,5705,608653
9739959,4807,4682,608654
9739975,3878,3771,608655
9739991,3055,2997,608656
9740007,2519,2438,608657
9740023,2118,2079,608658
9740039,1967,1965,608659
9740055,2119,2121,608660
9740071,2472,2523,608661
9740087,2987,3080,608662
9740103,3757,3958,608663
9740119,4837,4950,608664
9740135,5877,5996,608665
9740151,7003,7149,608666
9740167,8190,8338,608667
9740183,9367,9460,608668
9740199,10578,10728,608669
9740215,11604,11720,608670
9740231,12466,12552,608671
9740247,13207,13254,608672
9740263,13703,13761,608673
9740279,13984,14013,608674
9740295,14085,14063,608675
9740311,13809,13771,608676
9740327,13427,13348,608677
9740343,12754,12661,608678
9740359,11985,11882,608679
9740375,10947,10736,608680
9740391,9765,9610,608681
9740407,8626,8456,608682
9740423,7461,7294,608683
9740439,6295,6146,608684
9740455,5159,5045,608685
9740471,4051,3970,608686
9740487,3254,3189,608687
9740503,2631,2565,608688
9740519,2201,2165,608689
9740535,2031,1984,608690
9740551,2035,2080,608691
9740567,2357,2386,608692
9740583,2859,2944,608693
9740599,3552,3669,608694
9740615,4454,4542,608695
9740631,5430,5572,608696
9740647,6748,6874,608697
9740663,7888,8030,608698
9740679,9078,9221,608699
9740695,10197,10353,608700
9740711,11288,11390,608701
9740727,12173,12381,608702
9740743,13060,13134,608703
9740759,13596,13631,608704
9740775,13927,13970,608705
9740791,14072,14063,608706
9740807,13937,13917,608707
9740823,13578,13477,608708
9740839,12938,12861,608709
9740855,12185,12076,608710
9740871,11251,11122,608711
9740887,10202,10058,608712
9740903,9044,8868,608713
9740919,7732,7590,608714
9740935,6544,6411,608715
9740951,5419,5313,608716
9740967,4405,4304,608717
9740983,3513,3422,608718
9740999,2866,2713,608719
9741015,2270,2263,608720
9741031,2029,2029,608721
9741047,1979,1991,608722
9741063,2225,2238,608723
9741079,2633,2680,608724
9741095,3341,3426,608725
9741111,4210,4307,608726
9741127,5149,5296,608727
9741143,6302,6421,608728
9741159,7425,7582,608729
9741175,8654,8864,608730
9741191,9924,10057,608731
9741207,11002,11109,608732
9741223,11968,12090,608733
9741239,12777,12896,608734
9741255,13412,13480,608735
9741271,13864,13935,608736
9741287,14033,14054,608737
9741303,14052,14008,608738
9741319,13672,13632,608739
9741335,13172,13130,608740
9741351,12469,12288,608741
9741367,11509,11366,608742
9741383,10458,10357,608743
9741399,9339,9206,608744
9741415,8151,8009,608745
9741431,6996,6832,608746
9741447,5826,5545,608747
9741463,4660,4531,608748
9741479,3739,3650,608749
9741495,2988,2920,608750
9741511,2471,2377,608751
9741527,2092,2076,608752
9741543,1993,1993,608753
9741559,2136,2186,608754
9741575,2526,2592,608755
9741591,3053,3166,608756
9741607,3868,3967,608757
9741623,4801,5023,608758
9741639,5969,6130,608759
9741655,7135,7281,608760
9741671,8314,8460,608761
9741687,9528,9643,608762
9741703,10577,10716,608763
9741719,11685,11850,608764
9741735,12566,12670,608765
9741751,13292,13387,608766
9741767,13732,13798,608767
9741783,13992,14002,608768
9741799,14033,14032,608769
9741815,13804,13782,608770
9741831,13347,13288,608771
9741847,12698,12600,608772
9741863,11834,11724,608773
9741879,10881,10724,608774
9741895,9691,9473,608775
9741911,8442,8341,608776
9741927,7303,7135,608777
9741943,6084,5993,608778
9741959,5061,4911,608779
9741975,4094,3976,608780
9741991,3175,3072,608781
9742007,2566,2495,608782
9742023,2152,2133,608783
9742039,1993,1970,608784
9742055,2041,2051,608785
9742071,2345,2456,608786
9742087,2920,2992,608787
9742103,3656,3761,608788
9742119,4531,4676,608789
9742135,5583,5734,608790
9742151,6692,6850,608791
9742167,7988,8185,608792
9742183,9212,9338,608793
9742199,10317,10429,608794
9742215,11367,11515,608795
9742231,12294,12375,608796
9742247,13043,13166,608797
9742263,13661,13727,608798
9742279,13978,14004,608799
9742295,14066,14052,608800
9742311,13930,13901,608801
9742327,13555,13480,608802
9742343,12953,12764,608803
9742359,12048,11963,608804
9742375,11102,10995,608805
9742391,10079,9934,608806
9742407,8925,8760,608807
9742423,7736,7572,608808
9742439,6440,6282,608809
9742455,5340,5165,608810
9742471,4296,4216,608811
9742487,3479,3373,608812
9742503,2803,2711,608813
9742519,2329,2197,608814
9742535,2015,2002,608815
9742551,2024,2022,608816
9742567,2265,2312,608817
9742583,2703,2766,608818
9742599,3342,3435,608819
9742615,4320,4415,608820
9742631,5314,5442,608821
9742647,6417,6546,608822
9742663,7588,7753,608823
9742679,8784,8933,608824
9742695,9908,10148,608825
9742711,11121,11269,608826
9742727,12054,12160,608827
9742743,12896,12966,608828
9742759,13480,13563,608829
9742775,13904,13930,608830
9742791,14091,14084,608831
9742807,13982,13947,608832
9742823,13712,13617,608833
9742839,13136,13060,608834
9742855,12425,12329,608835
9742871,11493,11263,608836
9742887,10351,10184,608837
9742903,9169,9052,608838
9742919,8019,7870,608839
9742935,6851,6714,608840
9742951,5743,5589,608841
9742967,4679,4416,608842
9742983,3647,3543,608843
9742999,2925,2843,608844
9743015,2385,2341,608845
9743031,2054,2049,608846
9743047,1979,2004,608847
9743063,2161,2231,608848
9743079,2569,2635,608849
9743095,3157,3265,608850
9743111,3950,4066,608851
9743127,4913,5039,608852
9743143,5964,6314,608853
9743159,7291,7457,608854
9743175,8465,8604,608855
9743191,9608,9787,608856
9743207,10751,10886,608857
9743223,11730,11848,608858
9743239,12622,12797,608859
9743255,13318,13402,608860
9743271,13810,13858,608861
9743287,14060,14072,608862
9743303,14000,13989,608863
9743319,13805,13720,608864
9743335,13315,13210,608865
9743351,12585,12497,608866
9743367,11693,11607,608867
9743383,10741,10609,608868
9743399,9635,9478,608869
9743415,8477,8169,608870
9743431,7144,6997,608871
9743447,6005,5851,608872
9743463,4908,4780,608873
9743479,3987,3878,608874
9743495,3208,3104,608875
9743511,2474,2427,608876
9743527,2136,2121,608877
9743543,1983,1965,608878
9743559,2083,2120,608879
9743575,2388,2463,608880
9743591,2938,3157,608881
9743607,3761,3850,608882
9743623,4644,4788,608883
9743639,5736,5842,608884
9743655,6842,7000,608885
9743671,8028,8172,608886
9743687,9362,9488,608887
9743703,10492,10602,608888
9743719,11493,11584,608889
9743735,12382,12506,608890
9743751,13150,13220,608891
9743767,13657,13698,608892
9743783,13984,14051,608893
9743799,14043,14025,608894
9743815,13879,13851,608895
9743831,13479,13428,608896
9743847,12870,12791,608897
9743863,12085,11887,608898
9743879,11009,10875,608899
9743895,9932,9798,608900
9743911,8772,8611,608901
9743927,7533,7428,608902
9743943,6410,6245,608903
9743959,5126,5050,608904
9743975,4221,4081,608905
9743991,3350,3266,608906
9744007,2727,2641,608907
9744023,2262,2188,608908
9744039,2027,2006,608909
9744055,2019,2036,608910
9744071,2324,2369,608911
9744087,2768,2845,608912
9744103,3435,3542,608913
9744119,4308,4430,608914
9744135,5430,5590,608915
9744151,6547,6708,608916
9744167,7711,7862,608917
9744183,8916,9055,608918
9744199,10052,10198,608919
9744215,11121,11360,608920
9744231,12212,12322,608921
9744247,12970,13062,608922
9744263,13528,13585,608923
9744279,13943,13971,608924
9744295,14071,14069,608925
9744311,13958,13923,608926
9744327,13609,13554,608927
9744343,13015,12949,608928
9744359,12289,12154,608929
9744375,11382,11238,608930
9744391,10315,10158,608931
9744407,9054,8926,608932
9744423,7883,7750,608933
9744439,6686,6541,608934
9744455,5578,5430,608935
9744471,4514,4403,608936
9744487,3657,3444,608937
9744503,2863,2778,608938
9744519,2341,2278,608939
9744535,2007,2000,608940
9744551,1973,2003,608941
9744567,2157,2196,608942
9744583,2625,2708,608943
9744599,3272,3358,608944
9744615,4068,4213,608945
9744631,5051,5197,608946
9744647,6137,6295,608947
9744663,7277,7552,608948
9744679,8605,8766,608949
9744695,9761,9910,608950
9744711,10857,10981,608951
9744727,11857,11966,608952
9744743,12712,12791,608953
9744759,13410,13452,608954
9744775,13846,13878,608955
9744791,14018,14051,608956
9744807,14004,13991,608957
9744823,13710,13704,608958
9744839,13280,13181,608959
9744855,12487,12374,608960
9744871,11614,11494,608961
9744887,10598,10462,608962
9744903,9520,9358,608963
9744919,8327,8179,608964
9744935,7095,6849,608965
9744951,5890,5724,608966
9744967,4796,4670,608967
9744983,3879,3769,608968
9744999,3074,2989,608969
9745015,2531,2474,608970
9745031,2099,2088,608971
9745047,1956,1994,608972
9745063,2090,2150,608973
9745079,2448,2491,608974
9745095,2973,3075,608975
9745111,3767,3953,608976
9745127,4764,4902,608977
9745143,5844,5969,608978
9745159,7026,7140,608979
9745175,8170,8314,608980
9745191,9355,9490,608981
9745207,10572,10722,608982
9745223,11592,11727,608983
9745239,12452,12573,608984
9745255,13203,13259,608985
9745271,13703,13739,608986
9745287,14003,14027,608987
9745303,14036,14017,608988
9745319,13852,13801,608989
9745335,13449,13315,608990
9745351,12798,12694,608991
9745367,11979,11857,608992
9745383,10997,10740,608993
9745399,9771,9618,608994
9745415,8630,8477,608995
9745431,7439,7300,608996
9745447,6291,6141,608997
9745463,5207,5049,608998
9745479,4028,3964,608999
9745495,3266,3165,609000
9745511,2666,2592,609001
9745527,2182,2169,609002
9745543,2005,1985,609003
9745559,2047,2078,609004
9745575,2311,2383,609005
9745591,2842,2914,609006
9745607,3541,3673,609007
9745623,4437,4526,609008
9745639,5439,5555,609009
9745655,6694,6858,609010
9745671,7848,8006,609011
9745687,9051,9191,609012
9745703,10196,10343,609013
9745719,11263,11365,609014
9745735,12209,12401,609015
9745751,13044,13095,609016
9745767,13608,13662,609017
9745783,13924,13994,609018
9745799,14046,14066,609019
9745815,13958,13937,609020
9745831,13602,13484,609021
9745847,12981,12878,609022
9745863,12194,12063,609023
9745879,11250,11141,609024
9745895,10197,10060,609025
9745911,9077,8908,609026
9745927,7729,7573,609027
9745943,6556,6425,609028
9745959,5452,5309,609029
9745975,4413,4297,609030
9745991,3536,3454,609031
9746007,2838,2703,609032
9746023,2296,2238,609033
9746039,2069,2029,609034
9746055,1990,2013,609035
9746071,2207,2262,609036
9746087,2659,2700,609037
9746103,3359,3461,609038
9746119,4168,4298,609039
9746135,5184,5303,609040
9746151,6274,6409,609041
9746167,7477,7608,609042
9746183,8594,8893,609043
9746199,9974,10080,609044
9746215,11047,11156,609045
9746231,11976,12093,609046
9746247,12720,12842,609047
9746263,13428,13502,609048
9746279,13825,13919,609049
9746295,14032,14052,609050
9746311,14020,13991,609051
9746327,13693,13644,609052
9746343,13175,13111,609053
9746359,12498,12321,609054
9746375,11498,11404,609055
9746391,10486,10353,609056
9746407,9373,9215,609057
9746423,8163,8015,609058
9746439,6973,6833,609059
9746455,5830,5550,609060
9746471,4665,4535,609061
9746487,3718,3636,609062
9746503,3019,2927,609063
9746519,2421,2377,609064
9746535,2101,2080,609065
9746551,1952,1970,609066
9746567,2142,2182,609067
9746583,2527,2570,609068
9746599,3109,3208,609069
9746615,3888,3988,609070
9746631,4798,5034,609071
9746647,6008,6133,609072
9746663,7125,7294,609073
9746679,8316,8473,609074
9746695,9469,9608,609075
9746711,10598,10707,609076
9746727,11648,11878,609077
9746743,12612,12683,609078
9746759,13231,13338,609079
9746775,13746,13789,609080
9746791,14026,14046,609081
9746807,14029,14000,609082
9746823,13796,13770,609083
9746839,13345,13271,609084
9746855,12682,12580,609085
9746871,11817,11719,609086
9746887,10865,10721,609087
9746903,9703,9471,609088
9746919,8484,8331,609089
9746935,7272,7127,609090
9746951,6099,5998,609091
9746967,5037,4916,609092
9746983,4101,3984,609093
9746999,3161,3074,609094
9747015,2551,2499,609095
9747031,2159,2127,609096
9747047,2004,1976,609097
9747063,2045,2046,609098
9747079,2343,2438,609099
9747095,2941,3009,609100
9747111,3638,3738,609101
9747127,4552,4668,609102
9747143,5552,5740,609103
9747159,6704,6838,609104
9747175,8027,8193,609105
9747191,9178,9340,609106
9747207,10371,10488,609107
9747223,11366,11471,609108
9747239,12315,12419,609109
9747255,13063,13159,609110
9747271,13631,13696,609111
9747287,13984,14011,609112
9747303,14093,14085,609113
9747319,13937,13902,609114
9747335,13555,13502,609115
9747351,12913,12753,609116
9747367,12093,11968,609117
9747383,11099,10976,609118
9747399,10047,9924,609119
9747415,8942,8770,609120
9747431,7764,7590,609121
9747447,6391,6282,609122
9747463,5304,5203,609123
9747479,4320,4206,609124
9747495,3437,3349,609125
9747511,2774,2697,609126
9747527,2276,2222,609127
9747543,2012,1987,609128
9747559,1981,2012,609129
9747575,2242,2294,609130
9747591,2710,2773,609131
9747607,3364,3460,609132
9747623,4293,4392,609133
9747639,5311,5456,609134
9747655,6443,6543,609135
9747671,7604,7743,609136
9747687,8757,8892,609137
9747703,9904,10121,609138
9747719,11126,11229,609139
9747735,12053,12188,609140
9747751,12897,12948,609141
9747767,13477,13559,609142
9747783,13918,13929,609143
9747799,14029,14027,609144
9747815,14016,13982,609145
9747831,13626,13584,609146
9747847,13108,13034,609147
9747863,12356,12281,609148
9747879,11534,11298,609149
9747895,10353,10213,609150
9747911,9206,9042,609151
9747927,8027,7889,609152
9747943,6867,6728,609153
9747959,5726,5574,609154
9747975,4719,4421,609155
9747991,3682,3558,609156
9748007,2918,2853,609157
9748023,2366,2317,609158
9748039,2073,2032,609159
9748055,1980,1983,609160
9748071,2170,2239,609161
9748087,2566,2620,609162
9748103,3196,3266,609163
9748119,3950,4063,609164
9748135,4917,5045,609165
9748151,5985,6298,609166
9748167,7281,7421,609167
9748183,8470,8596,609168
9748199,9624,9780,609169
9748215,10709,10866,609170
9748231,11771,11843,609171
9748247,12610,12768,609172
9748263,13344,13420,609173
9748279,13781,13852,609174
9748295,14042,14045,609175
9748311,14027,13998,609176
9748327,13811,13730,609177
9748343,13267,13180,609178
9748359,12606,12523,609179
9748375,11700,11589,609180
9748391,10745,10600,609181
9748407,9625,9497,609182
9748423,8434,8170,609183
9748439,7137,7000,609184
9748455,5990,5860,609185
9748471,4935,4802,609186
9748487,3952,3847,609187
9748503,3180,3079,609188
9748519,2434,2431,609189
9748535,2149,2129,609190
9748551,1978,1976,609191
9748567,2089,2124,609192
9748583,2401,2451,609193
9748599,2929,3145,609194
9748615,3756,3854,609195
9748631,4727,4826,609196
9748647,5745,5860,609197
9748663,6856,6994,609198
9748679,8029,8166,609199
9748695,9341,9479,609200
9748711,10446,10593,609201
9748727,11481,11581,609202
9748743,12393,12499,609203
9748759,13117,13185,609204
9748775,13669,13749,609205
9748791,13997,14034,609206
9748807,14098,14098,609207
9748823,13926,13884,609208
9748839,13511,13443,609209
9748855,12892,12831,609210
9748871,12049,11867,609211
9748887,11028,10876,609212
9748903,9918,9788,609213
9748919,8762,8581,609214
9748935,7593,7416,609215
9748951,6422,6236,609216
9748967,5179,5060,609217
9748983,4207,4099,609218
9748999,3345,3269,609219
9749015,2712,2632,609220
9749031,2296,2216,609221
9749047,1999,2006,609222
9749063,2022,2058,609223
9749079,2287,2342,609224
9749095,2792,2840,609225
9749111,3456,3536,609226
9749127,4307,4427,609227
9749143,5413,5572,609228
9749159,6542,6682,609229
9749175,7751,7893,609230
9749191,8918,9052,609231
9749207,10036,10183,609232
9749223,11150,11388,609233
9749239,12160,12254,609234
9749255,12988,13059,609235
9749271,13552,13604,609236
9749287,13918,13937,609237
9749303,14029,14018,609238
9749319,13979,13917,609239
9749335,13624,13534,609240
9749351,13033,12973,609241
9749367,12278,12191,609242
9749383,11383,11239,609243
9749399,10322,10161,609244
9749415,9025,8897,609245
9749431,7856,7714,609246
9749447,6729,6573,609247
9749463,5568,5447,609248
9749479,4518,4420,609249
9749495,3643,3447,609250
9749511,2861,2777,609251
9749527,2342,2293,609252
9749543,2056,2029,609253
9749559,1965,2026,609254
9749575,2189,2192,609255
9749591,2632,2725,609256
9749607,3273,3356,609257
9749623,4053,4212,609258
9749639,5035,5173,609259
9749655,6125,6272,609260
9749671,7312,7557,609261
9749687,8619,8752,609262
9749703,9769,9922,609263
9749719,10857,10992,609264
9749735,11855,11991,609265
9749751,12678,12778,609266
9749767,13432,13478,609267
9749783,13858,13883,609268
9749799,14023,14033,609269
9749815,14036,13992,609270
9749831,13770,13705,609271
9749847,13229,13162,609272
9749863,12514,12406,609273
9749879,11625,11493,609274
9749895,10608,10472,609275
9749911,9503,9368,609276
9749927,8317,8194,609277
9749943,7120,6824,609278
9749959,5848,5708,609279
9749975,4798,4667,609280
9749991,3834,3749,609281
9750007,3098,3012,609282
9750023,2498,2432,609283
9750039,2141,2083,609284
9750055,1965,1971,609285
9750071,2107,2125,609286
9750087,2442,2475,609287
9750103,3013,3070,609288
9750119,3763,3937,609289
9750135,4795,4927,609290
9750151,5856,5991,609291
9750167,6984,7146,609292
9750183,8160,8331,609293
9750199,9380,9503,609294
9750215,10545,10726,609295
9750231,11639,11752,609296
9750247,12517,12610,609297
9750263,13228,13294,609298
9750279,13737,13734,609299
9750295,14001,14054,609300
9750311,14002,14022,609301
9750327,13880,13749,609302
9750343,13483,13380,609303
9750359,12826,12673,609304
9750375,11951,11868,609305
9750391,10964,10689,609306
9750407,9766,9647,609307
9750423,8628,8479,609308
9750439,7408,7279,609309
9750455,6290,6127,609310
9750471,5152,5041,609311
9750487,4033,3968,609312
9750503,3281,3166,609313
9750519,2628,2543,609314
9750535,2191,2177,609315
9750551,2004,2005,609316
9750567,2028,2088,609317
9750583,2331,2388,609318
9750599,2832,2918,609319
9750615,3556,3652,609320
9750631,4435,4550,609321
9750647,5449,5575,609322
9750663,6745,6872,609323
9750679,7874,8031,609324
9750695,9077,9185,609325
9750711,10189,10350,609326
9750727,11296,11397,609327
9750743,12187,12375,609328
9750759,13030,13139,609329
9750775,13604,13665,609330
9750791,13944,13978,609331
9750807,14086,14064,609332
9750823,13965,13964,609333
9750839,13622,13511,609334
9750855,12970,12875,609335
9750871,12199,12098,609336
9750887,11226,11117,609337
9750903,10187,10057,609338
9750919,9041,8910,609339
9750935,7715,7576,609340
9750951,6531,6401,609341
9750967,5445,5313,609342
9750983,4407,4303,609343
9750999,3526,3442,609344
9751015,2841,2701,609345
9751031,2327,2244,609346
9751047,2026,2006,609347
9751063,2001,2004,609348
9751079,2192,2235,609349
9751095,2648,2700,609350
9751111,3363,3481,609351
9751127,4195,4300,609352
9751143,5164,5297,609353
9751159,6280,6411,609354
9751175,7368,7558,609355
9751191,8583,8866,609356
9751207,9920,10059,609357
9751223,10981,11139,609358
9751239,11944,12102,609359
9751255,12804,12884,609360
9751271,13392,13515,609361
9751287,13896,13954,609362
9751303,14028,14042,609363
9751319,13992,13996,609364
9751335,13716,13642,609365
9751351,13190,13110,609366
9751367,12480,12310,609367
9751383,11493,11377,609368
9751399,10501,10339,609369
9751415,9377,9179,609370
9751431,8167,8027,609371
9751447,6987,6832,609372
9751463,5852,5542,609373
9751479,4650,4533,609374
9751495,3787,3656,609375
9751511,2987,2922,609376
9751527,2456,2402,609377
9751543,2106,2077,609378
9751559,2005,1997,609379
9751575,2131,2159,609380
9751591,2507,2591,609381
9751607,3110,3172,609382
9751623,3897,3979,609383
9751639,4798,5010,609384
9751655,5995,6132,609385
9751671,7131,7289,609386
9751687,8328,8455,609387
9751703,9499,9624,609388
9751719,10614,10720,609389
9751735,11680,11850,609390
9751751,12599,12704,609391
9751767,13256,13335,609392
9751783,13740,13788,609393
9751799,13984,14009,609394
9751815,14048,14013,609395
9751831,13808,13754,609396
9751847,13392,13246,609397
9751863,12695,12587,609398
9751879,11867,11741,609399
9751895,10860,10716,609400
9751911,9699,9474,609401
9751927,8467,8308,609402
9751943,7295,7138,609403
9751959,6113,5978,609404
9751975,5033,4896,609405
9751991,4059,3959,609406
9752007,3140,3073,609407
9752023,2552,2495,609408
9752039,2197,2134,609409
9752055,1988,1979,609410
9752071,2076,2074,609411
9752087,2339,2438,609412
9752103,2919,3011,609413
9752119,3659,3771,609414
9752135,4556,4702,609415
9752151,5575,5710,609416
9752167,6719,6850,609417
9752183,8025,8193,609418
9752199,9218,9346,609419
9752215,10315,10442,609420
9752231,11398,11534,609421
9752247,12263,12370,609422
9752263,13067,13161,609423
9752279,13686,13732,609424
9752295,13946,13988,609425
9752311,14034,14051,609426
9752327,13938,13905,609427
9752343,13568,13521,609428
9752359,12982,12788,609429
9752375,12100,12007,609430
9752391,11134,11018,609431
9752407,10039,9920,609432
9752423,8957,8779,609433
9752439,7740,7592,609434
9752455,6421,6287,609435
9752471,5303,5176,609436
9752487,4309,4191,609437
9752503,3465,3361,609438
9752519,2777,2714,609439
9752535,2316,2198,609440
9752551,2019,2016,609441
9752567,2029,2036,609442
9752583,2246,2293,609443
9752599,2683,2769,609444
9752615,3357,3424,609445
9752631,4287,4422,609446
9752647,5297,5433,609447
9752663,6420,6560,609448
9752679,7575,7736,609449
9752695,8755,8921,609450
9752711,9908,10115,609451
9752727,11128,11238,609452
9752743,12058,12171,609453
9752759,12918,12972,609454
9752775,13468,13537,609455
9752791,13859,13901,609456
9752807,14041,14082,609457
9752823,13938,13954,609458
9752839,13636,13599,609459
9752855,13124,13061,609460
9752871,12363,12265,609461
9752887,11493,11311,609462
9752903,10345,10198,609463
9752919,9238,9054,609464
9752935,8058,7874,609465
9752951,6875,6723,609466
9752967,5738,5564,609467
9752983,4653,4412,609468
9752999,3671,3546,609469
9753015,2924,2861,609470
9753031,2392,2332,609471
9753047,2057,2044,609472
9753063,1957,1972,609473
9753079,2166,2224,609474
9753095,2594,2613,609475
9753111,3202,3265,609476
9753127,3970,4082,609477
9753143,4938,5054,609478
9753159,6012,6308,609479
9753175,7288,7443,609480
9753191,8463,8604,609481
9753207,9642,9779,609482
9753223,10746,10886,609483
9753239,11734,11867,609484
9753255,12664,12780,609485
9753271,13390,13457,609486
9753287,13761,13828,609487
9753303,14042,14074,609488
9753319,14041,14029,609489
9753335,13846,13764,609490
9753351,13230,13191,609491
9753367,12590,12517,609492
9753383,11709,11606,609493
9753399,10724,10602,609494
9753415,9629,9481,609495
9753431,8450,8189,609496
9753447,7169,7006,609497
9753463,5989,5882,609498
9753479,4909,4791,609499
9753495,3977,3864,609500
9753511,3198,3110,609501
9753527,2483,2444,609502
9753543,2138,2102,609503
9753559,1985,2005,609504
9753575,2038,2084,609505
9753591,2418,2440,609506
9753607,2905,3136,609507
9753623,3751,3859,609508
9753639,4704,4804,609509
9753655,5693,5847,609510
9753671,6824,6971,609511
9753687,8034,8152,609512
9753703,9346,9485,609513
9753719,10465,10607,609514
9753735,11493,11627,609515
9753751,12373,12485,609516
9753767,13125,13206,609517
9753783,13640,13720,609518
9753799,13992,13985,609519
9753815,14044,14031,609520
9753831,13902,13872,609521
9753847,13497,13409,609522
9753863,12901,12796,609523
9753879,12015,11838,609524
9753895,10995,10880,609525
9753911,9906,9782,609526
9753927,8774,8611,609527
9753943,7582,7440,609528
9753959,6428,6227,609529
9753975,5205,5061,609530
9753991,4206,4098,609531
9754007,3351,3265,609532
9754023,2711,2653,609533
9754039,2270,2217,609534
9754055,2032,1983,609535
9754071,2029,2043,609536
9754087,2278,2345,609537
9754103,2760,2826,609538
9754119,3441,3534,609539
9754135,4301,4413,609540
9754151,5434,5580,609541
9754167,6528,6691,609542
9754183,7721,7881,609543
9754199,8902,9039,609544
9754215,10070,10187,609545
9754231,11169,11383,609546
9754247,12219,12297,609547
9754263,12959,13028,609548
9754279,13521,13568,609549
9754295,13958,13971,609550
9754311,14072,14081,609551
9754327,13971,13928,609552
9754343,13591,13515,609553
9754359,13076,12984,609554
9754375,12269,12160,609555
9754391,11382,11239,609556
9754407,10344,10173,609557
9754423,9044,8919,609558
9754439,7867,7729,609559
9754455,6684,6547,609560
9754471,5592,5462,609561
9754487,4545,4440,609562
9754503,3658,3435,609563
9754519,2856,2793,609564
9754535,2365,2304,609565
9754551,2020,2023,609566
9754567,2014,2025,609567
9754583,2157,2204,609568
9754599,2609,2691,609569
9754615,3264,3350,609570
9754631,4127,4207,609571
9754647,5040,5176,609572
9754663,6152,6274,609573
9754679,7306,7577,609574
9754695,8634,8763,609575
9754711,9724,9914,609576
9754727,10855,10997,609577
9754743,11834,11981,609578
9754759,12694,12803,609579
9754775,13471,13491,609580
9754791,13822,13858,609581
9754807,14045,14062,609582
9754823,14010,14004,609583
9754839,13746,13714,609584
9754855,13284,13225,609585
9754871,12488,12397,609586
9754887,11619,11488,609587
9754903,10592,10473,609588
9754919,9492,9360,609589
9754935,8309,8164,609590
9754951,7112,6838,609591
9754967,5888,5744,609592
9754983,4821,4696,609593
9754999,3885,3783,609594
9755015,3097,3015,609595
9755031,2534,2459,609596
9755047,2104,2058,609597
9755063,1969,1979,609598
9755079,2111,2144,609599
9755095,2424,2503,609600
9755111,2996,3102,609601
9755127,3756,3948,609602
9755143,4783,4909,609603
9755159,5832,5980,609604
9755175,6967,7147,609605
9755191,8192,8323,609606
9755207,9376,9510,609607
9755223,10561,10720,609608
9755239,11658,11730,609609
9755255,12512,12608,609610
9755271,13239,13304,609611
9755287,13704,13753,609612
9755303,14024,14047,609613
9755319,14033,14028,609614
9755335,13822,13775,609615
9755351,13425,13406,609616
9755367,12800,12681,609617
9755383,12009,11864,609618
9755399,10960,10698,609619
9755415,9814,9628,609620
9755431,8615,8460,609621
9755447,7478,7298,609622
9755463,6272,6121,609623
9755479,5210,5054,609624
9755495,4028,3952,609625
9755511,3275,3190,609626
9755527,2640,2563,609627
9755543,2200,2161,609628
9755559,1985,1976,609629
9755575,2049,2088,609630
9755591,2316,2368,609631
9755607,2874,2943,609632
9755623,3516,3641,609633
9755639,4431,4547,609634
9755655,5452,5572,609635
9755671,6689,6853,609636
9755687,7914,8039,609637
9755703,9024,9196,609638
9755719,10202,10319,609639
9755735,11242,11384,609640
9755751,12189,12375,609641
9755767,13034,13135,609642
9755783,13665,13678,609643
9755799,13962,13986,609644
9755815,14057,14053,609645
9755831,13938,13930,609646
9755847,13632,13510,609647
9755863,12930,12878,609648
9755879,12150,12046,609649
9755895,11272,11142,609650
9755911,10191,10055,609651
9755927,9016,8874,609652
9755943,7744,7572,609653
9755959,6579,6411,609654
9755975,5415,5298,609655
9755991,4417,4313,609656
9756007,3563,3422,609657
9756023,2875,2697,609658
9756039,2263,2241,609659
9756055,2034,2030,609660
9756071,2042,2017,609661
9756087,2190,2244,609662
9756103,2608,2673,609663
9756119,3339,3464,609664
9756135,4193,4320,609665
9756151,5153,5320,609666
9756167,6274,6409,609667
9756183,7462,7593,609668
9756199,8578,8860,609669
9756215,9920,10036,609670
9756231,10975,11122,609671
9756247,12009,12102,609672
9756263,12748,12862,609673
9756279,13455,13484,609674
9756295,13870,13933,609675
9756311,14046,14049,609676
9756327,13978,13950,609677
9756343,13662,13592,609678
9756359,13178,13132,609679
9756375,12471,12331,609680
9756391,11508,11399,609681
9756407,10467,10331,609682
9756423,9343,9215,609683
9756439,8172,8011,609684
9756455,6998,6848,609685
9756471,5889,5555,609686
9756487,4682,4561,609687
9756503,3769,3656,609688
9756519,3005,2936,609689
9756535,2448,2378,609690
9756551,2102,2070,609691
9756567,1956,1970,609692
9756583,2116,2176,609693
9756599,2539,2586,609694
9756615,3104,3166,609695
9756631,3884,3992,609696
9756647,4816,5031,609697
9756663,5989,6116,609698
9756679,7131,7298,609699
9756695,8320,8473,609700
9756711,9476,9618,609701
9756727,10607,10776,609702
9756743,11667,11856,609703
9756759,12597,12661,609704
9756775,13282,13360,609705
9756791,13724,13771,609706
9756807,14023,14052,609707
9756823,14055,14013,609708
9756839,13767,13744,609709
9756855,13339,13255,609710
9756871,12712,12598,609711
9756887,11850,11733,609712
9756903,10881,10738,609713
9756919,9701,9497,609714
9756935,8465,8309,609715
9756951,7292,7131,609716
9756967,6178,5994,609717
9756983,5063,4935,609718
9756999,4130,3978,609719
9757015,3176,3111,609720
9757031,2592,2501,609721
9757047,2165,2111,609722
9757063,1983,1965,609723
9757079,2046,2059,609724
9757095,2314,2423,609725
9757111,2905,2972,609726
9757127,3671,3744,609727
9757143,4502,4679,609728
9757159,5571,5736,609729
9757175,6704,6846,609730
9757191,8009,8157,609731
9757207,9202,9338,609732
9757223,10334,10461,609733
9757239,11371,11512,609734
9757255,12281,12419,609735
9757271,13015,13146,609736
9757287,13659,13713,609737
9757303,13997,14022,609738
9757319,14056,14030,609739
9757335,13928,13907,609740
9757351,13532,13498,609741
9757367,12940,12735,609742
9757383,12096,12000,609743
9757399,11160,11016,609744
9757415,10063,9932,609745
9757431,8916,8761,609746
9757447,7726,7581,609747
9757463,6451,6297,609748
9757479,5315,5182,609749
9757495,4304,4194,609750
9757511,3453,3368,609751
9757527,2742,2687,609752
9757543,2306,2191,609753
9757559,2004,2005,609754
9757575,2015,2045,609755
9757591,2240,2299,609756
9757607,2711,2771,609757
9757623,3336,3448,609758
9757639,4307,4429,609759
9757655,5315,5434,609760
9757671,6406,6549,609761
9757687,7599,7762,609762
9757703,8787,8928,609763
9757719,9902,10118,609764
9757735,11143,11251,609765
9757751,12081,12192,609766
9757767,12836,12955,609767
9757783,13455,13549,609768
9757799,13895,13887,609769
9757815,14032,14048,609770
9757831,14015,13983,609771
9757847,13652,13624,609772
9757863,13110,13029,609773
9757879,12395,12308,609774
9757895,11525,11299,609775
9757911,10353,10171,609776
9757927,9247,9050,609777
9757943,7991,7850,609778
9757959,6839,6691,609779
9757975,5697,5577,609780
9757991,4659,4429,609781
9758007,3670,3541,609782
9758023,2960,2869,609783
9758039,2417,2336,609784
9758055,2117,2046,609785
9758071,1984,2005,609786
9758087,2157,2204,609787
9758103,2586,2623,609788
9758119,3165,3279,609789
9758135,3962,4093,609790
9758151,4893,5056,609791
9758167,5976,6281,609792
9758183,7322,7468,609793
9758199,8469,8617,609794
9758215,9600,9763,609795
9758231,10749,10886,609796
9758247,11721,11862,609797
9758263,12614,12797,609798
9758279,13360,13447,609799
9758295,13808,13875,609800
9758311,14076,14076,609801
9758327,14018,14010,609802
9758343,13790,13776,609803
9758359,13260,13188,609804
9758375,12554,12498,609805
9758391,11731,11604,609806
9758407,10734,10597,609807
9758423,9639,9486,609808
9758439,8433,8141,609809
9758455,7167,7001,609810
9758471,5984,5850,609811
9758487,4910,4808,609812
9758503,3997,3860,609813
9758519,3166,3099,609814
9758535,2454,2439,609815
9758551,2140,2102,609816
9758567,1966,1975,609817
9758583,2073,2114,609818
9758599,2402,2464,609819
9758615,2937,3140,609820
9758631,3758,3856,609821
9758647,4654,4791,609822
9758663,5692,5837,609823
9758679,6878,7003,609824
9758695,8024,8162,609825
9758711,9352,9480,609826
9758727,10432,10570,609827
9758743,11496,11631,609828
9758759,12378,12460,609829
9758775,13126,13195,609830
9758791,13654,13714,609831
9758807,14013,14012,609832
9758823,14089,14079,609833
9758839,13888,13858,609834
9758855,13517,13426,609835
9758871,12822,12725,609836
9758887,12080,11880,609837
9758903,11024,10888,609838
9758919,9891,9778,609839
9758935,8746,8616,609840
9758951,7598,7431,609841
9758967,6415,6228,609842
9758983,5165,5029,609843
9758999,4185,4069,609844
9759015,3364,3271,609845
9759031,2717,2647,609846
9759047,2277,2228,609847
9759063,1997,1969,609848
9759079,2079,2068,609849
9759095,2280,2316,609850
9759111,2772,2852,609851
9759127,3419,3534,609852
9759143,4295,4436,609853
9759159,5432,5549,609854
9759175,6582,6719,609855
9759191,7746,7872,609856
9759207,8871,9050,609857
9759223,10046,10192,609858
9759239,11133,11428,609859
9759255,12190,12284,609860
9759271,12971,13054,609861
9759287,13558,13611,609862
9759303,13906,13954,609863
9759319,14103,14063,609864
9759335,13984,13943,609865
9759351,13604,13536,609866
9759367,13033,12970,609867
9759383,12320,12194,609868
9759399,11343,11223,609869
9759415,10314,10168,609870
9759431,9057,8910,609871
9759447,7883,7721,609872
9759463,6737,6567,609873
9759479,5561,5439,609874
9759495,4565,4434,609875
9759511,3667,3457,609876
9759527,2833,2753,609877
9759543,2344,2287,609878
9759559,2058,2020,609879
9759575,2017,2014,609880
9759591,2137,2176,609881
9759607,2628,2700,609882
9759623,3271,3353,609883
9759639,4076,4196,609884
9759655,5037,5186,609885
9759671,6170,6315,609886
9759687,7306,7576,609887
9759703,8591,8761,609888
9759719,9763,9896,609889
9759735,10849,10971,609890
9759751,11840,11970,609891
9759767,12649,12796,609892
9759783,13424,13478,609893
9759799,13814,13876,609894
9759815,14067,14076,609895
9759831,13995,13970,609896
9759847,13742,13690,609897
9759863,13250,13190,609898
9759879,12474,12398,609899
9759895,11632,11499,609900
9759911,10613,10469,609901
9759927,9493,9364,609902
9759943,8318,8161,609903
9759959,7143,6862,609904
9759975,5868,5731,609905
9759991,4797,4691,609906
9760007,3864,3758,609907
9760023,3083,3014,609908
9760039,2508,2434,609909
9760055,2094,2083,609910
9760071,1970,1961,609911
9760087,2073,2115,609912
9760103,2428,2506,609913
9760119,3028,3105,609914
9760135,3750,3945,609915
9760151,4817,4919,609916
9760167,5861,6005,609917
9760183,6995,7152,609918
9760199,8180,8339,609919
9760215,9365,9494,609920
9760231,10563,10756,609921
9760247,11629,11734,609922
9760263,12485,12597,609923
9760279,13176,13236,609924
9760295,13736,13784,609925
9760311,14027,14024,609926
9760327,14054,14039,609927
9760343,13872,13796,609928
9760359,13416,13364,609929
9760375,12791,12680,609930
9760391,11954,11852,609931
9760407,10931,10699,609932
9760423,9800,9657,609933
9760439,8582,8434,609934
9760455,7446,7291,609935
9760471,6278,6131,609936
9760487,5210,5056,609937
9760503,4017,3973,609938
9760519,3287,3174,609939
9760535,2644,2552,609940
9760551,2246,2194,609941
9760567,1985,1988,609942
9760583,2040,2057,609943
9760599,2323,2385,609944
9760615,2851,2922,609945
9760631,3546,3654,609946
9760647,4429,4554,609947
9760663,5445,5578,609948
9760679,6729,6871,609949
9760695,7885,8026,609950
9760711,9031,9201,609951
9760727,10211,10335,609952
9760743,11287,11374,609953
9760759,12196,12356,609954
9760775,13036,13139,609955
9760791,13611,13678,609956
9760807,13924,13941,609957
9760823,14069,14053,609958
9760839,13938,13922,609959
9760855,13609,13487,609960
9760871,12969,12870,609961
9760887,12185,12096,609962
9760903,11237,11123,609963
9760919,10174,10040,609964
9760935,9040,8894,609965
9760951,7719,7562,609966
9760967,6550,6413,609967
9760983,5427,5331,609968
9760999,4444,4290,609969
9761015,3541,3458,609970
9761031,2866,2716,609971
9761047,2256,2257,609972
9761063,2024,2012,609973
9761079,2001,2025,609974
9761095,2249,2258,609975
9761111,2633,2683,609976
9761127,3357,3457,609977
9761143,4189,4305,609978
9761159,5204,5308,609979
9761175,6314,6438,609980
9761191,7435,7584,609981
9761207,8626,8871,609982
9761223,9929,10072,609983
9761239,10986,11104,609984
9761255,11976,12083,609985
9761271,12768,12872,609986
9761287,13384,13486,609987
9761303,13899,13961,609988
9761319,14037,14044,609989
9761335,13985,13987,609990
9761351,13675,13610,609991
9761367,13212,13138,609992
9761383,12462,12309,609993
9761399,11478,11371,609994
9761415,10474,10333,609995
9761431,9351,9205,609996
9761447,8154,8022,609997
9761463,7005,6851,609998
9761479,5866,5565,609999
9761495,4670,4539,610000
9761511,3789,3688,610001
9761527,2991,2926,610002
9761543,2427,2392,610003
9761559,2108,2081,610004
9761575,2008,2011,610005
9761591,2131,2177,610006
9761607,2488,2569,610007
9761623,3105,3195,610008
9761639,3862,3941,610009
9761655,4804,5025,610010
9761671,6002,6131,610011
9761687,7162,7310,610012
9761703,8317,8454,610013
9761719,9498,9638,610014
9761735,10578,10736,610015
9761751,11691,11894,610016
9761767,12611,12669,610017
9761783,13283,13387,610018
9761799,13740,13772,610019
9761815,14006,14037,610020
9761831,14026,14001,610021
9761847,13798,13729,610022
9761863,13375,13277,610023
9761879,12695,12599,610024
9761895,11862,11729,610025
9761911,10881,10729,610026
9761927,9685,9482,610027
9761943,8436,8310,610028
9761959,7305,7130,610029
9761975,6152,6000,610030
9761991,5060,4942,610031
9762007,4066,3973,610032
9762023,3195,3078,610033
9762039,2566,2507,610034
9762055,2157,2123,610035
9762071,2022,2001,610036
9762087,2032,2058,610037
9762103,2341,2454,610038
9762119,2927,2982,610039
9762135,3683,3764,610040
9762151,4565,4698,610041
9762167,5591,5726,610042
9762183,6721,6839,610043
9762199,8008,8185,610044
9762215,9202,9349,610045
9762231,10348,10454,610046
9762247,11393,11520,610047
9762263,12248,12395,610048
9762279,13082,13160,610049
9762295,13670,13733,610050
9762311,13940,13974,610051
9762327,14066,14075,610052
9762343,13924,13870,610053
9762359,13570,13515,610054
9762375,12938,12779,610055
9762391,12073,11972,610056
9762407,11126,10988,610057
9762423,10044,9908,610058
9762439,8922,8775,610059
9762455,7741,7570,610060
9762471,6407,6272,610061
9762487,5325,5194,610062
9762503,4320,4208,610063
9762519,3439,3361,610064
9762535,2812,2714,610065
9762551,2300,2184,610066
9762567,2029,2024,610067
9762583,1996,2016,610068
9762599,2241,2289,610069
9762615,2695,2797,610070
9762631,3371,3452,610071
9762647,4303,4426,610072
9762663,5323,5462,610073
9762679,6398,6565,610074
9762695,7596,7763,610075
9762711,8735,8884,610076
9762727,9903,10120,610077
9762743,11148,11249,610078
9762759,12094,12214,610079
9762775,12892,12974,610080
9762791,13509,13553,610081
9762807,13895,13945,610082
9762823,14046,14048,610083
9762839,13982,13955,610084
9762855,13635,13583,610085
9762871,13148,13067,610086
9762887,12398,12281,610087
9762903,11502,11290,610088
9762919,10345,10167,610089
9762935,9175,9035,610090
9762951,8007,7878,610091
9762967,6832,6701,610092
9762983,5697,5549,610093
9762999,4698,4438,610094
9763015,3650,3541,610095
9763031,2925,2849,610096
9763047,2376,2330,610097
9763063,2076,2068,610098
9763079,1944,1967,610099
9763095,2178,2223,610100
9763111,2615,2648,610101
9763127,3191,3263,610102
9763143,3964,4067,610103
9763159,4920,5054,610104
9763175,5995,6300,610105
9763191,7264,7450,610106
9763207,8483,8615,610107
9763223,9658,9784,610108
9763239,10731,10884,610109
9763255,11739,11855,610110
9763271,12634,12768,610111
9763287,13334,13406,610112
9763303,13816,13872,610113
9763319,14056,14042,610114
9763335,14033,14017,610115
9763351,13786,13746,610116
9763367,13312,13210,610117
9763383,12582,12470,610118
9763399,11729,11639,610119
9763415,10721,10595,610120
9763431,9617,9487,610121
9763447,8460,8151,610122
9763463,7145,6990,610123
9763479,5976,5868,610124
9763495,4928,4817,610125
9763511,3975,3865,610126
9763527,3190,3068,610127
9763543,2464,2442,610128
9763559,2123,2136,610129
9763575,1981,1969,610130
9763591,2103,2126,610131
9763607,2397,2447,610132
9763623,2962,3167,610133
9763639,3789,3860,610134
9763655,4710,4800,610135
9763671,5752,5876,610136
9763687,6839,7007,610137
9763703,7982,8192,610138
9763719,9358,9493,610139
9763735,10448,10595,610140
9763751,11523,11609,610141
9763767,12406,12518,610142
9763783,13117,13179,610143
9763799,13704,13747,610144
9763815,14013,14028,610145
9763831,14076,14047,610146
9763847,13863,13823,610147
9763863,13485,13426,610148
9763879,12892,12796,610149
9763895,12047,11873,610150
9763911,11000,10879,610151
9763927,9920,9757,610152
9763943,8768,8598,610153
9763959,7598,7476,610154
9763975,6421,6233,610155
9763991,5168,5060,610156
9764007,4206,4055,610157
9764023,3335,3262,610158
9764039,2712,2624,610159
9764055,2254,2211,610160
9764071,2025,2001,610161
9764087,2043,2074,610162
9764103,2298,2326,610163
9764119,2758,2855,610164
9764135,3480,3559,610165
9764151,4317,4419,610166
9764167,5448,5588,610167
9764183,6589,6714,610168
9764199,7745,7888,610169
9764215,8893,9055,610170
9764231,10059,10217,610171
9764247,11121,11383,610172
9764263,12195,12284,610173
9764279,12978,13026,610174
9764295,13577,13609,610175
9764311,13937,13937,610176
9764327,14065,14052,610177
9764343,13968,13936,610178
9764359,13590,13554,610179
9764375,13062,12969,610180
9764391,12309,12157,610181
9764407,11384,11251,610182
9764423,10312,10179,610183
9764439,9039,8911,610184
9764455,7885,7743,610185
9764471,6751,6578,610186
9764487,5584,5459,610187
9764503,4527,4422,610188
9764519,3674,3461,610189
9764535,2829,2780,610190
9764551,2348,2301,610191
9764567,2060,2028,610192
9764583,2025,2026,610193
9764599,2173,2214,610194
9764615,2621,2712,610195
9764631,3267,3370,610196
9764647,4059,4233,610197
9764663,5049,5174,610198
9764679,6096,6295,610199
9764695,7288,7556,610200
9764711,8623,8774,610201
9764727,9754,9908,610202
9764743,10832,10981,610203
9764759,11842,11974,610204
9764775,12729,12789,610205
9764791,13436,13469,610206
9764807,13870,13897,610207
9764823,14051,14037,610208
9764839,14034,14021,610209
9764855,13718,13667,610210
9764871,13242,13172,610211
9764887,12470,12378,610212
9764903,11604,11484,610213
9764919,10591,10484,610214
9764935,9474,9333,610215
9764951,8328,8187,610216
9764967,7132,6832,610217
9764983,5879,5729,610218
9764999,4792,4663,610219
9765015,3883,3777,610220
9765031,3098,2988,610221
9765047,2497,2455,610222
9765063,2108,2077,610223
9765079,2034,1997,610224
9765095,2116,2141,610225
9765111,2442,2500,610226
9765127,2989,3073,610227
9765143,3798,3953,610228
9765159,4809,4927,610229
9765175,5874,6001,610230
9765191,6977,7135,610231
9765207,8172,8320,610232
9765223,9338,9489,610233
9765239,10562,10735,610234
9765255,11628,11753,610235
9765271,12481,12601,610236
9765287,13227,13296,610237
9765303,13712,13747,610238
9765319,14017,14032,610239
9765335,14035,14053,610240
9765351,13822,13785,610241
9765367,13405,13319,610242
9765383,12803,12708,610243
9765399,12001,11885,610244
9765415,11000,10723,610245
9765431,9783,9650,610246
9765447,8619,8437,610247
9765463,7439,7305,610248
9765479,6279,6128,610249
9765495,5172,5036,610250
9765511,4054,3955,610251
9765527,3246,3181,610252
9765543,2657,2567,610253
9765559,2167,2150,610254
9765575,1994,1966,610255
9765591,2044,2082,610256
9765607,2368,2406,610257
9765623,2836,2923,610258
9765639,3555,3662,610259
9765655,4415,4563,610260
9765671,5451,5590,610261
9765687,6743,6878,610262
9765703,7878,8041,610263
9765719,9043,9182,610264
9765735,10168,10309,610265
9765751,11258,11370,610266
9765767,12163,12408,610267
9765783,13029,13100,610268
9765799,13615,13662,610269
9765815,13954,13981,610270
9765831,14019,14026,610271
9765847,13942,13948,610272
9765863,13603,13504,610273
9765879,12958,12892,610274
9765895,12142,12046,610275
9765911,11248,11113,610276
9765927,10190,10051,610277
9765943,9071,8900,610278
9765959,7762,7595,610279
9765975,6590,6436,610280
9765991,5430,5302,610281
9766007,4413,4295,610282
9766023,3567,3449,610283
9766039,2897,2720,610284
9766055,2317,2254,610285
9766071,2018,2016,610286
9766087,1995,2029,610287
9766103,2196,2236,610288
9766119,2642,2695,610289
9766135,3384,3462,610290
9766151,4188,4295,610291
9766167,5195,5323,610292
9766183,6273,6433,610293
9766199,7458,7577,610294
9766215,8639,8872,610295
9766231,9883,10044,610296
9766247,10986,11103,610297
9766263,11973,12087,610298
9766279,12802,12885,610299
9766295,13404,13455,610300
9766311,13846,13911,610301
9766327,14057,14057,610302
9766343,14036,14005,610303
