Tiempo_us,ADC_IN_A2,ADC_OUT_A3,Muestra
4179420,32425,14230,208896
4179440,32385,33020,208897
4179460,32331,51271,208898
4179480,32269,3513,208899
4179500,32302,62582,208900
4179520,32330,14205,208901
4179540,32329,33049,208902
4179560,32353,51316,208903
4179580,32363,3586,208904
4179600,32382,62544,208905
4179620,32451,14212,208906
4179640,32433,33028,208907
4179660,32522,51290,208908
4179680,32454,3577,208909
4179700,32461,62576,208910
4179720,32487,14243,208911
4179740,32434,32998,208912
4179760,32557,51253,208913
4179780,32460,3563,208914
4179800,32499,62547,208915
4179820,32553,14209,208916
4179840,32452,33039,208917
4179860,32588,51249,208918
4179880,32399,3571,208919
4179900,32453,62570,208920
4179920,32566,14231,208921
4179940,32464,33028,208922
4179960,32518,51280,208923
4179980,32422,3578,208924
4180000,32462,62591,208925
4180020,32473,14320,208926
4180040,32490,33045,208927
4180060,32484,51261,208928
4180080,32543,3543,208929
4180100,32513,62568,208930
4180120,32489,14228,208931
4180140,32472,33024,208932
4180160,32556,51229,208933
4180180,32450,3574,208934
4180200,32432,62548,208935
4180220,32437,14275,208936
4180240,32563,32973,208937
4180260,32625,51290,208938
4180280,32438,3533,208939
4180300,32416,62617,208940
4180320,32416,14274,208941
4180340,32313,33042,208942
4180360,32508,51291,208943
4180380,32474,3570,208944
4180400,32522,62561,208945
4180420,32464,14248,208946
4180440,32436,33002,208947
4180460,32442,51270,208948
4180480,32251,3535,208949
4180500,32412,62579,208950
4180520,32380,14216,208951
4180540,32348,33046,208952
4180560,32430,51278,208953
4180580,32478,3635,208954
4180600,32549,62570,208955
4180620,32426,14258,208956
4180640,32413,33010,208957
4180660,32390,51296,208958
4180680,32300,3585,208959
4180700,32382,62578,208960
4180720,32503,14202,208961
4180740,32509,33002,208962
4180760,32506,51280,208963
4180780,32415,3558,208964
4180800,32473,62587,208965
4180820,32368,14301,208966
4180840,32229,33025,208967
4180860,32277,51259,208968
4180880,32229,3594,208969
4180900,32254,62578,208970
4180920,32187,14242,208971
4180940,32196,33029,208972
4180960,32156,51309,208973
4180980,32285,3558,208974
4181000,32331,62582,208975
4181020,32248,14273,208976
4181040,32319,33026,208977
4181060,32282,51263,208978
4181080,32376,3621,208979
4181100,32415,62583,208980
4181120,32553,14231,208981
4181140,32313,33019,208982
4181160,32337,51300,208983
4181180,32033,3573,208984
4181200,32166,62591,208985
4181220,32262,14242,208986
4181240,32253,32979,208987
4181260,32428,51287,208988
4181280,32443,3564,208989
4181300,32436,62592,208990
4181320,32469,14248,208991
4181340,32338,33039,208992
4181360,32383,51309,208993
4181380,32394,3589,208994
4181400,32382,62567,208995
4181420,32528,14253,208996
4181440,32340,33018,208997
4181460,32407,51297,208998
4181480,32399,3608,208999
4181500,32494,62576,209000
4181520,32438,14249,209001
4181540,32382,33038,209002
4181560,32440,51259,209003
4181580,32345,3584,209004
4181600,32358,62571,209005
4181620,32369,14183,209006
4181640,32361,33026,209007
4181660,32451,51277,209008
4181680,32328,3554,209009
4181700,32415,62583,209010
4181720,32406,14271,209011
4181740,32347,32979,209012
4181760,32441,51275,209013
4181780,32348,3552,209014
4181800,32417,62547,209015
4181820,32316,14286,209016
4181840,32274,33002,209017
4181860,32262,51285,209018
4181880,32234,3562,209019
4181900,32267,62588,209020
4181920,32293,14226,209021
4181940,32304,32997,209022
4181960,32351,51274,209023
4181980,32237,3560,209024
4182000,32196,62574,209025
4182020,32261,14262,209026
4182040,32165,33032,209027
4182060,32303,51301,209028
4182080,32203,3584,209029
4182100,32314,62592,209030
4182120,32289,14272,209031
4182140,32382,32999,209032
4182160,32421,51255,209033
4182180,32238,3597,209034
4182200,32317,62534,209035
4182220,32376,14245,209036
4182240,32470,33030,209037
4182260,32390,51300,209038
4182280,32388,3546,209039
4182300,32435,62548,209040
4182320,32407,14256,209041
4182340,32259,33005,209042
4182360,32442,51256,209043
4182380,32266,3561,209044
4182400,32410,62580,209045
4182420,32387,14255,209046
4182440,32387,33074,209047
4182460,32399,51280,209048
4182480,32353,3559,209049
4182500,32496,62584,209050
4182520,32445,14218,209051
4182540,32462,33001,209052
4182560,32452,51282,209053
4182580,32159,3576,209054
4182600,32335,62542,209055
4182620,32312,14231,209056
4182640,32344,33036,209057
4182660,32383,51283,209058
4182680,32301,3594,209059
4182700,32378,62573,209060
4182720,32292,14238,209061
4182740,32185,33000,209062
4182760,32222,51293,209063
4182780,32254,3581,209064
4182800,32402,62556,209065
4182820,32458,14207,209066
4182840,32363,33023,209067
4182860,32421,51263,209068
4182880,32424,3547,209069
4182900,32479,62564,209070
4182920,32521,14258,209071
4182940,32480,33036,209072
4182960,32392,51292,209073
4182980,32306,3551,209074
4183000,32409,62537,209075
4183020,32364,14252,209076
4183040,32217,33020,209077
4183060,32261,51275,209078
4183080,32182,3554,209079
4183100,32326,62580,209080
4183120,32234,14275,209081
4183140,32276,33027,209082
4183160,32210,51297,209083
4183180,32243,3550,209084
4183200,32383,62553,209085
4183220,32418,14245,209086
4183240,32192,33025,209087
4183260,32242,51308,209088
4183280,32140,3561,209089
4183300,32239,62601,209090
4183320,32203,14244,209091
4183340,32180,32966,209092
4183360,32382,51248,209093
4183380,32377,3541,209094
4183400,32415,62557,209095
4183420,32507,14248,209096
4183440,32476,33018,209097
4183460,32213,51302,209098
4183480,32087,3561,209099
4183500,32377,62598,209100
4183520,32406,14244,209101
4183540,32392,33028,209102
4183560,32533,51270,209103
4183580,32394,3576,209104
4183600,32368,62588,209105
4183620,32341,14220,209106
4183640,32300,33020,209107
4183660,32443,51272,209108
4183680,32418,3591,209109
4183700,32446,62588,209110
4183720,32402,14251,209111
4183740,32337,33034,209112
4183760,32532,51259,209113
4183780,32369,3585,209114
4183800,32427,62604,209115
4183820,32413,14242,209116
4183840,32382,32994,209117
4183860,32444,51273,209118
4183880,32386,3592,209119
4183900,32393,62550,209120
4183920,32458,14227,209121
4183940,32389,33016,209122
4183960,32543,51272,209123
4183980,32392,3570,209124
4184000,32405,62613,209125
4184020,32370,14229,209126
4184040,32299,33036,209127
4184060,32531,51315,209128
4184080,32427,3586,209129
4184100,32442,62585,209130
4184120,32461,14240,209131
4184140,32331,33016,209132
4184160,32421,51281,209133
4184180,32411,3546,209134
4184200,32400,62559,209135
4184220,32420,14237,209136
4184240,32378,32986,209137
4184260,32415,51281,209138
4184280,32438,3579,209139
4184300,32395,62563,209140
4184320,32410,14266,209141
4184340,32364,32997,209142
4184360,32352,51283,209143
4184380,32403,3563,209144
4184400,32354,62573,209145
4184420,32370,14223,209146
4184440,32320,33028,209147
4184460,32415,51313,209148
4184480,32328,3589,209149
4184500,32395,62569,209150
4184520,32320,14241,209151
4184540,32386,32990,209152
4184560,32461,51278,209153
4184580,32373,3602,209154
4184600,32422,62575,209155
4184620,32397,14257,209156
4184640,32385,33010,209157
4184660,32408,51296,209158
4184680,32347,3605,209159
4184700,32273,62539,209160
4184720,32230,14286,209161
4184740,32247,33036,209162
4184760,32391,51271,209163
4184780,32277,3582,209164
4184800,32319,62575,209165
4184820,32346,14246,209166
4184840,32289,33015,209167
4184860,32262,51254,209168
4184880,32192,3604,209169
4184900,32317,62592,209170
4184920,32446,14288,209171
4184940,32466,33023,209172
4184960,32415,51294,209173
4184980,32330,3614,209174
4185000,32429,62611,209175
4185020,32343,14229,209176
4185040,32378,33024,209177
4185060,32494,51254,209178
4185080,32432,3598,209179
4185100,32417,62537,209180
4185120,32357,14257,209181
4185140,32346,33028,209182
4185160,32331,51311,209183
4185180,32200,3586,209184
4185200,32224,62551,209185
4185220,32277,14247,209186
4185240,32156,32984,209187
4185260,32269,51271,209188
4185280,32177,3582,209189
4185300,32266,62600,209190
4185320,32179,14267,209191
4185340,32281,33038,209192
4185360,32307,51285,209193
4185380,32361,3572,209194
4185400,32289,62543,209195
4185420,32244,14276,209196
4185440,32054,33043,209197
4185460,32248,51286,209198
4185480,32177,3563,209199
4185500,32371,62574,209200
4185520,32460,14238,209201
4185540,32354,33030,209202
4185560,32506,51271,209203
4185580,32522,3562,209204
4185600,32525,62534,209205
4185620,32574,14234,209206
4185640,32417,33035,209207
4185660,32400,51241,209208
4185680,32304,3557,209209
4185700,32532,62599,209210
4185720,32467,14244,209211
4185740,32398,32985,209212
4185760,32447,51285,209213
4185780,32396,3578,209214
4185800,32485,62535,209215
4185820,32466,14199,209216
4185840,32388,33014,209217
4185860,32356,51280,209218
4185880,32423,3557,209219
4185900,32462,62622,209220
4185920,32394,14258,209221
4185940,32393,33022,209222
4185960,32458,51277,209223
4185980,32448,3576,209224
4186000,32410,62537,209225
4186020,32333,14245,209226
4186040,32331,33002,209227
4186060,32422,51295,209228
4186080,32376,3595,209229
4186100,32372,62590,209230
4186120,32397,14231,209231
4186140,32400,32998,209232
4186160,32364,51238,209233
4186180,32288,3598,209234
4186200,32407,62554,209235
4186220,32351,14272,209236
4186240,32289,33033,209237
4186260,32402,51301,209238
4186280,32326,3590,209239
4186300,32414,62612,209240
4186320,32391,14241,209241
4186340,32267,33037,209242
4186360,32434,51287,209243
4186380,32461,3585,209244
4186400,32574,62524,209245
4186420,32588,14212,209246
4186440,32400,33010,209247
4186460,32428,51300,209248
4186480,32380,3609,209249
4186500,32450,62554,209250
4186520,32362,14253,209251
4186540,32371,33009,209252
4186560,32452,51301,209253
4186580,32444,3590,209254
4186600,32344,62570,209255
4186620,32423,14291,209256
4186640,32320,33025,209257
4186660,32397,51285,209258
4186680,32353,3560,209259
4186700,32303,62565,209260
4186720,32449,14260,209261
4186740,32326,33005,209262
4186760,32378,51237,209263
4186780,32397,3606,209264
4186800,32409,62541,209265
4186820,32408,14248,209266
4186840,32339,33058,209267
4186860,32249,51308,209268
4186880,32280,3577,209269
4186900,32254,62607,209270
4186920,32330,14228,209271
4186940,32275,33012,209272
4186960,32398,51275,209273
4186980,32376,3562,209274
4187000,32356,62594,209275
4187020,32263,14224,209276
4187040,32180,33015,209277
4187060,32281,51301,209278
4187080,32266,3579,209279
4187100,32479,62605,209280
4187120,32433,14269,209281
4187140,32335,33019,209282
4187160,32445,51298,209283
4187180,32400,3566,209284
4187200,32416,62561,209285
4187220,32537,14229,209286
4187240,32433,32998,209287
4187260,32401,51276,209288
4187280,32274,3563,209289
4187300,32288,62616,209290
4187320,32276,14242,209291
4187340,32179,33023,209292
4187360,32217,51288,209293
4187380,32198,3588,209294
4187400,32276,62542,209295
4187420,32302,14224,209296
4187440,32197,33000,209297
4187460,32077,51304,209298
4187480,32023,3568,209299
4187500,32167,62611,209300
4187520,32197,14245,209301
4187540,32166,33016,209302
4187560,32156,51243,209303
4187580,32144,3561,209304
4187600,32355,62570,209305
4187620,32330,14200,209306
4187640,32138,33023,209307
4187660,32298,51317,209308
4187680,32366,3566,209309
4187700,32436,62600,209310
4187720,32499,14284,209311
4187740,32380,33020,209312
4187760,32473,51259,209313
4187780,32436,3581,209314
4187800,32505,62571,209315
4187820,32384,14257,209316
4187840,32323,33024,209317
4187860,32377,51229,209318
4187880,32370,3580,209319
4187900,32435,62564,209320
4187920,32397,14238,209321
4187940,32261,33034,209322
4187960,32291,51276,209323
4187980,32275,3560,209324
4188000,32237,62569,209325
4188020,32235,14239,209326
4188040,32194,33019,209327
4188060,32342,51214,209328
4188080,32341,3568,209329
4188100,32438,62597,209330
4188120,32494,14254,209331
4188140,32422,33016,209332
4188160,32411,51299,209333
4188180,32414,3566,209334
4188200,32373,62583,209335
4188220,32357,14238,209336
4188240,32275,33017,209337
4188260,32428,51294,209338
4188280,32375,3565,209339
4188300,32436,62592,209340
4188320,32308,14238,209341
4188340,32291,33026,209342
4188360,32422,51274,209343
4188380,32343,3602,209344
4188400,32324,62556,209345
4188420,32422,14199,209346
4188440,32331,32982,209347
4188460,32427,51238,209348
4188480,32328,3552,209349
4188500,32281,62560,209350
4188520,32348,14247,209351
4188540,32351,33046,209352
4188560,32511,51279,209353
4188580,32358,3563,209354
4188600,32510,62509,209355
4188620,32453,14275,209356
4188640,32353,32986,209357
4188660,32385,51305,209358
4188680,32409,3568,209359
4188700,32411,62537,209360
4188720,32397,14282,209361
4188740,32218,32996,209362
4188760,32480,51264,209363
4188780,32387,3549,209364
4188800,32360,62570,209365
4188820,32461,14212,209366
4188840,32386,33043,209367
4188860,32325,51255,209368
4188880,32313,3587,209369
4188900,32302,62555,209370
4188920,32274,14259,209371
4188940,32324,32990,209372
4188960,32369,51289,209373
4188980,32322,3586,209374
4189000,32419,62558,209375
4189020,32326,14207,209376
4189040,32357,33034,209377
4189060,32403,51274,209378
4189080,32295,3603,209379
4189100,32276,62567,209380
4189120,32282,14223,209381
4189140,32255,33095,209382
4189160,32359,51301,209383
4189180,32403,3557,209384
4189200,32427,62587,209385
4189220,32518,14321,209386
4189240,32314,33010,209387
4189260,32318,51267,209388
4189280,32366,3558,209389
4189300,32430,62548,209390
4189320,32442,14256,209391
4189340,32280,33017,209392
4189360,32330,51267,209393
4189380,32234,3601,209394
4189400,32310,62554,209395
4189420,32330,14251,209396
4189440,32249,33028,209397
4189460,32305,51254,209398
4189480,32183,3554,209399
4189500,32300,62585,209400
4189520,32377,14250,209401
4189540,32191,33042,209402
4189560,32277,51289,209403
4189580,32153,3590,209404
4189600,32148,62605,209405
4189620,32275,14237,209406
4189640,32261,33040,209407
4189660,32436,51266,209408
4189680,32413,3604,209409
4189700,32303,62626,209410
4189720,32217,14252,209411
4189740,32221,33046,209412
4189760,32248,51299,209413
4189780,32079,3581,209414
4189800,32138,62544,209415
4189820,32149,14254,209416
4189840,32110,33015,209417
4189860,32264,51294,209418
4189880,32212,3573,209419
4189900,32245,62537,209420
4189920,32190,14293,209421
4189940,32274,32991,209422
4189960,32271,51283,209423
4189980,32359,3579,209424
4190000,32344,62581,209425
4190020,32302,14235,209426
4190040,32267,33032,209427
4190060,32294,51299,209428
4190080,32243,3545,209429
4190100,32251,62545,209430
4190120,32191,14231,209431
4190140,32273,33044,209432
4190160,32298,51283,209433
4190180,32386,3576,209434
4190200,32384,62595,209435
4190220,32363,14252,209436
4190240,32268,33013,209437
4190260,32323,51316,209438
4190280,32416,3555,209439
4190300,32423,62562,209440
4190320,32435,14261,209441
4190340,32326,33040,209442
4190360,32373,51309,209443
4190380,32373,3570,209444
4190400,32373,62531,209445
4190420,32321,14219,209446
4190440,32233,32996,209447
4190460,32321,51265,209448
4190480,32334,3578,209449
4190500,32383,62536,209450
4190520,32367,14232,209451
4190540,32318,33029,209452
4190560,32375,51285,209453
4190580,32386,3560,209454
4190600,32463,62589,209455
4190620,32433,14232,209456
4190640,32316,33035,209457
4190660,32403,51285,209458
4190680,32424,3589,209459
4190700,32486,62565,209460
4190720,32482,14236,209461
4190740,32400,33001,209462
4190760,32415,51287,209463
4190780,32394,3560,209464
4190800,32352,62605,209465
4190820,32416,14263,209466
4190840,32267,33019,209467
4190860,32396,51329,209468
4190880,32279,3583,209469
4190900,32335,62536,209470
4190920,32426,14179,209471
4190940,32241,33081,209472
4190960,32470,51297,209473
4190980,32327,3615,209474
4191000,32376,62611,209475
4191020,32391,14256,209476
4191040,32247,33029,209477
4191060,32397,51290,209478
4191080,32320,3579,209479
4191100,32419,62555,209480
4191120,32438,14241,209481
4191140,32331,33028,209482
4191160,32517,51299,209483
4191180,32392,3607,209484
4191200,32309,62579,209485
4191220,32299,14247,209486
4191240,32176,33008,209487
4191260,32420,51280,209488
4191280,32267,3593,209489
4191300,32379,62567,209490
4191320,32365,14256,209491
4191340,32318,33035,209492
4191360,32323,51288,209493
4191380,32095,3576,209494
4191400,32251,62585,209495
4191420,32319,14227,209496
4191440,32396,33012,209497
4191460,32127,51267,209498
4191480,31983,3573,209499
4191500,32204,62563,209500
4191520,32371,14240,209501
4191540,32388,32992,209502
4191560,32426,51261,209503
4191580,32302,3558,209504
4191600,32395,62569,209505
4191620,32397,14216,209506
4191640,32263,33032,209507
4191660,32259,51279,209508
4191680,32221,3570,209509
4191700,32288,62577,209510
4191720,32347,14241,209511
4191740,32291,33013,209512
4191760,32143,51260,209513
4191780,32113,3549,209514
4191800,32340,62561,209515
4191820,32342,14266,209516
4191840,32260,33014,209517
4191860,32252,51271,209518
4191880,32230,3557,209519
4191900,32333,62576,209520
4191920,32450,14237,209521
4191940,32368,33015,209522
4191960,32273,51283,209523
4191980,32152,3561,209524
4192000,32203,62568,209525
4192020,32277,14236,209526
4192040,32162,33034,209527
4192060,32384,51295,209528
4192080,32400,3558,209529
4192100,32399,62617,209530
4192120,32438,14243,209531
4192140,32420,32963,209532
4192160,32419,51288,209533
4192180,32390,3566,209534
4192200,32420,62570,209535
4192220,32471,14242,209536
4192240,32286,33058,209537
4192260,32367,51301,209538
4192280,32308,3556,209539
4192300,32322,62525,209540
4192320,32291,14244,209541
4192340,32119,32970,209542
4192360,32296,51254,209543
4192380,32166,3571,209544
4192400,32283,62548,209545
4192420,32301,14270,209546
4192440,32254,33022,209547
4192460,32244,51321,209548
4192480,32338,3590,209549
4192500,32330,62637,209550
4192520,32412,14248,209551
4192540,32313,33004,209552
4192560,32407,51273,209553
4192580,32421,3587,209554
4192600,32462,62572,209555
4192620,32350,14265,209556
4192640,32284,33010,209557
4192660,32420,51286,209558
4192680,32360,3571,209559
4192700,32334,62589,209560
4192720,32302,14255,209561
4192740,32229,33014,209562
4192760,32379,51303,209563
4192780,32334,3566,209564
4192800,32414,62578,209565
4192820,32392,14237,209566
4192840,32414,33008,209567
4192860,32534,51289,209568
4192880,32511,3608,209569
4192900,32457,62556,209570
4192920,32398,14237,209571
4192940,32287,33006,209572
4192960,32458,51295,209573
4192980,32443,3574,209574
4193000,32487,62596,209575
4193020,32425,14299,209576
4193040,32335,33024,209577
4193060,32459,51240,209578
4193080,32382,3541,209579
4193100,32304,62602,209580
4193120,32407,14229,209581
4193140,32298,33042,209582
4193160,32477,51326,209583
4193180,32359,3606,209584
4193200,32425,62599,209585
4193220,32387,14219,209586
4193240,32318,32992,209587
4193260,32515,51281,209588
4193280,32343,3599,209589
4193300,32364,62603,209590
4193320,32389,14284,209591
4193340,32306,32997,209592
4193360,32428,51287,209593
4193380,32285,3565,209594
4193400,32378,62583,209595
4193420,32269,14244,209596
4193440,32254,32996,209597
4193460,32380,51303,209598
4193480,32387,3591,209599
4193500,32471,62560,209600
4193520,32392,14234,209601
4193540,32375,33022,209602
4193560,32323,51270,209603
4193580,32228,3551,209604
4193600,32344,62607,209605
4193620,32380,14258,209606
4193640,32254,33020,209607
4193660,32420,51326,209608
4193680,32281,3530,209609
4193700,32264,62609,209610
4193720,32204,14240,209611
4193740,32227,33002,209612
4193760,32296,51293,209613
4193780,32180,3575,209614
4193800,32307,62534,209615
4193820,32280,14262,209616
4193840,32153,33003,209617
4193860,32207,51288,209618
4193880,32254,3579,209619
4193900,32258,62550,209620
4193920,32219,14233,209621
4193940,32326,32982,209622
4193960,32252,51271,209623
4193980,32259,3541,209624
4194000,32274,62567,209625
4194020,32407,14281,209626
4194040,32438,33033,209627
4194060,32370,51298,209628
4194080,32326,3582,209629
4194100,32084,62536,209630
4194120,32166,14233,209631
4194140,32195,33019,209632
4194160,32224,51276,209633
4194180,32306,3575,209634
4194200,32434,62530,209635
4194220,32489,14235,209636
4194240,32359,33070,209637
4194260,32404,51285,209638
4194280,32313,3552,209639
4194300,32469,62568,209640
4194320,32438,14250,209641
4194340,32402,33026,209642
4194360,32439,51283,209643
4194380,32381,3560,209644
4194400,32351,62522,209645
4194420,32405,14232,209646
4194440,32271,33008,209647
4194460,32250,51280,209648
4194480,32194,3566,209649
4194500,32216,62555,209650
4194520,32420,14239,209651
4194540,32374,33058,209652
4194560,32339,51313,209653
4194580,32365,3582,209654
4194600,32345,62561,209655
4194620,32394,14230,209656
4194640,32330,33008,209657
4194660,32344,51292,209658
4194680,32371,3578,209659
4194700,32414,62555,209660
4194720,32472,14239,209661
4194740,32385,33069,209662
4194760,32414,51324,209663
4194780,32351,3566,209664
4194800,32323,62565,209665
4194820,32357,14252,209666
4194840,32258,33014,209667
4194860,32335,51240,209668
4194880,32370,3572,209669
4194900,32327,62566,209670
4194920,32417,14211,209671
4194940,32332,33023,209672
4194960,32472,51288,209673
4194980,32360,3576,209674
4195000,32438,62580,209675
4195020,32514,14269,209676
4195040,32356,33039,209677
4195060,32544,51311,209678
4195080,32466,3576,209679
4195100,32526,62609,209680
4195120,32438,14237,209681
4195140,32344,33008,209682
4195160,32460,51226,209683
4195180,32343,3591,209684
4195200,32406,62547,209685
4195220,32408,14230,209686
4195240,32347,33010,209687
4195260,32397,51303,209688
4195280,32301,3599,209689
4195300,32421,62594,209690
4195320,32237,14180,209691
4195340,32280,33007,209692
4195360,32408,51280,209693
4195380,32329,3575,209694
4195400,32379,62610,209695
4195420,32397,14227,209696
4195440,32385,33060,209697
4195460,32302,51355,209698
4195480,32200,3599,209699
4195500,32252,62562,209700
4195520,32218,14270,209701
4195540,32282,33031,209702
4195560,32324,51246,209703
4195580,32160,3547,209704
4195600,32274,62585,209705
4195620,32285,14214,209706
4195640,32364,33031,209707
4195660,32307,51332,209708
4195680,32183,3598,209709
4195700,32432,62603,209710
4195720,32249,14281,209711
4195740,32168,33030,209712
4195760,32280,51282,209713
4195780,32199,3554,209714
4195800,32186,62587,209715
4195820,32173,14228,209716
4195840,32137,33001,209717
4195860,32276,51330,209718
4195880,32283,3599,209719
4195900,32437,62552,209720
4195920,32471,14242,209721
4195940,32408,33021,209722
4195960,32548,51285,209723
4195980,32392,3574,209724
4196000,32252,62644,209725
4196020,32316,14217,209726
4196040,32273,33026,209727
4196060,32289,51237,209728
4196080,32181,3553,209729
4196100,32262,62522,209730
4196120,32227,14298,209731
4196140,32066,33043,209732
4196160,32078,51321,209733
4196180,32219,3523,209734
4196200,32194,62591,209735
4196220,32308,14251,209736
4196240,32179,33000,209737
4196260,32204,51353,209738
4196280,32192,3585,209739
4196300,32402,62598,209740
4196320,32467,14253,209741
4196340,32361,33010,209742
4196360,32176,51305,209743
4196380,32106,3614,209744
4196400,32141,62575,209745
4196420,32338,14262,209746
4196440,32289,33051,209747
4196460,32467,51318,209748
4196480,32460,3501,209749
4196500,32460,62556,209750
4196520,32443,14269,209751
4196540,32406,32972,209752
4196560,32392,51255,209753
4196580,32366,3532,209754
4196600,32363,62639,209755
4196620,32433,14255,209756
4196640,32291,33020,209757
4196660,32372,51304,209758
4196680,32196,3589,209759
4196700,32389,62568,209760
4196720,32341,14236,209761
4196740,32169,33012,209762
4196760,32333,51280,209763
4196780,32373,3555,209764
4196800,32412,62576,209765
4196820,32433,14271,209766
4196840,32415,32999,209767
4196860,32411,51314,209768
4196880,32389,3582,209769
4196900,32437,62600,209770
4196920,32421,14236,209771
4196940,32331,33041,209772
4196960,32313,51318,209773
4196980,32354,3583,209774
4197000,32440,62581,209775
4197020,32356,14259,209776
4197040,32208,33061,209777
4197060,32336,51261,209778
4197080,32315,3588,209779
4197100,32480,62571,209780
4197120,32416,14254,209781
4197140,32325,33002,209782
4197160,32417,51282,209783
4197180,32344,3591,209784
4197200,32423,62555,209785
4197220,32319,14247,209786
4197240,32295,33004,209787
4197260,32371,51262,209788
4197280,32439,3548,209789
4197300,32430,62617,209790
4197320,32445,14256,209791
4197340,32378,32979,209792
4197360,32446,51311,209793
4197380,32406,3584,209794
4197400,32502,62550,209795
4197420,32408,14215,209796
4197440,32433,33015,209797
4197460,32428,51307,209798
4197480,32345,3559,209799
4197500,32466,62606,209800
4197520,32359,14240,209801
4197540,32286,33018,209802
4197560,32357,51304,209803
4197580,32340,3565,209804
4197600,32487,62574,209805
4197620,32386,14251,209806
4197640,32364,33036,209807
4197660,32426,51316,209808
4197680,32416,3608,209809
4197700,32362,62558,209810
4197720,32262,14240,209811
4197740,32297,33010,209812
4197760,32364,51284,209813
4197780,32364,3580,209814
4197800,32390,62579,209815
4197820,32355,14242,209816
4197840,32384,32994,209817
4197860,32411,51279,209818
4197880,32305,3575,209819
4197900,32426,62590,209820
4197920,32316,14230,209821
4197940,32475,33051,209822
4197960,32384,51299,209823
4197980,32412,3577,209824
4198000,32400,62615,209825
4198020,32292,14245,209826
4198040,32290,32987,209827
4198060,32309,51259,209828
4198080,32426,3551,209829
4198100,32286,62587,209830
4198120,32270,14258,209831
4198140,32280,33030,209832
4198160,32318,51288,209833
4198180,32281,3572,209834
4198200,32175,62650,209835
4198220,32259,14260,209836
4198240,32278,33022,209837
4198260,32240,51281,209838
4198280,32188,3592,209839
4198300,32232,62537,209840
4198320,32338,14209,209841
4198340,32255,33023,209842
4198360,32364,51290,209843
4198380,32402,3590,209844
4198400,32443,62551,209845
4198420,32378,14232,209846
4198440,32229,33027,209847
4198460,32178,51242,209848
4198480,32181,3539,209849
4198500,32216,62564,209850
4198520,32379,14239,209851
4198540,32374,33013,209852
4198560,32377,51306,209853
4198580,32351,3586,209854
4198600,32379,62582,209855
4198620,32350,14266,209856
4198640,32369,33035,209857
4198660,32501,51278,209858
4198680,32410,3566,209859
4198700,32548,62582,209860
4198720,32569,14207,209861
4198740,32348,33014,209862
4198760,32312,51274,209863
4198780,32172,3574,209864
4198800,32322,62573,209865
4198820,32269,14255,209866
4198840,32216,32997,209867
4198860,32356,51277,209868
4198880,32250,3595,209869
4198900,32428,62529,209870
4198920,32438,14272,209871
4198940,32323,33009,209872
4198960,32522,51313,209873
4198980,32480,3578,209874
4199000,32491,62558,209875
4199020,32409,14243,209876
4199040,32319,33026,209877
4199060,32403,51241,209878
4199080,32322,3564,209879
4199100,32405,62544,209880
4199120,32383,14220,209881
4199140,32382,33015,209882
4199160,32437,51293,209883
4199180,32355,3551,209884
4199200,32537,62606,209885
4199220,32438,14238,209886
4199240,32326,33044,209887
4199260,32387,51301,209888
4199280,32300,3595,209889
4199300,32379,62586,209890
4199320,32404,14245,209891
4199340,32335,32971,209892
4199360,32413,51290,209893
4199380,32437,3594,209894
4199400,32646,62565,209895
4199420,32561,14234,209896
4199440,32391,33037,209897
4199460,32403,51301,209898
4199480,32299,3595,209899
4199500,32307,62554,209900
4199520,32334,14223,209901
4199540,32288,32994,209902
4199560,32294,51282,209903
4199580,32334,3545,209904
4199600,32384,62581,209905
4199620,32393,14263,209906
4199640,32295,33054,209907
4199660,32458,51273,209908
4199680,32411,3564,209909
4199700,32345,62595,209910
4199720,32335,14265,209911
4199740,32335,33002,209912
4199760,32408,51288,209913
4199780,32387,3585,209914
4199800,32450,62568,209915
4199820,32401,14245,209916
4199840,32333,33022,209917
4199860,32391,51285,209918
4199880,32418,3585,209919
4199900,32360,62604,209920
4199920,32293,14238,209921
4199940,32252,33042,209922
4199960,32228,51299,209923
4199980,32346,3531,209924
4200000,32366,62588,209925
4200020,32365,14273,209926
4200040,32301,33035,209927
4200060,32352,51282,209928
4200080,32263,3584,209929
4200100,32357,62569,209930
4200120,32455,14238,209931
4200140,32324,33026,209932
4200160,32282,51326,209933
4200180,32319,3556,209934
4200200,32223,62595,209935
4200220,32417,14242,209936
4200240,32424,33050,209937
4200260,32405,51298,209938
4200280,32288,3551,209939
4200300,32277,62555,209940
4200320,32334,14277,209941
4200340,32251,33043,209942
4200360,32338,51295,209943
4200380,32216,3566,209944
4200400,32162,62581,209945
4200420,32261,14238,209946
4200440,32262,33016,209947
4200460,32215,51285,209948
4200480,32253,3591,209949
4200500,32246,62568,209950
4200520,32326,14252,209951
4200540,32307,33053,209952
4200560,32408,51329,209953
4200580,32247,3551,209954
4200600,32230,62585,209955
4200620,32306,14222,209956
4200640,32109,33009,209957
4200660,32247,51263,209958
4200680,32288,3572,209959
4200700,32457,62601,209960
4200720,32455,14248,209961
4200740,32389,33032,209962
4200760,32503,51310,209963
4200780,32455,3556,209964
4200800,32427,62594,209965
4200820,32510,14272,209966
4200840,32393,33010,209967
4200860,32496,51259,209968
4200880,32374,3601,209969
4200900,32438,62559,209970
4200920,32410,14258,209971
4200940,32304,32990,209972
4200960,32399,51267,209973
4200980,32333,3570,209974
4201000,32375,62544,209975
4201020,32285,14226,209976
4201040,32253,33015,209977
4201060,32272,51284,209978
4201080,32322,3558,209979
4201100,32422,62573,209980
4201120,32429,14249,209981
4201140,32296,33040,209982
4201160,32380,51289,209983
4201180,32352,3587,209984
4201200,32410,62545,209985
4201220,32416,14221,209986
4201240,32398,32972,209987
4201260,32340,51280,209988
4201280,32311,3579,209989
4201300,32444,62543,209990
4201320,32345,14252,209991
4201340,32359,33020,209992
4201360,32379,51290,209993
4201380,32365,3604,209994
4201400,32427,62558,209995
4201420,32414,14262,209996
4201440,32449,33018,209997
4201460,32523,51257,209998
4201480,32417,3570,209999
4201500,32483,62566,210000
4201520,32410,14224,210001
4201540,32442,33009,210002
4201560,32470,51306,210003
4201580,32466,3568,210004
4201600,32544,62590,210005
4201620,32484,14261,210006
4201640,32496,33032,210007
4201660,32501,51299,210008
4201680,32418,3555,210009
4201700,32466,62567,210010
4201720,32426,14234,210011
4201740,32276,33007,210012
4201760,32453,51284,210013
4201780,32501,3577,210014
4201800,32476,62581,210015
4201820,32461,14242,210016
4201840,32332,32997,210017
4201860,32428,51272,210018
4201880,32414,3565,210019
4201900,32396,62569,210020
4201920,32334,14238,210021
4201940,32334,33041,210022
4201960,32438,51316,210023
4201980,32416,3603,210024
4202000,32409,62557,210025
4202020,32431,14234,210026
4202040,32370,32994,210027
4202060,32398,51256,210028
4202080,32380,3597,210029
4202100,32324,62581,210030
4202120,32340,14233,210031
4202140,32252,33051,210032
4202160,32362,51296,210033
4202180,32373,3560,210034
4202200,32271,62592,210035
4202220,32256,14272,210036
4202240,32282,33043,210037
4202260,32403,51294,210038
4202280,32412,3563,210039
4202300,32422,62573,210040
4202320,32382,14193,210041
4202340,32102,32979,210042
4202360,32242,51305,210043
4202380,32151,3622,210044
4202400,32254,62567,210045
4202420,32343,14288,210046
4202440,32364,33050,210047
4202460,32417,51310,210048
4202480,32324,3592,210049
4202500,32447,62577,210050
4202520,32438,14241,210051
4202540,32413,33015,210052
4202560,32454,51299,210053
4202580,32549,3567,210054
4202600,32371,62592,210055
4202620,32381,14261,210056
4202640,32269,32989,210057
4202660,32355,51272,210058
4202680,32251,3614,210059
4202700,32135,62552,210060
4202720,32163,14256,210061
4202740,32223,33019,210062
4202760,32234,51330,210063
4202780,32204,3602,210064
4202800,32262,62590,210065
4202820,32219,14223,210066
4202840,32111,32980,210067
4202860,32287,51286,210068
4202880,32303,3539,210069
4202900,32431,62581,210070
4202920,32347,14283,210071
4202940,32312,33026,210072
4202960,32191,51269,210073
4202980,32172,3560,210074
4203000,32248,62618,210075
4203020,32324,14251,210076
4203040,32311,32992,210077
4203060,32373,51268,210078
4203080,32344,3584,210079
4203100,32424,62594,210080
4203120,32422,14249,210081
4203140,32397,33027,210082
4203160,32392,51300,210083
4203180,32351,3611,210084
4203200,32442,62607,210085
4203220,32472,14258,210086
4203240,32463,32986,210087
4203260,32440,51254,210088
4203280,32315,3579,210089
4203300,32388,62591,210090
4203320,32281,14231,210091
4203340,32341,33015,210092
4203360,32250,51293,210093
4203380,32275,3579,210094
4203400,32351,62602,210095
4203420,32297,14245,210096
4203440,32339,33032,210097
4203460,32212,51258,210098
4203480,32192,3599,210099
4203500,32305,62602,210100
4203520,32280,14239,210101
4203540,32457,33014,210102
4203560,32361,51246,210103
4203580,32309,3598,210104
4203600,32312,62547,210105
4203620,32406,14236,210106
4203640,32290,32998,210107
4203660,32297,51275,210108
4203680,32220,3606,210109
4203700,32337,62579,210110
4203720,32272,14291,210111
4203740,32342,33005,210112
4203760,32408,51303,210113
4203780,32304,3599,210114
4203800,32511,62591,210115
4203820,32486,14236,210116
4203840,32493,33008,210117
4203860,32526,51274,210118
4203880,32475,3558,210119
4203900,32511,62561,210120
4203920,32467,14225,210121
4203940,32381,33052,210122
4203960,32477,51310,210123
4203980,32361,3578,210124
4204000,32460,62590,210125
4204020,32435,14272,210126
4204040,32366,33037,210127
4204060,32456,51293,210128
4204080,32460,3576,210129
4204100,32422,62555,210130
4204120,32366,14251,210131
4204140,32324,33001,210132
4204160,32423,51260,210133
4204180,32322,3606,210134
4204200,32344,62555,210135
4204220,32290,14248,210136
4204240,32245,32996,210137
4204260,32345,51336,210138
4204280,32324,3571,210139
4204300,32345,62550,210140
4204320,32367,14274,210141
4204340,32356,33037,210142
4204360,32385,51261,210143
4204380,32424,3524,210144
4204400,32358,62573,210145
4204420,32398,14221,210146
4204440,32116,33004,210147
4204460,32201,51281,210148
4204480,32326,3608,210149
4204500,32388,62587,210150
4204520,32298,14272,210151
4204540,32299,33030,210152
4204560,32310,51314,210153
4204580,32159,3536,210154
4204600,32194,62614,210155
4204620,32369,14239,210156
4204640,32418,33002,210157
4204660,32463,51286,210158
4204680,32394,3601,210159
4204700,32418,62532,210160
4204720,32345,14250,210161
4204740,32308,33024,210162
4204760,32393,51298,210163
4204780,32261,3597,210164
4204800,32237,62608,210165
4204820,32154,14220,210166
4204840,32169,32994,210167
4204860,32311,51334,210168
4204880,32132,3562,210169
4204900,32270,62597,210170
4204920,32218,14269,210171
4204940,32232,33006,210172
4204960,32477,51271,210173
4204980,32313,3542,210174
4205000,32259,62554,210175
4205020,32324,14241,210176
4205040,32190,33040,210177
4205060,32387,51239,210178
4205080,32247,3584,210179
4205100,32359,62571,210180
4205120,32463,14240,210181
4205140,32403,33014,210182
4205160,32426,51229,210183
4205180,32347,3529,210184
4205200,32399,62554,210185
4205220,32498,14237,210186
4205240,32464,33039,210187
4205260,32468,51252,210188
4205280,32420,3579,210189
4205300,32497,62606,210190
4205320,32465,14243,210191
4205340,32464,33050,210192
4205360,32336,51272,210193
4205380,32243,3579,210194
4205400,32330,62561,210195
4205420,32375,14216,210196
4205440,32241,32995,210197
4205460,32292,51291,210198
4205480,32292,3558,210199
4205500,32331,62565,210200
4205520,32392,14264,210201
4205540,32395,33021,210202
4205560,32401,51304,210203
4205580,32341,3555,210204
4205600,32318,62569,210205
4205620,32390,14249,210206
4205640,32360,33011,210207
4205660,32337,51272,210208
4205680,32447,3589,210209
4205700,32450,62596,210210
4205720,32376,14216,210211
4205740,32296,33051,210212
4205760,32320,51294,210213
4205780,32310,3600,210214
4205800,32384,62560,210215
4205820,32382,14220,210216
4205840,32301,33033,210217
4205860,32384,51295,210218
4205880,32367,3607,210219
4205900,32459,62578,210220
4205920,32533,14231,210221
4205940,32421,33034,210222
4205960,32412,51332,210223
4205980,32433,3590,210224
4206000,32451,62609,210225
4206020,32567,14257,210226
4206040,32473,33000,210227
4206060,32508,51248,210228
4206080,32472,3548,210229
4206100,32494,62573,210230
4206120,32450,14235,210231
4206140,32361,33059,210232
4206160,32372,51305,210233
4206180,32407,3606,210234
4206200,32330,62541,210235
4206220,32531,14248,210236
4206240,32372,32994,210237
4206260,32483,51301,210238
4206280,32442,3567,210239
4206300,32430,62571,210240
4206320,32430,14239,210241
4206340,32329,32983,210242
4206360,32384,51236,210243
4206380,32395,3579,210244
4206400,32388,62540,210245
4206420,32392,14249,210246
4206440,32281,33051,210247
4206460,32365,51287,210248
4206480,32373,3575,210249
4206500,32480,62585,210250
4206520,32487,14270,210251
4206540,32464,33025,210252
4206560,32482,51314,210253
4206580,32221,3596,210254
4206600,32316,62529,210255
4206620,32282,14241,210256
4206640,32274,33008,210257
4206660,32409,51313,210258
4206680,32310,3619,210259
4206700,32348,62587,210260
4206720,32252,14232,210261
4206740,32199,33029,210262
4206760,32385,51266,210263
4206780,32261,3579,210264
4206800,32331,62575,210265
4206820,32253,14234,210266
4206840,32295,33024,210267
4206860,32367,51272,210268
4206880,32161,3604,210269
4206900,32241,62570,210270
4206920,32227,14202,210271
4206940,32170,33031,210272
4206960,32251,51292,210273
4206980,32117,3601,210274
4207000,32219,62546,210275
4207020,32205,14262,210276
4207040,32309,32971,210277
4207060,32426,51250,210278
4207080,32350,3562,210279
4207100,32253,62568,210280
4207120,32138,14230,210281
4207140,32141,33064,210282
4207160,32211,51334,210283
4207180,32082,3586,210284
4207200,32304,62555,210285
4207220,32341,14271,210286
4207240,32219,33079,210287
4207260,32399,51284,210288
4207280,32416,3582,210289
4207300,32387,62564,210290
4207320,32427,14192,210291
4207340,32517,33025,210292
4207360,32448,51272,210293
4207380,32404,3610,210294
4207400,32418,62581,210295
4207420,32386,14271,210296
4207440,32163,33004,210297
4207460,32112,51285,210298
4207480,32037,3547,210299
4207500,32280,62556,210300
4207520,32152,14250,210301
4207540,32252,33013,210302
4207560,32295,51258,210303
4207580,32219,3599,210304
4207600,32166,62556,210305
4207620,32185,14257,210306
4207640,32212,33001,210307
4207660,32232,51268,210308
4207680,32237,3634,210309
4207700,32265,62587,210310
4207720,32337,14225,210311
4207740,32359,33014,210312
4207760,32432,51235,210313
4207780,32339,3583,210314
4207800,32394,62593,210315
4207820,32418,14240,210316
4207840,32392,33004,210317
4207860,32367,51289,210318
4207880,32279,3580,210319
4207900,32322,62564,210320
4207920,32361,14269,210321
4207940,32301,33007,210322
4207960,32315,51316,210323
4207980,32278,3576,210324
4208000,32339,62584,210325
4208020,32450,14273,210326
4208040,32319,32996,210327
4208060,32443,51281,210328
4208080,32370,3578,210329
4208100,32480,62592,210330
4208120,32464,14228,210331
4208140,32357,33012,210332
4208160,32432,51334,210333
4208180,32352,3551,210334
4208200,32342,62563,210335
4208220,32276,14224,210336
4208240,32251,33030,210337
4208260,32286,51279,210338
4208280,32231,3552,210339
4208300,32378,62549,210340
4208320,32284,14240,210341
4208340,32222,33029,210342
4208360,32321,51317,210343
4208380,32279,3592,210344
4208400,32386,62553,210345
4208420,32327,14253,210346
4208440,32270,33011,210347
4208460,32347,51286,210348
4208480,32365,3583,210349
4208500,32446,62555,210350
4208520,32398,14257,210351
4208540,32428,33024,210352
4208560,32436,51295,210353
4208580,32302,3620,210354
4208600,32351,62565,210355
4208620,32366,14235,210356
4208640,32307,33012,210357
4208660,32433,51281,210358
4208680,32391,3561,210359
4208700,32336,62563,210360
4208720,32272,14234,210361
4208740,32240,33027,210362
4208760,32334,51239,210363
4208780,32386,3555,210364
4208800,32352,62561,210365
4208820,32389,14257,210366
4208840,32408,33037,210367
4208860,32587,51273,210368
4208880,32491,3534,210369
4208900,32461,62579,210370
4208920,32416,14225,210371
4208940,32384,32999,210372
4208960,32356,51294,210373
4208980,32456,3584,210374
4209000,32376,62607,210375
4209020,32406,14249,210376
4209040,32323,33003,210377
4209060,32367,51281,210378
4209080,32323,3564,210379
4209100,32428,62535,210380
4209120,32366,14201,210381
4209140,32378,33017,210382
4209160,32510,51296,210383
4209180,32388,3589,210384
4209200,32341,62585,210385
4209220,32368,14279,210386
4209240,32259,33020,210387
4209260,32353,51290,210388
4209280,32350,3566,210389
4209300,32311,62549,210390
4209320,32205,14227,210391
4209340,32285,33018,210392
4209360,32398,51267,210393
4209380,32394,3565,210394
4209400,32351,62556,210395
4209420,32393,14234,210396
4209440,32363,33017,210397
4209460,32274,51276,210398
4209480,32174,3573,210399
4209500,32172,62627,210400
4209520,32256,14259,210401
4209540,32279,33029,210402
4209560,32440,51275,210403
4209580,32410,3573,210404
4209600,32346,62605,210405
4209620,32460,14223,210406
4209640,32328,33004,210407
4209660,32492,51243,210408
4209680,32313,3561,210409
4209700,32265,62577,210410
4209720,32314,14265,210411
4209740,32234,33032,210412
4209760,32212,51249,210413
4209780,32194,3595,210414
4209800,32192,62557,210415
4209820,32284,14225,210416
4209840,32270,33026,210417
4209860,32331,51299,210418
4209880,32244,3602,210419
4209900,32348,62619,210420
4209920,32310,14258,210421
4209940,32304,33029,210422
4209960,32387,51321,210423
4209980,32354,3613,210424
4210000,32297,62503,210425
4210020,32270,14236,210426
4210040,32196,33005,210427
4210060,32292,51270,210428
4210080,32353,3604,210429
4210100,32469,62587,210430
4210120,32469,14272,210431
4210140,32353,33009,210432
4210160,32496,51281,210433
4210180,32424,3564,210434
4210200,32460,62558,210435
4210220,32533,14235,210436
4210240,32380,33026,210437
4210260,32467,51285,210438
4210280,32376,3585,210439
4210300,32466,62602,210440
4210320,32376,14235,210441
4210340,32414,33030,210442
4210360,32446,51250,210443
4210380,32335,3571,210444
4210400,32416,62579,210445
4210420,32403,14240,210446
4210440,32411,33007,210447
4210460,32500,51285,210448
4210480,32404,3548,210449
4210500,32445,62603,210450
4210520,32366,14266,210451
4210540,32379,33036,210452
4210560,32409,51308,210453
4210580,32419,3593,210454
4210600,32490,62561,210455
4210620,32505,14227,210456
4210640,32430,1335,210457
4210660,32391,29528,210458
4210680,32496,32858,210459
4210700,32495,32878,210460
4210720,32405,32889,210461
4210740,32487,32910,210462
4210760,32428,39293,210463
4210780,32470,40902,210464
4210800,32472,45559,210465
4210820,32471,51262,210466
4210840,32440,51266,210467
4210860,32441,56239,210468
4210880,32495,60072,210469
4210900,32463,60412,210470
4210920,32521,63388,210471
4210940,32590,64600,210472
4210960,32572,65154,210473
4210980,32563,65107,210474
4211000,32580,65085,210475
4211020,32552,65156,210476
4211040,32501,63401,210477
4211060,32469,63120,210478
4211080,32525,60446,210479
4211100,32657,56258,210480
4211120,32636,56274,210481
4211140,32616,51214,210482
4211160,32587,46574,210483
4211180,32625,45519,210484
4211200,32600,39316,210485
4211220,32543,36026,210486
4211240,32553,32881,210487
4211260,32536,26435,210488
4211280,32548,24815,210489
4211300,32527,20231,210490
4211320,32549,14490,210491
4211340,32590,14526,210492
4211360,32450,9527,210493
4211380,32548,5629,210494
4211400,32528,5391,210495
4211420,32424,2402,210496
4211440,32131,1678,210497
4211460,32261,1357,210498
4211480,32375,1346,210499
4211500,32253,1366,210500
4211520,32316,1332,210501
4211540,32413,2394,210502
4211560,32488,2692,210503
4211580,32459,5343,210504
4211600,32314,9446,210505
4211620,32446,9464,210506
4211640,32451,14525,210507
4211660,32471,19165,210508
4211680,32445,20252,210509
4211700,32543,26425,210510
4211720,32497,29753,210511
4211740,32485,32948,210512
4211760,32562,39301,210513
4211780,32480,40886,210514
4211800,32437,45511,210515
4211820,32444,51205,210516
4211840,32578,51216,210517
4211860,32496,56260,210518
4211880,32436,60066,210519
4211900,32451,60381,210520
4211920,32561,63409,210521
4211940,32551,64560,210522
4211960,32577,65092,210523
4211980,32506,65119,210524
4212000,32642,65170,210525
4212020,32580,65121,210526
4212040,32565,63378,210527
4212060,32508,63054,210528
4212080,32512,60352,210529
4212100,32553,56235,210530
4212120,32537,56232,210531
4212140,32575,51203,210532
4212160,32547,46576,210533
4212180,32513,45577,210534
4212200,32593,39345,210535
4212220,32549,36059,210536
4212240,32661,32910,210537
4212260,32507,26414,210538
4212280,32548,24826,210539
4212300,32547,20235,210540
4212320,32499,14536,210541
4212340,32601,14534,210542
4212360,32552,9487,210543
4212380,32475,5641,210544
4212400,32539,5343,210545
4212420,32477,2388,210546
4212440,32512,1665,210547
4212460,32449,1295,210548
4212480,32437,1315,210549
4212500,32376,1355,210550
4212520,32464,1329,210551
4212540,32372,2419,210552
4212560,32283,2735,210553
4212580,32291,5382,210554
4212600,32319,9470,210555
4212620,32405,9492,210556
4212640,32413,14553,210557
4212660,32302,19147,210558
4212680,32319,20249,210559
4212700,32437,26410,210560
4212720,32470,29741,210561
4212740,32369,32924,210562
4212760,32313,39324,210563
4212780,32387,40902,210564
4212800,32396,45496,210565
4212820,32379,51187,210566
4212840,32399,51222,210567
4212860,32394,56251,210568
4212880,32417,60083,210569
4212900,32422,60387,210570
4212920,32373,63380,210571
4212940,32444,64554,210572
4212960,32401,65148,210573
4212980,32531,65079,210574
4213000,32433,65110,210575
4213020,32340,65119,210576
4213040,32295,63362,210577
4213060,32314,63059,210578
4213080,32545,60372,210579
4213100,32489,56224,210580
4213120,32403,56268,210581
4213140,32389,51203,210582
4213160,32311,46574,210583
4213180,32401,45533,210584
4213200,32498,39315,210585
4213220,32407,36018,210586
4213240,32365,32870,210587
4213260,32452,26401,210588
4213280,32426,24847,210589
4213300,32358,20232,210590
4213320,32336,14554,210591
4213340,32326,14533,210592
4213360,32294,9506,210593
4213380,32355,5676,210594
4213400,32349,5368,210595
4213420,32294,2421,210596
4213440,32354,1677,210597
4213460,32447,1318,210598
4213480,32405,1353,210599
4213500,32245,1352,210600
4213520,32250,1342,210601
4213540,32115,2384,210602
4213560,32206,2720,210603
4213580,32284,5367,210604
4213600,32420,9484,210605
4213620,32407,9500,210606
4213640,32379,14537,210607
4213660,32524,19185,210608
4213680,32470,20246,210609
4213700,32427,26451,210610
4213720,32471,29755,210611
4213740,32384,32881,210612
4213760,32456,39332,210613
4213780,32371,40850,210614
4213800,32518,45507,210615
4213820,32533,51191,210616
4213840,32463,51199,210617
4213860,32539,56271,210618
4213880,32441,60070,210619
4213900,32415,60359,210620
4213920,32483,63419,210621
4213940,32508,64579,210622
4213960,32494,65171,210623
4213980,32542,65156,210624
4214000,32591,65132,210625
4214020,32607,65124,210626
4214040,32502,63417,210627
4214060,32586,63027,210628
4214080,32501,60348,210629
4214100,32578,56229,210630
4214120,32645,56251,210631
4214140,32610,51195,210632
4214160,32644,46589,210633
4214180,32566,45516,210634
4214200,32607,39304,210635
4214220,32603,36024,210636
4214240,32567,32891,210637
4214260,32515,26443,210638
4214280,32547,24888,210639
4214300,32583,20242,210640
4214320,32625,14532,210641
4214340,32587,14519,210642
4214360,32524,9458,210643
4214380,32472,5635,210644
4214400,32509,5400,210645
4214420,32416,2352,210646
4214440,32546,1688,210647
4214460,32430,1343,210648
4214480,32458,1362,210649
4214500,32419,1348,210650
4214520,32387,1350,210651
4214540,32414,2426,210652
4214560,32344,2719,210653
4214580,32369,5358,210654
4214600,32434,9470,210655
4214620,32426,9451,210656
4214640,32468,14550,210657
4214660,32343,19174,210658
4214680,32372,20266,210659
4214700,32442,26451,210660
4214720,32434,29759,210661
4214740,32434,32912,210662
4214760,32380,39374,210663
4214780,32389,40884,210664
4214800,32429,45516,210665
4214820,32483,51223,210666
4214840,32516,51218,210667
4214860,32510,56203,210668
4214880,32577,60075,210669
4214900,32570,60369,210670
4214920,32531,63385,210671
4214940,32542,64581,210672
4214960,32502,65164,210673
4214980,32549,65116,210674
4215000,32470,65125,210675
4215020,32532,65125,210676
4215040,32536,63372,210677
4215060,32555,63047,210678
4215080,32569,60357,210679
4215100,32521,56253,210680
4215120,32558,56242,210681
4215140,32523,51223,210682
4215160,32498,46568,210683
4215180,32531,45520,210684
4215200,32497,39310,210685
4215220,32483,36032,210686
4215240,32514,32899,210687
4215260,32517,26438,210688
4215280,32568,24842,210689
4215300,32476,20269,210690
4215320,32561,14516,210691
4215340,32500,14526,210692
4215360,32439,9535,210693
4215380,32514,5612,210694
4215400,32493,5368,210695
4215420,32331,2393,210696
4215440,32331,1699,210697
4215460,32255,1320,210698
4215480,32248,1361,210699
4215500,32212,1359,210700
4215520,32339,1353,210701
4215540,32202,2396,210702
4215560,32427,2725,210703
4215580,32363,5369,210704
4215600,32366,9485,210705
4215620,32292,9506,210706
4215640,32421,14499,210707
4215660,32409,19193,210708
4215680,32482,20256,210709
4215700,32503,26404,210710
4215720,32477,29722,210711
4215740,32453,32870,210712
4215760,32526,39315,210713
4215780,32491,40883,210714
4215800,32548,45491,210715
4215820,32493,51258,210716
4215840,32487,51203,210717
4215860,32467,56246,210718
4215880,32543,60081,210719
4215900,32515,60385,210720
4215920,32420,63388,210721
4215940,32525,64588,210722
4215960,32543,65166,210723
4215980,32521,65131,210724
4216000,32508,65150,210725
4216020,32493,65137,210726
4216040,32594,63386,210727
4216060,32580,63022,210728
4216080,32561,60397,210729
4216100,32560,56290,210730
4216120,32564,56280,210731
4216140,32576,51222,210732
4216160,32662,46606,210733
4216180,32647,45490,210734
4216200,32595,39323,210735
4216220,32530,35993,210736
4216240,32602,32862,210737
4216260,32512,26426,210738
4216280,32595,24875,210739
4216300,32598,20232,210740
4216320,32511,14572,210741
4216340,32648,14518,210742
4216360,32589,9479,210743
4216380,32502,5615,210744
4216400,32478,5395,210745
4216420,32524,2385,210746
4216440,32531,1696,210747
4216460,32420,1325,210748
4216480,32458,1339,210749
4216500,32432,1358,210750
4216520,32406,1342,210751
4216540,32387,2397,210752
4216560,32310,2721,210753
4216580,32371,5364,210754
4216600,32428,9476,210755
4216620,32426,9514,210756
4216640,32466,14501,210757
4216660,32394,19180,210758
4216680,32341,20223,210759
4216700,32305,26401,210760
4216720,32450,29728,210761
4216740,32473,32858,210762
4216760,32439,39342,210763
4216780,32480,40888,210764
4216800,32506,45519,210765
4216820,32484,51274,210766
4216840,32539,51255,210767
4216860,32440,56265,210768
4216880,32365,60048,210769
4216900,32349,60383,210770
4216920,32337,63360,210771
4216940,32377,64558,210772
4216960,32261,65183,210773
4216980,32309,65167,210774
4217000,32304,65132,210775
4217020,32392,65142,210776
4217040,32413,63402,210777
4217060,32447,63061,210778
4217080,32500,60367,210779
4217100,32593,56251,210780
4217120,32607,56240,210781
4217140,32540,51195,210782
4217160,32557,46574,210783
4217180,32410,45521,210784
4217200,32468,39311,210785
4217220,32580,36035,210786
4217240,32418,32862,210787
4217260,32380,26434,210788
4217280,32333,24854,210789
4217300,32385,20265,210790
4217320,32569,14572,210791
4217340,32572,14549,210792
4217360,32567,9516,210793
4217380,32533,5657,210794
4217400,32494,5366,210795
4217420,32498,2407,210796
4217440,32506,1671,210797
4217460,32457,1350,210798
4217480,32406,1305,210799
4217500,32494,1347,210800
4217520,32444,1319,210801
4217540,32440,2409,210802
4217560,32484,2696,210803
4217580,32464,5377,210804
4217600,32522,9462,210805
4217620,32456,9499,210806
4217640,32345,14547,210807
4217660,32497,19189,210808
4217680,32409,20222,210809
4217700,32458,26424,210810
4217720,32465,29766,210811
4217740,32455,32885,210812
4217760,32525,39319,210813
4217780,32515,40894,210814
4217800,32445,45497,210815
4217820,32363,51185,210816
4217840,32484,51187,210817
4217860,32590,56209,210818
4217880,32503,60106,210819
4217900,32522,60390,210820
4217920,32581,63397,210821
4217940,32538,64577,210822
4217960,32475,65177,210823
4217980,32565,65159,210824
4218000,32520,65140,210825
4218020,32582,65166,210826
4218040,32585,63367,210827
4218060,32627,62976,210828
4218080,32606,60381,210829
4218100,32602,56289,210830
4218120,32518,56267,210831
4218140,32627,51225,210832
4218160,32677,46544,210833
4218180,32563,45498,210834
4218200,32624,39305,210835
4218220,32549,35979,210836
4218240,32559,32911,210837
4218260,32461,26447,210838
4218280,32477,24863,210839
4218300,32446,20247,210840
4218320,32562,14522,210841
4218340,32629,14502,210842
4218360,32562,9462,210843
4218380,32555,5629,210844
4218400,32520,5358,210845
4218420,32453,2380,210846
4218440,32466,1708,210847
4218460,32396,1343,210848
4218480,32485,1330,210849
4218500,32465,1323,210850
4218520,32395,1331,210851
4218540,32534,2358,210852
4218560,32475,5433,210853
4218580,32501,8109,210854
4218600,32382,9497,210855
4218620,32405,14541,210856
4218640,32414,20261,210857
4218660,32374,23175,210858
4218680,32374,26400,210859
4218700,32459,32879,210860
4218720,32438,39336,210861
4218740,32550,41070,210862
4218760,32430,45517,210863
4218780,32493,51229,210864
4218800,32403,55935,210865
4218820,32474,56724,210866
4218840,32459,60375,210867
4218860,32498,63406,210868
4218880,32482,64673,210869
4218900,32445,65161,210870
4218920,32550,65093,210871
4218940,32535,65130,210872
4218960,32474,64683,210873
4218980,32547,63405,210874
4219000,32488,60351,210875
4219020,32478,56250,210876
4219040,32491,54415,210877
4219060,32628,51233,210878
4219080,32650,45519,210879
4219100,32627,39337,210880
4219120,32626,38117,210881
4219140,32566,32885,210882
4219160,32520,26460,210883
4219180,32478,21362,210884
4219200,32495,20253,210885
4219220,32550,14517,210886
4219240,32511,9459,210887
4219260,32473,6892,210888
4219280,32502,5361,210889
4219300,32419,2382,210890
4219320,32415,1362,210891
4219340,32388,1345,210892
4219360,32466,1383,210893
4219380,32361,1354,210894
4219400,32459,2397,210895
4219420,32430,3125,210896
4219440,32449,5357,210897
4219460,32432,9464,210898
4219480,32303,13861,210899
4219500,32244,14888,210900
4219520,32394,20236,210901
4219540,32398,26429,210902
4219560,32489,30831,210903
4219580,32483,32810,210904
4219600,32419,39353,210905
4219620,32533,45563,210906
4219640,32438,48379,210907
4219660,32541,51236,210908
4219680,32500,56247,210909
4219700,32481,60373,210910
4219720,32490,61322,210911
4219740,32546,63357,210912
4219760,32688,65150,210913
4219780,32583,65116,210914
4219800,32597,65137,210915
4219820,32594,65137,210916
4219840,32402,63447,210917
4219860,32579,61125,210918
4219880,32533,60362,210919
4219900,32615,56285,210920
4219920,32729,51203,210921
4219940,32617,47958,210922
4219960,32646,45510,210923
4219980,32644,39310,210924
4220000,32583,32903,210925
4220020,32516,30391,210926
4220040,32586,26429,210927
4220060,32577,20246,210928
4220080,32522,14552,210929
4220100,32615,13465,210930
4220120,32352,9479,210931
4220140,32468,5385,210932
4220160,32382,2795,210933
4220180,32465,2390,210934
4220200,32317,1354,210935
4220220,32443,1345,210936
4220240,32409,1342,210937
4220260,32419,1384,210938
4220280,32425,2405,210939
4220300,32447,5341,210940
4220320,32458,7378,210941
4220340,32444,9535,210942
4220360,32494,14504,210943
4220380,32377,20204,210944
4220400,32397,22138,210945
4220420,32343,26423,210946
4220440,32467,32870,210947
4220460,32512,38911,210948
4220480,32372,40007,210949
4220500,32380,45511,210950
4220520,32308,51243,210951
4220540,32337,54972,210952
4220560,32293,56285,210953
4220580,32336,60330,210954
4220600,32197,63376,210955
4220620,32237,64333,210956
4220640,32273,65152,210957
4220660,32290,65089,210958
4220680,32303,65125,210959
4220700,32328,65002,210960
4220720,32515,63351,210961
4220740,32522,60321,210962
4220760,32635,56240,210963
4220780,32374,55299,210964
4220800,32422,51237,210965
4220820,32545,45516,210966
4220840,32552,40463,210967
4220860,32417,39341,210968
4220880,32334,32881,210969
4220900,32228,26401,210970
4220920,32419,22537,210971
4220940,32497,20245,210972
4220960,32518,14559,210973
4220980,32487,9519,210974
4221000,32516,7689,210975
4221020,32550,5367,210976
4221040,32523,2388,210977
4221060,32543,1336,210978
4221080,32435,1356,210979
4221100,32442,1352,210980
4221120,32381,1320,210981
4221140,32449,2184,210982
4221160,32391,2584,210983
4221180,32436,5367,210984
4221200,32458,9454,210985
4221220,32488,12953,210986
4221240,32482,14548,210987
4221260,32427,20245,210988
4221280,32457,26420,210989
4221300,32407,29672,210990
4221320,32590,32880,210991
4221340,32513,39310,210992
4221360,32513,45505,210993
4221380,32451,47306,210994
4221400,32469,51205,210995
4221420,32580,56217,210996
4221440,32488,60132,210997
4221460,32553,60729,210998
4221480,32501,63394,210999
4221500,32542,65193,211000
4221520,32584,65171,211001
4221540,32526,65132,211002
4221560,32572,65124,211003
4221580,32611,63382,211004
4221600,32573,61640,211005
4221620,32557,60315,211006
4221640,32598,56252,211007
4221660,32642,51215,211008
4221680,32494,48979,211009
4221700,32571,45568,211010
4221720,32563,39332,211011
4221740,32603,32898,211012
4221760,32528,31525,211013
4221780,32502,26427,211014
4221800,32639,20222,211015
4221820,32499,15320,211016
4221840,32402,14352,211017
4221860,32491,9481,211018
4221880,32472,5383,211019
4221900,32512,3374,211020
4221920,32451,2415,211021
4221940,32475,1355,211022
4221960,32422,1364,211023
4221980,32454,1362,211024
4222000,32492,1348,211025
4222020,32466,2403,211026
4222040,32383,5375,211027
4222060,32454,6652,211028
4222080,32495,9486,211029
4222100,32516,14483,211030
4222120,32414,19888,211031
4222140,32507,20992,211032
4222160,32470,26424,211033
4222180,32459,32859,211034
4222200,32511,37763,211035
4222220,32412,39329,211036
4222240,32396,45509,211037
4222260,32390,51179,211038
4222280,32496,54031,211039
4222300,32453,56247,211040
4222320,32466,60359,211041
4222340,32368,63402,211042
4222360,32483,64020,211043
4222380,32513,65165,211044
4222400,32401,65164,211045
4222420,32442,65094,211046
4222440,32540,65144,211047
4222460,32557,63358,211048
4222480,32485,60336,211049
4222500,32498,57046,211050
4222520,32532,56247,211051
4222540,32520,51260,211052
4222560,32496,45519,211053
4222580,32548,41650,211054
4222600,32408,39327,211055
4222620,32531,32851,211056
4222640,32417,26442,211057
4222660,32482,23736,211058
4222680,32513,20221,211059
4222700,32525,14493,211060
4222720,32545,9456,211061
4222740,32502,8460,211062
4222760,32546,5334,211063
4222780,32459,2426,211064
4222800,32463,1489,211065
4222820,32328,1343,211066
4222840,32270,1361,211067
4222860,32322,1354,211068
4222880,32384,1975,211069
4222900,32342,2386,211070
4222920,32435,5357,211071
4222940,32447,9463,211072
4222960,32494,12008,211073
4222980,32436,14604,211074
4223000,32341,20243,211075
4223020,32436,26411,211076
4223040,32418,28439,211077
4223060,32438,32899,211078
4223080,32324,39296,211079
4223100,32310,45219,211080
4223120,32408,46232,211081
4223140,32496,51218,211082
4223160,32506,56279,211083
4223180,32442,59433,211084
4223200,32450,60332,211085
4223220,32451,63374,211086
4223240,32319,65143,211087
4223260,32477,65104,211088
4223280,32284,65161,211089
4223300,32398,65104,211090
4223320,32354,63505,211091
4223340,32443,62102,211092
4223360,32504,60346,211093
4223380,32378,56274,211094
4223400,32257,51168,211095
4223420,32242,50007,211096
4223440,32161,45501,211097
4223460,32234,39330,211098
4223480,32149,33735,211099
4223500,32210,32613,211100
4223520,32428,26431,211101
4223540,32493,20217,211102
4223560,32501,16271,211103
4223580,32427,14523,211104
4223600,32476,9462,211105
4223620,32513,5372,211106
4223640,32522,3868,211107
4223660,32440,2419,211108
4223680,32408,1359,211109
4223700,32398,1351,211110
4223720,32302,1361,211111
4223740,32247,1318,211112
4223760,32209,2408,211113
4223780,32233,5209,211114
4223800,32202,5928,211115
4223820,32294,9488,211116
4223840,32334,14525,211117
4223860,32169,18787,211118
4223880,32175,20272,211119
4223900,32359,26431,211120
4223920,32211,32880,211121
4223940,32251,36539,211122
4223960,32257,39340,211123
4223980,32222,45524,211124
4224000,32265,51220,211125
4224020,32351,53105,211126
4224040,32411,56286,211127
4224060,32458,60357,211128
4224080,32371,63393,211129
4224100,32376,63735,211130
4224120,32314,65156,211131
4224140,32275,65129,211132
4224160,32214,65163,211133
4224180,32214,65110,211134
4224200,32480,63373,211135
4224220,32495,60365,211136
4224240,32544,57797,211137
4224260,32434,56275,211138
4224280,32527,51224,211139
4224300,32534,45518,211140
4224320,32564,42824,211141
4224340,32626,39318,211142
4224360,32503,32893,211143
4224380,32464,26419,211144
4224400,32431,24884,211145
4224420,32378,20226,211146
4224440,32268,14528,211147
4224460,32379,10146,211148
4224480,32380,9252,211149
4224500,32389,5402,211150
4224520,32356,2398,211151
4224540,32397,1666,211152
4224560,32398,1346,211153
4224580,32438,1344,211154
4224600,32365,1361,211155
4224620,32397,1786,211156
4224640,32326,2393,211157
4224660,32326,5329,211158
4224680,32337,9492,211159
4224700,32319,11096,211160
4224720,32378,14481,211161
4224740,32432,20207,211162
4224760,32396,26246,211163
4224780,32403,27318,211164
4224800,32311,32896,211165
4224820,32372,39347,211166
4224840,32294,44190,211167
4224860,32365,45481,211168
4224880,32405,51219,211169
4224900,32375,56245,211170
4224920,32490,58695,211171
4224940,32415,60315,211172
4224960,32572,63369,211173
4224980,32599,65178,211174
4225000,32482,65123,211175
4225020,32500,65095,211176
4225040,32530,65158,211177
4225060,32597,63851,211178
4225080,32555,62638,211179
4225100,32605,60374,211180
4225120,32570,56263,211181
4225140,32575,51894,211182
4225160,32582,50912,211183
4225180,32488,45490,211184
4225200,32442,39354,211185
4225220,32532,34895,211186
4225240,32425,32908,211187
4225260,32572,26420,211188
4225280,32521,20274,211189
4225300,32469,17339,211190
4225320,32468,14526,211191
4225340,32422,9481,211192
4225360,32556,5354,211193
4225380,32382,4437,211194
4225400,32382,2415,211195
4225420,32352,1358,211196
4225440,32364,1357,211197
4225460,32387,1350,211198
4225480,32387,1328,211199
4225500,32264,2384,211200
4225520,32266,4647,211201
4225540,32431,5364,211202
4225560,32374,9475,211203
4225580,32348,14538,211204
4225600,32339,17754,211205
4225620,32370,20254,211206
4225640,32300,26475,211207
4225660,32384,32897,211208
4225680,32269,35322,211209
4225700,32422,39351,211210
4225720,32431,45527,211211
4225740,32430,51178,211212
4225760,32454,52157,211213
4225780,32317,56238,211214
4225800,32184,60359,211215
4225820,32266,62832,211216
4225840,32301,63371,211217
4225860,32223,65156,211218
4225880,32274,65118,211219
4225900,32245,65118,211220
4225920,32288,65147,211221
4225940,32414,63374,211222
4225960,32329,60351,211223
4225980,32280,58588,211224
4226000,32408,56252,211225
4226020,32451,51201,211226
4226040,32575,45508,211227
4226060,32551,43939,211228
4226080,32391,39298,211229
4226100,32366,32900,211230
4226120,32365,27208,211231
4226140,32364,26016,211232
4226160,32279,20260,211233
4226180,32417,14557,211234
4226200,32459,11001,211235
4226220,32464,9512,211236
4226240,32488,5393,211237
4226260,32419,2404,211238
4226280,32437,1854,211239
4226300,32453,1342,211240
4226320,32447,1368,211241
4226340,32433,1344,211242
4226360,32418,1625,211243
4226380,32403,2391,211244
4226400,32390,5356,211245
4226420,32390,9478,211246
4226440,32323,10282,211247
4226460,32291,14532,211248
4226480,32360,20228,211249
4226500,32260,26436,211250
4226520,32270,30838,211251
4226540,32245,34128,211252
4226560,32299,39314,211253
4226580,32350,45511,211254
4226600,32292,51223,211255
4226620,32271,56278,211256
4226640,32374,58842,211257
4226660,32401,60827,211258
4226680,32500,63371,211259
4226700,32406,65155,211260
4226720,32425,65096,211261
4226740,32489,65158,211262
4226760,32494,64706,211263
4226780,32594,63015,211264
4226800,32550,60382,211265
4226820,32508,56254,211266
4226840,32416,51213,211267
4226860,32515,45566,211268
4226880,32504,42412,211269
4226900,32549,38897,211270
4226920,32504,32888,211271
4226940,32451,26416,211272
4226960,32564,20222,211273
4226980,32527,14850,211274
4227000,32547,12215,211275
4227020,32543,9521,211276
4227040,32435,5361,211277
4227060,32512,2430,211278
4227080,32429,1363,211279
4227100,32396,1343,211280
4227120,32376,1368,211281
4227140,32343,1376,211282
4227160,32383,2357,211283
4227180,32383,5370,211284
4227200,32350,9483,211285
4227220,32370,13604,211286
4227240,32344,16714,211287
4227260,32399,20236,211288
4227280,32319,26429,211289
4227300,32328,32878,211290
4227320,32307,39302,211291
4227340,32289,43988,211292
4227360,32369,47290,211293
4227380,32436,51214,211294
4227400,32453,56279,211295
4227420,32441,60385,211296
4227440,32423,63369,211297
4227460,32413,64655,211298
4227480,32361,65123,211299
4227500,32320,65139,211300
4227520,32384,65149,211301
4227540,32387,63318,211302
4227560,32473,60324,211303
4227580,32391,57539,211304
4227600,32470,55288,211305
4227620,32444,51162,211306
4227640,32491,45497,211307
4227660,32510,39350,211308
4227680,32468,32893,211309
4227700,32577,28856,211310
4227720,32448,25703,211311
4227740,32597,20252,211312
4227760,32438,14506,211313
4227780,32557,9516,211314
4227800,32473,5333,211315
4227820,32541,3681,211316
4227840,32380,2319,211317
4227860,32253,1357,211318
4227880,32360,1372,211319
4227900,32369,1358,211320
4227920,32415,2278,211321
4227940,32364,3874,211322
4227960,32406,5598,211323
4227980,32369,9490,211324
4228000,32330,14515,211325
4228020,32309,20246,211326
4228040,32324,25998,211327
4228060,32247,29236,211328
4228080,32350,32881,211329
4228100,32412,39312,211330
4228120,32445,45509,211331
4228140,32418,51222,211332
4228160,32399,55613,211333
4228180,32458,57796,211334
4228200,32418,60331,211335
4228220,32434,63340,211336
4228240,32511,65135,211337
4228260,32376,65147,211338
4228280,32233,65146,211339
4228300,32321,65038,211340
4228320,32370,63357,211341
4228340,32481,60355,211342
4228360,32428,56272,211343
4228380,32480,51224,211344
4228400,32578,46946,211345
4228420,32412,43668,211346
4228440,32400,39293,211347
4228460,32558,32856,211348
4228480,32608,26418,211349
4228500,32554,20207,211350
4228520,32450,16307,211351
4228540,32352,13241,211352
4228560,32220,9453,211353
4228580,32269,5386,211354
4228600,32324,2426,211355
4228620,32292,1353,211356
4228640,32213,1318,211357
4228660,32269,1365,211358
4228680,32146,1340,211359
4228700,32225,2388,211360
4228720,32119,5400,211361
4228740,32137,9505,211362
4228760,32279,12542,211363
4228780,32301,15274,211364
4228800,32122,20274,211365
4228820,32142,26426,211366
4228840,32461,32860,211367
4228860,32401,39303,211368
4228880,32428,42742,211369
4228900,32423,45891,211370
4228920,32346,51186,211371
4228940,32323,56252,211372
4228960,32337,60329,211373
4228980,32304,63167,211374
4229000,32234,64284,211375
4229020,32120,65203,211376
4229040,32186,65124,211377
4229060,32227,65142,211378
4229080,32431,63330,211379
4229100,32559,60713,211380
4229120,32609,58569,211381
4229140,32536,56256,211382
4229160,32596,51203,211383
4229180,32493,45520,211384
4229200,32561,39330,211385
4229220,32565,33813,211386
4229240,32546,30475,211387
4229260,32386,26408,211388
4229280,32407,20234,211389
4229300,32389,14498,211390
4229320,32247,9472,211391
4229340,32342,6153,211392
4229360,32423,4473,211393
4229380,32325,2399,211394
4229400,32354,1352,211395
4229420,32337,1363,211396
4229440,32306,1310,211397
4229460,32386,2016,211398
4229480,32404,3129,211399
4229500,32360,5350,211400
4229520,32444,9490,211401
4229540,32330,14541,211402
4229560,32434,20232,211403
4229580,32348,24512,211404
4229600,32390,27926,211405
4229620,32263,32913,211406
4229640,32389,39334,211407
4229660,32355,45479,211408
4229680,32417,51269,211409
4229700,32416,54362,211410
4229720,32421,57009,211411
4229740,32463,60373,211412
4229760,32422,63373,211413
4229780,32398,65194,211414
4229800,32384,65147,211415
4229820,32450,65149,211416
4229840,32442,65143,211417
4229860,32547,63360,211418
4229880,32534,60363,211419
4229900,32465,56251,211420
4229920,32497,51211,211421
4229940,32505,48245,211422
4229960,32477,45112,211423
4229980,32451,39310,211424
4230000,32439,32912,211425
4230020,32508,26418,211426
4230040,32583,20616,211427
4230060,32502,17472,211428
4230080,32435,14524,211429
4230100,32360,9482,211430
4230120,32371,5357,211431
4230140,32439,2413,211432
4230160,32363,1485,211433
4230180,32354,1321,211434
4230200,32326,1357,211435
4230220,32382,1356,211436
4230240,32353,2397,211437
4230260,32322,5384,211438
4230280,32295,8710,211439
4230300,32277,11382,211440
4230320,32448,14509,211441
4230340,32325,20243,211442
4230360,32337,26445,211443
4230380,32337,32910,211444
4230400,32362,37872,211445
4230420,32433,41289,211446
4230440,32487,45493,211447
4230460,32307,51209,211448
4230480,32285,56241,211449
4230500,32193,60341,211450
4230520,32410,62565,211451
4230540,32384,63796,211452
4230560,32390,65189,211453
4230580,32476,65142,211454
4230600,32444,65160,211455
4230620,32321,63649,211456
4230640,32407,61278,211457
4230660,32364,59581,211458
4230680,32382,56268,211459
4230700,32409,51191,211460
4230720,32364,45542,211461
4230740,32299,39315,211462
4230760,32191,35284,211463
4230780,32268,31884,211464
4230800,32301,26445,211465
4230820,32198,20256,211466
4230840,32292,14548,211467
4230860,32284,9512,211468
4230880,32301,7184,211469
4230900,32414,5020,211470
4230920,32432,2399,211471
4230940,32416,1332,211472
4230960,32359,1347,211473
4230980,32276,1320,211474
4231000,32325,1814,211475
4231020,32319,2609,211476
4231040,32214,5395,211477
4231060,32121,9512,211478
4231080,32149,14553,211479
4231100,32165,19869,211480
4231120,32189,23001,211481
4231140,32218,26423,211482
4231160,32359,32872,211483
4231180,32419,39302,211484
4231200,32492,45496,211485
4231220,32359,50508,211486
4231240,32447,53230,211487
4231260,32496,56267,211488
4231280,32489,60330,211489
4231300,32503,63405,211490
4231320,32430,65191,211491
4231340,32350,65130,211492
4231360,32285,65112,211493
4231380,32375,65143,211494
4231400,32334,63353,211495
4231420,32228,60333,211496
4231440,32135,56285,211497
4231460,32231,52460,211498
4231480,32276,49454,211499
4231500,32444,45531,211500
4231520,32431,39332,211501
4231540,32437,32898,211502
4231560,32446,26450,211503
4231580,32478,22079,211504
4231600,32530,18769,211505
4231620,32452,14545,211506
4231640,32425,9477,211507
4231660,32436,5373,211508
4231680,32469,2388,211509
4231700,32328,1682,211510
4231720,32264,1339,211511
4231740,32324,1342,211512
4231760,32295,1311,211513
4231780,32349,2416,211514
4231800,32313,5330,211515
4231820,32254,7940,211516
4231840,32360,10122,211517
4231860,32423,14479,211518
4231880,32550,20223,211519
4231900,32387,26440,211520
4231920,32337,32861,211521
4231940,32415,36525,211522
4231960,32464,39791,211523
4231980,32484,45520,211524
4232000,32418,51275,211525
4232020,32388,56267,211526
4232040,32392,60166,211527
4232060,32501,61867,211528
4232080,32485,63416,211529
4232100,32401,65165,211530
4232120,32424,65139,211531
4232140,32469,65135,211532
4232160,32514,64015,211533
4232180,32477,62071,211534
4232200,32388,60397,211535
4232220,32524,56233,211536
4232240,32524,51218,211537
4232260,32499,45517,211538
4232280,32482,40095,211539
4232300,32492,36884,211540
4232320,32476,32860,211541
4232340,32470,26401,211542
4232360,32479,20266,211543
4232380,32438,14544,211544
4232400,32490,10415,211545
4232420,32396,8148,211546
4232440,32316,5420,211547
4232460,32342,2380,211548
4232480,32326,1349,211549
4232500,32304,1392,211550
4232520,32358,1315,211551
4232540,32377,1546,211552
4232560,32336,2368,211553
4232580,32344,5340,211554
4232600,32373,9482,211555
4232620,32470,14517,211556
4232640,32259,18460,211557
4232660,32369,21786,211558
4232680,32338,26428,211559
4232700,32393,32888,211560
4232720,32369,39293,211561
4232740,32369,45518,211562
4232760,32403,49097,211563
4232780,32220,52177,211564
4232800,32261,56222,211565
4232820,32380,60340,211566
4232840,32271,63390,211567
4232860,32273,65190,211568
4232880,32192,65118,211569
4232900,32383,65104,211570
4232920,32403,65162,211571
4232940,32364,63349,211572
4232960,32315,60308,211573
4232980,32378,56299,211574
4233000,32327,53514,211575
4233020,32526,50891,211576
4233040,32566,45513,211577
4233060,32448,39311,211578
4233080,32578,32903,211579
4233100,32459,26772,211580
4233120,32361,23324,211581
4233140,32323,20221,211582
4233160,32316,14557,211583
4233180,32186,9485,211584
4233200,32225,5350,211585
4233220,32355,2783,211586
4233240,32364,1976,211587
4233260,32305,1338,211588
4233280,32367,1339,211589
4233300,32518,1344,211590
4233320,32468,2406,211591
4233340,32391,4890,211592
4233360,32437,6900,211593
4233380,32364,9477,211594
4233400,32313,14514,211595
4233420,32276,20242,211596
4233440,32285,26472,211597
4233460,32244,31659,211598
4233480,32174,34948,211599
4233500,32217,39317,211600
4233520,32208,45527,211601
4233540,32305,51218,211602
4233560,32275,56213,211603
4233580,32353,59349,211604
4233600,32397,61137,211605
4233620,32480,63380,211606
4233640,32497,65192,211607
4233660,32442,65136,211608
4233680,32513,65139,211609
4233700,32457,64482,211610
4233720,32471,62729,211611
4233740,32424,60349,211612
4233760,32495,56207,211613
4233780,32477,51191,211614
4233800,32420,45518,211615
4233820,32390,41641,211616
4233840,32401,38160,211617
4233860,32440,32914,211618
4233880,32414,26452,211619
4233900,32370,20255,211620
4233920,32381,14512,211621
4233940,32386,11691,211622
4233960,32447,8970,211623
4233980,32498,5365,211624
4234000,32457,2400,211625
4234020,32440,1339,211626
4234040,32431,1350,211627
4234060,32415,1346,211628
4234080,32363,1353,211629
4234100,32364,2442,211630
4234120,32413,5371,211631
4234140,32517,9486,211632
4234160,32380,14253,211633
4234180,32458,17252,211634
4234200,32361,20278,211635
4234220,32395,26422,211636
4234240,32345,32874,211637
4234260,32376,39326,211638
4234280,32354,44738,211639
4234300,32313,47945,211640
4234320,32408,51197,211641
4234340,32416,56269,211642
4234360,32452,60402,211643
4234380,32403,63391,211644
4234400,32425,64816,211645
4234420,32392,65112,211646
4234440,32425,65121,211647
4234460,32436,65106,211648
4234480,32419,63405,211649
4234500,32400,60342,211650
4234520,32394,56258,211651
4234540,32412,51815,211652
4234560,32414,47284,211653
4234580,32397,42440,211654
4234600,32515,37305,211655
4234620,32493,32070,211656
4234640,32547,26471,211657
4234660,32460,20266,211658
4234680,32431,14533,211659
4234700,32391,9525,211660
4234720,32335,5368,211661
4234740,32393,2382,211662
4234760,32342,1347,211663
4234780,32324,1361,211664
4234800,32346,1341,211665
4234820,32351,2053,211666
4234840,32356,4060,211667
4234860,32267,6945,211668
4234880,32168,10439,211669
4234900,32213,14535,211670
4234920,32197,20257,211671
4234940,32241,26405,211672
4234960,32088,32889,211673
4234980,32153,39318,211674
4235000,32258,45502,211675
4235020,32305,51198,211676
4235040,32379,56262,211677
4235060,32253,60375,211678
4235080,32252,62828,211679
4235100,32388,64445,211680
4235120,32435,65121,211681
4235140,32431,65150,211682
4235160,32488,65153,211683
4235180,32430,63360,211684
4235200,32455,60365,211685
4235220,32155,56291,211686
4235240,32353,51250,211687
4235260,32309,45487,211688
4235280,32438,39335,211689
4235300,32511,32858,211690
4235320,32498,26447,211691
4235340,32473,20985,211692
4235360,32520,16294,211693
4235380,32563,11984,211694
4235400,32588,8185,211695
4235420,32382,5002,211696
4235440,32198,2406,211697
4235460,32273,1333,211698
4235480,32283,1362,211699
4235500,32323,1318,211700
4235520,32304,2385,211701
4235540,32267,5380,211702
4235560,32241,9446,211703
4235580,32265,14527,211704
4235600,32242,19870,211705
4235620,32127,24911,211706
4235640,32165,30075,211707
4235660,32270,35373,211708
4235680,32236,40618,211709
4235700,32182,45630,211710
4235720,32358,51174,211711
4235740,32427,56236,211712
4235760,32386,60357,211713
4235780,32560,63389,211714
4235800,32515,65136,211715
4235820,32483,65117,211716
4235840,32481,65085,211717
4235860,32462,63881,211718
4235880,32541,60903,211719
4235900,32471,57781,211720
4235920,32392,53909,211721
4235940,32337,49626,211722
4235960,32424,44851,211723
4235980,32593,39309,211724
4236000,32468,32883,211725
4236020,32528,26462,211726
4236040,32515,20262,211727
4236060,32495,14514,211728
4236080,32490,9497,211729
4236100,32503,5364,211730
4236120,32508,2413,211731
4236140,32426,1481,211732
4236160,32526,1357,211733
4236180,32423,1356,211734
4236200,32375,1621,211735
4236220,32310,2923,211736
4236240,32328,5392,211737
4236260,32398,9494,211738
4236280,32467,14531,211739
4236300,32429,20212,211740
4236320,32309,26469,211741
4236340,32423,32865,211742
4236360,32414,39327,211743
4236380,32386,45507,211744
4236400,32375,50931,211745
4236420,32339,55061,211746
4236440,32436,58734,211747
4236460,32508,61621,211748
4236480,32472,63795,211749
4236500,32423,65194,211750
4236520,32418,65152,211751
4236540,32423,65111,211752
4236560,32445,63335,211753
4236580,32397,60351,211754
4236600,32284,56240,211755
4236620,32404,51209,211756
4236640,32436,45513,211757
4236660,32529,39326,211758
4236680,32406,33872,211759
4236700,32482,28547,211760
4236720,32452,23407,211761
4236740,32493,18484,211762
4236760,32568,13855,211763
4236780,32444,9487,211764
4236800,32265,5381,211765
4236820,32335,2382,211766
4236840,32439,1340,211767
4236860,32368,1363,211768
4236880,32457,1313,211769
4236900,32400,2398,211770
4236920,32381,5374,211771
4236940,32284,9185,211772
4236960,32213,13268,211773
4236980,32275,17734,211774
4237000,32146,22570,211775
4237020,32192,27644,211776
4237040,32137,32853,211777
4237060,32154,39295,211778
4237080,32362,45495,211779
4237100,32259,51215,211780
4237120,32258,56254,211781
4237140,32426,60343,211782
4237160,32238,63406,211783
4237180,32448,65167,211784
4237200,32474,65134,211785
4237220,32435,65073,211786
4237240,32424,64538,211787
4237260,32309,62035,211788
4237280,32368,59327,211789
4237300,32321,55912,211790
4237320,32519,51160,211791
4237340,32548,45524,211792
4237360,32408,39340,211793
4237380,32486,32904,211794
4237400,32421,26459,211795
4237420,32477,20263,211796
4237440,32478,14521,211797
4237460,32496,9525,211798
4237480,32512,5861,211799
4237500,32566,3286,211800
4237520,32444,1868,211801
4237540,32437,1320,211802
4237560,32274,1335,211803
4237580,32222,1334,211804
4237600,32213,2421,211805
4237620,32247,5381,211806
4237640,32197,9515,211807
4237660,32221,14554,211808
4237680,32215,20175,211809
4237700,32172,26443,211810
4237720,32195,32866,211811
4237740,32186,38926,211812
4237760,32317,44009,211813
4237780,32427,48699,211814
4237800,32444,53131,211815
4237820,32540,57025,211816
4237840,32522,60325,211817
4237860,32492,63387,211818
4237880,32449,65188,211819
4237900,32418,65099,211820
4237920,32470,65148,211821
4237940,32473,63401,211822
4237960,32466,60329,211823
4237980,32434,56257,211824
4238000,32389,51205,211825
4238020,32409,46601,211826
4238040,32471,41646,211827
4238060,32534,36476,211828
4238080,32478,31234,211829
4238100,32567,26042,211830
4238120,32599,20225,211831
4238140,32547,14481,211832
4238160,32607,9498,211833
4238180,32428,5400,211834
4238200,32456,2426,211835
4238220,32442,1322,211836
4238240,32477,1326,211837
4238260,32505,1329,211838
4238280,32427,2139,211839
4238300,32405,4426,211840
4238320,32424,7401,211841
4238340,32359,11064,211842
4238360,32408,15224,211843
4238380,32348,20254,211844
4238400,32395,26460,211845
4238420,32412,32895,211846
4238440,32423,39329,211847
4238460,32425,45512,211848
4238480,32463,51155,211849
4238500,32455,56219,211850
4238520,32461,60359,211851
4238540,32382,63218,211852
4238560,32498,64724,211853
4238580,32343,65123,211854
4238600,32434,65141,211855
4238620,32483,65096,211856
4238640,32498,63372,211857
4238660,32475,60365,211858
4238680,32530,56233,211859
4238700,32444,51218,211860
4238720,32426,45516,211861
4238740,32451,39351,211862
4238760,32386,32910,211863
4238780,32419,26417,211864
4238800,32522,20228,211865
4238820,32434,15583,211866
4238840,32516,11401,211867
4238860,32499,7697,211868
4238880,32527,4594,211869
4238900,32419,2311,211870
4238920,32404,1350,211871
4238940,32391,1340,211872
4238960,32439,1329,211873
4238980,32502,2406,211874
4239000,32422,5385,211875
4239020,32371,9505,211876
4239040,32480,14560,211877
4239060,32442,20260,211878
4239080,32347,25673,211879
4239100,32366,30869,211880
4239120,32365,36119,211881
4239140,32518,41234,211882
4239160,32376,46251,211883
4239180,32464,51226,211884
4239200,32424,56265,211885
4239220,32429,60355,211886
4239240,32440,63371,211887
4239260,32314,65163,211888
4239280,32430,65120,211889
4239300,32440,65117,211890
4239320,32528,63656,211891
4239340,32633,60579,211892
4239360,32528,57321,211893
4239380,32477,53435,211894
4239400,32254,49059,211895
4239420,32444,44355,211896
4239440,32404,39254,211897
4239460,32294,32894,211898
4239480,32377,26411,211899
4239500,32315,20228,211900
4239520,32466,14521,211901
4239540,32300,9500,211902
4239560,32156,5342,211903
4239580,32144,2423,211904
4239600,32096,1328,211905
4239620,32210,1319,211906
4239640,32288,1330,211907
4239660,32328,1741,211908
4239680,32363,3195,211909
4239700,32386,5739,211910
4239720,32467,9504,211911
4239740,32408,14532,211912
4239760,32437,20245,211913
4239780,32416,26446,211914
4239800,32413,32865,211915
4239820,32365,39330,211916
4239840,32261,45523,211917
4239860,32307,51200,211918
4239880,32310,55604,211919
4239900,32307,59077,211920
4239920,32277,61887,211921
4239940,32178,63966,211922
4239960,32245,65153,211923
4239980,32329,65131,211924
4240000,32336,65136,211925
4240020,32257,63388,211926
4240040,32232,60369,211927
4240060,32402,56235,211928
4240080,32485,51200,211929
4240100,32578,45491,211930
4240120,32508,39278,211931
4240140,32369,33225,211932
4240160,32308,27962,211933
4240180,32323,22807,211934
4240200,32470,17904,211935
4240220,32433,13359,211936
4240240,32404,9236,211937
4240260,32519,5369,211938
4240280,32422,2382,211939
4240300,32482,1335,211940
4240320,32399,1369,211941
4240340,32410,1319,211942
4240360,32451,2409,211943
4240380,32412,5355,211944
4240400,32464,9468,211945
4240420,32475,13691,211946
4240440,32443,18253,211947
4240460,32509,23219,211948
4240480,32308,28404,211949
4240500,32435,33611,211950
4240520,32407,39313,211951
4240540,32404,45523,211952
4240560,32461,51204,211953
4240580,32482,56231,211954
4240600,32505,60324,211955
4240620,32466,63384,211956
4240640,32529,65198,211957
4240660,32450,65125,211958
4240680,32468,65128,211959
4240700,32478,64395,211960
4240720,32435,61673,211961
4240740,32567,58824,211962
4240760,32594,55317,211963
4240780,32513,51239,211964
4240800,32530,45519,211965
4240820,32491,39340,211966
4240840,32476,32866,211967
4240860,32414,26436,211968
4240880,32353,20270,211969
4240900,32325,14518,211970
4240920,32389,9491,211971
4240940,32509,5457,211972
4240960,32410,3015,211973
4240980,32428,1747,211974
4241000,32348,1327,211975
4241020,32352,1348,211976
4241040,32445,1339,211977
4241060,32370,2411,211978
4241080,32377,5398,211979
4241100,32384,9504,211980
4241120,32357,14526,211981
4241140,32365,20209,211982
4241160,32392,26422,211983
4241180,32371,32898,211984
4241200,32222,39350,211985
4241220,32401,44669,211986
4241240,32446,49409,211987
4241260,32400,53742,211988
4241280,32385,57546,211989
4241300,32352,60745,211990
4241320,32373,63368,211991
4241340,32446,65147,211992
4241360,32439,65135,211993
4241380,32448,65139,211994
4241400,32445,63409,211995
4241420,32499,60360,211996
4241440,32631,56262,211997
4241460,32539,51161,211998
4241480,32517,45916,211999
4241500,32447,40887,212000
4241520,32511,35697,212001
4241540,32429,30452,212002
4241560,32396,25239,212003
4241580,32449,20249,212004
4241600,32187,14550,212005
4241620,32370,9521,212006
4241640,32431,5440,212007
4241660,32370,2398,212008
4241680,32391,1349,212009
4241700,32330,1349,212010
4241720,32341,1325,212011
4241740,32230,2233,212012
4241760,32153,4836,212013
4241780,32254,7941,212014
4241800,32372,11725,212015
4241820,32506,15950,212016
4241840,32495,20642,212017
4241860,32438,26431,212018
4241880,32341,32881,212019
4241900,32409,39321,212020
4241920,32485,45517,212021
4241940,32451,51248,212022
4241960,32476,56262,212023
4241980,32412,60340,212024
4242000,32476,63390,212025
4242020,32427,65189,212026
4242040,32368,65137,212027
4242060,32363,65153,212028
4242080,32218,63531,212029
4242100,32318,60336,212030
4242120,32310,56235,212031
4242140,32278,51169,212032
4242160,32354,45492,212033
4242180,32249,39303,212034
4242200,32249,32930,212035
4242220,32393,26417,212036
4242240,32373,20240,212037
4242260,32423,14552,212038
4242280,32348,9489,212039
4242300,32345,5394,212040
4242320,32206,2424,212041
4242340,32296,1329,212042
4242360,32237,1309,212043
4242380,32247,1347,212044
4242400,32395,2419,212045
4242420,32431,5383,212046
4242440,32372,9502,212047
4242460,32445,14524,212048
4242480,32484,20246,212049
4242500,32451,26435,212050
4242520,32287,32880,212051
4242540,32465,39436,212052
4242560,32462,45876,212053
4242580,32474,51865,212054
4242600,32540,56942,212055
4242620,32452,60933,212056
4242640,32473,63762,212057
4242660,32380,65173,212058
4242680,32423,65109,212059
4242700,32379,64930,212060
4242720,32333,62047,212061
4242740,32370,58334,212062
4242760,32449,53746,212063
4242780,32499,48033,212064
4242800,32406,41654,212065
4242820,32514,35134,212066
4242840,32513,28452,212067
4242860,32580,21743,212068
4242880,32526,15695,212069
4242900,32484,10440,212070
4242920,32376,5864,212071
4242940,32383,2570,212072
4242960,32409,1358,212073
4242980,32337,1343,212074
4243000,32368,1392,212075
4243020,32317,2418,212076
4243040,32372,5359,212077
4243060,32428,9502,212078
4243080,32429,14516,212079
4243100,32363,20264,212080
4243120,32290,26435,212081
4243140,32372,32912,212082
4243160,32343,39357,212083
4243180,32478,45515,212084
4243200,32490,51221,212085
4243220,32472,56273,212086
4243240,32551,60324,212087
4243260,32569,63387,212088
4243280,32471,65165,212089
4243300,32497,65149,212090
4243320,32538,65116,212091
4243340,32481,63396,212092
4243360,32604,60349,212093
4243380,32567,56221,212094
4243400,32523,51241,212095
4243420,32445,45497,212096
4243440,32403,39363,212097
4243460,32363,32863,212098
4243480,32455,26418,212099
4243500,32513,20258,212100
4243520,32497,14520,212101
4243540,32411,9261,212102
4243560,32412,5210,212103
4243580,32335,2278,212104
4243600,32246,1338,212105
4243620,32290,1321,212106
4243640,32309,1531,212107
4243660,32292,3351,212108
4243680,32388,6921,212109
4243700,32373,11398,212110
4243720,32423,17040,212111
4243740,32421,23364,212112
4243760,32373,29841,212113
4243780,32375,36535,212114
4243800,32339,43222,212115
4243820,32491,49344,212116
4243840,32450,54707,212117
4243860,32495,59338,212118
4243880,32352,62791,212119
4243900,32352,64837,212120
4243920,32377,65134,212121
4243940,32415,65120,212122
4243960,32395,63953,212123
4243980,32366,60321,212124
4244000,32438,56277,212125
4244020,32409,51255,212126
4244040,32331,45503,212127
4244060,32249,39315,212128
4244080,32269,32870,212129
4244100,32339,26421,212130
4244120,32331,20229,212131
4244140,32300,14543,212132
4244160,32252,9506,212133
4244180,32241,5406,212134
4244200,32323,2398,212135
4244220,32276,1338,212136
4244240,32222,1355,212137
4244260,32225,1344,212138
4244280,32263,2389,212139
4244300,32429,5380,212140
4244320,32502,9496,212141
4244340,32463,14555,212142
4244360,32398,20231,212143
4244380,32219,26453,212144
4244400,32272,32882,212145
4244420,32239,39328,212146
4244440,32196,45514,212147
4244460,32420,51207,212148
4244480,32423,56245,212149
4244500,32490,60386,212150
4244520,32380,63372,212151
4244540,32444,65166,212152
4244560,32430,65128,212153
4244580,32460,65159,212154
4244600,32529,62851,212155
4244620,32560,59357,212156
4244640,32535,54986,212157
4244660,32583,49402,212158
4244680,32595,43173,212159
4244700,32511,36752,212160
4244720,32355,30032,212161
4244740,32321,23306,212162
4244760,32314,17125,212163
4244780,32267,11689,212164
4244800,32323,6908,212165
4244820,32297,3300,212166
4244840,32322,1690,212167
4244860,32263,1375,212168
4244880,32328,1374,212169
4244900,32286,2161,212170
4244920,32246,5020,212171
4244940,32322,9262,212172
4244960,32327,14536,212173
4244980,32301,20250,212174
4245000,32422,26436,212175
4245020,32372,32894,212176
4245040,32368,39324,212177
4245060,32420,45506,212178
4245080,32500,51214,212179
4245100,32328,56237,212180
4245120,32480,60345,212181
4245140,32414,63389,212182
4245160,32362,65212,212183
4245180,32384,65187,212184
4245200,32491,65183,212185
4245220,32552,63398,212186
4245240,32499,60369,212187
4245260,32652,56271,212188
4245280,32589,51218,212189
4245300,32572,45529,212190
4245320,32561,39304,212191
4245340,32504,32886,212192
4245360,32588,26469,212193
4245380,32590,20227,212194
4245400,32491,14523,212195
4245420,32461,9493,212196
4245440,32471,5403,212197
4245460,32355,2394,212198
4245480,32358,1382,212199
4245500,32316,1353,212200
4245520,32466,1332,212201
4245540,32434,2598,212202
4245560,32459,5877,212203
4245580,32396,10102,212204
4245600,32374,15537,212205
4245620,32408,21814,212206
4245640,32313,28200,212207
4245660,32412,34899,212208
4245680,32341,41660,212209
4245700,32314,47914,212210
4245720,32426,53470,212211
4245740,32398,58294,212212
4245760,32421,62095,212213
4245780,32447,64414,212214
4245800,32398,65185,212215
4245820,32400,65139,212216
4245840,32445,64364,212217
4245860,32490,61099,212218
4245880,32359,56973,212219
4245900,32429,51862,212220
4245920,32455,46042,212221
4245940,32594,39704,212222
4245960,32594,32858,212223
4245980,32526,26455,212224
4246000,32526,20267,212225
4246020,32606,14599,212226
4246040,32496,9505,212227
4246060,32474,5395,212228
4246080,32446,2417,212229
4246100,32399,1339,212230
4246120,32397,1358,212231
4246140,32407,1351,212232
4246160,32400,2411,212233
4246180,32341,5410,212234
4246200,32424,9461,212235
4246220,32387,14540,212236
4246240,32402,20246,212237
4246260,32384,26413,212238
4246280,32412,32874,212239
4246300,32406,39334,212240
4246320,32423,45496,212241
4246340,32443,51231,212242
4246360,32423,56238,212243
4246380,32365,60356,212244
4246400,32381,63378,212245
4246420,32463,65144,212246
4246440,32430,65167,212247
4246460,32455,65092,212248
4246480,32486,63370,212249
4246500,32492,60326,212250
4246520,32384,56204,212251
4246540,32411,50827,212252
4246560,32266,44689,212253
4246580,32349,38374,212254
4246600,32388,31695,212255
4246620,32394,24874,212256
4246640,32354,18523,212257
4246660,32346,12948,212258
4246680,32270,7942,212259
4246700,32123,4060,212260
4246720,32225,1903,212261
4246740,32415,1353,212262
4246760,32382,1334,212263
4246780,32424,1832,212264
4246800,32406,4250,212265
4246820,32387,8214,212266
4246840,32411,13269,212267
4246860,32330,18987,212268
4246880,32289,25282,212269
4246900,32328,32116,212270
4246920,32301,38881,212271
4246940,32253,45150,212272
4246960,32254,51213,212273
4246980,32247,56281,212274
4247000,32325,60357,212275
4247020,32373,63396,212276
4247040,32328,65137,212277
4247060,32307,65166,212278
4247080,32403,65169,212279
4247100,32456,63374,212280
4247120,32492,60316,212281
4247140,32431,56254,212282
4247160,32440,51223,212283
4247180,32639,45512,212284
4247200,32501,39339,212285
4247220,32418,32908,212286
4247240,32314,26427,212287
4247260,32222,20222,212288
4247280,32357,14539,212289
4247300,32289,9475,212290
4247320,32414,5353,212291
4247340,32450,2404,212292
4247360,32385,1326,212293
4247380,32386,1359,212294
4247400,32387,1322,212295
4247420,32176,2441,212296
4247440,32143,5363,212297
4247460,32372,9504,212298
4247480,32417,14513,212299
4247500,32488,20264,212300
4247520,32460,26561,212301
4247540,32334,33279,212302
4247560,32347,40093,212303
4247580,32339,46432,212304
4247600,32236,52169,212305
4247620,32238,57290,212306
4247640,32297,61283,212307
4247660,32369,64003,212308
4247680,32381,65173,212309
4247700,32499,65100,212310
4247720,32458,64802,212311
4247740,32545,61819,212312
4247760,32518,58042,212313
4247780,32584,53116,212314
4247800,32517,47496,212315
4247820,32467,41293,212316
4247840,32394,34489,212317
4247860,32392,27676,212318
4247880,32486,21358,212319
4247900,32483,15242,212320
4247920,32450,9747,212321
4247940,32453,5483,212322
4247960,32413,2365,212323
4247980,32283,1317,212324
4248000,32383,1354,212325
4248020,32339,1366,212326
4248040,32319,2379,212327
4248060,32306,5381,212328
4248080,32327,9507,212329
4248100,32259,14557,212330
4248120,32329,20238,212331
4248140,32329,26412,212332
4248160,32367,32878,212333
4248180,32403,39309,212334
4248200,32453,45504,212335
4248220,32445,51222,212336
4248240,32403,56250,212337
4248260,32441,60392,212338
4248280,32418,63413,212339
4248300,32530,65191,212340
4248320,32467,65131,212341
4248340,32481,65123,212342
4248360,32494,63376,212343
4248380,32529,60326,212344
4248400,32508,56263,212345
4248420,32431,51184,212346
4248440,32446,45539,212347
4248460,32444,39324,212348
4248480,32421,32917,212349
4248500,32502,26407,212350
4248520,32487,19924,212351
4248540,32478,14204,212352
4248560,32420,8931,212353
4248580,32327,4829,212354
4248600,32320,2145,212355
4248620,32255,1352,212356
4248640,32237,1330,212357
4248660,32272,1654,212358
4248680,32338,3513,212359
4248700,32326,7197,212360
4248720,32230,12029,212361
4248740,32290,17601,212362
4248760,32338,23745,212363
4248780,32335,30478,212364
4248800,32310,37261,212365
4248820,32330,43605,212366
4248840,32356,49804,212367
4248860,32347,55303,212368
4248880,32342,59687,212369
4248900,32367,63035,212370
4248920,32439,65043,212371
4248940,32476,65130,212372
4248960,32549,65120,212373
4248980,32550,63789,212374
4249000,32373,60377,212375
4249020,32374,56213,212376
4249040,32369,51189,212377
4249060,32291,45506,212378
4249080,32328,39278,212379
4249100,32287,32890,212380
4249120,32331,26453,212381
4249140,32292,20225,212382
4249160,32260,14531,212383
4249180,32318,9467,212384
4249200,32270,5373,212385
4249220,32271,2391,212386
4249240,32344,1317,212387
4249260,32297,1333,212388
4249280,32315,1344,212389
4249300,32377,2382,212390
4249320,32348,5400,212391
4249340,32148,9502,212392
4249360,32095,14548,212393
4249380,32218,20228,212394
4249400,32235,26414,212395
4249420,32252,32867,212396
4249440,32123,39312,212397
4249460,32360,45529,212398
4249480,32467,51247,212399
4249500,32526,56241,212400
4249520,32372,60577,212401
4249540,32356,63557,212402
4249560,32466,65185,212403
4249580,32528,65126,212404
4249600,32625,65115,212405
4249620,32591,62609,212406
4249640,32286,59051,212407
4249660,32407,54322,212408
4249680,32436,48933,212409
4249700,32358,42847,212410
4249720,32302,36081,212411
4249740,32331,29322,212412
4249760,32356,22913,212413
4249780,32498,16692,212414
4249800,32447,11021,212415
4249820,32442,6516,212416
4249840,32411,3130,212417
4249860,32490,1556,212418
4249880,32401,1339,212419
4249900,32414,1357,212420
4249920,32310,2268,212421
4249940,32440,5392,212422
4249960,32437,9502,212423
4249980,32297,14548,212424
4250000,32312,20239,212425
4250020,32462,26420,212426
4250040,32493,32878,212427
4250060,32473,39321,212428
4250080,32452,45514,212429
4250100,32426,52474,212430
4250120,32410,58280,212431
4250140,32484,62544,212432
4250160,32384,65093,212433
4250180,32383,65162,212434
4250200,32435,65107,212435
4250220,32476,63382,212436
4250240,32601,60395,212437
4250260,32589,55847,212438
4250280,32587,49442,212439
4250300,32516,42029,212440
4250320,32594,34130,212441
4250340,32528,26389,212442
4250360,32601,20211,212443
4250380,32634,14511,212444
4250400,32558,9476,212445
4250420,32517,5354,212446
4250440,32568,2246,212447
4250460,32480,1347,212448
4250480,32444,1341,212449
4250500,32385,2147,212450
4250520,32419,5384,212451
4250540,32506,9523,212452
4250560,32359,14548,212453
4250580,32485,20217,212454
4250600,32514,26427,212455
4250620,32501,34463,212456
4250640,32468,42221,212457
4250660,32410,49454,212458
4250680,32430,55948,212459
4250700,32470,60336,212460
4250720,32546,63375,212461
4250740,32596,65190,212462
4250760,32544,65150,212463
4250780,32447,65146,212464
4250800,32470,62413,212465
4250820,32555,58106,212466
4250840,32609,52437,212467
4250860,32570,45518,212468
4250880,32538,39314,212469
4250900,32648,32865,212470
4250920,32518,26426,212471
4250940,32489,20231,212472
4250960,32463,13928,212473
4250980,32444,7937,212474
4251000,32513,3502,212475
4251020,32504,1527,212476
4251040,32487,1352,212477
4251060,32374,1350,212478
4251080,32351,2367,212479
4251100,32324,5334,212480
4251120,32446,9474,212481
4251140,32498,15644,212482
4251160,32352,22943,212483
4251180,32379,30891,212484
4251200,32299,38864,212485
4251220,32493,45551,212486
4251240,32351,51249,212487
4251260,32394,56253,212488
4251280,32418,60388,212489
4251300,32480,63457,212490
4251320,32489,65152,212491
4251340,32475,65141,212492
4251360,32500,64393,212493
4251380,32508,60340,212494
4251400,32524,56223,212495
4251420,32133,51210,212496
4251440,32225,45524,212497
4251460,32385,39319,212498
4251480,32344,32096,212499
4251500,32417,24136,212500
4251520,32387,16966,212501
4251540,32267,10425,212502
4251560,32295,5362,212503
4251580,32310,2425,212504
4251600,32305,1340,212505
4251620,32172,1368,212506
4251640,32124,1355,212507
4251660,32213,2978,212508
4251680,32209,7196,212509
4251700,32258,12909,212510
4251720,32283,19536,212511
4251740,32234,26422,212512
4251760,32155,32884,212513
4251780,32338,39348,212514
4251800,32368,45496,212515
4251820,32264,51338,212516
4251840,32369,57274,212517
4251860,32424,61865,212518
4251880,32418,64670,212519
4251900,32394,65118,212520
4251920,32313,65155,212521
4251940,32308,63375,212522
4251960,32387,60367,212523
4251980,32545,56267,212524
4252000,32559,50666,212525
4252020,32433,43584,212526
4252040,32448,35724,212527
4252060,32465,27591,212528
4252080,32531,20240,212529
4252100,32539,14542,212530
4252120,32503,9466,212531
4252140,32554,5357,212532
4252160,32437,2385,212533
4252180,32427,1360,212534
4252200,32349,1341,212535
4252220,32315,1936,212536
4252240,32407,5041,212537
4252260,32454,9485,212538
4252280,32496,14568,212539
4252300,32455,20220,212540
4252320,32425,26436,212541
4252340,32448,32904,212542
4252360,32497,40855,212543
4252380,32489,48277,212544
4252400,32466,54760,212545
4252420,32510,60086,212546
4252440,32542,63392,212547
4252460,32558,65172,212548
4252480,32511,65190,212549
4252500,32484,65129,212550
4252520,32494,63189,212551
4252540,32583,59087,212552
4252560,32489,53436,212553
4252580,32558,46827,212554
4252600,32500,39343,212555
4252620,32558,32905,212556
4252640,32462,26424,212557
4252660,32493,20220,212558
4252680,32546,14529,212559
4252700,32421,8942,212560
4252720,32490,4312,212561
4252740,32531,1772,212562
4252760,32459,1352,212563
4252780,32345,1346,212564
4252800,32358,2423,212565
4252820,32411,5351,212566
4252840,32473,9469,212567
4252860,32374,14514,212568
4252880,32391,21664,212569
4252900,32370,29228,212570
4252920,32470,37282,212571
4252940,32444,45126,212572
4252960,32409,51285,212573
4252980,32475,56213,212574
4253000,32539,60349,212575
4253020,32475,63391,212576
4253040,32508,65256,212577
4253060,32545,65161,212578
4253080,32444,64732,212579
4253100,32525,61105,212580
4253120,32559,56215,212581
4253140,32509,51137,212582
4253160,32550,45509,212583
4253180,32548,39328,212584
4253200,32576,32902,212585
4253220,32561,25647,212586
4253240,32536,18068,212587
4253260,32514,11478,212588
4253280,32283,6153,212589
4253300,32347,2395,212590
4253320,32391,1336,212591
4253340,32355,1307,212592
4253360,32387,1334,212593
4253380,32427,2381,212594
4253400,32291,6159,212595
4253420,32446,11678,212596
4253440,32453,18432,212597
4253460,32386,25786,212598
4253480,32337,32895,212599
4253500,32402,39345,212600
4253520,32437,45522,212601
4253540,32406,51220,212602
4253560,32455,56413,212603
4253580,32373,61063,212604
4253600,32510,64149,212605
4253620,32484,65127,212606
4253640,32470,65143,212607
4253660,32537,63488,212608
4253680,32437,60387,212609
4253700,32534,56289,212610
4253720,32527,51274,212611
4253740,32541,44771,212612
4253760,32461,37203,212613
4253780,32504,29287,212614
4253800,32497,21386,212615
4253820,32509,14570,212616
4253840,32444,9477,212617
4253860,32358,5329,212618
4253880,32338,2429,212619
4253900,32363,1341,212620
4253920,32344,1408,212621
4253940,32322,1652,212622
4253960,32391,4218,212623
4253980,32506,8956,212624
4254000,32485,14548,212625
4254020,32522,20207,212626
4254040,32483,26477,212627
4254060,32442,32895,212628
4254080,32493,39305,212629
4254100,32503,46979,212630
4254120,32526,53702,212631
4254140,32607,59143,212632
4254160,32488,63179,212633
4254180,32577,65161,212634
4254200,32548,65130,212635
4254220,32546,65089,212636
4254240,32551,63373,212637
4254260,32519,60084,212638
4254280,32614,54685,212639
4254300,32551,48008,212640
4254320,32509,40587,212641
4254340,32572,32917,212642
4254360,32521,26426,212643
4254380,32628,20255,212644
4254400,32536,14552,212645
4254420,32571,9514,212646
4254440,32480,4898,212647
4254460,32447,2006,212648
4254480,32495,1330,212649
4254500,32377,1343,212650
4254520,32373,2411,212651
4254540,32383,5370,212652
4254560,32485,9508,212653
4254580,32544,14553,212654
4254600,32468,20245,212655
4254620,32417,27968,212656
4254640,32472,35759,212657
4254660,32522,43565,212658
4254680,32462,50835,212659
4254700,32421,56229,212660
4254720,32512,60346,212661
4254740,32421,63353,212662
4254760,32436,65157,212663
4254780,32527,65120,212664
4254800,32434,65138,212665
4254820,32452,61772,212666
4254840,32522,57306,212667
4254860,32515,51206,212668
4254880,32442,45523,212669
4254900,32482,39338,212670
4254920,32510,32903,212671
4254940,32569,26431,212672
4254960,32554,19526,212673
4254980,32463,12587,212674
4255000,32438,6884,212675
4255020,32473,2938,212676
4255040,32404,1354,212677
4255060,32383,1359,212678
4255080,32386,1352,212679
4255100,32284,2401,212680
4255120,32303,5366,212681
4255140,32328,10439,212682
4255160,32255,17050,212683
4255180,32140,24516,212684
4255200,32211,32328,212685
4255220,32130,39325,212686
4255240,32202,45502,212687
4255260,32229,51217,212688
4255280,32289,56280,212689
4255300,32374,60573,212690
4255320,32412,63868,212691
4255340,32452,65159,212692
4255360,32484,65121,212693
4255380,32410,63907,212694
4255400,32390,60381,212695
4255420,32215,56268,212696
4255440,32304,51192,212697
4255460,32330,45489,212698
4255480,32512,38489,212699
4255500,32522,30582,212700
4255520,32393,22961,212701
4255540,32295,15631,212702
4255560,32192,9507,212703
4255580,32172,5387,212704
4255600,32318,2387,212705
4255620,32390,1344,212706
4255640,32404,1331,212707
4255660,32346,1423,212708
4255680,32376,3690,212709
4255700,32473,8042,212710
4255720,32469,13898,212711
4255740,32493,20228,212712
4255760,32406,26388,212713
4255780,32398,32873,212714
4255800,32473,39351,212715
4255820,32496,45551,212716
4255840,32458,52513,212717
4255860,32572,58299,212718
4255880,32556,62558,212719
4255900,32555,65014,212720
4255920,32501,65119,212721
4255940,32503,65136,212722
4255960,32492,63351,212723
4255980,32553,60354,212724
4256000,32621,55788,212725
4256020,32621,49420,212726
4256040,32557,42011,212727
4256060,32565,34141,212728
4256080,32547,26466,212729
4256100,32536,20241,212730
4256120,32500,14494,212731
4256140,32506,9481,212732
4256160,32491,5399,212733
4256180,32529,2232,212734
4256200,32520,1355,212735
4256220,32452,1330,212736
4256240,32393,2149,212737
4256260,32398,5343,212738
4256280,32456,9548,212739
4256300,32487,14482,212740
4256320,32418,20219,212741
4256340,32429,26486,212742
4256360,32478,34458,212743
4256380,32540,42215,212744
4256400,32532,49439,212745
4256420,32490,55919,212746
4256440,32385,60350,212747
4256460,32287,63348,212748
4256480,32413,65135,212749
4256500,32413,65158,212750
4256520,32522,65174,212751
4256540,32468,62429,212752
4256560,32567,58105,212753
4256580,32517,52389,212754
4256600,32542,45470,212755
4256620,32431,39347,212756
4256640,32565,32895,212757
4256660,32502,26424,212758
4256680,32515,20211,212759
4256700,32543,13916,212760
4256720,32556,7912,212761
4256740,32400,3500,212762
4256760,32430,1554,212763
4256780,32383,1347,212764
4256800,32343,1355,212765
4256820,32443,2420,212766
4256840,32396,5443,212767
4256860,32447,9549,212768
4256880,32376,15663,212769
4256900,32459,22968,212770
4256920,32330,30874,212771
4256940,32219,38837,212772
4256960,32340,45499,212773
4256980,32354,51236,212774
4257000,32568,56195,212775
4257020,32434,60326,212776
4257040,32412,63526,212777
4257060,32427,65217,212778
4257080,32476,65147,212779
4257100,32353,64368,212780
4257120,32392,60433,212781
4257140,32492,56258,212782
4257160,32601,51232,212783
4257180,32445,45511,212784
4257200,32484,39338,212785
4257220,32531,32049,212786
4257240,32464,24098,212787
4257260,32431,16936,212788
4257280,32436,10354,212789
4257300,32420,5375,212790
4257320,32518,2377,212791
4257340,32469,1359,212792
4257360,32438,1351,212793
4257380,32394,1336,212794
4257400,32375,2972,212795
4257420,32317,7223,212796
4257440,32404,12875,212797
4257460,32340,19537,212798
4257480,32344,26433,212799
4257500,32533,32891,212800
4257520,32453,39339,212801
4257540,32483,46206,212802
4257560,32546,53738,212803
4257580,32444,59900,212804
4257600,32512,63340,212805
4257620,32415,65208,212806
4257640,32425,65104,212807
4257660,32477,64704,212808
4257680,32505,60377,212809
4257700,32648,56227,212810
4257720,32558,51295,212811
4257740,32602,43588,212812
4257760,32491,34951,212813
4257780,32519,26450,212814
4257800,32569,20251,212815
4257820,32531,14543,212816
4257840,32559,7982,212817
4257860,32529,3011,212818
4257880,32468,1316,212819
4257900,32494,1360,212820
4257920,32387,1358,212821
4257940,32492,3936,212822
4257960,32429,8988,212823
4257980,32518,14523,212824
4258000,32493,20298,212825
4258020,32545,27652,212826
4258040,32479,36488,212827
4258060,32450,45326,212828
4258080,32463,51217,212829
4258100,32502,56227,212830
4258120,32513,61130,212831
4258140,32533,64559,212832
4258160,32486,65124,212833
4258180,32505,65143,212834
4258200,32424,63412,212835
4258220,32563,58838,212836
4258240,32423,52519,212837
4258260,32392,45504,212838
4258280,32340,39318,212839
4258300,32435,32491,212840
4258320,32504,23684,212841
4258340,32446,15292,212842
4258360,32404,9504,212843
4258380,32435,5399,212844
4258400,32421,2242,212845
4258420,32471,1320,212846
4258440,32370,1383,212847
4258460,32427,2371,212848
4258480,32434,5385,212849
4258500,32363,10744,212850
4258520,32462,18102,212851
4258540,32460,26411,212852
4258560,32420,32884,212853
4258580,32485,39311,212854
4258600,32389,47400,212855
4258620,32330,55047,212856
4258640,32317,60425,212857
4258660,32370,63364,212858
4258680,32273,65135,212859
4258700,32384,65103,212860
4258720,32305,64207,212861
4258740,32248,60349,212862
4258760,32411,56256,212863
4258780,32291,50468,212864
4258800,32350,42322,212865
4258820,32401,33302,212866
4258840,32265,26451,212867
4258860,32472,20255,212868
4258880,32461,13356,212869
4258900,32454,6913,212870
4258920,32381,2394,212871
4258940,32314,1345,212872
4258960,32266,1341,212873
4258980,32234,1598,212874
4259000,32345,4429,212875
4259020,32448,9472,212876
4259040,32428,14521,212877
4259060,32462,20228,212878
4259080,32400,29085,212879
4259100,32421,38111,212880
4259120,32510,45457,212881
4259140,32445,51221,212882
4259160,32544,56764,212883
4259180,32548,61877,212884
4259200,32623,64924,212885
4259220,32513,65135,212886
4259240,32516,65127,212887
4259260,32527,62829,212888
4259280,32545,57943,212889
4259300,32537,51240,212890
4259320,32527,45507,212891
4259340,32523,39342,212892
4259360,32572,30911,212893
4259380,32545,22117,212894
4259400,32422,14527,212895
4259420,32118,9508,212896
4259440,32324,5348,212897
4259460,32332,1988,212898
4259480,32328,1362,212899
4259500,32505,1356,212900
4259520,32460,2377,212901
4259540,32466,5658,212902
4259560,32481,12003,212903
4259580,32446,19546,212904
4259600,32407,26444,212905
4259620,32359,32913,212906
4259640,32467,40523,212907
4259660,32467,48719,212908
4259680,32496,55978,212909
4259700,32599,60359,212910
4259720,32521,63308,212911
4259740,32597,65165,212912
4259760,32532,65110,212913
4259780,32545,63810,212914
4259800,32595,60352,212915
4259820,32668,56254,212916
4259840,32658,49090,212917
4259860,32578,40871,212918
4259880,32527,32883,212919
4259900,32497,26413,212920
4259920,32501,19838,212921
4259940,32553,12338,212922
4259960,32506,5985,212923
4259980,32465,2410,212924
4260000,32438,1335,212925
4260020,32449,1334,212926
4260040,32411,1790,212927
4260060,32305,5205,212928
4260080,32368,9495,212929
4260100,32416,14511,212930
4260120,32494,21804,212931
4260140,32516,30463,212932
4260160,32420,39281,212933
4260180,32464,45525,212934
4260200,32483,51213,212935
4260220,32495,57535,212936
4260240,32469,62586,212937
4260260,32512,65192,212938
4260280,32502,65150,212939
4260300,32554,65094,212940
4260320,32627,62068,212941
4260340,32503,57032,212942
4260360,32384,51196,212943
4260380,32476,45514,212944
4260400,32495,38515,212945
4260420,32500,29677,212946
4260440,32500,20689,212947
4260460,32427,14573,212948
4260480,32521,9483,212949
4260500,32457,4740,212950
4260520,32430,1784,212951
4260540,32235,1352,212952
4260560,32355,1304,212953
4260580,32357,2394,212954
4260600,32438,6665,212955
4260620,32403,12970,212956
4260640,32391,20224,212957
4260660,32430,26434,212958
4260680,32376,32877,212959
4260700,32451,41735,212960
4260720,32382,50099,212961
4260740,32276,56240,212962
4260760,32239,60361,212963
4260780,32359,63595,212964
4260800,32348,65172,212965
4260820,32436,65113,212966
4260840,32451,63380,212967
4260860,32536,60279,212968
4260880,32582,55298,212969
4260900,32447,47988,212970
4260920,32339,39340,212971
4260940,32371,32875,212972
4260960,32359,26422,212973
4260980,32511,18585,212974
4261000,32495,11010,212975
4261020,32405,5399,212976
4261040,32380,2381,212977
4261060,32449,1335,212978
4261080,32453,1344,212979
4261100,32447,2098,212980
4261120,32509,5399,212981
4261140,32463,9456,212982
4261160,32533,14881,212983
4261180,32453,23160,212984
4261200,32518,32072,212985
4261220,32414,39314,212986
4261240,32543,45558,212987
4261260,32492,52112,212988
4261280,32493,58580,212989
4261300,32591,63215,212990
4261320,32498,65188,212991
