Tiempo_us,ADC_IN_A2,ADC_OUT_A3,Muestra
15507541,8099,14408,969128
15507557,8169,3106,969129
15507573,8059,8238,969130
15507589,8143,13379,969131
15507605,8148,2625,969132
15507621,7971,7662,969133
15507637,8128,12884,969134
15507653,8133,1469,969135
15507669,7959,7233,969136
15507685,8320,12343,969137
15507701,8154,989,969138
15507717,8029,6120,969139
15507733,8264,11727,969140
15507749,8181,458,969141
15507765,8086,5613,969142
15507781,8166,10819,969143
15507797,8099,15171,969144
15507813,8098,5099,969145
15507829,8004,10275,969146
15507845,7923,15403,969147
15507861,8165,4168,969148
15507877,7977,9783,969149
15507893,8300,14913,969150
15507909,8100,3553,969151
15507925,8140,8668,969152
15507941,8310,14384,969153
15507957,8284,3044,969154
15507973,7996,8197,969155
15507989,8344,13384,969156
15508005,7978,2642,969157
15508021,8112,7713,969158
15508037,8254,12801,969159
15508053,7903,1497,969160
15508069,8069,7189,969161
15508085,8246,12367,969162
15508101,7975,987,969163
15508117,8340,6240,969164
15508133,8277,11711,969165
15508149,8109,502,969166
15508165,8462,5634,969167
15508181,7974,10726,969168
15508197,8161,15198,969169
15508213,8434,5148,969170
15508229,7922,10261,969171
15508245,8032,15434,969172
15508261,8175,4152,969173
15508277,7928,9788,969174
15508293,8212,14839,969175
15508309,8094,3524,969176
15508325,7950,8669,969177
15508341,8215,14387,969178
15508357,8026,3009,969179
15508373,8133,8269,969180
15508389,8302,13361,969181
15508405,8084,2627,969182
15508421,8213,7683,969183
15508437,8275,12898,969184
15508453,7712,1466,969185
15508469,8334,7240,969186
15508485,8082,12346,969187
15508501,7832,994,969188
15508517,8335,6224,969189
15508533,7885,11696,969190
15508549,7960,459,969191
15508565,8407,5660,969192
15508581,8071,10810,969193
15508597,8234,15206,969194
15508613,8267,5104,969195
15508629,8003,10260,969196
15508645,8301,15401,969197
15508661,8117,4063,969198
15508677,8024,9733,969199
15508693,8121,14886,969200
15508709,7970,3692,969201
15508725,8085,8705,969202
15508741,8110,14402,969203
15508757,8056,3068,969204
15508773,8055,8216,969205
15508789,7908,13373,969206
15508805,8115,2550,969207
15508821,8169,7732,969208
15508837,8071,12830,969209
15508853,8002,1521,969210
15508869,8234,7237,969211
15508885,7958,12368,969212
15508901,8193,1049,969213
15508917,8101,6151,969214
15508933,8050,11753,969215
15508949,8383,512,969216
15508965,8042,5635,969217
15508981,8086,10806,969218
15508997,8263,15314,969219
15509013,8025,5146,969220
15509029,8112,10301,969221
15509045,8214,15472,969222
15509061,7983,4179,969223
15509077,8160,9726,969224
15509093,8239,14927,969225
15509109,8090,3612,969226
15509125,8338,8747,969227
15509141,7853,14357,969228
15509157,8030,3013,969229
15509173,8269,8205,969230
15509189,8030,13407,969231
15509205,8138,2563,969232
15509221,8158,7668,969233
15509237,7962,12900,969234
15509253,8301,1497,969235
15509269,8000,7200,969236
15509285,8189,12366,969237
15509301,8450,993,969238
15509317,8068,6295,969239
15509333,8173,11689,969240
15509349,8188,446,969241
15509365,7793,5594,969242
15509381,8071,10731,969243
15509397,8012,15256,969244
15509413,7972,5191,969245
15509429,8313,10273,969246
15509445,7996,15408,969247
15509461,7888,4143,969248
15509477,8374,9802,969249
15509493,8094,14945,969250
15509509,8183,3581,969251
15509525,8279,8781,969252
15509541,8007,14478,969253
15509557,8182,3049,969254
15509573,8082,8173,969255
15509589,8068,13384,969256
15509605,8377,2688,969257
15509621,8124,7729,969258
15509637,8115,12882,969259
15509653,8118,1519,969260
15509669,7987,7246,969261
15509685,8150,12295,969262
15509701,8301,1015,969263
15509717,8085,6153,969264
15509733,8148,11735,969265
15509749,8371,503,969266
15509765,8089,5616,969267
15509781,8173,10802,969268
15509797,7975,15183,969269
15509813,8071,5154,969270
15509829,8189,10287,969271
15509845,8039,15464,969272
15509861,8021,4148,969273
15509877,8069,9704,969274
15509893,8040,14898,969275
15509909,8110,3550,969276
15509925,8086,8734,969277
15509941,8290,14424,969278
15509957,8104,3053,969279
15509973,8164,8259,969280
15509989,8313,13415,969281
15510005,8201,2616,969282
15510021,8042,7724,969283
15510037,8178,12875,969284
15510053,7986,1531,969285
15510069,8072,7201,969286
15510085,8142,12389,969287
15510101,7947,1030,969288
15510117,8119,6169,969289
15510133,8093,11697,969290
15510149,8123,493,969291
15510165,8238,5705,969292
15510181,8148,10799,969293
15510197,8079,15201,969294
15510213,8320,5149,969295
15510229,8093,10242,969296
15510245,8149,15460,969297
15510261,8180,4130,969298
15510277,7975,9724,969299
15510293,8143,14916,969300
15510309,8069,3591,969301
15510325,8023,8781,969302
15510341,8358,14436,969303
15510357,8150,3078,969304
15510373,7994,8224,969305
15510389,8369,13396,969306
15510405,8158,2650,969307
15510421,8052,7656,969308
15510437,8307,12875,969309
15510453,8001,1577,969310
15510469,8147,7253,969311
15510485,8232,12284,969312
15510501,7874,1011,969313
15510517,8248,6146,969314
15510533,8117,11742,969315
15510549,8023,467,969316
15510565,8216,5675,969317
15510581,8114,10824,969318
15510597,8091,15173,969319
15510613,8364,5103,969320
15510629,7977,10287,969321
15510645,8061,15401,969322
15510661,8201,4120,969323
15510677,8135,9795,969324
15510693,8111,14883,969325
15510709,8002,3527,969326
15510725,7877,8672,969327
15510741,8059,14397,969328
15510757,8122,3075,969329
15510773,7990,8230,969330
15510789,8045,13350,969331
15510805,8070,2629,969332
15510821,8100,7676,969333
15510837,8218,12902,969334
15510853,8041,1462,969335
15510869,8226,7247,969336
15510885,8194,12434,969337
15510901,8082,950,969338
15510917,8216,6127,969339
15510933,7968,11701,969340
15510949,7957,414,969341
15510965,8051,5688,969342
15510981,8018,10772,969343
15510997,8104,15151,969344
15511013,8139,5114,969345
15511029,8025,10281,969346
15511045,8221,15470,969347
15511061,8241,4160,969348
15511077,8326,9823,969349
15511093,8153,14882,969350
15511109,8107,3571,969351
15511125,8139,8753,969352
15511141,8017,14341,969353
15511157,8171,3072,969354
15511173,8066,8249,969355
15511189,7861,13364,969356
15511205,8118,2628,969357
15511221,8117,7725,969358
15511237,8089,12850,969359
15511253,8276,1565,969360
15511269,8219,7222,969361
15511285,8186,12409,969362
15511301,8421,966,969363
15511317,8181,6209,969364
15511333,8245,11759,969365
15511349,8350,467,969366
15511365,8033,5626,969367
15511381,8050,10791,969368
15511397,8244,15251,969369
15511413,7860,5169,969370
15511429,8066,10276,969371
15511445,8170,15495,969372
15511461,7860,4155,969373
15511477,8234,9694,969374
15511493,8152,14919,969375
15511509,8159,3613,969376
15511525,8425,8758,969377
15511541,8080,14451,969378
15511557,8115,3068,969379
15511573,8143,8191,969380
15511589,7964,13343,969381
15511605,8057,2596,969382
15511621,8109,7736,969383
15511637,7877,12868,969384
15511653,8072,1492,969385
15511669,8135,7223,969386
15511685,8130,12318,969387
15511701,8301,1044,969388
15511717,8059,6177,969389
15511733,8084,11775,969390
15511749,8388,515,969391
15511765,8099,5713,969392
15511781,8233,10781,969393
15511797,8194,15225,969394
15511813,8157,5146,969395
15511829,8213,10302,969396
15511845,8266,15457,969397
15511861,7930,4086,969398
15511877,8247,9800,969399
15511893,8051,14903,969400
15511909,7981,3535,969401
15511925,8159,8656,969402
15511941,8074,14401,969403
15511957,8070,3038,969404
15511973,8310,8190,969405
15511989,8108,13299,969406
15512005,8136,2558,969407
15512021,8233,7725,969408
15512037,8242,12856,969409
15512053,8026,1504,969410
15512069,8101,7207,969411
15512085,8224,12351,969412
15512101,8152,1019,969413
15512117,7955,6140,969414
15512133,8141,11665,969415
15512149,7934,425,969416
15512165,8199,5675,969417
15512181,8267,10823,969418
15512197,8216,15256,969419
15512213,8149,5171,969420
15512229,8137,10283,969421
15512245,8100,15409,969422
15512261,8115,4117,969423
15512277,7984,9761,969424
15512293,8179,14960,969425
15512309,8033,3625,969426
15512325,7960,8676,969427
15512341,8155,14393,969428
15512357,8130,3093,969429
15512373,8079,8218,969430
15512389,8190,13315,969431
15512405,8121,2554,969432
15512421,8110,7665,969433
15512437,8323,12871,969434
15512453,7892,1517,969435
15512469,8225,7198,969436
15512485,8286,12345,969437
15512501,7989,1024,969438
15512517,8283,6200,969439
15512533,8116,11707,969440
15512549,7863,423,969441
15512565,8203,5590,969442
15512581,8066,10817,969443
15512597,7971,15204,969444
15512613,8378,5168,969445
15512629,8275,10338,969446
15512645,8256,15416,969447
15512661,8405,4081,969448
15512677,7922,9752,969449
15512693,8180,14972,969450
15512709,8208,3593,969451
15512725,7983,8732,969452
15512741,8145,14424,969453
15512757,8180,3129,969454
15512773,7959,8198,969455
15512789,8189,13351,969456
15512805,8137,2602,969457
15512821,8025,7717,969458
15512837,8262,12884,969459
15512853,7988,1492,969460
15512869,8003,7205,969461
15512885,8177,12341,969462
15512901,8121,997,969463
15512917,8085,6170,969464
15512933,7984,11719,969465
15512949,7989,452,969466
15512965,8099,5613,969467
15512981,8091,10791,969468
15512997,8078,15232,969469
15513013,8175,5175,969470
15513029,8124,10312,969471
15513045,8029,15390,969472
15513061,8069,4100,969473
15513077,7916,9691,969474
15513093,8079,14902,969475
15513109,8046,3572,969476
15513125,8144,8741,969477
15513141,8215,14390,969478
15513157,8272,3100,969479
15513173,8086,8224,969480
15513189,8108,13400,969481
15513205,8126,2605,969482
15513221,8066,7701,969483
15513237,7994,12796,969484
15513253,8079,1503,969485
15513269,8083,7227,969486
15513285,8188,12361,969487
15513301,8393,999,969488
15513317,8284,6135,969489
15513333,8239,11761,969490
15513349,8204,460,969491
15513365,8224,5669,969492
15513381,8083,10792,969493
15513397,8167,15208,969494
15513413,7981,5119,969495
15513429,8056,10240,969496
15513445,8157,15446,969497
15513461,7982,4165,969498
15513477,8201,9806,969499
15513493,8085,14852,969500
15513509,8056,3582,969501
15513525,8253,8685,969502
15513541,8142,14405,969503
15513557,8025,3047,969504
15513573,8180,8223,969505
15513589,7934,13347,969506
15513605,8151,2564,969507
15513621,8093,7708,969508
15513637,7934,12864,969509
15513653,8007,1454,969510
15513669,8153,7208,969511
15513685,8098,12383,969512
15513701,8261,988,969513
15513717,8095,6171,969514
15513733,8105,11731,969515
15513749,8238,462,969516
15513765,8101,5675,969517
15513781,8167,10748,969518
15513797,8334,15229,969519
15513813,7969,5058,969520
15513829,8140,10242,969521
15513845,8079,15424,969522
15513861,7996,4132,969523
15513877,8343,9754,969524
15513893,8135,14962,969525
15513909,8003,3555,969526
15513925,8288,8727,969527
15513941,8029,14418,969528
15513957,8057,3072,969529
15513973,8261,8219,969530
15513989,8104,13361,969531
15514005,8106,2600,969532
15514021,8161,7685,969533
15514037,8158,12774,969534
15514053,8149,1545,969535
15514069,7964,7200,969536
15514085,8119,12271,969537
15514101,8263,1025,969538
15514117,7952,6127,969539
15514133,7977,11686,969540
15514149,8110,444,969541
15514165,8190,5687,969542
15514181,8156,10820,969543
15514197,8124,15277,969544
15514213,8189,5093,969545
15514229,8305,10310,969546
15514245,8073,15401,969547
15514261,8219,4126,969548
15514277,8255,9755,969549
15514293,8221,14961,969550
15514309,8074,3579,969551
15514325,8173,8756,969552
15514341,8068,14366,969553
15514357,8018,3053,969554
15514373,8097,8212,969555
15514389,8182,13394,969556
15514405,8231,2627,969557
15514421,8071,7706,969558
15514437,8221,12847,969559
15514453,8094,1499,969560
15514469,8084,7217,969561
15514485,8236,12398,969562
15514501,8050,970,969563
15514517,8154,6181,969564
15514533,8142,11747,969565
15514549,7918,432,969566
15514565,8148,5626,969567
15514581,8183,10752,969568
15514597,7962,15220,969569
15514613,8288,5128,969570
15514629,8217,10278,969571
15514645,8183,15436,969572
15514661,8410,4194,969573
15514677,8110,9714,969574
15514693,8192,14982,969575
15514709,8325,3591,969576
15514725,7910,8685,969577
15514741,8152,14458,969578
15514757,8065,2988,969579
15514773,7921,8288,969580
15514789,8176,13379,969581
15514805,8069,2644,969582
15514821,8062,7652,969583
15514837,8266,12854,969584
15514853,8191,1538,969585
15514869,8274,7218,969586
15514885,8275,12318,969587
15514901,7909,997,969588
15514917,8287,6186,969589
15514933,8106,11700,969590
15514949,7946,478,969591
15514965,8037,5601,969592
15514981,8075,10755,969593
15514997,7941,15253,969594
15515013,8152,5093,969595
15515029,8028,10265,969596
15515045,8050,15415,969597
15515061,8322,4116,969598
15515077,8020,9760,969599
15515093,8193,14931,969600
15515109,8193,3516,969601
15515125,8138,8732,969602
15515141,8360,14368,969603
15515157,8224,3056,969604
15515173,7908,8151,969605
15515189,8228,13349,969606
15515205,8216,2609,969607
15515221,7954,7660,969608
15515237,8122,12894,969609
15515253,8029,1567,969610
15515269,7950,7211,969611
15515285,8241,12380,969612
15515301,8306,1020,969613
15515317,8272,6133,969614
15515333,8164,11705,969615
15515349,8319,518,969616
15515365,8319,5663,969617
15515381,8221,10821,969618
15515397,8207,15230,969619
15515413,8120,5084,969620
15515429,7975,10289,969621
15515445,8157,15470,969622
15515461,8073,4180,969623
15515477,8068,9725,969624
15515493,8203,14902,969625
15515509,8101,3574,969626
15515525,8182,8750,969627
15515541,8281,14428,969628
15515557,8161,3067,969629
15515573,8414,8262,969630
15515589,8149,13367,969631
15515605,8161,2627,969632
15515621,8078,7672,969633
15515637,7900,12793,969634
15515653,8068,1569,969635
15515669,8049,7230,969636
15515685,7990,12362,969637
15515701,8230,974,969638
15515717,8132,6140,969639
15515733,8041,11688,969640
15515749,8220,449,969641
15515765,8051,5673,969642
15515781,8107,10741,969643
15515797,8415,15247,969644
15515813,8033,5117,969645
15515829,8223,10264,969646
15515845,8335,15487,969647
15515861,7872,4146,969648
15515877,8212,9790,969649
15515893,8098,14907,969650
15515909,7946,3548,969651
15515925,8207,8754,969652
15515941,8206,14450,969653
15515957,8110,3061,969654
15515973,8348,8271,969655
15515989,8139,13361,969656
15516005,8182,2643,969657
15516021,8323,7708,969658
15516037,8016,13025,969659
15516053,8218,1505,969660
15516069,8030,7217,969661
15516085,8013,12289,969662
15516101,8266,995,969663
15516117,8066,6139,969664
15516133,8002,11700,969665
15516149,8285,512,969666
15516165,7986,5588,969667
15516181,8282,10819,969668
15516197,8193,15189,969669
15516213,7978,5120,969670
15516229,8303,10246,969671
15516245,8284,15440,969672
15516261,8108,4138,969673
15516277,8322,9776,969674
15516293,8105,14910,969675
15516309,8092,3608,969676
15516325,8178,8700,969677
15516341,8036,14412,969678
15516357,8002,3118,969679
15516373,8121,8213,969680
15516389,8042,13353,969681
15516405,8172,2562,969682
15516421,8281,7740,969683
15516437,8215,12880,969684
15516453,8151,1480,969685
15516469,8078,7221,969686
15516485,8330,12370,969687
15516501,8088,974,969688
15516517,8066,6170,969689
15516533,8159,11781,969690
15516549,8080,479,969691
15516565,8030,5670,969692
15516581,8058,10825,969693
15516597,7875,15199,969694
15516613,8149,5115,969695
15516629,8138,10226,969696
15516645,8147,15439,969697
15516661,8437,4173,969698
15516677,8264,9800,969699
15516693,8094,14908,969700
15516709,8377,3622,969701
15516725,8097,8728,969702
15516741,8127,14492,969703
15516757,8164,3044,969704
15516773,8051,8246,969705
15516789,8178,13318,969706
15516805,8116,2558,969707
15516821,7990,7689,969708
15516837,8422,12928,969709
15516853,8038,1513,969710
15516869,8043,7169,969711
15516885,8424,12317,969712
15516901,8011,985,969713
15516917,8077,6191,969714
15516933,8279,11766,969715
15516949,7947,439,969716
15516965,8211,5663,969717
15516981,8110,10810,969718
15516997,7830,15216,969719
15517013,8424,5120,969720
15517029,8124,10288,969721
15517045,7974,15410,969722
15517061,8259,4118,969723
15517077,8063,9760,969724
15517093,8075,14943,969725
15517109,8274,3574,969726
15517125,7831,8662,969727
15517141,8159,14475,969728
15517157,8250,3068,969729
15517173,8073,8204,969730
15517189,8142,13341,969731
15517205,8239,2644,969732
15517221,7900,7704,969733
15517237,8274,12850,969734
15517253,8012,1470,969735
15517269,8058,7202,969736
15517285,8226,12316,969737
15517301,8178,1031,969738
15517317,8150,6148,969739
15517333,8247,11777,969740
15517349,8098,543,969741
15517365,8195,5628,969742
15517381,8214,10802,969743
15517397,7985,15247,969744
15517413,8209,5148,969745
15517429,8038,10273,969746
15517445,8084,15384,969747
15517461,8009,4051,969748
15517477,8039,9771,969749
15517493,8186,14911,969750
15517509,7854,3564,969751
15517525,8157,8754,969752
15517541,8225,14441,969753
15517557,8084,3051,969754
15517573,8122,8240,969755
15517589,8211,13359,969756
15517605,8108,2622,969757
15517621,8224,7740,969758
15517637,8048,12779,969759
15517653,8055,1503,969760
15517669,8163,7230,969761
15517685,8029,12338,969762
15517701,8199,980,969763
15517717,7991,6134,969764
15517733,8126,11732,969765
15517749,8294,435,969766
15517765,8088,5615,969767
15517781,8116,10811,969768
15517797,8302,15215,969769
15517813,8172,5143,969770
15517829,8118,10220,969771
15517845,8345,15403,969772
15517861,7949,4149,969773
15517877,8154,9806,969774
15517893,8061,14882,969775
15517909,7752,3576,969776
15517925,8104,8724,969777
15517941,8248,14402,969778
15517957,7989,3074,969779
15517973,8319,8228,969780
15517989,8042,13342,969781
15518005,8002,2604,969782
15518021,8216,7667,969783
15518037,8023,12856,969784
15518053,7987,1532,969785
15518069,8209,7246,969786
15518085,7917,12293,969787
15518101,8228,917,969788
15518117,8066,6178,969789
15518133,8022,11718,969790
15518149,8010,454,969791
15518165,8039,5698,969792
15518181,8103,10804,969793
15518197,8352,15278,969794
15518213,7990,5118,969795
15518229,8109,10237,969796
15518245,8185,15429,969797
15518261,7944,4168,969798
15518277,8302,9789,969799
15518293,8002,14881,969800
15518309,7892,3523,969801
15518325,8169,8696,969802
15518341,8139,14490,969803
15518357,8043,3017,969804
15518373,8182,8178,969805
15518389,7934,13352,969806
15518405,8032,2561,969807
15518421,8253,7685,969808
15518437,8070,12859,969809
15518453,7984,1514,969810
15518469,8229,7222,969811
15518485,8115,12274,969812
15518501,8002,957,969813
15518517,8069,6163,969814
15518533,8254,11726,969815
15518549,8110,400,969816
15518565,7966,5594,969817
15518581,8013,10731,969818
15518597,8122,15229,969819
15518613,8051,5054,969820
15518629,8100,10271,969821
15518645,8010,15428,969822
15518661,8173,4167,969823
15518677,8242,9718,969824
15518693,8117,14878,969825
15518709,8278,3589,969826
15518725,8241,8765,969827
15518741,8157,14432,969828
15518757,8098,3054,969829
15518773,7959,8165,969830
15518789,7904,13353,969831
15518805,8076,2602,969832
15518821,7901,7717,969833
15518837,8066,12771,969834
15518853,8011,1501,969835
15518869,8099,7219,969836
15518885,8260,12314,969837
15518901,8319,953,969838
15518917,8122,6128,969839
15518933,8368,11735,969840
15518949,8145,479,969841
15518965,8223,5669,969842
15518981,8137,10830,969843
15518997,7968,15200,969844
15519013,8057,5090,969845
15519029,7980,10315,969846
15519045,7923,15381,969847
15519061,8312,4118,969848
15519077,8034,9685,969849
15519093,7947,14872,969850
15519109,8383,3608,969851
15519125,8006,8730,969852
15519141,8195,14471,969853
15519157,8349,3116,969854
15519173,7897,8204,969855
15519189,8194,13432,969856
15519205,8109,2550,969857
15519221,7949,7734,969858
15519237,8293,12909,969859
15519253,8161,1562,969860
15519269,8002,7171,969861
15519285,8175,12289,969862
15519301,8160,993,969863
15519317,8124,6188,969864
15519333,8236,11706,969865
15519349,8079,429,969866
15519365,8134,5626,969867
15519381,8192,10804,969868
15519397,8145,15234,969869
15519413,8196,5153,969870
15519429,8156,10270,969871
15519445,8094,15433,969872
15519461,8331,4158,969873
15519477,8097,9784,969874
15519493,8256,14897,969875
15519509,8098,3546,969876
15519525,8088,8739,969877
15519541,8228,14466,969878
15519557,8248,3079,969879
15519573,8068,8207,969880
15519589,8262,13337,969881
15519605,8319,2645,969882
15519621,8241,7664,969883
15519637,8282,12900,969884
15519653,8115,1541,969885
15519669,8055,7252,969886
15519685,8181,12339,969887
15519701,8159,1017,969888
15519717,8135,6194,969889
15519733,8114,11723,969890
15519749,8289,514,969891
15519765,8218,5623,969892
15519781,8118,10820,969893
15519797,8184,15200,969894
15519813,8216,5157,969895
15519829,8149,10232,969896
15519845,8346,15457,969897
15519861,8050,4124,969898
15519877,8164,9747,969899
15519893,8117,14927,969900
15519909,7975,3621,969901
15519925,8022,8731,969902
15519941,8218,14421,969903
15519957,7877,3055,969904
15519973,8216,8203,969905
15519989,8217,13334,969906
15520005,8129,2621,969907
15520021,8349,7770,969908
15520037,8187,12882,969909
15520053,8209,1457,969910
15520069,8379,7255,969911
15520085,7949,12317,969912
15520101,8125,1002,969913
15520117,8072,6187,969914
15520133,7855,11691,969915
15520149,8257,497,969916
15520165,8038,5623,969917
15520181,7967,10801,969918
15520197,8238,15224,969919
15520213,8076,5127,969920
15520229,8184,10302,969921
15520245,8310,15447,969922
15520261,7936,4120,969923
15520277,8137,9781,969924
15520293,8270,14916,969925
15520309,7832,3544,969926
15520325,8357,8709,969927
15520341,8227,14448,969928
15520357,7957,3111,969929
15520373,8242,8199,969930
15520389,8006,13351,969931
15520405,8083,2600,969932
15520421,8312,7708,969933
15520437,7984,12768,969934
15520453,8025,1466,969935
15520469,8314,7210,969936
15520485,7984,12310,969937
15520501,8231,985,969938
15520517,8153,6187,969939
15520533,7988,11669,969940
15520549,8165,470,969941
15520565,7979,5664,969942
15520581,8071,10782,969943
15520597,8010,15162,969944
15520613,7995,5117,969945
15520629,8086,10285,969946
15520645,8066,15410,969947
15520661,8069,4229,969948
15520677,8167,9718,969949
15520693,8155,14946,969950
15520709,8128,3559,969951
15520725,8359,8770,969952
15520741,8037,14373,969953
15520757,8213,3102,969954
15520773,8105,8210,969955
15520789,7920,13354,969956
15520805,8059,2604,969957
15520821,8124,7743,969958
15520837,7978,12834,969959
15520853,8062,1500,969960
15520869,7947,7229,969961
15520885,8125,12324,969962
15520901,8154,960,969963
15520917,7994,6181,969964
15520933,8210,11700,969965
15520949,8166,437,969966
15520965,8125,5622,969967
15520981,8110,10750,969968
15520997,8020,15237,969969
15521013,8220,5101,969970
15521029,8092,10289,969971
15521045,7935,15475,969972
15521061,8261,4164,969973
15521077,8289,9804,969974
15521093,7967,14912,969975
15521109,8407,3587,969976
15521125,8163,8752,969977
15521141,8071,14404,969978
15521157,8309,3044,969979
15521173,7884,8156,969980
15521189,8022,13315,969981
15521205,8214,2591,969982
15521221,7992,7705,969983
15521237,8188,12834,969984
15521253,7978,1461,969985
15521269,7831,7198,969986
15521285,8404,12371,969987
15521301,8218,1048,969988
15521317,8068,6184,969989
15521333,8225,11693,969990
15521349,7983,437,969991
15521365,8066,5603,969992
15521381,8300,10788,969993
15521397,7935,15215,969994
15521413,8170,5086,969995
15521429,8134,10247,969996
15521445,7907,15394,969997
15521461,8084,4086,969998
15521477,8020,9762,969999
15521493,7906,14868,970000
15521509,8298,3574,970001
15521525,7990,8748,970002
15521541,8147,14469,970003
15521557,8397,3070,970004
15521573,7921,8238,970005
15521589,8262,13340,970006
15521605,8224,2611,970007
15521621,7992,7686,970008
15521637,8225,12888,970009
15521653,8162,1502,970010
15521669,8096,7226,970011
15521685,8404,12365,970012
15521701,8033,986,970013
15521717,8092,6217,970014
15521733,8192,11760,970015
15521749,8116,456,970016
15521765,8092,5607,970017
15521781,8193,10799,970018
15521797,8099,15142,970019
15521813,8279,5191,970020
15521829,8093,10235,970021
15521845,8201,15418,970022
15521861,8247,4138,970023
15521877,8102,9709,970024
15521893,8222,14960,970025
15521909,8124,3570,970026
15521925,8041,8690,970027
15521941,8346,14470,970028
15521957,7942,3039,970029
15521973,8107,8173,970030
15521989,8136,13384,970031
15522005,8029,2552,970032
15522021,8217,7673,970033
15522037,8195,12821,970034
15522053,8165,1594,970035
15522069,8323,7240,970036
15522085,8119,12308,970037
15522101,8158,993,970038
15522117,8271,6140,970039
15522133,7920,11715,970040
15522149,8191,515,970041
15522165,8092,5663,970042
15522181,7823,10778,970043
15522197,8216,15248,970044
15522213,7971,5105,970045
15522229,8098,10274,970046
15522245,8197,15403,970047
15522261,8219,4189,970048
15522277,8160,9763,970049
15522293,8411,14929,970050
15522309,7964,3542,970051
15522325,8118,8735,970052
15522341,8162,14437,970053
15522357,7811,3028,970054
15522373,8120,8198,970055
15522389,8013,13354,970056
15522405,8015,2591,970057
15522421,8159,7651,970058
15522437,8096,12852,970059
15522453,8084,1500,970060
15522469,8315,7194,970061
15522485,8019,12344,970062
15522501,8245,1022,970063
15522517,8188,6190,970064
15522533,7979,11760,970065
15522549,8162,499,970066
15522565,8146,5618,970067
15522581,8011,10804,970068
15522597,8225,15180,970069
15522613,8138,5111,970070
15522629,8043,10250,970071
15522645,8227,15490,970072
15522661,8088,4158,970073
15522677,8246,9748,970074
15522693,8167,14955,970075
15522709,8029,3642,970076
15522725,8351,8757,970077
15522741,8188,14430,970078
15522757,8072,3060,970079
15522773,8146,8233,970080
15522789,8001,13359,970081
15522805,8013,2555,970082
15522821,8131,7667,970083
15522837,7979,12873,970084
15522853,8025,1567,970085
15522869,8069,7237,970086
15522885,7972,12328,970087
15522901,8172,985,970088
15522917,7999,6129,970089
15522933,8161,11725,970090
15522949,8188,430,970091
15522965,8270,5658,970092
15522981,8325,10842,970093
15522997,8106,15187,970094
15523013,8090,5155,970095
15523029,8053,10316,970096
15523045,7944,15460,970097
15523061,7920,4082,970098
15523077,7915,9756,970099
15523093,7893,14881,970100
15523109,8138,3554,970101
15523125,8228,8763,970102
15523141,8208,14343,970103
15523157,8354,3060,970104
15523173,8182,8231,970105
15523189,8215,13374,970106
15523205,8252,2584,970107
15523221,7958,7710,970108
15523237,8249,12897,970109
15523253,8110,1529,970110
15523269,7831,7168,970111
15523285,8068,12310,970112
15523301,8099,984,970113
15523317,7926,6139,970114
15523333,8259,11716,970115
15523349,8072,418,970116
15523365,8097,5620,970117
15523381,8300,10796,970118
15523397,8058,15191,970119
15523413,8182,5170,970120
15523429,8258,10350,970121
15523445,8094,15460,970122
15523461,8211,4145,970123
15523477,8113,9772,970124
15523493,7821,14848,970125
15523509,8259,3568,970126
15523525,8070,8769,970127
15523541,7985,14452,970128
15523557,8328,3028,970129
15523573,7934,8182,970130
15523589,8173,13330,970131
15523605,8364,2626,970132
15523621,8111,7746,970133
15523637,8086,12830,970134
15523653,8250,1575,970135
15523669,8156,7246,970136
15523685,8250,12398,970137
15523701,8214,1062,970138
15523717,7937,6168,970139
15523733,8242,11752,970140
15523749,7888,443,970141
15523765,8031,5626,970142
15523781,8214,10776,970143
15523797,8107,15181,970144
15523813,8095,5085,970145
15523829,8253,10289,970146
15523845,8146,15419,970147
15523861,8172,4128,970148
15523877,8173,9780,970149
15523893,8210,14958,970150
15523909,8208,3622,970151
15523925,8039,8640,970152
15523941,8104,14389,970153
15523957,8039,3068,970154
15523973,8006,8234,970155
15523989,8231,13374,970156
15524005,8036,2601,970157
15524021,8191,7727,970158
15524037,8206,12840,970159
15524053,8139,1476,970160
15524069,8264,7242,970161
15524085,8271,12335,970162
15524101,8019,982,970163
15524117,8109,6133,970164
15524133,8133,11797,970165
15524149,8130,483,970166
15524165,8059,5616,970167
15524181,8081,10789,970168
15524197,8076,15210,970169
15524213,8081,5098,970170
15524229,8030,10274,970171
15524245,8148,15427,970172
15524261,8137,4115,970173
15524277,8166,9763,970174
15524293,8372,14970,970175
15524309,8034,3528,970176
15524325,8266,8764,970177
15524341,8322,14465,970178
15524357,7895,3035,970179
15524373,8224,8234,970180
15524389,8127,13421,970181
15524405,7952,2554,970182
15524421,8214,7672,970183
15524437,8173,12829,970184
15524453,7950,1519,970185
15524469,8374,7222,970186
15524485,8068,12252,970187
15524501,8117,967,970188
15524517,8410,6168,970189
15524533,8056,11686,970190
15524549,8090,443,970191
15524565,8131,5620,970192
15524581,7985,10776,970193
15524597,8268,15216,970194
15524613,8109,5185,970195
15524629,8006,10279,970196
15524645,8201,15444,970197
15524661,7891,4132,970198
15524677,8172,9789,970199
15524693,8097,14916,970200
15524709,8135,3613,970201
15524725,8110,8688,970202
15524741,8294,14477,970203
15524757,7988,3081,970204
15524773,8287,8244,970205
15524789,8127,13395,970206
15524805,7883,2612,970207
15524821,8252,7733,970208
15524837,7868,12839,970209
15524853,7831,1465,970210
15524869,8230,7234,970211
15524885,7927,12338,970212
15524901,7974,1009,970213
15524917,8175,6178,970214
15524933,7999,11706,970215
15524949,7967,421,970216
15524965,8100,5671,970217
15524981,8042,10742,970218
15524997,8194,15295,970219
15525013,8140,5144,970220
15525029,8095,10288,970221
15525045,7985,15390,970222
15525061,7977,4154,970223
15525077,8090,9773,970224
15525093,8057,14930,970225
15525109,8035,3585,970226
15525125,8158,8782,970227
15525141,8067,14488,970228
15525157,8093,3098,970229
15525173,8113,8255,970230
15525189,8080,13365,970231
15525205,8306,2632,970232
15525221,8032,7682,970233
15525237,8062,12796,970234
15525253,8235,1494,970235
15525269,8052,7174,970236
15525285,8211,12343,970237
15525301,8194,986,970238
15525317,8010,6128,970239
15525333,8094,11677,970240
15525349,8186,468,970241
15525365,8054,5639,970242
15525381,8224,10822,970243
15525397,8009,15210,970244
15525413,8181,5125,970245
15525429,8223,10285,970246
15525445,8054,15464,970247
15525461,8231,4154,970248
15525477,8080,9706,970249
15525493,7956,14945,970250
15525509,8080,3565,970251
15525525,7877,8707,970252
15525541,7881,14378,970253
15525557,8106,3019,970254
15525573,7957,8172,970255
15525589,8024,13305,970256
15525605,8388,2603,970257
15525621,8002,7708,970258
15525637,8042,12832,970259
15525653,8300,1578,970260
15525669,7793,7236,970261
15525685,8297,12319,970262
15525701,8221,977,970263
15525717,7823,6180,970264
15525733,8303,11774,970265
15525749,8057,468,970266
15525765,7910,5592,970267
15525781,8221,10780,970268
15525797,8377,15258,970269
15525813,8202,5146,970270
15525829,8363,10263,970271
15525845,8105,15395,970272
15525861,8183,4084,970273
15525877,8190,9803,970274
15525893,7972,14917,970275
15525909,8253,3590,970276
15525925,8094,8776,970277
15525941,7991,14400,970278
15525957,8370,3077,970279
15525973,8101,8227,970280
15525989,8178,13408,970281
15526005,8312,2633,970282
15526021,7907,7665,970283
15526037,8166,12872,970284
15526053,8254,1531,970285
15526069,8039,7215,970286
15526085,8341,12312,970287
15526101,8212,1048,970288
15526117,8103,6129,970289
15526133,8274,11720,970290
15526149,8224,483,970291
15526165,8103,5681,970292
15526181,8262,10788,970293
15526197,8204,15227,970294
15526213,8022,5112,970295
15526229,8067,10203,970296
15526245,8109,15437,970297
15526261,8026,4132,970298
15526277,8213,9792,970299
15526293,8199,14894,970300
15526309,8069,3579,970301
15526325,8114,8685,970302
15526341,8190,14406,970303
15526357,8069,3134,970304
15526373,8010,8244,970305
15526389,8297,13362,970306
15526405,7865,2636,970307
15526421,8192,7729,970308
15526437,8127,12874,970309
15526453,7884,1498,970310
15526469,8392,7225,970311
15526485,8200,12323,970312
15526501,8151,988,970313
15526517,8400,6183,970314
15526533,8250,11714,970315
15526549,8108,479,970316
15526565,8172,5629,970317
15526581,7954,10751,970318
15526597,8029,15286,970319
15526613,8132,5174,970320
15526629,7870,10247,970321
15526645,8063,15365,970322
15526661,8149,4128,970323
15526677,8151,9754,970324
15526693,8191,14880,970325
15526709,8088,3569,970326
15526725,8197,8753,970327
15526741,8281,14398,970328
15526757,7817,3036,970329
15526773,8231,8175,970330
15526789,8186,13357,970331
15526805,8014,2608,970332
15526821,8180,7712,970333
15526837,8056,12787,970334
15526853,7874,1497,970335
15526869,8266,7277,970336
15526885,8024,12296,970337
15526901,8192,1050,970338
15526917,8355,6148,970339
15526933,7916,11744,970340
15526949,8125,445,970341
15526965,8233,5660,970342
15526981,7973,10745,970343
15526997,8150,15256,970344
15527013,8250,5107,970345
15527029,8029,10317,970346
15527045,8069,15383,970347
15527061,8156,4170,970348
15527077,7873,9732,970349
15527093,8107,14907,970350
15527109,7903,3576,970351
15527125,8139,8670,970352
15527141,8158,14420,970353
15527157,8015,3053,970354
15527173,8197,8190,970355
15527189,8196,13430,970356
15527205,8307,2651,970357
15527221,8185,7740,970358
15527237,8122,12796,970359
15527253,8150,1483,970360
15527269,8337,7218,970361
15527285,8026,12359,970362
15527301,8119,1052,970363
15527317,8007,6176,970364
15527333,7823,11696,970365
15527349,8152,481,970366
15527365,7935,5598,970367
15527381,8198,10753,970368
15527397,8168,15169,970369
15527413,8239,5170,970370
15527429,8190,10235,970371
15527445,8149,15417,970372
15527461,8100,4078,970373
15527477,8237,9790,970374
15527493,8018,14887,970375
15527509,7975,3540,970376
15527525,8065,8745,970377
15527541,8002,14441,970378
15527557,8183,3110,970379
15527573,8154,8261,970380
15527589,7909,13397,970381
15527605,8324,2538,970382
15527621,8106,7712,970383
15527637,8126,12796,970384
15527653,8291,1569,970385
15527669,8010,7153,970386
15527685,8183,12344,970387
15527701,8313,1088,970388
15527717,7860,6117,970389
15527733,8170,11694,970390
15527749,8069,538,970391
15527765,7956,5627,970392
15527781,8145,10798,970393
15527797,8137,15173,970394
15527813,8116,5127,970395
15527829,8220,10261,970396
15527845,8125,15474,970397
15527861,8314,4146,970398
15527877,8343,9790,970399
15527893,8148,14906,970400
15527909,8234,3616,970401
15527925,8026,8665,970402
15527941,7959,14431,970403
15527957,8158,3050,970404
15527973,7931,8171,970405
15527989,8010,13451,970406
15528005,8240,2653,970407
15528021,8119,7718,970408
15528037,8150,12911,970409
15528053,8296,1496,970410
15528069,8082,7211,970411
15528085,8265,12361,970412
15528101,8211,973,970413
15528117,7997,6101,970414
15528133,8291,11648,970415
15528149,8147,465,970416
15528165,7955,5599,970417
15528181,8365,10831,970418
15528197,8139,15158,970419
15528213,8012,5076,970420
15528229,8136,10294,970421
15528245,8128,15427,970422
15528261,8057,4079,970423
15528277,8259,9793,970424
15528293,8181,14930,970425
15528309,8145,3578,970426
15528325,8016,8699,970427
15528341,8135,14448,970428
15528357,8125,3027,970429
15528373,8019,8201,970430
15528389,8214,13349,970431
15528405,8159,2610,970432
15528421,8147,7762,970433
15528437,8026,12803,970434
15528453,8074,1514,970435
15528469,8115,7177,970436
15528485,8229,12352,970437
15528501,8150,1019,970438
15528517,8324,6197,970439
15528533,8103,11716,970440
15528549,8018,425,970441
15528565,8288,5692,970442
15528581,8124,10826,970443
15528597,8165,15298,970444
15528613,8195,5141,970445
15528629,7992,10319,970446
15528645,8195,15442,970447
15528661,7984,4166,970448
15528677,7910,9764,970449
15528693,8297,14918,970450
15528709,8118,3616,970451
15528725,8221,8686,970452
15528741,8341,14434,970453
15528757,8080,3028,970454
15528773,8314,8259,970455
15528789,8287,13350,970456
15528805,7838,2589,970457
15528821,8289,7719,970458
15528837,7987,12849,970459
15528853,7890,1530,970460
15528869,8213,7242,970461
15528885,7870,12265,970462
15528901,7831,954,970463
15528917,8389,6149,970464
15528933,8046,11728,970465
15528949,8144,414,970466
15528965,8184,5615,970467
15528981,8113,10753,970468
15528997,8080,15204,970469
15529013,8125,5171,970470
15529029,7901,10295,970471
15529045,8119,15451,970472
15529061,8103,4079,970473
15529077,7999,9786,970474
15529093,8184,14943,970475
15529109,7987,3591,970476
15529125,7983,8681,970477
15529141,8245,14387,970478
15529157,7853,3068,970479
15529173,8101,8191,970480
15529189,7969,13376,970481
15529205,7865,2561,970482
15529221,8151,7688,970483
15529237,8012,12821,970484
15529253,8005,1497,970485
15529269,8145,7174,970486
15529285,8120,12370,970487
15529301,8151,996,970488
15529317,8122,6113,970489
15529333,8149,11722,970490
15529349,8067,483,970491
15529365,8042,5623,970492
15529381,8070,10831,970493
15529397,8164,15182,970494
15529413,7965,5064,970495
15529429,7993,10274,970496
15529445,8204,15454,970497
15529461,8089,4166,970498
15529477,8134,9720,970499
15529493,8134,14942,970500
15529509,8165,3563,970501
15529525,8109,8748,970502
15529541,8129,14491,970503
15529557,8018,3027,970504
15529573,8102,8215,970505
15529589,7911,13394,970506
15529605,8268,2642,970507
15529621,8165,7667,970508
15529637,8162,12828,970509
15529653,8286,1526,970510
15529669,8147,7218,970511
15529685,8083,12388,970512
15529701,8268,1019,970513
15529717,7905,6202,970514
15529733,8075,11759,970515
15529749,8078,522,970516
15529765,7876,5623,970517
15529781,8148,10822,970518
15529797,8124,15255,970519
15529813,7906,5153,970520
15529829,8245,10290,970521
15529845,8094,15393,970522
15529861,8151,4086,970523
15529877,8180,9729,970524
15529893,8104,14908,970525
15529909,8114,3588,970526
15529925,8175,8755,970527
15529941,8071,14378,970528
15529957,8109,3054,970529
15529973,7965,8199,970530
15529989,7961,13386,970531
15530005,8383,2614,970532
15530021,8035,7730,970533
15530037,7994,12793,970534
15530053,8459,1536,970535
15530069,7954,7151,970536
15530085,8242,12312,970537
15530101,8332,1015,970538
15530117,8026,6140,970539
15530133,8238,11680,970540
15530149,8188,484,970541
15530165,7981,5641,970542
15530181,8335,10827,970543
15530197,8161,15258,970544
15530213,7950,5101,970545
15530229,8238,10242,970546
15530245,8169,15456,970547
15530261,8197,4118,970548
15530277,8314,9780,970549
15530293,8109,14983,970550
15530309,8191,3585,970551
15530325,8326,8725,970552
15530341,8097,14409,970553
15530357,8202,3065,970554
15530373,8288,8251,970555
15530389,8066,13414,970556
15530405,8202,2594,970557
15530421,8051,7706,970558
15530437,8086,12822,970559
15530453,8115,1542,970560
15530469,8106,7212,970561
15530485,8090,12309,970562
15530501,8237,1025,970563
15530517,8140,6147,970564
15530533,8224,11711,970565
15530549,8125,440,970566
15530565,8330,5669,970567
15530581,8294,10777,970568
15530597,8134,15210,970569
15530613,8059,5101,970570
15530629,8034,10248,970571
15530645,8114,15430,970572
15530661,8295,4173,970573
15530677,8033,9765,970574
15530693,8116,14909,970575
15530709,8129,3614,970576
15530725,8111,8706,970577
15530741,8216,14365,970578
15530757,8080,3053,970579
15530773,8281,8205,970580
15530789,8331,13350,970581
15530805,8176,2624,970582
15530821,8246,7721,970583
15530837,8329,12920,970584
15530853,7944,1486,970585
15530869,8183,7176,970586
15530885,8057,12353,970587
15530901,7990,1068,970588
15530917,8288,6185,970589
15530933,8074,11686,970590
15530949,8044,481,970591
15530965,8356,5618,970592
15530981,8113,10752,970593
15530997,8183,15192,970594
15531013,8316,5068,970595
15531029,8070,10263,970596
15531045,8121,15421,970597
15531061,8148,4125,970598
15531077,7958,9730,970599
15531093,8148,14952,970600
15531109,8033,3615,970601
15531125,7937,8743,970602
15531141,8259,14470,970603
15531157,8037,3029,970604
15531173,8138,8193,970605
15531189,8243,13365,970606
15531205,8084,2618,970607
15531221,8212,7687,970608
15531237,8304,12907,970609
15531253,8149,1576,970610
15531269,8288,7220,970611
15531285,8051,12282,970612
15531301,7969,1005,970613
15531317,8254,6165,970614
15531333,7904,11711,970615
15531349,8106,489,970616
15531365,8150,5611,970617
15531381,7965,10816,970618
15531397,8178,15226,970619
15531413,8284,5089,970620
15531429,8042,10310,970621
15531445,8339,15393,970622
15531461,8220,4175,970623
15531477,7934,9776,970624
15531493,8301,15000,970625
15531509,8162,3593,970626
15531525,7961,8726,970627
15531541,8075,14420,970628
15531557,8058,3052,970629
15531573,8047,8238,970630
15531589,7914,13367,970631
15531605,8079,2603,970632
15531621,8070,7712,970633
15531637,8047,12873,970634
15531653,8129,1515,970635
15531669,8262,7238,970636
15531685,8135,12284,970637
15531701,8265,947,970638
15531717,8216,6201,970639
15531733,8131,11708,970640
15531749,8188,505,970641
15531765,7915,5590,970642
15531781,8028,10815,970643
15531797,8088,15272,970644
15531813,7911,5150,970645
15531829,8141,10262,970646
15531845,8077,15402,970647
15531861,8046,4145,970648
15531877,8330,9727,970649
15531893,8187,14961,970650
15531909,8136,3725,970651
15531925,8345,8661,970652
15531941,8018,14422,970653
15531957,8160,3107,970654
15531973,8046,8229,970655
15531989,7888,13301,970656
15532005,8111,2594,970657
15532021,8019,7653,970658
15532037,8008,12871,970659
15532053,8284,1532,970660
15532069,7988,7213,970661
15532085,8265,12391,970662
15532101,8381,1012,970663
15532117,8014,6106,970664
15532133,8223,11712,970665
15532149,8271,487,970666
15532165,8060,5666,970667
15532181,8200,10801,970668
15532197,8106,15233,970669
15532213,7897,5107,970670
15532229,8287,10314,970671
15532245,8017,15425,970672
15532261,7999,4134,970673
15532277,8203,9777,970674
15532293,8116,14898,970675
15532309,8218,3566,970676
15532325,8302,8734,970677
15532341,8105,14394,970678
15532357,8229,3065,970679
15532373,8222,8218,970680
15532389,8148,13401,970681
15532405,8170,2606,970682
15532421,8181,7736,970683
15532437,8027,12819,970684
15532453,8126,1539,970685
15532469,8000,7197,970686
15532485,8259,12376,970687
15532501,8214,973,970688
15532517,8033,6147,970689
15532533,8231,11695,970690
15532549,8147,438,970691
15532565,8102,5608,970692
15532581,8266,10798,970693
15532597,8174,15258,970694
15532613,8034,5098,970695
15532629,8422,10302,970696
15532645,7971,15443,970697
15532661,8122,4099,970698
15532677,8212,9770,970699
15532693,8101,14930,970700
15532709,8040,3564,970701
15532725,8173,8706,970702
15532741,8108,14419,970703
15532757,8178,3110,970704
15532773,8115,8173,970705
15532789,8188,13370,970706
15532805,8183,2559,970707
15532821,8204,7721,970708
15532837,8156,12842,970709
15532853,8018,1520,970710
15532869,8190,7267,970711
15532885,8081,12322,970712
15532901,7923,1014,970713
15532917,8259,6202,970714
15532933,8114,11686,970715
15532949,7896,428,970716
15532965,8304,5681,970717
15532981,8241,10826,970718
15532997,8123,15207,970719
15533013,8384,5098,970720
15533029,8094,10258,970721
15533045,8215,15484,970722
15533061,8270,4125,970723
15533077,8052,9731,970724
15533093,8124,14894,970725
15533109,8188,3589,970726
15533125,7938,8726,970727
15533141,8147,14381,970728
15533157,8169,3103,970729
15533173,8108,8199,970730
15533189,8209,13416,970731
15533205,8053,2627,970732
15533221,8183,7667,970733
15533237,8331,12885,970734
15533253,7978,1541,970735
15533269,8294,7256,970736
15533285,8114,12339,970737
15533301,8072,1048,970738
15533317,8336,6120,970739
15533333,8092,11799,970740
15533349,7980,486,970741
15533365,8251,5630,970742
15533381,7981,10820,970743
15533397,8109,15238,970744
15533413,8274,5107,970745
15533429,7927,10238,970746
15533445,8171,15452,970747
15533461,8220,4148,970748
15533477,8046,9777,970749
15533493,8144,14903,970750
15533509,8097,3568,970751
15533525,8033,8691,970752
15533541,8224,14396,970753
15533557,8108,3098,970754
15533573,8040,8196,970755
15533589,8190,13363,970756
15533605,8090,2602,970757
15533621,8203,7732,970758
15533637,8134,12900,970759
15533653,7991,1516,970760
15533669,8098,7178,970761
15533685,8253,12295,970762
15533701,8224,1032,970763
15533717,8226,6114,970764
15533733,8176,11704,970765
15533749,8073,481,970766
15533765,8200,5688,970767
15533781,7997,10798,970768
15533797,8048,15180,970769
15533813,8005,5150,970770
15533829,8056,10260,970771
15533845,8059,15430,970772
15533861,8012,4132,970773
15533877,8250,9776,970774
15533893,8147,14894,970775
15533909,8103,3615,970776
15533925,8293,8676,970777
15533941,8292,14465,970778
15533957,8071,3046,970779
15533973,8224,8233,970780
15533989,8151,13351,970781
15534005,8117,2584,970782
15534021,8037,7669,970783
15534037,8001,12821,970784
15534053,8148,1581,970785
15534069,8120,7194,970786
15534085,8102,12315,970787
15534101,8420,1021,970788
15534117,8039,6147,970789
15534133,8326,11696,970790
15534149,8528,486,970791
15534165,7969,5617,970792
15534181,8199,10785,970793
15534197,8268,15287,970794
15534213,7867,5123,970795
15534229,8230,10297,970796
15534245,8121,15463,970797
15534261,7901,4125,970798
15534277,8333,9732,970799
15534293,8097,14873,970800
15534309,8096,3580,970801
15534325,8313,8732,970802
15534341,8150,14401,970803
15534357,8223,3070,970804
15534373,8272,8251,970805
15534389,7962,13336,970806
15534405,8322,2593,970807
15534421,8186,7708,970808
15534437,7970,12796,970809
15534453,8297,1537,970810
15534469,8046,7295,970811
15534485,8079,12276,970812
15534501,8250,997,970813
15534517,8014,6177,970814
15534533,8182,11698,970815
15534549,8296,457,970816
15534565,7883,5602,970817
15534581,8335,10824,970818
15534597,8262,15264,970819
15534613,8062,5153,970820
15534629,8356,10293,970821
15534645,8077,15445,970822
15534661,8113,4139,970823
15534677,8308,9773,970824
15534693,8046,14886,970825
15534709,8104,3615,970826
15534725,8166,8695,970827
15534741,8154,14471,970828
15534757,8164,3106,970829
15534773,8132,8181,970830
15534789,8148,13402,970831
15534805,8339,2610,970832
15534821,8268,7713,970833
15534837,8160,12831,970834
15534853,8280,1565,970835
15534869,8160,7250,970836
15534885,8014,12255,970837
15534901,8183,991,970838
15534917,8161,6154,970839
15534933,8059,11703,970840
15534949,8108,445,970841
15534965,8145,5597,970842
15534981,8162,10792,970843
15534997,8187,15199,970844
15535013,8238,5113,970845
15535029,8175,10300,970846
15535045,8085,15350,970847
15535061,8336,4105,970848
15535077,8196,9782,970849
15535093,8115,14885,970850
15535109,8151,3556,970851
15535125,8050,8757,970852
15535141,8241,14355,970853
15535157,8108,3043,970854
15535173,8079,8251,970855
15535189,8212,13387,970856
15535205,8216,2594,970857
15535221,8343,7718,970858
15535237,8264,12859,970859
15535253,8117,1570,970860
15535269,8278,7217,970861
15535285,8190,12317,970862
15535301,8110,1032,970863
15535317,8188,6129,970864
15535333,8090,11738,970865
15535349,7805,458,970866
15535365,8247,5606,970867
15535381,8053,10832,970868
15535397,7929,15173,970869
15535413,8367,5156,970870
15535429,8012,10262,970871
15535445,8066,15368,970872
15535461,8320,4082,970873
15535477,8124,9780,970874
15535493,8206,14845,970875
15535509,8148,3611,970876
15535525,7940,8731,970877
15535541,8329,14502,970878
15535557,7993,3033,970879
15535573,8010,8239,970880
15535589,8172,13417,970881
15535605,8052,2600,970882
15535621,8032,7669,970883
15535637,8080,12845,970884
15535653,8066,1562,970885
15535669,8300,7227,970886
15535685,8158,12327,970887
15535701,8073,979,970888
15535717,8188,6142,970889
15535733,8029,11721,970890
15535749,7991,424,970891
15535765,8246,5630,970892
15535781,7901,10732,970893
15535797,8153,15220,970894
15535813,8208,5165,970895
15535829,8026,10224,970896
15535845,8083,15443,970897
15535861,8040,4081,970898
15535877,8078,9812,970899
15535893,8277,14883,970900
15535909,8122,3553,970901
15535925,8102,8755,970902
15535941,8380,14414,970903
15535957,8115,3062,970904
15535973,8130,8202,970905
15535989,8133,13360,970906
15536005,8003,2611,970907
15536021,8223,7712,970908
15536037,7958,12849,970909
15536053,7980,1489,970910
15536069,8138,7216,970911
15536085,8119,12349,970912
15536101,8144,990,970913
15536117,8031,6167,970914
15536133,8276,11797,970915
15536149,8384,461,970916
15536165,8194,5658,970917
15536181,8280,10817,970918
15536197,8294,15249,970919
15536213,8001,5115,970920
15536229,8251,10296,970921
15536245,8198,15453,970922
15536261,7845,4129,970923
15536277,8109,9765,970924
15536293,8046,14913,970925
15536309,7974,3572,970926
15536325,8370,8698,970927
15536341,8106,14430,970928
15536357,8245,3071,970929
15536373,8389,8243,970930
15536389,8081,13360,970931
15536405,8292,2644,970932
15536421,8229,7738,970933
15536437,7905,12837,970934
15536453,8180,1521,970935
15536469,7952,7218,970936
15536485,7943,12270,970937
15536501,8308,1159,970938
15536517,8025,6172,970939
15536533,8110,11658,970940
15536549,8487,536,970941
15536565,8008,5611,970942
15536581,8462,10810,970943
15536597,8190,15219,970944
15536613,8011,5159,970945
15536629,8238,10314,970946
15536645,8218,15427,970947
15536661,7903,4160,970948
15536677,8284,9765,970949
15536693,8084,14962,970950
15536709,7971,3611,970951
15536725,8289,8797,970952
15536741,7995,14379,970953
15536757,8186,3094,970954
15536773,8151,8207,970955
15536789,8116,13346,970956
15536805,8244,2624,970957
15536821,8009,7703,970958
15536837,7985,12897,970959
15536853,8133,1536,970960
15536869,8112,7235,970961
15536885,8151,12409,970962
15536901,8179,993,970963
15536917,8024,6135,970964
15536933,8035,11702,970965
15536949,8142,490,970966
15536965,8116,5625,970967
15536981,8237,10861,970968
15536997,8223,15171,970969
15537013,8139,5115,970970
15537029,8280,10270,970971
15537045,8001,15487,970972
15537061,8197,4171,970973
15537077,8386,9763,970974
15537093,8091,14946,970975
15537109,7985,3555,970976
15537125,8095,8706,970977
15537141,8039,14334,970978
15537157,8098,3075,970979
15537173,7950,8198,970980
15537189,8067,13391,970981
15537205,8097,2526,970982
15537221,8241,7739,970983
15537237,8331,12880,970984
15537253,8102,1534,970985
15537269,8379,7241,970986
15537285,8305,12293,970987
15537301,8137,954,970988
15537317,8201,6117,970989
15537333,8208,11719,970990
15537349,7967,442,970991
15537365,8160,5632,970992
15537381,8090,10730,970993
15537397,7889,15136,970994
15537413,8220,5123,970995
15537429,8187,10283,970996
15537445,8072,15450,970997
15537461,8436,4178,970998
15537477,8020,9726,970999
15537493,8180,14881,971000
15537509,8391,3590,971001
15537525,8065,8761,971002
15537541,8122,14401,971003
15537557,8150,3125,971004
15537573,7947,8190,971005
15537589,8344,13396,971006
15537605,8015,2599,971007
15537621,8044,7730,971008
15537637,8224,12872,971009
15537653,8032,1536,971010
15537669,8215,7256,971011
15537685,8250,12358,971012
15537701,8100,1012,971013
15537717,8290,6214,971014
15537733,8210,11734,971015
15537749,7986,491,971016
15537765,8365,5702,971017
15537781,8016,10778,971018
15537797,8038,15193,971019
15537813,8238,5068,971020
15537829,7947,10264,971021
15537845,8047,15405,971022
15537861,8217,4167,971023
15537877,8007,9733,971024
15537893,8342,14907,971025
15537909,8289,3580,971026
15537925,8036,8700,971027
15537941,8344,14433,971028
15537957,8187,3043,971029
15537973,8033,8173,971030
15537989,8264,13418,971031
15538005,7954,2588,971032
15538021,8032,7665,971033
15538037,8291,12896,971034
15538053,7924,1482,971035
15538069,8004,7163,971036
15538085,8154,12380,971037
15538101,8099,1005,971038
15538117,8190,6176,971039
15538133,8079,11695,971040
15538149,8209,485,971041
15538165,8213,5694,971042
15538181,8104,10810,971043
15538197,8213,15158,971044
15538213,8131,5166,971045
15538229,8045,10304,971046
15538245,8115,15433,971047
15538261,8009,4146,971048
15538277,8094,9775,971049
15538293,8048,14887,971050
15538309,7911,3559,971051
15538325,8175,8736,971052
15538341,8099,14411,971053
15538357,8083,3027,971054
15538373,8258,8254,971055
15538389,8222,13417,971056
15538405,8258,2629,971057
15538421,8265,7729,971058
15538437,8029,12854,971059
15538453,8071,1562,971060
15538469,7950,7149,971061
15538485,7983,12317,971062
15538501,8017,975,971063
15538517,7947,6246,971064
15538533,8069,11713,971065
15538549,8261,471,971066
15538565,7940,5627,971067
15538581,8184,10753,971068
15538597,8519,15254,971069
15538613,8001,5099,971070
15538629,8240,10226,971071
15538645,8269,15486,971072
15538661,7947,4138,971073
15538677,8288,9761,971074
15538693,8177,14926,971075
15538709,7791,3576,971076
15538725,8332,8693,971077
15538741,8058,14395,971078
15538757,8082,3078,971079
15538773,8371,8247,971080
15538789,8086,13354,971081
15538805,8191,2663,971082
15538821,8232,7707,971083
15538837,7911,12818,971084
15538853,8218,1522,971085
15538869,8194,7212,971086
15538885,7999,12334,971087
15538901,8150,1004,971088
15538917,8054,6191,971089
15538933,8019,11698,971090
15538949,8197,483,971091
15538965,8135,5632,971092
15538981,8015,10746,971093
15538997,8120,15205,971094
15539013,8033,5080,971095
15539029,8252,10230,971096
15539045,8276,15473,971097
15539061,8063,4115,971098
15539077,8278,9865,971099
15539093,8073,14924,971100
15539109,8103,3583,971101
15539125,8112,8685,971102
15539141,7928,14406,971103
15539157,8231,3105,971104
15539173,8119,8204,971105
15539189,8066,13342,971106
15539205,7920,2591,971107
15539221,8047,7709,971108
15539237,8045,12832,971109
15539253,8175,1565,971110
15539269,8230,7237,971111
15539285,8214,12341,971112
15539301,8228,984,971113
15539317,8200,6128,971114
15539333,8209,11738,971115
15539349,8267,502,971116
15539365,8214,5610,971117
15539381,8136,10806,971118
15539397,8026,15244,971119
15539413,8103,5128,971120
15539429,7990,10225,971121
15539445,8067,15424,971122
15539461,8383,4144,971123
15539477,8041,9705,971124
15539493,8275,14938,971125
15539509,8378,3562,971126
15539525,8086,8701,971127
15539541,8196,14435,971128
15539557,8073,3032,971129
15539573,7966,8199,971130
15539589,8146,13405,971131
15539605,8045,2628,971132
15539621,7836,7664,971133
15539637,8122,12781,971134
15539653,8033,1534,971135
15539669,8178,7260,971136
15539685,8344,12335,971137
15539701,8221,1046,971138
15539717,8319,6131,971139
15539733,8226,11662,971140
15539749,8122,508,971141
15539765,8214,5664,971142
15539781,8108,10817,971143
15539797,7983,15234,971144
15539813,8183,5120,971145
15539829,7974,10249,971146
15539845,7978,15430,971147
15539861,8250,4171,971148
15539877,7983,9825,971149
15539893,8217,14921,971150
15539909,8177,3548,971151
15539925,7922,8704,971152
15539941,8286,14394,971153
15539957,8383,3098,971154
15539973,8135,8165,971155
15539989,8281,13439,971156
15540005,8278,2670,971157
15540021,8001,7735,971158
15540037,8213,12841,971159
15540053,7799,1532,971160
15540069,8031,7200,971161
15540085,8106,12314,971162
15540101,8110,986,971163
15540117,8099,6150,971164
15540133,8131,11706,971165
15540149,8122,433,971166
15540165,8286,5621,971167
15540181,8260,10753,971168
15540197,8300,15241,971169
15540213,8145,5102,971170
15540229,8059,10288,971171
15540245,8024,15440,971172
15540261,7973,4131,971173
15540277,8041,9751,971174
15540293,8030,14931,971175
15540309,8014,3538,971176
15540325,7895,8688,971177
15540341,7978,14309,971178
15540357,8152,3047,971179
15540373,8087,8247,971180
15540389,8134,13422,971181
15540405,8071,2613,971182
15540421,8335,7673,971183
15540437,8112,12760,971184
15540453,8146,1570,971185
15540469,8165,7268,971186
15540485,8221,12366,971187
15540501,8272,1008,971188
15540517,7990,6164,971189
15540533,7944,11685,971190
15540549,8155,519,971191
15540565,8016,5633,971192
15540581,7951,10712,971193
15540597,8265,15213,971194
15540613,8053,5160,971195
15540629,8093,10269,971196
15540645,8256,15420,971197
15540661,8056,4169,971198
15540677,8348,9798,971199
15540693,8241,14928,971200
15540709,7990,3589,971201
15540725,8161,8772,971202
15540741,7972,14404,971203
15540757,7988,3136,971204
15540773,8176,8194,971205
15540789,7975,13381,971206
15540805,8218,2659,971207
15540821,8302,7715,971208
15540837,8029,12870,971209
15540853,8131,1586,971210
15540869,8080,7216,971211
15540885,8130,12358,971212
15540901,8257,992,971213
15540917,7995,6164,971214
15540933,8073,11708,971215
15540949,8264,495,971216
15540965,7885,5601,971217
15540981,8114,10782,971218
15540997,8102,15164,971219
15541013,7925,5097,971220
15541029,8036,10182,971221
15541045,8247,15444,971222
15541061,8015,4145,971223
15541077,8366,9781,971224
15541093,8012,14831,971225
15541109,8064,3533,971226
15541125,8311,8677,971227
15541141,8173,14452,971228
15541157,8122,3036,971229
15541173,8306,8279,971230
15541189,7945,13313,971231
15541205,8146,2605,971232
15541221,8258,7743,971233
15541237,7996,12887,971234
15541253,8104,1586,971235
15541269,8173,7222,971236
15541285,8099,12372,971237
15541301,8227,963,971238
15541317,8071,6103,971239
15541333,8150,11757,971240
15541349,8341,538,971241
15541365,8042,5622,971242
15541381,7978,10794,971243
15541397,8113,15225,971244
15541413,8186,5176,971245
15541429,8069,10243,971246
15541445,8019,15428,971247
15541461,8115,4171,971248
15541477,8110,9756,971249
15541493,8094,14937,971250
15541509,8078,3590,971251
15541525,8149,8691,971252
15541541,8220,14355,971253
15541557,8283,3114,971254
15541573,8076,8224,971255
15541589,8103,13336,971256
15541605,8224,2599,971257
15541621,7940,7709,971258
15541637,8167,12871,971259
15541653,7989,1522,971260
15541669,8125,7200,971261
15541685,8175,12378,971262
15541701,8117,991,971263
15541717,8254,6108,971264
15541733,8208,11712,971265
15541749,8177,503,971266
15541765,8315,5689,971267
15541781,8149,10814,971268
15541797,7950,15191,971269
15541813,8272,5176,971270
15541829,8041,10231,971271
15541845,7963,15513,971272
15541861,8118,4099,971273
15541877,8003,9734,971274
15541893,8184,14947,971275
15541909,8193,3560,971276
15541925,7955,8732,971277
15541941,8343,14426,971278
15541957,8423,3050,971279
15541973,7961,8217,971280
15541989,8288,13382,971281
15542005,8189,2664,971282
15542021,7869,7661,971283
15542037,8233,12878,971284
15542053,7985,1498,971285
15542069,7996,7240,971286
15542085,8208,12269,971287
15542101,8058,981,971288
15542117,8048,6180,971289
15542133,8068,11694,971290
15542149,8034,467,971291
15542165,8257,5611,971292
15542181,8242,10863,971293
15542197,8141,15197,971294
15542213,8159,5153,971295
15542229,8169,10279,971296
15542245,8171,15476,971297
15542261,8227,4191,971298
15542277,7821,9724,971299
15542293,8012,14950,971300
15542309,8039,3561,971301
15542325,8062,8730,971302
15542341,8118,14401,971303
15542357,8050,3116,971304
15542373,8132,8265,971305
15542389,8400,13330,971306
15542405,8002,2660,971307
15542421,8154,7702,971308
15542437,8349,12841,971309
15542453,8083,1513,971310
15542469,8230,7232,971311
15542485,8181,12380,971312
15542501,8005,985,971313
15542517,8027,6177,971314
15542533,7916,11694,971315
15542549,8023,457,971316
15542565,8067,5666,971317
15542581,8013,10746,971318
15542597,8175,15234,971319
15542613,8231,5170,971320
15542629,8190,10295,971321
15542645,8271,15415,971322
15542661,8090,4143,971323
15542677,8088,9721,971324
15542693,8171,14880,971325
15542709,8009,3586,971326
15542725,8255,8747,971327
15542741,8013,14399,971328
15542757,8026,3106,971329
15542773,8091,8247,971330
15542789,8008,13345,971331
15542805,7981,2555,971332
15542821,8387,7746,971333
15542837,7945,12854,971334
15542853,8017,1653,971335
15542869,8372,7213,971336
15542885,8097,12332,971337
15542901,8351,1075,971338
15542917,8303,6178,971339
15542933,8046,11735,971340
15542949,8225,569,971341
15542965,7997,5618,971342
15542981,7989,10782,971343
15542997,8272,15256,971344
15543013,8123,5168,971345
15543029,8117,10267,971346
15543045,8263,15434,971347
15543061,8039,4115,971348
15543077,8292,9823,971349
15543093,8301,14916,971350
15543109,8001,3632,971351
15543125,8233,8687,971352
15543141,8046,14404,971353
15543157,7924,3049,971354
15543173,8422,8233,971355
15543189,7925,13345,971356
15543205,8063,2621,971357
15543221,8410,7756,971358
15543237,7963,12865,971359
15543253,8086,1518,971360
15543269,8313,7195,971361
15543285,8002,12314,971362
15543301,8236,980,971363
15543317,8279,6093,971364
15543333,8136,11797,971365
15543349,8248,471,971366
15543365,8150,5665,971367
15543381,8105,10806,971368
15543397,8150,15215,971369
15543413,8036,5125,971370
15543429,8103,10290,971371
15543445,8073,15420,971372
15543461,8188,4144,971373
15543477,8208,9724,971374
15543493,8036,14927,971375
15543509,8149,3553,971376
15543525,8218,8726,971377
15543541,8101,14413,971378
15543557,8261,3104,971379
15543573,8176,8186,971380
15543589,8067,13364,971381
15543605,8277,2632,971382
15543621,8099,7644,971383
15543637,8003,12864,971384
15543653,8099,1562,971385
15543669,7974,7194,971386
15543685,8052,12316,971387
15543701,8156,1011,971388
15543717,8053,6133,971389
15543733,8371,11773,971390
15543749,8246,468,971391
15543765,8157,5584,971392
15543781,8307,10836,971393
15543797,8071,15186,971394
15543813,8288,5170,971395
15543829,8135,10277,971396
15543845,8147,15499,971397
15543861,8063,4143,971398
15543877,7936,9757,971399
15543893,7882,14912,971400
15543909,8314,3645,971401
15543925,7938,8693,971402
15543941,8147,14436,971403
15543957,8443,3127,971404
15543973,8075,8241,971405
15543989,8229,13355,971406
15544005,8372,2548,971407
15544021,7990,7709,971408
15544037,8225,12905,971409
15544053,8076,1513,971410
15544069,7935,7245,971411
15544085,8226,12320,971412
15544101,7997,955,971413
15544117,8086,6138,971414
15544133,8189,11717,971415
15544149,7990,497,971416
15544165,8161,5635,971417
15544181,8198,10834,971418
15544197,8122,15241,971419
15544213,8277,5093,971420
15544229,8093,10274,971421
15544245,8100,15390,971422
15544261,8334,4135,971423
15544277,7993,9759,971424
15544293,7991,14886,971425
15544309,8273,3594,971426
15544325,7958,8699,971427
15544341,8137,14451,971428
15544357,8161,3105,971429
15544373,7947,8247,971430
15544389,8153,13410,971431
15544405,8088,2589,971432
15544421,8140,7729,971433
15544437,8224,12826,971434
15544453,8094,1454,971435
15544469,8016,7152,971436
15544485,8311,12362,971437
15544501,8014,1009,971438
15544517,8155,6195,971439
15544533,8225,11757,971440
15544549,8005,492,971441
15544565,8007,5678,971442
15544581,8062,10826,971443
15544597,7960,15221,971444
15544613,8157,5089,971445
15544629,8054,10285,971446
15544645,8152,15426,971447
15544661,8147,4135,971448
15544677,8032,9731,971449
15544693,8267,14892,971450
15544709,8136,3630,971451
15544725,7994,8726,971452
15544741,8148,14406,971453
15544757,7999,3020,971454
15544773,7945,8232,971455
15544789,7887,13349,971456
15544805,7941,2590,971457
15544821,8066,7709,971458
15544837,8117,12924,971459
15544853,7905,1461,971460
15544869,8127,7257,971461
15544885,8201,12407,971462
15544901,8217,990,971463
15544917,8135,6191,971464
15544933,8053,11721,971465
15544949,8112,536,971466
15544965,7981,5622,971467
15544981,7831,10787,971468
15544997,8219,15217,971469
15545013,7969,5121,971470
15545029,8030,10240,971471
15545045,8145,15366,971472
15545061,8107,4144,971473
15545077,8175,9717,971474
15545093,8319,14937,971475
15545109,8095,3553,971476
15545125,8196,8697,971477
15545141,8180,14424,971478
15545157,7924,3033,971479
15545173,8307,8190,971480
15545189,7972,13440,971481
15545205,8021,2624,971482
15545221,8310,7708,971483
15545237,8050,12911,971484
15545253,8034,1506,971485
15545269,8282,7244,971486
15545285,8187,12314,971487
15545301,8081,942,971488
15545317,8288,6170,971489
15545333,8027,11715,971490
15545349,8323,464,971491
15545365,8037,5628,971492
15545381,7913,10807,971493
15545397,8126,15271,971494
15545413,8024,5081,971495
15545429,8149,10313,971496
15545445,8054,15477,971497
15545461,8138,4147,971498
15545477,8250,9798,971499
15545493,8170,14946,971500
15545509,8042,3621,971501
15545525,8389,8735,971502
15545541,7935,14411,971503
15545557,8088,3043,971504
15545573,8274,8216,971505
15545589,8074,13365,971506
15545605,8215,2615,971507
15545621,8189,7736,971508
15545637,8080,12859,971509
15545653,8092,1566,971510
15545669,8236,7247,971511
15545685,8005,12339,971512
15545701,8232,1084,971513
15545717,8137,6155,971514
15545733,8178,11742,971515
15545749,8107,462,971516
15545765,7950,5599,971517
15545781,8201,10778,971518
15545797,8198,15225,971519
15545813,8110,5180,971520
15545829,8237,10272,971521
15545845,8063,15438,971522
15545861,8166,4146,971523
15545877,8190,9730,971524
15545893,8163,14967,971525
15545909,8281,3625,971526
15545925,8020,8741,971527
15545941,7982,14448,971528
15545957,8175,3078,971529
15545973,8138,8212,971530
15545989,8107,13372,971531
15546005,8302,2631,971532
15546021,8229,7716,971533
15546037,8066,12797,971534
15546053,8265,1580,971535
15546069,7899,7205,971536
15546085,8230,12287,971537
15546101,8259,1067,971538
15546117,7899,6179,971539
15546133,8225,11647,971540
15546149,8125,466,971541
15546165,8138,5577,971542
15546181,8212,10796,971543
15546197,8068,15197,971544
15546213,8281,5160,971545
15546229,8264,10301,971546
15546245,8052,15508,971547
15546261,8171,4128,971548
15546277,8043,9786,971549
15546293,7896,14896,971550
15546309,8118,3566,971551
15546325,7903,8746,971552
15546341,8008,14425,971553
15546357,8358,3041,971554
15546373,7989,8237,971555
15546389,8147,13318,971556
15546405,8256,2601,971557
15546421,7961,7701,971558
15546437,8336,12832,971559
15546453,8203,1500,971560
15546469,7823,7165,971561
15546485,8250,12326,971562
15546501,8173,1055,971563
15546517,7890,6165,971564
15546533,8330,11699,971565
15546549,8169,459,971566
15546565,8175,5590,971567
15546581,8164,10791,971568
15546597,7939,15198,971569
15546613,8168,5091,971570
15546629,7980,10272,971571
15546645,7895,15484,971572
15546661,8243,4171,971573
15546677,8171,9809,971574
15546693,8029,14878,971575
15546709,8138,3634,971576
15546725,8070,8699,971577
15546741,8276,14402,971578
15546757,8088,3052,971579
15546773,7911,8207,971580
15546789,8244,13316,971581
15546805,8144,2566,971582
15546821,8059,7708,971583
15546837,8093,12783,971584
15546853,7867,1525,971585
15546869,8231,7215,971586
15546885,8247,12321,971587
15546901,8034,984,971588
15546917,8379,6145,971589
15546933,8108,11701,971590
15546949,8107,435,971591
15546965,8230,5722,971592
15546981,7992,10707,971593
15546997,8119,15236,971594
15547013,8028,5148,971595
15547029,7879,10313,971596
15547045,8193,15477,971597
15547061,8172,4170,971598
15547077,8086,9797,971599
15547093,8320,14959,971600
15547109,8038,3584,971601
15547125,8370,8749,971602
15547141,8280,14365,971603
15547157,7866,3005,971604
15547173,8175,8214,971605
15547189,8063,13349,971606
15547205,7746,2600,971607
15547221,8065,7707,971608
15547237,7916,12802,971609
15547253,7893,1515,971610
15547269,8291,7236,971611
15547285,8048,12312,971612
15547301,8213,989,971613
15547317,8311,6223,971614
15547333,8031,11711,971615
15547349,8383,474,971616
15547365,8321,5744,971617
15547381,7927,10702,971618
15547397,8468,15266,971619
15547413,8107,5116,971620
15547429,8001,10334,971621
15547445,8247,15434,971622
15547461,7998,4122,971623
15547477,8135,9800,971624
15547493,8165,14918,971625
15547509,7990,3547,971626
15547525,8148,8684,971627
15547541,8111,14339,971628
15547557,7942,3017,971629
15547573,8301,8210,971630
15547589,8131,13439,971631
15547605,8088,2674,971632
15547621,8195,7719,971633
15547637,8024,12878,971634
15547653,7992,1479,971635
15547669,8209,7166,971636
15547685,7957,12354,971637
15547701,8169,991,971638
15547717,8104,6181,971639
15547733,8048,11761,971640
15547749,8143,481,971641
15547765,8265,5665,971642
15547781,8102,10812,971643
15547797,8250,15153,971644
15547813,8069,5084,971645
15547829,8129,10265,971646
15547845,8167,15414,971647
15547861,8102,4188,971648
15547877,8092,9727,971649
15547893,8187,14969,971650
15547909,7891,3575,971651
15547925,8151,8738,971652
15547941,7953,14409,971653
15547957,8111,3056,971654
15547973,8117,8206,971655
15547989,8228,13382,971656
15548005,8177,2592,971657
15548021,8213,7654,971658
15548037,8137,12831,971659
15548053,8125,1493,971660
15548069,8065,7214,971661
15548085,8208,12363,971662
15548101,8054,977,971663
15548117,7900,6099,971664
15548133,8101,11721,971665
15548149,8070,514,971666
15548165,8075,5696,971667
15548181,8311,10840,971668
15548197,8210,15253,971669
15548213,7992,5121,971670
15548229,8273,10225,971671
15548245,8218,15452,971672
15548261,8209,4089,971673
15548277,8224,9814,971674
15548293,7997,14867,971675
15548309,8254,3585,971676
15548325,7998,8732,971677
15548341,7856,14370,971678
15548357,8310,3051,971679
15548373,8054,8261,971680
15548389,8100,13310,971681
15548405,8276,2593,971682
15548421,8078,7749,971683
15548437,8227,12864,971684
15548453,8195,1502,971685
15548469,8050,7228,971686
15548485,8318,12394,971687
15548501,8147,943,971688
15548517,8048,6194,971689
15548533,8217,11747,971690
15548549,7949,471,971691
15548565,8053,5634,971692
15548581,8330,10784,971693
15548597,7951,15169,971694
15548613,8145,5112,971695
15548629,8318,10293,971696
15548645,8003,15335,971697
15548661,8118,4129,971698
15548677,8174,9762,971699
15548693,8088,14923,971700
15548709,8229,3557,971701
15548725,8045,8703,971702
15548741,8073,14401,971703
15548757,8074,3047,971704
15548773,7916,8223,971705
15548789,8067,13342,971706
15548805,8105,2640,971707
15548821,8070,7751,971708
15548837,8190,12843,971709
15548853,7943,1510,971710
15548869,8032,7218,971711
15548885,8231,12376,971712
15548901,8151,988,971713
15548917,8147,6186,971714
15548933,8334,11804,971715
15548949,8119,500,971716
15548965,8192,5682,971717
15548981,8088,10724,971718
15548997,7890,15190,971719
15549013,8216,5083,971720
15549029,7980,10263,971721
15549045,8030,15407,971722
15549061,7918,4091,971723
15549077,8029,9794,971724
15549093,8032,14917,971725
15549109,7969,3514,971726
15549125,8172,8693,971727
15549141,8169,14395,971728
15549157,8045,3029,971729
15549173,8180,8190,971730
15549189,8056,13315,971731
15549205,7923,2607,971732
15549221,8308,7723,971733
15549237,8015,12818,971734
15549253,7881,1520,971735
15549269,8104,7167,971736
15549285,8105,12314,971737
15549301,7989,942,971738
15549317,8339,6176,971739
15549333,8026,11694,971740
15549349,8223,489,971741
15549365,8343,5639,971742
15549381,8125,10813,971743
15549397,8205,15262,971744
15549413,8040,5114,971745
15549429,7860,10286,971746
15549445,7969,15426,971747
15549461,7966,4118,971748
15549477,7979,9713,971749
15549493,8150,14935,971750
15549509,8066,3663,971751
15549525,8216,8700,971752
15549541,8197,14468,971753
15549557,8172,3207,971754
15549573,8269,8214,971755
15549589,8192,13363,971756
15549605,8052,2658,971757
15549621,8184,7737,971758
15549637,8146,12869,971759
15549653,7994,1517,971760
15549669,8190,7250,971761
15549685,8007,12254,971762
15549701,8125,1018,971763
15549717,8142,6118,971764
15549733,7867,11654,971765
15549749,8085,503,971766
15549765,8272,5686,971767
15549781,7921,10741,971768
15549797,8325,15195,971769
15549813,8218,5176,971770
15549829,8101,10262,971771
15549845,8208,15417,971772
15549861,8159,4130,971773
15549877,8138,9765,971774
15549893,8111,14883,971775
15549909,7933,3535,971776
15549925,8104,8692,971777
15549941,8067,14378,971778
15549957,8019,3038,971779
15549973,8236,8242,971780
15549989,8126,13368,971781
15550005,8102,2601,971782
15550021,8060,7717,971783
15550037,8327,12889,971784
15550053,8078,1518,971785
15550069,8250,7255,971786
15550085,8035,12337,971787
15550101,8178,1017,971788
15550117,8191,6171,971789
15550133,8128,11737,971790
15550149,8202,441,971791
15550165,8067,5662,971792
15550181,7979,10713,971793
15550197,8187,15252,971794
15550213,7938,5089,971795
15550229,8259,10217,971796
15550245,8200,15459,971797
15550261,8090,4134,971798
15550277,8197,9762,971799
15550293,8220,14977,971800
15550309,8194,3621,971801
15550325,8073,8730,971802
15550341,8083,14386,971803
15550357,8256,3062,971804
15550373,7984,8229,971805
15550389,8078,13414,971806
15550405,8319,2608,971807
15550421,7962,7646,971808
15550437,8214,12883,971809
15550453,8418,1583,971810
15550469,7960,7211,971811
15550485,8348,12383,971812
15550501,8219,982,971813
15550517,7972,6109,971814
15550533,8192,11706,971815
15550549,7986,491,971816
15550565,8054,5660,971817
15550581,8216,10772,971818
15550597,7958,15192,971819
15550613,7966,5096,971820
15550629,8365,10304,971821
15550645,7960,15383,971822
15550661,8183,4137,971823
15550677,8206,9731,971824
15550693,8138,14906,971825
15550709,8276,3560,971826
15550725,8130,8728,971827
15550741,8008,14410,971828
15550757,8149,3039,971829
15550773,8099,8207,971830
15550789,8109,13439,971831
15550805,8190,2596,971832
15550821,7924,7705,971833
15550837,8069,12889,971834
15550853,8237,1566,971835
15550869,7896,7196,971836
15550885,8286,12340,971837
15550901,8184,988,971838
15550917,8081,6203,971839
15550933,8238,11730,971840
15550949,8148,502,971841
15550965,8109,5611,971842
15550981,8241,10831,971843
15550997,8052,15260,971844
15551013,8120,5144,971845
15551029,8290,10247,971846
15551045,7985,15408,971847
15551061,8137,4163,971848
15551077,8167,9754,971849
15551093,8052,14876,971850
15551109,8185,3533,971851
15551125,8187,8735,971852
15551141,8100,14410,971853
15551157,8148,3053,971854
15551173,8109,8234,971855
15551189,8115,13284,971856
15551205,8152,2613,971857
15551221,8066,7744,971858
15551237,8098,12850,971859
15551253,7957,1475,971860
15551269,8017,7204,971861
15551285,8004,12279,971862
15551301,7959,1018,971863
15551317,8129,6151,971864
15551333,8108,11728,971865
15551349,8108,469,971866
15551365,8382,5628,971867
15551381,8126,10793,971868
15551397,8276,15230,971869
15551413,8256,5116,971870
15551429,8083,10284,971871
15551445,8066,15391,971872
15551461,8129,4138,971873
15551477,8022,9777,971874
15551493,8060,14955,971875
15551509,8112,3582,971876
15551525,8145,8738,971877
15551541,8163,14406,971878
15551557,8118,3051,971879
15551573,8231,8189,971880
15551589,8207,13307,971881
15551605,8014,2631,971882
15551621,8337,7711,971883
15551637,8166,12899,971884
15551653,7942,1528,971885
15551669,8324,7226,971886
15551685,7971,12354,971887
15551701,7952,1019,971888
15551717,8368,6182,971889
15551733,8083,11763,971890
15551749,8098,446,971891
15551765,8159,5684,971892
15551781,8022,10803,971893
15551797,8231,15227,971894
15551813,8233,5101,971895
15551829,7905,10288,971896
15551845,8125,15449,971897
15551861,7973,4017,971898
15551877,7942,9750,971899
15551893,8165,14916,971900
15551909,8087,3546,971901
15551925,8058,8791,971902
15551941,8234,14474,971903
15551957,8047,3070,971904
15551973,8259,8230,971905
15551989,8106,13357,971906
15552005,8042,2606,971907
15552021,8412,7762,971908
15552037,8242,12855,971909
15552053,8068,1524,971910
15552069,8303,7240,971911
15552085,8257,12343,971912
15552101,8079,963,971913
15552117,8268,6218,971914
15552133,8096,11722,971915
15552149,8137,492,971916
15552165,8187,5681,971917
15552181,7964,10757,971918
15552197,8307,15258,971919
15552213,8171,5075,971920
15552229,8126,10263,971921
15552245,8168,15358,971922
15552261,8348,4149,971923
15552277,8127,9722,971924
15552293,8215,14979,971925
15552309,8048,3579,971926
15552325,8183,8775,971927
15552341,8088,14453,971928
15552357,8176,3068,971929
15552373,8004,8261,971930
15552389,7922,13351,971931
15552405,8044,2601,971932
15552421,7997,7666,971933
15552437,8024,12851,971934
15552453,8215,1562,971935
15552469,8076,7227,971936
15552485,8299,12347,971937
15552501,8272,1000,971938
15552517,8087,6182,971939
15552533,8287,11799,971940
15552549,8173,512,971941
15552565,8080,5670,971942
15552581,8190,10800,971943
15552597,8071,15254,971944
15552613,7939,5149,971945
15552629,8310,10294,971946
15552645,7903,15349,971947
15552661,8114,4151,971948
15552677,8295,9789,971949
15552693,8034,14924,971950
15552709,8242,3531,971951
15552725,8221,8746,971952
15552741,8175,14485,971953
15552757,8260,3120,971954
15552773,8176,8225,971955
15552789,7963,13371,971956
15552805,8113,2600,971957
15552821,7886,7745,971958
15552837,8060,12884,971959
15552853,8385,1545,971960
15552869,7819,7149,971961
15552885,8292,12331,971962
15552901,8242,987,971963
15552917,7969,6137,971964
15552933,8170,11697,971965
15552949,8156,460,971966
15552965,7991,5622,971967
15552981,8245,10781,971968
15552997,7962,15246,971969
15553013,8085,5160,971970
15553029,8213,10266,971971
15553045,7856,15356,971972
15553061,8011,4157,971973
15553077,8082,9800,971974
15553093,7916,14872,971975
15553109,8246,3587,971976
15553125,8136,8706,971977
15553141,8052,14425,971978
15553157,8318,3066,971979
15553173,8203,8269,971980
15553189,8154,13391,971981
15553205,8118,2617,971982
15553221,8019,7663,971983
15553237,8266,12889,971984
15553253,8016,1526,971985
15553269,8091,7291,971986
15553285,8242,12382,971987
15553301,8069,1022,971988
15553317,8105,6174,971989
15553333,8188,11715,971990
15553349,8087,482,971991
15553365,8256,5680,971992
15553381,8184,10804,971993
15553397,8045,15199,971994
15553413,8199,5086,971995
15553429,8066,10241,971996
15553445,8109,15440,971997
15553461,8172,4189,971998
15553477,8065,9769,971999
15553493,8047,14911,972000
15553509,8062,3580,972001
15553525,7884,8693,972002
15553541,8096,14457,972003
15553557,8014,3037,972004
15553573,8179,8221,972005
15553589,8032,13332,972006
15553605,8069,2639,972007
15553621,8348,7713,972008
15553637,8225,12850,972009
15553653,7951,1533,972010
15553669,8333,7229,972011
15553685,8032,12308,972012
15553701,7935,954,972013
15553717,8090,6137,972014
15553733,7962,11733,972015
15553749,7927,478,972016
15553765,8193,5685,972017
15553781,7883,10743,972018
15553797,8112,15188,972019
15553813,8406,5146,972020
15553829,8024,10294,972021
15553845,8190,15389,972022
15553861,8172,4094,972023
15553877,8025,9765,972024
15553893,8161,14922,972025
15553909,7929,3530,972026
15553925,8045,8772,972027
15553941,8162,14437,972028
15553957,8156,3109,972029
15553973,8215,8248,972030
15553989,8250,13424,972031
15554005,8132,2615,972032
15554021,8383,7752,972033
15554037,8163,12864,972034
15554053,7952,1526,972035
15554069,8300,7240,972036
15554085,7937,12353,972037
15554101,8052,1000,972038
15554117,8140,6133,972039
15554133,8110,11726,972040
15554149,8158,507,972041
15554165,8189,5618,972042
15554181,7986,10791,972043
15554197,8221,15191,972044
15554213,8052,5163,972045
15554229,8041,10209,972046
15554245,8322,15456,972047
15554261,8181,4165,972048
15554277,7943,9757,972049
15554293,8154,14894,972050
15554309,8189,3581,972051
15554325,8107,8685,972052
15554341,8280,14413,972053
15554357,8148,3114,972054
15554373,7987,8179,972055
15554389,8153,13406,972056
15554405,8203,2613,972057
15554421,8171,7736,972058
15554437,7987,12796,972059
15554453,8145,1500,972060
15554469,8064,7174,972061
15554485,8116,12331,972062
15554501,8172,962,972063
15554517,8141,6150,972064
15554533,8249,11743,972065
15554549,8299,474,972066
15554565,8029,5622,972067
15554581,8227,10807,972068
15554597,8252,15220,972069
15554613,7993,5148,972070
15554629,8094,10333,972071
15554645,8029,15444,972072
15554661,8154,4139,972073
15554677,8098,9711,972074
15554693,8224,14911,972075
15554709,8250,3612,972076
15554725,8364,8759,972077
15554741,8229,14408,972078
15554757,8200,3027,972079
15554773,8171,8226,972080
15554789,7910,13336,972081
15554805,8241,2606,972082
15554821,8012,7678,972083
15554837,8106,12862,972084
15554853,8070,1526,972085
15554869,8002,7233,972086
15554885,8266,12361,972087
15554901,8264,970,972088
15554917,7903,6175,972089
15554933,8401,11713,972090
15554949,8275,445,972091
15554965,7958,5662,972092
15554981,8233,10755,972093
15554997,8148,15272,972094
15555013,8063,5229,972095
15555029,8343,10292,972096
15555045,7882,15433,972097
15555061,7952,4115,972098
15555077,8185,9724,972099
15555093,7909,14842,972100
15555109,8192,3522,972101
15555125,8211,8698,972102
15555141,7979,14374,972103
15555157,8222,3045,972104
15555173,8176,8269,972105
15555189,8076,13374,972106
15555205,8227,2669,972107
15555221,8018,7727,972108
15555237,8054,12880,972109
15555253,8134,1507,972110
15555269,7962,7239,972111
15555285,8165,12307,972112
15555301,8075,1015,972113
15555317,8105,6205,972114
15555333,8227,11719,972115
15555349,8127,503,972116
15555365,8131,5671,972117
15555381,8313,10804,972118
15555397,7997,15239,972119
15555413,8122,5104,972120
15555429,8261,10232,972121
15555445,8071,15449,972122
15555461,8214,4134,972123
15555477,8133,9756,972124
15555493,8050,14939,972125
15555509,8186,3561,972126
15555525,8010,8684,972127
15555541,8056,14399,972128
15555557,8109,3073,972129
15555573,8199,8224,972130
15555589,8085,13346,972131
15555605,8123,2612,972132
15555621,8144,7716,972133
15555637,8269,12888,972134
15555653,8093,1537,972135
15555669,8161,7216,972136
15555685,8081,12384,972137
15555701,8104,996,972138
15555717,8143,6149,972139
15555733,8116,11777,972140
15555749,8035,465,972141
15555765,8195,5724,972142
15555781,7992,10773,972143
15555797,8076,15198,972144
15555813,8254,5109,972145
15555829,8118,10261,972146
15555845,8211,15413,972147
15555861,8300,4118,972148
15555877,8007,9761,972149
15555893,8261,14960,972150
15555909,8157,3578,972151
15555925,7952,8697,972152
15555941,8092,14367,972153
15555957,7992,3031,972154
15555973,7970,8212,972155
15555989,8278,13409,972156
15556005,7978,2554,972157
15556021,8148,7667,972158
15556037,8286,12871,972159
15556053,7978,1504,972160
15556069,8348,7228,972161
15556085,8225,12335,972162
15556101,8036,1010,972163
15556117,8352,6153,972164
15556133,8085,11779,972165
15556149,8018,454,972166
15556165,8258,5598,972167
15556181,7839,10781,972168
15556197,8191,15216,972169
15556213,8390,5190,972170
15556229,7969,10289,972171
15556245,8250,15503,972172
15556261,8372,4146,972173
15556277,7999,9691,972174
15556293,8442,14957,972175
15556309,8092,3581,972176
15556325,8078,8704,972177
15556341,8342,14492,972178
15556357,8095,3064,972179
15556373,8030,8190,972180
15556389,8256,13370,972181
15556405,7991,2611,972182
15556421,8205,7731,972183
15556437,8080,12865,972184
15556453,7904,1506,972185
15556469,8352,7252,972186
15556485,8244,12410,972187
15556501,8150,1024,972188
15556517,8156,6172,972189
15556533,8125,11716,972190
15556549,8179,438,972191
15556565,8094,5594,972192
15556581,7901,10732,972193
15556597,8296,15264,972194
15556613,8057,5110,972195
15556629,7949,10206,972196
15556645,8156,15442,972197
15556661,8047,4131,972198
15556677,8043,9782,972199
15556693,8304,14970,972200
15556709,8116,3504,972201
15556725,8251,8777,972202
15556741,8190,14429,972203
15556757,8151,3050,972204
15556773,8205,8275,972205
15556789,8348,13359,972206
15556805,8072,2629,972207
15556821,8122,7712,972208
15556837,7934,12851,972209
15556853,8030,1527,972210
15556869,7930,7214,972211
15556885,8085,12353,972212
15556901,8150,993,972213
15556917,8071,6163,972214
15556933,8254,11735,972215
15556949,8287,502,972216
15556965,8025,5692,972217
15556981,8484,10830,972218
15556997,8213,15212,972219
15557013,7924,5105,972220
15557029,8231,10259,972221
15557045,8141,15476,972222
15557061,7871,4130,972223
15557077,8156,9792,972224
15557093,7910,14930,972225
15557109,8021,3573,972226
15557125,8330,8739,972227
15557141,7884,14385,972228
15557157,8279,3067,972229
15557173,8310,8275,972230
15557189,7963,13350,972231
15557205,8390,2664,972232
15557221,8099,7722,972233
15557237,8061,12876,972234
15557253,8214,1514,972235
15557269,7964,7243,972236
15557285,8035,12337,972237
15557301,8242,1054,972238
15557317,8062,6167,972239
15557333,8177,11694,972240
15557349,8132,466,972241
15557365,8043,5697,972242
15557381,8321,10781,972243
15557397,8110,15256,972244
15557413,8046,5092,972245
15557429,8288,10298,972246
15557445,8122,15449,972247
15557461,8017,4083,972248
15557477,8261,9784,972249
15557493,7817,14884,972250
15557509,8125,3592,972251
15557525,8209,8747,972252
15557541,8087,14426,972253
15557557,8057,3061,972254
15557573,8216,8231,972255
15557589,8046,13416,972256
15557605,8284,2620,972257
15557621,8214,7682,972258
15557637,8044,12914,972259
15557653,8116,1533,972260
15557669,8149,7148,972261
15557685,8276,12309,972262
15557701,8146,971,972263
15557717,8066,6193,972264
15557733,8138,11677,972265
15557749,7967,456,972266
15557765,8134,5629,972267
15557781,8062,10795,972268
15557797,8077,15177,972269
15557813,8093,5075,972270
15557829,8123,10293,972271
15557845,8066,15414,972272
15557861,8209,4124,972273
15557877,8132,9731,972274
15557893,8128,14848,972275
15557909,8225,3614,972276
15557925,8070,8773,972277
15557941,8131,14378,972278
15557957,8056,3073,972279
15557973,7912,8208,972280
15557989,8106,13335,972281
15558005,8015,2615,972282
15558021,8118,7653,972283
15558037,8167,12825,972284
15558053,7939,1500,972285
15558069,8311,7228,972286
15558085,8272,12336,972287
15558101,8088,1000,972288
15558117,8280,6182,972289
15558133,8080,11771,972290
15558149,8122,546,972291
15558165,8161,5622,972292
15558181,7967,10732,972293
15558197,7930,15207,972294
15558213,8299,5119,972295
15558229,8046,10310,972296
15558245,8119,15392,972297
15558261,8187,4126,972298
15558277,8064,9812,972299
15558293,8268,14964,972300
15558309,8196,3557,972301
15558325,7978,8701,972302
15558341,8244,14414,972303
15558357,8024,3001,972304
15558373,8105,8216,972305
15558389,8276,13361,972306
15558405,8183,2663,972307
15558421,8128,7741,972308
15558437,8103,12805,972309
15558453,8149,1566,972310
15558469,8186,7235,972311
15558485,8118,12314,972312
15558501,8007,972,972313
15558517,8321,6140,972314
15558533,8132,11720,972315
15558549,8017,444,972316
15558565,8127,5636,972317
15558581,8105,10818,972318
15558597,8290,15297,972319
15558613,8318,5168,972320
15558629,8071,10338,972321
15558645,8535,15475,972322
15558661,8140,4124,972323
15558677,8085,9731,972324
15558693,8172,14903,972325
15558709,8119,3622,972326
15558725,8036,8706,972327
15558741,8344,14431,972328
15558757,7892,3003,972329
15558773,8205,8236,972330
15558789,8250,13394,972331
15558805,8156,2564,972332
15558821,8030,7708,972333
15558837,8220,12876,972334
15558853,8123,1560,972335
15558869,8153,7253,972336
15558885,7982,12310,972337
15558901,8171,977,972338
15558917,8138,6090,972339
15558933,8207,11751,972340
15558949,8186,481,972341
15558965,8011,5624,972342
15558981,8265,10729,972343
15558997,8344,15268,972344
15559013,8024,5127,972345
15559029,8204,10260,972346
15559045,8234,15431,972347
15559061,7873,4149,972348
15559077,8220,9828,972349
15559093,8025,14889,972350
15559109,7961,3535,972351
15559125,8153,8752,972352
15559141,8122,14444,972353
15559157,8078,3079,972354
15559173,8252,8192,972355
15559189,8123,13377,972356
15559205,8357,2658,972357
15559221,8298,7676,972358
15559237,8055,12888,972359
15559253,8221,1563,972360
15559269,7908,7197,972361
15559285,7908,12327,972362
15559301,8242,1010,972363
15559317,7780,6134,972364
15559333,8011,11704,972365
15559349,8161,479,972366
15559365,7833,5592,972367
15559381,8193,10791,972368
15559397,8157,15187,972369
15559413,7921,5121,972370
15559429,8300,10198,972371
15559445,8126,15454,972372
15559461,7957,4137,972373
15559477,8195,9722,972374
15559493,7994,14967,972375
15559509,7971,3591,972376
15559525,8250,8725,972377
15559541,7882,14398,972378
15559557,8150,3032,972379
15559573,8198,8240,972380
15559589,8057,13346,972381
15559605,8292,2672,972382
15559621,8114,7677,972383
15559637,8066,12878,972384
15559653,8081,1468,972385
15559669,8089,7240,972386
15559685,8124,12334,972387
15559701,8186,1019,972388
15559717,7960,6117,972389
15559733,8053,11710,972390
15559749,8097,506,972391
15559765,8042,5625,972392
15559781,8219,10809,972393
15559797,8033,15205,972394
15559813,7972,5108,972395
15559829,8197,10281,972396
15559845,8157,15421,972397
15559861,8209,4142,972398
15559877,8184,9731,972399
15559893,8117,14937,972400
15559909,8338,3560,972401
15559925,7954,8684,972402
15559941,8107,14459,972403
15559957,8043,3036,972404
15559973,8114,8171,972405
15559989,7989,13348,972406
15560005,7929,2606,972407
15560021,8010,7713,972408
15560037,8048,12850,972409
15560053,8052,1538,972410
15560069,8170,7176,972411
15560085,8148,12331,972412
15560101,8173,988,972413
15560117,8385,6211,972414
15560133,8202,11750,972415
15560149,8128,463,972416
15560165,8234,5665,972417
15560181,7899,10753,972418
15560197,7947,15207,972419
15560213,8136,5129,972420
15560229,8065,10279,972421
15560245,8131,15465,972422
15560261,8221,4086,972423
15560277,8050,9757,972424
15560293,8175,14878,972425
15560309,8394,3593,972426
15560325,8024,8734,972427
15560341,8469,14417,972428
15560357,8074,3058,972429
15560373,8046,8225,972430
15560389,8208,13336,972431
15560405,7987,2587,972432
15560421,7969,7687,972433
15560437,8173,12868,972434
15560453,7989,1495,972435
15560469,8093,7237,972436
15560485,8238,12354,972437
15560501,8067,1048,972438
15560517,8297,6138,972439
15560533,8247,11673,972440
15560549,8067,473,972441
15560565,8443,5661,972442
15560581,8068,10773,972443
15560597,8120,15232,972444
15560613,8159,5159,972445
15560629,7988,10258,972446
15560645,8033,15405,972447
15560661,8144,4179,972448
15560677,7789,9774,972449
15560693,8239,14909,972450
15560709,8042,3524,972451
15560725,8031,8706,972452
15560741,8319,14424,972453
15560757,8234,3081,972454
15560773,8084,8239,972455
15560789,8318,13419,972456
15560805,7977,2618,972457
15560821,8085,7702,972458
15560837,8260,12849,972459
15560853,7926,1490,972460
15560869,8118,7242,972461
15560885,8147,12244,972462
15560901,7992,974,972463
15560917,8040,6116,972464
15560933,8111,11713,972465
15560949,8031,466,972466
15560965,8146,5594,972467
15560981,8298,10805,972468
15560997,8370,15224,972469
15561013,8101,5081,972470
15561029,8119,10237,972471
15561045,8118,15433,972472
15561061,8043,4057,972473
15561077,8064,9772,972474
15561093,7966,14942,972475
15561109,7985,3621,972476
15561125,8135,8752,972477
15561141,8040,14489,972478
15561157,8079,3105,972479
15561173,8187,8197,972480
15561189,8018,13310,972481
15561205,8224,2570,972482
15561221,8319,7707,972483
15561237,8071,12797,972484
15561253,8251,1532,972485
15561269,8160,7277,972486
15561285,8062,12361,972487
15561301,8137,965,972488
15561317,7775,6077,972489
15561333,8033,11756,972490
15561349,8142,536,972491
15561365,7823,5600,972492
15561381,8214,10754,972493
15561397,8239,15232,972494
15561413,8018,5149,972495
15561429,8360,10256,972496
15561445,8103,15449,972497
15561461,8001,4202,972498
15561477,8280,9761,972499
15561493,7978,14895,972500
15561509,7990,3636,972501
15561525,8129,8740,972502
15561541,7768,14421,972503
15561557,7923,3038,972504
15561573,8222,8219,972505
15561589,8006,13359,972506
15561605,8255,2614,972507
15561621,8252,7730,972508
15561637,8056,12912,972509
15561653,8300,1533,972510
15561669,8061,7210,972511
15561685,8008,12287,972512
15561701,8055,974,972513
15561717,7932,6243,972514
15561733,7967,11672,972515
15561749,8081,417,972516
15561765,8028,5607,972517
15561781,8047,10742,972518
15561797,8019,15238,972519
15561813,7968,5081,972520
15561829,8201,10284,972521
15561845,8194,15479,972522
15561861,8108,4138,972523
15561877,8268,9778,972524
15561893,8076,14878,972525
15561909,8141,3513,972526
15561925,8212,8745,972527
15561941,8030,14419,972528
15561957,8267,3020,972529
15561973,8170,8206,972530
15561989,8126,13409,972531
15562005,8056,2615,972532
15562021,8147,7678,972533
15562037,8016,12791,972534
15562053,8136,1516,972535
15562069,8005,7201,972536
15562085,8219,12328,972537
15562101,8123,993,972538
15562117,8105,6145,972539
15562133,8186,11751,972540
15562149,8278,501,972541
15562165,8134,5604,972542
15562181,8023,10802,972543
15562197,8038,15235,972544
15562213,8212,5113,972545
15562229,7977,10281,972546
15562245,7951,15350,972547
15562261,8170,4151,972548
15562277,8136,9790,972549
15562293,8144,14930,972550
15562309,8289,3578,972551
15562325,8096,8746,972552
15562341,8183,14384,972553
15562357,8274,3072,972554
15562373,8028,8293,972555
15562389,8240,13378,972556
15562405,7987,2568,972557
15562421,8026,7688,972558
15562437,8277,12908,972559
15562453,7978,1510,972560
15562469,8069,7243,972561
15562485,8271,12314,972562
15562501,8189,1049,972563
15562517,8218,6182,972564
15562533,8156,11733,972565
15562549,8191,483,972566
15562565,8266,5612,972567
15562581,8073,10748,972568
15562597,8003,15225,972569
15562613,8265,5148,972570
15562629,7919,10258,972571
15562645,8023,15417,972572
15562661,8180,4162,972573
15562677,8037,9779,972574
15562693,8207,14895,972575
15562709,8220,3585,972576
15562725,8098,8755,972577
15562741,8325,14458,972578
15562757,8156,3071,972579
15562773,8096,8174,972580
15562789,8350,13392,972581
15562805,8060,2593,972582
15562821,8158,7716,972583
15562837,8209,12829,972584
15562853,7864,1489,972585
15562869,8088,7245,972586
15562885,8319,12377,972587
15562901,7936,979,972588
15562917,8040,6177,972589
15562933,8028,11693,972590
15562949,8126,481,972591
15562965,8258,5708,972592
15562981,8040,10774,972593
15562997,8231,15239,972594
15563013,8094,5127,972595
15563029,8269,10311,972596
15563045,8112,15443,972597
15563061,8250,4117,972598
15563077,8115,9794,972599
15563093,8262,14929,972600
15563109,7975,3586,972601
15563125,8104,8672,972602
15563141,8110,14430,972603
15563157,8002,3107,972604
15563173,8224,8180,972605
15563189,8137,13347,972606
15563205,8183,2599,972607
15563221,8141,7661,972608
15563237,8233,12880,972609
15563253,8132,1529,972610
15563269,8190,7247,972611
15563285,8257,12383,972612
15563301,8087,954,972613
15563317,8165,6200,972614
15563333,8084,11702,972615
15563349,8068,413,972616
15563365,8029,5632,972617
15563381,8079,10795,972618
15563397,8222,15229,972619
15563413,8001,5113,972620
15563429,8222,10298,972621
15563445,8234,15434,972622
15563461,8088,4132,972623
15563477,8340,9816,972624
15563493,8126,14958,972625
15563509,8011,3563,972626
15563525,8173,8690,972627
15563541,7886,14392,972628
15563557,7830,3047,972629
15563573,8132,8195,972630
15563589,7932,13356,972631
15563605,7974,2570,972632
15563621,8230,7714,972633
15563637,7986,12932,972634
15563653,8200,1516,972635
15563669,8255,7221,972636
15563685,7952,12379,972637
15563701,8200,978,972638
15563717,8131,6152,972639
15563733,8163,11703,972640
15563749,8266,553,972641
15563765,7922,5634,972642
15563781,8026,10812,972643
15563797,8146,15227,972644
15563813,7870,5160,972645
15563829,8070,10223,972646
15563845,8078,15426,972647
15563861,8030,4171,972648
15563877,8272,9757,972649
15563893,8163,14920,972650
15563909,8039,3577,972651
15563925,8365,8732,972652
15563941,8013,14434,972653
15563957,8028,3050,972654
15563973,8103,8186,972655
15563989,8066,13358,972656
15564005,8111,2586,972657
15564021,8125,7646,972658
15564037,8089,12897,972659
15564053,8092,1491,972660
15564069,8022,7231,972661
15564085,8086,12398,972662
15564101,8215,1000,972663
15564117,8097,6217,972664
15564133,8110,11720,972665
15564149,8166,507,972666
15564165,8109,5671,972667
15564181,8136,10748,972668
15564197,7967,15205,972669
15564213,8009,5090,972670
15564229,8083,10288,972671
15564245,8035,15439,972672
15564261,8001,4130,972673
15564277,8022,9730,972674
15564293,8077,14903,972675
15564309,8092,3587,972676
15564325,8141,8748,972677
15564341,8116,14393,972678
15564357,8281,3071,972679
15564373,7976,8212,972680
15564389,8175,13416,972681
15564405,8167,2604,972682
15564421,8052,7649,972683
15564437,8063,12824,972684
15564453,8048,1494,972685
15564469,7912,7214,972686
15564485,8083,12265,972687
15564501,7950,1019,972688
15564517,7972,6128,972689
15564533,8214,11722,972690
15564549,8193,548,972691
15564565,8191,5605,972692
15564581,8091,10747,972693
15564597,8143,15196,972694
15564613,8212,5094,972695
15564629,7914,10259,972696
15564645,7975,15409,972697
15564661,8161,4164,972698
15564677,7909,9756,972699
15564693,7988,14908,972700
15564709,8198,3532,972701
15564725,7936,8700,972702
15564741,8217,14491,972703
15564757,8313,3067,972704
15564773,8131,8249,972705
15564789,8333,13426,972706
15564805,8245,2600,972707
15564821,7991,7714,972708
15564837,8185,12858,972709
15564853,7776,1454,972710
15564869,7876,7199,972711
15564885,8167,12324,972712
15564901,7996,1024,972713
15564917,8030,6171,972714
15564933,8148,11755,972715
15564949,8046,450,972716
15564965,8142,5603,972717
15564981,8060,10751,972718
15564997,8064,15237,972719
15565013,8415,5182,972720
15565029,8202,10310,972721
15565045,8075,15449,972722
15565061,8249,4156,972723
15565077,8076,9766,972724
15565093,8110,14955,972725
15565109,8077,3611,972726
15565125,7908,8728,972727
15565141,8240,14407,972728
15565157,8089,3059,972729
15565173,7935,8174,972730
15565189,8109,13333,972731
15565205,8091,2587,972732
15565221,8108,7672,972733
15565237,8222,12838,972734
15565253,8133,1572,972735
15565269,8155,7214,972736
15565285,8249,12347,972737
15565301,8200,1027,972738
15565317,8108,6153,972739
15565333,8069,11714,972740
15565349,8052,415,972741
15565365,8091,5686,972742
15565381,7813,10736,972743
15565397,8068,15202,972744
15565413,8187,5118,972745
15565429,8324,10273,972746
15565445,8223,15398,972747
15565461,8255,4153,972748
15565477,8224,9701,972749
15565493,8216,14935,972750
15565509,7988,3568,972751
15565525,8073,8681,972752
15565541,8132,14407,972753
15565557,7945,3044,972754
15565573,8062,8178,972755
15565589,7869,13344,972756
15565605,8081,2661,972757
15565621,8210,7724,972758
15565637,7903,12797,972759
15565653,8056,1510,972760
15565669,8351,7229,972761
15565685,8062,12275,972762
15565701,8261,1094,972763
15565717,8145,6120,972764
15565733,7916,11706,972765
15565749,8161,486,972766
15565765,7896,5625,972767
15565781,7990,10785,972768
15565797,8253,15160,972769
15565813,7995,5143,972770
15565829,8026,10242,972771
15565845,8276,15393,972772
15565861,7802,4179,972773
15565877,8187,9730,972774
15565893,8209,14950,972775
15565909,7968,3587,972776
15565925,8334,8728,972777
15565941,8147,14417,972778
15565957,7919,3071,972779
15565973,8240,8175,972780
15565989,7909,13347,972781
15566005,8167,2650,972782
15566021,8193,7754,972783
15566037,7938,12851,972784
15566053,8126,1501,972785
15566069,8264,7158,972786
15566085,7953,12290,972787
15566101,8392,1033,972788
15566117,8213,6215,972789
15566133,8068,11731,972790
15566149,8310,468,972791
15566165,8046,5615,972792
15566181,8207,10807,972793
15566197,8310,15282,972794
15566213,8016,5094,972795
15566229,8226,10279,972796
15566245,8147,15393,972797
15566261,8016,4075,972798
15566277,8210,9725,972799
15566293,7998,14969,972800
15566309,8149,3581,972801
15566325,8261,8743,972802
15566341,8117,14397,972803
15566357,8195,3063,972804
15566373,8140,8247,972805
15566389,8223,13356,972806
15566405,8259,2608,972807
15566421,8100,7681,972808
15566437,8033,12884,972809
15566453,8065,1491,972810
15566469,8093,7213,972811
15566485,8172,12314,972812
15566501,8122,1015,972813
15566517,7989,6119,972814
15566533,8055,11671,972815
15566549,8118,447,972816
15566565,8051,5592,972817
15566581,8186,10801,972818
15566597,8101,15272,972819
15566613,8299,5152,972820
15566629,8084,10221,972821
15566645,8104,15454,972822
15566661,8198,4174,972823
15566677,8037,9758,972824
15566693,8076,14960,972825
15566709,8272,3612,972826
15566725,7925,8753,972827
15566741,8157,14440,972828
15566757,8299,3100,972829
15566773,7962,8177,972830
15566789,8375,13391,972831
15566805,8121,2554,972832
15566821,8050,7664,972833
15566837,8165,12805,972834
15566853,8006,1504,972835
15566869,7950,7271,972836
15566885,8343,12333,972837
15566901,8058,991,972838
15566917,7955,6169,972839
15566933,8175,11669,972840
15566949,8061,442,972841
15566965,8146,5663,972842
15566981,8284,10804,972843
15566997,8116,15262,972844
15567013,8291,5143,972845
15567029,8189,10240,972846
15567045,8164,15432,972847
15567061,8264,4167,972848
15567077,7925,9691,972849
15567093,7999,14954,972850
15567109,8174,3624,972851
15567125,7983,8683,972852
15567141,8069,14329,972853
15567157,8135,3055,972854
15567173,7945,8236,972855
15567189,8280,13362,972856
15567205,8130,2674,972857
15567221,8053,7632,972858
15567237,8424,12874,972859
15567253,8088,1527,972860
15567269,8164,7206,972861
15567285,8396,12351,972862
15567301,8099,1055,972863
15567317,8045,6125,972864
15567333,8238,11738,972865
15567349,7970,448,972866
15567365,8114,5609,972867
15567381,8030,10748,972868
15567397,7990,15245,972869
15567413,8162,5165,972870
15567429,8081,10239,972871
15567445,8140,15383,972872
15567461,8208,4150,972873
15567477,8200,9732,972874
15567493,8123,14880,972875
15567509,8073,3545,972876
15567525,8134,8731,972877
15567541,8137,14406,972878
15567557,8075,3022,972879
15567573,8141,8187,972880
15567589,7990,13345,972881
15567605,7995,2618,972882
15567621,8173,7767,972883
15567637,8086,12789,972884
15567653,7984,1481,972885
15567669,8357,7226,972886
15567685,8133,12314,972887
15567701,8269,1054,972888
15567717,8343,6176,972889
15567733,8133,11763,972890
15567749,8154,452,972891
15567765,8143,5619,972892
15567781,8077,10797,972893
15567797,8114,15211,972894
15567813,8080,5157,972895
15567829,8065,10323,972896
15567845,8180,15447,972897
15567861,8134,4101,972898
15567877,8136,9719,972899
15567893,8215,14900,972900
15567909,8029,3633,972901
15567925,8196,8750,972902
15567941,8243,14433,972903
15567957,8148,3073,972904
15567973,8311,8243,972905
15567989,7890,13372,972906
15568005,7931,2615,972907
15568021,8345,7758,972908
15568037,7774,12831,972909
15568053,7947,1475,972910
15568069,8224,7191,972911
15568085,8114,12356,972912
15568101,8178,990,972913
15568117,8322,6209,972914
15568133,7978,11645,972915
15568149,8322,476,972916
15568165,8140,5633,972917
15568181,8075,10833,972918
15568197,8203,15267,972919
15568213,8035,5074,972920
15568229,7949,10260,972921
15568245,8175,15409,972922
15568261,8040,4129,972923
15568277,8216,9701,972924
15568293,8068,14918,972925
15568309,8068,3589,972926
15568325,8223,8705,972927
15568341,8094,14370,972928
15568357,8083,3063,972929
15568373,8350,8257,972930
15568389,8019,13333,972931
15568405,8120,2593,972932
15568421,8215,7664,972933
15568437,7905,12819,972934
15568453,8019,1516,972935
15568469,8124,7188,972936
15568485,8071,12378,972937
15568501,8164,986,972938
15568517,8043,6173,972939
15568533,8024,11721,972940
15568549,8234,510,972941
15568565,8152,5677,972942
15568581,8070,10776,972943
15568597,8277,15251,972944
15568613,8114,5083,972945
15568629,8195,10295,972946
15568645,8124,15352,972947
15568661,8086,4129,972948
15568677,8149,9792,972949
15568693,8068,14984,972950
15568709,8082,3616,972951
15568725,8026,8741,972952
15568741,8039,14427,972953
15568757,8082,3028,972954
15568773,8013,8165,972955
15568789,8270,13375,972956
15568805,8378,2691,972957
15568821,8036,7677,972958
15568837,8247,12797,972959
15568853,8158,1520,972960
15568869,8105,7289,972961
15568885,8310,12373,972962
15568901,8027,991,972963
15568917,7872,6137,972964
15568933,8168,11760,972965
15568949,8212,454,972966
15568965,7997,5626,972967
15568981,8113,10729,972968
15568997,8042,15197,972969
15569013,8253,5077,972970
15569029,8220,10277,972971
15569045,8197,15467,972972
15569061,8374,4151,972973
15569077,8117,9751,972974
15569093,8197,14972,972975
15569109,8288,3614,972976
15569125,7971,8762,972977
15569141,8029,14428,972978
15569157,8026,3052,972979
15569173,7773,8227,972980
15569189,8095,13295,972981
15569205,8177,2618,972982
15569221,8063,7747,972983
15569237,8434,12868,972984
15569253,8245,1581,972985
15569269,8092,7170,972986
15569285,8331,12288,972987
15569301,8064,1024,972988
15569317,8079,6139,972989
15569333,8246,11722,972990
15569349,7991,449,972991
15569365,8012,5677,972992
15569381,8177,10794,972993
15569397,7982,15219,972994
15569413,8224,5161,972995
15569429,8117,10238,972996
15569445,8086,15486,972997
15569461,8150,4135,972998
15569477,8187,9777,972999
15569493,8159,14844,973000
15569509,8170,3568,973001
15569525,8116,8779,973002
15569541,8120,14368,973003
15569557,8079,3020,973004
15569573,7969,8241,973005
15569589,8092,13303,973006
15569605,8121,2586,973007
15569621,8207,7753,973008
15569637,8050,12822,973009
15569653,7989,1480,973010
15569669,8183,7216,973011
15569685,8162,12361,973012
15569701,8166,1024,973013
15569717,8300,6151,973014
15569733,8224,11734,973015
15569749,8110,459,973016
15569765,8216,5611,973017
15569781,8166,10802,973018
15569797,8215,15197,973019
15569813,8113,5156,973020
15569829,8111,10282,973021
15569845,7952,15396,973022
15569861,8036,4123,973023
15569877,8203,9713,973024
15569893,8103,14876,973025
15569909,8021,3577,973026
15569925,8397,8778,973027
15569941,8233,14396,973028
15569957,8068,3063,973029
15569973,8231,8187,973030
15569989,8128,13400,973031
15570005,8142,2620,973032
15570021,8299,7681,973033
15570037,7950,12855,973034
15570053,7884,1531,973035
15570069,8080,7209,973036
15570085,7825,12336,973037
15570101,8295,1044,973038
15570117,8137,6118,973039
15570133,8018,11710,973040
15570149,8418,507,973041
15570165,8199,5662,973042
15570181,8093,10832,973043
15570197,8248,15235,973044
15570213,8074,5154,973045
15570229,8030,10268,973046
15570245,8247,15393,973047
15570261,7967,4185,973048
15570277,8124,9772,973049
15570293,8292,14905,973050
15570309,8052,3573,973051
15570325,8190,8683,973052
15570341,8322,14409,973053
15570357,7957,3043,973054
15570373,8364,8189,973055
15570389,8167,13404,973056
15570405,8092,2588,973057
15570421,8334,7763,973058
15570437,8005,12966,973059
15570453,8073,1562,973060
15570469,8043,7162,973061
15570485,8067,12280,973062
15570501,8216,1003,973063
15570517,8045,6165,973064
15570533,7894,11691,973065
15570549,8303,472,973066
15570565,8007,5605,973067
15570581,8029,10785,973068
15570597,8220,15233,973069
15570613,8131,5145,973070
15570629,8162,10327,973071
15570645,8150,15335,973072
15570661,8208,4163,973073
15570677,8054,9761,973074
15570693,8075,14954,973075
15570709,8119,3590,973076
15570725,8103,8695,973077
15570741,8016,14398,973078
15570757,8006,3032,973079
15570773,8035,8169,973080
15570789,7986,13379,973081
15570805,8233,2618,973082
15570821,8058,7746,973083
15570837,8137,12871,973084
15570853,8230,1527,973085
15570869,8071,7217,973086
15570885,8183,12366,973087
15570901,8142,1002,973088
15570917,8041,6118,973089
15570933,8185,11761,973090
15570949,8151,519,973091
15570965,7929,5620,973092
15570981,8060,10804,973093
15570997,7984,15203,973094
15571013,8076,5077,973095
15571029,8154,10298,973096
15571045,8183,15419,973097
15571061,8254,4156,973098
15571077,8257,9775,973099
15571093,7879,14874,973100
15571109,8340,3627,973101
15571125,8040,8748,973102
15571141,8090,14419,973103
15571157,8165,3029,973104
15571173,7910,8158,973105
15571189,7993,13363,973106
15571205,8086,2632,973107
15571221,8008,7685,973108
15571237,8368,12895,973109
15571253,8167,1466,973110
15571269,8192,7219,973111
15571285,8461,12310,973112
15571301,8134,1031,973113
15571317,8067,6153,973114
15571333,8224,11688,973115
15571349,7953,508,973116
15571365,8159,5691,973117
15571381,8099,10750,973118
15571397,8056,15230,973119
15571413,8041,5164,973120
15571429,8098,10216,973121
15571445,8041,15396,973122
15571461,8270,4174,973123
15571477,8150,9834,973124
15571493,8032,14893,973125
15571509,8270,3631,973126
15571525,8315,8783,973127
15571541,8148,14383,973128
15571557,8067,3026,973129
15571573,8051,8247,973130
15571589,8130,13381,973131
15571605,8112,2643,973132
15571621,7942,7677,973133
15571637,8260,12824,973134
15571653,8062,1500,973135
15571669,8100,7244,973136
15571685,8183,12316,973137
15571701,8141,1064,973138
15571717,8096,6176,973139
15571733,8272,11782,973140
15571749,8102,471,973141
15571765,8175,5629,973142
15571781,8281,10847,973143
15571797,8020,15220,973144
15571813,8031,5095,973145
15571829,8190,10268,973146
15571845,8019,15431,973147
15571861,8149,4167,973148
15571877,8145,9772,973149
15571893,8114,14887,973150
15571909,8178,3610,973151
15571925,8183,8762,973152
15571941,8175,14452,973153
15571957,8117,3053,973154
15571973,8206,8212,973155
15571989,8173,13358,973156
15572005,8100,2565,973157
15572021,8215,7730,973158
15572037,8098,12880,973159
15572053,8004,1517,973160
15572069,8187,7216,973161
15572085,7900,12297,973162
15572101,8061,1002,973163
15572117,8215,6102,973164
15572133,7978,11710,973165
15572149,8254,466,973166
15572165,8225,5677,973167
15572181,8089,10824,973168
15572197,8365,15187,973169
15572213,8236,5147,973170
15572229,8076,10276,973171
15572245,8220,15410,973172
15572261,7989,4124,973173
15572277,7988,9757,973174
15572293,8163,14896,973175
15572309,7941,3575,973176
15572325,8097,8686,973177
15572341,8165,14402,973178
15572357,7920,3063,973179
15572373,8366,8242,973180
15572389,8099,13345,973181
15572405,8275,2616,973182
15572421,8232,7679,973183
15572437,7956,12838,973184
15572453,8081,1560,973185
15572469,8289,7212,973186
15572485,7932,12369,973187
15572501,7965,944,973188
15572517,8212,6173,973189
15572533,7920,11685,973190
15572549,8304,503,973191
15572565,8009,5609,973192
15572581,7989,10650,973193
15572597,8366,15247,973194
15572613,8076,5091,973195
15572629,8028,10315,973196
15572645,8184,15450,973197
15572661,8013,4132,973198
15572677,8199,9782,973199
15572693,8069,14906,973200
15572709,7929,3573,973201
15572725,8188,8710,973202
15572741,8108,14386,973203
15572757,7971,3048,973204
15572773,8251,8236,973205
15572789,8093,13389,973206
15572805,8008,2615,973207
15572821,8121,7735,973208
15572837,8099,12854,973209
15572853,8273,1526,973210
15572869,8212,7260,973211
15572885,8173,12332,973212
15572901,8190,1014,973213
15572917,8154,6176,973214
15572933,8015,11693,973215
15572949,7985,437,973216
15572965,8057,5656,973217
15572981,8112,10820,973218
15572997,8052,15231,973219
15573013,7966,5099,973220
15573029,8047,10291,973221
15573045,8026,15418,973222
15573061,8242,4143,973223
