Tiempo_us,ADC_IN_A2,ADC_OUT_A3,Muestra
166318,64875,34617,7151
166338,64921,34774,7152
166358,64879,34597,7153
166378,64933,34793,7154
166398,64811,34693,7155
166418,64872,34747,7156
166438,64870,34782,7157
166458,64874,34717,7158
166478,64856,34715,7159
166498,64867,34676,7160
166518,64510,34727,7161
166538,64511,34618,7162
166558,64511,34707,7163
166578,64453,34610,7164
166598,64455,34762,7165
166618,64415,34853,7166
166638,64441,34713,7167
166658,64457,34619,7168
166678,64529,34633,7169
166698,64494,34714,7170
166718,64452,34765,7171
166738,64456,34611,7172
166758,64455,34601,7173
166778,64452,34639,7174
166798,64483,34826,7175
166818,64463,34696,7176
166838,64474,34704,7177
166858,64459,34721,7178
166878,64517,34828,7179
166898,64491,34800,7180
166918,64458,34853,7181
166938,64449,34784,7182
166958,64508,34749,7183
166978,64441,34852,7184
166998,64517,34775,7185
167018,64269,34842,7186
167038,64273,34649,7187
167058,64213,34713,7188
167078,64197,34894,7189
167098,64191,34952,7190
167118,64308,34862,7191
167138,64243,34879,7192
167158,64198,34869,7193
167178,64211,34758,7194
167198,64255,34765,7195
167218,64227,34696,7196
167238,64283,34806,7197
167258,64220,34850,7198
167278,64196,34673,7199
167298,64206,34695,7200
167318,64212,34528,7201
167338,64274,34790,7202
167358,64209,34853,7203
167378,64176,34938,7204
167398,64207,34913,7205
167418,64243,34940,7206
167438,64259,34773,7207
167458,64238,34939,7208
167478,64189,35034,7209
167498,64170,35062,7210
167518,64070,34904,7211
167538,63945,34738,7212
167558,63960,34659,7213
167578,63952,34627,7214
167598,63945,34609,7215
167618,63958,34663,7216
167638,64027,34727,7217
167658,63945,35042,7218
167678,63985,35083,7219
167698,63918,35076,7220
167718,63984,35143,7221
167738,63923,35140,7222
167758,63969,35090,7223
167778,63988,35038,7224
167798,64013,35149,7225
167818,63971,34997,7226
167838,64014,35168,7227
167858,63977,35095,7228
167878,63928,34995,7229
167898,63961,34976,7230
167918,64020,35028,7231
167938,63952,35007,7232
167958,63969,35071,7233
167978,63941,34885,7234
167998,64005,34803,7235
168018,63918,34945,7236
168038,63685,35140,7237
168058,63633,35179,7238
168078,63685,34929,7239
168098,63737,35062,7240
168118,63791,35133,7241
168138,63743,35149,7242
168158,63720,35196,7243
168178,63695,35111,7244
168198,63726,35151,7245
168218,63703,35173,7246
168238,63688,35212,7247
168258,63686,35219,7248
168278,63695,35125,7249
168298,63697,35035,7250
168318,63740,34999,7251
168338,63758,35159,7252
168358,63797,35181,7253
168378,63696,35256,7254
168398,63766,35243,7255
168418,63740,35275,7256
168438,63686,35349,7257
168458,63699,35287,7258
168478,63640,35327,7259
168498,63682,35301,7260
168518,63201,35312,7261
168538,63047,35329,7262
168558,63063,35381,7263
168578,63037,35319,7264
168598,63149,35263,7265
168618,63068,35350,7266
168638,63037,35293,7267
168658,63093,35248,7268
168678,63035,35287,7269
168698,63026,35273,7270
168718,63056,35293,7271
168738,63101,35201,7272
168758,63009,35212,7273
168778,63113,35178,7274
168798,63081,35287,7275
168818,63100,35363,7276
168838,63048,35333,7277
168858,63048,35280,7278
168878,63053,35293,7279
168898,63073,35295,7280
168918,63043,35368,7281
168938,63087,35281,7282
168958,63071,35301,7283
168978,63084,35272,7284
168998,63061,35310,7285
169018,62812,35419,7286
169038,62722,35284,7287
169058,62731,35410,7288
169078,62722,35418,7289
169098,62745,35215,7290
169118,62712,35356,7291
169138,62756,35386,7292
169158,62723,35377,7293
169178,62693,35431,7294
169198,62729,35446,7295
169218,62747,35372,7296
169238,62765,35334,7297
169258,62770,35341,7298
169278,62714,35263,7299
169298,62714,35309,7300
169318,62727,35338,7301
169338,62722,35328,7302
169358,62751,35380,7303
169378,62785,35260,7304
169398,62731,35262,7305
169418,62740,35383,7306
169438,62711,35349,7307
169458,62715,35301,7308
169478,62720,35441,7309
169498,62710,35447,7310
169518,62458,35433,7311
169538,62409,35565,7312
169558,62399,35602,7313
169578,62373,35547,7314
169598,62382,35409,7315
169618,62374,35294,7316
169638,62396,35330,7317
169658,62385,35344,7318
169678,62366,35414,7319
169698,62377,35540,7320
169718,62392,35507,7321
169738,62384,35611,7322
169758,62386,35543,7323
169778,62373,35629,7324
169798,62413,35604,7325
169818,62410,35725,7326
169838,62403,35672,7327
169858,62413,35695,7328
169878,62415,35728,7329
169898,62411,35757,7330
169918,62359,35629,7331
169938,62379,35641,7332
169958,62392,35496,7333
169978,62377,35599,7334
169998,62395,35524,7335
170018,62135,35445,7336
170038,61988,35402,7337
170058,62036,35525,7338
170078,62033,35620,7339
170098,62034,35667,7340
170118,61979,35637,7341
170138,62026,35716,7342
170158,62060,35700,7343
170178,62067,35758,7344
170198,62062,35731,7345
170218,62006,35683,7346
170238,62015,35704,7347
170258,62044,35708,7348
170278,62016,35742,7349
170298,62015,35684,7350
170318,62001,35709,7351
170338,62010,35738,7352
170358,62015,35729,7353
170378,62029,35773,7354
170398,62045,35677,7355
170418,62008,35673,7356
170438,62023,35827,7357
170458,62024,35697,7358
170478,62062,35812,7359
170498,62029,35827,7360
170518,61476,35942,7361
170538,61187,35824,7362
170558,61203,35892,7363
170578,61164,35800,7364
170598,61192,35900,7365
170618,61176,35856,7366
170638,61204,35811,7367
170658,61240,35791,7368
170678,61228,35856,7369
170698,61256,35796,7370
170718,61228,35824,7371
170738,61198,35766,7372
170758,61247,35880,7373
170778,61225,35854,7374
170798,61235,35837,7375
170818,61198,35789,7376
170838,61201,35828,7377
170858,61190,35873,7378
170878,61258,35816,7379
170898,61191,35759,7380
170918,61211,35859,7381
170938,61234,35836,7382
170958,61232,35855,7383
170978,61229,35930,7384
170998,61223,35876,7385
171018,60997,35874,7386
171038,60791,35826,7387
171058,60798,35783,7388
171078,60783,35828,7389
171098,60759,35941,7390
171118,60767,36016,7391
171138,60793,35828,7392
171158,60766,35867,7393
171178,60760,35792,7394
171198,60772,35915,7395
171218,60729,35967,7396
171238,60776,35850,7397
171258,60802,35882,7398
171278,60785,35787,7399
171298,60795,35826,7400
171318,60764,35863,7401
171338,60769,35997,7402
171358,60790,35992,7403
171378,60770,35882,7404
171398,60773,35935,7405
171418,60756,35933,7406
171438,60757,35823,7407
171458,60795,35835,7408
171478,60794,35802,7409
171498,60781,35848,7410
171518,60688,35937,7411
171538,60353,35788,7412
171558,60346,35609,7413
171578,60321,35750,7414
171598,60341,35917,7415
171618,60361,35988,7416
171638,60362,36026,7417
171658,60346,36048,7418
171678,60382,35986,7419
171698,60373,35874,7420
171718,60339,35893,7421
171738,60357,35918,7422
171758,60358,35859,7423
171778,60352,36013,7424
171798,60359,36138,7425
171818,60355,36111,7426
171838,60334,36114,7427
171858,60365,36166,7428
171878,60378,36149,7429
171898,60365,36145,7430
171918,60369,36093,7431
171938,60379,36178,7432
171958,60369,36123,7433
171978,60399,36212,7434
171998,60347,36248,7435
172018,59856,36172,7436
172038,59389,36103,7437
172058,59408,36012,7438
172078,59441,35962,7439
172098,59434,36038,7440
172118,59379,35974,7441
172138,59445,35991,7442
172158,59409,36022,7443
172178,59434,36085,7444
172198,59396,36145,7445
172218,59414,36172,7446
172238,59413,36195,7447
172258,59381,36273,7448
172278,59460,36274,7449
172298,59437,36195,7450
172318,59463,36166,7451
172338,59411,36267,7452
172358,59414,36198,7453
172378,59395,36227,7454
172398,59399,36157,7455
172418,59433,36143,7456
172438,59426,36186,7457
172458,59413,36270,7458
172478,59393,36260,7459
172498,59419,36183,7460
172518,59185,36199,7461
172538,58915,36219,7462
172558,58919,36198,7463
172578,58900,36261,7464
172598,58961,36199,7465
172618,58893,36262,7466
172638,58923,36293,7467
172658,58893,36352,7468
172678,58903,36345,7469
172698,58903,36384,7470
172718,58905,36385,7471
172738,58980,36298,7472
172758,58891,36272,7473
172778,58973,36260,7474
172798,58888,36229,7475
172818,58915,36286,7476
172838,58928,36338,7477
172858,58920,36404,7478
172878,58867,36273,7479
172898,58968,36309,7480
172918,58951,36290,7481
172938,58924,36307,7482
172958,58934,36294,7483
172978,58942,36185,7484
172998,58872,36250,7485
173018,58667,36251,7486
173038,58421,36250,7487
173058,58442,36356,7488
173078,58428,36248,7489
173098,58403,36427,7490
173118,58385,36312,7491
173138,58380,36269,7492
173158,58371,36315,7493
173178,58444,36343,7494
173198,58407,36338,7495
173218,58388,36466,7496
173238,58434,36331,7497
173258,58409,36194,7498
173278,58399,36246,7499
173298,58394,36411,7500
173318,58406,36371,7501
173338,58485,36427,7502
173358,58423,36417,7503
173378,58458,36419,7504
173398,58394,36378,7505
173418,58383,36378,7506
173438,58414,36397,7507
173458,58374,36369,7508
173478,58392,36320,7509
173498,58421,36351,7510
173518,58449,36320,7511
173538,57932,36254,7512
173558,57892,36187,7513
173578,57888,36310,7514
173598,57951,36344,7515
173618,57904,36259,7516
173638,57888,36427,7517
173658,57872,36292,7518
173678,57914,36383,7519
173698,57960,36606,7520
173718,57871,36534,7521
173738,57958,36463,7522
173758,57901,36457,7523
173778,57893,36302,7524
173798,57911,36365,7525
173818,57889,36365,7526
173838,57916,36441,7527
173858,57909,36449,7528
173878,57890,36511,7529
173898,57912,36615,7530
173918,57963,36564,7531
173938,57947,36552,7532
173958,57899,36535,7533
173978,57890,36531,7534
173998,57873,36478,7535
174018,57421,36595,7536
174038,56806,36554,7537
174058,56796,36635,7538
174078,56802,36711,7539
174098,56808,36602,7540
174118,56830,36553,7541
174138,56833,36472,7542
174158,56817,36372,7543
174178,56810,36501,7544
174198,56879,36422,7545
174218,56717,36227,7546
174238,56784,36288,7547
174258,56808,36597,7548
174278,56784,36597,7549
174298,56807,36526,7550
174318,56853,36525,7551
174338,56893,36516,7552
174358,56794,36613,7553
174378,56779,36723,7554
174398,56726,36624,7555
174418,56762,36704,7556
174438,56784,36685,7557
174458,56831,36714,7558
174478,56806,36652,7559
174498,56821,36598,7560
174518,56643,36544,7561
174538,56322,36544,7562
174558,56265,36644,7563
174578,56245,36613,7564
174598,56288,36574,7565
174618,56241,36608,7566
174638,56259,36706,7567
174658,56292,36631,7568
174678,56261,36787,7569
174698,56195,36612,7570
174718,56242,36771,7571
174738,56222,36673,7572
174758,56217,36738,7573
174778,56244,36693,7574
174798,56280,36779,7575
174818,56223,36738,7576
174838,56243,36740,7577
174858,56314,36790,7578
174878,56286,36613,7579
174898,56216,36702,7580
174918,56137,36665,7581
174938,56229,36680,7582
174958,56196,36786,7583
174978,56236,36727,7584
174998,56256,36733,7585
175018,56055,36698,7586
175038,55738,36684,7587
175058,55661,36809,7588
175078,55669,36609,7589
175098,55591,36615,7590
175118,55691,36722,7591
175138,55684,36730,7592
175158,55714,36687,7593
175178,55674,36666,7594
175198,55663,36731,7595
175218,55671,36728,7596
175238,55687,36665,7597
175258,55715,36683,7598
175278,55681,36738,7599
175298,55689,36848,7600
175318,55649,36819,7601
175338,55692,36756,7602
175358,55664,36750,7603
175378,55611,36636,7604
175398,55646,36747,7605
175418,55624,36745,7606
175438,55714,36879,7607
175458,55662,36758,7608
175478,55697,36779,7609
175498,55617,36642,7610
175518,55354,36810,7611
175538,54503,36538,7612
175558,54454,36502,7613
175578,54454,36617,7614
175598,54423,36650,7615
175618,54463,36715,7616
175638,54405,36685,7617
175658,54452,36649,7618
175678,54508,36624,7619
175698,54458,36651,7620
175718,54455,36627,7621
175738,54399,36680,7622
175758,54387,36704,7623
175778,54461,36747,7624
175798,54454,36938,7625
175818,54419,36821,7626
175838,54506,36743,7627
175858,54432,36911,7628
175878,54429,36923,7629
175898,54469,36912,7630
175918,54436,36701,7631
175938,54437,36592,7632
175958,54461,36558,7633
175978,54407,36719,7634
175998,54470,36898,7635
176018,54312,36948,7636
176038,53808,36933,7637
176058,53833,36813,7638
176078,53870,36957,7639
176098,53812,36924,7640
176118,53859,36867,7641
176138,53864,36914,7642
176158,53811,37079,7643
176178,53849,37015,7644
176198,53843,36867,7645
176218,53853,36785,7646
176238,53840,36863,7647
176258,53832,36836,7648
176278,53830,36830,7649
176298,53844,36852,7650
176318,53870,36894,7651
176338,53825,36890,7652
176358,53785,36902,7653
176378,53878,36905,7654
176398,53823,36962,7655
176418,53798,36907,7656
176438,53833,36997,7657
176458,53844,37007,7658
176478,53848,36997,7659
176498,53837,36988,7660
176518,53720,36878,7661
176538,53137,36877,7662
176558,53194,36974,7663
176578,53170,36920,7664
176598,53190,36843,7665
176618,53116,36842,7666
176638,53156,36905,7667
176658,53137,37079,7668
176678,53195,36989,7669
176698,53143,37001,7670
176718,53184,36948,7671
176738,53218,36921,7672
176758,53215,37005,7673
176778,53214,36995,7674
176798,53171,36973,7675
176818,53137,37095,7676
176838,53208,37090,7677
176858,53180,37126,7678
176878,53181,37006,7679
176898,53198,37097,7680
176918,53147,37026,7681
176938,53181,37126,7682
176958,53179,37117,7683
176978,53192,37008,7684
176998,53208,36985,7685
177018,53093,36981,7686
177038,52558,37014,7687
177058,52556,37140,7688
177078,52520,37036,7689
177098,52583,36988,7690
177118,52589,36983,7691
177138,52501,37011,7692
177158,52550,37106,7693
177178,52510,37072,7694
177198,52495,37022,7695
177218,52507,36988,7696
177238,52515,37056,7697
177258,52548,36972,7698
177278,52515,37076,7699
177298,52571,37050,7700
177318,52537,37196,7701
177338,52566,37201,7702
177358,52574,37221,7703
177378,52556,37118,7704
177398,52589,37120,7705
177418,52554,37114,7706
177438,52546,37083,7707
177458,52510,36966,7708
177478,52519,37061,7709
177498,52503,37079,7710
177518,52313,37096,7711
177538,51202,37099,7712
177558,51212,37005,7713
177578,51219,36986,7714
177598,51223,37104,7715
177618,51251,37134,7716
177638,51233,37215,7717
177658,51197,37160,7718
177678,51218,37267,7719
177698,51212,37226,7720
177718,51214,37252,7721
177738,51140,37258,7722
177758,51241,37176,7723
177778,51201,37202,7724
177798,51213,37221,7725
177818,51228,37260,7726
177838,51176,37130,7727
177858,51183,37231,7728
177878,51196,37198,7729
177898,51188,37232,7730
177918,51210,37238,7731
177938,51192,37235,7732
177958,51239,37245,7733
177978,51215,37264,7734
177998,51199,37241,7735
178018,51204,37267,7736
178038,50511,37216,7737
178058,50526,37200,7738
178078,50562,37252,7739
178098,50483,37206,7740
178118,50562,37177,7741
178138,50537,37202,7742
178158,50556,37169,7743
178178,50519,37209,7744
178198,50535,37201,7745
178218,50531,37277,7746
178238,50514,37232,7747
178258,50511,37223,7748
178278,50519,37182,7749
178298,50496,37163,7750
178318,50490,37322,7751
178338,50553,37188,7752
178358,50570,37243,7753
178378,50529,37285,7754
178398,50540,37235,7755
178418,50542,37310,7756
178438,50533,37234,7757
178458,50526,37264,7758
178478,50501,37255,7759
178498,50530,37314,7760
178518,50481,37200,7761
178538,49852,37179,7762
178558,49837,37191,7763
178578,49870,37089,7764
178598,49870,37132,7765
178618,49843,36947,7766
178638,49841,37080,7767
178658,49836,37201,7768
178678,49830,37176,7769
178698,49870,37276,7770
178718,49842,37281,7771
178738,49831,37237,7772
178758,49839,37331,7773
178778,49864,37273,7774
178798,49849,37242,7775
178818,49851,37277,7776
178838,49865,37196,7777
178858,49853,37328,7778
178878,49847,37332,7779
178898,49854,37366,7780
178918,49898,37397,7781
178938,49864,37406,7782
178958,49846,37399,7783
178978,49841,37349,7784
178998,49868,37423,7785
179018,49843,37276,7786
179038,48437,37334,7787
179058,48420,37380,7788
179078,48402,37341,7789
179098,48433,37368,7790
179118,48468,37404,7791
179138,48399,37352,7792
179158,48408,37387,7793
179178,48423,37382,7794
179198,48471,37373,7795
179218,48438,37340,7796
179238,48466,37399,7797
179258,48470,37369,7798
179278,48444,37403,7799
179298,48440,37330,7800
179318,48434,37417,7801
179338,48438,37412,7802
179358,48451,37385,7803
179378,48440,37405,7804
179398,48444,37399,7805
179418,48454,37463,7806
179438,48402,37456,7807
179458,48437,37426,7808
179478,48405,37405,7809
179498,48411,37371,7810
179518,48435,37354,7811
179538,47703,37234,7812
179558,47743,37168,7813
179578,47725,37173,7814
179598,47735,37167,7815
179618,47726,37234,7816
179638,47722,37255,7817
179658,47735,37195,7818
179678,47730,37289,7819
179698,47719,37289,7820
179718,47707,37371,7821
179738,47712,37359,7822
179758,47716,37339,7823
179778,47719,37388,7824
179798,47712,37352,7825
179818,47722,37450,7826
179838,47715,37485,7827
179858,47739,37428,7828
179878,47754,37502,7829
179898,47718,37435,7830
179918,47787,37435,7831
179938,47698,37467,7832
179958,47757,37384,7833
179978,47727,37333,7834
179998,47713,37361,7835
180018,47706,37446,7836
180038,46948,37237,7837
180058,46970,37305,7838
180078,46982,37290,7839
180098,46960,37338,7840
180118,46966,37397,7841
180138,46965,37421,7842
180158,46989,37388,7843
180178,47004,37374,7844
180198,46995,37442,7845
180218,46979,37495,7846
180238,46926,37457,7847
180258,46955,37435,7848
180278,47009,37445,7849
180298,46954,37444,7850
180318,46970,37438,7851
180338,46960,37456,7852
180358,47006,37438,7853
180378,47007,37340,7854
180398,46941,37344,7855
180418,46989,37262,7856
180438,46938,37252,7857
180458,46991,37263,7858
180478,46940,37197,7859
180498,46939,37190,7860
180518,46971,37157,7861
180538,46247,37119,7862
180558,46287,37376,7863
180578,46244,37280,7864
180598,46196,37276,7865
180618,46247,37435,7866
180638,46251,37401,7867
180658,46255,37423,7868
180678,46220,37380,7869
180698,46243,37468,7870
180718,46232,37410,7871
180738,46226,37514,7872
180758,46240,37543,7873
180778,46206,37522,7874
180798,46226,37540,7875
180818,46254,37508,7876
180838,46251,37502,7877
180858,46256,37388,7878
180878,46236,37378,7879
180898,46252,37527,7880
180918,46217,37517,7881
180938,46259,37545,7882
180958,46222,37528,7883
180978,46242,37493,7884
180998,46223,37547,7885
181018,46249,37526,7886
181038,44720,37529,7887
181058,44710,37589,7888
181078,44710,37448,7889
181098,44738,37558,7890
181118,44732,37499,7891
181138,44724,37513,7892
181158,44740,37518,7893
181178,44729,37529,7894
181198,44756,37501,7895
181218,44734,37424,7896
181238,44771,37471,7897
181258,44717,37487,7898
181278,44699,37455,7899
181298,44753,37439,7900
181318,44733,37333,7901
181338,44718,37352,7902
181358,44745,37431,7903
181378,44711,37435,7904
181398,44713,37379,7905
181418,44722,37460,7906
181438,44752,37491,7907
181458,44722,37404,7908
181478,44726,37502,7909
181498,44756,37425,7910
181518,44697,37497,7911
181538,43972,37532,7912
181558,44012,37579,7913
181578,43974,37548,7914
181598,43978,37539,7915
181618,43977,37518,7916
181638,43999,37508,7917
181658,44026,37617,7918
181678,43998,37540,7919
181698,43988,37438,7920
181718,44003,37549,7921
181738,43980,37570,7922
181758,43982,37612,7923
181778,43994,37381,7924
181798,43975,37479,7925
181818,43986,37505,7926
181838,43970,37487,7927
181858,43977,37556,7928
181878,44003,37483,7929
181898,43984,37509,7930
181918,43966,37568,7931
181938,43987,37520,7932
181958,44005,37509,7933
181978,43973,37512,7934
181998,43999,37415,7935
182018,43991,37540,7936
182038,43231,37545,7937
182058,43250,37543,7938
182078,43231,37503,7939
182098,43265,37528,7940
182118,43235,37531,7941
182138,43190,37437,7942
182158,43243,37501,7943
182178,43267,37434,7944
182198,43241,37474,7945
182218,43263,37474,7946
182238,43257,37460,7947
182258,43265,37454,7948
182278,43230,37471,7949
182298,43238,37444,7950
182318,43227,37483,7951
182338,43234,37508,7952
182358,43225,37469,7953
182378,43238,37484,7954
182398,43212,37424,7955
182418,43214,37501,7956
182438,43270,37501,7957
182458,43238,37549,7958
182478,43223,37346,7959
182498,43238,37408,7960
182518,43257,37422,7961
182538,42469,37498,7962
182558,42443,37492,7963
182578,42458,37564,7964
182598,42433,37547,7965
182618,42436,37520,7966
182638,42453,37530,7967
182658,42422,37430,7968
182678,42418,37433,7969
182698,42430,37545,7970
182718,42399,37546,7971
182738,42422,37523,7972
182758,42430,37512,7973
182778,42407,37505,7974
182798,42401,37639,7975
182818,42440,37540,7976
182838,42417,37526,7977
182858,42427,37379,7978
182878,42438,37376,7979
182898,42450,37323,7980
182918,42432,37347,7981
182938,42440,37452,7982
182958,42441,37526,7983
182978,42430,37496,7984
182998,42414,37611,7985
183018,42429,37494,7986
183038,40860,37526,7987
183058,40874,37527,7988
183078,40842,37583,7989
183098,40836,37592,7990
183118,40838,37609,7991
183138,40869,37631,7992
183158,40890,37614,7993
183178,40864,37694,7994
183198,40926,37587,7995
183218,40898,37540,7996
183238,40875,37594,7997
183258,40869,37572,7998
183278,40860,37618,7999
183298,40852,37604,8000
183318,40827,37520,8001
183338,40902,37553,8002
183358,40866,37544,8003
183378,40860,37550,8004
183398,40892,37557,8005
183418,40865,37469,8006
183438,40827,37517,8007
183458,40877,37490,8008
183478,40865,37445,8009
183498,40852,37458,8010
183518,40866,37398,8011
183538,40112,37446,8012
183558,40095,37477,8013
183578,40123,37430,8014
183598,40137,37391,8015
183618,40118,37441,8016
183638,40069,37466,8017
183658,40033,37403,8018
183678,40126,37502,8019
183698,40115,37403,8020
183718,40102,37583,8021
183738,40067,37524,8022
183758,40068,37579,8023
183778,40108,37544,8024
183798,40108,37466,8025
183818,40112,37612,8026
183838,40104,37502,8027
183858,40135,37580,8028
183878,40116,37455,8029
183898,40074,37417,8030
183918,40139,37419,8031
183938,40097,37516,8032
183958,40068,37529,8033
183978,40092,37430,8034
183998,40070,37581,8035
184018,40124,37440,8036
184038,39333,37457,8037
184058,39315,37477,8038
184078,39324,37524,8039
184098,39323,37379,8040
184118,39324,37479,8041
184138,39327,37464,8042
184158,39341,37486,8043
184178,39318,37334,8044
184198,39313,37472,8045
184218,39294,37459,8046
184238,39323,37473,8047
184258,39296,37473,8048
184278,39243,37431,8049
184298,39368,37407,8050
184318,39327,37487,8051
184338,39317,37521,8052
184358,39350,37510,8053
184378,39293,37412,8054
184398,39343,37521,8055
184418,39333,37426,8056
184438,39268,37467,8057
184458,39338,37513,8058
184478,39258,37447,8059
184498,39311,37404,8060
184518,39335,37551,8061
184538,37628,37547,8062
184558,37712,37591,8063
184578,37695,37476,8064
184598,37686,37552,8065
184618,37714,37536,8066
184638,37768,37558,8067
184658,37737,37525,8068
184678,37713,37546,8069
184698,37726,37550,8070
184718,37709,37624,8071
184738,37750,37541,8072
184758,37741,37571,8073
184778,37710,37644,8074
184798,37732,37616,8075
184818,37692,37596,8076
184838,37733,37708,8077
184858,37659,37557,8078
184878,37725,37571,8079
184898,37716,37462,8080
184918,37647,37528,8081
184938,37706,37614,8082
184958,37758,37515,8083
184978,37771,37538,8084
184998,37756,37722,8085
185018,37720,37575,8086
185038,36879,37581,8087
185058,36866,37499,8088
185078,36863,37602,8089
185098,36867,37529,8090
185118,36941,37474,8091
185138,36927,37559,8092
185158,36920,37580,8093
185178,36884,37635,8094
185198,36957,37561,8095
185218,36946,37590,8096
185238,36866,37585,8097
185258,36857,37596,8098
185278,36880,37528,8099
185298,36938,37527,8100
185318,36941,37594,8101
185338,36889,37558,8102
185358,36924,37362,8103
185378,36914,37344,8104
185398,36980,37484,8105
185418,36918,37539,8106
185438,36950,37457,8107
185458,36893,37493,8108
185478,36908,37594,8109
185498,36948,37522,8110
185518,36903,37607,8111
185538,36075,37601,8112
185558,36078,37576,8113
185578,36086,37560,8114
185598,36064,37547,8115
185618,36078,37468,8116
185638,36060,37482,8117
185658,36103,37478,8118
185678,36095,37508,8119
185698,36074,37483,8120
185718,36105,37369,8121
185738,36078,37379,8122
185758,36074,37392,8123
185778,36108,37407,8124
185798,36098,37263,8125
185818,36099,37220,8126
185838,36042,37361,8127
185858,36089,37364,8128
185878,36118,37314,8129
185898,36135,37232,8130
185918,36097,37412,8131
185938,36118,37430,8132
185958,36104,37493,8133
185978,36149,37573,8134
185998,36076,37458,8135
186018,36139,37486,8136
186038,35295,37343,8137
186058,35261,37286,8138
186078,35296,37316,8139
186098,35224,37364,8140
186118,35333,37531,8141
186138,35317,37536,8142
186158,35260,37518,8143
186178,35290,37524,8144
186198,35285,37535,8145
186218,35337,37555,8146
186238,35340,37524,8147
186258,35338,37603,8148
186278,35287,37409,8149
186298,35313,37515,8150
186318,35305,37502,8151
186338,35273,37503,8152
186358,35286,37672,8153
186378,35314,37478,8154
186398,35287,37593,8155
186418,35329,37453,8156
186438,35300,37550,8157
186458,35275,37591,8158
186478,35243,37515,8159
186498,35284,37457,8160
186518,35288,37547,8161
186538,33707,37534,8162
186558,33686,37572,8163
186578,33720,37432,8164
186598,33676,37514,8165
186618,33682,37422,8166
186638,33702,37439,8167
186658,33684,37529,8168
186678,33644,37394,8169
186698,33650,37486,8170
186718,33691,37413,8171
186738,33621,37509,8172
186758,33683,37370,8173
186778,33666,37422,8174
186798,33690,37476,8175
186818,33649,37485,8176
186838,33692,37491,8177
186858,33695,37472,8178
186878,33679,37514,8179
186898,33657,37417,8180
186918,33703,37437,8181
186938,33672,37519,8182
186958,33643,37521,8183
186978,33660,37438,8184
186998,33716,37495,8185
187018,33660,37478,8186
187038,32878,37434,8187
187058,32864,37358,8188
187078,32911,37265,8189
187098,32887,37389,8190
187118,32889,37363,8191
187138,32881,37469,8192
187158,32867,37361,8193
187178,32907,37468,8194
187198,32844,37442,8195
187218,32836,37313,8196
187238,32897,37370,8197
187258,32891,37288,8198
187278,32895,37449,8199
187298,32923,37331,8200
187318,32905,37444,8201
187338,32903,37450,8202
187358,32903,37275,8203
187378,32858,37474,8204
187398,32882,37333,8205
187418,32831,37343,8206
187438,32841,37332,8207
187458,32869,37306,8208
187478,32847,37302,8209
187498,32932,37321,8210
187518,32925,37292,8211
187538,32067,37198,8212
187558,32114,37168,8213
187578,32121,37381,8214
187598,32079,37240,8215
187618,32049,37373,8216
187638,32106,37184,8217
187658,32045,37280,8218
187678,32061,37320,8219
187698,32025,37275,8220
187718,32087,37269,8221
187738,32074,37235,8222
187758,32061,37340,8223
187778,32085,37309,8224
187798,32108,37297,8225
187818,32112,37342,8226
187838,32081,37345,8227
187858,32055,37264,8228
187878,32067,37372,8229
187898,32052,37217,8230
187918,32050,37340,8231
187938,32098,37361,8232
187958,32066,37373,8233
187978,32074,37428,8234
187998,32070,37391,8235
188018,32078,37456,8236
188038,30448,37318,8237
188058,30455,37384,8238
188078,30429,37218,8239
188098,30440,37193,8240
188118,30468,37184,8241
188138,30471,37330,8242
188158,30427,37299,8243
188178,30425,37303,8244
188198,30438,37360,8245
188218,30495,37402,8246
188238,30440,37390,8247
188258,30424,37437,8248
188278,30424,37349,8249
188298,30437,37308,8250
188318,30459,37372,8251
188338,30429,37334,8252
188358,30452,37501,8253
188378,30451,37305,8254
188398,30447,37414,8255
188418,30417,37374,8256
188438,30460,37448,8257
188458,30417,37435,8258
188478,30428,37308,8259
188498,30436,37385,8260
188518,30475,37455,8261
188538,29639,37512,8262
188558,29687,37400,8263
188578,29672,37403,8264
188598,29639,37385,8265
188618,29672,37405,8266
188638,29645,37338,8267
188658,29653,37412,8268
188678,29642,37289,8269
188698,29683,37217,8270
188718,29693,37386,8271
188738,29655,37378,8272
188758,29647,37208,8273
188778,29688,37246,8274
188798,29646,37343,8275
188818,29680,37123,8276
188838,29655,37257,8277
188858,29668,37133,8278
188878,29648,37276,8279
188898,29642,37265,8280
188918,29656,37292,8281
188938,29661,37447,8282
188958,29656,37242,8283
188978,29655,37326,8284
188998,29657,37284,8285
189018,29677,37349,8286
189038,28896,37329,8287
189058,28895,37243,8288
189078,28835,37347,8289
189098,28872,37240,8290
189118,28865,37359,8291
189138,28858,37300,8292
189158,28849,37276,8293
189178,28852,37296,8294
189198,28852,37069,8295
189218,28871,37132,8296
189238,28889,37166,8297
189258,28876,37027,8298
189278,28860,36957,8299
189298,28879,36958,8300
189318,28871,37113,8301
189338,28854,37134,8302
189358,28878,37039,8303
189378,28879,37202,8304
189398,28869,37144,8305
189418,28873,37316,8306
189438,28867,37275,8307
189458,28833,37260,8308
189478,28860,37274,8309
189498,28863,37258,8310
189518,28842,37323,8311
189538,28038,37245,8312
189558,28033,37089,8313
189578,28080,37074,8314
189598,28032,37158,8315
189618,28043,37181,8316
189638,28038,37001,8317
189658,28050,37101,8318
189678,28044,37293,8319
189698,28025,37238,8320
189718,28097,37214,8321
189738,28036,37240,8322
189758,28067,37226,8323
189778,28022,37263,8324
189798,28037,37193,8325
189818,28014,37165,8326
189838,28006,37045,8327
189858,28042,37211,8328
189878,28016,37170,8329
189898,28057,37255,8330
189918,28053,37287,8331
189938,28044,37131,8332
189958,28048,37295,8333
189978,28009,37263,8334
189998,28023,37149,8335
190018,28021,37064,8336
190038,26454,37097,8337
190058,26442,37074,8338
190078,26441,37064,8339
190098,26445,37067,8340
190118,26415,37063,8341
190138,26423,37025,8342
190158,26437,37127,8343
190178,26422,37175,8344
190198,26383,37094,8345
190218,26407,37057,8346
190238,26456,37061,8347
190258,26445,37096,8348
190278,26433,37079,8349
190298,26452,37063,8350
190318,26423,37068,8351
190338,26459,37050,8352
190358,26435,37096,8353
190378,26451,37026,8354
190398,26426,37138,8355
190418,26397,37088,8356
190438,26420,37104,8357
190458,26425,37115,8358
190478,26424,37094,8359
190498,26439,37089,8360
190518,26459,37023,8361
190538,25771,37102,8362
190558,25677,37053,8363
190578,25637,37117,8364
190598,25649,37066,8365
190618,25645,36989,8366
190638,25616,37072,8367
190658,25641,37066,8368
190678,25654,37066,8369
190698,25694,37065,8370
190718,25660,37002,8371
190738,25664,37009,8372
190758,25660,37026,8373
190778,25630,37080,8374
190798,25640,37092,8375
190818,25635,37022,8376
190838,25681,37098,8377
190858,25659,36968,8378
190878,25646,37038,8379
190898,25658,37027,8380
190918,25634,36893,8381
190938,25660,36952,8382
190958,25649,36900,8383
190978,25669,36987,8384
190998,25631,36827,8385
191018,25648,36951,8386
191038,24869,37029,8387
191058,24891,36980,8388
191078,24873,36975,8389
191098,24929,36906,8390
191118,24885,36925,8391
191138,24905,36974,8392
191158,24905,37029,8393
191178,24881,37022,8394
191198,24893,36949,8395
191218,24897,36969,8396
191238,24873,36863,8397
191258,24867,36885,8398
191278,24868,36831,8399
191298,24837,36941,8400
191318,24866,37059,8401
191338,24921,36981,8402
191358,24900,36887,8403
191378,24909,36924,8404
191398,24908,36877,8405
191418,24891,36997,8406
191438,24870,36856,8407
191458,24874,36723,8408
191478,24870,36699,8409
191498,24890,36688,8410
191518,24889,36800,8411
191538,23316,36570,8412
191558,23315,36604,8413
191578,23321,36494,8414
191598,23315,36815,8415
191618,23305,36827,8416
191638,23334,36813,8417
191658,23314,36914,8418
191678,23361,36924,8419
191698,23339,37000,8420
191718,23331,36897,8421
191738,23346,36661,8422
191758,23327,36707,8423
191778,23316,36659,8424
191798,23351,36706,8425
191818,23288,36882,8426
191838,23308,36752,8427
191858,23315,36714,8428
191878,23290,36847,8429
191898,23308,36924,8430
191918,23321,36942,8431
191938,23316,36886,8432
191958,23317,36865,8433
191978,23331,36864,8434
191998,23309,37016,8435
192018,23356,36920,8436
192038,22521,36894,8437
192058,22530,36851,8438
192078,22520,36790,8439
192098,22519,36818,8440
192118,22511,36738,8441
192138,22522,36730,8442
192158,22509,36799,8443
192178,22527,36732,8444
192198,22555,36699,8445
192218,22515,36698,8446
192238,22534,36745,8447
192258,22530,36755,8448
192278,22501,36782,8449
192298,22526,36727,8450
192318,22553,36798,8451
192338,22521,36784,8452
192358,22535,36838,8453
192378,22532,36864,8454
192398,22552,36743,8455
192418,22526,36774,8456
192438,22598,36781,8457
192458,22525,36821,8458
192478,22494,36813,8459
192498,22560,36739,8460
192518,22528,36728,8461
192538,21730,36732,8462
192558,21758,36725,8463
192578,21770,36765,8464
192598,21751,36728,8465
192618,21781,36684,8466
192638,21774,36674,8467
192658,21773,36707,8468
192678,21752,36762,8469
192698,21775,36641,8470
192718,21780,36714,8471
192738,21773,36721,8472
192758,21787,36800,8473
192778,21795,36755,8474
192798,21764,36775,8475
192818,21759,36762,8476
192838,21784,36753,8477
192858,21756,36796,8478
192878,21765,36799,8479
192898,21736,36772,8480
192918,21774,36778,8481
192938,21791,36782,8482
192958,21757,36751,8483
192978,21760,36796,8484
192998,21763,36725,8485
193018,21755,36739,8486
193038,21032,36743,8487
193058,21022,36654,8488
193078,21042,36726,8489
193098,21038,36721,8490
193118,21013,36685,8491
193138,21014,36790,8492
193158,21007,36582,8493
193178,21032,36656,8494
193198,20984,36562,8495
193218,21007,36628,8496
193238,21015,36615,8497
193258,21024,36631,8498
193278,21009,36613,8499
193298,21060,36616,8500
193318,21052,36670,8501
193338,21029,36675,8502
193358,21025,36669,8503
193378,21030,36619,8504
193398,21026,36613,8505
193418,21012,36650,8506
193438,21023,36636,8507
193458,21018,36581,8508
193478,21006,36604,8509
193498,21013,36649,8510
193518,21006,36738,8511
193538,19508,36647,8512
193558,19551,36607,8513
193578,19486,36642,8514
193598,19510,36613,8515
193618,19481,36573,8516
193638,19498,36479,8517
193658,19487,36496,8518
193678,19502,36552,8519
193698,19480,36663,8520
193718,19513,36590,8521
193738,19522,36626,8522
193758,19512,36589,8523
193778,19482,36485,8524
193798,19513,36525,8525
193818,19499,36500,8526
193838,19477,36568,8527
193858,19523,36493,8528
193878,19515,36505,8529
193898,19509,36489,8530
193918,19538,36548,8531
193938,19502,36481,8532
193958,19506,36442,8533
193978,19537,36397,8534
193998,19514,36474,8535
194018,19511,36523,8536
194038,18737,36495,8537
194058,18818,36491,8538
194078,18756,36431,8539
194098,18762,36577,8540
194118,18785,36505,8541
194138,18731,36460,8542
194158,18782,36415,8543
194178,18787,36428,8544
194198,18805,36518,8545
194218,18815,36535,8546
194238,18793,36499,8547
194258,18793,36542,8548
194278,18788,36500,8549
194298,18777,36514,8550
194318,18775,36483,8551
194338,18724,36508,8552
194358,18766,36502,8553
194378,18778,36505,8554
194398,18783,36519,8555
194418,18789,36482,8556
194438,18818,36501,8557
194458,18768,36477,8558
194478,18754,36442,8559
194498,18772,36432,8560
194518,18775,36375,8561
194538,18015,36398,8562
194558,18040,36353,8563
194578,18021,36470,8564
194598,18031,36427,8565
194618,17997,36398,8566
194638,17975,36472,8567
194658,17988,36412,8568
194678,17993,36233,8569
194698,17981,36313,8570
194718,17987,36304,8571
194738,18004,36219,8572
194758,18005,36365,8573
194778,18067,36360,8574
194798,18040,36330,8575
194818,18006,36243,8576
194838,18016,36202,8577
194858,18027,36145,8578
194878,18028,36278,8579
194898,18002,36393,8580
194918,17986,36447,8581
194938,17995,36328,8582
194958,18019,36387,8583
194978,17999,36392,8584
194998,18007,36289,8585
195018,18014,36357,8586
195038,17318,36315,8587
195058,17294,36340,8588
195078,17326,36257,8589
195098,17291,36105,8590
195118,17293,36176,8591
195138,17305,36117,8592
195158,17280,36155,8593
195178,17311,36104,8594
195198,17269,36075,8595
195218,17326,36113,8596
195238,17308,36154,8597
195258,17324,36261,8598
195278,17298,36137,8599
195298,17281,36178,8600
195318,17285,36228,8601
195338,17311,36267,8602
195358,17321,36224,8603
195378,17314,36109,8604
195398,17315,35955,8605
195418,17322,36065,8606
195438,17303,36121,8607
195458,17307,36191,8608
195478,17296,36258,8609
195498,17277,36214,8610
195518,17280,36132,8611
195538,15858,36030,8612
195558,15866,36192,8613
195578,15880,36025,8614
195598,15882,36188,8615
195618,15896,36236,8616
195638,15889,36266,8617
195658,15889,36166,8618
195678,15921,36215,8619
195698,15890,36200,8620
195718,15877,36094,8621
195738,15889,36065,8622
195758,15863,36034,8623
195778,15890,36027,8624
195798,15869,36005,8625
195818,15863,35949,8626
195838,15885,35913,8627
195858,15916,35932,8628
195878,15899,35978,8629
195898,15911,36061,8630
195918,15868,36042,8631
195938,15889,36166,8632
195958,15860,36159,8633
195978,15886,36145,8634
195998,15896,36171,8635
196018,15896,36109,8636
196038,15629,36140,8637
196058,15215,36096,8638
196078,15164,36073,8639
196098,15193,36093,8640
196118,15193,36089,8641
196138,15195,36037,8642
196158,15190,35979,8643
196178,15232,35945,8644
196198,15159,36094,8645
196218,15198,36077,8646
196238,15215,36102,8647
196258,15222,36115,8648
196278,15200,36136,8649
196298,15204,36193,8650
196318,15216,36210,8651
196338,15205,36074,8652
196358,15210,36083,8653
196378,15235,36047,8654
196398,15203,36131,8655
196418,15195,36164,8656
196438,15176,36073,8657
196458,15172,36066,8658
196478,15178,36068,8659
196498,15202,36085,8660
196518,15187,35995,8661
196538,14560,35957,8662
196558,14530,35891,8663
196578,14537,35915,8664
196598,14529,36046,8665
196618,14510,35973,8666
196638,14538,35972,8667
196658,14574,35920,8668
196678,14529,35957,8669
196698,14540,35995,8670
196718,14546,35965,8671
196738,14522,35855,8672
196758,14506,35901,8673
196778,14479,35897,8674
196798,14516,35843,8675
196818,14551,35827,8676
196838,14570,35878,8677
196858,14533,35938,8678
196878,14505,35971,8679
196898,14517,35967,8680
196918,14488,35932,8681
196938,14537,35891,8682
196958,14499,35919,8683
196978,14516,35885,8684
196998,14513,35836,8685
197018,14505,35781,8686
197038,13186,35816,8687
197058,13219,35848,8688
197078,13213,35908,8689
197098,13211,36031,8690
197118,13215,35949,8691
197138,13166,35870,8692
197158,13184,35923,8693
197178,13176,35905,8694
197198,13165,35854,8695
197218,13158,35762,8696
197238,13192,35747,8697
197258,13172,35883,8698
197278,13210,35769,8699
197298,13200,35817,8700
197318,13190,35893,8701
197338,13189,35804,8702
197358,13181,35777,8703
197378,13144,35757,8704
197398,13151,35700,8705
197418,13183,35777,8706
197438,13191,35701,8707
197458,13201,35781,8708
197478,13177,35745,8709
197498,13181,35825,8710
197518,13193,35585,8711
197538,12554,35747,8712
197558,12508,35720,8713
197578,12533,35731,8714
197598,12577,35663,8715
197618,12577,35696,8716
197638,12541,35745,8717
197658,12568,35603,8718
197678,12545,35605,8719
197698,12542,35622,8720
197718,12590,35645,8721
197738,12559,35497,8722
197758,12574,35508,8723
197778,12602,35627,8724
197798,12566,35731,8725
197818,12511,35706,8726
197838,12527,35722,8727
197858,12541,35737,8728
197878,12555,35669,8729
197898,12538,35775,8730
197918,12527,35646,8731
197938,12525,35666,8732
197958,12563,35539,8733
197978,12565,35588,8734
197998,12576,35553,8735
198018,12556,35484,8736
198038,11831,35273,8737
198058,11915,35338,8738
198078,11882,35468,8739
198098,11896,35518,8740
198118,11871,35375,8741
198138,11883,35438,8742
198158,11904,35391,8743
198178,11921,35496,8744
198198,11952,35564,8745
198218,11883,35535,8746
198238,11899,35510,8747
198258,11870,35400,8748
198278,11886,35386,8749
198298,11911,35372,8750
198318,11910,35389,8751
198338,11868,35512,8752
198358,11908,35490,8753
198378,11919,35610,8754
198398,11919,35553,8755
198418,11897,35607,8756
198438,11936,35565,8757
198458,11887,35514,8758
198478,11934,35632,8759
198498,11889,35648,8760
198518,11891,35638,8761
198538,11284,35567,8762
198558,11229,35426,8763
198578,11303,35482,8764
198598,11314,35401,8765
198618,11295,35338,8766
198638,11240,35397,8767
198658,11299,35365,8768
198678,11250,35437,8769
198698,11302,35260,8770
198718,11216,35290,8771
198738,11315,35203,8772
198758,11272,35339,8773
198778,11274,35388,8774
198798,11273,35425,8775
198818,11278,35490,8776
198838,11232,35412,8777
198858,11241,35401,8778
198878,11278,35464,8779
198898,11297,35286,8780
198918,11281,35457,8781
198938,11254,35359,8782
198958,11289,35314,8783
198978,11284,35460,8784
198998,11284,35396,8785
199018,11293,35403,8786
199038,10207,35344,8787
199058,10031,35400,8788
199078,10017,35440,8789
199098,10013,35419,8790
199118,10037,35260,8791
199138,10076,35274,8792
199158,10116,35389,8793
199178,10016,35288,8794
199198,10141,35441,8795
199218,10099,35354,8796
199238,10063,35396,8797
199258,10047,35515,8798
199278,10080,35403,8799
199298,10042,35378,8800
199318,10070,35321,8801
199338,10054,35304,8802
199358,9997,35248,8803
199378,10080,35310,8804
199398,10057,35293,8805
199418,10052,35247,8806
199438,10067,35272,8807
199458,10047,35335,8808
199478,10132,35266,8809
199498,10008,35277,8810
199518,10070,35183,8811
199538,9533,35142,8812
199558,9464,35239,8813
199578,9466,35087,8814
199598,9515,35143,8815
199618,9508,35168,8816
199638,9521,35164,8817
199658,9481,35195,8818
199678,9474,35176,8819
199698,9465,35195,8820
199718,9518,35082,8821
199738,9437,35213,8822
199758,9540,35201,8823
199778,9482,35081,8824
199798,9470,35232,8825
199818,9509,35145,8826
199838,9494,35095,8827
199858,9523,35125,8828
199878,9477,34981,8829
199898,9530,35148,8830
199918,9506,35177,8831
199938,9493,35183,8832
199958,9490,35132,8833
199978,9472,35128,8834
199998,9442,35051,8835
200018,9473,35155,8836
200038,8984,34995,8837
200058,8927,34982,8838
200078,8985,34987,8839
200098,8948,34891,8840
200118,8963,34959,8841
200138,8978,34961,8842
200158,8982,34878,8843
200178,8954,34962,8844
200198,8921,35068,8845
200218,8895,35119,8846
200238,8926,35080,8847
200258,8924,35030,8848
200278,8960,35046,8849
200298,8936,35004,8850
200318,8925,34999,8851
200338,8964,35046,8852
200358,8887,34858,8853
200378,8901,34809,8854
200398,8972,34841,8855
200418,8925,34981,8856
200438,8946,34975,8857
200458,8885,34913,8858
200478,8872,34942,8859
200498,8928,34895,8860
200518,8914,34865,8861
200538,8044,34977,8862
200558,7804,34919,8863
200578,7813,34931,8864
200598,7790,34909,8865
200618,7824,34907,8866
200638,7817,34806,8867
200658,7806,34871,8868
200678,7868,34866,8869
200698,7832,34962,8870
200718,7823,34871,8871
200738,7856,34893,8872
200758,7848,34980,8873
200778,7829,35040,8874
200798,7820,34947,8875
200818,7843,34861,8876
200838,7803,34882,8877
200858,7829,34659,8878
200878,7797,34937,8879
200898,7824,34810,8880
200918,7861,34752,8881
200938,7872,34877,8882
200958,7851,34805,8883
200978,7877,34705,8884
200998,7875,34912,8885
201018,7834,34873,8886
201038,7389,34786,8887
201058,7328,34642,8888
201078,7327,34723,8889
201098,7308,34835,8890
201118,7329,34837,8891
201138,7304,34762,8892
201158,7307,34791,8893
201178,7352,34803,8894
201198,7322,34727,8895
201218,7250,34778,8896
201238,7332,34711,8897
201258,7327,34470,8898
201278,7360,34800,8899
201298,7317,34648,8900
201318,7329,34643,8901
201338,7307,34560,8902
201358,7346,34537,8903
201378,7308,34588,8904
201398,7329,34645,8905
201418,7283,34367,8906
201438,7309,34492,8907
201458,7265,34641,8908
201478,7324,34731,8909
201498,7325,34779,8910
201518,7299,34537,8911
201538,7373,34619,8912
201558,6859,34638,8913
201578,6852,34685,8914
201598,6817,34518,8915
201618,6868,34471,8916
201638,6824,34442,8917
201658,6776,34556,8918
201678,6843,34519,8919
201698,6782,34623,8920
201718,6849,34362,8921
201738,6788,34315,8922
201758,6826,34438,8923
201778,6819,34377,8924
201798,6820,34346,8925
201818,6775,34356,8926
201838,6760,34522,8927
201858,6799,34636,8928
201878,6844,34572,8929
201898,6857,34611,8930
201918,6847,34526,8931
201938,6861,34598,8932
201958,6854,34534,8933
201978,6882,34394,8934
201998,6827,34288,8935
202018,6803,34303,8936
202038,6452,34219,8937
202058,6336,34317,8938
202078,6216,34283,8939
202098,6286,34449,8940
202118,6373,34452,8941
202138,6393,34611,8942
202158,6376,34526,8943
202178,6333,34498,8944
202198,6346,34564,8945
202218,6397,34613,8946
202238,6320,34540,8947
202258,6304,34418,8948
202278,6333,34297,8949
202298,6342,34414,8950
202318,6363,34518,8951
202338,6341,34485,8952
202358,6363,34491,8953
202378,6313,34539,8954
202398,6327,34434,8955
202418,6348,34481,8956
202438,6316,34405,8957
202458,6328,34426,8958
202478,6369,34253,8959
202498,6380,34334,8960
202518,6330,34374,8961
202538,5692,34363,8962
202558,5389,34371,8963
202578,5330,34376,8964
202598,5335,34405,8965
202618,5299,34356,8966
202638,5365,34280,8967
202658,5379,34213,8968
202678,5373,34183,8969
202698,5410,34244,8970
202718,5403,34225,8971
202738,5348,34177,8972
202758,5380,34280,8973
202778,5368,34208,8974
202798,5346,34306,8975
202818,5413,34378,8976
202838,5357,34249,8977
202858,5366,34196,8978
202878,5350,34272,8979
202898,5340,34159,8980
202918,5385,34271,8981
202938,5330,34253,8982
202958,5343,34239,8983
202978,5412,34283,8984
202998,5368,34204,8985
203018,5356,34352,8986
203038,5106,34345,8987
203058,4958,34217,8988
203078,4918,34193,8989
203098,4974,34193,8990
203118,4965,34109,8991
203138,4920,34147,8992
203158,4921,34100,8993
203178,4947,34039,8994
203198,4900,34097,8995
203218,4977,34078,8996
203238,4935,34094,8997
203258,4947,34121,8998
203278,4977,34024,8999
203298,4951,34188,9000
203318,4957,34040,9001
203338,4942,33932,9002
203358,4936,34053,9003
203378,4945,33929,9004
203398,4964,34014,9005
203418,4935,34076,9006
203438,4978,34043,9007
203458,4957,33956,9008
203478,4915,33924,9009
203498,4967,33945,9010
203518,4898,33714,9011
203538,4640,33645,9012
203558,4548,33669,9013
203578,4557,33792,9014
203598,4468,34024,9015
203618,4522,33978,9016
203638,4581,33976,9017
203658,4507,34002,9018
203678,4528,33997,9019
203698,4520,33983,9020
203718,4555,34005,9021
203738,4513,33930,9022
203758,4534,33931,9023
203778,4523,33896,9024
203798,4537,33874,9025
203818,4510,33850,9026
203838,4541,33797,9027
203858,4485,33726,9028
203878,4507,33880,9029
203898,4549,33858,9030
203918,4556,33860,9031
203938,4559,33754,9032
203958,4516,33769,9033
203978,4510,33850,9034
203998,4487,33886,9035
204018,4491,33853,9036
204038,4064,33919,9037
204058,3710,33765,9038
204078,3735,33651,9039
204098,3733,33740,9040
204118,3764,33648,9041
204138,3692,33592,9042
204158,3733,33797,9043
204178,3720,33891,9044
204198,3675,33816,9045
204218,3669,33840,9046
204238,3691,33871,9047
204258,3734,33916,9048
204278,3699,33914,9049
204298,3707,33878,9050
204318,3678,33829,9051
204338,3706,33925,9052
204358,3749,33824,9053
204378,3704,33917,9054
204398,3726,33804,9055
204418,3730,33693,9056
204438,3721,33743,9057
204458,3681,33736,9058
204478,3708,33662,9059
204498,3710,33574,9060
204518,3725,33488,9061
204538,3566,33590,9062
204558,3356,33739,9063
204578,3343,33694,9064
204598,3351,33709,9065
204618,3329,33710,9066
204638,3342,33686,9067
204658,3334,33698,9068
204678,3388,33617,9069
204698,3352,33679,9070
204718,3351,33647,9071
204738,3350,33709,9072
204758,3340,33759,9073
204778,3317,33648,9074
204798,3363,33682,9075
204818,3342,33589,9076
204838,3326,33583,9077
204858,3394,33635,9078
204878,3378,33573,9079
204898,3365,33522,9080
204918,3399,33668,9081
204938,3359,33637,9082
204958,3376,33695,9083
204978,3378,33651,9084
204998,3337,33665,9085
205018,3391,33615,9086
205038,3202,33619,9087
205058,3054,33595,9088
205078,3019,33579,9089
205098,3008,33598,9090
205118,3042,33628,9091
205138,3025,33619,9092
205158,3019,33550,9093
205178,3053,33534,9094
205198,3039,33545,9095
205218,2997,33498,9096
205238,3036,33486,9097
205258,3028,33488,9098
205278,3012,33499,9099
205298,3021,33600,9100
205318,3014,33472,9101
205338,3034,33527,9102
205358,3026,33490,9103
205378,3018,33460,9104
205398,3000,33470,9105
205418,3019,33375,9106
205438,3034,33360,9107
205458,3015,33340,9108
205478,3024,33399,9109
205498,3038,33424,9110
205518,3006,33373,9111
205538,2875,33388,9112
205558,2725,33456,9113
205578,2758,33502,9114
205598,2702,33454,9115
205618,2706,33385,9116
205638,2692,33408,9117
205658,2728,33406,9118
205678,2697,33275,9119
205698,2678,33200,9120
205718,2729,33240,9121
205738,2695,33333,9122
205758,2684,33357,9123
205778,2692,33334,9124
205798,2707,33374,9125
205818,2722,33291,9126
205838,2707,33145,9127
205858,2723,33244,9128
205878,2723,33227,9129
205898,2682,33142,9130
205918,2713,33026,9131
205938,2692,33021,9132
205958,2677,33158,9133
205978,2700,33218,9134
205998,2718,33055,9135
206018,2690,33098,9136
206038,2470,33176,9137
206058,2062,33260,9138
206078,2094,33322,9139
206098,2078,33177,9140
206118,2069,33089,9141
206138,2067,32961,9142
206158,2095,32968,9143
206178,2102,33112,9144
206198,2064,33067,9145
206218,2095,33096,9146
206238,2057,33083,9147
206258,2139,33104,9148
206278,2075,33252,9149
206298,2041,33248,9150
206318,2097,33254,9151
206338,2073,33132,9152
206358,2083,33259,9153
206378,2069,33203,9154
206398,2058,33177,9155
206418,2113,33199,9156
206438,2070,33120,9157
206458,2086,33189,9158
206478,2080,33122,9159
206498,2076,33069,9160
206518,2071,33024,9161
206538,1970,33051,9162
206558,1797,32958,9163
206578,1814,32934,9164
206598,1783,32896,9165
206618,1806,32955,9166
206638,1829,32929,9167
206658,1793,33051,9168
206678,1810,32975,9169
206698,1778,33147,9170
206718,1793,33030,9171
206738,1791,33055,9172
206758,1778,33019,9173
206778,1792,32992,9174
206798,1771,33010,9175
206818,1795,33049,9176
206838,1815,32994,9177
206858,1803,33065,9178
206878,1802,32915,9179
206898,1836,32937,9180
206918,1787,32918,9181
206938,1820,32942,9182
206958,1835,32984,9183
206978,1822,32900,9184
206998,1803,32955,9185
207018,1792,33055,9186
207038,1810,33012,9187
207058,1528,33005,9188
207078,1575,32967,9189
207098,1549,33029,9190
207118,1529,32994,9191
207138,1565,32891,9192
207158,1554,32966,9193
207178,1546,32901,9194
207198,1536,32981,9195
207218,1555,32907,9196
207238,1531,32949,9197
207258,1538,32885,9198
207278,1537,32843,9199
207298,1550,32815,9200
207318,1584,32808,9201
207338,1549,32906,9202
207358,1536,32829,9203
207378,1520,32843,9204
207398,1527,32836,9205
207418,1548,32762,9206
207438,1530,32773,9207
207458,1550,32783,9208
207478,1564,32684,9209
207498,1567,32823,9210
207518,1520,32663,9211
207538,1481,32640,9212
207558,1369,32612,9213
207578,1337,32633,9214
207598,1327,32665,9215
207618,1320,32628,9216
207638,1330,32587,9217
207658,1336,32669,9218
207678,1362,32653,9219
207698,1344,32644,9220
207718,1313,32731,9221
207738,1342,32770,9222
207758,1316,32745,9223
207778,1360,32786,9224
207798,1355,32781,9225
207818,1323,32756,9226
207838,1329,32696,9227
207858,1335,32695,9228
207878,1325,32784,9229
207898,1341,32707,9230
207918,1319,32710,9231
207938,1349,32646,9232
207958,1341,32647,9233
207978,1324,32684,9234
207998,1352,32569,9235
208018,1346,32624,9236
208038,1333,32560,9237
208058,1353,32524,9238
208078,1341,32557,9239
208098,1357,32558,9240
208118,1325,32634,9241
208138,1314,32585,9242
208158,1328,32612,9243
208178,1337,32597,9244
208198,1355,32572,9245
208218,1330,32576,9246
208238,1340,32519,9247
208258,1349,32482,9248
208278,1332,32541,9249
208298,1340,32341,9250
208318,1311,32505,9251
208338,1344,32415,9252
208358,1354,32388,9253
208378,1346,32511,9254
208398,1330,32539,9255
208418,1322,32462,9256
208438,1357,32372,9257
208458,1348,32345,9258
208478,1343,32336,9259
208498,1348,32258,9260
208518,1385,32188,9261
208538,1343,32267,9262
208558,1336,32384,9263
208578,1339,32464,9264
208598,1338,32447,9265
208618,1330,32368,9266
208638,1343,32442,9267
208658,1331,32401,9268
208678,1332,32452,9269
208698,1344,32385,9270
208718,1338,32352,9271
208738,1356,32276,9272
208758,1373,32366,9273
208778,1316,32313,9274
208798,1342,32329,9275
208818,1328,32245,9276
208838,1343,32161,9277
208858,1342,32211,9278
208878,1356,32194,9279
208898,1320,32258,9280
208918,1347,32174,9281
208938,1349,32149,9282
208958,1349,32316,9283
208978,1359,32317,9284
208998,1351,32320,9285
209018,1349,32327,9286
209038,1352,32405,9287
209058,1343,32286,9288
209078,1335,32193,9289
209098,1343,32136,9290
209118,1355,32154,9291
209138,1342,32001,9292
209158,1355,32108,9293
209178,1348,32114,9294
209198,1346,32296,9295
209218,1339,32283,9296
209238,1345,32278,9297
209258,1319,32342,9298
209278,1358,32326,9299
209298,1352,32337,9300
209318,1331,32262,9301
209338,1358,32246,9302
209358,1336,32164,9303
209378,1342,32129,9304
209398,1314,32125,9305
209418,1355,32040,9306
209438,1346,32067,9307
209458,1347,32040,9308
209478,1348,32039,9309
209498,1335,32209,9310
209518,1310,32236,9311
209538,1332,32210,9312
209558,1326,32155,9313
209578,1356,32159,9314
209598,1365,32169,9315
209618,1351,32140,9316
209638,1348,32140,9317
209658,1335,32084,9318
209678,1359,32011,9319
209698,1357,32138,9320
209718,1340,32131,9321
209738,1315,32119,9322
209758,1345,32096,9323
209778,1328,32131,9324
209798,1331,32009,9325
209818,1351,32035,9326
209838,1337,32078,9327
209858,1372,31995,9328
209878,1335,32096,9329
209898,1326,32096,9330
209918,1324,32134,9331
209938,1351,32058,9332
209958,1321,32095,9333
209978,1371,32113,9334
209998,1326,32140,9335
210018,1366,32163,9336
210038,1360,32022,9337
210058,1336,31998,9338
210078,1319,32095,9339
210098,1361,32005,9340
210118,1325,32009,9341
210138,1356,31978,9342
210158,1343,32041,9343
210178,1306,31973,9344
210198,1349,31976,9345
210218,1363,31911,9346
210238,1341,31877,9347
210258,1376,31946,9348
210278,1343,31956,9349
210298,1359,31874,9350
210318,1320,31932,9351
210338,1329,31827,9352
210358,1336,31946,9353
210378,1337,31902,9354
210398,1329,31915,9355
210418,1340,31819,9356
210438,1338,31832,9357
210458,1324,31811,9358
210478,1354,31845,9359
210498,1354,31786,9360
210518,1342,31900,9361
210538,1330,31806,9362
210558,1348,31828,9363
210578,1353,31779,9364
210598,1311,31699,9365
210618,1339,31835,9366
210638,1329,31869,9367
210658,1297,31901,9368
210678,1310,31836,9369
210698,1332,31713,9370
210718,1346,31642,9371
210738,1344,31814,9372
210758,1309,31832,9373
210778,1331,31851,9374
210798,1344,31787,9375
210818,1333,31721,9376
210838,1346,31809,9377
210858,1346,31830,9378
210878,1322,31733,9379
210898,1314,31686,9380
210918,1349,31666,9381
210938,1343,31609,9382
210958,1301,31561,9383
210978,1344,31643,9384
210998,1323,31635,9385
211018,1326,31553,9386
211038,1329,31638,9387
211058,1314,31597,9388
211078,1324,31619,9389
211098,1336,31684,9390
211118,1320,31718,9391
211138,1347,31693,9392
211158,1351,31595,9393
211178,1341,31479,9394
211198,1354,31402,9395
211218,1347,31429,9396
211238,1302,31482,9397
211258,1317,31381,9398
211278,1319,31610,9399
211298,1336,31645,9400
211318,1333,31571,9401
211338,1334,31709,9402
211358,1331,31624,9403
211378,1326,31700,9404
211398,1309,31684,9405
211418,1341,31680,9406
211438,1343,31720,9407
211458,1332,31636,9408
211478,1327,31609,9409
211498,1339,31604,9410
211518,1324,31307,9411
211538,1323,31349,9412
211558,1361,31356,9413
211578,1354,31511,9414
211598,1339,31526,9415
211618,1291,31522,9416
211638,1326,31594,9417
211658,1350,31536,9418
211678,1302,31555,9419
211698,1368,31542,9420
211718,1337,31482,9421
211738,1362,31579,9422
211758,1384,31465,9423
211778,1345,31465,9424
211798,1349,31459,9425
211818,1341,31479,9426
211838,1339,31399,9427
211858,1346,31511,9428
211878,1330,31499,9429
211898,1343,31369,9430
211918,1355,31399,9431
211938,1334,31368,9432
211958,1300,31391,9433
211978,1347,31375,9434
211998,1347,31314,9435
212018,1322,31362,9436
212038,1345,31340,9437
212058,1313,31305,9438
212078,1324,31373,9439
212098,1346,31464,9440
212118,1344,31437,9441
212138,1338,31321,9442
212158,1316,31379,9443
212178,1341,31354,9444
212198,1328,31402,9445
212218,1329,31380,9446
212238,1323,31298,9447
212258,1329,31283,9448
212278,1343,31366,9449
212298,1324,31360,9450
212318,1326,31325,9451
212338,1345,31218,9452
212358,1334,31292,9453
212378,1353,31282,9454
212398,1322,31305,9455
212418,1296,31280,9456
212438,1356,31180,9457
212458,1339,31269,9458
212478,1327,31225,9459
212498,1335,31261,9460
212518,1325,31194,9461
212538,1330,31165,9462
212558,1308,31206,9463
212578,1309,31171,9464
212598,1329,31206,9465
212618,1340,31189,9466
212638,1349,31030,9467
212658,1305,31050,9468
212678,1343,31070,9469
212698,1308,31178,9470
212718,1357,31159,9471
212738,1334,30993,9472
212758,1328,31178,9473
212778,1337,31070,9474
212798,1310,30958,9475
212818,1337,30894,9476
212838,1320,31051,9477
212858,1316,31148,9478
212878,1353,31172,9479
212898,1308,31200,9480
212918,1337,31189,9481
212938,1309,31129,9482
212958,1334,31159,9483
212978,1359,31248,9484
212998,1341,31161,9485
213018,1319,31154,9486
213038,1329,31091,9487
213058,1339,31067,9488
213078,1326,31027,9489
213098,1311,31029,9490
213118,1321,30896,9491
213138,1331,30864,9492
213158,1352,30876,9493
213178,1325,30889,9494
213198,1324,30950,9495
213218,1303,30863,9496
213238,1310,30864,9497
213258,1330,31034,9498
213278,1341,31057,9499
213298,1315,31064,9500
213318,1327,30962,9501
213338,1322,30820,9502
213358,1313,30787,9503
213378,1323,30830,9504
213398,1317,30877,9505
213418,1295,30898,9506
213438,1330,30958,9507
213458,1357,30926,9508
213478,1349,30949,9509
213498,1303,31055,9510
213518,1332,31047,9511
213538,1325,31050,9512
213558,1324,31069,9513
213578,1324,31017,9514
213598,1305,31005,9515
213618,1335,31034,9516
213638,1315,30963,9517
213658,1328,30997,9518
213678,1338,30948,9519
213698,1300,30830,9520
213718,1341,30862,9521
213738,1323,31006,9522
213758,1299,30938,9523
213778,1279,30939,9524
213798,1326,30834,9525
213818,1309,30958,9526
213838,1314,30865,9527
213858,1342,30906,9528
213878,1321,30908,9529
213898,1346,30832,9530
213918,1286,30926,9531
213938,1316,30899,9532
213958,1317,30817,9533
213978,1316,30837,9534
213998,1354,30798,9535
214018,1330,30834,9536
214038,1337,30804,9537
214058,1302,30758,9538
214078,1304,30718,9539
214098,1318,30737,9540
214118,1310,30698,9541
214138,1276,30742,9542
214158,1316,30752,9543
214178,1298,30738,9544
214198,1349,30742,9545
214218,1339,30771,9546
214238,1321,30712,9547
214258,1342,30652,9548
214278,1329,30647,9549
214298,1362,30647,9550
214318,1307,30748,9551
214338,1296,30776,9552
214358,1315,30836,9553
214378,1316,30805,9554
214398,1342,30787,9555
214418,1354,30752,9556
214438,1328,30714,9557
214458,1328,30720,9558
214478,1324,30617,9559
214498,1323,30733,9560
214518,1321,30670,9561
214538,1298,30637,9562
214558,1340,30614,9563
214578,1345,30577,9564
214598,1315,30516,9565
214618,1328,30558,9566
214638,1327,30491,9567
214658,1343,30508,9568
214678,1324,30557,9569
214698,1322,30643,9570
214718,1275,30500,9571
214738,1308,30525,9572
214758,1327,30578,9573
214778,1302,30601,9574
214798,1319,30519,9575
214818,1314,30474,9576
214838,1318,30432,9577
214858,1316,30569,9578
214878,1306,30491,9579
214898,1328,30554,9580
214918,1296,30530,9581
214938,1286,30429,9582
214958,1329,30434,9583
214978,1323,30380,9584
214998,1369,30471,9585
215018,1308,30568,9586
215038,1328,30494,9587
215058,1323,30510,9588
215078,1303,30550,9589
215098,1319,30592,9590
215118,1332,30541,9591
215138,1339,30493,9592
215158,1319,30481,9593
215178,1320,30404,9594
215198,1289,30432,9595
215218,1282,30320,9596
215238,1296,30436,9597
215258,1326,30361,9598
215278,1274,30270,9599
215298,1279,30227,9600
215318,1305,30328,9601
215338,1324,30266,9602
215358,1294,30250,9603
215378,1296,30426,9604
215398,1311,30375,9605
215418,1357,30337,9606
215438,1237,30407,9607
215458,1314,30421,9608
215478,1299,30431,9609
215498,1247,30194,9610
215518,1279,30148,9611
215538,1308,30035,9612
215558,1314,30119,9613
215578,1313,30035,9614
215598,1305,29974,9615
215618,1269,30033,9616
215638,1296,29984,9617
215658,1311,30256,9618
215678,1332,30308,9619
215698,1309,30230,9620
215718,1289,30269,9621
215738,1294,30347,9622
215758,1306,30274,9623
215778,1297,30339,9624
215798,1306,30236,9625
215818,1308,30405,9626
215838,1298,30283,9627
215858,1340,30208,9628
215878,1301,30168,9629
215898,1300,30172,9630
215918,1264,30201,9631
215938,1321,30213,9632
215958,1319,30049,9633
215978,1315,29914,9634
215998,1342,30088,9635
216018,1326,30190,9636
216038,1275,30194,9637
216058,1298,30152,9638
216078,1330,30214,9639
216098,1302,30083,9640
216118,1345,30243,9641
216138,1294,30172,9642
216158,1268,30127,9643
216178,1336,30133,9644
216198,1369,30190,9645
216218,1328,30182,9646
216238,1234,30183,9647
216258,1293,30058,9648
216278,1305,30038,9649
216298,1336,30162,9650
216318,1320,30097,9651
216338,1323,30013,9652
216358,1328,30110,9653
216378,1336,30068,9654
216398,1289,30211,9655
216418,1300,30206,9656
216438,1292,30244,9657
216458,1264,30080,9658
216478,1316,30116,9659
216498,1282,30244,9660
216518,1299,30207,9661
216538,1279,30184,9662
216558,1379,30117,9663
216578,1324,30085,9664
216598,1381,30066,9665
216618,1319,30168,9666
216638,1270,30068,9667
216658,1327,29938,9668
216678,1389,30046,9669
216698,1265,30044,9670
216718,1333,30072,9671
216738,1319,29963,9672
216758,1320,29943,9673
216778,1289,29914,9674
216798,1337,29974,9675
216818,1309,29977,9676
216838,1300,29934,9677
216858,1309,29866,9678
216878,1315,29854,9679
216898,1335,29958,9680
216918,1323,29849,9681
216938,1331,29914,9682
216958,1282,29869,9683
216978,1353,29882,9684
216998,1269,29981,9685
217018,1296,29946,9686
217038,1270,29860,9687
217058,1534,29747,9688
217078,1536,29889,9689
217098,1506,29865,9690
217118,1545,29849,9691
217138,1563,29846,9692
217158,1498,29857,9693
217178,1535,29791,9694
217198,1566,29547,9695
217218,1559,29596,9696
217238,1540,29679,9697
217258,1558,29826,9698
217278,1531,30007,9699
217298,1526,29871,9700
217318,1554,29925,9701
217338,1543,29827,9702
217358,1539,29802,9703
217378,1539,29815,9704
217398,1570,29826,9705
217418,1507,29735,9706
217438,1520,29828,9707
217458,1581,29781,9708
217478,1528,29708,9709
217498,1496,29641,9710
217518,1540,29611,9711
217538,1562,29665,9712
217558,1822,29688,9713
217578,1818,29633,9714
217598,1828,29573,9715
217618,1842,29534,9716
217638,1781,29477,9717
217658,1810,29596,9718
217678,1808,29557,9719
217698,1783,29599,9720
217718,1823,29740,9721
217738,1830,29740,9722
217758,1789,29653,9723
217778,1811,29661,9724
217798,1773,29539,9725
217818,1797,29569,9726
217838,1827,29762,9727
217858,1762,29749,9728
217878,1789,29659,9729
217898,1828,29571,9730
217918,1789,29701,9731
217938,1837,29715,9732
217958,1761,29872,9733
217978,1773,29738,9734
217998,1799,29676,9735
218018,1804,29759,9736
218038,1796,29788,9737
218058,2070,29815,9738
218078,2091,29757,9739
218098,2090,29765,9740
218118,2086,29793,9741
218138,2036,29717,9742
218158,2128,29807,9743
218178,2047,29778,9744
218198,2007,29669,9745
218218,2103,29748,9746
218238,2039,29778,9747
218258,2014,29732,9748
218278,2043,29643,9749
218298,2052,29670,9750
218318,2069,29721,9751
218338,2076,29634,9752
218358,2123,29509,9753
218378,2080,29665,9754
218398,2099,29657,9755
218418,2034,29606,9756
218438,2057,29641,9757
218458,2100,29544,9758
218478,2100,29483,9759
218498,2049,29605,9760
218518,2133,29555,9761
218538,2033,29565,9762
218558,2706,29554,9763
218578,2719,29627,9764
218598,2644,29551,9765
218618,2693,29662,9766
218638,2691,29668,9767
218658,2728,29527,9768
218678,2744,29416,9769
218698,2747,29503,9770
218718,2736,29428,9771
218738,2711,29615,9772
218758,2694,29564,9773
218778,2713,29444,9774
218798,2755,29542,9775
218818,2694,29592,9776
218838,2709,29553,9777
218858,2723,29535,9778
218878,2698,29404,9779
218898,2748,29350,9780
218918,2746,29434,9781
218938,2678,29408,9782
218958,2687,29447,9783
218978,2740,29412,9784
218998,2662,29441,9785
219018,2720,29434,9786
219038,2720,29511,9787
219058,3033,29331,9788
219078,3007,29426,9789
219098,3043,29563,9790
219118,3024,29495,9791
219138,3027,29404,9792
219158,3031,29448,9793
219178,2996,29459,9794
219198,3023,29484,9795
219218,3014,29359,9796
219238,3007,29489,9797
219258,3009,29205,9798
219278,3059,29318,9799
219298,3004,29420,9800
219318,3064,29308,9801
219338,3057,29291,9802
219358,3036,29399,9803
219378,3020,29337,9804
219398,3096,29438,9805
219418,3004,29354,9806
219438,3026,29280,9807
219458,2998,29257,9808
219478,3003,29317,9809
219498,3016,29178,9810
219518,3083,29167,9811
219538,3032,29113,9812
219558,3336,29143,9813
219578,3369,29167,9814
219598,3336,29241,9815
219618,3390,29270,9816
219638,3372,29189,9817
219658,3374,29361,9818
219678,3379,29228,9819
219698,3360,29329,9820
219718,3307,29192,9821
219738,3372,29213,9822
219758,3296,29233,9823
219778,3335,29227,9824
219798,3364,29182,9825
219818,3354,29239,9826
219838,3347,29163,9827
219858,3362,29221,9828
219878,3342,29314,9829
219898,3349,29252,9830
219918,3366,29206,9831
219938,3371,29080,9832
219958,3344,29156,9833
219978,3384,29114,9834
219998,3332,29107,9835
220018,3347,29131,9836
220038,3352,29087,9837
220058,3673,29176,9838
220078,3707,29114,9839
220098,3685,29145,9840
220118,3673,29106,9841
220138,3659,29188,9842
220158,3746,29240,9843
220178,3724,29092,9844
220198,3720,29192,9845
220218,3679,29178,9846
220238,3716,29132,9847
220258,3749,29191,9848
220278,3745,29088,9849
220298,3747,29099,9850
220318,3679,29152,9851
220338,3711,29204,9852
220358,3699,29118,9853
220378,3695,29089,9854
220398,3732,29154,9855
220418,3732,29080,9856
220438,3674,29135,9857
220458,3718,29061,9858
220478,3715,29077,9859
220498,3701,29027,9860
220518,3732,29076,9861
220538,3716,29031,9862
220558,4501,29083,9863
220578,4519,29125,9864
220598,4518,28905,9865
220618,4503,29040,9866
220638,4497,28994,9867
220658,4547,28941,9868
220678,4527,28890,9869
220698,4556,28889,9870
220718,4486,28938,9871
220738,4515,29012,9872
220758,4545,29013,9873
220778,4554,28953,9874
220798,4496,28978,9875
220818,4535,28986,9876
220838,4527,29015,9877
220858,4550,28957,9878
220878,4561,29086,9879
220898,4538,29020,9880
220918,4549,29014,9881
220938,4527,28993,9882
220958,4533,29015,9883
220978,4548,28974,9884
220998,4553,29082,9885
221018,4538,28992,9886
221038,4516,28792,9887
221058,4939,28882,9888
221078,4990,28774,9889
221098,4972,28768,9890
221118,4983,28895,9891
221138,4939,28763,9892
221158,4961,28610,9893
221178,4971,28534,9894
221198,4967,28713,9895
221218,4922,28704,9896
221238,4972,28628,9897
221258,4946,28683,9898
221278,4963,28707,9899
221298,4977,28670,9900
221318,4889,28916,9901
221338,4984,28868,9902
221358,4963,28740,9903
221378,4954,28791,9904
221398,4977,28639,9905
221418,4969,28676,9906
221438,4932,28668,9907
221458,4924,28932,9908
221478,4914,28861,9909
221498,4968,28781,9910
221518,4940,28777,9911
221538,4925,28848,9912
221558,5323,28744,9913
221578,5362,28752,9914
221598,5359,28928,9915
221618,5323,28772,9916
221638,5360,28881,9917
221658,5360,28840,9918
221678,5392,28874,9919
221698,5320,28889,9920
221718,5416,28766,9921
221738,5403,28808,9922
221758,5393,28813,9923
221778,5372,28800,9924
221798,5356,28742,9925
221818,5372,28843,9926
221838,5336,28813,9927
221858,5361,28811,9928
221878,5334,28733,9929
221898,5372,28773,9930
221918,5354,28737,9931
221938,5374,28731,9932
221958,5363,28762,9933
221978,5372,28728,9934
221998,5357,28804,9935
222018,5420,28772,9936
222038,5376,28783,9937
222058,6361,28765,9938
222078,6329,28811,9939
222098,6356,28746,9940
222118,6355,28615,9941
222138,6287,28657,9942
222158,6371,28764,9943
222178,6347,28730,9944
222198,6290,28739,9945
222218,6345,28607,9946
222238,6336,28599,9947
222258,6353,28699,9948
222278,6350,28652,9949
222298,6352,28722,9950
222318,6322,28683,9951
222338,6335,28673,9952
222358,6331,28655,9953
222378,6279,28528,9954
222398,6340,28373,9955
222418,6307,28434,9956
222438,6353,28550,9957
222458,6339,28573,9958
222478,6332,28635,9959
222498,6362,28599,9960
222518,6333,28515,9961
222538,6389,28588,9962
222558,6791,28553,9963
222578,6789,28571,9964
222598,6808,28615,9965
222618,6819,28596,9966
222638,6796,28608,9967
222658,6771,28561,9968
222678,6803,28563,9969
222698,6808,28606,9970
222718,6831,28523,9971
222738,6831,28551,9972
222758,6830,28524,9973
222778,6790,28595,9974
222798,6796,28556,9975
222818,6800,28510,9976
222838,6805,28507,9977
222858,6819,28404,9978
222878,6828,28498,9979
222898,6812,28459,9980
222918,6831,28444,9981
222938,6832,28568,9982
222958,6868,28465,9983
222978,6850,28441,9984
222998,6808,28451,9985
223018,6871,28381,9986
223038,6822,28379,9987
223058,7327,28411,9988
223078,7312,28392,9989
223098,7296,28425,9990
223118,7287,28397,9991
223138,7282,28383,9992
223158,7305,28488,9993
223178,7303,28432,9994
223198,7353,28457,9995
223218,7321,28422,9996
223238,7358,28393,9997
223258,7345,28312,9998
223278,7336,28317,9999
223298,7318,28392,10000
223318,7333,28455,10001
223338,7344,28485,10002
223358,7319,28373,10003
223378,7329,28441,10004
223398,7335,28361,10005
223418,7318,28413,10006
223438,7322,28356,10007
223458,7303,28308,10008
223478,7360,28292,10009
223498,7311,28387,10010
223518,7292,28315,10011
223538,7314,28275,10012
223558,7781,28233,10013
223578,7852,28307,10014
223598,7825,28403,10015
223618,7850,28388,10016
223638,7848,28367,10017
223658,7804,28361,10018
223678,7846,28373,10019
223698,7852,28345,10020
223718,7824,28336,10021
223738,7796,28358,10022
223758,7821,28393,10023
223778,7817,28386,10024
223798,7836,28473,10025
223818,7816,28382,10026
223838,7827,28322,10027
223858,7829,28280,10028
223878,7858,28345,10029
223898,7823,28424,10030
223918,7837,28341,10031
223938,7815,28387,10032
223958,7834,28315,10033
223978,7824,28315,10034
223998,7808,28367,10035
224018,7829,28271,10036
224038,7841,28293,10037
224058,8964,28337,10038
224078,8924,28371,10039
224098,8956,28288,10040
224118,8937,28216,10041
224138,8949,28290,10042
224158,8926,28185,10043
224178,8918,28128,10044
224198,8894,28195,10045
224218,8900,28190,10046
224238,8910,28264,10047
224258,8936,28197,10048
224278,8934,28261,10049
224298,8961,28260,10050
224318,8997,28167,10051
224338,8982,28201,10052
224358,8921,28230,10053
224378,8942,28191,10054
224398,8932,28234,10055
224418,8928,28189,10056
224438,8928,28250,10057
224458,8928,28255,10058
224478,8905,28252,10059
224498,8943,28189,10060
224518,8907,28120,10061
224538,8953,28076,10062
224558,9485,28049,10063
224578,9493,28086,10064
224598,9481,28020,10065
224618,9487,27978,10066
224638,9480,28048,10067
224658,9463,27939,10068
224678,9413,27991,10069
224698,9473,27898,10070
224718,9496,27960,10071
224738,9488,28037,10072
224758,9496,28011,10073
224778,9500,28009,10074
224798,9495,28115,10075
224818,9479,27999,10076
224838,9505,28076,10077
224858,9509,28134,10078
224878,9503,28162,10079
224898,9472,28096,10080
224918,9476,28080,10081
224938,9465,28097,10082
224958,9477,27896,10083
224978,9492,27909,10084
224998,9470,27886,10085
225018,9486,28020,10086
225038,9469,28126,10087
225058,10031,28137,10088
225078,10052,28166,10089
225098,10044,28093,10090
225118,10066,28117,10091
225138,10070,28118,10092
225158,10057,28106,10093
225178,10071,28117,10094
225198,10049,28025,10095
225218,10065,28145,10096
225238,10076,28110,10097
225258,10059,28091,10098
225278,10065,28103,10099
225298,10065,28135,10100
225318,10030,28139,10101
225338,10063,28026,10102
225358,10038,28040,10103
225378,10061,27987,10104
225398,10046,28099,10105
225418,10046,28119,10106
225438,10047,28084,10107
225458,10059,28098,10108
225478,10058,28040,10109
225498,10054,28034,10110
225518,10059,28097,10111
225538,10056,28001,10112
225558,11287,28027,10113
225578,11299,28074,10114
225598,11281,28097,10115
225618,11265,28082,10116
225638,11246,28050,10117
225658,11264,28019,10118
225678,11254,27978,10119
225698,11276,27983,10120
225718,11264,27984,10121
225738,11276,27959,10122
225758,11283,27988,10123
225778,11309,28046,10124
225798,11298,28077,10125
225818,11268,28005,10126
225838,11276,27996,10127
225858,11233,27927,10128
225878,11268,27920,10129
225898,11292,27906,10130
225918,11260,27842,10131
225938,11273,27876,10132
225958,11281,27946,10133
225978,11257,27969,10134
225998,11276,28023,10135
226018,11301,27987,10136
226038,11274,27922,10137
226058,11873,27944,10138
226078,11891,27939,10139
226098,11890,28004,10140
226118,11904,27989,10141
226138,11912,27952,10142
226158,11886,27980,10143
226178,11877,27990,10144
226198,11860,27950,10145
226218,11882,27910,10146
226238,11887,27885,10147
226258,11877,27919,10148
226278,11890,27993,10149
226298,11896,27918,10150
226318,11891,27862,10151
226338,11891,27851,10152
226358,11920,27790,10153
226378,11875,27844,10154
226398,11891,27846,10155
226418,11875,27877,10156
226438,11898,27866,10157
226458,11861,27913,10158
226478,11848,27889,10159
226498,11885,27801,10160
226518,11883,27795,10161
226538,11897,27831,10162
226558,12560,27800,10163
226578,12581,27927,10164
226598,12540,27812,10165
226618,12545,27826,10166
226638,12558,27847,10167
226658,12603,27807,10168
226678,12570,27826,10169
226698,12555,27830,10170
226718,12573,27790,10171
226738,12549,27809,10172
226758,12535,27845,10173
226778,12559,27837,10174
226798,12540,27809,10175
226818,12533,27822,10176
226838,12534,27921,10177
226858,12560,27811,10178
226878,12583,27920,10179
226898,12561,27849,10180
226918,12549,27863,10181
226938,12560,27792,10182
226958,12548,27776,10183
226978,12512,27757,10184
226998,12563,27683,10185
227018,12532,27785,10186
227038,12535,27786,10187
227058,13165,27843,10188
227078,13190,27785,10189
227098,13167,27797,10190
227118,13170,27817,10191
227138,13157,27883,10192
227158,13188,27781,10193
227178,13160,27798,10194
227198,13202,27828,10195
227218,13182,27828,10196
227238,13188,27842,10197
227258,13205,27855,10198
227278,13207,27840,10199
227298,13216,27794,10200
227318,13227,27757,10201
227338,13194,27817,10202
227358,13194,27817,10203
227378,13193,27766,10204
227398,13173,27803,10205
227418,13199,27787,10206
227438,13172,27754,10207
227458,13201,27758,10208
227478,13205,27699,10209
227498,13182,27710,10210
227518,13180,27693,10211
227538,13177,27680,10212
227558,14536,27709,10213
227578,14535,27669,10214
227598,14510,27692,10215
227618,14519,27710,10216
227638,14516,27694,10217
227658,14518,27701,10218
227678,14539,27431,10219
227698,14551,27594,10220
227718,14549,27572,10221
227738,14553,27686,10222
227758,14583,27635,10223
227778,14548,27704,10224
227798,14558,27718,10225
227818,14538,27683,10226
227838,14530,27688,10227
227858,14534,27754,10228
227878,14526,27672,10229
227898,14538,27627,10230
227918,14572,27686,10231
227938,14538,27657,10232
227958,14510,27654,10233
227978,14521,27705,10234
227998,14537,27681,10235
228018,14516,27583,10236
228038,14557,27580,10237
228058,15227,27473,10238
228078,15219,27492,10239
228098,15197,27518,10240
228118,15228,27435,10241
228138,15217,27307,10242
228158,15181,27333,10243
228178,15195,27359,10244
228198,15181,27517,10245
228218,15214,27515,10246
228238,15228,27437,10247
228258,15227,27465,10248
228278,15237,27576,10249
228298,15223,27658,10250
228318,15197,27485,10251
228338,15209,27593,10252
228358,15184,27599,10253
228378,15223,27656,10254
228398,15199,27701,10255
228418,15157,27581,10256
228438,15221,27517,10257
228458,15197,27318,10258
228478,15187,27554,10259
228498,15206,27429,10260
228518,15196,27613,10261
228538,15203,27571,10262
228558,15857,27600,10263
228578,15901,27631,10264
228598,15906,27571,10265
228618,15889,27585,10266
228638,15914,27613,10267
228658,15880,27641,10268
228678,15900,27698,10269
228698,15885,27652,10270
228718,15876,27639,10271
228738,15903,27615,10272
228758,15880,27562,10273
228778,15865,27631,10274
228798,15894,27609,10275
228818,15886,27635,10276
228838,15900,27609,10277
228858,15905,27694,10278
228878,15901,27655,10279
228898,15906,27580,10280
228918,15894,27665,10281
228938,15914,27565,10282
228958,15874,27596,10283
228978,15884,27636,10284
228998,15875,27569,10285
229018,15887,27563,10286
229038,15902,27613,10287
229058,16628,27593,10288
229078,17296,27664,10289
229098,17278,27589,10290
229118,17314,27600,10291
229138,17326,27608,10292
229158,17312,27637,10293
229178,17292,27511,10294
229198,17318,27536,10295
229218,17305,27505,10296
229238,17286,27538,10297
229258,17297,27520,10298
229278,17325,27505,10299
229298,17327,27545,10300
229318,17314,27507,10301
229338,17322,27554,10302
229358,17314,27639,10303
229378,17345,27567,10304
229398,17284,27499,10305
229418,17289,27561,10306
229438,17322,27568,10307
229458,17319,27622,10308
229478,17341,27520,10309
229498,17310,27532,10310
229518,17307,27575,10311
229538,17310,27525,10312
229558,18005,27548,10313
229578,18038,27418,10314
229598,18022,27449,10315
229618,18024,27419,10316
229638,18017,27520,10317
229658,18001,27592,10318
229678,18025,27451,10319
229698,17998,27527,10320
229718,17995,27508,10321
229738,18002,27557,10322
229758,18019,27540,10323
229778,18045,27439,10324
229798,18017,27554,10325
229818,18024,27504,10326
229838,18006,27407,10327
229858,18001,27330,10328
229878,18017,27341,10329
229898,18023,27341,10330
229918,17992,27393,10331
229938,18013,27515,10332
229958,18025,27430,10333
229978,18026,27410,10334
229998,18023,27578,10335
230018,18019,27532,10336
230038,18009,27575,10337
230058,18746,27492,10338
230078,18780,27602,10339
230098,18768,27509,10340
230118,18745,27539,10341
230138,18764,27549,10342
230158,18748,27479,10343
230178,18778,27473,10344
230198,18801,27390,10345
230218,18797,27411,10346
230238,18802,27386,10347
230258,18762,27404,10348
230278,18770,27375,10349
230298,18758,27435,10350
230318,18783,27415,10351
230338,18779,27459,10352
230358,18811,27316,10353
230378,18800,27436,10354
230398,18789,27427,10355
230418,18764,27416,10356
230438,18771,27367,10357
230458,18782,27432,10358
230478,18758,27446,10359
230498,18776,27444,10360
230518,18818,27504,10361
230538,18807,27377,10362
230558,19468,27420,10363
230578,19491,27493,10364
230598,19528,27416,10365
230618,19511,27327,10366
230638,19517,27387,10367
230658,19501,27244,10368
230678,19505,27311,10369
230698,19502,27379,10370
230718,19517,27423,10371
230738,19519,27376,10372
230758,19530,27521,10373
230778,19486,27493,10374
230798,19541,27440,10375
230818,19535,27406,10376
230838,19508,27366,10377
230858,19514,27451,10378
230878,19498,27425,10379
230898,19553,27414,10380
230918,19507,27438,10381
230938,19482,27406,10382
230958,19492,27439,10383
230978,19513,27470,10384
230998,19521,27414,10385
231018,19503,27458,10386
231038,19512,27366,10387
231058,20935,27374,10388
231078,21044,27448,10389
231098,21025,27411,10390
231118,21021,27440,10391
231138,21003,27355,10392
231158,21028,27242,10393
231178,21048,27327,10394
231198,21038,27251,10395
231218,21048,27310,10396
231238,20999,27325,10397
231258,21007,27345,10398
231278,20986,27221,10399
231298,21009,27257,10400
231318,21019,27249,10401
231338,21039,27153,10402
231358,21048,27256,10403
231378,21041,27345,10404
231398,21026,27351,10405
231418,21023,27356,10406
231438,21016,27397,10407
231458,21021,27363,10408
231478,21002,27386,10409
231498,21026,27182,10410
231518,21021,26975,10411
231538,21022,27056,10412
231558,21689,27070,10413
231578,21777,27153,10414
231598,21752,27089,10415
231618,21779,26983,10416
231638,21768,27020,10417
231658,21800,26956,10418
231678,21764,27122,10419
231698,21757,27097,10420
231718,21750,27095,10421
231738,21768,27188,10422
231758,21769,27186,10423
231778,21783,27370,10424
231798,21781,27197,10425
231818,21791,27189,10426
231838,21748,27371,10427
231858,21769,27363,10428
231878,21761,27388,10429
231898,21737,27387,10430
231918,21779,27313,10431
231938,21789,27316,10432
231958,21788,27102,10433
231978,21780,27067,10434
231998,21764,27016,10435
232018,21754,27202,10436
232038,21763,27164,10437
232058,22374,27139,10438
232078,22497,27028,10439
232098,22524,27315,10440
232118,22521,27308,10441
232138,22490,27239,10442
232158,22513,27228,10443
232178,22528,27220,10444
232198,22544,27310,10445
232218,22536,27253,10446
232238,22534,27326,10447
232258,22548,27248,10448
232278,22520,27323,10449
232298,22530,27282,10450
232318,22469,27368,10451
232338,22523,27245,10452
232358,22520,27292,10453
232378,22507,27347,10454
232398,22561,27360,10455
232418,22512,27373,10456
232438,22523,27413,10457
232458,22494,27348,10458
232478,22477,27367,10459
232498,22501,27328,10460
232518,22560,27324,10461
232538,22564,27352,10462
232558,23168,27339,10463
232578,23331,27300,10464
232598,23313,27274,10465
232618,23335,27350,10466
232638,23303,27269,10467
232658,23287,27247,10468
232678,23296,27234,10469
232698,23313,27251,10470
232718,23314,27327,10471
232738,23298,27233,10472
232758,23277,27304,10473
232778,23315,27271,10474
232798,23320,27246,10475
232818,23327,27300,10476
232838,23318,27253,10477
232858,23327,27248,10478
232878,23340,27312,10479
232898,23329,27257,10480
232918,23341,27243,10481
232938,23302,27263,10482
232958,23293,27254,10483
232978,23309,27304,10484
232998,23306,27285,10485
233018,23322,27321,10486
233038,23285,27281,10487
233058,24463,27366,10488
233078,24877,27353,10489
233098,24856,27349,10490
233118,24872,27317,10491
233138,24872,27162,10492
233158,24874,27269,10493
233178,24910,27336,10494
233198,24860,27201,10495
233218,24912,27264,10496
233238,24886,27187,10497
233258,24870,27207,10498
233278,24873,27106,10499
233298,24936,27010,10500
233318,24898,26942,10501
233338,24868,26920,10502
233358,24894,27001,10503
233378,24892,26989,10504
233398,24876,27040,10505
233418,24839,27021,10506
233438,24884,27105,10507
233458,24870,27310,10508
233478,24878,27212,10509
233498,24905,27002,10510
233518,24870,27072,10511
233538,24883,27221,10512
233558,25425,27360,10513
233578,25673,27258,10514
233598,25653,27208,10515
233618,25637,27148,10516
233638,25645,27047,10517
233658,25638,27219,10518
233678,25638,27276,10519
233698,25643,27287,10520
233718,25641,27305,10521
233738,25642,27410,10522
233758,25633,27314,10523
233778,25660,27308,10524
233798,25667,27244,10525
233818,25678,27107,10526
233838,25653,27251,10527
233858,25662,27148,10528
233878,25649,27120,10529
233898,25643,27030,10530
233918,25617,27169,10531
233938,25658,27302,10532
233958,25697,27113,10533
233978,25660,27296,10534
233998,25678,27238,10535
234018,25656,27246,10536
234038,25715,27217,10537
234058,26173,27268,10538
234078,26411,27216,10539
234098,26418,27325,10540
234118,26447,27270,10541
234138,26444,27441,10542
234158,26406,27109,10543
234178,26429,27065,10544
234198,26450,27185,10545
234218,26423,27302,10546
234238,26427,27332,10547
234258,26427,27374,10548
234278,26432,27350,10549
234298,26444,27231,10550
234318,26420,27292,10551
234338,26406,27338,10552
234358,26405,27277,10553
234378,26403,27358,10554
234398,26440,27313,10555
234418,26406,27326,10556
234438,26414,27352,10557
234458,26440,27251,10558
234478,26409,27366,10559
234498,26384,27302,10560
234518,26427,27393,10561
234538,26393,27366,10562
234558,27411,27246,10563
234578,28056,27286,10564
234598,28039,27334,10565
234618,28039,27305,10566
234638,28023,27305,10567
234658,28051,27126,10568
234678,28040,27156,10569
234698,28023,27278,10570
234718,28031,27314,10571
234738,28027,27245,10572
234758,28089,27229,10573
234778,28043,27170,10574
234798,28036,27218,10575
234818,28026,27321,10576
234838,28034,27150,10577
234858,28049,27202,10578
234878,28006,27199,10579
234898,28049,27114,10580
234918,28011,27235,10581
234938,28042,27242,10582
234958,28047,27166,10583
234978,28055,27203,10584
234998,28104,27251,10585
235018,28008,27257,10586
235038,28021,27259,10587
235058,28009,27361,10588
235078,28863,27352,10589
235098,28874,27365,10590
235118,28905,27224,10591
235138,28880,27229,10592
235158,28860,27441,10593
235178,28871,27344,10594
235198,28888,27361,10595
235218,28861,27476,10596
235238,28848,27247,10597
235258,28865,27355,10598
235278,28876,27357,10599
235298,28846,27296,10600
235318,28842,27281,10601
235338,28909,27258,10602
235358,28860,27257,10603
235378,28915,27109,10604
235398,28875,27261,10605
235418,28869,27104,10606
235438,28880,27197,10607
235458,28853,27275,10608
235478,28857,27244,10609
235498,28879,27259,10610
235518,28792,27099,10611
235538,28900,27131,10612
235558,29308,27149,10613
235578,29725,27133,10614
235598,29670,27186,10615
235618,29708,27248,10616
235638,29664,27238,10617
235658,29692,27294,10618
235678,29657,27233,10619
235698,29639,27027,10620
235718,29678,26981,10621
235738,29676,26949,10622
235758,29647,27174,10623
235778,29674,27188,10624
235798,29657,27349,10625
235818,29581,27308,10626
235838,29635,27335,10627
235858,29694,27462,10628
235878,29634,27326,10629
235898,29675,27354,10630
235918,29667,27285,10631
235938,29712,27335,10632
235958,29681,27318,10633
235978,29665,27229,10634
235998,29616,27139,10635
236018,29667,27143,10636
236038,29609,27189,10637
236058,30105,27168,10638
236078,30468,26980,10639
236098,30458,27034,10640
236118,30461,27201,10641
236138,30442,27105,10642
236158,30450,27297,10643
236178,30434,27277,10644
236198,30447,27044,10645
236218,30438,27218,10646
236238,30443,27387,10647
236258,30413,27294,10648
236278,30476,27345,10649
236298,30462,27136,10650
236318,30462,27132,10651
236338,30466,27160,10652
236358,30424,27112,10653
236378,30479,27284,10654
236398,30487,27215,10655
236418,30439,27297,10656
236438,30472,27406,10657
236458,30443,27357,10658
236478,30444,27331,10659
236498,30432,27326,10660
236518,30415,27286,10661
236538,30478,27339,10662
236558,31250,27364,10663
236578,32058,27380,10664
236598,32037,27305,10665
236618,32133,27358,10666
236638,32074,27293,10667
236658,32093,27284,10668
236678,32107,27262,10669
236698,32033,27212,10670
236718,32124,27233,10671
236738,32101,27361,10672
236758,32013,27198,10673
236778,32147,27403,10674
236798,32070,27459,10675
236818,32062,27409,10676
236838,32034,27411,10677
236858,32079,27415,10678
236878,32022,27375,10679
236898,32073,27350,10680
236918,32075,27402,10681
236938,32098,27232,10682
236958,32060,27318,10683
236978,32096,27302,10684
236998,32077,27335,10685
237018,32125,27303,10686
237038,32107,27315,10687
237058,32479,27393,10688
237078,32880,27402,10689
237098,32898,27497,10690
237118,32863,27461,10691
237138,32899,27314,10692
237158,32891,27259,10693
237178,32830,27310,10694
237198,32835,27353,10695
237218,32846,27313,10696
237238,32867,27281,10697
237258,32883,27396,10698
237278,32858,27431,10699
237298,32871,27527,10700
237318,32922,27384,10701
237338,32891,27530,10702
237358,32886,27487,10703
237378,32900,27462,10704
237398,32871,27515,10705
237418,32847,27551,10706
237438,32873,27385,10707
237458,32884,27332,10708
237478,32846,27328,10709
237498,32852,27387,10710
237518,32914,27302,10711
237538,32927,27450,10712
237558,33195,27483,10713
237578,33665,27380,10714
237598,33659,27467,10715
237618,33653,27382,10716
237638,33654,27374,10717
237658,33683,27439,10718
237678,33668,27425,10719
237698,33691,27385,10720
237718,33694,27362,10721
237738,33646,27437,10722
237758,33664,27509,10723
237778,33646,27458,10724
237798,33669,27468,10725
237818,33655,27407,10726
237838,33636,27423,10727
237858,33660,27346,10728
237878,33632,27317,10729
237898,33713,27339,10730
237918,33672,27434,10731
237938,33666,27453,10732
237958,33687,27509,10733
237978,33640,27451,10734
237998,33686,27356,10735
238018,33731,27263,10736
238038,33684,27382,10737
238058,34275,27330,10738
238078,35298,27378,10739
238098,35317,27460,10740
238118,35212,27359,10741
238138,35336,27566,10742
238158,35345,27470,10743
238178,35323,27476,10744
238198,35337,27497,10745
238218,35313,27434,10746
238238,35289,27488,10747
238258,35317,27424,10748
238278,35324,27478,10749
238298,35280,27442,10750
238318,35290,27339,10751
238338,35357,27420,10752
238358,35310,27412,10753
238378,35319,27381,10754
238398,35267,27280,10755
238418,35294,27391,10756
238438,35267,27486,10757
238458,35295,27489,10758
238478,35288,27454,10759
238498,35325,27424,10760
238518,35301,27492,10761
238538,35309,27485,10762
238558,35611,27512,10763
238578,36108,27391,10764
238598,36120,27541,10765
238618,36090,27511,10766
238638,36112,27533,10767
238658,36053,27600,10768
238678,36046,27613,10769
238698,36082,27501,10770
238718,36163,27552,10771
238738,36061,27444,10772
238758,36095,27557,10773
238778,36119,27470,10774
238798,36054,27465,10775
238818,36055,27615,10776
238838,36077,27554,10777
238858,36128,27566,10778
238878,36095,27576,10779
238898,36080,27460,10780
238918,36056,27534,10781
238938,36071,27428,10782
238958,36060,27625,10783
238978,36043,27421,10784
238998,36063,27463,10785
239018,36124,27510,10786
239038,36073,27492,10787
239058,36352,27453,10788
239078,36959,27442,10789
239098,36899,27474,10790
239118,36944,27513,10791
239138,36883,27619,10792
239158,36873,27442,10793
239178,36937,27605,10794
239198,36846,27519,10795
239218,36876,27602,10796
239238,36875,27442,10797
239258,36848,27563,10798
239278,36870,27530,10799
239298,36884,27564,10800
239318,36868,27499,10801
239338,36905,27628,10802
239358,36874,27537,10803
239378,36915,27561,10804
239398,36962,27514,10805
239418,36872,27665,10806
239438,36902,27668,10807
239458,36878,27560,10808
239478,36841,27596,10809
239498,36916,27691,10810
239518,36867,27584,10811
239538,36923,27493,10812
239558,37148,27484,10813
239578,37722,27596,10814
239598,37688,27654,10815
239618,37726,27595,10816
239638,37663,27644,10817
239658,37684,27577,10818
239678,37694,27559,10819
239698,37727,27681,10820
239718,37699,27480,10821
239738,37674,27562,10822
239758,37677,27472,10823
239778,37713,27624,10824
239798,37737,27565,10825
239818,37713,27616,10826
239838,37691,27574,10827
239858,37722,27556,10828
239878,37690,27675,10829
239898,37694,27612,10830
239918,37681,27601,10831
239938,37697,27552,10832
239958,37707,27580,10833
239978,37667,27612,10834
239998,37733,27540,10835
240018,37746,27636,10836
240038,37693,27591,10837
240058,38114,27617,10838
240078,39355,27637,10839
240098,39292,27694,10840
240118,39300,27509,10841
240138,39334,27529,10842
240158,39311,27451,10843
240178,39331,27645,10844
240198,39368,27529,10845
240218,39316,27597,10846
240238,39355,27650,10847
240258,39358,27588,10848
240278,39287,27620,10849
240298,39329,27642,10850
240318,39367,27599,10851
240338,39303,27635,10852
240358,39341,27673,10853
240378,39344,27542,10854
240398,39355,27567,10855
240418,39299,27442,10856
240438,39343,27527,10857
240458,39318,27704,10858
240478,39339,27704,10859
240498,39330,27675,10860
240518,39329,27604,10861
240538,39324,27585,10862
240558,39329,27588,10863
240578,40081,27551,10864
240598,40107,27591,10865
240618,40042,27463,10866
240638,40092,27489,10867
240658,40037,27731,10868
240678,40084,27657,10869
240698,40134,27603,10870
240718,40064,27660,10871
240738,40102,27668,10872
240758,40073,27758,10873
240778,40041,27634,10874
240798,40052,27530,10875
240818,40089,27680,10876
240838,40111,27802,10877
240858,40122,27875,10878
240878,40070,27667,10879
240898,40125,27723,10880
240918,40132,27716,10881
240938,40083,27688,10882
240958,40082,27686,10883
240978,40094,27591,10884
240998,40071,27476,10885
241018,40083,27626,10886
241038,40093,27559,10887
241058,40220,27789,10888
241078,40837,27710,10889
241098,40881,27800,10890
241118,40823,27844,10891
241138,40876,27779,10892
241158,40923,27860,10893
241178,40866,27751,10894
241198,40874,27644,10895
241218,40946,27695,10896
241238,40854,27693,10897
241258,40884,27672,10898
241278,40849,27575,10899
241298,40852,27580,10900
241318,40850,27646,10901
241338,40884,27754,10902
241358,40909,27706,10903
241378,40844,27700,10904
241398,40833,27647,10905
241418,40864,27854,10906
241438,40836,27746,10907
241458,40845,27816,10908
241478,40864,27885,10909
241498,40893,27835,10910
241518,40884,27886,10911
241538,40869,27807,10912
241558,41120,27823,10913
241578,42416,27813,10914
241598,42414,27864,10915
241618,42436,27816,10916
241638,42406,27783,10917
241658,42413,27816,10918
241678,42423,27872,10919
241698,42445,27786,10920
241718,42441,27974,10921
241738,42462,27893,10922
241758,42435,27784,10923
241778,42425,27894,10924
241798,42449,27907,10925
241818,42439,27893,10926
241838,42410,27837,10927
241858,42435,27894,10928
241878,42374,27896,10929
241898,42411,27892,10930
241918,42431,27759,10931
241938,42451,27854,10932
241958,42444,27861,10933
241978,42448,27973,10934
241998,42433,27918,10935
242018,42429,27974,10936
242038,42408,27913,10937
242058,42518,27929,10938
242078,43259,28043,10939
242098,43242,27913,10940
242118,43210,27916,10941
242138,43248,27847,10942
242158,43234,27864,10943
242178,43267,27919,10944
242198,43219,27989,10945
242218,43254,27845,10946
242238,43272,27869,10947
242258,43230,27891,10948
242278,43232,27921,10949
242298,43246,27886,10950
242318,43221,27894,10951
242338,43258,27871,10952
242358,43245,27821,10953
242378,43226,27837,10954
242398,43227,27797,10955
242418,43228,27837,10956
242438,43239,27908,10957
242458,43228,27843,10958
242478,43280,27921,10959
242498,43228,27782,10960
242518,43234,27704,10961
242538,43263,27790,10962
242558,43263,27985,10963
242578,43959,28016,10964
242598,43946,27936,10965
242618,43982,27868,10966
242638,43984,27831,10967
242658,43995,27842,10968
242678,43985,27841,10969
242698,43992,27894,10970
242718,43988,27736,10971
242738,44009,27626,10972
242758,44012,27755,10973
242778,44011,27834,10974
242798,43969,27791,10975
242818,43994,27783,10976
242838,43988,27960,10977
242858,44011,27918,10978
242878,44039,27949,10979
242898,44008,28033,10980
242918,43983,28034,10981
242938,43978,27920,10982
242958,43962,27983,10983
242978,43983,27741,10984
242998,44011,27857,10985
243018,43971,27859,10986
243038,43982,27877,10987
243058,44036,28041,10988
243078,44726,27987,10989
243098,44759,28032,10990
243118,44729,28040,10991
243138,44738,28131,10992
243158,44703,28101,10993
243178,44718,28011,10994
243198,44755,28014,10995
243218,44712,28056,10996
243238,44706,28097,10997
243258,44712,28118,10998
243278,44735,28079,10999
243298,44729,28086,11000
243318,44742,28023,11001
243338,44693,28036,11002
243358,44759,28011,11003
243378,44728,27985,11004
243398,44732,27936,11005
243418,44686,27976,11006
243438,44734,28143,11007
243458,44747,28088,11008
243478,44755,28094,11009
243498,44742,28102,11010
243518,44748,28117,11011
243538,44698,28101,11012
243558,44736,28097,11013
243578,46205,28033,11014
243598,46218,28179,11015
243618,46268,28193,11016
243638,46235,28151,11017
243658,46247,28131,11018
243678,46260,28075,11019
243698,46258,28130,11020
243718,46230,28205,11021
243738,46244,28101,11022
243758,46218,28223,11023
243778,46222,28165,11024
243798,46222,28182,11025
243818,46233,28160,11026
243838,46225,28157,11027
243858,46225,28268,11028
243878,46178,28276,11029
243898,46253,28272,11030
243918,46270,28292,11031
243938,46254,28254,11032
243958,46262,28256,11033
243978,46251,28301,11034
243998,46281,28237,11035
244018,46224,28415,11036
244038,46227,28198,11037
244058,46221,28285,11038
244078,46977,28226,11039
244098,46966,28270,11040
244118,46987,28207,11041
244138,47009,28249,11042
244158,46986,28251,11043
244178,47029,28208,11044
244198,46979,28205,11045
244218,46968,28209,11046
244238,46974,28195,11047
244258,46959,28212,11048
244278,46940,28244,11049
244298,46977,28277,11050
244318,46993,28272,11051
244338,46957,28222,11052
244358,47000,28325,11053
244378,46961,28313,11054
244398,46942,28298,11055
244418,46935,28284,11056
244438,46970,28285,11057
244458,46963,28363,11058
244478,46964,28242,11059
244498,46961,28308,11060
244518,46968,28247,11061
244538,46962,28326,11062
244558,47003,28334,11063
244578,47748,28227,11064
244598,47766,28391,11065
244618,47764,28319,11066
244638,47754,28259,11067
244658,47745,28182,11068
244678,47726,28368,11069
244698,47720,28469,11070
244718,47722,28462,11071
244738,47720,28474,11072
244758,47711,28358,11073
244778,47712,28361,11074
244798,47721,28229,11075
244818,47748,28253,11076
244838,47786,28305,11077
244858,47734,28206,11078
244878,47721,28146,11079
244898,47710,28299,11080
244918,47732,28287,11081
244938,47729,28329,11082
244958,47728,28313,11083
244978,47749,28279,11084
244998,47739,28353,11085
245018,47768,28485,11086
245038,47714,28473,11087
245058,47748,28308,11088
245078,48437,28213,11089
245098,48445,28258,11090
245118,48426,28170,11091
245138,48448,28411,11092
245158,48475,28300,11093
245178,48432,28281,11094
245198,48459,28395,11095
245218,48500,28380,11096
245238,48475,28522,11097
245258,48459,28450,11098
245278,48427,28463,11099
245298,48474,28474,11100
245318,48433,28502,11101
245338,48432,28604,11102
245358,48433,28568,11103
245378,48473,28557,11104
245398,48419,28559,11105
245418,48425,28579,11106
245438,48428,28570,11107
245458,48431,28419,11108
245478,48453,28406,11109
245498,48455,28418,11110
245518,48456,28324,11111
245538,48443,28304,11112
245558,48450,28479,11113
245578,49847,28564,11114
245598,49868,28589,11115
245618,49858,28542,11116
245638,49856,28547,11117
245658,49855,28631,11118
245678,49842,28606,11119
245698,49860,28600,11120
245718,49844,28630,11121
245738,49838,28621,11122
245758,49849,28597,11123
245778,49868,28572,11124
245798,49837,28612,11125
245818,49836,28638,11126
245838,49836,28574,11127
245858,49854,28595,11128
245878,49870,28455,11129
245898,49877,28566,11130
245918,49893,28735,11131
245938,49894,28633,11132
245958,49867,28575,11133
245978,49878,28621,11134
245998,49870,28686,11135
246018,49875,28814,11136
246038,49841,28716,11137
246058,49882,28753,11138
246078,50545,28773,11139
246098,50515,28801,11140
246118,50515,28804,11141
246138,50511,28771,11142
246158,50538,28828,11143
246178,50565,28668,11144
246198,50554,28794,11145
246218,50553,28810,11146
246238,50557,28726,11147
246258,50536,28670,11148
246278,50505,28723,11149
246298,50504,28808,11150
246318,50493,28789,11151
246338,50514,28689,11152
246358,50560,28692,11153
246378,50556,28713,11154
246398,50534,28802,11155
246418,50537,28781,11156
246438,50521,28710,11157
246458,50509,28738,11158
246478,50527,28828,11159
246498,50511,28774,11160
246518,50544,28797,11161
246538,50511,28778,11162
246558,50556,28836,11163
246578,51261,28785,11164
246598,51218,28772,11165
246618,51222,28744,11166
246638,51240,28667,11167
246658,51229,28690,11168
246678,51201,28792,11169
246698,51194,28884,11170
246718,51196,28789,11171
246738,51230,28752,11172
246758,51191,28761,11173
246778,51214,28718,11174
246798,51148,28669,11175
246818,51224,28795,11176
246838,51217,28892,11177
246858,51243,28891,11178
246878,51243,28937,11179
246898,51218,28893,11180
246918,51227,28893,11181
246938,51242,28902,11182
246958,51177,28774,11183
246978,51214,28793,11184
246998,51203,28721,11185
247018,51231,28716,11186
247038,51233,28734,11187
247058,51264,28634,11188
247078,52551,28666,11189
247098,52573,28692,11190
247118,52560,28757,11191
247138,52533,28736,11192
247158,52563,28875,11193
247178,52541,28850,11194
247198,52548,28831,11195
247218,52582,28920,11196
247238,52580,29065,11197
247258,52564,28908,11198
247278,52580,28922,11199
247298,52537,28797,11200
247318,52548,28781,11201
247338,52528,28789,11202
247358,52547,28791,11203
247378,52535,28979,11204
247398,52548,28948,11205
247418,52527,29039,11206
247438,52554,29017,11207
247458,52583,29062,11208
247478,52582,29116,11209
247498,52539,28683,11210
247518,52556,28686,11211
247538,52570,28861,11212
247558,52534,28964,11213
247578,53171,29094,11214
247598,53168,29035,11215
247618,53164,29089,11216
247638,53203,28967,11217
247658,53195,28960,11218
247678,53199,28936,11219
247698,53195,28977,11220
247718,53221,28966,11221
247738,53178,28943,11222
247758,53159,28858,11223
247778,53205,28946,11224
247798,53166,29002,11225
247818,53220,29054,11226
247838,53211,28961,11227
247858,53196,29004,11228
247878,53228,29032,11229
247898,53179,29085,11230
247918,53175,29126,11231
247938,53147,29168,11232
247958,53191,29121,11233
247978,53199,29129,11234
247998,53218,29182,11235
248018,53179,29153,11236
248038,53187,29134,11237
248058,53200,29188,11238
248078,53850,29074,11239
248098,53847,29123,11240
248118,53875,29067,11241
248138,53856,29054,11242
248158,53864,29149,11243
248178,53843,29074,11244
248198,53852,29108,11245
248218,53841,29161,11246
248238,53843,29192,11247
248258,53825,29213,11248
248278,53874,29183,11249
248298,53878,29328,11250
248318,53841,29246,11251
248338,53847,29278,11252
248358,53856,29341,11253
248378,53856,29266,11254
248398,53873,29334,11255
248418,53819,29304,11256
248438,53841,29243,11257
248458,53816,29209,11258
248478,53857,29163,11259
248498,53882,29221,11260
248518,53875,29230,11261
248538,53858,29198,11262
248558,53841,29191,11263
248578,54430,29194,11264
248598,54439,29252,11265
248618,54444,29144,11266
248638,54452,29161,11267
248658,54468,29234,11268
248678,54464,29251,11269
248698,54501,29258,11270
248718,54479,29253,11271
248738,54444,29247,11272
248758,54451,29292,11273
248778,54468,29235,11274
248798,54429,29229,11275
248818,54474,29277,11276
248838,54458,29369,11277
248858,54436,29315,11278
248878,54474,29297,11279
248898,54453,29407,11280
248918,54461,29399,11281
248938,54457,29414,11282
248958,54476,29368,11283
248978,54429,29419,11284
248998,54485,29326,11285
249018,54458,29349,11286
249038,54438,29360,11287
249058,54450,29312,11288
249078,55658,29387,11289
249098,55667,29416,11290
249118,55678,29428,11291
249138,55682,29424,11292
249158,55694,29455,11293
249178,55674,29386,11294
249198,55700,29322,11295
249218,55716,29413,11296
249238,55670,29321,11297
249258,55669,29405,11298
249278,55680,29398,11299
249298,55678,29389,11300
249318,55684,29420,11301
249338,55688,29451,11302
249358,55669,29439,11303
249378,55680,29476,11304
249398,55669,29462,11305
249418,55683,29522,11306
249438,55683,29464,11307
249458,55659,29478,11308
249478,55680,29535,11309
249498,55683,29403,11310
249518,55686,29446,11311
249538,55719,29561,11312
249558,55711,29541,11313
249578,56263,29572,11314
249598,56271,29388,11315
249618,56244,29393,11316
249638,56251,29462,11317
249658,56250,29444,11318
249678,56241,29455,11319
249698,56215,29402,11320
249718,56236,29512,11321
249738,56235,29634,11322
249758,56249,29710,11323
249778,56234,29654,11324
249798,56239,29583,11325
249818,56262,29673,11326
249838,56244,29656,11327
249858,56249,29723,11328
249878,56271,29605,11329
249898,56244,29583,11330
249918,56249,29622,11331
249938,56242,29655,11332
249958,56220,29663,11333
249978,56269,29595,11334
249998,56270,29522,11335
250018,56281,29550,11336
250038,56240,29589,11337
250058,56263,29633,11338
250078,56772,29581,11339
250098,56800,29600,11340
250118,56764,29645,11341
250138,56809,29621,11342
250158,56796,29685,11343
250178,56789,29665,11344
250198,56817,29699,11345
250218,56810,29704,11346
250238,56791,29705,11347
250258,56799,29674,11348
250278,56792,29631,11349
250298,56785,29736,11350
250318,56793,29706,11351
250338,56770,29787,11352
250358,56786,29799,11353
250378,56807,29695,11354
250398,56802,29696,11355
250418,56796,29755,11356
250438,56806,29809,11357
250458,56818,29628,11358
250478,56800,29656,11359
250498,56801,29749,11360
250518,56806,29747,11361
250538,56772,29808,11362
250558,56817,29804,11363
250578,57900,29803,11364
250598,57899,29873,11365
250618,57908,29836,11366
250638,57918,29788,11367
250658,57905,29765,11368
250678,57898,29730,11369
250698,57880,29838,11370
250718,57885,29802,11371
250738,57891,29814,11372
250758,57879,29801,11373
250778,57903,29798,11374
250798,57906,29817,11375
250818,57916,29840,11376
250838,57884,29791,11377
250858,57951,29841,11378
250878,57870,29837,11379
250898,57881,29801,11380
250918,57892,29821,11381
250938,57881,29876,11382
250958,57914,29813,11383
250978,57907,29834,11384
250998,57922,29827,11385
251018,57915,29772,11386
251038,57964,29813,11387
251058,57881,29893,11388
251078,58418,29965,11389
251098,58410,29862,11390
251118,58409,29946,11391
251138,58418,29877,11392
251158,58397,29885,11393
251178,58404,29973,11394
251198,58387,29820,11395
251218,58390,29927,11396
251238,58402,30009,11397
251258,58393,30056,11398
251278,58407,29996,11399
251298,58459,29968,11400
251318,58449,29971,11401
251338,58411,30003,11402
251358,58400,30037,11403
251378,58372,30109,11404
251398,58394,30000,11405
251418,58439,30027,11406
251438,58420,29995,11407
251458,58428,30028,11408
251478,58434,30007,11409
251498,58413,29883,11410
251518,58426,29822,11411
251538,58389,29916,11412
251558,58425,29920,11413
251578,58937,30004,11414
251598,58903,30012,11415
251618,58912,30096,11416
251638,58880,30049,11417
251658,58937,30062,11418
251678,58940,30087,11419
251698,58891,30012,11420
251718,58924,30055,11421
251738,58889,30081,11422
251758,58902,30024,11423
251778,58894,30121,11424
251798,58917,30054,11425
251818,58871,30044,11426
251838,58881,30046,11427
251858,58889,30092,11428
251878,58868,30139,11429
251898,58926,30202,11430
251918,58892,30257,11431
251938,58932,30282,11432
251958,58949,30319,11433
251978,58902,30254,11434
251998,58904,30248,11435
252018,58915,30187,11436
252038,58933,30187,11437
252058,58896,30270,11438
252078,59400,30152,11439
252098,59403,30197,11440
252118,59389,30212,11441
252138,59421,30169,11442
252158,59416,30206,11443
252178,59434,30183,11444
252198,59370,30214,11445
252218,59386,30280,11446
252238,59391,30251,11447
252258,59380,30242,11448
252278,59381,30296,11449
252298,59411,30297,11450
252318,59449,30155,11451
252338,59430,30293,11452
252358,59411,30224,11453
252378,59427,30277,11454
252398,59426,30265,11455
252418,59375,30274,11456
252438,59366,30322,11457
252458,59366,30298,11458
252478,59457,30333,11459
252498,59378,30382,11460
252518,59442,30351,11461
252538,59435,30447,11462
252558,59408,30415,11463
252578,60347,30400,11464
252598,60367,30386,11465
252618,60355,30429,11466
252638,60342,30426,11467
252658,60337,30320,11468
252678,60354,30314,11469
252698,60383,30456,11470
252718,60292,30367,11471
252738,60356,30556,11472
252758,60370,30375,11473
252778,60374,30464,11474
252798,60346,30512,11475
252818,60312,30489,11476
252838,60356,30467,11477
252858,60328,30387,11478
252878,60348,30459,11479
252898,60334,30458,11480
252918,60391,30464,11481
252938,60321,30587,11482
252958,60298,30442,11483
252978,60349,30422,11484
252998,60317,30453,11485
253018,60313,30500,11486
253038,60367,30477,11487
253058,60337,30461,11488
253078,60773,30499,11489
253098,60825,30509,11490
253118,60795,30609,11491
253138,60781,30578,11492
253158,60802,30508,11493
253178,60745,30645,11494
253198,60769,30660,11495
253218,60753,30669,11496
253238,60778,30545,11497
253258,60808,30324,11498
253278,60789,30486,11499
253298,60742,30500,11500
253318,60805,30585,11501
253338,60795,30467,11502
253358,60794,30536,11503
253378,60811,30518,11504
253398,60793,30539,11505
253418,60806,30475,11506
253438,60796,30430,11507
253458,60751,30501,11508
253478,60707,30440,11509
253498,60758,30491,11510
253518,60809,30389,11511
253538,60818,30434,11512
253558,60774,30569,11513
253578,61195,30585,11514
253598,61204,30576,11515
253618,61219,30488,11516
253638,61181,30492,11517
253658,61204,30706,11518
253678,61178,30790,11519
253698,61225,30751,11520
253718,61229,30614,11521
253738,61223,30517,11522
253758,61180,30437,11523
253778,61215,30530,11524
253798,61174,30735,11525
253818,61197,30640,11526
253838,61208,30666,11527
253858,61172,30822,11528
253878,61200,30669,11529
253898,61234,30792,11530
253918,61217,30876,11531
253938,61225,30853,11532
253958,61218,30920,11533
253978,61228,30853,11534
253998,61200,30906,11535
254018,61164,30868,11536
254038,61202,30881,11537
254058,61219,31017,11538
254078,61968,30950,11539
254098,61997,30828,11540
254118,62012,30906,11541
254138,62026,30816,11542
254158,62060,30841,11543
254178,62035,30646,11544
254198,62053,30670,11545
254218,61992,30604,11546
254238,62037,30885,11547
254258,62023,30872,11548
254278,61988,30864,11549
254298,61990,30909,11550
254318,62020,30812,11551
254338,62020,30918,11552
254358,62084,30917,11553
254378,62030,30884,11554
254398,62019,31001,11555
254418,62018,30906,11556
254438,62043,30977,11557
254458,62033,30957,11558
254478,62012,30950,11559
254498,62052,30975,11560
254518,62007,30980,11561
254538,62013,31036,11562
254558,62026,30947,11563
254578,62433,30981,11564
254598,62406,30995,11565
254618,62402,30950,11566
254638,62380,30989,11567
254658,62410,31029,11568
254678,62434,31039,11569
254698,62339,30986,11570
254718,62420,31194,11571
254738,62350,31155,11572
254758,62349,31051,11573
254778,62334,31044,11574
254798,62375,31186,11575
254818,62432,31093,11576
254838,62400,31169,11577
254858,62412,31082,11578
254878,62328,31086,11579
254898,62376,31108,11580
254918,62389,31217,11581
254938,62365,31098,11582
254958,62379,31092,11583
254978,62355,31100,11584
254998,62354,31073,11585
255018,62397,31145,11586
255038,62395,31125,11587
255058,62397,31004,11588
255078,62794,31070,11589
255098,62735,31157,11590
255118,62737,31222,11591
255138,62706,31256,11592
255158,62705,31293,11593
255178,62741,31131,11594
255198,62768,31217,11595
255218,62691,31293,11596
255238,62735,31179,11597
255258,62742,31201,11598
255278,62760,31090,11599
255298,62738,31186,11600
255318,62729,31164,11601
255338,62748,31191,11602
255358,62723,31195,11603
255378,62727,31134,11604
255398,62746,31159,11605
255418,62707,31230,11606
255438,62736,30977,11607
255458,62753,31100,11608
255478,62738,31169,11609
255498,62768,30939,11610
255518,62784,31026,11611
255538,62724,31011,11612
255558,62718,31261,11613
255578,63063,31293,11614
255598,63096,31309,11615
255618,63049,31408,11616
255638,63038,31306,11617
255658,63082,31265,11618
255678,63037,31245,11619
255698,63084,31210,11620
255718,63067,31161,11621
255738,63101,31024,11622
255758,63037,31218,11623
255778,63055,31127,11624
255798,63072,31162,11625
255818,63051,31139,11626
255838,63032,31138,11627
255858,63070,31316,11628
255878,63064,31261,11629
255898,63083,31215,11630
255918,63058,31138,11631
255938,63093,31395,11632
255958,63094,31478,11633
255978,63044,31547,11634
255998,63000,31456,11635
256018,63066,31336,11636
256038,63009,31212,11637
256058,63034,31349,11638
256078,63740,31296,11639
256098,63689,31293,11640
256118,63753,31341,11641
256138,63719,31417,11642
256158,63675,31565,11643
256178,63746,31498,11644
256198,63740,31564,11645
256218,63695,31496,11646
256238,63681,31545,11647
256258,63727,31590,11648
256278,63678,31569,11649
256298,63671,31573,11650
256318,63717,31485,11651
256338,63738,31491,11652
256358,63717,31627,11653
256378,63730,31607,11654
256398,63678,31708,11655
256418,63723,31710,11656
256438,63662,31715,11657
256458,63715,31686,11658
256478,63678,31675,11659
256498,63677,31687,11660
256518,63722,31693,11661
256538,63768,31526,11662
256558,63701,31668,11663
256578,63919,31650,11664
256598,63996,31557,11665
256618,63951,31627,11666
256638,63938,31664,11667
256658,63956,31573,11668
256678,63961,31571,11669
256698,64018,31531,11670
256718,64021,31723,11671
256738,63966,31755,11672
256758,63981,31690,11673
256778,63942,31730,11674
256798,63971,31695,11675
256818,63902,31736,11676
256838,63972,31754,11677
256858,63941,31695,11678
256878,63956,31745,11679
256898,64004,31638,11680
256918,64008,31700,11681
256938,63986,31625,11682
256958,64012,31587,11683
256978,63971,31674,11684
256998,63948,31739,11685
257018,64000,31863,11686
257038,63984,31900,11687
257058,63976,31799,11688
257078,64100,31754,11689
257098,64256,31752,11690
257118,64288,31753,11691
257138,64247,31803,11692
257158,64244,31744,11693
257178,64246,31772,11694
257198,64226,31772,11695
257218,64197,31842,11696
257238,64235,31756,11697
257258,64220,31893,11698
257278,64147,31875,11699
257298,64191,31843,11700
257318,64234,31979,11701
257338,64177,31851,11702
257358,64200,31882,11703
257378,64199,31919,11704
257398,64271,31776,11705
257418,64163,31867,11706
257438,64281,31856,11707
257458,64194,31808,11708
257478,64280,31813,11709
257498,64260,31774,11710
257518,64268,31916,11711
257538,64295,31825,11712
257558,64183,31806,11713
257578,64452,31712,11714
257598,64395,31775,11715
257618,64438,31862,11716
257638,64451,31941,11717
257658,64383,32042,11718
257678,64404,32005,11719
257698,64445,32076,11720
257718,64475,32001,11721
257738,64465,32052,11722
257758,64426,32054,11723
257778,64440,32055,11724
257798,64459,32050,11725
257818,64466,31993,11726
257838,64478,31945,11727
257858,64432,31911,11728
257878,64515,31947,11729
257898,64395,31972,11730
257918,64471,31888,11731
257938,64457,31800,11732
257958,64472,31943,11733
257978,64455,31847,11734
257998,64529,32109,11735
258018,64437,31953,11736
258038,64478,32075,11737
258058,64424,32087,11738
258078,64843,32110,11739
258098,64853,32095,11740
258118,64919,31952,11741
258138,64842,31920,11742
258158,64868,32050,11743
258178,64908,32039,11744
258198,64872,32050,11745
258218,64821,31942,11746
258238,64905,32100,11747
258258,64851,32032,11748
258278,64870,32210,11749
258298,64810,32210,11750
258318,64825,32136,11751
258338,64841,32186,11752
258358,64876,32237,11753
258378,64878,32258,11754
258398,64865,32332,11755
258418,64855,32345,11756
258438,64891,32288,11757
258458,64866,32360,11758
258478,64854,32181,11759
258498,64895,32123,11760
258518,64852,32025,11761
258538,64860,32186,11762
258558,64792,32171,11763
258578,65023,31934,11764
258598,65072,32109,11765
258618,65062,32179,11766
258638,65031,32255,11767
258658,65033,32294,11768
258678,65077,32287,11769
258698,65098,32433,11770
258718,64983,32419,11771
258738,64982,32413,11772
258758,65014,32455,11773
258778,65007,32294,11774
258798,64976,32302,11775
258818,64962,32418,11776
258838,65032,32344,11777
258858,65089,32442,11778
258878,65078,32525,11779
258898,65050,32407,11780
258918,65056,32480,11781
258938,65059,32506,11782
258958,65071,32487,11783
258978,65026,32458,11784
258998,65100,32407,11785
259018,64964,32417,11786
259038,65034,32405,11787
259058,65086,32529,11788
259078,65104,32530,11789
259098,65187,32481,11790
259118,65129,32597,11791
259138,65163,32580,11792
259158,65127,32491,11793
259178,65135,32441,11794
259198,65160,32460,11795
259218,65138,32573,11796
259238,65149,32630,11797
259258,65141,32516,11798
259278,65051,32519,11799
259298,65106,32565,11800
259318,65127,32580,11801
259338,65153,32545,11802
259358,65164,32530,11803
259378,65116,32628,11804
259398,65167,32726,11805
259418,65129,32690,11806
259438,65140,32636,11807
259458,65149,32709,11808
259478,65094,32548,11809
259498,65141,32539,11810
259518,65130,32582,11811
259538,65131,32598,11812
259558,65161,32688,11813
259578,65083,32639,11814
259598,65077,32683,11815
259618,65115,32759,11816
259638,65109,32569,11817
259658,65146,32634,11818
259678,65117,32598,11819
259698,65136,32785,11820
259718,65154,32756,11821
259738,65068,32763,11822
259758,65142,32630,11823
259778,65126,32574,11824
259798,65186,32746,11825
259818,65031,32751,11826
259838,65149,32655,11827
259858,65194,32778,11828
259878,65183,32735,11829
259898,65112,32753,11830
259918,65114,32772,11831
259938,65131,32684,11832
259958,65159,32672,11833
259978,65144,32615,11834
259998,65133,32786,11835
260018,65099,32567,11836
260038,65166,32614,11837
260058,65182,32699,11838
260078,65187,32766,11839
260098,65225,32781,11840
260118,65168,32793,11841
260138,65140,32715,11842
260158,65150,32713,11843
260178,65135,32786,11844
260198,65151,32789,11845
260218,65143,32722,11846
260238,65151,32805,11847
260258,65139,32887,11848
260278,65124,32842,11849
260298,65148,32891,11850
260318,65132,32800,11851
260338,65179,32791,11852
260358,65150,32628,11853
260378,65121,32682,11854
260398,65126,32781,11855
260418,65120,32640,11856
260438,65082,32580,11857
260458,65120,32489,11858
260478,65121,32659,11859
260498,65167,32654,11860
260518,65163,32625,11861
260538,65172,32705,11862
260558,65185,32802,11863
260578,65169,32734,11864
260598,65171,32863,11865
260618,65116,32917,11866
260638,65145,32963,11867
260658,65101,32729,11868
260678,65109,32734,11869
260698,65131,32665,11870
260718,65130,32762,11871
260738,65122,32831,11872
260758,65143,32959,11873
260778,65185,32954,11874
260798,65137,32941,11875
260818,65170,32977,11876
260838,65148,33036,11877
260858,65130,33049,11878
260878,65143,33010,11879
260898,65138,32983,11880
260918,65132,33077,11881
260938,65136,33071,11882
260958,65206,33078,11883
260978,65102,33084,11884
260998,65101,33007,11885
261018,65190,33027,11886
261038,65162,33041,11887
261058,65207,33073,11888
261078,65121,33069,11889
261098,65164,33037,11890
261118,65170,33168,11891
261138,65127,33197,11892
261158,65137,33162,11893
261178,65113,33208,11894
261198,65114,33098,11895
261218,65116,33078,11896
261238,65146,33048,11897
261258,65130,33215,11898
261278,65102,33118,11899
261298,65192,33187,11900
261318,65105,33210,11901
261338,65131,33307,11902
261358,65144,33219,11903
261378,65110,33050,11904
261398,65219,33082,11905
261418,65190,33231,11906
261438,65117,33191,11907
261458,65172,33265,11908
261478,65117,33170,11909
261498,65130,33218,11910
261518,65150,33155,11911
261538,65101,33216,11912
261558,65178,33188,11913
261578,65165,33256,11914
261598,65152,33154,11915
261618,65136,33247,11916
261638,65118,33297,11917
261658,65131,33268,11918
261678,65131,33279,11919
261698,65138,33243,11920
261718,65188,33126,11921
261738,65137,33145,11922
261758,65186,33187,11923
261778,65164,33210,11924
261798,65161,33282,11925
261818,65176,33363,11926
261838,65159,33441,11927
261858,65178,33327,11928
261878,65090,33291,11929
261898,65134,33275,11930
261918,65145,33396,11931
261938,65090,33352,11932
261958,65124,33330,11933
261978,65129,33339,11934
261998,65165,33306,11935
262018,65165,33494,11936
262038,65085,33359,11937
262058,65110,33353,11938
262078,65148,33262,11939
262098,65119,33388,11940
262118,65073,33315,11941
262138,65167,33367,11942
262158,65088,33344,11943
262178,65161,33354,11944
262198,65162,33407,11945
262218,65137,33431,11946
262238,65210,33412,11947
262258,65137,33422,11948
262278,65097,33391,11949
262298,65142,33348,11950
262318,65141,33274,11951
262338,65150,33350,11952
262358,65125,33347,11953
262378,65082,33448,11954
262398,65146,33467,11955
262418,65124,33441,11956
262438,65131,33458,11957
262458,65130,33385,11958
262478,65162,33489,11959
262498,65105,33468,11960
262518,65160,33507,11961
262538,65167,33465,11962
262558,65178,33585,11963
262578,65143,33459,11964
262598,65125,33447,11965
262618,65145,33435,11966
262638,65124,33486,11967
262658,65108,33413,11968
262678,65106,33610,11969
262698,65108,33562,11970
262718,65166,33554,11971
262738,65193,33555,11972
262758,65157,33577,11973
262778,65116,33686,11974
262798,65117,33607,11975
262818,65159,33610,11976
262838,65155,33657,11977
262858,65198,33653,11978
262878,65143,33738,11979
262898,65137,33634,11980
262918,65150,33644,11981
262938,65157,33582,11982
262958,65141,33744,11983
262978,65126,33782,11984
262998,65123,33706,11985
263018,65110,33640,11986
263038,65162,33687,11987
263058,65215,33649,11988
263078,65140,33748,11989
263098,65145,33723,11990
263118,65136,33710,11991
263138,65184,33756,11992
263158,65130,33782,11993
263178,65159,33767,11994
263198,65154,33765,11995
263218,65155,33664,11996
263238,65153,33777,11997
263258,65157,33816,11998
263278,65142,33777,11999
263298,65136,33788,12000
263318,65113,33836,12001
263338,65149,33768,12002
263358,65202,33762,12003
263378,65130,33758,12004
263398,65166,33704,12005
263418,65156,33819,12006
263438,65167,33844,12007
263458,65134,33877,12008
263478,65164,33752,12009
263498,65190,33740,12010
263518,65168,33673,12011
263538,65105,33720,12012
263558,65169,33764,12013
263578,65153,33656,12014
263598,65169,33558,12015
263618,65139,33683,12016
263638,65154,33763,12017
263658,65147,33814,12018
263678,65108,33727,12019
263698,65109,33844,12020
263718,65127,33813,12021
263738,65175,33895,12022
263758,65140,33860,12023
263778,65156,33835,12024
263798,65146,33893,12025
263818,65184,33874,12026
263838,65153,33893,12027
263858,65195,33896,12028
263878,65151,33823,12029
263898,65136,33872,12030
263918,65122,33952,12031
263938,65145,34005,12032
263958,65113,33953,12033
263978,65154,33769,12034
263998,65142,33825,12035
264018,65134,33834,12036
264038,65159,33785,12037
264058,65127,33744,12038
264078,65161,33660,12039
264098,65112,33742,12040
264118,65126,33759,12041
264138,65122,33729,12042
264158,65121,33799,12043
264178,65163,33776,12044
264198,65122,33897,12045
264218,65110,33970,12046
264238,65151,34026,12047
264258,65174,34036,12048
264278,65183,33865,12049
264298,65134,33879,12050
264318,65129,33968,12051
264338,65157,34008,12052
264358,65177,34030,12053
264378,65191,34130,12054
264398,65147,34103,12055
264418,65148,34009,12056
264438,65137,33966,12057
264458,65147,33850,12058
264478,65167,33901,12059
264498,65163,33891,12060
264518,65176,34102,12061
264538,65126,34049,12062
264558,65168,34017,12063
264578,65179,34112,12064
264598,65120,34146,12065
264618,65156,34152,12066
264638,65138,34079,12067
264658,65108,34189,12068
264678,65163,34192,12069
264698,65191,34182,12070
264718,65154,34210,12071
264738,65133,34129,12072
264758,65174,34211,12073
264778,65155,34214,12074
264798,65100,34173,12075
264818,65169,34238,12076
264838,65168,34230,12077
264858,65161,34237,12078
264878,65161,34213,12079
264898,65151,34169,12080
264918,65180,34207,12081
264938,65144,34187,12082
264958,65181,34244,12083
264978,65152,34349,12084
264998,65173,34319,12085
265018,65133,34355,12086
265038,65148,34286,12087
265058,65159,34272,12088
265078,65155,34260,12089
265098,65147,34259,12090
265118,65127,34245,12091
265138,65134,34331,12092
265158,65133,34369,12093
265178,65130,34374,12094
265198,65131,34302,12095
265218,65149,34369,12096
265238,65129,34289,12097
265258,65168,34293,12098
265278,65161,34313,12099
265298,65158,34373,12100
265318,65131,34332,12101
265338,65138,34385,12102
265358,65163,34377,12103
265378,65158,34390,12104
265398,65118,34311,12105
265418,65194,34209,12106
265438,65186,34260,12107
265458,65168,34328,12108
265478,65165,34351,12109
265498,65156,34412,12110
265518,65156,34477,12111
265538,65160,34468,12112
265558,65140,34410,12113
265578,65131,34428,12114
265598,65142,34381,12115
265618,65032,34393,12116
265638,65037,34436,12117
265658,65044,34451,12118
265678,65063,34491,12119
265698,65058,34486,12120
265718,65035,34448,12121
265738,65025,34568,12122
265758,65037,34498,12123
265778,65016,34447,12124
265798,65036,34485,12125
265818,65028,34408,12126
265838,65033,34453,12127
265858,65058,34479,12128
265878,65034,34430,12129
265898,65021,34529,12130
265918,65045,34516,12131
265938,65001,34579,12132
265958,65031,34535,12133
265978,65024,34410,12134
265998,65002,34422,12135
266018,65033,34436,12136
266038,65015,34472,12137
266058,65026,34506,12138
266078,64920,34426,12139
266098,64876,34506,12140
266118,64898,34506,12141
266138,64871,34591,12142
266158,64909,34513,12143
266178,64892,34612,12144
266198,64885,34680,12145
266218,64866,34552,12146
266238,64831,34634,12147
266258,64844,34626,12148
266278,64852,34683,12149
266298,64853,34684,12150
266318,64865,34726,12151
266338,64852,34674,12152
266358,64894,34609,12153
266378,64883,34604,12154
266398,64894,34631,12155
266418,64870,34665,12156
266438,64889,34710,12157
266458,64869,34666,12158
266478,64860,34615,12159
266498,64861,34747,12160
266518,64892,34761,12161
266538,64879,34758,12162
266558,64838,34681,12163
266578,64606,34711,12164
266598,64469,34770,12165
266618,64460,34853,12166
266638,64479,34776,12167
266658,64467,34762,12168
266678,64486,34762,12169
266698,64456,34777,12170
266718,64457,34834,12171
266738,64481,34777,12172
266758,64451,34850,12173
266778,64466,34869,12174
266798,64450,34933,12175
266818,64461,34869,12176
266838,64451,34810,12177
266858,64458,34765,12178
266878,64472,34898,12179
266898,64453,34899,12180
266918,64481,34929,12181
266938,64475,34882,12182
266958,64459,34952,12183
266978,64442,34893,12184
266998,64456,34902,12185
267018,64426,34858,12186
267038,64466,34885,12187
267058,64442,34849,12188
267078,64348,34919,12189
267098,64253,34946,12190
267118,64231,34893,12191
267138,64230,34853,12192
267158,64242,34787,12193
267178,64265,34872,12194
267198,64227,34862,12195
267218,64201,34795,12196
267238,64223,34790,12197
267258,64214,34909,12198
267278,64213,34989,12199
267298,64258,34969,12200
267318,64224,34923,12201
267338,64276,34906,12202
267358,64234,34942,12203
267378,64247,34940,12204
267398,64245,34886,12205
267418,64215,34923,12206
267438,64241,35059,12207
267458,64230,35024,12208
267478,64220,34768,12209
267498,64241,34721,12210
267518,64234,34866,12211
267538,64210,34952,12212
267558,64261,34855,12213
267578,64106,34865,12214
267598,63974,34783,12215
267618,64018,34772,12216
267638,63937,34866,12217
267658,63949,34723,12218
267678,63974,34811,12219
267698,63967,34761,12220
267718,63932,34840,12221
267738,63976,34836,12222
267758,63988,34731,12223
267778,63979,34993,12224
267798,63992,35013,12225
267818,63973,35101,12226
267838,63999,35068,12227
267858,63981,34871,12228
267878,63984,34979,12229
267898,63999,35072,12230
267918,63961,35119,12231
267938,63965,35248,12232
267958,63934,35152,12233
267978,63969,35133,12234
267998,63994,34949,12235
268018,63964,34943,12236
268038,63975,34992,12237
268058,63965,34933,12238
268078,64010,35106,12239
268098,63702,35147,12240
268118,63743,35176,12241
268138,63667,35174,12242
268158,63714,35226,12243
268178,63693,35332,12244
268198,63705,35231,12245
268218,63696,35258,12246
268238,63697,35324,12247
268258,63716,35211,12248
268278,63700,35231,12249
268298,63722,35221,12250
268318,63681,35268,12251
268338,63726,35272,12252
268358,63731,35269,12253
268378,63711,35212,12254
268398,63725,35284,12255
268418,63762,35322,12256
268438,63692,35327,12257
268458,63717,35279,12258
268478,63710,35270,12259
268498,63712,35258,12260
268518,63724,35377,12261
268538,63660,35394,12262
268558,63697,35365,12263
268578,63365,35270,12264
268598,63040,35308,12265
268618,63060,35328,12266
268638,63085,35336,12267
268658,63056,35342,12268
268678,63085,35297,12269
268698,63070,35403,12270
268718,63082,35370,12271
268738,63075,35339,12272
268758,63038,35298,12273
268778,63049,35276,12274
268798,63074,35330,12275
268818,63063,35391,12276
268838,63065,35312,12277
268858,63079,35398,12278
268878,63060,35406,12279
268898,63068,35430,12280
268918,63086,35351,12281
268938,63034,35352,12282
268958,63066,35371,12283
268978,63083,35321,12284
268998,63046,35445,12285
269018,63075,35395,12286
269038,63063,35370,12287
269058,63094,35380,12288
269078,62930,35406,12289
269098,62700,35505,12290
269118,62732,35471,12291
269138,62718,35483,12292
269158,62761,35431,12293
269178,62730,35451,12294
269198,62750,35617,12295
269218,62729,35434,12296
269238,62712,35420,12297
269258,62738,35512,12298
269278,62711,35472,12299
269298,62742,35567,12300
269318,62760,35482,12301
269338,62759,35422,12302
269358,62736,35450,12303
269378,62759,35502,12304
269398,62713,35541,12305
269418,62716,35406,12306
269438,62741,35459,12307
269458,62732,35482,12308
269478,62739,35516,12309
269498,62721,35471,12310
269518,62733,35535,12311
269538,62714,35447,12312
269558,62752,35506,12313
269578,62595,35494,12314
269598,62381,35454,12315
269618,62382,35464,12316
269638,62385,35542,12317
269658,62431,35580,12318
269678,62407,35547,12319
269698,62372,35537,12320
269718,62391,35580,12321
269738,62367,35587,12322
269758,62371,35590,12323
269778,62348,35672,12324
269798,62375,35620,12325
269818,62381,35628,12326
269838,62396,35634,12327
269858,62394,35679,12328
269878,62385,35690,12329
269898,62388,35588,12330
269918,62382,35544,12331
269938,62400,35573,12332
269958,62407,35586,12333
269978,62373,35589,12334
269998,62379,35597,12335
270018,62334,35667,12336
270038,62391,35698,12337
270058,62420,35750,12338
270078,62268,35724,12339
270098,62052,35749,12340
270118,62053,35709,12341
270138,62054,35723,12342
270158,62056,35755,12343
270178,62013,35797,12344
270198,62019,35779,12345
270218,62047,35799,12346
270238,62008,35793,12347
270258,62016,35769,12348
270278,61966,35804,12349
270298,62000,35732,12350
270318,62027,35788,12351
270338,62045,35809,12352
270358,62005,35878,12353
270378,62044,35894,12354
270398,62044,35806,12355
270418,62009,35826,12356
270438,62065,35780,12357
270458,62020,35853,12358
270478,62031,35819,12359
270498,61985,35917,12360
270518,61995,35956,12361
270538,62029,35894,12362
270558,61986,35865,12363
270578,61689,35834,12364
270598,61184,35772,12365
270618,61182,35826,12366
270638,61178,35804,12367
270658,61190,35893,12368
270678,61215,35861,12369
270698,61206,35915,12370
270718,61191,35940,12371
270738,61231,35872,12372
270758,61208,35868,12373
270778,61198,35925,12374
270798,61229,35982,12375
270818,61196,35971,12376
270838,61203,35935,12377
270858,61184,35974,12378
270878,61189,35865,12379
270898,61202,35883,12380
270918,61206,35966,12381
270938,61203,35903,12382
270958,61218,36039,12383
270978,61239,35916,12384
270998,61201,36018,12385
271018,61222,35981,12386
271038,61192,35863,12387
271058,61171,35895,12388
271078,61068,35979,12389
271098,60784,35956,12390
271118,60763,35982,12391
271138,60790,35983,12392
271158,60749,35931,12393
271178,60794,35815,12394
271198,60772,35807,12395
271218,60808,35871,12396
271238,60779,35880,12397
271258,60801,35970,12398
271278,60791,36014,12399
271298,60788,35985,12400
271318,60792,36024,12401
271338,60793,36026,12402
271358,60779,35963,12403
271378,60777,36018,12404
271398,60768,36029,12405
271418,60751,35988,12406
271438,60772,36005,12407
271458,60777,36015,12408
271478,60767,35778,12409
271498,60774,35751,12410
271518,60819,35834,12411
271538,60789,35944,12412
271558,60779,35872,12413
271578,60671,35853,12414
271598,60359,35859,12415
271618,60368,35880,12416
271638,60327,35822,12417
271658,60338,35863,12418
271678,60378,35926,12419
271698,60362,35971,12420
271718,60380,35919,12421
271738,60364,35967,12422
271758,60382,35956,12423
271778,60342,35991,12424
271798,60386,36029,12425
271818,60358,36046,12426
271838,60345,35975,12427
271858,60310,36112,12428
271878,60353,36197,12429
271898,60349,36032,12430
271918,60347,35954,12431
271938,60408,35998,12432
271958,60387,36023,12433
271978,60369,36064,12434
271998,60409,36079,12435
272018,60371,36078,12436
272038,60365,36045,12437
272058,60354,35992,12438
272078,60096,35971,12439
272098,59421,36069,12440
272118,59345,36223,12441
272138,59378,36203,12442
272158,59403,36200,12443
272178,59387,36179,12444
272198,59401,36101,12445
272218,59419,36004,12446
272238,59420,35934,12447
272258,59377,36009,12448
272278,59392,35935,12449
272298,59388,35897,12450
272318,59418,35887,12451
272338,59396,35997,12452
272358,59404,36077,12453
272378,59391,36145,12454
272398,59418,36128,12455
272418,59388,36176,12456
272438,59409,36208,12457
272458,59421,36231,12458
272478,59405,36247,12459
272498,59382,36244,12460
272518,59409,36210,12461
272538,59411,36293,12462
272558,59388,36263,12463
272578,59333,36141,12464
272598,58938,36056,12465
272618,58921,36171,12466
272638,58943,36117,12467
272658,58947,36192,12468
272678,58904,36103,12469
272698,58941,36196,12470
272718,58924,36244,12471
272738,58901,36489,12472
272758,58887,36410,12473
272778,58892,36299,12474
272798,58930,36295,12475
272818,58903,36333,12476
272838,58916,36341,12477
272858,58925,36407,12478
272878,58934,36327,12479
272898,58955,36337,12480
272918,58940,36389,12481
272938,58906,36412,12482
272958,58925,36330,12483
272978,58918,36341,12484
272998,58922,36321,12485
273018,58889,36283,12486
273038,58930,36347,12487
273058,58927,36254,12488
273078,58817,36299,12489
273098,58425,36290,12490
273118,58418,36317,12491
273138,58427,36337,12492
273158,58380,36286,12493
273178,58418,36370,12494
273198,58409,36373,12495
273218,58390,36418,12496
273238,58398,36410,12497
273258,58461,36331,12498
273278,58408,36295,12499
273298,58401,36380,12500
273318,58402,36375,12501
273338,58458,36346,12502
273358,58409,36253,12503
273378,58431,36367,12504
273398,58413,36453,12505
273418,58396,36296,12506
273438,58435,36283,12507
273458,58411,36399,12508
273478,58381,36439,12509
273498,58423,36513,12510
273518,58399,36449,12511
273538,58423,36441,12512
273558,58434,36305,12513
273578,58307,36147,12514
273598,57895,36283,12515
273618,57958,36340,12516
273638,57881,36461,12517
273658,57911,36433,12518
273678,57888,36436,12519
273698,57885,36466,12520
273718,57906,36362,12521
273738,57915,36349,12522
273758,57866,36315,12523
273778,57930,36357,12524
273798,57933,36454,12525
273818,57940,36232,12526
273838,57921,36225,12527
273858,57924,36267,12528
273878,57917,36236,12529
273898,57887,36302,12530
273918,57902,36454,12531
273938,57907,36371,12532
273958,57915,36494,12533
273978,57928,36586,12534
273998,57955,36610,12535
274018,57913,36572,12536
274038,57903,36486,12537
274058,57904,36453,12538
274078,57902,36359,12539
274098,56773,36300,12540
274118,56798,36331,12541
274138,56781,36317,12542
274158,56800,36575,12543
274178,56812,36568,12544
274198,56794,36555,12545
274218,56827,36583,12546
274238,56840,36522,12547
274258,56788,36596,12548
274278,56790,36597,12549
274298,56797,36643,12550
274318,56722,36703,12551
274338,56787,36602,12552
274358,56824,36678,12553
274378,56817,36475,12554
274398,56799,36503,12555
274418,56832,36509,12556
274438,56813,36452,12557
274458,56802,36411,12558
274478,56844,36370,12559
274498,56791,36453,12560
274518,56830,36541,12561
274538,56788,36534,12562
274558,56790,36645,12563
274578,56779,36623,12564
274598,56243,36601,12565
274618,56289,36588,12566
274638,56264,36601,12567
274658,56254,36691,12568
274678,56246,36620,12569
274698,56204,36659,12570
274718,56207,36672,12571
274738,56247,36658,12572
274758,56237,36667,12573
274778,56217,36648,12574
274798,56252,36675,12575
274818,56251,36526,12576
274838,56248,36565,12577
274858,56245,36664,12578
274878,56272,36558,12579
274898,56274,36715,12580
274918,56261,36728,12581
274938,56204,36778,12582
274958,56215,36811,12583
274978,56254,36755,12584
274998,56263,36754,12585
275018,56268,36729,12586
275038,56220,36735,12587
275058,56247,36828,12588
275078,56249,36683,12589
275098,55675,36727,12590
275118,55747,36779,12591
275138,55657,36779,12592
275158,55711,36800,12593
275178,55672,36760,12594
275198,55656,36770,12595
275218,55674,36716,12596
275238,55679,36631,12597
275258,55687,36729,12598
275278,55705,36756,12599
275298,55721,36727,12600
275318,55658,36701,12601
275338,55697,36681,12602
275358,55676,36604,12603
275378,55681,36649,12604
275398,55684,36696,12605
275418,55706,36715,12606
275438,55660,36745,12607
275458,55707,36694,12608
275478,55714,36690,12609
275498,55651,36769,12610
275518,55698,36796,12611
275538,55671,36773,12612
275558,55654,36744,12613
275578,55644,36547,12614
275598,54433,36694,12615
275618,54484,36678,12616
275638,54452,36874,12617
275658,54464,36681,12618
275678,54440,36771,12619
275698,54458,36707,12620
275718,54479,36772,12621
275738,54477,36625,12622
275758,54474,36493,12623
275778,54463,36562,12624
275798,54416,36573,12625
275818,54473,36684,12626
275838,54432,36825,12627
275858,54457,36799,12628
275878,54439,36855,12629
275898,54474,36830,12630
275918,54461,36897,12631
275938,54457,36871,12632
275958,54464,36800,12633
275978,54468,36798,12634
275998,54456,36811,12635
276018,54449,36766,12636
276038,54457,36751,12637
276058,54447,36760,12638
276078,54461,36842,12639
276098,53832,36767,12640
276118,53862,36700,12641
276138,53895,36617,12642
276158,53825,36751,12643
276178,53850,36886,12644
276198,53807,36714,12645
276218,53801,36920,12646
276238,53812,36668,12647
276258,53873,36712,12648
276278,53871,36858,12649
276298,53881,36865,12650
276318,53822,36922,12651
276338,53821,36844,12652
276358,53784,36700,12653
276378,53806,36650,12654
276398,53807,36697,12655
276418,53820,36657,12656
276438,53839,36858,12657
276458,53798,36885,12658
276478,53837,36975,12659
276498,53861,36971,12660
276518,53838,36958,12661
276538,53828,37052,12662
276558,53825,37088,12663
276578,53857,36960,12664
276598,53208,37062,12665
276618,53207,36871,12666
276638,53180,36914,12667
276658,53199,36841,12668
276678,53138,36918,12669
276698,53156,36895,12670
276718,53146,36712,12671
276738,53209,36639,12672
276758,53194,36828,12673
276778,53195,36777,12674
276798,53241,37010,12675
276818,53209,36948,12676
276838,53189,37002,12677
276858,53258,37120,12678
276878,53146,36984,12679
276898,53134,37023,12680
276918,53169,37012,12681
276938,53173,37092,12682
276958,53221,37099,12683
276978,53230,36987,12684
276998,53187,37084,12685
277018,53194,36931,12686
277038,53175,37020,12687
277058,53161,37073,12688
277078,53176,36943,12689
277098,52594,36934,12690
277118,52546,36919,12691
277138,52520,37129,12692
277158,52527,37136,12693
277178,52480,37072,12694
277198,52574,37110,12695
277218,52494,37120,12696
277238,52517,37173,12697
277258,52523,37112,12698
277278,52548,37114,12699
277298,52536,37177,12700
277318,52530,37174,12701
277338,52526,37186,12702
277358,52511,37073,12703
277378,52543,37117,12704
277398,52509,37088,12705
277418,52504,37104,12706
277438,52528,37061,12707
277458,52582,37045,12708
277478,52546,37105,12709
277498,52550,37009,12710
277518,52519,37101,12711
277538,52517,37147,12712
277558,52506,36998,12713
277578,52550,37157,12714
277598,51124,37031,12715
277618,51226,37114,12716
277638,51182,37018,12717
277658,51290,37018,12718
277678,51247,36981,12719
277698,51207,37196,12720
277718,51180,37065,12721
277738,51144,37072,12722
277758,51171,37019,12723
277778,51190,37107,12724
277798,51224,36978,12725
277818,51203,37099,12726
277838,51186,37084,12727
277858,51161,36971,12728
277878,51181,37078,12729
277898,51266,36962,12730
277918,51266,37148,12731
277938,51233,37057,12732
277958,51256,37212,12733
277978,51220,37102,12734
277998,51215,36936,12735
278018,51232,36957,12736
278038,51201,36967,12737
278058,51139,37166,12738
278078,51150,37106,12739
278098,50519,37268,12740
278118,50502,37201,12741
278138,50523,37211,12742
278158,50526,37157,12743
278178,50557,37053,12744
278198,50582,37073,12745
278218,50528,37094,12746
278238,50528,37156,12747
278258,50448,37074,12748
278278,50514,36916,12749
278298,50515,36994,12750
278318,50533,36903,12751
278338,50502,37179,12752
278358,50558,37127,12753
278378,50527,37045,12754
278398,50460,37237,12755
278418,50574,37119,12756
278438,50504,37081,12757
278458,50484,37258,12758
278478,50570,37124,12759
278498,50606,37309,12760
278518,50526,37225,12761
278538,50487,37146,12762
278558,50525,36915,12763
278578,50477,36878,12764
278598,49830,37036,12765
278618,49811,36976,12766
278638,49812,37139,12767
278658,49763,37226,12768
278678,49798,37319,12769
278698,49806,37288,12770
278718,49839,37207,12771
278738,49859,37188,12772
278758,49872,37344,12773
278778,49847,37376,12774
278798,49842,37307,12775
278818,49880,37301,12776
278838,49816,37259,12777
278858,49767,37136,12778
278878,49837,37060,12779
278898,49896,37181,12780
278918,49813,37000,12781
278938,49852,37112,12782
278958,49854,37023,12783
278978,49896,37102,12784
278998,49832,37173,12785
279018,49814,37259,12786
279038,49802,37161,12787
279058,49797,37213,12788
279078,49851,37300,12789
279098,48438,37263,12790
279118,48428,37163,12791
279138,48511,37322,12792
279158,48494,37292,12793
279178,48414,37272,12794
279198,48429,37334,12795
279218,48355,37226,12796
279238,48375,37283,12797
279258,48421,37279,12798
279278,48443,37264,12799
279298,48444,37129,12800
279318,48455,37256,12801
279338,48490,37246,12802
279358,48449,37242,12803
279378,48455,37399,12804
279398,48452,37372,12805
279418,48401,37339,12806
279438,48453,37392,12807
279458,48471,37462,12808
279478,48335,37178,12809
279498,48441,37178,12810
279518,48429,37226,12811
279538,48442,37269,12812
279558,48457,37380,12813
279578,48422,37319,12814
279598,47722,37298,12815
279618,47727,37375,12816
279638,47721,37394,12817
279658,47722,37341,12818
279678,47728,37286,12819
279698,47725,37353,12820
279718,47722,37386,12821
279738,47702,37345,12822
279758,47734,37308,12823
279778,47750,37194,12824
279798,47737,37223,12825
279818,47737,37309,12826
279838,47746,37195,12827
279858,47678,37285,12828
279878,47756,37240,12829
279898,47720,37277,12830
279918,47718,37319,12831
279938,47776,37375,12832
279958,47693,37244,12833
279978,47720,37149,12834
279998,47753,37314,12835
280018,47681,37338,12836
280038,47733,37321,12837
280058,47677,37254,12838
280078,47724,37123,12839
280098,46934,37356,12840
280118,46945,37354,12841
280138,46947,37341,12842
280158,46969,37251,12843
280178,47004,37221,12844
280198,46966,37197,12845
280218,46979,37149,12846
280238,46994,37155,12847
280258,47015,37158,12848
280278,46957,37234,12849
280298,46948,37413,12850
280318,46988,37426,12851
280338,46892,37339,12852
280358,46960,37360,12853
280378,47029,37405,12854
280398,46963,37440,12855
280418,46939,37500,12856
280438,46972,37384,12857
280458,46996,37368,12858
280478,47003,37439,12859
280498,46961,37321,12860
280518,46987,37279,12861
280538,46925,37311,12862
280558,46964,37377,12863
280578,46937,37258,12864
280598,46226,37319,12865
280618,46256,37247,12866
280638,46304,37205,12867
280658,46215,37240,12868
280678,46268,37319,12869
280698,46207,37251,12870
280718,46219,37251,12871
280738,46235,37426,12872
280758,46228,37271,12873
280778,46204,37263,12874
280798,46274,37431,12875
280818,46251,37379,12876
280838,46272,37342,12877
280858,46239,37282,12878
280878,46229,37248,12879
280898,46227,37164,12880
280918,46255,37104,12881
280938,46231,37302,12882
280958,46240,37358,12883
280978,46158,37420,12884
280998,46225,37404,12885
281018,46254,37295,12886
281038,46239,37476,12887
281058,46278,37375,12888
281078,46266,37538,12889
281098,44718,37515,12890
281118,44740,37449,12891
281138,44772,37547,12892
281158,44767,37429,12893
281178,44813,37553,12894
281198,44731,37339,12895
281218,44728,37328,12896
281238,44724,37364,12897
281258,44741,37351,12898
281278,44725,37401,12899
281298,44718,37148,12900
281318,44766,37217,12901
281338,44679,37162,12902
281358,44660,37352,12903
281378,44735,37363,12904
281398,44761,37456,12905
281418,44783,37369,12906
281438,44766,37516,12907
281458,44735,37449,12908
281478,44740,37524,12909
281498,44761,37390,12910
281518,44723,37394,12911
281538,44719,37413,12912
281558,44726,37409,12913
281578,44694,37405,12914
281598,44022,37455,12915
281618,43964,37417,12916
281638,44028,37344,12917
281658,43992,37396,12918
281678,43979,37352,12919
281698,44018,37423,12920
281718,43973,37451,12921
281738,43984,37480,12922
281758,43973,37497,12923
281778,43999,37543,12924
281798,43965,37431,12925
281818,43936,37443,12926
281838,44002,37501,12927
281858,43972,37543,12928
281878,44015,37509,12929
281898,44049,37556,12930
281918,44002,37519,12931
281938,43977,37531,12932
281958,44061,37590,12933
281978,43997,37389,12934
281998,43996,37478,12935
282018,43964,37457,12936
282038,43970,37439,12937
282058,43991,37524,12938
282078,43985,37400,12939
282098,43268,37401,12940
282118,43234,37394,12941
282138,43204,37469,12942
282158,43216,37485,12943
282178,43271,37427,12944
282198,43213,37445,12945
282218,43220,37399,12946
282238,43271,37484,12947
282258,43245,37535,12948
282278,43242,37480,12949
282298,43251,37342,12950
282318,43177,37546,12951
282338,43199,37427,12952
282358,43270,37461,12953
282378,43230,37495,12954
282398,43272,37544,12955
282418,43235,37523,12956
282438,43264,37541,12957
282458,43261,37461,12958
282478,43242,37434,12959
282498,43291,37477,12960
282518,43272,37497,12961
282538,43265,37393,12962
282558,43246,37453,12963
282578,43270,37554,12964
282598,42368,37401,12965
282618,42432,37427,12966
282638,42421,37382,12967
282658,42424,37479,12968
282678,42454,37504,12969
282698,42396,37531,12970
282718,42455,37404,12971
282738,42457,37533,12972
282758,42470,37517,12973
282778,42443,37501,12974
282798,42448,37526,12975
282818,42431,37520,12976
282838,42419,37573,12977
282858,42368,37421,12978
282878,42475,37515,12979
282898,42471,37519,12980
282918,42454,37502,12981
282938,42428,37446,12982
282958,42421,37467,12983
282978,42444,37503,12984
282998,42417,37531,12985
283018,42395,37394,12986
283038,42497,37346,12987
283058,42439,37461,12988
283078,42446,37555,12989
283098,40930,37389,12990
283118,40861,37413,12991
283138,40834,37419,12992
283158,40866,37357,12993
283178,40909,37456,12994
283198,40859,37437,12995
283218,40886,37556,12996
283238,40871,37479,12997
283258,40877,37530,12998
283278,40905,37503,12999
283298,40920,37397,13000
283318,40869,37382,13001
283338,40907,37356,13002
283358,40861,37479,13003
283378,40852,37532,13004
283398,40898,37505,13005
283418,40842,37503,13006
283438,40861,37478,13007
283458,40869,37556,13008
283478,40881,37435,13009
283498,40845,37299,13010
283518,40883,37359,13011
283538,40883,37357,13012
283558,40894,37459,13013
283578,40878,37447,13014
283598,40088,37313,13015
283618,40105,37459,13016
283638,40068,37336,13017
283658,40087,37448,13018
283678,40083,37333,13019
283698,40123,37309,13020
283718,40105,37328,13021
283738,40136,37418,13022
283758,40163,37345,13023
283778,40070,37337,13024
283798,40082,37302,13025
283818,40081,37435,13026
283838,40079,37383,13027
283858,40108,37425,13028
283878,40106,37386,13029
283898,40092,37454,13030
283918,40046,37489,13031
283938,40090,37537,13032
283958,40099,37418,13033
283978,40094,37427,13034
283998,40119,37434,13035
284018,40079,37361,13036
284038,40075,37487,13037
284058,40119,37411,13038
284078,40146,37409,13039
284098,39330,37253,13040
284118,39342,37200,13041
284138,39301,37251,13042
284158,39357,37330,13043
284178,39350,37267,13044
284198,39345,37508,13045
284218,39332,37501,13046
284238,39337,37484,13047
284258,39321,37642,13048
284278,39261,37487,13049
284298,39288,37681,13050
284318,39301,37513,13051
284338,39312,37558,13052
284358,39346,37508,13053
284378,39337,37421,13054
284398,39351,37386,13055
284418,39330,37521,13056
284438,39309,37432,13057
284458,39306,37421,13058
284478,39304,37319,13059
284498,39284,37321,13060
284518,39311,37329,13061
284538,39332,37258,13062
284558,39325,37283,13063
284578,39358,37335,13064
284598,37747,37425,13065
284618,37691,37332,13066
284638,37703,37457,13067
284658,37671,37487,13068
284678,37692,37481,13069
284698,37696,37521,13070
284718,37706,37279,13071
284738,37680,37221,13072
284758,37702,37234,13073
284778,37707,37227,13074
284798,37718,37388,13075
284818,37724,37491,13076
284838,37734,37497,13077
284858,37714,37494,13078
284878,37678,37512,13079
284898,37691,37482,13080
284918,37713,37505,13081
284938,37696,37452,13082
284958,37696,37509,13083
284978,37719,37515,13084
284998,37708,37557,13085
285018,37715,37512,13086
285038,37756,37543,13087
285058,37731,37408,13088
285078,37732,37396,13089
285098,37003,37392,13090
285118,36902,37431,13091
285138,36884,37347,13092
285158,36856,37270,13093
285178,36872,37289,13094
285198,36872,37385,13095
285218,36901,37452,13096
285238,36914,37490,13097
285258,36897,37434,13098
285278,36902,37507,13099
285298,36929,37438,13100
285318,36861,37496,13101
285338,36892,37490,13102
285358,36867,37527,13103
285378,36857,37516,13104
285398,36905,37480,13105
285418,36930,37498,13106
285438,36901,37454,13107
285458,36906,37521,13108
285478,36899,37470,13109
285498,36864,37439,13110
285518,36890,37458,13111
285538,36884,37522,13112
285558,36897,37399,13113
285578,36872,37521,13114
285598,36048,37392,13115
285618,36075,37420,13116
285638,36065,37357,13117
285658,36077,37493,13118
285678,36086,37456,13119
285698,36136,37538,13120
285718,36122,37713,13121
285738,36112,37584,13122
285758,36084,37580,13123
285778,36111,37556,13124
285798,36058,37471,13125
285818,36078,37573,13126
285838,36100,37507,13127
285858,36076,37476,13128
285878,36094,37461,13129
285898,36113,37504,13130
285918,36103,37428,13131
285938,36116,37482,13132
285958,36075,37465,13133
285978,36091,37510,13134
285998,36070,37424,13135
286018,36058,37458,13136
286038,36095,37485,13137
286058,36111,37390,13138
286078,36130,37421,13139
286098,35316,37375,13140
286118,35309,37421,13141
286138,35296,37428,13142
286158,35295,37447,13143
286178,35285,37392,13144
286198,35291,37263,13145
286218,35325,37329,13146
286238,35308,37455,13147
286258,35294,37350,13148
286278,35303,37397,13149
286298,35297,37266,13150
286318,35282,37370,13151
286338,35295,37488,13152
286358,35277,37500,13153
286378,35306,37420,13154
286398,35344,37406,13155
286418,35278,37440,13156
286438,35297,37368,13157
286458,35295,37356,13158
286478,35307,37388,13159
286498,35298,37356,13160
286518,35312,37326,13161
286538,35338,37367,13162
286558,35288,37193,13163
286578,35341,37250,13164
286598,33627,37232,13165
286618,33704,37251,13166
286638,33669,37367,13167
286658,33676,37258,13168
286678,33695,37255,13169
286698,33678,37252,13170
286718,33654,37387,13171
286738,33630,37460,13172
286758,33656,37423,13173
286778,33702,37418,13174
286798,33682,37377,13175
286818,33677,37201,13176
286838,33699,37182,13177
286858,33684,37264,13178
286878,33682,37187,13179
286898,33661,37449,13180
286918,33664,37444,13181
286938,33650,37502,13182
286958,33656,37396,13183
286978,33691,37396,13184
286998,33677,37401,13185
287018,33666,37452,13186
287038,33673,37396,13187
287058,33680,37365,13188
287078,33697,37463,13189
287098,32886,37468,13190
287118,32891,37520,13191
287138,32926,37347,13192
287158,32858,37289,13193
287178,32885,37400,13194
287198,32875,37282,13195
287218,32876,37247,13196
287238,32878,37166,13197
287258,32861,37170,13198
287278,32890,37356,13199
287298,32899,37451,13200
287318,32890,37378,13201
287338,32899,37386,13202
287358,32885,37379,13203
287378,32877,37346,13204
287398,32893,37387,13205
287418,32877,37317,13206
287438,32887,37356,13207
287458,32890,37419,13208
287478,32905,37390,13209
287498,32884,37359,13210
287518,32892,37350,13211
287538,32901,37269,13212
287558,32885,37381,13213
287578,32887,37311,13214
287598,32070,37284,13215
287618,32087,37333,13216
287638,32098,37233,13217
287658,32060,37318,13218
287678,32062,37318,13219
287698,32086,37325,13220
287718,32067,37353,13221
287738,32080,37383,13222
287758,32090,37413,13223
287778,32058,37381,13224
287798,32101,37441,13225
287818,32095,37406,13226
287838,32068,37379,13227
287858,32077,37377,13228
287878,32047,37376,13229
287898,32069,37371,13230
287918,32055,37334,13231
287938,32040,37337,13232
287958,32078,37308,13233
287978,32079,37384,13234
287998,32083,37294,13235
288018,32086,37324,13236
288038,32070,37266,13237
288058,32077,37281,13238
288078,32087,37278,13239
288098,30408,37304,13240
288118,30463,37296,13241
288138,30482,37362,13242
288158,30426,37272,13243
288178,30455,37344,13244
288198,30409,37322,13245
288218,30450,37298,13246
288238,30445,37203,13247
288258,30491,37312,13248
288278,30396,37298,13249
288298,30389,37302,13250
288318,30440,37207,13251
288338,30443,37206,13252
288358,30409,37206,13253
288378,30465,37303,13254
288398,30468,37189,13255
288418,30482,37257,13256
288438,30485,37303,13257
288458,30448,37256,13258
288478,30425,37121,13259
288498,30463,37047,13260
288518,30440,37106,13261
288538,30437,37288,13262
288558,30462,37209,13263
288578,30437,37383,13264
288598,29652,37280,13265
288618,29681,37241,13266
288638,29658,37220,13267
288658,29661,37128,13268
288678,29671,37038,13269
288698,29661,37145,13270
288718,29641,37096,13271
288738,29631,37117,13272
288758,29640,36976,13273
288778,29696,37121,13274
288798,29666,37106,13275
288818,29634,37281,13276
288838,29657,37276,13277
288858,29629,37099,13278
288878,29655,37139,13279
288898,29645,37227,13280
288918,29612,37279,13281
288938,29687,37161,13282
288958,29683,37067,13283
288978,29667,36977,13284
288998,29670,37027,13285
289018,29638,37053,13286
289038,29691,37108,13287
289058,29671,37204,13288
289078,29686,37237,13289
289098,28916,37279,13290
289118,28885,37169,13291
289138,28874,37071,13292
289158,28885,37112,13293
289178,28865,37039,13294
289198,28825,37010,13295
289218,28847,37003,13296
289238,28861,36946,13297
289258,28859,37015,13298
289278,28898,37131,13299
289298,28855,37016,13300
289318,28898,37115,13301
289338,28876,37010,13302
289358,28865,37058,13303
289378,28885,36982,13304
289398,28857,37029,13305
289418,28884,37055,13306
289438,28844,37121,13307
289458,28841,37086,13308
289478,28929,37181,13309
289498,28889,37234,13310
289518,28893,37156,13311
289538,28882,37199,13312
289558,28916,37149,13313
289578,28856,37082,13314
289598,28009,37189,13315
289618,28058,37105,13316
289638,28024,37053,13317
289658,28064,37077,13318
289678,28048,37093,13319
289698,28034,37086,13320
289718,28034,37050,13321
289738,28055,36994,13322
289758,28051,37058,13323
289778,28053,37156,13324
289798,28052,37112,13325
289818,28064,36955,13326
289838,28066,36984,13327
289858,28025,37010,13328
289878,28029,36982,13329
289898,28030,37035,13330
289918,28032,36888,13331
289938,28053,37067,13332
289958,28021,37072,13333
289978,28043,37093,13334
289998,28043,37215,13335
290018,28035,37128,13336
290038,28039,37066,13337
290058,28042,37035,13338
290078,28033,37029,13339
290098,26394,36999,13340
290118,26442,36937,13341
290138,26435,37052,13342
290158,26457,37029,13343
290178,26438,37065,13344
290198,26444,37071,13345
290218,26419,36911,13346
290238,26433,36994,13347
290258,26421,36974,13348
290278,26440,36997,13349
290298,26439,36938,13350
290318,26423,36911,13351
290338,26437,36966,13352
290358,26438,36966,13353
290378,26421,36962,13354
290398,26429,36922,13355
290418,26432,36914,13356
290438,26420,36948,13357
290458,26420,36933,13358
290478,26427,36791,13359
290498,26437,36816,13360
290518,26441,36841,13361
290538,26422,36839,13362
290558,26437,36966,13363
290578,26460,36976,13364
290598,26032,36873,13365
290618,25666,36828,13366
290638,25628,36712,13367
290658,25632,36701,13368
290678,25669,36725,13369
290698,25677,37017,13370
290718,25644,36997,13371
290738,25647,36981,13372
290758,25694,36973,13373
290778,25643,36946,13374
290798,25658,36881,13375
290818,25674,36978,13376
290838,25646,36748,13377
290858,25641,36877,13378
290878,25628,36757,13379
290898,25676,36719,13380
290918,25641,36748,13381
290938,25661,36681,13382
290958,25682,36765,13383
290978,25672,36780,13384
290998,25670,36666,13385
291018,25683,36849,13386
291038,25645,36762,13387
291058,25667,36881,13388
291078,25658,36914,13389
291098,24890,36941,13390
291118,24900,36874,13391
291138,24910,36863,13392
291158,24902,36690,13393
291178,24894,36684,13394
291198,24881,36729,13395
291218,24910,36776,13396
291238,24891,36812,13397
291258,24884,36830,13398
291278,24875,36811,13399
291298,24875,36798,13400
291318,24849,36900,13401
291338,24866,36803,13402
291358,24887,36737,13403
291378,24897,36774,13404
291398,24892,36873,13405
291418,24903,36877,13406
291438,24886,36860,13407
291458,24886,36693,13408
291478,24881,36601,13409
291498,24867,36543,13410
291518,24885,36632,13411
291538,24870,36692,13412
291558,24908,36717,13413
291578,24887,36632,13414
291598,23329,36646,13415
291618,23321,36676,13416
291638,23288,36781,13417
291658,23309,36743,13418
291678,23317,36801,13419
291698,23317,36807,13420
291718,23341,36826,13421
291738,23317,36859,13422
291758,23318,36773,13423
291778,23295,36781,13424
291798,23299,36855,13425
291818,23315,36836,13426
291838,23325,36771,13427
291858,23362,36743,13428
291878,23334,36747,13429
291898,23331,36742,13430
291918,23317,36745,13431
291938,23344,36827,13432
291958,23291,36893,13433
291978,23298,36865,13434
291998,23306,36883,13435
292018,23293,36766,13436
292038,23254,36831,13437
292058,23314,36806,13438
292078,23300,36744,13439
292098,22513,36836,13440
292118,22541,36747,13441
292138,22486,36736,13442
292158,22523,36756,13443
292178,22504,36837,13444
292198,22539,36795,13445
292218,22554,36753,13446
292238,22476,36808,13447
292258,22514,36785,13448
292278,22499,36855,13449
292298,22517,36841,13450
292318,22525,36790,13451
292338,22533,36872,13452
292358,22584,36802,13453
292378,22525,36826,13454
292398,22549,36738,13455
292418,22515,36806,13456
292438,22482,36746,13457
292458,22486,36772,13458
292478,22496,36720,13459
292498,22524,36762,13460
292518,22509,36705,13461
292538,22537,36675,13462
292558,22559,36611,13463
292578,22482,36738,13464
292598,21783,36542,13465
292618,21761,36670,13466
292638,21775,36701,13467
292658,21748,36652,13468
292678,21760,36486,13469
292698,21759,36565,13470
292718,21751,36732,13471
292738,21775,36726,13472
292758,21786,36732,13473
292778,21768,36695,13474
292798,21765,36674,13475
292818,21775,36605,13476
292838,21818,36539,13477
292858,21742,36690,13478
292878,21750,36697,13479
292898,21743,36718,13480
292918,21757,36750,13481
292938,21791,36707,13482
292958,21775,36691,13483
292978,21788,36588,13484
292998,21779,36581,13485
293018,21764,36535,13486
293038,21744,36534,13487
293058,21748,36433,13488
293078,21773,36440,13489
293098,20992,36382,13490
293118,21026,36500,13491
293138,21026,36592,13492
293158,21042,36529,13493
293178,21020,36532,13494
293198,21033,36625,13495
293218,21016,36612,13496
293238,21029,36594,13497
293258,20998,36449,13498
293278,21068,36348,13499
293298,21045,36394,13500
293318,21038,36468,13501
293338,21036,36446,13502
293358,21036,36547,13503
293378,21024,36602,13504
293398,21014,36527,13505
293418,21032,36630,13506
293438,20995,36587,13507
293458,21012,36664,13508
293478,20999,36615,13509
293498,21030,36544,13510
293518,21032,36640,13511
293538,21040,36581,13512
293558,21059,36614,13513
293578,21053,36546,13514
293598,19699,36637,13515
293618,19497,36530,13516
293638,19486,36490,13517
293658,19489,36499,13518
293678,19465,36448,13519
293698,19504,36441,13520
293718,19527,36410,13521
293738,19495,36544,13522
293758,19535,36590,13523
293778,19513,36546,13524
293798,19512,36592,13525
293818,19505,36507,13526
293838,19473,36524,13527
293858,19497,36491,13528
293878,19526,36550,13529
293898,19522,36534,13530
293918,19515,36490,13531
293938,19498,36549,13532
293958,19515,36504,13533
293978,19547,36502,13534
293998,19474,36532,13535
294018,19492,36448,13536
294038,19486,36479,13537
294058,19506,36286,13538
294078,19476,36427,13539
294098,18821,36441,13540
294118,18784,36305,13541
294138,18782,36345,13542
294158,18802,36397,13543
294178,18795,36443,13544
294198,18808,36378,13545
294218,18799,36371,13546
294238,18762,36478,13547
294258,18773,36373,13548
294278,18777,36465,13549
294298,18763,36386,13550
294318,18783,36379,13551
294338,18784,36377,13552
294358,18718,36372,13553
294378,18805,36398,13554
294398,18785,36363,13555
294418,18799,36353,13556
294438,18788,36399,13557
294458,18765,36343,13558
294478,18778,36410,13559
294498,18825,36288,13560
294518,18765,36284,13561
294538,18774,36224,13562
294558,18773,36177,13563
294578,18802,36208,13564
294598,18074,36220,13565
294618,18033,36198,13566
294638,18013,36281,13567
294658,17999,36264,13568
294678,18032,36281,13569
294698,17971,36310,13570
294718,17996,36311,13571
294738,17986,36309,13572
294758,18017,36334,13573
294778,17998,36327,13574
294798,18005,36321,13575
294818,17988,36402,13576
294838,18011,36338,13577
294858,18044,36305,13578
294878,18005,36314,13579
294898,18020,36277,13580
294918,18010,36062,13581
294938,18008,36212,13582
294958,18026,36230,13583
294978,18031,36220,13584
294998,18009,36130,13585
295018,18022,36259,13586
295038,18017,36243,13587
295058,17985,36158,13588
295078,18034,35917,13589
295098,17392,35932,13590
295118,17304,35995,13591
295138,17330,35920,13592
295158,17267,36056,13593
295178,17305,36113,13594
295198,17288,36026,13595
295218,17300,36008,13596
295238,17298,36043,13597
295258,17309,36107,13598
295278,17295,35932,13599
295298,17315,35901,13600
295318,17318,35866,13601
295338,17296,35884,13602
295358,17259,36004,13603
295378,17311,35902,13604
295398,17286,36018,13605
295418,17294,35887,13606
295438,17291,35946,13607
295458,17268,35917,13608
295478,17295,35811,13609
295498,17318,35893,13610
295518,17323,35891,13611
295538,17305,36036,13612
295558,17329,35974,13613
295578,17310,36115,13614
295598,16151,36208,13615
295618,15882,36132,13616
295638,15893,36073,13617
295658,15895,35968,13618
295678,15859,36002,13619
295698,15871,36066,13620
295718,15889,36260,13621
295738,15852,36265,13622
295758,15871,36203,13623
295778,15884,36103,13624
295798,15882,36083,13625
295818,15934,36030,13626
295838,15843,36098,13627
295858,15863,36056,13628
295878,15857,36052,13629
295898,15862,36039,13630
295918,15879,36085,13631
295938,15865,35984,13632
295958,15886,35863,13633
295978,15889,35841,13634
295998,15917,35975,13635
296018,15883,36082,13636
296038,15913,36064,13637
296058,15889,36013,13638
296078,15907,36006,13639
296098,15812,36062,13640
296118,15225,36027,13641
296138,15209,36018,13642
296158,15224,35965,13643
296178,15210,36057,13644
296198,15187,36017,13645
296218,15188,36060,13646
296238,15195,36028,13647
296258,15212,35941,13648
296278,15175,36061,13649
296298,15192,35901,13650
296318,15216,36013,13651
296338,15180,36034,13652
296358,15182,35959,13653
296378,15199,36106,13654
296398,15224,36096,13655
296418,15235,36123,13656
296438,15241,36135,13657
296458,15204,36133,13658
296478,15198,36137,13659
296498,15207,36097,13660
296518,15184,36030,13661
296538,15204,35960,13662
296558,15195,35933,13663
296578,15183,35975,13664
296598,14620,35955,13665
296618,14555,35871,13666
296638,14515,35920,13667
296658,14561,35786,13668
296678,14575,35888,13669
296698,14513,35854,13670
296718,14515,35861,13671
296738,14516,35788,13672
296758,14466,35851,13673
296778,14543,35893,13674
296798,14522,35841,13675
296818,14556,35879,13676
296838,14537,35911,13677
296858,14533,35883,13678
296878,14511,35920,13679
296898,14519,35826,13680
296918,14533,35814,13681
296938,14543,35826,13682
296958,14505,35904,13683
296978,14510,35847,13684
296998,14492,35873,13685
297018,14520,35785,13686
297038,14570,35768,13687
297058,14527,35823,13688
297078,14522,35801,13689
297098,13467,35784,13690
297118,13180,35780,13691
297138,13234,35704,13692
297158,13206,35690,13693
297178,13214,35760,13694
297198,13156,35766,13695
297218,13146,35655,13696
297238,13184,35706,13697
297258,13192,35688,13698
297278,13177,35658,13699
297298,13183,35556,13700
297318,13211,35508,13701
297338,13178,35628,13702
297358,13195,35478,13703
297378,13217,35764,13704
297398,13179,35748,13705
297418,13210,35817,13706
297438,13232,35763,13707
297458,13234,35717,13708
297478,13205,35788,13709
297498,13202,35841,13710
297518,13198,35788,13711
297538,13182,35807,13712
297558,13183,35747,13713
297578,13168,35586,13714
297598,12776,35528,13715
297618,12556,35502,13716
297638,12546,35585,13717
297658,12561,35714,13718
297678,12523,35740,13719
297698,12559,35760,13720
297718,12545,35679,13721
297738,12565,35790,13722
297758,12554,35739,13723
297778,12537,35699,13724
297798,12537,35679,13725
297818,12570,35686,13726
297838,12541,35813,13727
297858,12543,35717,13728
297878,12507,35545,13729
297898,12578,35581,13730
297918,12528,35607,13731
297938,12589,35631,13732
297958,12564,35451,13733
297978,12579,35486,13734
297998,12555,35628,13735
298018,12544,35683,13736
298038,12520,35728,13737
298058,12557,35599,13738
298078,12545,35666,13739
298098,12107,35585,13740
298118,11873,35727,13741
298138,11944,35665,13742
298158,11915,35562,13743
298178,11880,35562,13744
298198,11917,35553,13745
298218,11879,35688,13746
298238,11910,35623,13747
298258,11879,35684,13748
298278,11887,35594,13749
298298,11833,35656,13750
298318,11839,35642,13751
298338,11859,35583,13752
298358,11898,35507,13753
298378,11871,35575,13754
298398,11921,35464,13755
298418,11940,35521,13756
298438,11881,35446,13757
298458,11915,35440,13758
298478,11948,35602,13759
298498,11877,35510,13760
298518,11917,35623,13761
298538,11898,35560,13762
298558,11873,35527,13763
298578,11921,35557,13764
298598,11482,35478,13765
298618,11302,35528,13766
298638,11277,35439,13767
298658,11289,35459,13768
298678,11263,35422,13769
298698,11274,35500,13770
298718,11272,35548,13771
298738,11279,35379,13772
298758,11217,35359,13773
298778,11308,35385,13774
298798,11281,35355,13775
298818,11302,35361,13776
298838,11316,35176,13777
298858,11288,35393,13778
298878,11294,35337,13779
298898,11283,35339,13780
298918,11286,35377,13781
298938,11268,35461,13782
298958,11240,35358,13783
298978,11274,35280,13784
298998,11257,35368,13785
299018,11281,35416,13786
299038,11265,35376,13787
299058,11276,35431,13788
299078,11316,35341,13789
299098,10571,35289,13790
299118,10065,35391,13791
299138,10051,35342,13792
299158,10100,35404,13793
299178,10089,35277,13794
299198,10071,35345,13795
299218,10071,35260,13796
299238,10071,35395,13797
299258,10041,35201,13798
299278,10089,35322,13799
299298,10045,35332,13800
299318,10091,35295,13801
299338,10014,35489,13802
299358,10118,35355,13803
299378,10061,35300,13804
299398,10038,35291,13805
299418,10031,35267,13806
299438,10088,35270,13807
299458,10103,35174,13808
299478,10081,35119,13809
299498,10043,35032,13810
299518,9993,35193,13811
299538,10074,35180,13812
299558,10081,35198,13813
299578,10072,35123,13814
299598,9769,35217,13815
299618,9462,35182,13816
299638,9487,35228,13817
299658,9498,35169,13818
299678,9463,35196,13819
299698,9503,35175,13820
299718,9433,35119,13821
299738,9541,35142,13822
299758,9550,35061,13823
299778,9474,35158,13824
299798,9493,35152,13825
299818,9516,35034,13826
299838,9553,35174,13827
299858,9511,35102,13828
299878,9473,35147,13829
299898,9487,35202,13830
299918,9519,35151,13831
299938,9506,35253,13832
299958,9500,35178,13833
299978,9485,35203,13834
299998,9512,35102,13835
300018,9495,35109,13836
300038,9504,35181,13837
300058,9461,34902,13838
300078,9514,34914,13839
300098,9236,35053,13840
300118,8930,34991,13841
300138,8920,35006,13842
300158,8978,34930,13843
300178,8934,34923,13844
300198,8954,34783,13845
300218,8916,34924,13846
300238,8964,34979,13847
300258,8894,34909,13848
300278,8948,34752,13849
300298,8945,34807,13850
300318,8928,34936,13851
300338,8922,34953,13852
300358,8973,35004,13853
300378,8935,34999,13854
300398,8914,34834,13855
300418,8948,34964,13856
300438,8967,34994,13857
300458,8927,35072,13858
300478,8967,34990,13859
300498,9000,35017,13860
300518,8936,35135,13861
300538,8957,35013,13862
300558,8943,34805,13863
300578,8969,34807,13864
300598,8376,34873,13865
300618,7841,34997,13866
300638,7817,34966,13867
300658,7799,35048,13868
300678,7815,34916,13869
300698,7791,34981,13870
300718,7810,34966,13871
300738,7797,34919,13872
300758,7847,34946,13873
300778,7826,35019,13874
300798,7823,34953,13875
300818,7847,34844,13876
300838,7870,34873,13877
300858,7819,34889,13878
300878,7856,34872,13879
300898,7805,34957,13880
300918,7815,34932,13881
300938,7880,34800,13882
300958,7850,34897,13883
300978,7802,34963,13884
300998,7854,34773,13885
301018,7880,34966,13886
301038,7787,34854,13887
301058,7862,34865,13888
301078,7837,34962,13889
301098,7608,34923,13890
301118,7321,34899,13891
301138,7327,34782,13892
301158,7350,34842,13893
301178,7340,34841,13894
301198,7319,34820,13895
301218,7310,34740,13896
301238,7323,34731,13897
301258,7319,34781,13898
301278,7297,34784,13899
301298,7317,34824,13900
301318,7334,34748,13901
301338,7336,34718,13902
301358,7330,34756,13903
301378,7386,34764,13904
301398,7327,34859,13905
301418,7329,34656,13906
301438,7318,34679,13907
301458,7334,34628,13908
301478,7342,34646,13909
301498,7319,34785,13910
301518,7324,34755,13911
301538,7319,34726,13912
301558,7315,34621,13913
301578,7329,34608,13914
301598,7284,34696,13915
301618,6808,34605,13916
301638,6840,34668,13917
301658,6828,34594,13918
301678,6840,34678,13919
301698,6865,34614,13920
301718,6833,34614,13921
301738,6828,34700,13922
301758,6804,34676,13923
301778,6780,34738,13924
301798,6869,34569,13925
301818,6777,34541,13926
301838,6789,34592,13927
301858,6828,34590,13928
301878,6786,34583,13929
301898,6878,34551,13930
301918,6851,34483,13931
301938,6870,34737,13932
301958,6801,34448,13933
301978,6824,34521,13934
301998,6836,34503,13935
302018,6825,34493,13936
302038,6806,34596,13937
302058,6769,34472,13938
302078,6782,34430,13939
302098,6581,34393,13940
302118,6336,34462,13941
302138,6319,34450,13942
302158,6302,34415,13943
302178,6356,34500,13944
302198,6348,34380,13945
302218,6333,34424,13946
302238,6359,34541,13947
302258,6350,34451,13948
302278,6386,34481,13949
302298,6370,34473,13950
302318,6307,34483,13951
302338,6340,34526,13952
302358,6334,34402,13953
302378,6321,34476,13954
302398,6344,34412,13955
302418,6373,34507,13956
302438,6367,34463,13957
302458,6329,34371,13958
302478,6406,34403,13959
302498,6345,34382,13960
302518,6267,34592,13961
302538,6287,34417,13962
302558,6335,34377,13963
302578,6373,34336,13964
302598,5933,34391,13965
302618,5378,34438,13966
302638,5408,34359,13967
302658,5348,34424,13968
302678,5366,34383,13969
302698,5365,34399,13970
302718,5359,34469,13971
302738,5365,34410,13972
302758,5355,34364,13973
302778,5386,34369,13974
302798,5309,34342,13975
302818,5358,34316,13976
302838,5326,34362,13977
302858,5380,34331,13978
302878,5366,34235,13979
302898,5356,34358,13980
302918,5405,34347,13981
302938,5353,34348,13982
302958,5382,34285,13983
302978,5407,34269,13984
302998,5371,34324,13985
303018,5333,34399,13986
303038,5404,34286,13987
303058,5344,34291,13988
303078,5365,34303,13989
303098,5264,34321,13990
303118,4974,34286,13991
303138,4962,34181,13992
303158,4980,34152,13993
303178,4951,34137,13994
303198,4977,34253,13995
303218,4979,33929,13996
303238,4949,34088,13997
303258,4953,34108,13998
303278,4909,34139,13999
303298,4938,34183,14000
303318,4936,34112,14001
303338,4916,34219,14002
303358,4882,34125,14003
303378,4950,34161,14004
303398,4917,34267,14005
303418,4976,34141,14006
303438,4943,34083,14007
303458,4980,33844,14008
303478,4927,33715,14009
303498,4961,34023,14010
303518,4970,33965,14011
303538,4970,34099,14012
303558,4988,34065,14013
303578,4921,33947,14014
303598,4846,33907,14015
303618,4509,33881,14016
303638,4498,33867,14017
303658,4519,33776,14018
303678,4546,33878,14019
303698,4521,33761,14020
303718,4540,33841,14021
303738,4528,33861,14022
303758,4521,33941,14023
303778,4503,33883,14024
303798,4513,33798,14025
303818,4520,33932,14026
303838,4533,33856,14027
303858,4517,33797,14028
303878,4522,34084,14029
303898,4509,33961,14030
303918,4517,33996,14031
303938,4513,33993,14032
303958,4538,34057,14033
303978,4526,34027,14034
303998,4502,33877,14035
304018,4563,33680,14036
304038,4567,33798,14037
304058,4525,33829,14038
304078,4545,33988,14039
304098,4333,33968,14040
304118,3724,33921,14041
304138,3729,33923,14042
304158,3741,33916,14043
304178,3702,33936,14044
304198,3696,33921,14045
304218,3663,33883,14046
304238,3702,33896,14047
304258,3703,33900,14048
304278,3698,33873,14049
304298,3737,33842,14050
304318,3721,33829,14051
304338,3740,33810,14052
304358,3698,33916,14053
304378,3731,33837,14054
304398,3710,33760,14055
304418,3752,33830,14056
304438,3722,33914,14057
304458,3716,33907,14058
304478,3725,33800,14059
304498,3713,33806,14060
304518,3718,33807,14061
304538,3698,33815,14062
304558,3719,33768,14063
304578,3714,33785,14064
304598,3647,33689,14065
304618,3384,33706,14066
304638,3375,33716,14067
304658,3370,33720,14068
304678,3374,33728,14069
304698,3349,33712,14070
304718,3386,33712,14071
304738,3390,33726,14072
304758,3364,33709,14073
304778,3354,33724,14074
304798,3348,33744,14075
304818,3353,33734,14076
304838,3369,33728,14077
304858,3345,33683,14078
304878,3361,33639,14079
304898,3367,33646,14080
304918,3371,33609,14081
304938,3360,33561,14082
304958,3390,33441,14083
304978,3381,33459,14084
304998,3367,33571,14085
305018,3327,33567,14086
305038,3351,33571,14087
305058,3371,33576,14088
305078,3355,33508,14089
305098,3357,33593,14090
305118,3037,33594,14091
305138,3035,33694,14092
305158,2989,33629,14093
305178,3034,33570,14094
305198,3034,33568,14095
305218,3076,33597,14096
305238,3007,33597,14097
305258,3041,33519,14098
305278,3017,33472,14099
305298,3013,33556,14100
305318,3030,33543,14101
305338,3025,33455,14102
305358,3020,33494,14103
305378,3040,33490,14104
305398,2997,33478,14105
305418,3037,33501,14106
305438,3011,33445,14107
305458,3055,33463,14108
305478,3024,33399,14109
305498,3034,33561,14110
305518,3023,33433,14111
305538,3038,33432,14112
305558,3036,33445,14113
305578,3038,33448,14114
305598,3014,33394,14115
305618,2719,33363,14116
305638,2678,33440,14117
305658,2688,33454,14118
305678,2694,33392,14119
305698,2697,33379,14120
305718,2722,33363,14121
305738,2709,33453,14122
305758,2706,33492,14123
305778,2715,33489,14124
305798,2719,33368,14125
305818,2716,33352,14126
305838,2765,33346,14127
305858,2716,33367,14128
305878,2691,33365,14129
305898,2715,33209,14130
305918,2700,33277,14131
305938,2714,33291,14132
305958,2680,33334,14133
305978,2697,33333,14134
305998,2704,33292,14135
306018,2687,33340,14136
306038,2722,33285,14137
306058,2728,33272,14138
306078,2728,33285,14139
306098,2672,33164,14140
306118,2066,33321,14141
306138,2081,33178,14142
306158,2105,33262,14143
306178,2091,33213,14144
306198,2110,33170,14145
306218,2108,33222,14146
306238,2095,33247,14147
306258,2081,33151,14148
306278,2116,33343,14149
306298,2048,33084,14150
306318,2076,33232,14151
306338,2120,33256,14152
306358,2080,33200,14153
306378,2095,33221,14154
306398,2104,33172,14155
306418,2069,33265,14156
306438,2097,33211,14157
306458,2085,33164,14158
306478,2089,33237,14159
306498,2110,33130,14160
306518,2133,33216,14161
306538,2104,33141,14162
306558,2065,33180,14163
306578,2098,33170,14164
306598,2050,33086,14165
306618,1792,33164,14166
306638,1817,33135,14167
306658,1806,33174,14168
306678,1793,33038,14169
306698,1791,33003,14170
306718,1818,33125,14171
306738,1804,32998,14172
306758,1802,33032,14173
306778,1806,32976,14174
306798,1796,33054,14175
306818,1788,32959,14176
306838,1801,32964,14177
306858,1822,33030,14178
306878,1818,32948,14179
306898,1816,33002,14180
306918,1803,32932,14181
306938,1815,33063,14182
306958,1817,32983,14183
306978,1821,32965,14184
306998,1774,32998,14185
307018,1819,32920,14186
307038,1806,33013,14187
307058,1796,32980,14188
307078,1814,32927,14189
307098,1800,33029,14190
307118,1516,32935,14191
307138,1537,33036,14192
307158,1549,32917,14193
307178,1549,32808,14194
307198,1525,32836,14195
307218,1551,32846,14196
307238,1521,32728,14197
307258,1543,32653,14198
307278,1534,32709,14199
307298,1519,32790,14200
307318,1541,32805,14201
307338,1547,32903,14202
307358,1583,32950,14203
307378,1525,32850,14204
307398,1540,32999,14205
307418,1495,32885,14206
307438,1584,32980,14207
307458,1566,32529,14208
307478,1533,32675,14209
307498,1559,32692,14210
307518,1541,32874,14211
307538,1541,32903,14212
307558,1552,32806,14213
307578,1527,32825,14214
307598,1562,32838,14215
307618,1320,32886,14216
307638,1328,32850,14217
307658,1306,32731,14218
307678,1347,32795,14219
307698,1342,32695,14220
307718,1370,32625,14221
307738,1347,32657,14222
307758,1322,32711,14223
307778,1373,32783,14224
307798,1351,32755,14225
307818,1332,32807,14226
307838,1379,32726,14227
307858,1322,32775,14228
307878,1352,32790,14229
307898,1343,32795,14230
307918,1350,32794,14231
307938,1353,32789,14232
307958,1338,32770,14233
307978,1333,32805,14234
307998,1316,32711,14235
308018,1347,32720,14236
308038,1309,32662,14237
308058,1352,32715,14238
308078,1348,32741,14239
308098,1313,32517,14240
308118,1352,32564,14241
308138,1320,32571,14242
308158,1316,32651,14243
308178,1333,32695,14244
308198,1318,32658,14245
308218,1354,32600,14246
308238,1305,32539,14247
308258,1348,32622,14248
308278,1393,32652,14249
308298,1342,32641,14250
308318,1366,32653,14251
308338,1338,32643,14252
308358,1332,32766,14253
308378,1326,32615,14254
308398,1352,32677,14255
308418,1345,32564,14256
308438,1336,32581,14257
308458,1343,32626,14258
308478,1349,32531,14259
308498,1324,32522,14260
308518,1355,32564,14261
308538,1354,32526,14262
308558,1338,32546,14263
308578,1327,32529,14264
308598,1342,32561,14265
308618,1345,32476,14266
308638,1352,32481,14267
308658,1341,32567,14268
308678,1335,32505,14269
308698,1317,32496,14270
308718,1349,32436,14271
308738,1345,32498,14272
308758,1344,32496,14273
308778,1330,32506,14274
308798,1330,32436,14275
308818,1333,32448,14276
308838,1320,32504,14277
308858,1346,32542,14278
308878,1355,32399,14279
308898,1353,32424,14280
308918,1342,32424,14281
308938,1299,32451,14282
308958,1336,32364,14283
308978,1349,32348,14284
308998,1348,32250,14285
309018,1310,32325,14286
309038,1322,32359,14287
309058,1390,32344,14288
309078,1327,32314,14289
309098,1356,32197,14290
309118,1335,32312,14291
309138,1339,32273,14292
309158,1329,32314,14293
309178,1325,32341,14294
309198,1338,32291,14295
309218,1327,32314,14296
309238,1353,32393,14297
309258,1344,32341,14298
309278,1345,32120,14299
309298,1346,32127,14300
309318,1330,32261,14301
309338,1331,32345,14302
309358,1333,32329,14303
309378,1346,32312,14304
309398,1344,32276,14305
309418,1337,32308,14306
309438,1314,32307,14307
309458,1305,32188,14308
309478,1331,32211,14309
309498,1345,32200,14310
309518,1348,32150,14311
309538,1336,32157,14312
309558,1337,32167,14313
309578,1336,32244,14314
309598,1326,32172,14315
309618,1352,32243,14316
309638,1374,32256,14317
309658,1324,32216,14318
309678,1342,32264,14319
309698,1345,32224,14320
309718,1332,32248,14321
309738,1358,32168,14322
309758,1354,31928,14323
309778,1328,32032,14324
309798,1356,32007,14325
309818,1359,32184,14326
309838,1361,32119,14327
309858,1326,32098,14328
309878,1332,32148,14329
309898,1331,32031,14330
309918,1340,32100,14331
309938,1344,32080,14332
309958,1323,32131,14333
309978,1350,32148,14334
309998,1326,32167,14335
310018,1319,32146,14336
310038,1337,32145,14337
310058,1315,32095,14338
310078,1333,32114,14339
310098,1349,32065,14340
310118,1337,32089,14341
310138,1337,32001,14342
310158,1326,31976,14343
310178,1341,32066,14344
310198,1335,32019,14345
310218,1324,32015,14346
310238,1334,31968,14347
310258,1350,31904,14348
310278,1361,31953,14349
310298,1344,32068,14350
310318,1342,31997,14351
310338,1337,31951,14352
310358,1323,32005,14353
310378,1345,32020,14354
310398,1326,31994,14355
310418,1339,31986,14356
310438,1342,31934,14357
310458,1341,31971,14358
310478,1344,31955,14359
310498,1333,31933,14360
310518,1349,31891,14361
310538,1335,32006,14362
310558,1324,31993,14363
310578,1342,31955,14364
310598,1360,31920,14365
310618,1373,31870,14366
310638,1345,31824,14367
310658,1326,31862,14368
310678,1334,31862,14369
310698,1302,31796,14370
310718,1316,31833,14371
310738,1357,31740,14372
310758,1322,31802,14373
310778,1322,31790,14374
310798,1326,31796,14375
310818,1311,31710,14376
310838,1329,31694,14377
310858,1354,31786,14378
310878,1336,31704,14379
310898,1333,31729,14380
310918,1347,31690,14381
310938,1301,31733,14382
310958,1338,31718,14383
310978,1351,31731,14384
310998,1347,31741,14385
311018,1344,31739,14386
311038,1292,31734,14387
311058,1368,31722,14388
311078,1335,31640,14389
311098,1359,31698,14390
311118,1349,31680,14391
311138,1344,31723,14392
311158,1350,31695,14393
311178,1349,31792,14394
311198,1346,31789,14395
311218,1317,31849,14396
311238,1334,31801,14397
311258,1364,31828,14398
311278,1371,31730,14399
311298,1308,31711,14400
311318,1338,31782,14401
311338,1320,31718,14402
311358,1331,31775,14403
311378,1358,31716,14404
311398,1345,31709,14405
311418,1350,31754,14406
311438,1352,31771,14407
311458,1344,31671,14408
311478,1345,31616,14409
311498,1321,31487,14410
311518,1358,31614,14411
311538,1340,31573,14412
311558,1336,31647,14413
311578,1315,31647,14414
311598,1318,31641,14415
311618,1324,31622,14416
311638,1353,31643,14417
311658,1352,31604,14418
311678,1368,31625,14419
311698,1311,31564,14420
311718,1362,31620,14421
311738,1332,31609,14422
311758,1338,31602,14423
311778,1317,31566,14424
311798,1349,31648,14425
311818,1333,31674,14426
311838,1321,31657,14427
311858,1310,31591,14428
311878,1326,31570,14429
311898,1338,31602,14430
311918,1321,31552,14431
311938,1332,31660,14432
311958,1315,31481,14433
311978,1340,31535,14434
311998,1352,31530,14435
312018,1347,31605,14436
312038,1327,31528,14437
312058,1330,31477,14438
312078,1333,31564,14439
312098,1313,31556,14440
312118,1336,31521,14441
312138,1326,31459,14442
312158,1339,31420,14443
312178,1358,31446,14444
312198,1329,31466,14445
312218,1337,31449,14446
312238,1345,31512,14447
312258,1344,31435,14448
312278,1342,31447,14449
312298,1328,31497,14450
312318,1331,31431,14451
312338,1331,31394,14452
312358,1325,31410,14453
312378,1319,31378,14454
312398,1353,31281,14455
312418,1336,31320,14456
312438,1318,31261,14457
312458,1337,31372,14458
312478,1341,31299,14459
312498,1347,31340,14460
312518,1315,31248,14461
312538,1363,31278,14462
312558,1320,31343,14463
312578,1324,31319,14464
312598,1346,31311,14465
312618,1338,31296,14466
312638,1313,31366,14467
312658,1321,31338,14468
312678,1333,31272,14469
312698,1330,31289,14470
312718,1352,31286,14471
312738,1311,31255,14472
312758,1320,31129,14473
312778,1338,31184,14474
312798,1319,31083,14475
312818,1299,31065,14476
312838,1313,31124,14477
312858,1317,30998,14478
312878,1375,31024,14479
312898,1328,31002,14480
312918,1321,31079,14481
312938,1307,31008,14482
312958,1337,30995,14483
312978,1302,31054,14484
312998,1328,31191,14485
313018,1323,31127,14486
313038,1305,31126,14487
313058,1319,31097,14488
313078,1317,30989,14489
313098,1318,31005,14490
313118,1341,31124,14491
313138,1339,31043,14492
313158,1336,30853,14493
313178,1326,30852,14494
313198,1330,30870,14495
313218,1326,30913,14496
313238,1324,30990,14497
313258,1323,31102,14498
313278,1333,31134,14499
313298,1312,31040,14500
313318,1326,31083,14501
313338,1317,31079,14502
313358,1336,31105,14503
313378,1343,31091,14504
313398,1342,31047,14505
313418,1340,31018,14506
313438,1333,30988,14507
313458,1344,30944,14508
313478,1325,30954,14509
313498,1318,30829,14510
313518,1341,30788,14511
313538,1335,30767,14512
313558,1342,30866,14513
313578,1307,30960,14514
313598,1349,30857,14515
313618,1307,30983,14516
313638,1340,30981,14517
313658,1333,30927,14518
313678,1316,30924,14519
313698,1341,30949,14520
313718,1333,30969,14521
313738,1320,30961,14522
313758,1329,30872,14523
313778,1331,30919,14524
313798,1323,30857,14525
313818,1334,30810,14526
313838,1334,30753,14527
313858,1317,30782,14528
313878,1349,30794,14529
313898,1306,30824,14530
313918,1334,30890,14531
313938,1299,30861,14532
313958,1342,30899,14533
313978,1312,30850,14534
313998,1348,30878,14535
314018,1332,30938,14536
314038,1333,30905,14537
314058,1300,30902,14538
314078,1348,30888,14539
314098,1322,30899,14540
314118,1328,30860,14541
314138,1314,30856,14542
314158,1313,30835,14543
314178,1318,30852,14544
314198,1326,30850,14545
314218,1323,30799,14546
314238,1334,30748,14547
314258,1319,30827,14548
314278,1307,30725,14549
314298,1314,30791,14550
314318,1343,30771,14551
314338,1327,30657,14552
314358,1313,30693,14553
314378,1325,30742,14554
314398,1326,30751,14555
314418,1294,30751,14556
314438,1309,30641,14557
314458,1323,30693,14558
314478,1339,30683,14559
314498,1325,30630,14560
314518,1318,30666,14561
314538,1320,30569,14562
314558,1293,30537,14563
314578,1309,30645,14564
314598,1318,30677,14565
314618,1320,30648,14566
314638,1321,30644,14567
314658,1341,30450,14568
314678,1333,30517,14569
314698,1337,30605,14570
314718,1316,30542,14571
314738,1318,30597,14572
314758,1331,30548,14573
314778,1304,30636,14574
314798,1299,30574,14575
314818,1323,30490,14576
314838,1344,30475,14577
314858,1323,30459,14578
314878,1320,30526,14579
314898,1307,30480,14580
314918,1304,30303,14581
314938,1300,30257,14582
314958,1304,30262,14583
314978,1314,30368,14584
314998,1325,30310,14585
315018,1330,30400,14586
315038,1328,30308,14587
315058,1302,30320,14588
315078,1315,30552,14589
315098,1319,30529,14590
315118,1303,30381,14591
315138,1282,30321,14592
315158,1292,30282,14593
315178,1323,30336,14594
315198,1302,30231,14595
315218,1311,30166,14596
315238,1342,30460,14597
315258,1282,30368,14598
315278,1313,30462,14599
315298,1302,30375,14600
315318,1341,30430,14601
315338,1324,30412,14602
315358,1333,30447,14603
315378,1298,30484,14604
315398,1303,30432,14605
315418,1302,30496,14606
315438,1308,30476,14607
315458,1335,30241,14608
315478,1294,30251,14609
315498,1272,30211,14610
315518,1302,30084,14611
315538,1306,30212,14612
315558,1300,30221,14613
315578,1289,30197,14614
315598,1314,30156,14615
315618,1286,30227,14616
315638,1295,30349,14617
315658,1265,30344,14618
315678,1313,30229,14619
315698,1325,30321,14620
315718,1314,30294,14621
315738,1274,30372,14622
315758,1268,30359,14623
315778,1310,30228,14624
315798,1312,30278,14625
315818,1311,30283,14626
315838,1319,30250,14627
315858,1306,30309,14628
315878,1267,30233,14629
315898,1312,30203,14630
315918,1294,30212,14631
315938,1316,30256,14632
315958,1319,30339,14633
315978,1303,30197,14634
315998,1292,30238,14635
316018,1295,30269,14636
316038,1317,30268,14637
316058,1299,30234,14638
316078,1304,30148,14639
316098,1313,30241,14640
316118,1299,30257,14641
316138,1293,30256,14642
316158,1306,30204,14643
316178,1304,30220,14644
316198,1280,30169,14645
316218,1342,30198,14646
316238,1323,30195,14647
316258,1297,30144,14648
316278,1324,30095,14649
316298,1303,30147,14650
316318,1304,30140,14651
316338,1323,30130,14652
316358,1314,30138,14653
316378,1297,30048,14654
316398,1284,30098,14655
316418,1285,30066,14656
316438,1297,30086,14657
316458,1308,30015,14658
316478,1286,30075,14659
316498,1283,30035,14660
316518,1301,30099,14661
316538,1258,30174,14662
316558,1274,30032,14663
316578,1302,29995,14664
316598,1317,29966,14665
316618,1280,30006,14666
316638,1309,30031,14667
316658,1302,29925,14668
316678,1297,29851,14669
316698,1298,29893,14670
316718,1288,29989,14671
316738,1320,30052,14672
316758,1295,29954,14673
316778,1306,29976,14674
316798,1310,30053,14675
316818,1326,29982,14676
316838,1338,29809,14677
316858,1306,29808,14678
316878,1349,30006,14679
316898,1305,30001,14680
316918,1313,29957,14681
316938,1328,30036,14682
316958,1326,29933,14683
316978,1306,29865,14684
316998,1306,29821,14685
317018,1320,29757,14686
317038,1288,29821,14687
317058,1314,29697,14688
317078,1300,29766,14689
317098,1352,29785,14690
317118,1510,29728,14691
317138,1551,29703,14692
317158,1550,29851,14693
317178,1542,29806,14694
317198,1528,29809,14695
317218,1539,29925,14696
317238,1542,29940,14697
317258,1536,29773,14698
317278,1542,29797,14699
317298,1526,29703,14700
317318,1516,29659,14701
317338,1543,29652,14702
317358,1514,29707,14703
317378,1531,29867,14704
317398,1537,29866,14705
317418,1526,29899,14706
317438,1544,29880,14707
317458,1544,29936,14708
317478,1530,29895,14709
317498,1535,29925,14710
317518,1541,29824,14711
317538,1512,29919,14712
317558,1523,29911,14713
317578,1546,29877,14714
317598,1536,29819,14715
317618,1809,29747,14716
317638,1806,29693,14717
317658,1786,29722,14718
317678,1823,29720,14719
317698,1834,29587,14720
317718,1794,29533,14721
317738,1807,29586,14722
317758,1801,29715,14723
317778,1791,29699,14724
317798,1814,29759,14725
317818,1804,29769,14726
317838,1821,29687,14727
317858,1818,29887,14728
317878,1797,29635,14729
317898,1833,29693,14730
317918,1777,29716,14731
317938,1799,29725,14732
317958,1794,29716,14733
317978,1776,29656,14734
317998,1789,29712,14735
318018,1840,29640,14736
318038,1808,29628,14737
318058,1796,29635,14738
318078,1801,29619,14739
318098,1775,29656,14740
318118,2081,29630,14741
318138,2098,29653,14742
318158,2078,29758,14743
318178,2077,29590,14744
318198,2113,29739,14745
318218,2060,29660,14746
318238,2112,29709,14747
318258,2075,29714,14748
318278,2074,29680,14749
318298,2090,29723,14750
318318,2068,29757,14751
318338,2060,29750,14752
318358,2111,29632,14753
318378,2034,29610,14754
318398,2076,29580,14755
318418,2086,29648,14756
318438,2040,29581,14757
318458,2090,29605,14758
318478,2062,29533,14759
318498,2100,29514,14760
318518,2094,29634,14761
318538,2055,29463,14762
318558,2094,29427,14763
318578,2065,29482,14764
318598,2048,29534,14765
318618,2505,29506,14766
318638,2683,29523,14767
318658,2680,29451,14768
318678,2692,29456,14769
318698,2729,29549,14770
318718,2726,29514,14771
318738,2687,29581,14772
318758,2700,29381,14773
318778,2710,29476,14774
318798,2707,29304,14775
318818,2706,29388,14776
318838,2695,29271,14777
318858,2699,29383,14778
318878,2715,29459,14779
318898,2697,29436,14780
318918,2701,29413,14781
318938,2671,29403,14782
318958,2703,29254,14783
318978,2645,29400,14784
318998,2747,29431,14785
319018,2675,29468,14786
319038,2725,29365,14787
319058,2732,29476,14788
319078,2714,29440,14789
319098,2689,29564,14790
319118,3016,29436,14791
319138,3039,29243,14792
319158,3019,29311,14793
319178,2966,29318,14794
319198,3065,29319,14795
319218,3019,29219,14796
319238,2997,29123,14797
319258,3077,28999,14798
319278,3011,29231,14799
319298,3032,29145,14800
319318,3023,29240,14801
319338,3023,29271,14802
319358,3002,29279,14803
319378,3040,29346,14804
319398,3018,29323,14805
319418,3059,29220,14806
319438,3052,29011,14807
319458,3025,28996,14808
319478,2975,28886,14809
319498,3017,28911,14810
319518,3035,29118,14811
319538,3011,29075,14812
319558,3019,29210,14813
319578,3005,29189,14814
319598,3037,29294,14815
319618,3318,29321,14816
319638,3374,29251,14817
319658,3342,29197,14818
319678,3368,29256,14819
319698,3338,29323,14820
319718,3371,29319,14821
319738,3365,29283,14822
319758,3355,29332,14823
319778,3361,29161,14824
319798,3409,29157,14825
319818,3347,29012,14826
319838,3351,29111,14827
319858,3330,29061,14828
319878,3383,29025,14829
319898,3386,29020,14830
319918,3388,29025,14831
319938,3316,29205,14832
319958,3350,29244,14833
319978,3370,29233,14834
319998,3365,29203,14835
320018,3401,29175,14836
320038,3342,29186,14837
320058,3360,29287,14838
320078,3326,29209,14839
320098,3338,29085,14840
320118,3726,29128,14841
320138,3748,29145,14842
320158,3758,29115,14843
320178,3728,29055,14844
320198,3739,29022,14845
320218,3787,28989,14846
320238,3767,29083,14847
320258,3704,29121,14848
320278,3686,29026,14849
320298,3725,29148,14850
320318,3692,29057,14851
320338,3721,29139,14852
320358,3706,28965,14853
320378,3707,29026,14854
320398,3738,29077,14855
320418,3709,29050,14856
320438,3691,29175,14857
320458,3745,29116,14858
320478,3736,29131,14859
320498,3724,29088,14860
320518,3692,29058,14861
320538,3734,29055,14862
320558,3698,29055,14863
320578,3698,28991,14864
320598,3733,28902,14865
320618,4560,28980,14866
320638,4548,28988,14867
320658,4541,28953,14868
320678,4515,28937,14869
320698,4501,29016,14870
320718,4488,28968,14871
320738,4514,28976,14872
320758,4524,28892,14873
320778,4556,28929,14874
320798,4545,28874,14875
320818,4541,28875,14876
320838,4536,28982,14877
320858,4499,28972,14878
320878,4524,28986,14879
320898,4507,28895,14880
320918,4516,28925,14881
320938,4494,28892,14882
320958,4565,28915,14883
320978,4504,28804,14884
320998,4513,28758,14885
321018,4469,28846,14886
321038,4485,28778,14887
321058,4532,28927,14888
321078,4531,28919,14889
321098,4542,28925,14890
321118,4973,28881,14891
321138,5029,28822,14892
321158,4942,28863,14893
321178,4958,28890,14894
321198,4913,28938,14895
321218,4945,28814,14896
321238,4945,28796,14897
321258,4929,28707,14898
321278,4925,28774,14899
321298,4964,28720,14900
321318,4953,28682,14901
321338,4985,28512,14902
321358,4973,28720,14903
321378,4968,28596,14904
321398,4892,28675,14905
321418,4963,28795,14906
321438,4938,28565,14907
321458,4905,28849,14908
321478,4957,28801,14909
321498,4964,28790,14910
321518,4962,28674,14911
321538,4957,28526,14912
321558,4947,28677,14913
321578,4952,28623,14914
321598,4939,28639,14915
321618,5384,28674,14916
321638,5379,28797,14917
321658,5298,28680,14918
321678,5357,28728,14919
321698,5375,28812,14920
321718,5385,28757,14921
321738,5378,28719,14922
321758,5383,28851,14923
321778,5388,28773,14924
321798,5366,28740,14925
321818,5384,28728,14926
321838,5343,28683,14927
321858,5361,28785,14928
321878,5369,28600,14929
321898,5368,28661,14930
321918,5383,28562,14931
321938,5335,28599,14932
321958,5354,28586,14933
321978,5381,28393,14934
321998,5381,28585,14935
322018,5404,28596,14936
322038,5378,28740,14937
322058,5378,28667,14938
322078,5358,28840,14939
322098,5360,28666,14940
322118,6347,28718,14941
322138,6345,28680,14942
322158,6297,28703,14943
322178,6279,28734,14944
322198,6338,28596,14945
322218,6353,28583,14946
322238,6373,28587,14947
322258,6342,28604,14948
322278,6327,28638,14949
322298,6351,28597,14950
322318,6334,28576,14951
322338,6315,28618,14952
322358,6321,28638,14953
322378,6313,28653,14954
322398,6301,28585,14955
322418,6324,28581,14956
322438,6346,28684,14957
322458,6301,28570,14958
322478,6313,28661,14959
322498,6347,28587,14960
322518,6332,28636,14961
322538,6336,28728,14962
322558,6379,28683,14963
322578,6363,28652,14964
322598,6330,28547,14965
322618,6828,28552,14966
322638,6801,28574,14967
322658,6813,28523,14968
322678,6825,28527,14969
322698,6831,28521,14970
322718,6810,28525,14971
322738,6839,28598,14972
322758,6875,28479,14973
322778,6837,28532,14974
322798,6805,28489,14975
322818,6790,28427,14976
322838,6833,28452,14977
322858,6877,28340,14978
322878,6797,28375,14979
322898,6809,28359,14980
322918,6830,28596,14981
322938,6841,28544,14982
322958,6823,28453,14983
322978,6814,28556,14984
322998,6808,28389,14985
323018,6814,28444,14986
323038,6834,28418,14987
323058,6821,28418,14988
323078,6799,28446,14989
323098,6796,28134,14990
323118,7334,28315,14991
323138,7292,28344,14992
323158,7319,28394,14993
323178,7319,28426,14994
323198,7332,28441,14995
323218,7329,28403,14996
323238,7290,28299,14997
323258,7346,28317,14998
323278,7347,28382,14999
323298,7332,28342,15000
323318,7344,28299,15001
323338,7312,28257,15002
323358,7311,28338,15003
323378,7337,28181,15004
323398,7282,28217,15005
323418,7344,28101,15006
323438,7337,28057,15007
323458,7334,27981,15008
323478,7339,28000,15009
323498,7325,28302,15010
323518,7295,28345,15011
323538,7310,28317,15012
323558,7298,28359,15013
323578,7296,28246,15014
323598,7317,28187,15015
323618,7803,28288,15016
323638,7856,28213,15017
323658,7823,28133,15018
323678,7832,27994,15019
323698,7845,28113,15020
323718,7809,28097,15021
323738,7828,28158,15022
323758,7819,28259,15023
323778,7827,28292,15024
323798,7801,28364,15025
323818,7807,28278,15026
323838,7823,28288,15027
323858,7842,28351,15028
323878,7836,28366,15029
323898,7816,28309,15030
323918,7850,28303,15031
323938,7826,28274,15032
323958,7803,28169,15033
323978,7831,28111,15034
323998,7787,28186,15035
324018,7848,28190,15036
324038,7835,28191,15037
324058,7846,28157,15038
324078,7892,28209,15039
324098,7840,28256,15040
324118,8219,28193,15041
324138,8932,28232,15042
324158,8900,28194,15043
324178,8938,28199,15044
324198,8936,28153,15045
324218,8930,28196,15046
324238,8932,28217,15047
324258,8946,28231,15048
324278,8926,28285,15049
324298,8958,28151,15050
324318,8924,28222,15051
324338,8884,28224,15052
324358,8930,28117,15053
324378,8942,28125,15054
324398,8942,28088,15055
324418,8925,28169,15056
324438,8952,28119,15057
324458,8973,28145,15058
324478,8938,28159,15059
324498,8917,28157,15060
324518,8954,28100,15061
324538,8933,28222,15062
324558,8929,28177,15063
324578,8908,28249,15064
324598,8916,28144,15065
324618,9457,28187,15066
324638,9470,28124,15067
324658,9491,28210,15068
324678,9506,28256,15069
324698,9505,28127,15070
324718,9481,28135,15071
324738,9509,28110,15072
324758,9475,28078,15073
324778,9498,28102,15074
324798,9481,28093,15075
324818,9457,28130,15076
324838,9478,28108,15077
324858,9507,28101,15078
324878,9473,28080,15079
324898,9492,28094,15080
324918,9481,28107,15081
324938,9460,28077,15082
324958,9468,28094,15083
324978,9454,28072,15084
324998,9457,27996,15085
325018,9494,27976,15086
325038,9471,28014,15087
325058,9582,28023,15088
325078,9498,28070,15089
325098,9462,28137,15090
325118,10064,27995,15091
325138,10044,27971,15092
325158,10062,27982,15093
325178,10060,27987,15094
325198,10068,27992,15095
325218,10031,28015,15096
325238,10066,27953,15097
325258,10049,27965,15098
325278,10054,27657,15099
325298,10088,27853,15100
325318,10070,28002,15101
325338,10076,28049,15102
325358,10054,28048,15103
325378,10084,28007,15104
325398,10046,28043,15105
325418,10053,28113,15106
325438,10048,27964,15107
325458,10028,28002,15108
325478,10062,27840,15109
325498,10076,27850,15110
325518,10082,27835,15111
325538,10067,27809,15112
325558,10025,27712,15113
325578,10059,27780,15114
325598,10016,27872,15115
325618,11230,27758,15116
325638,11240,27786,15117
325658,11273,27768,15118
325678,11276,27912,15119
325698,11322,27921,15120
325718,11310,28017,15121
325738,11259,27841,15122
325758,11270,27764,15123
325778,11233,27692,15124
325798,11278,27842,15125
325818,11260,27847,15126
325838,11260,27836,15127
325858,11270,27900,15128
325878,11267,27928,15129
325898,11259,28042,15130
325918,11253,27974,15131
325938,11260,27972,15132
325958,11309,27944,15133
325978,11273,27979,15134
325998,11287,27914,15135
326018,11288,27899,15136
326038,11276,27955,15137
326058,11278,27901,15138
326078,11278,27965,15139
326098,11250,27944,15140
326118,11854,27918,15141
326138,11849,27956,15142
326158,11886,27877,15143
326178,11875,27888,15144
326198,11898,27962,15145
326218,11915,27957,15146
326238,11891,27992,15147
326258,11900,27941,15148
326278,11874,27894,15149
326298,11862,27876,15150
326318,11881,27836,15151
326338,11887,27922,15152
326358,11881,27818,15153
326378,11902,27940,15154
326398,11901,27873,15155
326418,11909,27852,15156
326438,11879,27889,15157
326458,11897,27845,15158
326478,11879,27782,15159
326498,11888,27791,15160
326518,11843,27711,15161
326538,11884,27850,15162
326558,11901,27789,15163
326578,11858,27833,15164
326598,11857,27840,15165
326618,12474,27885,15166
326638,12563,27771,15167
326658,12554,27833,15168
326678,12557,27777,15169
326698,12587,27791,15170
326718,12557,27796,15171
326738,12565,27744,15172
326758,12598,27758,15173
326778,12560,27777,15174
326798,12549,27795,15175
326818,12518,27766,15176
326838,12544,27865,15177
326858,12511,27813,15178
326878,12561,27856,15179
326898,12550,27784,15180
326918,12566,27848,15181
326938,12576,27746,15182
326958,12538,27787,15183
326978,12548,27759,15184
326998,12530,27622,15185
327018,12556,27768,15186
327038,12532,27695,15187
327058,12495,27729,15188
327078,12562,27778,15189
327098,12521,27738,15190
327118,13094,27779,15191
327138,13165,27788,15192
327158,13173,27731,15193
327178,13198,27761,15194
327198,13170,27711,15195
327218,13160,27695,15196
327238,13167,27585,15197
327258,13159,27590,15198
327278,13156,27557,15199
327298,13180,27602,15200
327318,13188,27627,15201
327338,13170,27774,15202
327358,13178,27748,15203
327378,13195,27736,15204
327398,13192,27694,15205
327418,13195,27644,15206
327438,13230,27700,15207
327458,13191,27578,15208
327478,13169,27527,15209
327498,13201,27705,15210
327518,13160,27793,15211
327538,13161,27677,15212
327558,13194,27658,15213
327578,13180,27683,15214
327598,13163,27642,15215
327618,14256,27676,15216
327638,14546,27727,15217
327658,14524,27652,15218
327678,14547,27641,15219
327698,14513,27734,15220
327718,14529,27641,15221
327738,14503,27638,15222
327758,14473,27668,15223
327778,14505,27600,15224
327798,14542,27752,15225
327818,14521,27695,15226
327838,14522,27598,15227
327858,14576,27514,15228
327878,14509,27592,15229
327898,14530,27650,15230
327918,14561,27600,15231
327938,14497,27535,15232
327958,14508,27479,15233
327978,14483,27501,15234
327998,14488,27585,15235
328018,14524,27591,15236
328038,14510,27509,15237
328058,14534,27652,15238
328078,14575,27724,15239
328098,14589,27756,15240
328118,15063,27652,15241
328138,15238,27698,15242
328158,15186,27683,15243
328178,15193,27826,15244
328198,15187,27697,15245
328218,15208,27571,15246
328238,15259,27596,15247
328258,15247,27590,15248
328278,15184,27640,15249
328298,15250,27713,15250
328318,15216,27583,15251
328338,15207,27555,15252
328358,15211,27505,15253
328378,15186,27611,15254
328398,15205,27531,15255
328418,15198,27514,15256
328438,15177,27636,15257
328458,15211,27625,15258
328478,15224,27699,15259
328498,15200,27630,15260
328518,15250,27568,15261
328538,15236,27499,15262
328558,15170,27568,15263
328578,15188,27542,15264
328598,15197,27433,15265
328618,15733,27493,15266
328638,15831,27540,15267
328658,15853,27505,15268
328678,15892,27615,15269
328698,15857,27650,15270
328718,15862,27601,15271
328738,15921,27505,15272
328758,15930,27614,15273
328778,15922,27584,15274
328798,15889,27550,15275
328818,15860,27497,15276
328838,15867,27426,15277
328858,15911,27592,15278
328878,15901,27635,15279
328898,15856,27600,15280
328918,15881,27557,15281
328938,15880,27603,15282
328958,15902,27591,15283
328978,15891,27647,15284
328998,15916,27497,15285
329018,15877,27428,15286
329038,15896,27500,15287
329058,15906,27551,15288
329078,15854,27500,15289
329098,15913,27505,15290
329118,16814,27487,15291
329138,17283,27521,15292
329158,17342,27592,15293
329178,17325,27517,15294
329198,17290,27421,15295
329218,17334,27416,15296
329238,17319,27406,15297
329258,17322,27500,15298
329278,17287,27394,15299
329298,17320,27435,15300
329318,17309,27453,15301
329338,17312,27475,15302
329358,17299,27548,15303
329378,17327,27382,15304
329398,17302,27529,15305
329418,17333,27535,15306
329438,17319,27465,15307
329458,17326,27417,15308
329478,17343,27337,15309
329498,17322,27444,15310
329518,17323,27470,15311
329538,17303,27465,15312
329558,17319,27371,15313
329578,17288,27321,15314
329598,17286,27315,15315
329618,17301,27446,15316
329638,17990,27449,15317
329658,18013,27486,15318
329678,18026,27324,15319
329698,18045,27443,15320
329718,18005,27374,15321
329738,18019,27379,15322
329758,17987,27262,15323
329778,18001,27264,15324
329798,18000,27338,15325
329818,18029,27328,15326
329838,18005,27343,15327
329858,17984,27270,15328
329878,18005,27244,15329
329898,18017,27441,15330
329918,18027,27383,15331
329938,18022,27531,15332
329958,18004,27418,15333
329978,18032,27391,15334
329998,18005,27495,15335
330018,18047,27403,15336
330038,18034,27243,15337
330058,18008,27224,15338
330078,18039,27198,15339
330098,18022,27363,15340
330118,18529,27406,15341
330138,18769,27554,15342
330158,18764,27477,15343
330178,18780,27639,15344
330198,18757,27540,15345
330218,18764,27474,15346
330238,18798,27419,15347
330258,18779,27352,15348
330278,18788,27458,15349
330298,18769,27504,15350
330318,18764,27402,15351
330338,18781,27428,15352
330358,18855,27283,15353
330378,18777,27339,15354
330398,18772,27265,15355
330418,18787,27152,15356
330438,18739,27224,15357
330458,18776,27383,15358
330478,18800,27490,15359
330498,18803,27417,15360
330518,18783,27351,15361
330538,18797,27303,15362
330558,18771,27373,15363
330578,18793,27418,15364
330598,18761,27462,15365
330618,19215,27415,15366
330638,19510,27382,15367
330658,19503,27382,15368
330678,19535,27487,15369
330698,19534,27391,15370
330718,19525,27349,15371
330738,19520,27321,15372
330758,19507,27272,15373
330778,19534,27425,15374
330798,19532,27464,15375
330818,19480,27507,15376
330838,19517,27431,15377
330858,19502,27457,15378
330878,19555,27459,15379
330898,19519,27403,15380
330918,19512,27398,15381
330938,19497,27396,15382
330958,19488,27482,15383
330978,19517,27494,15384
330998,19526,27528,15385
331018,19562,27461,15386
331038,19513,27440,15387
331058,19484,27441,15388
331078,19483,27379,15389
331098,19500,27330,15390
331118,20355,27308,15391
331138,20999,27388,15392
331158,21027,27433,15393
331178,21031,27369,15394
331198,20981,27313,15395
331218,21020,27291,15396
331238,21047,27346,15397
331258,21034,27389,15398
331278,20987,27267,15399
331298,21000,27347,15400
331318,21012,27354,15401
331338,21026,27364,15402
331358,21011,27401,15403
331378,21038,27313,15404
331398,20994,27392,15405
331418,21028,27286,15406
331438,21021,27278,15407
331458,21007,27291,15408
331478,21056,27187,15409
331498,21033,27142,15410
331518,21006,27155,15411
331538,21038,27131,15412
331558,21043,27207,15413
331578,21025,27255,15414
331598,20997,27303,15415
331618,21401,27330,15416
331638,21764,27253,15417
331658,21784,27266,15418
331678,21765,27159,15419
331698,21787,27320,15420
331718,21760,27433,15421
331738,21786,27462,15422
331758,21785,27443,15423
331778,21761,27336,15424
331798,21749,27358,15425
331818,21736,27336,15426
331838,21748,27311,15427
331858,21760,27201,15428
331878,21757,27177,15429
331898,21776,27229,15430
331918,21797,27276,15431
331938,21763,27274,15432
331958,21772,27180,15433
331978,21764,27043,15434
331998,21763,27154,15435
332018,21732,27239,15436
332038,21751,27269,15437
332058,21780,27148,15438
332078,21763,27294,15439
332098,21753,27305,15440
332118,22163,27319,15441
332138,22518,27324,15442
332158,22513,27263,15443
332178,22511,27042,15444
332198,22524,27109,15445
332218,22493,27138,15446
332238,22515,27057,15447
332258,22501,27281,15448
332278,22513,27273,15449
332298,22513,27331,15450
332318,22522,27398,15451
332338,22574,27362,15452
332358,22506,27365,15453
332378,22549,27374,15454
332398,22500,27300,15455
332418,22523,27412,15456
332438,22505,27362,15457
332458,22500,27305,15458
332478,22547,27314,15459
332498,22504,27211,15460
332518,22548,27255,15461
332538,22531,27224,15462
332558,22488,27268,15463
332578,22518,27185,15464
332598,22516,27097,15465
332618,22892,27207,15466
332638,23325,27171,15467
332658,23310,27232,15468
332678,23313,27256,15469
332698,23380,27293,15470
332718,23301,27315,15471
332738,23326,27306,15472
332758,23330,27335,15473
332778,23304,27244,15474
332798,23310,27281,15475
332818,23305,27296,15476
332838,23308,27333,15477
332858,23301,27382,15478
332878,23240,27314,15479
332898,23324,27372,15480
332918,23308,27259,15481
332938,23321,27186,15482
332958,23286,27223,15483
332978,23300,27290,15484
332998,23325,27311,15485
333018,23286,27383,15486
333038,23335,27408,15487
333058,23314,27438,15488
333078,23311,27420,15489
333098,23298,27389,15490
333118,24008,27321,15491
333138,24891,27323,15492
333158,24889,27318,15493
333178,24918,27381,15494
333198,24883,27406,15495
333218,24892,27312,15496
333238,24906,27350,15497
333258,24855,27371,15498
333278,24892,27278,15499
333298,24861,27294,15500
333318,24881,27251,15501
333338,24947,27252,15502
333358,24911,27290,15503
333378,24880,27305,15504
333398,24881,27338,15505
333418,24863,27280,15506
333438,24881,27234,15507
333458,24849,27250,15508
333478,24879,27260,15509
333498,24870,27239,15510
333518,24913,27207,15511
333538,24891,27206,15512
333558,24905,27201,15513
333578,24881,27249,15514
333598,24914,27319,15515
333618,25155,27217,15516
333638,25661,27260,15517
333658,25659,27339,15518
333678,25616,27224,15519
333698,25654,27365,15520
333718,25654,27277,15521
333738,25642,27349,15522
333758,25626,27356,15523
333778,25668,27292,15524
333798,25681,27256,15525
333818,25669,27148,15526
333838,25675,27248,15527
333858,25663,27237,15528
333878,25637,27333,15529
333898,25637,27313,15530
333918,25656,27346,15531
333938,25640,27374,15532
333958,25628,27304,15533
333978,25651,27314,15534
333998,25610,27453,15535
334018,25640,27302,15536
334038,25653,27341,15537
334058,25661,27321,15538
334078,25665,27329,15539
334098,25663,27278,15540
334118,25939,27337,15541
334138,26431,27296,15542
334158,26421,27308,15543
334178,26435,27263,15544
334198,26413,27245,15545
334218,26470,27205,15546
334238,26459,27235,15547
334258,26421,27180,15548
334278,26445,27153,15549
334298,26431,27248,15550
334318,26402,27342,15551
334338,26410,27284,15552
334358,26405,27298,15553
334378,26402,27184,15554
334398,26436,27193,15555
334418,26468,27232,15556
334438,26498,27216,15557
334458,26434,27146,15558
334478,26429,27169,15559
334498,26413,27245,15560
334518,26439,27245,15561
334538,26419,27139,15562
334558,26423,27164,15563
334578,26415,27185,15564
334598,26409,27253,15565
334618,26925,27342,15566
334638,28032,27355,15567
334658,28009,27354,15568
334678,28059,27305,15569
334698,28058,27352,15570
334718,28058,27320,15571
334738,28041,27303,15572
334758,28060,27281,15573
334778,28019,27341,15574
334798,28044,27358,15575
334818,28055,27356,15576
334838,28027,27284,15577
334858,28041,27268,15578
334878,28047,27257,15579
334898,28060,27221,15580
334918,28069,27252,15581
334938,28038,27220,15582
334958,28022,27154,15583
334978,28062,27133,15584
334998,28025,27218,15585
335018,28051,27237,15586
335038,28051,27229,15587
335058,28060,27246,15588
335078,28041,27365,15589
335098,28054,27342,15590
335118,28031,27327,15591
335138,28867,27132,15592
335158,28876,27149,15593
335178,28841,27206,15594
335198,28860,27331,15595
335218,28839,27225,15596
335238,28881,27113,15597
335258,28847,27080,15598
335278,28832,27161,15599
335298,28850,27010,15600
335318,28830,27035,15601
335338,28882,27068,15602
335358,28828,27169,15603
335378,28851,27312,15604
335398,28839,27287,15605
335418,28870,27280,15606
335438,28845,27116,15607
335458,28867,27050,15608
335478,28893,27287,15609
335498,28838,27141,15610
335518,28875,27347,15611
335538,28859,27274,15612
335558,28892,27379,15613
335578,28882,27220,15614
335598,28862,27208,15615
335618,29057,27144,15616
335638,29657,27185,15617
335658,29653,27215,15618
335678,29631,27266,15619
335698,29675,27132,15620
335718,29667,27122,15621
335738,29651,27112,15622
335758,29647,27095,15623
335778,29648,27148,15624
335798,29646,27104,15625
335818,29658,27104,15626
335838,29642,27162,15627
335858,29663,27130,15628
335878,29687,27226,15629
335898,29668,27218,15630
335918,29653,27313,15631
335938,29657,27189,15632
335958,29675,27091,15633
335978,29641,26996,15634
335998,29664,27064,15635
336018,29645,27080,15636
336038,29649,27259,15637
336058,29653,27325,15638
336078,29673,27346,15639
336098,29675,27357,15640
336118,29831,27305,15641
336138,30471,27389,15642
336158,30450,27376,15643
336178,30420,27347,15644
336198,30461,27255,15645
336218,30458,27306,15646
336238,30443,27398,15647
336258,30434,27320,15648
336278,30451,27261,15649
336298,30408,27244,15650
336318,30435,27276,15651
336338,30464,27290,15652
336358,30492,27219,15653
336378,30461,27105,15654
336398,30445,27138,15655
336418,30444,27280,15656
336438,30419,27297,15657
336458,30445,27304,15658
336478,30447,27205,15659
336498,30454,27222,15660
336518,30441,27220,15661
336538,30460,27279,15662
336558,30453,27306,15663
336578,30443,27357,15664
336598,30462,27377,15665
336618,30751,27401,15666
336638,32065,27385,15667
336658,32063,27381,15668
336678,32056,27269,15669
336698,32080,27348,15670
336718,32089,27334,15671
336738,32061,27297,15672
336758,32087,27267,15673
336778,32096,27314,15674
336798,32103,27365,15675
336818,32112,27320,15676
336838,32077,27417,15677
336858,32071,27454,15678
336878,32073,27324,15679
336898,32063,27418,15680
336918,32080,27493,15681
336938,32036,27456,15682
336958,32060,27396,15683
336978,32066,27421,15684
336998,32097,27481,15685
337018,32079,27501,15686
337038,32056,27414,15687
337058,32067,27478,15688
337078,32052,27418,15689
337098,32068,27418,15690
337118,32167,27381,15691
337138,32876,27350,15692
337158,32884,27330,15693
337178,32888,27373,15694
337198,32872,27345,15695
337218,32938,27521,15696
337238,32878,27365,15697
337258,32885,27391,15698
337278,32910,27419,15699
337298,32964,27419,15700
337318,32868,27470,15701
337338,32869,27316,15702
337358,32883,27310,15703
337378,32886,27439,15704
337398,32902,27371,15705
337418,32885,27401,15706
337438,32874,27399,15707
337458,32899,27368,15708
337478,32895,27310,15709
337498,32891,27322,15710
337518,32898,27345,15711
337538,32857,27419,15712
337558,32892,27391,15713
337578,32899,27407,15714
337598,32837,27231,15715
337618,32992,27140,15716
337638,33660,27131,15717
337658,33672,27092,15718
337678,33670,27234,15719
337698,33687,27427,15720
337718,33673,27376,15721
337738,33663,27344,15722
337758,33668,27387,15723
337778,33696,27516,15724
337798,33675,27484,15725
337818,33663,27472,15726
337838,33696,27487,15727
337858,33681,27515,15728
337878,33654,27352,15729
337898,33671,27273,15730
337918,33619,27270,15731
337938,33694,27296,15732
337958,33730,27167,15733
337978,33704,27290,15734
337998,33662,27158,15735
338018,33694,27131,15736
338038,33697,27136,15737
338058,33635,27401,15738
338078,33655,27301,15739
338098,33678,27160,15740
338118,33795,27249,15741
338138,35305,27447,15742
338158,35304,27485,15743
338178,35333,27489,15744
338198,35269,27355,15745
338218,35295,27360,15746
338238,35321,27254,15747
338258,35293,27133,15748
338278,35289,27257,15749
338298,35311,27311,15750
338318,35287,27450,15751
338338,35313,27559,15752
338358,35306,27522,15753
338378,35286,27566,15754
338398,35292,27421,15755
338418,35286,27464,15756
338438,35316,27502,15757
338458,35321,27569,15758
338478,35311,27469,15759
338498,35281,27527,15760
338518,35329,27519,15761
338538,35315,27449,15762
338558,35335,27495,15763
338578,35322,27497,15764
338598,35327,27488,15765
338618,35366,27528,15766
338638,36096,27378,15767
338658,36083,27541,15768
338678,36047,27490,15769
338698,36107,27594,15770
338718,36073,27562,15771
338738,36067,27593,15772
338758,36058,27453,15773
338778,36078,27478,15774
338798,36096,27509,15775
338818,36075,27475,15776
338838,36100,27467,15777
338858,36098,27532,15778
338878,36055,27483,15779
338898,36073,27565,15780
338918,36032,27505,15781
338938,36094,27531,15782
338958,36038,27441,15783
338978,36103,27423,15784
338998,36112,27505,15785
339018,36099,27538,15786
339038,36069,27488,15787
339058,36094,27550,15788
339078,36093,27461,15789
339098,36094,27497,15790
339118,36073,27540,15791
339138,36907,27504,15792
339158,36913,27420,15793
339178,36854,27592,15794
339198,36864,27681,15795
339218,36857,27651,15796
339238,36879,27684,15797
339258,36903,27458,15798
339278,36875,27539,15799
339298,36908,27577,15800
339318,36886,27518,15801
339338,36933,27589,15802
339358,36890,27614,15803
339378,36929,27623,15804
339398,36903,27523,15805
339418,36908,27538,15806
339438,36974,27429,15807
339458,36867,27399,15808
339478,36901,27314,15809
339498,36864,27395,15810
339518,36873,27498,15811
339538,36873,27428,15812
339558,36976,27490,15813
339578,36887,27533,15814
339598,36910,27458,15815
339618,36940,27592,15816
339638,37719,27541,15817
339658,37758,27628,15818
339678,37714,27618,15819
339698,37741,27447,15820
339718,37709,27589,15821
339738,37737,27406,15822
339758,37753,27606,15823
339778,37714,27512,15824
339798,37659,27459,15825
339818,37698,27505,15826
339838,37666,27395,15827
339858,37681,27377,15828
339878,37706,27357,15829
339898,37711,27593,15830
339918,37704,27629,15831
339938,37679,27598,15832
339958,37714,27718,15833
339978,37704,27714,15834
339998,37710,27689,15835
340018,37741,27711,15836
340038,37727,27597,15837
340058,37690,27648,15838
340078,37693,27525,15839
340098,37673,27457,15840
340118,37741,27509,15841
340138,39314,27485,15842
340158,39301,27498,15843
340178,39344,27430,15844
340198,39331,27341,15845
340218,39334,27506,15846
340238,39344,27615,15847
340258,39321,27446,15848
340278,39329,27475,15849
340298,39335,27542,15850
340318,39280,27680,15851
340338,39322,27665,15852
340358,39324,27700,15853
340378,39319,27748,15854
340398,39315,27699,15855
340418,39337,27487,15856
340438,39308,27444,15857
340458,39311,27495,15858
340478,39335,27456,15859
340498,39332,27600,15860
340518,39297,27704,15861
340538,39307,27763,15862
340558,39304,27713,15863
340578,39314,27662,15864
340598,39302,27735,15865
340618,39317,27670,15866
340638,40114,27768,15867
340658,40064,27796,15868
340678,40096,27740,15869
340698,40158,27688,15870
340718,40104,27638,15871
340738,40108,27643,15872
340758,40122,27659,15873
340778,40091,27576,15874
340798,40061,27515,15875
340818,40033,27432,15876
340838,40090,27714,15877
340858,40091,27734,15878
340878,40105,27686,15879
340898,40143,27679,15880
340918,40125,27689,15881
340938,40118,27800,15882
340958,40073,27759,15883
340978,40146,27697,15884
340998,40089,27719,15885
341018,40103,27764,15886
341038,40079,27867,15887
341058,40068,27694,15888
341078,40084,27773,15889
341098,40074,27629,15890
341118,40076,27693,15891
341138,40840,27772,15892
341158,40874,27847,15893
341178,40865,27838,15894
341198,40863,27901,15895
341218,40911,27880,15896
341238,40891,28036,15897
341258,40846,27833,15898
341278,40876,27901,15899
341298,40866,27829,15900
341318,40907,27886,15901
341338,40846,27899,15902
341358,40873,27820,15903
341378,40873,27956,15904
341398,40848,27924,15905
341418,40865,27890,15906
341438,40824,27885,15907
341458,40855,27810,15908
341478,40886,27902,15909
341498,40857,27941,15910
341518,40896,27949,15911
341538,40864,27929,15912
341558,40866,27847,15913
341578,40876,27820,15914
341598,40888,27909,15915
341618,40886,27959,15916
341638,42429,27908,15917
341658,42452,27927,15918
341678,42411,27930,15919
341698,42420,27955,15920
341718,42432,27895,15921
341738,42435,27852,15922
341758,42433,27879,15923
341778,42425,28004,15924
341798,42407,27941,15925
341818,42462,28076,15926
341838,42408,27934,15927
341858,42432,27943,15928
341878,42447,27886,15929
341898,42432,28008,15930
341918,42411,27956,15931
341938,42419,27986,15932
341958,42406,28021,15933
341978,42445,28016,15934
341998,42460,27923,15935
342018,42442,27953,15936
342038,42425,27898,15937
342058,42448,27962,15938
342078,42433,27945,15939
342098,42412,28036,15940
342118,42398,27938,15941
342138,43240,27717,15942
342158,43196,27898,15943
342178,43243,27844,15944
342198,43207,27866,15945
342218,43238,27887,15946
342238,43268,27909,15947
342258,43263,27979,15948
342278,43243,27986,15949
342298,43265,27994,15950
342318,43242,28019,15951
342338,43284,27922,15952
342358,43242,28087,15953
342378,43221,27915,15954
342398,43223,28024,15955
342418,43237,27977,15956
342438,43207,27979,15957
342458,43216,28007,15958
342478,43244,28009,15959
342498,43213,27906,15960
342518,43288,27781,15961
342538,43225,27683,15962
342558,43226,27809,15963
342578,43263,27630,15964
342598,43231,27788,15965
342618,43257,27754,15966
342638,43987,27777,15967
342658,43981,27874,15968
342678,43993,27928,15969
342698,43993,27904,15970
342718,43979,27858,15971
342738,43974,27969,15972
342758,44030,28008,15973
342778,43995,27863,15974
342798,43991,27836,15975
342818,43988,27792,15976
342838,43981,28001,15977
342858,44002,28094,15978
342878,43970,28099,15979
342898,43982,28071,15980
342918,43969,28063,15981
342938,43966,28033,15982
342958,43967,28069,15983
342978,43951,28065,15984
342998,43982,28148,15985
343018,43956,28012,15986
343038,44004,28180,15987
343058,44018,28087,15988
343078,43954,28130,15989
343098,43962,28041,15990
343118,44009,28114,15991
343138,44743,28111,15992
343158,44780,28178,15993
343178,44752,28164,15994
343198,44699,28150,15995
343218,44715,28199,15996
343238,44719,28115,15997
343258,44732,28086,15998
343278,44733,28234,15999
343298,44718,28139,16000
343318,44683,28227,16001
343338,44702,28193,16002
343358,44756,28164,16003
343378,44718,28134,16004
343398,44728,28157,16005
343418,44703,28166,16006
343438,44753,27921,16007
343458,44718,28027,16008
343478,44751,28021,16009
343498,44734,28089,16010
343518,44759,28182,16011
343538,44749,28187,16012
343558,44744,28176,16013
343578,44731,28179,16014
343598,44733,28139,16015
343618,44732,28266,16016
343638,46242,28218,16017
343658,46217,28249,16018
343678,46245,28292,16019
343698,46253,28187,16020
343718,46262,28329,16021
343738,46260,28236,16022
343758,46217,28212,16023
343778,46243,28244,16024
343798,46215,28266,16025
343818,46191,28309,16026
343838,46236,28275,16027
343858,46257,28201,16028
343878,46234,28200,16029
343898,46236,28227,16030
343918,46292,28203,16031
343938,46217,28200,16032
343958,46249,28279,16033
343978,46293,28290,16034
343998,46254,28364,16035
344018,46245,28350,16036
344038,46265,28234,16037
344058,46222,28211,16038
344078,46255,28280,16039
344098,46244,28286,16040
344118,46253,28338,16041
344138,46947,28321,16042
344158,46927,28380,16043
344178,46971,28293,16044
344198,46992,28372,16045
344218,46982,28289,16046
344238,46993,28280,16047
344258,46952,28354,16048
344278,46945,28294,16049
344298,46930,28371,16050
344318,46963,28281,16051
344338,46958,28204,16052
344358,46941,28293,16053
344378,46942,28227,16054
344398,46987,28327,16055
344418,46989,28276,16056
344438,46972,28304,16057
344458,46981,28339,16058
344478,47005,28299,16059
344498,46991,28387,16060
344518,46947,28253,16061
344538,47001,28292,16062
344558,46939,28363,16063
344578,46978,28325,16064
344598,46980,28344,16065
344618,46989,28237,16066
344638,47691,28166,16067
344658,47704,28299,16068
344678,47725,28237,16069
344698,47715,28333,16070
344718,47744,28294,16071
344738,47742,28391,16072
344758,47725,28464,16073
344778,47744,28329,16074
344798,47706,28297,16075
344818,47735,28158,16076
344838,47742,28448,16077
344858,47708,28413,16078
344878,47714,28477,16079
344898,47754,28490,16080
344918,47696,28355,16081
344938,47707,28428,16082
344958,47706,28496,16083
344978,47746,28495,16084
344998,47730,28494,16085
345018,47706,28477,16086
345038,47742,28551,16087
345058,47737,28540,16088
345078,47745,28560,16089
345098,47754,28517,16090
345118,47733,28481,16091
345138,48421,28537,16092
345158,48452,28456,16093
345178,48434,28564,16094
345198,48452,28434,16095
345218,48466,28560,16096
345238,48402,28543,16097
345258,48427,28532,16098
345278,48481,28556,16099
345298,48427,28531,16100
345318,48392,28703,16101
345338,48406,28664,16102
345358,48427,28553,16103
345378,48499,28585,16104
345398,48407,28519,16105
345418,48463,28638,16106
345438,48447,28521,16107
345458,48451,28528,16108
345478,48471,28511,16109
345498,48417,28554,16110
345518,48431,28592,16111
345538,48455,28573,16112
345558,48434,28640,16113
345578,48467,28661,16114
345598,48460,28568,16115
345618,48451,28666,16116
345638,49865,28604,16117
345658,49849,28620,16118
345678,49820,28588,16119
345698,49850,28594,16120
345718,49840,28630,16121
345738,49848,28533,16122
345758,49869,28600,16123
345778,49837,28591,16124
345798,49863,28629,16125
345818,49867,28634,16126
345838,49879,28647,16127
345858,49862,28656,16128
345878,49870,28789,16129
345898,49883,28672,16130
345918,49887,28663,16131
345938,49874,28701,16132
345958,49840,28710,16133
345978,49859,28670,16134
345998,49838,28740,16135
346018,49850,28628,16136
346038,49856,28648,16137
346058,49875,28623,16138
346078,49826,28653,16139
346098,49847,28649,16140
346118,49902,28669,16141
346138,50564,28709,16142
346158,50534,28775,16143
346178,50527,28647,16144
346198,50514,28762,16145
346218,50556,28691,16146
346238,50512,28695,16147
346258,50544,28736,16148
346278,50548,28711,16149
346298,50535,28732,16150
346318,50514,28728,16151
346338,50560,28734,16152
346358,50528,28728,16153
346378,50515,28688,16154
346398,50558,28775,16155
346418,50525,28630,16156
346438,50561,28770,16157
346458,50521,28677,16158
346478,50542,28728,16159
346498,50503,28756,16160
346518,50546,28737,16161
346538,50528,28656,16162
346558,50534,28699,16163
346578,50508,28615,16164
346598,50507,28763,16165
346618,50495,28761,16166
346638,51233,28858,16167
346658,51246,28910,16168
346678,51281,28893,16169
346698,51247,28921,16170
346718,51201,28938,16171
346738,51209,28937,16172
346758,51263,28867,16173
346778,51221,28837,16174
346798,51199,28904,16175
346818,51193,28853,16176
346838,51202,29002,16177
346858,51154,28919,16178
346878,51192,28906,16179
346898,51224,29048,16180
346918,51201,28985,16181
346938,51211,28979,16182
346958,51143,28949,16183
346978,51180,28985,16184
346998,51242,28986,16185
347018,51191,28856,16186
347038,51220,28896,16187
347058,51256,28930,16188
347078,51225,28998,16189
347098,51282,28904,16190
347118,51219,29029,16191
347138,52505,29090,16192
347158,52498,29041,16193
347178,52529,29052,16194
347198,52493,29033,16195
347218,52506,29058,16196
347238,52536,29013,16197
347258,52597,29098,16198
347278,52625,29038,16199
347298,52485,29054,16200
347318,52523,29058,16201
347338,52539,29005,16202
347358,52492,29114,16203
347378,52540,28964,16204
347398,52490,29035,16205
347418,52512,29089,16206
347438,52483,28922,16207
347458,52571,28682,16208
347478,52599,28957,16209
347498,52565,28853,16210
347518,52539,29073,16211
347538,52525,29080,16212
347558,52571,28995,16213
347578,52562,28978,16214
347598,52564,28879,16215
347618,52558,28922,16216
347638,53183,28911,16217
347658,53177,28968,16218
347678,53165,28963,16219
347698,53167,28939,16220
347718,53251,29082,16221
347738,53161,29127,16222
347758,53180,29135,16223
347778,53228,29066,16224
347798,53275,29058,16225
347818,53260,29155,16226
347838,53160,29175,16227
347858,53180,29202,16228
347878,53189,29043,16229
347898,53154,29102,16230
347918,53155,29033,16231
347938,53177,29054,16232
347958,53189,29058,16233
347978,53199,28901,16234
347998,53201,28831,16235
348018,53124,28868,16236
348038,53184,29028,16237
348058,53210,29018,16238
348078,53193,28965,16239
348098,53221,29108,16240
348118,53179,29119,16241
348138,53860,29060,16242
348158,53817,29161,16243
348178,53833,29198,16244
348198,53869,29272,16245
348218,53821,29176,16246
348238,53846,29082,16247
348258,53865,28879,16248
348278,53848,28957,16249
348298,53858,29057,16250
348318,53840,29202,16251
348338,53865,29219,16252
348358,53903,29214,16253
348378,53874,29104,16254
348398,53828,29270,16255
348418,53847,29349,16256
348438,53827,29320,16257
348458,53818,29246,16258
348478,53855,29199,16259
348498,53847,29298,16260
348518,53782,29316,16261
348538,53824,29253,16262
348558,53840,29244,16263
348578,53844,29276,16264
348598,53839,29330,16265
348618,53843,29278,16266
348638,54469,29399,16267
348658,54436,29335,16268
348678,54470,29327,16269
348698,54502,29497,16270
348718,54531,29397,16271
348738,54468,29321,16272
348758,54430,29402,16273
348778,54453,29390,16274
348798,54445,29353,16275
348818,54467,29311,16276
348838,54508,29340,16277
348858,54404,29330,16278
348878,54437,29367,16279
348898,54490,29445,16280
348918,54480,29359,16281
348938,54449,29443,16282
348958,54467,29421,16283
348978,54477,29537,16284
348998,54505,29540,16285
349018,54481,29516,16286
349038,54453,29484,16287
349058,54414,29509,16288
349078,54388,29455,16289
349098,54479,29518,16290
349118,54452,29490,16291
349138,55716,29336,16292
349158,55667,29521,16293
349178,55688,29531,16294
349198,55665,29464,16295
349218,55699,29489,16296
349238,55705,29510,16297
349258,55664,29497,16298
349278,55683,29390,16299
349298,55633,29423,16300
349318,55668,29479,16301
349338,55636,29489,16302
349358,55707,29420,16303
349378,55676,29498,16304
349398,55647,29440,16305
349418,55747,29450,16306
349438,55725,29473,16307
349458,55712,29550,16308
349478,55744,29495,16309
349498,55696,29617,16310
349518,55670,29647,16311
349538,55615,29579,16312
349558,55677,29736,16313
349578,55697,29534,16314
349598,55664,29632,16315
349618,55667,29659,16316
349638,56239,29635,16317
349658,56193,29567,16318
349678,56270,29619,16319
349698,56305,29575,16320
349718,56259,29546,16321
349738,56244,29606,16322
349758,56278,29672,16323
349778,56244,29654,16324
349798,56258,29610,16325
349818,56221,29607,16326
349838,56260,29602,16327
349858,56224,29602,16328
349878,56208,29611,16329
349898,56247,29649,16330
349918,56286,29639,16331
349938,56242,29716,16332
349958,56233,29703,16333
349978,56228,29598,16334
349998,56275,29684,16335
350018,56261,29625,16336
350038,56252,29691,16337
350058,56241,29706,16338
350078,56248,29685,16339
350098,56277,29676,16340
350118,56219,29759,16341
350138,56809,29720,16342
350158,56808,29707,16343
350178,56719,29611,16344
350198,56840,29643,16345
350218,56773,29666,16346
350238,56797,29704,16347
350258,56779,29689,16348
350278,56780,29692,16349
350298,56819,29695,16350
350318,56868,29733,16351
350338,56824,29757,16352
350358,56745,29758,16353
350378,56802,29823,16354
350398,56786,29850,16355
350418,56784,29851,16356
350438,56799,29889,16357
350458,56800,29840,16358
350478,56755,29894,16359
350498,56776,29898,16360
350518,56801,29875,16361
350538,56814,29862,16362
350558,56794,29885,16363
350578,56783,29873,16364
350598,56825,29847,16365
350618,56810,29931,16366
350638,57903,29962,16367
350658,57918,29882,16368
350678,57875,29973,16369
350698,57889,29930,16370
350718,57918,29958,16371
350738,57872,30018,16372
350758,57892,29965,16373
350778,57873,29954,16374
350798,57871,29975,16375
350818,57862,29979,16376
350838,57870,30003,16377
350858,57910,29930,16378
350878,57917,29949,16379
350898,57935,29962,16380
350918,57892,29976,16381
350938,57899,29918,16382
350958,57884,29958,16383
350978,57880,30006,16384
350998,57901,29983,16385
351018,57893,29965,16386
351038,57945,29924,16387
351058,57900,30005,16388
351078,57914,30024,16389
351098,57897,30044,16390
351118,57906,29927,16391
351138,58396,29851,16392
351158,58398,29908,16393
351178,58415,29915,16394
351198,58396,30010,16395
351218,58389,30010,16396
351238,58384,30003,16397
351258,58396,30115,16398
351278,58382,30064,16399
351298,58410,30010,16400
351318,58437,30064,16401
351338,58423,30018,16402
351358,58386,30084,16403
351378,58410,30080,16404
351398,58418,30035,16405
351418,58436,30030,16406
351438,58393,29721,16407
351458,58426,29912,16408
351478,58372,29833,16409
351498,58402,29832,16410
351518,58403,29884,16411
351538,58417,29893,16412
351558,58400,29966,16413
351578,58431,29952,16414
351598,58410,29802,16415
351618,58426,29905,16416
351638,58759,29873,16417
351658,58924,29923,16418
351678,58815,29893,16419
351698,58891,29963,16420
351718,58875,30087,16421
351738,58924,30162,16422
351758,58904,30211,16423
351778,58906,30058,16424
351798,58893,30103,16425
351818,58931,30123,16426
351838,58896,30192,16427
351858,58900,30248,16428
351878,58964,30227,16429
351898,58949,30220,16430
351918,58910,30233,16431
351938,58913,30139,16432
351958,58924,30126,16433
351978,58912,29998,16434
351998,58913,30127,16435
352018,58915,30159,16436
352038,58926,30342,16437
352058,58911,30351,16438
352078,58949,30251,16439
352098,58881,30296,16440
352118,58892,30255,16441
352138,59389,30337,16442
352158,59374,30349,16443
352178,59430,30280,16444
352198,59447,30305,16445
352218,59394,30340,16446
352238,59417,30369,16447
352258,59387,30344,16448
352278,59416,30326,16449
352298,59406,30400,16450
352318,59406,30329,16451
352338,59380,30405,16452
352358,59411,30367,16453
352378,59385,30469,16454
352398,59403,30377,16455
352418,59380,30385,16456
352438,59400,30479,16457
352458,59396,30379,16458
352478,59403,30403,16459
352498,59408,30437,16460
352518,59410,30399,16461
352538,59402,30361,16462
352558,59435,30361,16463
352578,59411,30359,16464
352598,59418,30448,16465
352618,59424,30371,16466
352638,60015,30402,16467
352658,60350,30464,16468
352678,60348,30471,16469
352698,60344,30417,16470
352718,60375,30571,16471
352738,60374,30456,16472
352758,60349,30551,16473
352778,60373,30474,16474
352798,60347,30599,16475
352818,60337,30572,16476
352838,60307,30459,16477
352858,60352,30357,16478
352878,60318,30418,16479
352898,60332,30476,16480
352918,60310,30517,16481
352938,60362,30530,16482
352958,60375,30580,16483
352978,60347,30548,16484
352998,60364,30540,16485
353018,60373,30665,16486
353038,60355,30575,16487
353058,60338,30615,16488
353078,60325,30653,16489
353098,60326,30633,16490
353118,60310,30646,16491
353138,60751,30631,16492
353158,60755,30588,16493
353178,60780,30639,16494
353198,60775,30569,16495
353218,60782,30530,16496
353238,60810,30511,16497
353258,60777,30535,16498
353278,60819,30647,16499
353298,60780,30531,16500
353318,60743,30616,16501
353338,60780,30583,16502
353358,60778,30577,16503
353378,60813,30613,16504
353398,60796,30708,16505
353418,60786,30580,16506
353438,60793,30615,16507
353458,60792,30665,16508
353478,60757,30606,16509
353498,60788,30630,16510
353518,60733,30631,16511
353538,60789,30682,16512
353558,60811,30639,16513
353578,60788,30698,16514
353598,60793,30684,16515
353618,60785,30641,16516
353638,61175,30637,16517
353658,61222,30670,16518
353678,61244,30650,16519
353698,61189,30700,16520
353718,61214,30659,16521
353738,61171,30727,16522
353758,61213,30780,16523
353778,61205,30811,16524
353798,61193,30813,16525
353818,61183,30748,16526
353838,61214,30781,16527
353858,61217,30774,16528
353878,61225,30803,16529
353898,61206,30796,16530
353918,61198,30659,16531
353938,61209,30729,16532
353958,61154,30754,16533
353978,61207,30735,16534
353998,61186,30763,16535
354018,61182,30718,16536
354038,61210,30796,16537
354058,61230,30822,16538
354078,61231,30838,16539
354098,61199,30879,16540
354118,61187,30796,16541
354138,62018,30765,16542
354158,62016,30826,16543
354178,62034,30759,16544
354198,62075,30859,16545
354218,62036,30839,16546
354238,62024,30943,16547
354258,62020,30938,16548
354278,61997,30756,16549
354298,62008,30819,16550
354318,62038,30816,16551
354338,62043,30680,16552
354358,62011,30848,16553
354378,62016,30850,16554
354398,62040,30913,16555
354418,62008,30781,16556
354438,62027,30798,16557
354458,62014,30877,16558
354478,62038,30906,16559
354498,62021,30666,16560
354518,62058,30720,16561
354538,62077,30890,16562
354558,62038,30970,16563
354578,62066,30914,16564
354598,62050,31006,16565
354618,62029,31072,16566
354638,62384,31148,16567
354658,62375,31055,16568
354678,62377,30973,16569
354698,62382,30933,16570
354718,62392,30931,16571
354738,62387,30919,16572
354758,62415,30820,16573
354778,62404,30853,16574
354798,62397,30934,16575
354818,62345,30945,16576
354838,62352,30907,16577
354858,62394,30934,16578
354878,62357,30887,16579
354898,62376,30948,16580
354918,62396,31186,16581
354938,62413,31155,16582
354958,62390,31095,16583
354978,62373,31036,16584
354998,62403,31163,16585
355018,62350,31226,16586
355038,62381,31165,16587
355058,62343,30972,16588
355078,62403,30938,16589
355098,62390,30921,16590
355118,62380,30980,16591
355138,62761,30924,16592
355158,62733,31135,16593
355178,62721,31234,16594
355198,62734,31164,16595
355218,62728,31326,16596
355238,62702,31184,16597
355258,62706,31176,16598
355278,62721,31260,16599
355298,62738,31291,16600
355318,62734,31306,16601
355338,62731,31180,16602
355358,62738,31178,16603
355378,62732,31259,16604
355398,62740,31307,16605
355418,62696,31258,16606
355438,62732,31128,16607
355458,62728,31219,16608
355478,62682,31198,16609
355498,62723,31261,16610
355518,62785,31261,16611
355538,62749,31168,16612
355558,62744,31360,16613
355578,62737,31297,16614
355598,62719,31296,16615
355618,62732,31280,16616
355638,63019,31219,16617
355658,63075,31299,16618
355678,63076,31356,16619
355698,63061,31197,16620
355718,63080,31173,16621
355738,63078,31196,16622
355758,63055,31255,16623
355778,63051,31286,16624
355798,63077,31315,16625
355818,63054,31368,16626
355838,63067,31312,16627
355858,63079,31410,16628
355878,63023,31440,16629
355898,63017,31389,16630
355918,63053,31311,16631
355938,63064,31417,16632
355958,63057,31450,16633
355978,63054,31473,16634
355998,63052,31534,16635
356018,63058,31419,16636
356038,63081,31452,16637
356058,63053,31467,16638
356078,63085,31416,16639
356098,63057,31436,16640
356118,63039,31293,16641
356138,63661,31340,16642
356158,63767,31383,16643
356178,63738,31399,16644
356198,63749,31445,16645
356218,63746,31423,16646
356238,63711,31457,16647
356258,63719,31432,16648
356278,63716,31492,16649
356298,63664,31542,16650
356318,63677,31553,16651
356338,63704,31549,16652
356358,63724,31489,16653
356378,63682,31581,16654
356398,63719,31459,16655
356418,63716,31549,16656
356438,63691,31418,16657
356458,63697,31494,16658
356478,63715,31513,16659
356498,63684,31417,16660
356518,63697,31508,16661
356538,63708,31530,16662
356558,63739,31636,16663
356578,63690,31553,16664
356598,63761,31497,16665
356618,63730,31575,16666
356638,63997,31530,16667
356658,63989,31451,16668
356678,63981,31450,16669
356698,63971,31633,16670
356718,63956,31734,16671
356738,63951,31688,16672
356758,63968,31632,16673
356778,63941,31694,16674
356798,63964,31759,16675
356818,63952,31727,16676
356838,63984,31674,16677
356858,63965,31586,16678
356878,63983,31604,16679
356898,63988,31621,16680
356918,64003,31686,16681
356938,63978,31565,16682
356958,63883,31475,16683
356978,63961,31453,16684
356998,63955,31587,16685
357018,63979,31570,16686
357038,63985,31542,16687
357058,63986,31757,16688
357078,63992,31649,16689
357098,63965,31634,16690
357118,63946,31819,16691
357138,64212,31919,16692
357158,64189,31866,16693
357178,64213,31827,16694
357198,64258,31827,16695
357218,64258,31626,16696
357238,64234,31581,16697
357258,64250,31631,16698
357278,64204,31643,16699
357298,64238,31660,16700
357318,64212,31852,16701
357338,64221,31832,16702
357358,64218,31807,16703
357378,64215,31914,16704
357398,64203,31848,16705
357418,64210,31963,16706
357438,64220,31968,16707
357458,64298,31983,16708
357478,64213,31863,16709
357498,64254,31929,16710
357518,64218,31806,16711
357538,64209,31758,16712
357558,64219,31754,16713
357578,64210,31702,16714
357598,64228,31723,16715
357618,64229,31861,16716
357638,64317,31897,16717
357658,64486,31939,16718
357678,64469,31952,16719
357698,64463,32071,16720
357718,64447,31988,16721
357738,64465,31994,16722
357758,64485,31960,16723
357778,64464,31992,16724
357798,64489,31959,16725
357818,64481,31942,16726
357838,64476,32058,16727
357858,64481,32083,16728
357878,64449,32167,16729
357898,64468,32047,16730
357918,64414,32041,16731
357938,64473,31895,16732
357958,64439,32001,16733
357978,64471,32044,16734
357998,64429,32031,16735
358018,64458,31989,16736
358038,64485,32057,16737
358058,64499,32203,16738
358078,64473,32160,16739
358098,64506,32201,16740
358118,64455,32122,16741
358138,64818,32123,16742
358158,64887,32152,16743
358178,64855,32208,16744
358198,64806,32120,16745
358218,64871,32123,16746
358238,64898,32142,16747
358258,64852,32131,16748
358278,64861,32275,16749
358298,64864,32124,16750
358318,64909,32103,16751
358338,64848,31988,16752
358358,64907,32103,16753
358378,64854,32125,16754
358398,64868,32175,16755
358418,64908,32140,16756
358438,64859,32122,16757
358458,64850,32189,16758
358478,64860,32228,16759
358498,64901,32192,16760
358518,64879,32144,16761
358538,64864,32223,16762
358558,64878,32194,16763
358578,64883,32369,16764
358598,64866,32135,16765
358618,64834,32203,16766
358638,65059,32218,16767
358658,65101,32142,16768
358678,65092,32273,16769
358698,65094,32270,16770
358718,65093,32334,16771
358738,65117,32095,16772
358758,65068,32244,16773
358778,65049,32252,16774
358798,65047,32379,16775
358818,64987,32331,16776
358838,65103,32411,16777
358858,65032,32220,16778
358878,65130,32143,16779
358898,65034,32230,16780
358918,65054,32225,16781
358938,65013,32285,16782
358958,65016,32213,16783
358978,65026,32238,16784
358998,64976,32111,16785
359018,65004,32264,16786
359038,65074,32270,16787
359058,65012,32398,16788
359078,64936,32227,16789
359098,65012,32569,16790
359118,65035,32458,16791
359138,65161,32228,16792
359158,65206,32419,16793
359178,65115,32473,16794
359198,65119,32532,16795
359218,65123,32497,16796
359238,65142,32345,16797
359258,65083,32328,16798
359278,65062,32146,16799
359298,65141,32210,16800
359318,65136,32287,16801
359338,65094,32365,16802
359358,65141,32463,16803
359378,65119,32434,16804
359398,65100,32580,16805
359418,65041,32325,16806
359438,65131,32228,16807
359458,65139,32307,16808
359478,65178,32381,16809
359498,65156,32637,16810
359518,65135,32433,16811
359538,65102,32591,16812
359558,65118,32472,16813
359578,65085,32441,16814
359598,65154,32532,16815
359618,65094,32502,16816
359638,65069,32522,16817
359658,65136,32461,16818
359678,65178,32381,16819
359698,65179,32487,16820
359718,65149,32553,16821
359738,65155,32555,16822
359758,65175,32579,16823
359778,65120,32614,16824
359798,65101,32619,16825
359818,65150,32573,16826
359838,65125,32773,16827
359858,65164,32605,16828
359878,65115,32675,16829
359898,65143,32657,16830
359918,65142,32663,16831
359938,65110,32630,16832
359958,65167,32571,16833
359978,65099,32606,16834
359998,65120,32510,16835
360018,65150,32559,16836
360038,65136,32643,16837
360058,65144,32723,16838
360078,65101,32732,16839
360098,65167,32768,16840
360118,65129,32606,16841
360138,65151,32676,16842
360158,65168,32704,16843
360178,65093,32735,16844
360198,65122,32614,16845
360218,65108,32671,16846
360238,65149,32767,16847
360258,65151,32777,16848
360278,65156,32774,16849
360298,65172,32771,16850
360318,65149,32821,16851
360338,65154,32802,16852
360358,65163,32779,16853
360378,65133,32839,16854
360398,65110,32706,16855
360418,65097,32802,16856
360438,65084,32786,16857
360458,65150,32857,16858
360478,65129,32886,16859
360498,65145,32801,16860
360518,65165,32709,16861
360538,65154,32824,16862
360558,65101,32797,16863
360578,65093,32896,16864
360598,65145,32765,16865
360618,65152,32820,16866
360638,65112,32816,16867
360658,65165,32910,16868
360678,65159,32859,16869
360698,65111,32888,16870
360718,65126,32886,16871
360738,65148,32789,16872
360758,65113,32807,16873
360778,65142,32848,16874
360798,65170,32767,16875
360818,65140,32938,16876
360838,65131,32891,16877
360858,65170,32913,16878
360878,65120,32887,16879
360898,65110,32745,16880
360918,65122,32688,16881
360938,65218,32896,16882
360958,65147,32931,16883
360978,65151,32994,16884
360998,65135,33027,16885
361018,65138,33039,16886
361038,65145,33065,16887
361058,65102,33057,16888
361078,65113,32904,16889
361098,65148,32870,16890
361118,65142,32906,16891
361138,65138,32904,16892
361158,65178,32886,16893
361178,65100,32812,16894
361198,65090,32961,16895
361218,65128,32841,16896
361238,65130,33015,16897
361258,65137,33038,16898
361278,65099,32863,16899
361298,65161,33066,16900
361318,65129,33036,16901
361338,65117,33145,16902
361358,65117,33131,16903
361378,65115,32913,16904
361398,65175,32952,16905
361418,65131,32911,16906
361438,65044,32965,16907
361458,65092,32950,16908
361478,65150,33013,16909
361498,65159,33124,16910
361518,65138,33142,16911
361538,65151,33171,16912
361558,65159,33237,16913
361578,65108,33176,16914
361598,65169,33224,16915
361618,65150,33220,16916
361638,65139,33296,16917
361658,65107,33190,16918
361678,65126,33199,16919
361698,65163,33134,16920
361718,65115,33136,16921
361738,65170,33186,16922
361758,65134,33065,16923
361778,65107,33134,16924
361798,65106,33006,16925
361818,65138,33228,16926
361838,65101,33282,16927
361858,65112,33261,16928
361878,65149,33309,16929
361898,65156,33254,16930
361918,65141,33239,16931
361938,65171,33336,16932
361958,65156,33185,16933
361978,65124,33249,16934
361998,65154,33246,16935
362018,65165,33283,16936
362038,65155,33284,16937
362058,65153,33353,16938
362078,65150,33409,16939
362098,65102,33339,16940
362118,65131,33292,16941
362138,65153,33258,16942
362158,65140,33184,16943
362178,65131,33266,16944
362198,65091,33324,16945
362218,65126,33241,16946
362238,65180,33293,16947
362258,65128,33340,16948
362278,65150,33471,16949
362298,65109,33455,16950
362318,65174,33444,16951
362338,65134,33425,16952
362358,65118,33492,16953
362378,65098,33452,16954
362398,65147,33437,16955
362418,65116,33458,16956
362438,65138,33450,16957
362458,65135,33470,16958
362478,65124,33484,16959
362498,65126,33491,16960
362518,65145,33347,16961
362538,65157,33336,16962
362558,65177,33457,16963
362578,65108,33384,16964
362598,65111,33449,16965
362618,65128,33387,16966
362638,65164,33478,16967
362658,65126,33454,16968
362678,65160,33466,16969
362698,65151,33476,16970
362718,65133,33491,16971
362738,65155,33423,16972
362758,65109,33503,16973
362778,65160,33423,16974
362798,65121,33500,16975
362818,65113,33518,16976
362838,65146,33393,16977
362858,65133,33555,16978
362878,65132,33529,16979
362898,65174,33632,16980
362918,65155,33600,16981
362938,65130,33594,16982
362958,65127,33567,16983
362978,65145,33478,16984
362998,65157,33490,16985
363018,65133,33514,16986
363038,65130,33542,16987
363058,65126,33689,16988
363078,65115,33551,16989
363098,65161,33606,16990
363118,65112,33471,16991
363138,65155,33543,16992
363158,65134,33585,16993
363178,65151,33570,16994
363198,65113,33569,16995
363218,65094,33515,16996
363238,65112,33392,16997
363258,65146,33636,16998
363278,65149,33596,16999
363298,65101,33494,17000
363318,65122,33624,17001
363338,65163,33681,17002
363358,65151,33555,17003
363378,65107,33608,17004
363398,65150,33677,17005
363418,65120,33597,17006
363438,65145,33419,17007
363458,65140,33523,17008
363478,65077,33506,17009
363498,65139,33516,17010
363518,65140,33470,17011
363538,65152,33662,17012
363558,65118,33580,17013
363578,65164,33647,17014
363598,65161,33680,17015
363618,65125,33743,17016
363638,65152,33770,17017
363658,65102,33814,17018
363678,65151,33809,17019
363698,65151,33799,17020
363718,65168,33799,17021
363738,65148,33820,17022
363758,65145,33875,17023
363778,65161,33886,17024
363798,65142,33828,17025
363818,65143,33737,17026
363838,65129,33845,17027
363858,65142,33699,17028
363878,65151,33789,17029
363898,65109,33668,17030
363918,65156,33662,17031
363938,65131,33570,17032
363958,65127,33753,17033
363978,65127,33837,17034
363998,65171,33877,17035
364018,65146,33956,17036
364038,65150,33942,17037
364058,65118,33809,17038
364078,65119,33882,17039
364098,65144,33892,17040
364118,65111,33914,17041
364138,65125,33935,17042
364158,65140,33895,17043
364178,65120,33933,17044
364198,65180,33930,17045
364218,65182,33927,17046
364238,65139,33920,17047
364258,65124,33894,17048
364278,65121,33948,17049
364298,65158,33899,17050
364318,65138,33919,17051
364338,65127,34000,17052
364358,65151,33991,17053
364378,65146,34059,17054
364398,65119,34075,17055
364418,65135,34132,17056
364438,65157,34047,17057
364458,65164,34114,17058
364478,65131,34152,17059
364498,65141,34090,17060
364518,65179,34051,17061
364538,65173,34000,17062
364558,65130,34080,17063
364578,65139,34048,17064
364598,65158,34162,17065
364618,65166,34117,17066
364638,65152,34097,17067
364658,65155,34062,17068
364678,65151,34165,17069
364698,65155,34105,17070
364718,65188,33995,17071
364738,65140,33991,17072
364758,65140,34054,17073
364778,65132,34128,17074
364798,65087,34128,17075
364818,65084,34102,17076
364838,65113,34060,17077
364858,65136,34185,17078
364878,65145,34115,17079
364898,65178,34147,17080
364918,65145,34095,17081
364938,65154,34088,17082
364958,65137,34112,17083
364978,65167,34175,17084
364998,65150,34235,17085
365018,65150,34174,17086
365038,65157,34255,17087
365058,65098,34216,17088
365078,65103,34252,17089
365098,65082,34306,17090
365118,65166,34137,17091
365138,65140,34195,17092
365158,65173,34164,17093
365178,65145,34179,17094
365198,65155,34262,17095
365218,65152,34230,17096
365238,65134,34156,17097
365258,65150,34126,17098
365278,65160,34030,17099
365298,65134,34101,17100
365318,65146,34006,17101
365338,65127,33957,17102
365358,65171,33998,17103
365378,65162,34096,17104
365398,65134,34111,17105
365418,65136,34215,17106
365438,65121,34312,17107
365458,65138,34328,17108
365478,65178,34211,17109
365498,65181,34219,17110
365518,65127,34349,17111
365538,65210,34364,17112
365558,65160,34451,17113
365578,65138,34324,17114
365598,65161,34284,17115
365618,65124,34256,17116
365638,65069,34216,17117
365658,65149,34123,17118
365678,65052,34254,17119
365698,65037,34320,17120
365718,65049,34383,17121
365738,65063,34549,17122
365758,65017,34426,17123
365778,65013,34506,17124
365798,65039,34479,17125
365818,65043,34510,17126
365838,65002,34528,17127
365858,65042,34417,17128
365878,65051,34430,17129
365898,65026,34319,17130
365918,65062,34343,17131
365938,65114,34395,17132
365958,65062,34205,17133
365978,65046,34305,17134
365998,65013,34310,17135
366018,65023,34341,17136
366038,65055,34459,17137
366058,65024,34503,17138
366078,65044,34528,17139
366098,65035,34341,17140
366118,65064,34422,17141
366138,64997,34598,17142
366158,64822,34525,17143
366178,64846,34574,17144
366198,64877,34581,17145
366218,64871,34537,17146
366238,64894,34570,17147
366258,64875,34606,17148
366278,64862,34528,17149
366298,64937,34510,17150
366318,64934,34586,17151
366338,64836,34597,17152
366358,64906,34540,17153
366378,64881,34502,17154
366398,64878,34597,17155
366418,64839,34566,17156
366438,64929,34698,17157
366458,64862,34697,17158
366478,64834,34739,17159
366498,64871,34720,17160
366518,64798,34676,17161
366538,64862,34787,17162
366558,64835,34773,17163
366578,64852,34646,17164
366598,64878,34747,17165
366618,64891,34700,17166
366638,64793,34735,17167
366658,64470,34635,17168
366678,64447,34648,17169
366698,64489,34687,17170
366718,64476,34712,17171
366738,64405,34626,17172
366758,64481,34664,17173
366778,64422,34653,17174
366798,64420,34807,17175
366818,64542,34661,17176
366838,64505,34565,17177
366858,64522,34700,17178
366878,64448,34707,17179
366898,64370,34861,17180
366918,64447,34810,17181
366938,64383,34758,17182
366958,64402,34820,17183
366978,64528,34739,17184
366998,64506,34832,17185
367018,64481,34808,17186
367038,64449,34783,17187
367058,64440,34778,17188
367078,64503,34807,17189
367098,64425,34890,17190
367118,64507,34859,17191
367138,64384,34842,17192
367158,64228,34924,17193
367178,64271,34920,17194
367198,64223,34860,17195
367218,64248,34848,17196
367238,64218,34889,17197
367258,64199,34911,17198
367278,64200,34909,17199
367298,64214,35026,17200
367318,64239,34893,17201
367338,64224,34836,17202
367358,64227,34816,17203
367378,64229,34793,17204
367398,64246,34845,17205
367418,64214,34762,17206
367438,64212,34828,17207
367458,64213,34965,17208
367478,64165,34753,17209
367498,64266,34651,17210
367518,64274,34583,17211
367538,64224,34782,17212
367558,64233,34676,17213
367578,64286,34639,17214
367598,64178,34709,17215
367618,64229,34663,17216
367638,64148,34715,17217
367658,63982,34779,17218
367678,64058,34826,17219
367698,64003,34869,17220
367718,64001,34978,17221
367738,63945,34846,17222
367758,64001,34958,17223
367778,63969,35042,17224
367798,63963,35108,17225
367818,63923,35071,17226
367838,63989,35038,17227
367858,63958,35086,17228
367878,63965,34973,17229
367898,63924,34907,17230
367918,64008,34881,17231
367938,64004,34854,17232
367958,63986,34991,17233
367978,63957,34959,17234
367998,63956,34862,17235
368018,64016,34882,17236
368038,64014,35009,17237
368058,63948,34983,17238
368078,63956,34857,17239
368098,64025,34850,17240
368118,63974,34893,17241
368138,63959,35083,17242
368158,63711,35092,17243
368178,63736,35042,17244
368198,63761,34854,17245
368218,63699,35170,17246
368238,63729,35114,17247
368258,63583,35063,17248
368278,63761,35192,17249
368298,63712,35175,17250
368318,63663,35191,17251
368338,63680,35156,17252
368358,63717,35140,17253
368378,63723,35118,17254
368398,63717,35202,17255
368418,63748,35286,17256
368438,63726,35241,17257
368458,63717,35202,17258
368478,63690,35246,17259
368498,63699,35301,17260
368518,63714,35311,17261
368538,63672,35217,17262
368558,63733,35268,17263
368578,63664,35241,17264
368598,63747,35273,17265
368618,63710,35353,17266
368638,63704,35326,17267
368658,63091,35282,17268
368678,63102,35296,17269
368698,63103,35235,17270
368718,63072,35264,17271
368738,63099,35229,17272
368758,63105,35294,17273
368778,63037,35221,17274
368798,63035,35373,17275
368818,63038,35124,17276
368838,63078,35274,17277
368858,63096,35243,17278
368878,63099,35399,17279
368898,63000,35378,17280
368918,63069,35408,17281
368938,63031,35338,17282
368958,63068,35361,17283
368978,63077,35352,17284
368998,63056,35435,17285
369018,63074,35409,17286
369038,63066,35465,17287
369058,63076,35363,17288
369078,63048,35316,17289
369098,63094,35427,17290
369118,63045,35393,17291
369138,63010,35404,17292
369158,62740,35369,17293
369178,62746,35395,17294
369198,62721,35542,17295
369218,62702,35449,17296
369238,62722,35475,17297
369258,62695,35423,17298
369278,62692,35509,17299
369298,62750,35447,17300
369318,62774,35506,17301
369338,62772,35533,17302
369358,62722,35471,17303
369378,62785,35466,17304
369398,62750,35422,17305
369418,62714,35451,17306
369438,62695,35478,17307
369458,62694,35442,17308
369478,62728,35568,17309
369498,62736,35560,17310
369518,62769,35441,17311
369538,62745,35588,17312
369558,62717,35474,17313
369578,62739,35548,17314
369598,62737,35446,17315
369618,62725,35553,17316
369638,62693,35568,17317
369658,62371,35538,17318
369678,62379,35648,17319
369698,62383,35534,17320
369718,62425,35454,17321
369738,62377,35481,17322
369758,62416,35470,17323
369778,62414,35544,17324
369798,62376,35605,17325
369818,62364,35501,17326
369838,62401,35603,17327
369858,62374,35520,17328
369878,62387,35457,17329
369898,62387,35337,17330
369918,62363,35387,17331
369938,62392,35467,17332
369958,62383,35632,17333
369978,62397,35715,17334
369998,62405,35636,17335
370018,62383,35642,17336
370038,62387,35686,17337
370058,62404,35708,17338
370078,62382,35722,17339
370098,62405,35680,17340
370118,62430,35629,17341
370138,62342,35556,17342
370158,62016,35524,17343
370178,62003,35549,17344
370198,62032,35436,17345
370218,62053,35450,17346
370238,62049,35323,17347
370258,62055,35475,17348
370278,62022,35524,17349
370298,62034,35481,17350
370318,61993,35606,17351
370338,62007,35615,17352
370358,62009,35604,17353
370378,62016,35652,17354
370398,62028,35727,17355
370418,62029,35729,17356
370438,62046,35786,17357
370458,62021,35627,17358
370478,61995,35574,17359
370498,62006,35402,17360
370518,62026,35541,17361
370538,62019,35652,17362
370558,62004,35660,17363
370578,62024,35682,17364
370598,62007,35720,17365
370618,62031,35816,17366
370638,62032,35841,17367
370658,61212,35893,17368
370678,61232,35696,17369
370698,61186,35819,17370
370718,61222,35826,17371
370738,61208,35833,17372
370758,61175,35829,17373
370778,61173,35745,17374
370798,61200,35685,17375
370818,61157,35768,17376
370838,61246,35723,17377
370858,61238,35640,17378
370878,61178,35593,17379
370898,61213,35578,17380
370918,61195,35768,17381
370938,61218,35833,17382
370958,61173,35808,17383
370978,61186,35799,17384
370998,61199,35965,17385
371018,61195,35865,17386
371038,61241,35878,17387
371058,61223,35840,17388
371078,61202,35948,17389
371098,61187,35999,17390
371118,61190,35934,17391
371138,61190,35933,17392
371158,60768,35894,17393
371178,60754,35949,17394
371198,60747,36003,17395
371218,60773,35882,17396
371238,60817,35855,17397
371258,60774,35920,17398
371278,60768,35971,17399
371298,60789,36010,17400
371318,60812,36026,17401
371338,60794,36063,17402
371358,60772,35873,17403
371378,60776,36019,17404
371398,60793,36000,17405
371418,60812,35970,17406
371438,60774,35916,17407
371458,60764,35778,17408
371478,60765,35848,17409
371498,60791,35919,17410
371518,60798,35970,17411
371538,60799,35950,17412
371558,60797,35927,17413
371578,60805,35982,17414
371598,60792,35927,17415
371618,60770,36002,17416
371638,60751,36017,17417
371658,60345,35965,17418
371678,60353,36058,17419
371698,60373,36091,17420
371718,60356,36104,17421
371738,60356,35941,17422
371758,60362,36031,17423
371778,60346,36064,17424
371798,60342,36041,17425
371818,60349,36124,17426
371838,60354,36033,17427
371858,60365,36042,17428
371878,60375,36090,17429
371898,60370,35984,17430
371918,60392,35990,17431
371938,60377,36156,17432
371958,60386,36022,17433
371978,60366,35923,17434
371998,60351,35925,17435
372018,60362,36073,17436
372038,60336,36051,17437
372058,60370,36167,17438
372078,60357,36106,17439
372098,60354,36148,17440
372118,60294,35988,17441
372138,60328,36001,17442
372158,59375,35930,17443
372178,59436,36064,17444
372198,59425,36185,17445
372218,59435,36197,17446
372238,59413,36236,17447
372258,59387,36120,17448
372278,59406,36046,17449
372298,59405,35980,17450
372318,59395,35999,17451
372338,59420,36027,17452
372358,59435,35974,17453
372378,59399,35958,17454
372398,59433,35977,17455
372418,59413,36072,17456
372438,59431,36133,17457
372458,59431,36252,17458
372478,59438,36258,17459
372498,59375,36125,17460
372518,59415,36087,17461
372538,59410,36158,17462
372558,59382,36249,17463
372578,59406,36256,17464
372598,59425,36177,17465
372618,59448,35933,17466
372638,59413,35947,17467
372658,58926,36077,17468
372678,58923,36082,17469
372698,58930,36089,17470
372718,58868,36186,17471
372738,58917,36284,17472
372758,58901,36281,17473
372778,58866,36280,17474
372798,58882,36290,17475
372818,58939,36346,17476
372838,58954,36214,17477
372858,58949,36320,17478
372878,58904,36307,17479
372898,58897,36323,17480
372918,58907,36290,17481
372938,58905,36246,17482
372958,58904,36269,17483
372978,58911,36235,17484
372998,58939,36113,17485
373018,58933,36121,17486
373038,58935,36271,17487
373058,58900,36299,17488
373078,58947,36359,17489
373098,58911,36364,17490
373118,58918,36414,17491
373138,58907,36400,17492
373158,58431,36422,17493
373178,58412,36289,17494
373198,58443,36368,17495
373218,58425,36374,17496
373238,58406,36369,17497
373258,58419,36332,17498
373278,58402,36315,17499
373298,58413,36406,17500
373318,58422,36365,17501
373338,58404,36290,17502
373358,58406,36254,17503
373378,58405,36351,17504
373398,58387,36414,17505
373418,58444,36403,17506
373438,58401,36396,17507
373458,58411,36442,17508
373478,58430,36468,17509
373498,58409,36505,17510
373518,58444,36500,17511
373538,58454,36457,17512
373558,58459,36488,17513
373578,58446,36492,17514
373598,58409,36507,17515
373618,58398,36448,17516
373638,58443,36414,17517
373658,57894,36458,17518
373678,57858,36566,17519
373698,57916,36533,17520
373718,57899,36485,17521
373738,57934,36442,17522
373758,57955,36464,17523
373778,57912,36483,17524
373798,57937,36476,17525
373818,57894,36393,17526
373838,57895,36389,17527
373858,57895,36449,17528
373878,57923,36467,17529
373898,57936,36431,17530
373918,57961,36498,17531
373938,57924,36403,17532
373958,57924,36533,17533
373978,57877,36541,17534
373998,57902,36554,17535
374018,57865,36473,17536
374038,57895,36493,17537
374058,57885,36513,17538
374078,57918,36480,17539
374098,57915,36324,17540
374118,57916,36377,17541
374138,57940,36387,17542
374158,56814,36519,17543
374178,56814,36583,17544
374198,56766,36521,17545
374218,56797,36490,17546
374238,56794,36444,17547
374258,56773,36544,17548
374278,56814,36544,17549
374298,56801,36575,17550
374318,56789,36644,17551
374338,56807,36623,17552
374358,56802,36659,17553
374378,56790,36530,17554
374398,56815,36510,17555
374418,56785,36408,17556
374438,56788,36508,17557
374458,56797,36388,17558
374478,56791,36472,17559
374498,56797,36413,17560
374518,56818,36418,17561
374538,56843,36562,17562
374558,56802,36659,17563
374578,56821,36637,17564
374598,56792,36515,17565
374618,56775,36619,17566
374638,56801,36694,17567
374658,56296,36756,17568
374678,56326,36696,17569
374698,56237,36618,17570
374718,56260,36596,17571
374738,56225,36508,17572
374758,56203,36558,17573
374778,56233,36552,17574
374798,56245,36633,17575
374818,56208,36668,17576
374838,56257,36746,17577
374858,56246,36671,17578
374878,56258,36756,17579
374898,56260,36808,17580
374918,56284,36769,17581
374938,56250,36814,17582
374958,56266,36832,17583
374978,56253,36713,17584
374998,56257,36812,17585
375018,56284,36655,17586
375038,56234,36655,17587
375058,56266,36639,17588
375078,56221,36596,17589
375098,56261,36562,17590
375118,56287,36616,17591
375138,56253,36748,17592
375158,55685,36700,17593
375178,55685,36782,17594
375198,55715,36708,17595
375218,55666,36727,17596
375238,55683,36788,17597
375258,55640,36743,17598
375278,55683,36681,17599
375298,55697,36782,17600
375318,55665,36730,17601
375338,55695,36712,17602
375358,55668,36731,17603
375378,55653,36763,17604
375398,55681,36728,17605
375418,55689,36701,17606
375438,55665,36693,17607
375458,55644,36723,17608
375478,55648,36704,17609
375498,55663,36778,17610
375518,55697,36775,17611
375538,55701,36749,17612
375558,55717,36764,17613
375578,55711,36845,17614
375598,55702,36889,17615
375618,55717,36792,17616
375638,55668,36757,17617
375658,54461,36815,17618
375678,54515,36851,17619
375698,54454,36831,17620
375718,54468,36846,17621
375738,54456,36877,17622
375758,54415,36844,17623
375778,54427,36826,17624
375798,54494,36948,17625
375818,54464,36814,17626
375838,54459,36870,17627
375858,54453,36719,17628
375878,54451,36738,17629
375898,54451,36835,17630
375918,54444,36883,17631
375938,54445,36958,17632
375958,54414,36939,17633
375978,54438,36895,17634
375998,54442,36824,17635
376018,54479,36971,17636
376038,54473,36864,17637
376058,54373,36797,17638
376078,54466,36836,17639
376098,54462,36832,17640
376118,54485,36764,17641
376138,54465,36857,17642
376158,53851,36823,17643
376178,53864,36972,17644
376198,53836,37037,17645
376218,53875,36878,17646
376238,53832,36799,17647
376258,53848,36840,17648
376278,53894,36766,17649
376298,53861,36954,17650
376318,53837,36853,17651
376338,53782,36885,17652
376358,53845,36869,17653
376378,53826,36836,17654
376398,53796,36946,17655
376418,53829,37001,17656
376438,53827,36893,17657
376458,53832,37094,17658
376478,53767,36908,17659
376498,53855,36838,17660
376518,53834,36655,17661
376538,53875,36838,17662
376558,53880,37000,17663
376578,53894,37060,17664
376598,53848,37047,17665
376618,53812,36804,17666
376638,53864,36888,17667
376658,53141,36959,17668
376678,53172,36935,17669
376698,53193,36700,17670
376718,53248,36795,17671
376738,53195,36758,17672
376758,53153,36960,17673
376778,53155,36990,17674
376798,53169,36837,17675
376818,53170,36971,17676
376838,53187,37032,17677
376858,53196,36981,17678
376878,53180,36848,17679
376898,53237,36923,17680
376918,53202,36981,17681
376938,53128,37076,17682
376958,53179,37079,17683
376978,53094,36950,17684
376998,53108,36854,17685
377018,53176,36858,17686
377038,53189,36964,17687
377058,53175,36818,17688
377078,53148,37021,17689
377098,53177,37030,17690
377118,53218,37040,17691
377138,53243,37134,17692
377158,52566,37012,17693
377178,52557,37078,17694
377198,52527,37103,17695
377218,52559,37114,17696
377238,52527,37233,17697
377258,52555,37056,17698
377278,52543,36996,17699
377298,52532,36911,17700
377318,52574,36972,17701
377338,52550,37035,17702
377358,52545,36886,17703
377378,52540,37018,17704
377398,52560,37121,17705
377418,52513,37162,17706
377438,52509,37151,17707
377458,52539,37137,17708
377478,52569,37086,17709
377498,52548,37097,17710
377518,52536,37088,17711
377538,52563,37068,17712
377558,52532,37003,17713
377578,52544,37056,17714
377598,52551,37005,17715
377618,52572,37125,17716
377638,52449,37124,17717
377658,51207,36950,17718
377678,51270,37035,17719
377698,51231,37031,17720
377718,51176,36967,17721
377738,51245,37141,17722
377758,51238,36987,17723
377778,51251,37093,17724
377798,51197,37178,17725
377818,51213,37235,17726
377838,51177,37221,17727
377858,51202,37246,17728
377878,51190,37175,17729
377898,51193,37197,17730
377918,51228,37140,17731
377938,51236,37182,17732
377958,51148,37078,17733
377978,51211,37058,17734
377998,51236,37062,17735
378018,51258,37059,17736
378038,51221,37092,17737
378058,51229,37109,17738
378078,51279,37140,17739
378098,51194,37129,17740
378118,51308,37034,17741
378138,51250,37116,17742
378158,50551,37150,17743
378178,50583,36986,17744
378198,50548,37100,17745
378218,50538,37092,17746
378238,50543,37230,17747
378258,50478,37125,17748
378278,50524,37146,17749
378298,50490,37052,17750
378318,50523,37073,17751
378338,50549,37137,17752
378358,50547,37132,17753
378378,50520,37030,17754
378398,50521,37209,17755
378418,50536,37096,17756
378438,50516,37138,17757
378458,50521,36986,17758
378478,50586,37184,17759
378498,50511,37203,17760
378518,50475,37137,17761
378538,50517,37222,17762
378558,50509,37126,17763
378578,50567,37221,17764
378598,50575,37186,17765
378618,50535,37025,17766
378638,50499,37118,17767
378658,49861,37032,17768
378678,49896,37232,17769
378698,49876,37215,17770
378718,49858,37110,17771
378738,49864,37071,17772
378758,49825,37051,17773
378778,49885,37112,17774
378798,49909,37006,17775
378818,49901,36971,17776
378838,49871,37037,17777
378858,49861,36986,17778
378878,49892,37167,17779
378898,49803,37158,17780
378918,49853,37232,17781
378938,49831,37129,17782
378958,49842,37213,17783
378978,49873,37315,17784
378998,49840,37230,17785
379018,49850,37213,17786
379038,49838,37148,17787
379058,49858,37018,17788
379078,49826,37133,17789
379098,49810,37158,17790
379118,49855,37259,17791
379138,49803,37217,17792
379158,48420,37263,17793
379178,48428,37349,17794
379198,48443,37347,17795
379218,48398,37297,17796
379238,48488,37466,17797
379258,48421,37251,17798
379278,48411,37284,17799
379298,48435,37322,17800
379318,48447,37398,17801
379338,48395,37226,17802
379358,48451,37258,17803
379378,48399,37177,17804
379398,48402,37106,17805
379418,48497,37032,17806
379438,48448,36979,17807
379458,48414,37028,17808
379478,48447,37158,17809
379498,48414,37218,17810
379518,48427,37336,17811
379538,48414,37346,17812
379558,48432,37280,17813
379578,48413,37221,17814
379598,48466,37242,17815
379618,48447,37243,17816
379638,48438,37252,17817
379658,47771,37247,17818
379678,47752,37144,17819
379698,47752,37291,17820
379718,47694,37320,17821
379738,47709,37350,17822
379758,47709,37238,17823
379778,47738,37207,17824
379798,47698,37259,17825
379818,47762,37347,17826
379838,47728,37319,17827
379858,47731,37275,17828
379878,47752,37327,17829
379898,47724,37311,17830
379918,47759,37339,17831
379938,47730,37292,17832
379958,47749,37244,17833
379978,47735,37264,17834
379998,47715,37398,17835
380018,47739,37491,17836
380038,47696,37464,17837
380058,47748,37331,17838
380078,47720,37401,17839
380098,47716,37324,17840
380118,47738,37422,17841
380138,47732,37344,17842
380158,46980,37324,17843
380178,46976,37316,17844
380198,46952,37333,17845
380218,46952,37287,17846
380238,46918,37273,17847
380258,46971,37320,17848
380278,47003,37221,17849
380298,46934,37279,17850
380318,46962,37346,17851
380338,46998,37308,17852
380358,46988,37265,17853
380378,46953,37375,17854
380398,46950,37429,17855
380418,46900,37342,17856
380438,46995,37352,17857
380458,46965,37320,17858
380478,46957,37344,17859
380498,47036,37318,17860
380518,46985,37066,17861
380538,47001,37252,17862
380558,46970,37153,17863
380578,47005,37358,17864
380598,46977,37407,17865
380618,46998,37376,17866
380638,46998,37354,17867
380658,46227,37305,17868
380678,46221,37283,17869
380698,46252,37255,17870
380718,46248,37306,17871
380738,46228,37475,17872
380758,46247,37515,17873
380778,46252,37515,17874
380798,46253,37444,17875
380818,46248,37351,17876
380838,46258,37243,17877
380858,46214,37302,17878
380878,46259,37324,17879
380898,46236,37204,17880
380918,46237,37098,17881
380938,46238,37151,17882
380958,46251,37223,17883
380978,46229,37252,17884
380998,46227,37300,17885
381018,46267,37266,17886
381038,46243,37307,17887
381058,46249,37480,17888
381078,46225,37552,17889
381098,46238,37442,17890
381118,46262,37395,17891
381138,46271,37327,17892
381158,44705,37296,17893
381178,44722,37502,17894
381198,44732,37364,17895
381218,44740,37510,17896
381238,44737,37465,17897
381258,44731,37576,17898
381278,44722,37496,17899
381298,44722,37407,17900
381318,44734,37500,17901
381338,44734,37581,17902
381358,44718,37600,17903
381378,44745,37504,17904
381398,44757,37500,17905
381418,44741,37616,17906
381438,44731,37534,17907
381458,44721,37544,17908
381478,44755,37532,17909
381498,44718,37480,17910
381518,44732,37521,17911
381538,44726,37461,17912
381558,44732,37475,17913
381578,44697,37496,17914
381598,44716,37439,17915
381618,44735,37498,17916
381638,44715,37494,17917
381658,43977,37488,17918
381678,43980,37445,17919
381698,44020,37497,17920
381718,44023,37527,17921
381738,43970,37510,17922
381758,43986,37565,17923
381778,44015,37521,17924
381798,43959,37493,17925
381818,44001,37565,17926
381838,43982,37639,17927
381858,44010,37558,17928
381878,43986,37514,17929
381898,43956,37570,17930
381918,44000,37611,17931
381938,43986,37560,17932
381958,43947,37539,17933
381978,44015,37488,17934
381998,44011,37514,17935
382018,43988,37499,17936
382038,44005,37468,17937
382058,43966,37508,17938
382078,43959,37514,17939
382098,43978,37568,17940
382118,44027,37456,17941
382138,44001,37539,17942
382158,43302,37464,17943
382178,43246,37476,17944
382198,43246,37354,17945
382218,43234,37346,17946
382238,43237,37465,17947
382258,43228,37465,17948
382278,43208,37505,17949
382298,43232,37540,17950
382318,43226,37455,17951
382338,43237,37555,17952
382358,43264,37537,17953
382378,43243,37552,17954
382398,43233,37514,17955
382418,43242,37556,17956
382438,43281,37601,17957
382458,43266,37568,17958
382478,43275,37559,17959
382498,43277,37564,17960
382518,43202,37536,17961
382538,43246,37590,17962
382558,43245,37466,17963
382578,43251,37600,17964
382598,43275,37572,17965
382618,43222,37540,17966
382638,43238,37509,17967
382658,42432,37524,17968
382678,42412,37537,17969
382698,42414,37590,17970
382718,42407,37519,17971
382738,42410,37533,17972
382758,42441,37407,17973
382778,42464,37447,17974
382798,42460,37474,17975
382818,42471,37502,17976
382838,42451,37447,17977
382858,42461,37430,17978
382878,42436,37456,17979
382898,42457,37532,17980
382918,42430,37441,17981
382938,42414,37517,17982
382958,42413,37525,17983
382978,42408,37587,17984
382998,42447,37494,17985
383018,42418,37529,17986
383038,42420,37427,17987
383058,42412,37516,17988
383078,42427,37494,17989
383098,42414,37464,17990
383118,42439,37431,17991
383138,42456,37455,17992
383158,40892,37557,17993
383178,40878,37588,17994
383198,40881,37557,17995
383218,40869,37556,17996
383238,40906,37552,17997
383258,40863,37604,17998
383278,40861,37543,17999
383298,40865,37548,18000
383318,40880,37579,18001
383338,40871,37524,18002
383358,40832,37605,18003
383378,40849,37613,18004
383398,40864,37601,18005
383418,40869,37433,18006
383438,40895,37396,18007
383458,40892,37478,18008
383478,40867,37504,18009
383498,40881,37424,18010
383518,40869,37511,18011
383538,40871,37568,18012
383558,40869,37644,18013
383578,40868,37557,18014
383598,40878,37616,18015
383618,40829,37646,18016
383638,40830,37566,18017
383658,40154,37605,18018
383678,40118,37555,18019
383698,40111,37572,18020
383718,40138,37626,18021
383738,40097,37508,18022
383758,40103,37554,18023
383778,40094,37488,18024
383798,40084,37542,18025
383818,40095,37473,18026
383838,40123,37552,18027
383858,40085,37601,18028
383878,40107,37575,18029
383898,40127,37508,18030
383918,40113,37578,18031
383938,40109,37588,18032
383958,40092,37464,18033
383978,40100,37389,18034
383998,40122,37421,18035
384018,40084,37562,18036
384038,40080,37542,18037
384058,40101,37518,18038
384078,40095,37505,18039
384098,40074,37610,18040
384118,40107,37447,18041
384138,40094,37477,18042
384158,39351,37462,18043
384178,39336,37464,18044
384198,39345,37476,18045
384218,39331,37567,18046
384238,39355,37550,18047
384258,39364,37495,18048
384278,39323,37498,18049
384298,39338,37548,18050
384318,39319,37582,18051
384338,39328,37468,18052
384358,39310,37364,18053
384378,39302,37379,18054
384398,39341,37319,18055
384418,39349,37365,18056
384438,39325,37343,18057
384458,39349,37162,18058
384478,39361,37212,18059
384498,39320,37314,18060
384518,39323,37436,18061
384538,39303,37341,18062
384558,39349,37467,18063
384578,39315,37483,18064
384598,39335,37356,18065
384618,39313,37483,18066
384638,39324,37539,18067
384658,37682,37472,18068
384678,37712,37458,18069
384698,37701,37417,18070
384718,37667,37350,18071
384738,37698,37325,18072
384758,37681,37362,18073
384778,37715,37563,18074
384798,37719,37529,18075
384818,37738,37639,18076
384838,37722,37531,18077
384858,37761,37461,18078
384878,37733,37625,18079
384898,37723,37544,18080
384918,37717,37631,18081
384938,37696,37564,18082
384958,37705,37515,18083
384978,37721,37583,18084
384998,37711,37560,18085
385018,37683,37583,18086
385038,37689,37561,18087
385058,37697,37552,18088
385078,37736,37634,18089
385098,37673,37583,18090
385118,37709,37662,18091
385138,37719,37573,18092
385158,37038,37467,18093
385178,36914,37551,18094
385198,36932,37445,18095
385218,36909,37583,18096
385238,36893,37455,18097
385258,36934,37584,18098
385278,36910,37583,18099
385298,36875,37538,18100
385318,36929,37527,18101
385338,36820,37580,18102
385358,36882,37570,18103
385378,36903,37605,18104
385398,36881,37542,18105
385418,36920,37651,18106
385438,36844,37531,18107
385458,36914,37589,18108
385478,36890,37545,18109
385498,36878,37566,18110
385518,36924,37570,18111
385538,36892,37459,18112
385558,36910,37540,18113
385578,36876,37550,18114
385598,36889,37478,18115
385618,36902,37501,18116
385638,36876,37550,18117
385658,36100,37559,18118
385678,36095,37443,18119
385698,36121,37511,18120
385718,36117,37478,18121
385738,36069,37468,18122
385758,36118,37600,18123
385778,36123,37532,18124
385798,36079,37588,18125
385818,36067,37558,18126
385838,36112,37548,18127
385858,36124,37616,18128
385878,36119,37580,18129
385898,36058,37552,18130
385918,36051,37458,18131
385938,36070,37522,18132
385958,36019,37548,18133
385978,36033,37522,18134
385998,36081,37562,18135
386018,36089,37528,18136
386038,36078,37610,18137
386058,36081,37582,18138
386078,36114,37512,18139
386098,36087,37558,18140
386118,36068,37430,18141
386138,36104,37435,18142
386158,35297,37396,18143
386178,35288,37435,18144
386198,35300,37370,18145
386218,35294,37388,18146
386238,35313,37431,18147
386258,35302,37359,18148
386278,35351,37374,18149
386298,35259,37245,18150
386318,35330,37467,18151
386338,35323,37318,18152
386358,35308,37455,18153
386378,35295,37444,18154
386398,35323,37439,18155
386418,35305,37525,18156
386438,35345,37490,18157
386458,35288,37430,18158
386478,35336,37430,18159
386498,35299,37510,18160
386518,35262,37530,18161
386538,35294,37499,18162
386558,35294,37535,18163
386578,35298,37474,18164
386598,35313,37414,18165
386618,35290,37581,18166
386638,35298,37495,18167
386658,33691,37427,18168
386678,33696,37502,18169
386698,33675,37429,18170
386718,33717,37523,18171
386738,33679,37514,18172
386758,33660,37542,18173
386778,33682,37476,18174
386798,33638,37631,18175
386818,33674,37641,18176
386838,33653,37574,18177
386858,33632,37454,18178
386878,33647,37567,18179
386898,33649,37591,18180
386918,33646,37577,18181
386938,33685,37516,18182
386958,33712,37507,18183
386978,33705,37575,18184
386998,33655,37537,18185
387018,33724,37556,18186
387038,33694,37453,18187
387058,33713,37436,18188
387078,33649,37480,18189
387098,33750,37398,18190
387118,33708,37526,18191
387138,33652,37450,18192
387158,33115,37468,18193
387178,32874,37426,18194
387198,32871,37401,18195
387218,32879,37545,18196
387238,32846,37401,18197
387258,32918,37455,18198
387278,32877,37517,18199
387298,32922,37514,18200
387318,32888,37583,18201
387338,32891,37449,18202
387358,32876,37483,18203
387378,32835,37532,18204
387398,32855,37568,18205
387418,32883,37328,18206
387438,32870,37222,18207
387458,32840,37353,18208
387478,32896,37402,18209
387498,32875,37362,18210
387518,32876,37323,18211
387538,32859,37398,18212
387558,32871,37415,18213
387578,32879,37455,18214
387598,32861,37457,18215
387618,32900,37415,18216
387638,32843,37482,18217
387658,32072,37381,18218
387678,32084,37501,18219
387698,32021,37382,18220
387718,32083,37341,18221
387738,32051,37408,18222
387758,32079,37404,18223
387778,32060,37470,18224
387798,32079,37546,18225
387818,32083,37361,18226
387838,32045,37463,18227
387858,32100,37482,18228
387878,32076,37338,18229
387898,32073,37440,18230
387918,32051,37247,18231
387938,32074,37230,18232
387958,32070,37147,18233
387978,32077,37110,18234
387998,32119,37114,18235
388018,32104,37215,18236
388038,32095,37303,18237
388058,32121,37214,18238
388078,32109,37287,18239
388098,32130,37331,18240
388118,32097,37439,18241
388138,32067,37447,18242
388158,30418,37369,18243
388178,30426,37341,18244
388198,30462,37400,18245
388218,30494,37150,18246
388238,30404,37344,18247
388258,30449,37384,18248
388278,30452,37369,18249
388298,30463,37248,18250
388318,30442,37299,18251
388338,30452,37213,18252
388358,30435,37198,18253
388378,30446,37274,18254
388398,30409,37288,18255
388418,30447,37346,18256
388438,30426,37412,18257
388458,30397,37370,18258
388478,30440,37348,18259
388498,30468,37250,18260
388518,30448,37406,18261
388538,30439,37433,18262
388558,30448,37423,18263
388578,30451,37371,18264
388598,30479,37361,18265
388618,30451,37470,18266
388638,30466,37391,18267
388658,29665,37439,18268
388678,29663,37431,18269
388698,29641,37309,18270
388718,29645,37427,18271
388738,29677,37405,18272
388758,29675,37354,18273
388778,29651,37393,18274
388798,29650,37431,18275
388818,29663,37363,18276
388838,29682,37422,18277
388858,29659,37389,18278
388878,29679,37395,18279
388898,29676,37325,18280
388918,29668,37482,18281
388938,29655,37416,18282
388958,29644,37382,18283
388978,29649,37404,18284
388998,29614,37377,18285
389018,29678,37398,18286
389038,29670,37409,18287
389058,29624,37404,18288
389078,29663,37389,18289
389098,29661,37347,18290
389118,29666,37412,18291
389138,29669,37322,18292
389158,28881,37313,18293
389178,28856,37319,18294
389198,28872,37364,18295
389218,28861,37382,18296
389238,28871,37287,18297
389258,28864,37267,18298
389278,28857,37306,18299
389298,28885,37210,18300
389318,28879,37255,18301
389338,28910,37234,18302
389358,28890,37324,18303
389378,28888,37270,18304
389398,28852,37353,18305
389418,28857,37258,18306
389438,28864,37199,18307
389458,28832,37278,18308
389478,28867,37301,18309
389498,28838,37305,18310
389518,28864,37344,18311
389538,28841,37277,18312
389558,28861,37294,18313
389578,28852,37298,18314
389598,28902,37356,18315
389618,28873,37374,18316
389638,28851,37209,18317
389658,28049,37249,18318
389678,28061,37259,18319
389698,27999,37334,18320
389718,28035,37196,18321
389738,28030,37190,18322
389758,28081,37233,18323
389778,28046,37257,18324
389798,28057,37258,18325
389818,28054,37177,18326
389838,28081,37123,18327
389858,28070,37200,18328
389878,28067,37212,18329
389898,28051,37212,18330
389918,28030,37142,18331
389938,28046,37218,18332
389958,28005,37162,18333
389978,28016,37185,18334
389998,28054,37315,18335
390018,28032,37250,18336
390038,28054,37252,18337
390058,28064,37218,18338
390078,28081,37229,18339
390098,28040,37214,18340
390118,28032,37105,18341
390138,28060,37187,18342
390158,26562,37176,18343
390178,26419,37238,18344
390198,26430,37215,18345
390218,26440,37173,18346
390238,26429,37290,18347
390258,26412,37244,18348
390278,26405,37303,18349
390298,26384,37214,18350
390318,26430,37140,18351
390338,26366,37208,18352
390358,26418,37069,18353
390378,26421,37030,18354
390398,26445,37103,18355
390418,26398,37096,18356
390438,26445,37119,18357
390458,26451,37098,18358
390478,26418,37181,18359
390498,26434,37083,18360
390518,26441,37006,18361
390538,26411,37042,18362
390558,26415,37119,18363
390578,26429,37141,18364
390598,26427,37082,18365
390618,26427,37130,18366
390638,26434,37154,18367
390658,26057,37163,18368
390678,25628,37142,18369
390698,25659,37182,18370
390718,25641,37197,18371
390738,25678,37158,18372
390758,25666,37080,18373
390778,25664,37086,18374
390798,25720,37042,18375
390818,25660,37133,18376
390838,25665,37149,18377
390858,25678,37107,18378
390878,25665,37155,18379
390898,25668,37088,18380
390918,25653,37036,18381
390938,25651,37063,18382
390958,25650,37076,18383
390978,25664,37099,18384
390998,25678,37154,18385
391018,25658,37153,18386
391038,25678,37054,18387
391058,25684,37057,18388
391078,25661,36914,18389
391098,25647,36928,18390
391118,25657,37025,18391
391138,25662,37004,18392
391158,24961,37078,18393
391178,24916,37051,18394
391198,24867,37112,18395
391218,24853,37135,18396
391238,24886,37110,18397
391258,24879,37074,18398
391278,24886,37003,18399
391298,24877,37066,18400
391318,24916,37068,18401
391338,24848,37026,18402
391358,24897,37015,18403
391378,24847,36883,18404
391398,24890,37033,18405
391418,24864,36890,18406
391438,24863,36926,18407
391458,24889,36972,18408
391478,24886,36931,18409
391498,24895,36944,18410
391518,24885,37060,18411
391538,24868,36968,18412
391558,24886,36932,18413
391578,24870,36909,18414
391598,24906,36876,18415
391618,24878,36861,18416
391638,24903,36924,18417
391658,23502,36877,18418
391678,23301,36894,18419
391698,23289,36852,18420
391718,23327,36841,18421
391738,23312,36790,18422
391758,23319,36899,18423
391778,23352,36920,18424
391798,23341,36896,18425
391818,23336,36893,18426
391838,23342,36869,18427
391858,23329,36957,18428
391878,23314,36811,18429
391898,23331,36889,18430
391918,23347,36970,18431
391938,23309,36873,18432
391958,23323,36817,18433
391978,23312,36858,18434
391998,23299,36703,18435
392018,23309,36775,18436
392038,23326,36825,18437
392058,23308,36800,18438
392078,23342,36812,18439
392098,23342,36804,18440
392118,23322,36799,18441
392138,23325,36787,18442
392158,22678,36675,18443
392178,22549,36819,18444
392198,22528,36743,18445
392218,22513,36839,18446
392238,22519,36809,18447
392258,22499,36809,18448
392278,22535,36880,18449
392298,22490,36906,18450
392318,22485,36937,18451
392338,22489,36903,18452
392358,22529,36817,18453
392378,22526,36857,18454
392398,22545,36887,18455
392418,22523,36963,18456
392438,22510,36961,18457
392458,22521,36913,18458
392478,22522,37009,18459
392498,22529,36770,18460
392518,22520,36907,18461
392538,22504,36880,18462
392558,22517,36816,18463
392578,22505,36914,18464
392598,22518,36894,18465
392618,22517,36934,18466
392638,22554,36845,18467
392658,21930,36880,18468
392678,21751,36847,18469
392698,21765,36807,18470
392718,21752,36823,18471
392738,21754,36907,18472
392758,21760,36925,18473
392778,21754,36918,18474
392798,21781,36830,18475
392818,21747,36803,18476
392838,21769,36791,18477
392858,21767,36737,18478
392878,21784,36604,18479
392898,21759,36647,18480
392918,21760,36788,18481
392938,21781,36781,18482
392958,21737,36810,18483
392978,21750,36805,18484
392998,21740,36675,18485
393018,21765,36754,18486
393038,21768,36806,18487
393058,21785,36772,18488
393078,21758,36672,18489
393098,21786,36720,18490
393118,21759,36738,18491
393138,21742,36777,18492
393158,21177,36796,18493
393178,21036,36756,18494
393198,21029,36707,18495
393218,21036,36669,18496
393238,21027,36572,18497
393258,21015,36622,18498
393278,21028,36468,18499
393298,21023,36528,18500
393318,21007,36434,18501
393338,21034,36568,18502
393358,21020,36536,18503
393378,21021,36490,18504
393398,21011,36552,18505
393418,21035,36743,18506
393438,21052,36720,18507
393458,20997,36585,18508
393478,20997,36678,18509
393498,21019,36751,18510
393518,21026,36708,18511
393538,21010,36666,18512
393558,21032,36485,18513
393578,21014,36401,18514
393598,21045,36535,18515
393618,21066,36578,18516
393638,21046,36630,18517
393658,19978,36648,18518
393678,19527,36665,18519
393698,19481,36675,18520
393718,19487,36747,18521
393738,19517,36725,18522
393758,19520,36663,18523
393778,19475,36679,18524
393798,19523,36753,18525
393818,19482,36628,18526
393838,19469,36654,18527
393858,19499,36581,18528
393878,19484,36656,18529
393898,19532,36777,18530
393918,19509,36717,18531
393938,19524,36655,18532
393958,19544,36677,18533
393978,19523,36588,18534
393998,19525,36625,18535
394018,19517,36636,18536
394038,19505,36677,18537
394058,19513,36657,18538
394078,19520,36651,18539
394098,19494,36663,18540
394118,19503,36649,18541
394138,19493,36566,18542
394158,18992,36506,18543
394178,18781,36590,18544
394198,18774,36655,18545
394218,18764,36640,18546
394238,18783,36548,18547
394258,18783,36581,18548
394278,18783,36543,18549
394298,18775,36579,18550
394318,18802,36584,18551
394338,18771,36592,18552
394358,18800,36603,18553
394378,18798,36576,18554
394398,18785,36569,18555
394418,18790,36531,18556
394438,18761,36525,18557
394458,18780,36523,18558
394478,18758,36532,18559
394498,18774,36559,18560
394518,18788,36561,18561
394538,18763,36506,18562
394558,18777,36512,18563
394578,18786,36475,18564
394598,18792,36482,18565
394618,18788,36452,18566
394638,18810,36535,18567
394658,18278,36512,18568
394678,18017,36526,18569
394698,17994,36425,18570
394718,17991,36444,18571
394738,17996,36455,18572
394758,18036,36442,18573
394778,18026,36336,18574
394798,18018,36365,18575
394818,17999,36432,18576
394838,18013,36471,18577
394858,18026,36454,18578
394878,17995,36463,18579
394898,17999,36468,18580
394918,18032,36420,18581
394938,18014,36380,18582
394958,18021,36469,18583
394978,18007,36523,18584
394998,17992,36425,18585
395018,18026,36443,18586
395038,18007,36418,18587
395058,18018,36426,18588
395078,18040,36421,18589
395098,18028,36437,18590
395118,18014,36310,18591
395138,18004,36378,18592
395158,17584,36404,18593
395178,17254,36408,18594
395198,17304,36280,18595
395218,17295,36253,18596
395238,17335,36322,18597
395258,17314,36342,18598
395278,17305,36270,18599
395298,17290,36231,18600
395318,17315,36313,18601
395338,17303,36204,18602
395358,17300,36312,18603
395378,17302,36236,18604
395398,17302,36198,18605
395418,17349,36166,18606
395438,17319,36175,18607
395458,17303,36076,18608
395478,17328,36132,18609
395498,17311,36184,18610
395518,17304,36137,18611
395538,17264,36181,18612
395558,17286,36150,18613
395578,17327,36075,18614
395598,17297,36176,18615
395618,17301,36260,18616
395638,17282,36312,18617
395658,16486,36175,18618
395678,15913,36107,18619
395698,15903,36125,18620
395718,15891,36097,18621
395738,15820,36163,18622
395758,15878,36040,18623
395778,15881,36060,18624
395798,15854,36097,18625
395818,15890,36163,18626
395838,15884,36280,18627
395858,15870,36172,18628
395878,15891,36238,18629
395898,15904,36302,18630
395918,15897,36107,18631
395938,15907,36189,18632
395958,15875,36079,18633
395978,15889,36104,18634
395998,15857,36146,18635
396018,15852,36114,18636
396038,15872,36066,18637
396058,15899,36058,18638
396078,15895,36106,18639
396098,15917,36194,18640
396118,15946,36196,18641
396138,15889,36189,18642
396158,15529,36020,18643
396178,15200,36070,18644
396198,15164,36108,18645
396218,15205,35982,18646
396238,15237,36004,18647
396258,15204,36002,18648
396278,15185,36040,18649
396298,15170,35986,18650
396318,15224,36046,18651
396338,15260,36004,18652
396358,15220,35927,18653
396378,15152,36026,18654
396398,15158,36073,18655
396418,15179,36019,18656
396438,15215,35967,18657
396458,15227,36040,18658
396478,15190,35977,18659
396498,15221,35908,18660
396518,15228,35863,18661
396538,15228,35776,18662
396558,15209,35794,18663
396578,15225,35870,18664
396598,15179,35946,18665
396618,15173,36006,18666
396638,15213,35911,18667
396658,15179,35969,18668
396678,14550,35966,18669
396698,14500,35986,18670
396718,14504,35942,18671
396738,14537,35886,18672
396758,14572,35962,18673
396778,14554,35839,18674
396798,14518,35931,18675
396818,14577,35789,18676
396838,14530,35668,18677
396858,14504,35768,18678
396878,14533,35923,18679
396898,14530,35876,18680
396918,14521,35755,18681
396938,14594,35955,18682
396958,14491,35797,18683
396978,14587,35958,18684
396998,14529,35934,18685
397018,14525,36030,18686
397038,14523,35954,18687
397058,14529,35806,18688
397078,14556,35668,18689
397098,14528,35646,18690
397118,14503,35705,18691
397138,14499,35728,18692
397158,13926,35849,18693
397178,13207,35758,18694
397198,13234,35739,18695
397218,13185,35811,18696
397238,13185,35947,18697
397258,13174,35913,18698
397278,13190,35960,18699
397298,13218,35940,18700
397318,13195,35822,18701
397338,13188,35869,18702
397358,13188,35758,18703
397378,13168,35682,18704
397398,13184,35722,18705
397418,13250,35617,18706
397438,13163,35568,18707
397458,13131,35701,18708
397478,13183,35563,18709
397498,13219,35687,18710
397518,13190,35616,18711
397538,13212,35757,18712
397558,13179,35763,18713
397578,13222,35780,18714
397598,13176,35720,18715
397618,13212,35776,18716
397638,13168,35798,18717
397658,12908,35832,18718
397678,12571,35807,18719
397698,12561,35721,18720
397718,12580,35714,18721
397738,12590,35771,18722
397758,12577,35769,18723
397778,12593,35699,18724
397798,12551,35641,18725
397818,12518,35677,18726
397838,12537,35817,18727
397858,12544,35646,18728
397878,12565,35786,18729
397898,12524,35771,18730
397918,12528,35802,18731
397938,12555,35765,18732
397958,12544,35731,18733
397978,12566,35669,18734
397998,12566,35600,18735
398018,12592,35713,18736
398038,12596,35780,18737
398058,12571,35644,18738
398078,12590,35791,18739
398098,12529,35591,18740
398118,12565,35585,18741
398138,12563,35557,18742
398158,12270,35565,18743
398178,11908,35595,18744
398198,11865,35645,18745
398218,11897,35650,18746
398238,11876,35629,18747
398258,11932,35632,18748
398278,11861,35516,18749
398298,11852,35554,18750
398318,11878,35503,18751
398338,11909,35553,18752
398358,11933,35541,18753
398378,11907,35490,18754
398398,11870,35487,18755
398418,11898,35572,18756
398438,11959,35515,18757
398458,11898,35423,18758
398478,11868,35535,18759
398498,11885,35452,18760
398518,11929,35547,18761
398538,11838,35565,18762
398558,11896,35580,18763
398578,11864,35597,18764
398598,11885,35544,18765
398618,11927,35495,18766
398638,11917,35505,18767
398658,11730,35262,18768
398678,11292,35482,18769
398698,11279,35494,18770
398718,11250,35491,18771
398738,11279,35469,18772
398758,11253,35597,18773
398778,11293,35426,18774
398798,11239,35311,18775
398818,11290,35397,18776
398838,11270,35290,18777
398858,11272,35363,18778
398878,11295,35165,18779
398898,11286,35198,18780
398918,11320,35215,18781
398938,11248,35353,18782
398958,11287,35169,18783
398978,11274,35217,18784
398998,11280,35446,18785
399018,11258,35377,18786
399038,11266,35281,18787
399058,11326,35338,18788
399078,11294,35385,18789
399098,11257,35398,18790
399118,11286,35425,18791
399138,11288,35375,18792
399158,10871,35158,18793
399178,10057,35124,18794
399198,10063,35252,18795
399218,10054,35244,18796
399238,10026,35404,18797
399258,10057,35399,18798
399278,10009,35348,18799
399298,10013,35409,18800
399318,10089,35291,18801
399338,10068,35320,18802
399358,10058,35352,18803
399378,10103,35364,18804
399398,10107,35054,18805
399418,10059,35064,18806
399438,10025,35196,18807
399458,10018,35280,18808
399478,10035,35152,18809
399498,10102,35122,18810
399518,10076,35157,18811
399538,10071,35189,18812
399558,10087,35094,18813
399578,10072,35016,18814
399598,10077,35031,18815
399618,10019,35162,18816
399638,10072,35166,18817
399658,9896,35075,18818
399678,9483,35196,18819
399698,9471,35123,18820
399718,9499,35213,18821
399738,9455,35273,18822
399758,9522,35236,18823
399778,9504,35228,18824
399798,9494,35060,18825
399818,9485,35143,18826
399838,9466,35215,18827
399858,9444,35176,18828
399878,9495,35214,18829
399898,9469,35070,18830
399918,9468,35225,18831
399938,9522,35276,18832
399958,9466,35050,18833
399978,9512,35158,18834
399998,9494,35153,18835
400018,9495,35162,18836
400038,9521,35267,18837
400058,9493,35163,18838
400078,9483,35244,18839
400098,9494,35151,18840
400118,9505,35205,18841
400138,9493,35195,18842
400158,9348,35059,18843
400178,8919,34976,18844
400198,8921,35033,18845
400218,8956,35086,18846
400238,8941,35117,18847
400258,8950,35121,18848
400278,8953,35065,18849
400298,8956,35024,18850
400318,8924,35029,18851
400338,8942,35016,18852
400358,8921,34962,18853
400378,8905,34964,18854
400398,8913,35060,18855
400418,8927,35051,18856
400438,8906,35037,18857
400458,8921,35027,18858
400478,8948,34957,18859
400498,8951,35026,18860
400518,8951,34965,18861
400538,8938,35009,18862
400558,8942,34867,18863
400578,8921,34839,18864
400598,8911,34945,18865
400618,8902,34967,18866
400638,8943,34961,18867
400658,8705,35001,18868
400678,7805,34942,18869
400698,7824,34948,18870
400718,7809,34998,18871
400738,7848,34892,18872
400758,7858,34917,18873
400778,7845,34899,18874
400798,7877,34961,18875
400818,7829,34950,18876
400838,7863,34942,18877
400858,7814,34926,18878
400878,7841,34879,18879
400898,7829,35012,18880
400918,7814,34823,18881
400938,7794,34868,18882
400958,7808,34857,18883
400978,7805,34744,18884
400998,7849,34849,18885
401018,7844,34813,18886
401038,7810,34815,18887
401058,7840,34788,18888
401078,7843,34866,18889
401098,7831,34822,18890
401118,7822,34801,18891
401138,7833,34800,18892
401158,7741,34760,18893
401178,7355,34832,18894
401198,7341,34643,18895
401218,7308,34504,18896
401238,7341,34562,18897
401258,7331,34673,18898
401278,7329,34684,18899
401298,7320,34689,18900
401318,7320,34714,18901
401338,7298,34714,18902
401358,7315,34604,18903
401378,7297,34611,18904
401398,7327,34437,18905
401418,7305,34571,18906
401438,7327,34657,18907
401458,7311,34770,18908
401478,7341,34735,18909
401498,7344,34729,18910
401518,7323,34718,18911
401538,7339,34698,18912
401558,7337,34672,18913
401578,7334,34787,18914
401598,7328,34673,18915
401618,7334,34640,18916
401638,7321,34612,18917
401658,7252,34559,18918
401678,6816,34587,18919
401698,6821,34379,18920
401718,6812,34406,18921
401738,6841,34454,18922
401758,6845,34525,18923
401778,6834,34450,18924
401798,6829,34453,18925
401818,6824,34537,18926
401838,6833,34425,18927
401858,6803,34485,18928
401878,6811,34590,18929
401898,6787,34582,18930
401918,6837,34606,18931
401938,6819,34620,18932
401958,6798,34548,18933
401978,6832,34387,18934
401998,6752,34279,18935
402018,6812,34434,18936
402038,6806,34413,18937
402058,6787,34605,18938
402078,6804,34501,18939
402098,6779,34540,18940
402118,6804,34539,18941
402138,6781,34520,18942
402158,6808,34530,18943
402178,6319,34510,18944
402198,6324,34460,18945
402218,6354,34604,18946
402238,6403,34609,18947
402258,6327,34573,18948
402278,6362,34401,18949
402298,6324,34383,18950
402318,6357,34361,18951
402338,6314,34326,18952
402358,6311,34196,18953
402378,6318,34307,18954
402398,6309,34334,18955
402418,6372,34452,18956
402438,6342,34378,18957
402458,6366,34418,18958
402478,6334,34470,18959
402498,6316,34456,18960
402518,6320,34437,18961
402538,6300,34368,18962
402558,6297,34387,18963
402578,6279,34370,18964
402598,6344,34362,18965
402618,6362,34327,18966
402638,6347,34347,18967
402658,6312,34213,18968
402678,5389,34306,18969
402698,5359,34367,18970
402718,5384,34384,18971
402738,5387,34353,18972
402758,5351,34346,18973
402778,5390,34313,18974
402798,5381,34270,18975
402818,5360,34271,18976
402838,5343,34313,18977
402858,5340,34233,18978
402878,5355,34282,18979
402898,5362,34375,18980
402918,5396,34363,18981
402938,5394,34364,18982
402958,5410,34269,18983
402978,5382,34259,18984
402998,5393,34239,18985
403018,5367,34212,18986
403038,5361,34195,18987
403058,5365,34253,18988
403078,5385,34253,18989
403098,5444,34231,18990
403118,5376,34277,18991
403138,5402,34255,18992
403158,5355,34173,18993
403178,4926,34198,18994
403198,4968,34132,18995
403218,4949,34199,18996
403238,4905,34186,18997
403258,4922,34100,18998
403278,4927,34174,18999
403298,4960,34144,19000
403318,4947,34133,19001
403338,4968,34120,19002
403358,4990,34130,19003
403378,4964,34240,19004
403398,4952,34101,19005
403418,4929,33973,19006
403438,4947,33894,19007
403458,4945,33982,19008
403478,4956,33949,19009
403498,4931,33970,19010
403518,4962,33990,19011
403538,4916,33976,19012
403558,4951,33981,19013
403578,4933,33884,19014
403598,4946,33826,19015
403618,4954,33802,19016
403638,4949,33817,19017
403658,4986,34040,19018
403678,4538,34052,19019
403698,4564,33994,19020
403718,4553,34045,19021
403738,4555,34043,19022
403758,4542,34123,19023
403778,4481,34108,19024
403798,4512,34024,19025
403818,4513,34014,19026
403838,4511,33879,19027
403858,4514,33845,19028
403878,4519,33810,19029
403898,4539,33859,19030
403918,4533,33879,19031
403938,4541,33713,19032
403958,4525,33744,19033
403978,4520,33844,19034
403998,4487,33783,19035
404018,4531,33766,19036
404038,4516,33819,19037
404058,4546,34065,19038
404078,4519,33973,19039
404098,4524,33759,19040
404118,4522,33889,19041
404138,4538,33988,19042
404158,4489,33975,19043
404178,3684,33892,19044
404198,3697,33735,19045
404218,3734,33655,19046
404238,3746,33639,19047
404258,3700,33588,19048
404278,3729,33607,19049
404298,3720,33671,19050
404318,3694,33861,19051
404338,3705,33822,19052
404358,3731,33891,19053
404378,3739,33792,19054
404398,3721,33851,19055
404418,3741,33907,19056
404438,3735,33812,19057
404458,3706,33948,19058
404478,3710,33825,19059
404498,3668,33679,19060
404518,3711,33650,19061
404538,3704,33679,19062
404558,3738,33699,19063
404578,3740,33492,19064
404598,3708,33520,19065
404618,3737,33557,19066
404638,3687,33610,19067
404658,3697,33639,19068
404678,3360,33722,19069
404698,3328,33746,19070
404718,3359,33698,19071
404738,3351,33670,19072
404758,3356,33691,19073
404778,3410,33701,19074
404798,3375,33781,19075
404818,3353,33681,19076
404838,3352,33744,19077
404858,3345,33661,19078
404878,3359,33744,19079
404898,3368,33629,19080
404918,3360,33651,19081
404938,3381,33753,19082
404958,3353,33689,19083
404978,3354,33647,19084
404998,3353,33535,19085
405018,3393,33597,19086
405038,3371,33665,19087
405058,3373,33619,19088
405078,3342,33637,19089
405098,3341,33640,19090
405118,3349,33626,19091
405138,3332,33621,19092
405158,3348,33627,19093
405178,3054,33687,19094
405198,3043,33578,19095
405218,3060,33606,19096
405238,3037,33710,19097
405258,3015,33555,19098
405278,3022,33528,19099
405298,2995,33532,19100
405318,3012,33518,19101
405338,3014,33418,19102
405358,3053,33453,19103
405378,3039,33464,19104
405398,3022,33448,19105
405418,3027,33494,19106
405438,2982,33529,19107
405458,3015,33413,19108
405478,3031,33466,19109
405498,3020,33432,19110
405518,3045,33469,19111
405538,2994,33386,19112
405558,3061,33396,19113
405578,3051,33467,19114
405598,3004,33414,19115
405618,2998,33395,19116
405638,3004,33364,19117
405658,3017,33430,19118
405678,2681,33349,19119
405698,2749,33377,19120
405718,2765,33399,19121
405738,2710,33289,19122
405758,2664,33329,19123
405778,2674,33378,19124
405798,2693,33393,19125
405818,2673,33309,19126
405838,2740,33377,19127
405858,2694,33335,19128
405878,2721,33205,19129
405898,2716,33116,19130
405918,2697,33111,19131
405938,2692,33190,19132
405958,2705,33210,19133
405978,2689,33155,19134
405998,2709,33060,19135
406018,2698,33073,19136
406038,2739,32985,19137
406058,2761,33335,19138
406078,2654,33212,19139
406098,2665,33199,19140
406118,2729,33186,19141
406138,2677,33062,19142
406158,2714,33162,19143
406178,2083,33267,19144
406198,2043,33350,19145
406218,2098,33233,19146
406238,2095,33174,19147
406258,2094,33121,19148
406278,2016,32959,19149
406298,2109,33003,19150
406318,2090,32989,19151
406338,2116,33146,19152
406358,2107,33271,19153
406378,2083,33236,19154
406398,2091,33198,19155
406418,2073,33149,19156
406438,2083,33138,19157
406458,2063,33249,19158
406478,2118,33164,19159
406498,2120,33206,19160
406518,2071,33119,19161
406538,2079,33196,19162
406558,2070,33106,19163
406578,2074,33002,19164
406598,2109,33074,19165
406618,2080,33084,19166
406638,2086,33030,19167
406658,2042,32697,19168
406678,1809,32791,19169
406698,1819,32970,19170
406718,1813,33007,19171
406738,1800,33053,19172
406758,1832,33044,19173
406778,1791,32801,19174
406798,1841,32992,19175
406818,1782,33008,19176
406838,1798,33076,19177
406858,1802,33011,19178
406878,1821,32993,19179
406898,1800,33107,19180
406918,1737,33096,19181
406938,1793,33071,19182
406958,1749,32918,19183
406978,1842,32793,19184
406998,1812,33062,19185
407018,1787,32874,19186
407038,1817,32944,19187
407058,1821,32893,19188
407078,1830,32880,19189
407098,1818,33085,19190
407118,1833,33115,19191
407138,1762,32933,19192
407158,1829,33030,19193
407178,1535,32970,19194
407198,1534,32986,19195
407218,1532,32948,19196
407238,1539,32970,19197
407258,1569,32979,19198
407278,1499,32998,19199
407298,1509,32958,19200
407318,1537,32881,19201
407338,1521,32996,19202
407358,1530,32870,19203
407378,1524,32748,19204
407398,1548,32808,19205
407418,1488,32725,19206
407438,1550,32744,19207
407458,1531,32737,19208
407478,1556,32790,19209
407498,1576,32778,19210
407518,1523,32848,19211
407538,1525,32802,19212
407558,1527,32844,19213
407578,1549,32863,19214
407598,1568,32753,19215
407618,1540,32873,19216
407638,1532,32717,19217
407658,1513,32580,19218
407678,1391,32655,19219
407698,1329,32645,19220
407718,1322,32663,19221
407738,1311,32728,19222
407758,1333,32734,19223
407778,1368,32618,19224
407798,1346,32671,19225
407818,1323,32609,19226
407838,1312,32724,19227
407858,1298,32671,19228
407878,1336,32766,19229
407898,1356,32756,19230
407918,1319,32692,19231
407938,1348,32532,19232
407958,1331,32511,19233
407978,1370,32653,19234
407998,1354,32543,19235
408018,1336,32547,19236
408038,1335,32450,19237
408058,1341,32482,19238
408078,1330,32458,19239
408098,1350,32428,19240
408118,1339,32357,19241
408138,1321,32340,19242
408158,1336,32378,19243
408178,1363,32379,19244
408198,1333,32443,19245
408218,1341,32450,19246
408238,1342,32437,19247
408258,1352,32506,19248
408278,1337,32553,19249
408298,1336,32582,19250
408318,1336,32440,19251
408338,1336,32418,19252
408358,1352,32337,19253
408378,1370,32193,19254
408398,1402,32391,19255
408418,1320,32461,19256
408438,1311,32463,19257
408458,1332,32581,19258
408478,1346,32561,19259
408498,1346,32568,19260
408518,1333,32459,19261
408538,1334,32452,19262
408558,1365,32536,19263
408578,1353,32505,19264
408598,1311,32499,19265
408618,1348,32403,19266
408638,1373,32527,19267
408658,1338,32493,19268
408678,1345,32462,19269
408698,1281,32330,19270
408718,1382,32416,19271
408738,1301,32423,19272
408758,1336,32303,19273
408778,1328,32191,19274
408798,1341,32338,19275
408818,1384,32294,19276
408838,1344,32466,19277
408858,1354,32407,19278
408878,1337,32354,19279
408898,1350,32333,19280
408918,1367,32220,19281
408938,1340,32397,19282
408958,1351,32363,19283
408978,1347,32441,19284
408998,1331,32345,19285
409018,1353,32395,19286
409038,1310,32369,19287
409058,1338,32295,19288
409078,1337,32226,19289
409098,1332,32221,19290
409118,1335,32222,19291
409138,1330,32302,19292
409158,1351,32379,19293
409178,1346,32289,19294
409198,1365,32400,19295
409218,1340,32408,19296
409238,1341,32393,19297
409258,1340,32289,19298
409278,1355,32384,19299
409298,1364,32259,19300
409318,1336,32361,19301
409338,1319,32372,19302
409358,1338,32266,19303
409378,1354,32334,19304
409398,1307,32257,19305
409418,1354,32496,19306
409438,1349,32312,19307
409458,1409,32201,19308
409478,1326,32188,19309
409498,1367,32192,19310
409518,1330,32228,19311
409538,1328,32196,19312
409558,1339,32123,19313
409578,1330,32127,19314
409598,1317,32157,19315
409618,1301,32228,19316
409638,1335,32160,19317
409658,1336,32103,19318
409678,1334,32190,19319
409698,1327,32134,19320
409718,1322,32199,19321
409738,1369,32006,19322
409758,1364,32102,19323
409778,1371,32076,19324
409798,1394,32092,19325
409818,1329,32189,19326
409838,1338,32067,19327
409858,1346,32122,19328
409878,1343,31941,19329
409898,1350,32020,19330
409918,1358,31844,19331
409938,1333,32013,19332
409958,1329,32111,19333
409978,1378,32049,19334
409998,1354,32170,19335
410018,1339,31969,19336
410038,1361,31887,19337
410058,1352,32061,19338
410078,1310,32092,19339
410098,1371,31965,19340
410118,1332,31924,19341
410138,1345,31809,19342
410158,1325,31865,19343
410178,1356,31845,19344
410198,1324,31756,19345
410218,1325,31847,19346
410238,1338,31767,19347
410258,1323,31788,19348
410278,1324,31932,19349
410298,1335,31948,19350
410318,1337,31719,19351
410338,1359,31838,19352
410358,1378,31926,19353
410378,1352,31950,19354
410398,1351,31863,19355
410418,1355,31638,19356
410438,1301,31789,19357
410458,1366,31858,19358
410478,1357,31861,19359
410498,1317,31846,19360
410518,1315,31906,19361
410538,1365,31887,19362
410558,1333,31935,19363
410578,1313,31985,19364
410598,1312,31948,19365
410618,1356,31870,19366
410638,1357,31916,19367
410658,1353,31759,19368
410678,1340,31805,19369
410698,1330,31908,19370
410718,1362,31786,19371
410738,1319,31859,19372
410758,1324,31752,19373
410778,1356,31800,19374
410798,1341,31791,19375
410818,1349,31664,19376
410838,1357,31630,19377
410858,1326,31878,19378
410878,1282,31771,19379
410898,1333,31748,19380
410918,1326,31701,19381
410938,1342,31792,19382
410958,1350,31746,19383
410978,1329,31861,19384
410998,1366,31724,19385
411018,1323,31732,19386
411038,1326,31747,19387
411058,1328,31701,19388
411078,1352,31748,19389
411098,1375,31767,19390
411118,1339,31747,19391
411138,1339,31783,19392
411158,1326,31745,19393
411178,1341,31693,19394
411198,1341,31675,19395
411218,1340,31629,19396
411238,1358,31645,19397
411258,1344,31632,19398
411278,1324,31604,19399
411298,1383,31573,19400
411318,1346,31627,19401
411338,1355,31690,19402
411358,1327,31667,19403
411378,1363,31635,19404
411398,1334,31585,19405
411418,1310,31574,19406
411438,1351,31564,19407
411458,1335,31587,19408
411478,1310,31613,19409
411498,1314,31584,19410
411518,1330,31626,19411
411538,1345,31641,19412
411558,1327,31543,19413
411578,1337,31579,19414
411598,1330,31578,19415
411618,1328,31634,19416
411638,1339,31569,19417
411658,1368,31522,19418
411678,1321,31527,19419
411698,1326,31536,19420
411718,1323,31497,19421
411738,1333,31478,19422
411758,1352,31493,19423
411778,1353,31470,19424
411798,1353,31444,19425
411818,1327,31416,19426
411838,1337,31431,19427
411858,1307,31591,19428
411878,1316,31465,19429
411898,1327,31468,19430
411918,1338,31395,19431
411938,1303,31306,19432
411958,1336,31373,19433
411978,1325,31317,19434
411998,1341,31462,19435
412018,1320,31424,19436
412038,1345,31420,19437
412058,1353,31388,19438
412078,1318,31152,19439
412098,1350,31179,19440
412118,1321,31379,19441
412138,1351,31407,19442
412158,1338,31532,19443
412178,1317,31330,19444
412198,1354,31447,19445
412218,1316,31405,19446
412238,1284,31369,19447
412258,1352,31428,19448
412278,1334,31248,19449
412298,1345,31249,19450
412318,1341,31247,19451
412338,1316,31279,19452
412358,1315,31200,19453
412378,1338,31143,19454
412398,1342,31133,19455
412418,1347,31126,19456
412438,1327,31090,19457
412458,1331,31207,19458
412478,1345,31175,19459
412498,1305,31078,19460
412518,1341,31193,19461
412538,1333,31271,19462
412558,1362,31277,19463
412578,1322,31168,19464
412598,1335,31111,19465
412618,1330,31019,19466
412638,1305,30973,19467
412658,1323,31043,19468
412678,1304,31241,19469
412698,1325,31166,19470
412718,1320,31244,19471
412738,1318,31137,19472
412758,1360,31247,19473
412778,1319,31196,19474
412798,1340,31192,19475
412818,1350,31175,19476
412838,1324,31206,19477
412858,1358,31255,19478
412878,1353,31324,19479
412898,1307,31207,19480
412918,1324,31125,19481
412938,1335,31209,19482
412958,1362,31212,19483
412978,1309,31355,19484
412998,1345,31216,19485
413018,1340,31219,19486
413038,1324,31246,19487
413058,1352,31161,19488
413078,1317,31267,19489
413098,1307,31089,19490
413118,1328,31034,19491
413138,1366,31095,19492
413158,1338,31085,19493
413178,1341,31103,19494
413198,1308,30941,19495
413218,1341,31046,19496
413238,1327,31042,19497
413258,1335,31005,19498
413278,1304,31049,19499
413298,1351,30986,19500
413318,1336,31140,19501
413338,1315,30986,19502
413358,1350,31030,19503
413378,1334,31067,19504
413398,1329,30956,19505
413418,1319,30981,19506
413438,1331,31047,19507
413458,1352,31034,19508
413478,1310,31068,19509
413498,1347,30943,19510
413518,1326,31077,19511
413538,1319,31016,19512
413558,1315,30998,19513
413578,1328,30970,19514
413598,1303,30862,19515
413618,1316,30981,19516
413638,1299,30941,19517
413658,1314,30982,19518
413678,1304,30931,19519
413698,1337,30952,19520
413718,1329,30969,19521
413738,1300,30998,19522
413758,1345,30912,19523
413778,1337,30878,19524
413798,1317,30958,19525
413818,1304,30829,19526
413838,1335,30739,19527
413858,1321,30890,19528
413878,1311,30817,19529
413898,1294,30763,19530
413918,1353,30853,19531
413938,1333,30788,19532
413958,1306,30802,19533
413978,1346,30778,19534
413998,1346,30783,19535
414018,1312,30778,19536
414038,1332,30858,19537
414058,1333,30866,19538
414078,1334,30837,19539
414098,1312,30820,19540
414118,1300,30652,19541
414138,1317,30828,19542
414158,1335,30663,19543
414178,1350,30738,19544
414198,1342,30699,19545
414218,1313,30743,19546
414238,1325,30776,19547
414258,1303,30674,19548
414278,1345,30421,19549
414298,1342,30665,19550
414318,1295,30649,19551
414338,1303,30770,19552
414358,1361,30736,19553
414378,1335,30840,19554
414398,1305,30791,19555
414418,1355,30801,19556
414438,1287,30769,19557
414458,1325,30768,19558
414478,1333,30738,19559
414498,1344,30706,19560
414518,1314,30560,19561
414538,1319,30575,19562
414558,1321,30589,19563
414578,1337,30541,19564
414598,1335,30515,19565
414618,1317,30443,19566
414638,1314,30538,19567
414658,1307,30430,19568
414678,1306,30557,19569
414698,1304,30462,19570
414718,1296,30546,19571
414738,1278,30570,19572
414758,1296,30657,19573
414778,1328,30669,19574
414798,1320,30584,19575
414818,1310,30471,19576
414838,1321,30403,19577
414858,1321,30425,19578
414878,1296,30458,19579
414898,1299,30392,19580
414918,1317,30647,19581
414938,1261,30574,19582
414958,1368,30564,19583
414978,1322,30589,19584
414998,1346,30581,19585
415018,1371,30664,19586
415038,1303,30542,19587
415058,1309,30590,19588
415078,1320,30627,19589
415098,1348,30602,19590
415118,1374,30508,19591
415138,1312,30533,19592
415158,1320,30493,19593
415178,1249,30391,19594
415198,1239,30255,19595
415218,1321,30338,19596
415238,1322,30311,19597
415258,1311,30205,19598
415278,1320,30176,19599
415298,1345,30290,19600
415318,1289,30404,19601
415338,1325,30396,19602
415358,1323,30482,19603
415378,1298,30458,19604
415398,1329,30279,19605
415418,1318,30428,19606
415438,1322,30294,19607
415458,1263,30387,19608
415478,1254,30365,19609
415498,1268,30331,19610
415518,1299,30237,19611
415538,1321,30283,19612
415558,1328,30313,19613
415578,1281,30241,19614
415598,1267,30170,19615
415618,1360,30283,19616
415638,1349,30410,19617
415658,1377,30500,19618
415678,1309,30300,19619
415698,1335,30340,19620
415718,1299,30387,19621
415738,1330,30356,19622
415758,1307,30275,19623
415778,1319,30340,19624
415798,1297,30411,19625
415818,1301,30401,19626
415838,1314,30410,19627
415858,1307,30350,19628
415878,1315,30366,19629
415898,1303,30327,19630
415918,1302,30343,19631
415938,1325,30410,19632
415958,1287,30270,19633
415978,1304,30309,19634
415998,1307,30296,19635
416018,1312,30323,19636
416038,1266,30262,19637
416058,1299,30313,19638
416078,1305,30185,19639
416098,1288,30271,19640
416118,1290,30251,19641
416138,1299,30125,19642
416158,1320,30091,19643
416178,1308,30085,19644
416198,1306,30187,19645
416218,1292,30099,19646
416238,1374,30220,19647
416258,1326,30150,19648
416278,1300,30068,19649
416298,1284,30191,19650
416318,1321,30189,19651
416338,1314,30056,19652
416358,1291,30026,19653
416378,1293,29891,19654
416398,1292,30158,19655
416418,1275,30079,19656
416438,1291,30132,19657
416458,1299,30021,19658
416478,1270,30023,19659
416498,1314,29862,19660
416518,1294,29697,19661
416538,1306,29833,19662
416558,1309,29719,19663
416578,1326,29917,19664
416598,1275,30124,19665
416618,1260,30059,19666
416638,1251,30094,19667
416658,1296,30052,19668
416678,1293,30046,19669
416698,1273,30084,19670
416718,1318,30007,19671
416738,1250,30028,19672
416758,1339,30054,19673
416778,1272,29986,19674
416798,1349,30056,19675
416818,1311,29889,19676
416838,1281,29903,19677
416858,1317,29883,19678
416878,1288,29906,19679
416898,1304,29820,19680
416918,1294,29855,19681
416938,1264,29671,19682
416958,1318,29679,19683
416978,1285,29804,19684
416998,1309,29883,19685
417018,1328,29784,19686
417038,1306,29921,19687
417058,1315,29834,19688
417078,1321,29856,19689
417098,1324,29867,19690
417118,1295,29916,19691
417138,1360,29840,19692
417158,1324,29642,19693
417178,1530,29651,19694
417198,1532,29619,19695
417218,1543,29660,19696
417238,1563,29610,19697
417258,1502,29843,19698
417278,1555,29906,19699
417298,1524,29946,19700
417318,1533,29855,19701
417338,1542,29862,19702
417358,1524,29856,19703
417378,1541,29874,19704
417398,1516,29924,19705
417418,1539,29971,19706
417438,1542,29926,19707
417458,1536,29841,19708
417478,1544,29815,19709
417498,1548,29738,19710
417518,1567,29814,19711
417538,1555,29591,19712
417558,1548,29636,19713
417578,1522,29607,19714
417598,1589,29637,19715
417618,1513,29620,19716
417638,1538,29703,19717
417658,1561,29804,19718
417678,1818,29725,19719
417698,1798,29751,19720
417718,1817,29772,19721
417738,1780,29688,19722
417758,1779,29702,19723
417778,1820,29797,19724
417798,1780,29735,19725
417818,1736,29697,19726
417838,1794,29760,19727
417858,1797,29751,19728
417878,1816,29731,19729
417898,1830,29688,19730
417918,1776,29694,19731
417938,1799,29689,19732
417958,1788,29780,19733
417978,1788,29731,19734
417998,1805,29822,19735
418018,1768,29742,19736
418038,1814,29841,19737
418058,1801,29768,19738
418078,1752,29704,19739
418098,1817,29693,19740
418118,1800,29668,19741
418138,1789,29709,19742
418158,1781,29767,19743
418178,2113,29663,19744
418198,2033,29637,19745
418218,2061,29636,19746
418238,2115,29655,19747
418258,2067,29619,19748
418278,2107,29603,19749
418298,2116,29558,19750
418318,2129,29583,19751
418338,2085,29625,19752
418358,2088,29541,19753
418378,2083,29523,19754
418398,2126,29682,19755
418418,2022,29412,19756
418438,2000,29478,19757
418458,2129,29478,19758
418478,2094,29525,19759
418498,2074,29590,19760
418518,2087,29498,19761
418538,2108,29586,19762
418558,2045,29541,19763
418578,2083,29497,19764
418598,2076,29565,19765
418618,2094,29460,19766
418638,2072,29480,19767
418658,2096,29506,19768
418678,2416,29544,19769
418698,2695,29417,19770
418718,2692,29445,19771
418738,2689,29382,19772
418758,2696,29443,19773
418778,2682,29460,19774
418798,2710,29486,19775
418818,2718,29550,19776
418838,2689,29354,19777
418858,2698,29267,19778
418878,2723,29378,19779
418898,2677,29340,19780
418918,2714,29361,19781
418938,2710,29151,19782
418958,2697,29279,19783
418978,2678,29241,19784
418998,2696,29300,19785
419018,2761,29193,19786
419038,2725,29311,19787
419058,2653,29308,19788
419078,2703,29199,19789
419098,2693,29270,19790
419118,2684,29192,19791
419138,2719,29257,19792
419158,2664,29379,19793
419178,3046,29424,19794
419198,3040,29286,19795
419218,3024,29245,19796
419238,3029,29137,19797
419258,3045,29173,19798
419278,3005,29068,19799
419298,3027,29219,19800
419318,3005,29312,19801
419338,3040,29273,19802
419358,2987,29493,19803
419378,3028,29323,19804
419398,2989,29064,19805
419418,3020,29079,19806
419438,3027,29049,19807
419458,3033,29281,19808
419478,3086,29309,19809
419498,3043,29313,19810
419518,3076,29248,19811
419538,3021,29355,19812
419558,3022,29279,19813
419578,3014,29148,19814
419598,3025,29119,19815
419618,3026,29156,19816
419638,3023,29063,19817
419658,3044,29118,19818
419678,3392,29033,19819
419698,3329,29170,19820
419718,3367,29083,19821
419738,3365,29064,19822
419758,3357,29181,19823
419778,3260,29233,19824
419798,3324,29275,19825
419818,3349,29228,19826
419838,3371,29313,19827
419858,3395,29234,19828
419878,3366,29211,19829
419898,3378,29243,19830
419918,3382,29147,19831
419938,3362,29298,19832
419958,3362,29203,19833
419978,3361,29186,19834
419998,3373,29140,19835
420018,3358,29090,19836
420038,3382,29136,19837
420058,3336,29099,19838
420078,3366,29084,19839
420098,3365,29185,19840
420118,3365,29132,19841
420138,3394,29228,19842
420158,3332,29207,19843
420178,3730,29151,19844
420198,3715,29268,19845
420218,3711,29227,19846
420238,3707,29294,19847
420258,3661,29184,19848
420278,3711,29182,19849
420298,3722,29139,19850
420318,3732,29189,19851
420338,3748,29176,19852
420358,3745,29146,19853
420378,3704,29127,19854
420398,3702,29142,19855
420418,3709,29044,19856
420438,3730,29118,19857
420458,3728,28979,19858
420478,3722,29014,19859
420498,3754,28933,19860
420518,3705,28966,19861
420538,3750,28944,19862
420558,3726,29039,19863
420578,3704,28950,19864
420598,3700,28947,19865
420618,3675,28938,19866
420638,3731,28880,19867
420658,3716,28861,19868
420678,4535,29033,19869
420698,4511,29017,19870
420718,4521,29010,19871
420738,4513,29062,19872
420758,4530,28985,19873
420778,4550,28968,19874
420798,4508,28953,19875
420818,4538,28963,19876
420838,4538,28810,19877
420858,4529,28814,19878
420878,4535,28968,19879
420898,4514,29001,19880
420918,4495,28975,19881
420938,4503,29061,19882
420958,4540,28909,19883
420978,4527,28916,19884
420998,4523,28860,19885
421018,4538,28815,19886
421038,4558,28898,19887
421058,4518,28833,19888
421078,4514,28697,19889
421098,4516,28608,19890
421118,4564,28649,19891
421138,4547,28623,19892
421158,4524,28775,19893
421178,4947,28733,19894
421198,4954,28830,19895
421218,4943,28920,19896
421238,4926,28882,19897
421258,4939,28897,19898
421278,4944,28793,19899
421298,4951,28733,19900
421318,4928,28647,19901
421338,4969,28664,19902
421358,4941,28650,19903
421378,4954,28814,19904
421398,4960,28797,19905
421418,4953,28818,19906
421438,4956,28770,19907
421458,4936,28856,19908
421478,4952,28811,19909
421498,4924,28862,19910
421518,4939,28802,19911
421538,4932,28842,19912
421558,4957,28846,19913
421578,4962,28845,19914
421598,4976,28841,19915
421618,4953,28699,19916
421638,4952,28645,19917
421658,4935,28656,19918
421678,5367,28668,19919
421698,5369,28576,19920
421718,5371,28542,19921
421738,5358,28564,19922
421758,5363,28685,19923
421778,5355,28621,19924
421798,5396,28702,19925
421818,5391,28659,19926
421838,5362,28683,19927
421858,5376,28681,19928
421878,5394,28706,19929
421898,5346,28681,19930
421918,5419,28684,19931
421938,5377,28730,19932
421958,5378,28705,19933
421978,5363,28642,19934
421998,5381,28654,19935
422018,5341,28666,19936
422038,5359,28731,19937
422058,5361,28653,19938
422078,5358,28686,19939
422098,5356,28654,19940
422118,5352,28612,19941
422138,5363,28746,19942
422158,5352,28780,19943
422178,6275,28716,19944
422198,6346,28674,19945
422218,6333,28687,19946
422238,6389,28655,19947
422258,6349,28729,19948
422278,6317,28795,19949
422298,6350,28664,19950
422318,6318,28688,19951
422338,6330,28634,19952
422358,6300,28673,19953
422378,6312,28657,19954
422398,6316,28566,19955
422418,6347,28571,19956
422438,6326,28554,19957
422458,6332,28640,19958
422478,6313,28673,19959
422498,6317,28512,19960
422518,6344,28559,19961
422538,6349,28555,19962
422558,6341,28518,19963
422578,6337,28515,19964
422598,6329,28551,19965
422618,6382,28499,19966
422638,6367,28609,19967
422658,6300,28537,19968
422678,6741,28482,19969
422698,6808,28377,19970
422718,6795,28469,19971
422738,6806,28518,19972
422758,6829,28476,19973
422778,6771,28453,19974
422798,6841,28462,19975
422818,6826,28556,19976
422838,6805,28527,19977
422858,6850,28477,19978
422878,6877,28415,19979
422898,6836,28531,19980
422918,6805,28561,19981
422938,6828,28575,19982
422958,6784,28553,19983
422978,6833,28529,19984
422998,6815,28531,19985
423018,6823,28590,19986
423038,6827,28462,19987
423058,6846,28421,19988
423078,6841,28433,19989
423098,6811,28374,19990
423118,6831,28441,19991
423138,6819,28460,19992
423158,6827,28414,19993
423178,7214,28389,19994
423198,7293,28466,19995
423218,7284,28447,19996
423238,7292,28414,19997
423258,7329,28376,19998
423278,7311,28368,19999
423298,7313,28477,20000
423318,7300,28434,20001
423338,7339,28373,20002
423358,7353,28394,20003
423378,7313,28466,20004
423398,7293,28341,20005
423418,7301,28247,20006
423438,7271,28225,20007
423458,7322,28173,20008
423478,7338,28216,20009
423498,7340,28327,20010
423518,7341,28378,20011
423538,7313,28173,20012
423558,7303,28102,20013
423578,7327,28082,20014
423598,7296,28183,20015
423618,7330,28074,20016
423638,7340,28290,20017
423658,7371,28340,20018
423678,7750,28329,20019
423698,7837,28525,20020
423718,7837,28347,20021
423738,7780,28331,20022
423758,7828,28358,20023
423778,7840,28444,20024
423798,7820,28362,20025
423818,7825,28377,20026
423838,7806,28375,20027
423858,7841,28232,20028
423878,7833,28349,20029
423898,7814,28349,20030
423918,7833,28356,20031
423938,7858,28441,20032
423958,7830,28334,20033
423978,7851,28347,20034
423998,7826,28275,20035
424018,7837,28220,20036
424038,7815,28294,20037
424058,7834,28347,20038
424078,7797,28371,20039
424098,7769,28289,20040
424118,7845,28407,20041
424138,7816,28296,20042
424158,7803,28392,20043
424178,7823,28202,20044
424198,8977,28350,20045
424218,8948,28296,20046
424238,8930,28287,20047
424258,8935,28271,20048
424278,8910,28313,20049
424298,8930,28300,20050
424318,8901,28288,20051
424338,8937,28258,20052
424358,8947,28217,20053
424378,8923,28298,20054
424398,8951,28219,20055
424418,8955,28213,20056
424438,8942,28185,20057
424458,8934,28144,20058
424478,8949,28162,20059
424498,8955,28168,20060
424518,8957,28123,20061
424538,8935,28260,20062
424558,8911,28246,20063
424578,8925,28246,20064
424598,8913,28200,20065
424618,8935,28274,20066
424638,8921,28286,20067
424658,8945,28311,20068
424678,9357,28212,20069
424698,9482,28187,20070
424718,9509,28197,20071
424738,9475,28291,20072
424758,9509,28242,20073
424778,9485,28215,20074
424798,9461,28179,20075
424818,9474,28086,20076
424838,9468,28137,20077
424858,9476,28103,20078
424878,9486,28176,20079
424898,9496,28148,20080
424918,9498,28245,20081
424938,9499,28078,20082
424958,9498,28159,20083
424978,9491,28097,20084
424998,9490,28066,20085
425018,9472,28031,20086
425038,9500,28002,20087
425058,9485,28136,20088
425078,9444,27941,20089
425098,9463,28077,20090
425118,9410,28067,20091
425138,9480,28093,20092
425158,9462,28143,20093
425178,9923,27963,20094
425198,10033,27997,20095
425218,10019,27987,20096
425238,10098,28008,20097
425258,10076,28000,20098
425278,10055,28027,20099
425298,10057,27985,20100
425318,10030,28093,20101
425338,10068,27999,20102
425358,10068,28039,20103
425378,10021,28038,20104
425398,10015,28044,20105
425418,10046,28110,20106
425438,10039,28080,20107
425458,10061,28028,20108
425478,10064,27996,20109
425498,10073,28035,20110
425518,10054,28122,20111
425538,10096,28137,20112
425558,10076,28078,20113
425578,10047,28080,20114
425598,10060,28095,20115
425618,10081,28067,20116
425638,10059,27980,20117
425658,10042,28087,20118
425678,10979,28100,20119
425698,11287,28156,20120
425718,11266,28208,20121
425738,11248,28052,20122
425758,11270,28035,20123
425778,11264,28059,20124
425798,11270,28099,20125
425818,11242,28082,20126
425838,11305,28102,20127
425858,11292,28122,20128
425878,11317,28114,20129
425898,11264,27978,20130
425918,11275,28082,20131
425938,11257,28010,20132
425958,11309,28044,20133
425978,11262,28116,20134
425998,11280,28099,20135
426018,11289,27911,20136
426038,11203,27937,20137
426058,11325,27987,20138
426078,11224,28035,20139
426098,11270,27976,20140
426118,11294,28085,20141
426138,11324,28019,20142
426158,11266,28082,20143
426178,11720,27973,20144
426198,11891,28043,20145
426218,11870,27857,20146
426238,11867,27926,20147
426258,11893,27947,20148
426278,11954,28056,20149
426298,11899,27805,20150
426318,11881,27717,20151
426338,11911,27957,20152
426358,11932,27907,20153
426378,11904,27865,20154
426398,11881,27822,20155
426418,11901,27883,20156
426438,11923,27862,20157
426458,11878,27906,20158
426478,11904,28016,20159
426498,11869,27816,20160
426518,11856,27809,20161
426538,11898,27870,20162
426558,11875,27913,20163
426578,11888,27914,20164
426598,11875,27826,20165
426618,11852,27918,20166
426638,11866,27891,20167
426658,11895,27813,20168
426678,12363,27824,20169
426698,12545,27701,20170
426718,12553,27692,20171
426738,12552,27619,20172
426758,12588,27654,20173
426778,12551,27650,20174
426798,12524,27681,20175
426818,12544,27737,20176
426838,12568,27706,20177
426858,12522,27690,20178
426878,12514,27700,20179
426898,12513,27842,20180
426918,12524,27763,20181
426938,12594,27738,20182
426958,12588,27702,20183
426978,12529,27510,20184
426998,12551,27651,20185
427018,12591,27739,20186
427038,12553,27921,20187
427058,12529,27877,20188
427078,12511,27859,20189
427098,12567,27878,20190
427118,12534,27770,20191
427138,12540,27852,20192
427158,12537,27790,20193
427178,12940,27827,20194
427198,13183,27807,20195
427218,13157,27863,20196
427238,13152,27960,20197
427258,13188,27844,20198
427278,13202,27808,20199
427298,13167,27790,20200
427318,13203,27801,20201
427338,13209,27755,20202
427358,13190,27803,20203
427378,13181,27662,20204
427398,13175,27557,20205
427418,13172,27655,20206
427438,13188,27713,20207
427458,13198,27782,20208
427478,13155,27717,20209
427498,13158,27773,20210
427518,13175,27718,20211
427538,13179,27730,20212
427558,13193,27735,20213
427578,13197,27732,20214
427598,13200,27730,20215
427618,13197,27760,20216
427638,13183,27767,20217
427658,13206,27757,20218
427678,13961,27752,20219
427698,14516,27816,20220
427718,14508,27767,20221
427738,14523,27810,20222
427758,14530,27614,20223
427778,14523,27665,20224
427798,14519,27775,20225
427818,14525,27819,20226
427838,14529,27699,20227
427858,14556,27705,20228
427878,14566,27652,20229
427898,14522,27669,20230
427918,14541,27747,20231
427938,14522,27624,20232
427958,14534,27741,20233
427978,14522,27719,20234
427998,14549,27699,20235
428018,14531,27611,20236
428038,14547,27622,20237
428058,14550,27582,20238
428078,14546,27616,20239
428098,14544,27656,20240
428118,14556,27691,20241
428138,14542,27670,20242
428158,14537,27719,20243
428178,14891,27760,20244
428198,15212,27712,20245
428218,15181,27662,20246
428238,15210,27618,20247
428258,15183,27656,20248
428278,15191,27733,20249
428298,15209,27744,20250
428318,15186,27739,20251
428338,15192,27696,20252
428358,15200,27708,20253
428378,15212,27721,20254
428398,15220,27617,20255
428418,15208,27630,20256
428438,15176,27547,20257
428458,15198,27555,20258
428478,15191,27639,20259
428498,15198,27628,20260
428518,15209,27621,20261
428538,15209,27587,20262
428558,15204,27633,20263
428578,15228,27521,20264
428598,15212,27497,20265
428618,15228,27483,20266
428638,15235,27404,20267
428658,15202,27520,20268
428678,15529,27574,20269
428698,15886,27542,20270
428718,15883,27597,20271
428738,15884,27512,20272
428758,15889,27611,20273
428778,15862,27575,20274
428798,15856,27590,20275
428818,15856,27582,20276
428838,15890,27661,20277
428858,15898,27688,20278
428878,15895,27523,20279
428898,15908,27477,20280
428918,15933,27494,20281
428938,15887,27499,20282
428958,15844,27539,20283
428978,15901,27576,20284
428998,15867,27592,20285
429018,15879,27601,20286
429038,15866,27636,20287
429058,15883,27693,20288
429078,15881,27484,20289
429098,15900,27551,20290
429118,15866,27618,20291
429138,15865,27694,20292
429158,15875,27686,20293
429178,16519,27600,20294
429198,17344,27558,20295
429218,17328,27546,20296
429238,17298,27585,20297
429258,17317,27632,20298
429278,17312,27586,20299
429298,17303,27654,20300
429318,17233,27637,20301
429338,17277,27680,20302
429358,17298,27676,20303
429378,17317,27575,20304
429398,17286,27566,20305
429418,17292,27605,20306
429438,17271,27624,20307
429458,17321,27568,20308
429478,17333,27571,20309
429498,17323,27547,20310
429518,17320,27433,20311
429538,17297,27628,20312
429558,17283,27555,20313
429578,17297,27604,20314
429598,17268,27582,20315
429618,17337,27565,20316
429638,17321,27569,20317
429658,17336,27576,20318
429678,17290,27472,20319
429698,18045,27533,20320
429718,18012,27556,20321
429738,18011,27603,20322
429758,18012,27513,20323
429778,17983,27489,20324
429798,18024,27494,20325
429818,18006,27348,20326
429838,17997,27384,20327
429858,18004,27429,20328
429878,18028,27510,20329
429898,18018,27559,20330
429918,18019,27528,20331
429938,18019,27511,20332
429958,18027,27511,20333
429978,18005,27483,20334
429998,17977,27549,20335
430018,18000,27468,20336
430038,18004,27370,20337
430058,18019,27466,20338
430078,17985,27468,20339
430098,18025,27555,20340
430118,18006,27534,20341
430138,18012,27497,20342
430158,18033,27390,20343
430178,18313,27339,20344
430198,18782,27287,20345
430218,18794,27280,20346
430238,18785,27269,20347
430258,18750,27204,20348
430278,18782,27275,20349
430298,18742,27369,20350
430318,18791,27270,20351
430338,18772,27342,20352
430358,18763,27443,20353
430378,18803,27399,20354
430398,18787,27453,20355
430418,18770,27513,20356
430438,18792,27394,20357
430458,18754,27314,20358
430478,18763,27225,20359
430498,18767,27211,20360
430518,18792,27375,20361
430538,18782,27411,20362
430558,18794,27404,20363
430578,18764,27272,20364
430598,18772,27475,20365
430618,18799,27500,20366
430638,18781,27489,20367
430658,18823,27527,20368
430678,19056,27469,20369
430698,19517,27400,20370
430718,19522,27323,20371
430738,19534,27499,20372
430758,19510,27454,20373
430778,19526,27480,20374
430798,19518,27553,20375
430818,19517,27475,20376
430838,19506,27482,20377
430858,19458,27520,20378
430878,19464,27410,20379
430898,19531,27377,20380
430918,19527,27457,20381
430938,19496,27533,20382
430958,19535,27477,20383
430978,19509,27483,20384
430998,19537,27446,20385
431018,19540,27433,20386
431038,19521,27461,20387
431058,19502,27538,20388
431078,19526,27449,20389
431098,19521,27460,20390
431118,19496,27347,20391
431138,19492,27411,20392
431158,19517,27424,20393
431178,19982,27423,20394
431198,21028,27422,20395
431218,20997,27478,20396
431238,20974,27472,20397
431258,21024,27519,20398
431278,21022,27428,20399
431298,21027,27387,20400
431318,21022,27409,20401
431338,21039,27405,20402
431358,21019,27387,20403
431378,20992,27242,20404
431398,21005,27241,20405
431418,21006,27337,20406
431438,21008,27368,20407
431458,21040,27372,20408
431478,21040,27407,20409
431498,20996,27410,20410
431518,21012,27344,20411
431538,21001,27345,20412
431558,21016,27376,20413
431578,21009,27464,20414
431598,21034,27410,20415
431618,20997,27414,20416
431638,21023,27471,20417
431658,21027,27293,20418
431678,21232,27378,20419
431698,21743,27411,20420
431718,21750,27401,20421
431738,21756,27517,20422
431758,21756,27422,20423
431778,21773,27382,20424
431798,21788,27389,20425
431818,21763,27334,20426
431838,21794,27436,20427
431858,21789,27485,20428
431878,21749,27403,20429
431898,21792,27381,20430
431918,21758,27313,20431
431938,21770,27401,20432
431958,21752,27258,20433
431978,21776,27304,20434
431998,21786,27223,20435
432018,21796,27328,20436
432038,21758,27258,20437
432058,21776,27309,20438
432078,21784,27350,20439
432098,21786,27323,20440
432118,21720,27335,20441
432138,21773,27268,20442
432158,21761,27187,20443
432178,21963,27166,20444
432198,22508,27327,20445
432218,22495,27317,20446
432238,22531,27233,20447
432258,22546,27258,20448
432278,22529,27238,20449
432298,22503,27350,20450
432318,22556,27445,20451
432338,22554,27376,20452
432358,22490,27251,20453
432378,22531,27223,20454
432398,22519,27309,20455
432418,22539,27271,20456
432438,22500,27193,20457
432458,22517,27199,20458
432478,22540,27239,20459
432498,22505,27387,20460
432518,22535,27375,20461
432538,22465,27366,20462
432558,22532,27374,20463
432578,22508,27398,20464
432598,22490,27380,20465
432618,22513,27379,20466
432638,22570,27316,20467
432658,22524,27380,20468
432678,22694,27368,20469
432698,23327,27473,20470
432718,23316,27400,20471
432738,23342,27316,20472
432758,23328,27380,20473
432778,23308,27393,20474
432798,23323,27364,20475
432818,23293,27357,20476
432838,23334,27303,20477
432858,23333,27456,20478
432878,23314,27430,20479
432898,23316,27410,20480
432918,23323,27337,20481
432938,23344,27291,20482
432958,23337,27400,20483
432978,23318,27392,20484
432998,23309,27472,20485
433018,23308,27381,20486
433038,23330,27386,20487
433058,23263,27416,20488
433078,23302,27400,20489
433098,23328,27326,20490
433118,23339,27290,20491
433138,23309,27323,20492
433158,23305,27405,20493
433178,23583,27495,20494
433198,24886,27465,20495
433218,24856,27350,20496
433238,24848,27397,20497
433258,24870,27368,20498
433278,24848,27388,20499
433298,24874,27344,20500
433318,24910,27323,20501
433338,24892,27387,20502
433358,24884,27426,20503
433378,24855,27403,20504
433398,24860,27420,20505
433418,24864,27372,20506
433438,24868,27364,20507
433458,24886,27304,20508
433478,24889,27385,20509
433498,24892,27408,20510
433518,24843,27399,20511
433538,24876,27442,20512
433558,24847,27341,20513
433578,24843,27342,20514
433598,24880,27323,20515
433618,24870,27333,20516
433638,24880,27418,20517
433658,24909,27392,20518
433678,24996,27483,20519
433698,25626,27336,20520
433718,25673,27363,20521
433738,25623,27323,20522
433758,25623,27346,20523
433778,25632,27363,20524
433798,25644,27291,20525
433818,25628,27425,20526
433838,25640,27254,20527
433858,25652,27251,20528
433878,25630,27246,20529
433898,25663,27241,20530
433918,25649,27332,20531
433938,25648,27306,20532
433958,25678,27292,20533
433978,25622,27292,20534
433998,25662,27277,20535
434018,25677,27367,20536
434038,25667,27367,20537
434058,25653,27339,20538
434078,25623,27299,20539
434098,25657,27290,20540
434118,25648,27274,20541
434138,25643,27314,20542
434158,25631,27341,20543
434178,25720,27276,20544
434198,26427,27242,20545
434218,26438,27247,20546
434238,26396,27200,20547
434258,26415,27209,20548
434278,26416,27098,20549
434298,26414,27203,20550
434318,26432,27124,20551
434338,26443,27116,20552
434358,26403,27212,20553
434378,26434,27153,20554
434398,26402,27240,20555
434418,26404,27293,20556
434438,26405,27258,20557
434458,26422,27257,20558
434478,26418,27021,20559
434498,26470,27081,20560
434518,26448,27112,20561
434538,26418,27043,20562
434558,26430,27168,20563
434578,26419,27103,20564
434598,26429,27239,20565
434618,26406,27244,20566
434638,26440,27285,20567
434658,26401,27365,20568
434678,26526,27240,20569
434698,28071,27368,20570
434718,28028,27352,20571
434738,28064,27322,20572
434758,28025,27290,20573
434778,28043,27337,20574
434798,28057,27356,20575
434818,28038,27335,20576
434838,28027,27294,20577
434858,28040,27381,20578
434878,28010,27263,20579
434898,27970,27339,20580
434918,28038,27235,20581
434938,28061,27260,20582
434958,28026,27290,20583
434978,28067,27276,20584
434998,28033,27304,20585
435018,28053,27221,20586
435038,28076,27263,20587
435058,28038,27250,20588
435078,28054,27263,20589
435098,28030,27245,20590
435118,28022,27191,20591
435138,28069,27202,20592
435158,28030,27267,20593
435178,28031,27285,20594
435198,28837,27361,20595
435218,28886,27216,20596
435238,28907,27175,20597
435258,28844,27277,20598
435278,28876,27351,20599
435298,28847,27261,20600
435318,28881,27206,20601
435338,28838,27212,20602
435358,28799,27320,20603
435378,28816,27197,20604
435398,28876,27195,20605
435418,28881,27069,20606
435438,28860,27153,20607
435458,28884,27192,20608
435478,28858,27227,20609
435498,28881,27211,20610
435518,28863,27134,20611
435538,28794,27129,20612
435558,28829,27228,20613
435578,28858,27304,20614
435598,28824,27231,20615
435618,28829,27260,20616
435638,28869,27374,20617
435658,28863,27354,20618
435678,28804,27342,20619
435698,29663,27211,20620
435718,29681,27277,20621
435738,29661,27226,20622
435758,29663,27356,20623
435778,29659,27317,20624
435798,29656,27384,20625
435818,29672,27284,20626
435838,29635,27273,20627
435858,29674,27241,20628
435878,29691,27390,20629
435898,29695,27180,20630
435918,29657,27288,20631
435938,29629,27332,20632
435958,29633,27358,20633
435978,29649,27306,20634
435998,29693,27209,20635
436018,29717,27297,20636
436038,29670,27398,20637
436058,29625,27159,20638
436078,29659,27336,20639
436098,29679,27127,20640
436118,29635,27322,20641
436138,29703,27214,20642
436158,29679,27324,20643
436178,29617,27249,20644
436198,30495,27213,20645
436218,30473,27234,20646
436238,30453,27229,20647
436258,30435,27066,20648
436278,30424,27123,20649
436298,30422,27095,20650
436318,30434,27241,20651
436338,30413,27340,20652
436358,30443,27302,20653
436378,30477,27313,20654
436398,30468,27291,20655
436418,30459,27187,20656
436438,30441,27204,20657
436458,30431,27193,20658
436478,30467,27121,20659
436498,30384,27102,20660
436518,30446,27110,20661
436538,30449,27066,20662
436558,30403,27042,20663
436578,30467,27197,20664
436598,30422,27148,20665
436618,30435,27145,20666
436638,30422,27303,20667
436658,30433,27355,20668
436678,30452,27275,20669
436698,32088,27280,20670
436718,32130,27208,20671
436738,32085,27331,20672
436758,32088,27382,20673
436778,32092,27260,20674
436798,32088,27254,20675
436818,32104,27266,20676
436838,32092,27322,20677
436858,32070,27252,20678
436878,32037,27195,20679
436898,32035,27143,20680
436918,32060,27104,20681
436938,32067,27343,20682
436958,32064,27396,20683
436978,32029,27288,20684
436998,32082,27349,20685
437018,32104,27357,20686
437038,32103,27435,20687
437058,32073,27358,20688
437078,32066,27272,20689
437098,32057,27248,20690
437118,32048,27206,20691
437138,32069,27260,20692
437158,32068,27149,20693
437178,32048,27114,20694
437198,32881,27293,20695
437218,32892,27207,20696
437238,32871,27398,20697
437258,32893,27344,20698
437278,32836,27428,20699
437298,32841,27336,20700
437318,32874,27308,20701
437338,32884,27351,20702
437358,32858,27361,20703
437378,32900,27374,20704
437398,32900,27384,20705
437418,32874,27435,20706
437438,32855,27423,20707
437458,32889,27401,20708
437478,32907,27367,20709
437498,32869,27326,20710
437518,32899,27361,20711
437538,32884,27444,20712
437558,32852,27295,20713
437578,32881,27444,20714
437598,32840,27377,20715
437618,32876,27439,20716
437638,32847,27468,20717
437658,32854,27440,20718
437678,32902,27531,20719
437698,33685,27416,20720
437718,33706,27491,20721
437738,33704,27444,20722
437758,33669,27437,20723
437778,33670,27420,20724
437798,33703,27433,20725
437818,33663,27441,20726
437838,33635,27385,20727
437858,33680,27436,20728
437878,33655,27461,20729
437898,33674,27358,20730
437918,33687,27472,20731
437938,33695,27421,20732
437958,33643,27482,20733
437978,33646,27359,20734
437998,33670,27414,20735
438018,33660,27381,20736
438038,33674,27343,20737
438058,33684,27432,20738
438078,33695,27410,20739
438098,33700,27468,20740
438118,33622,27538,20741
438138,33681,27406,20742
438158,33669,27495,20743
438178,33675,27425,20744
438198,35304,27422,20745
438218,35307,27463,20746
438238,35295,27439,20747
438258,35284,27330,20748
438278,35299,27363,20749
438298,35276,27379,20750
438318,35331,27468,20751
438338,35292,27515,20752
438358,35270,27542,20753
438378,35307,27441,20754
438398,35312,27406,20755
438418,35297,27333,20756
438438,35283,27409,20757
438458,35293,27359,20758
438478,35321,27405,20759
438498,35319,27495,20760
438518,35276,27380,20761
438538,35280,27435,20762
438558,35287,27385,20763
438578,35311,27352,20764
438598,35305,27334,20765
438618,35303,27187,20766
438638,35298,27308,20767
438658,35283,27350,20768
438678,35273,27279,20769
438698,36076,27351,20770
438718,36103,27463,20771
438738,36073,27482,20772
438758,36099,27613,20773
438778,36076,27445,20774
438798,36088,27400,20775
438818,36094,27468,20776
438838,36072,27569,20777
438858,36068,27588,20778
438878,36056,27381,20779
438898,36069,27424,20780
438918,36102,27480,20781
438938,36071,27511,20782
438958,36080,27386,20783
438978,36089,27261,20784
438998,36076,27284,20785
439018,36121,27482,20786
439038,36084,27569,20787
439058,36096,27490,20788
439078,36094,27573,20789
439098,36065,27600,20790
439118,36061,27556,20791
439138,36099,27591,20792
439158,36090,27440,20793
439178,36069,27435,20794
439198,36896,27440,20795
439218,36876,27433,20796
439238,36905,27366,20797
439258,36911,27294,20798
439278,36895,27400,20799
439298,36905,27498,20800
439318,36909,27477,20801
439338,36863,27553,20802
439358,36920,27471,20803
439378,36892,27545,20804
439398,36892,27422,20805
439418,36871,27513,20806
439438,36904,27354,20807
439458,36877,27361,20808
439478,36884,27472,20809
439498,36903,27512,20810
439518,36869,27500,20811
439538,36857,27467,20812
439558,36910,27486,20813
439578,36847,27548,20814
439598,36945,27495,20815
439618,36897,27415,20816
439638,36901,27492,20817
439658,36891,27499,20818
439678,36930,27615,20819
439698,37715,27574,20820
439718,37725,27611,20821
439738,37705,27548,20822
439758,37686,27498,20823
439778,37727,27624,20824
439798,37704,27553,20825
439818,37742,27557,20826
439838,37703,27540,20827
439858,37716,27600,20828
439878,37725,27583,20829
439898,37742,27639,20830
439918,37725,27583,20831
439938,37670,27636,20832
439958,37697,27634,20833
439978,37736,27622,20834
439998,37702,27681,20835
440018,37694,27647,20836
440038,37701,27618,20837
440058,37735,27620,20838
440078,37728,27612,20839
440098,37755,27662,20840
440118,37700,27593,20841
440138,37727,27661,20842
440158,37660,27654,20843
440178,37682,27584,20844
440198,39347,27640,20845
440218,39337,27633,20846
440238,39356,27616,20847
440258,39315,27676,20848
440278,39353,27605,20849
440298,39310,27626,20850
440318,39362,27613,20851
440338,39304,27444,20852
440358,39305,27617,20853
440378,39291,27372,20854
440398,39324,27625,20855
440418,39314,27617,20856
440438,39328,27628,20857
440458,39343,27618,20858
440478,39338,27542,20859
440498,39339,27467,20860
440518,39340,27443,20861
440538,39324,27566,20862
440558,39352,27602,20863
440578,39337,27648,20864
440598,39288,27672,20865
440618,39331,27752,20866
440638,39329,27774,20867
440658,39322,27782,20868
440678,39298,27665,20869
440698,40100,27731,20870
440718,40050,27715,20871
440738,40102,27690,20872
440758,40139,27513,20873
440778,40089,27569,20874
440798,40111,27585,20875
440818,40127,27608,20876
440838,40105,27589,20877
440858,40045,27515,20878
440878,40116,27448,20879
440898,40104,27553,20880
440918,40083,27563,20881
440938,40089,27615,20882
440958,40095,27667,20883
440978,40106,27750,20884
440998,40064,27770,20885
441018,40055,27746,20886
441038,40045,27689,20887
441058,40095,27643,20888
441078,40112,27763,20889
441098,40089,27573,20890
441118,40100,27637,20891
441138,40118,27476,20892
441158,40109,27491,20893
441178,40111,27584,20894
441198,40872,27669,20895
441218,40845,27814,20896
441238,40849,27735,20897
441258,40853,27807,20898
441278,40871,27897,20899
441298,40844,27760,20900
441318,40863,27833,20901
441338,40831,27875,20902
441358,40869,27825,20903
441378,40892,27781,20904
441398,40875,27729,20905
441418,40882,27726,20906
441438,40896,27645,20907
441458,40870,27666,20908
441478,40848,27634,20909
441498,40829,27685,20910
441518,40856,27831,20911
441538,40877,27810,20912
441558,40865,27793,20913
441578,40882,27856,20914
441598,40870,27893,20915
441618,40868,27860,20916
441638,40873,27876,20917
441658,40853,27777,20918
441678,40861,27876,20919
441698,42448,27830,20920
441718,42458,27900,20921
441738,42445,27834,20922
441758,42464,27856,20923
441778,42453,27785,20924
441798,42440,27788,20925
441818,42414,27749,20926
441838,42422,27708,20927
441858,42438,27805,20928
441878,42437,27885,20929
441898,42428,27846,20930
441918,42423,27854,20931
441938,42418,27850,20932
441958,42427,27807,20933
441978,42401,27888,20934
441998,42434,27943,20935
442018,42416,27942,20936
442038,42438,27912,20937
442058,42455,27970,20938
442078,42438,27979,20939
442098,42450,28023,20940
442118,42436,27937,20941
442138,42434,27944,20942
442158,42452,27934,20943
442178,42468,27875,20944
442198,43252,27965,20945
442218,43260,27871,20946
442238,43283,27894,20947
442258,43240,27930,20948
442278,43248,27881,20949
442298,43258,27824,20950
442318,43259,27797,20951
442338,43233,27852,20952
442358,43192,27817,20953
442378,43260,27876,20954
442398,43258,27912,20955
442418,43210,27874,20956
442438,43278,27825,20957
442458,43253,27860,20958
442478,43252,27822,20959
442498,43233,27921,20960
442518,43206,27954,20961
442538,43240,27922,20962
442558,43225,27834,20963
442578,43226,27827,20964
442598,43219,27848,20965
442618,43246,27837,20966
442638,43223,27967,20967
442658,43249,27939,20968
442678,43265,27950,20969
442698,44004,27879,20970
442718,44009,27981,20971
442738,43985,28105,20972
442758,43980,28017,20973
442778,44015,28096,20974
442798,43971,28051,20975
442818,43976,28032,20976
442838,43967,28044,20977
442858,43951,27979,20978
442878,43987,27816,20979
442898,43985,27660,20980
442918,43995,27906,20981
442938,43999,27836,20982
442958,43990,27905,20983
442978,43973,27862,20984
442998,43996,27785,20985
443018,43973,27955,20986
443038,43957,27872,20987
443058,43986,27900,20988
443078,44002,27963,20989
443098,44006,27805,20990
443118,43946,27936,20991
443138,43976,28031,20992
443158,43998,28077,20993
443178,43970,27990,20994
443198,44749,27995,20995
443218,44750,27916,20996
443238,44769,27813,20997
443258,44721,27911,20998
443278,44744,27868,20999
443298,44768,27912,21000
443318,44730,27993,21001
443338,44750,28069,21002
443358,44715,28076,21003
443378,44727,27735,21004
443398,44758,27839,21005
443418,44790,27897,21006
443438,44705,28138,21007
443458,44706,28128,21008
443478,44714,28133,21009
443498,44726,28088,21010
443518,44740,28151,21011
443538,44717,28100,21012
443558,44733,28043,21013
443578,44725,27966,21014
443598,44730,27982,21015
443618,44732,27999,21016
443638,44745,28027,21017
443658,44694,27927,21018
443678,44744,27927,21019
443698,46248,28063,21020
443718,46257,28151,21021
443738,46212,28074,21022
443758,46242,28132,21023
443778,46204,28235,21024
443798,46232,28207,21025
443818,46184,28132,21026
443838,46236,28198,21027
443858,46244,28195,21028
443878,46253,28204,21029
443898,46248,28248,21030
443918,46245,28180,21031
443938,46222,28136,21032
443958,46287,28177,21033
443978,46237,28145,21034
443998,46222,28170,21035
444018,46249,28153,21036
444038,46196,28230,21037
444058,46230,28221,21038
444078,46181,28227,21039
444098,46190,28213,21040
444118,46251,28264,21041
444138,46239,28300,21042
444158,46263,28255,21043
444178,46255,28299,21044
444198,46912,28262,21045
444218,46983,28378,21046
444238,47033,28219,21047
444258,46947,28236,21048
444278,46972,28239,21049
444298,46955,28266,21050
444318,46970,28260,21051
444338,46955,28255,21052
444358,46962,28311,21053
444378,47052,28266,21054
444398,46963,28293,21055
444418,46963,28284,21056
444438,46993,28278,21057
444458,46924,28296,21058
444478,46931,28339,21059
444498,46961,28346,21060
444518,46995,28291,21061
444538,46973,28325,21062
444558,46957,28255,21063
444578,47006,28344,21064
444598,46999,28291,21065
444618,46974,28435,21066
444638,46954,28389,21067
444658,46918,28277,21068
444678,46925,28288,21069
444698,47711,28311,21070
444718,47718,28329,21071
444738,47726,28392,21072
444758,47697,28297,21073
444778,47726,28300,21074
444798,47768,28288,21075
444818,47751,28291,21076
444838,47713,28489,21077
444858,47704,28330,21078
444878,47762,28463,21079
444898,47760,28357,21080
444918,47747,28274,21081
444938,47743,28244,21082
444958,47705,28345,21083
444978,47737,28198,21084
444998,47707,28346,21085
445018,47688,28245,21086
445038,47746,28247,21087
445058,47777,28222,21088
445078,47750,28208,21089
445098,47748,28288,21090
445118,47717,28267,21091
445138,47741,28389,21092
445158,47718,28373,21093
445178,47681,28284,21094
445198,48402,28491,21095
445218,48425,28403,21096
445238,48407,28475,21097
445258,48435,28341,21098
445278,48451,28420,21099
445298,48448,28199,21100
445318,48395,28289,21101
445338,48464,28248,21102
445358,48441,28364,21103
445378,48411,28331,21104
445398,48425,28464,21105
445418,48403,28463,21106
445438,48371,28665,21107
445458,48395,28507,21108
445478,48447,28504,21109
445498,48494,28505,21110
445518,48471,28697,21111
445538,48448,28616,21112
445558,48457,28569,21113
445578,48432,28544,21114
445598,48477,28561,21115
445618,48429,28498,21116
445638,48467,28457,21117
445658,48424,28511,21118
445678,48421,28339,21119
445698,49895,28324,21120
445718,49870,28382,21121
445738,49862,28486,21122
445758,49835,28525,21123
445778,49846,28579,21124
445798,49839,28582,21125
445818,49848,28672,21126
445838,49878,28564,21127
445858,49838,28532,21128
445878,49869,28492,21129
445898,49872,28545,21130
445918,49869,28640,21131
445938,49840,28618,21132
445958,49864,28698,21133
445978,49877,28548,21134
445998,49909,28587,21135
446018,49858,28553,21136
446038,49837,28595,21137
446058,49874,28503,21138
446078,49870,28491,21139
446098,49877,28541,21140
446118,49812,28560,21141
446138,49827,28566,21142
446158,49807,28586,21143
446178,49853,28563,21144
446198,50514,28720,21145
446218,50480,28629,21146
446238,50522,28752,21147
446258,50525,28737,21148
446278,50540,28730,21149
446298,50534,28711,21150
446318,50544,28780,21151
446338,50537,28736,21152
446358,50548,28720,21153
446378,50519,28761,21154
446398,50458,28678,21155
446418,50525,28675,21156
446438,50503,28603,21157
446458,50520,28729,21158
446478,50574,28666,21159
446498,50564,28649,21160
446518,50561,28719,21161
446538,50563,28611,21162
446558,50561,28673,21163
446578,50548,28713,21164
446598,50534,28627,21165
446618,50501,28644,21166
446638,50528,28691,21167
446658,50537,28625,21168
446678,50519,28709,21169
446698,51043,28739,21170
446718,51262,28638,21171
446738,51220,28727,21172
446758,51276,28652,21173
446778,51202,28611,21174
446798,51256,28599,21175
446818,51277,28638,21176
446838,51213,28719,21177
446858,51219,28725,21178
446878,51207,28809,21179
446898,51228,28838,21180
446918,51178,28716,21181
446938,51196,28659,21182
446958,51151,28639,21183
446978,51261,28805,21184
446998,51232,28837,21185
447018,51243,28886,21186
447038,51203,28999,21187
447058,51226,28922,21188
447078,51228,28865,21189
447098,51245,28922,21190
447118,51225,28915,21191
447138,51210,28964,21192
447158,51214,28890,21193
447178,51224,28844,21194
447198,52541,28523,21195
447218,52541,28666,21196
447238,52539,28679,21197
447258,52571,28696,21198
447278,52595,28756,21199
447298,52576,28691,21200
447318,52541,28642,21201
447338,52496,28629,21202
447358,52537,28787,21203
447378,52568,28610,21204
447398,52543,28614,21205
447418,52587,28581,21206
447438,52565,28883,21207
447458,52544,28878,21208
447478,52537,28715,21209
447498,52542,28811,21210
447518,52545,28926,21211
447538,52555,28949,21212
447558,52574,28917,21213
447578,52570,28752,21214
447598,52568,28942,21215
447618,52566,28980,21216
447638,52557,28961,21217
447658,52519,28828,21218
447678,52546,28862,21219
447698,53133,28924,21220
447718,53206,29054,21221
447738,53150,29030,21222
447758,53188,29069,21223
447778,53116,29151,21224
447798,53141,29100,21225
447818,53278,29110,21226
447838,53219,29146,21227
447858,53194,29013,21228
447878,53195,28936,21229
447898,53259,29037,21230
447918,53162,28936,21231
447938,53205,29002,21232
447958,53172,28930,21233
447978,53146,28806,21234
447998,53179,28817,21235
448018,53205,28882,21236
448038,53198,28878,21237
448058,53179,29076,21238
448078,53193,29053,21239
448098,53194,29115,21240
448118,53218,29209,21241
448138,53177,29104,21242
448158,53185,29031,21243
448178,53230,29099,21244
448198,53939,29232,21245
448218,53828,29165,21246
448238,53836,29174,21247
448258,53878,29115,21248
448278,53849,29154,21249
448298,53835,29216,21250
448318,53856,29215,21251
448338,53835,29195,21252
448358,53837,29123,21253
448378,53814,29108,21254
448398,53861,29156,21255
448418,53835,29243,21256
448438,53833,29153,21257
448458,53845,29153,21258
448478,53848,29227,21259
448498,53801,29312,21260
448518,53861,29254,21261
448538,53862,29246,21262
448558,53887,29220,21263
448578,53839,29364,21264
448598,53864,29283,21265
448618,53839,29280,21266
448638,53829,29269,21267
448658,53777,29345,21268
448678,53813,29376,21269
448698,54456,29231,21270
448718,54489,29324,21271
448738,54478,29213,21272
448758,54474,29263,21273
448778,54470,29332,21274
448798,54464,29265,21275
448818,54444,29276,21276
448838,54447,29237,21277
448858,54446,29297,21278
448878,54440,29304,21279
448898,54450,29407,21280
448918,54467,29272,21281
448938,54468,29312,21282
448958,54436,29385,21283
448978,54460,29511,21284
448998,54442,29342,21285
449018,54450,29351,21286
449038,54455,29328,21287
449058,54448,29429,21288
449078,54482,29425,21289
449098,54446,29415,21290
449118,54456,29435,21291
449138,54452,29461,21292
449158,54436,29429,21293
449178,54454,29552,21294
449198,55694,29499,21295
449218,55693,29463,21296
449238,55704,29505,21297
449258,55709,29611,21298
449278,55684,29526,21299
449298,55667,29476,21300
449318,55667,29481,21301
449338,55645,29496,21302
449358,55646,29410,21303
449378,55648,29329,21304
449398,55707,29435,21305
449418,55678,29351,21306
449438,55723,29438,21307
449458,55701,29439,21308
449478,55702,29410,21309
449498,55676,29404,21310
449518,55663,29274,21311
449538,55677,29180,21312
449558,55635,29190,21313
449578,55708,29251,21314
449598,55696,29285,21315
449618,55689,29390,21316
449638,55696,29365,21317
449658,55691,29434,21318
449678,55693,29457,21319
449698,56268,29463,21320
449718,56266,29306,21321
449738,56249,29536,21322
449758,56219,29552,21323
449778,56229,29525,21324
449798,56214,29552,21325
449818,56249,29521,21326
449838,56285,29462,21327
449858,56243,29358,21328
449878,56303,29401,21329
449898,56241,29396,21330
449918,56278,29552,21331
449938,56263,29481,21332
449958,56243,29480,21333
449978,56237,29481,21334
449998,56220,29535,21335
450018,56237,29413,21336
450038,56211,29416,21337
450058,56269,29427,21338
450078,56246,29572,21339
450098,56296,29558,21340
450118,56244,29564,21341
450138,56266,29678,21342
450158,56236,29590,21343
450178,56228,29576,21344
450198,56765,29670,21345
450218,56826,29659,21346
450238,56808,29780,21347
450258,56789,29674,21348
450278,56821,29641,21349
450298,56828,29560,21350
450318,56809,29515,21351
450338,56796,29562,21352
450358,56793,29513,21353
450378,56780,29710,21354
450398,56816,29692,21355
450418,56765,29744,21356
450438,56769,29731,21357
450458,56836,29670,21358
450478,56806,29723,21359
450498,56773,29752,21360
450518,56796,29756,21361
450538,56790,29836,21362
450558,56800,29774,21363
450578,56804,29805,21364
450598,56817,29830,21365
450618,56847,29871,21366
450638,56801,29751,21367
450658,56822,29759,21368
450678,56826,29880,21369
450698,57912,29814,21370
450718,57881,29789,21371
450738,57924,29822,21372
450758,57911,29763,21373
450778,57915,29817,21374
450798,57896,29846,21375
450818,57915,29780,21376
450838,57886,29735,21377
450858,57895,29779,21378
450878,57886,29802,21379
450898,57887,29847,21380
450918,57862,29796,21381
450938,57888,29821,21382
450958,57923,29761,21383
450978,57906,29873,21384
450998,57929,29893,21385
451018,57898,29837,21386
451038,57903,29861,21387
451058,57881,29957,21388
451078,57910,29969,21389
451098,57880,29964,21390
451118,57893,29972,21391
451138,57902,29894,21392
451158,57933,29895,21393
451178,57906,29953,21394
451198,58408,29959,21395
451218,58403,29962,21396
451238,58412,29951,21397
451258,58420,30063,21398
451278,58408,30037,21399
451298,58430,30083,21400
451318,58433,30097,21401
451338,58368,30102,21402
451358,58404,30032,21403
451378,58382,29931,21404
451398,58405,29896,21405
451418,58430,29898,21406
451438,58426,29941,21407
451458,58410,29871,21408
451478,58448,29928,21409
451498,58437,29821,21410
451518,58413,29973,21411
451538,58381,29996,21412
451558,58390,30004,21413
451578,58419,29998,21414
451598,58415,29913,21415
451618,58434,29825,21416
451638,58414,29833,21417
451658,58395,29879,21418
451678,58416,29865,21419
451698,58913,29918,21420
451718,58898,29808,21421
451738,58878,29905,21422
451758,58879,29912,21423
451778,58870,29944,21424
451798,58876,29909,21425
451818,58890,29972,21426
451838,58901,30167,21427
451858,58934,30066,21428
451878,58938,29917,21429
451898,58949,29810,21430
451918,58923,29973,21431
451938,58918,30117,21432
451958,58932,30189,21433
451978,58897,30214,21434
451998,58932,30187,21435
452018,58894,30142,21436
452038,58896,30127,21437
452058,58903,30150,21438
452078,58915,30127,21439
452098,58926,30087,21440
452118,58873,29959,21441
452138,58881,30026,21442
452158,58915,30002,21443
452178,58890,30015,21444
452198,59083,30037,21445
452218,59402,30105,21446
452238,59410,30132,21447
452258,59384,30339,21448
452278,59403,30290,21449
452298,59414,30224,21450
452318,59410,30250,21451
452338,59371,30150,21452
452358,59412,30126,21453
452378,59372,30158,21454
452398,59408,30235,21455
452418,59409,30122,21456
452438,59423,30303,21457
452458,59387,30224,21458
452478,59417,30244,21459
452498,59438,30353,21460
452518,59391,30467,21461
452538,59424,30441,21462
452558,59389,30314,21463
452578,59440,30440,21464
452598,59375,30417,21465
452618,59407,30427,21466
452638,59410,30382,21467
452658,59390,30436,21468
452678,59418,30422,21469
452698,60352,30542,21470
452718,60341,30553,21471
452738,60352,30536,21472
452758,60322,30496,21473
452778,60346,30403,21474
452798,60391,30418,21475
452818,60371,30475,21476
452838,60371,30357,21477
452858,60351,30390,21478
452878,60353,30412,21479
452898,60370,30518,21480
452918,60388,30475,21481
452938,60354,30416,21482
452958,60345,30467,21483
452978,60371,30464,21484
452998,60353,30516,21485
453018,60341,30494,21486
453038,60335,30370,21487
453058,60374,30427,21488
453078,60397,30395,21489
453098,60365,30478,21490
453118,60355,30566,21491
453138,60367,30425,21492
453158,60351,30427,21493
453178,60372,30575,21494
453198,60762,30614,21495
453218,60754,30575,21496
453238,60763,30504,21497
453258,60786,30526,21498
453278,60712,30474,21499
453298,60772,30540,21500
453318,60791,30588,21501
453338,60757,30582,21502
453358,60819,30658,21503
453378,60807,30604,21504
453398,60769,30702,21505
453418,60787,30603,21506
453438,60777,30620,21507
453458,60775,30660,21508
453478,60765,30604,21509
453498,60720,30697,21510
453518,60777,30634,21511
453538,60784,30634,21512
453558,60769,30765,21513
453578,60768,30612,21514
453598,60821,30635,21515
453618,60812,30655,21516
453638,60794,30584,21517
453658,60787,30644,21518
453678,60747,30619,21519
453698,61190,30598,21520
453718,61195,30608,21521
453738,61214,30634,21522
453758,61171,30725,21523
453778,61195,30693,21524
453798,61202,30771,21525
453818,61219,30648,21526
453838,61209,30706,21527
453858,61214,30728,21528
453878,61192,30646,21529
453898,61213,30729,21530
453918,61202,30646,21531
453938,61188,30687,21532
453958,61183,30722,21533
453978,61199,30688,21534
453998,61189,30815,21535
454018,61198,30697,21536
454038,61195,30629,21537
454058,61179,30637,21538
454078,61186,30766,21539
454098,61209,30794,21540
454118,61197,30849,21541
454138,61192,30862,21542
454158,61244,30912,21543
454178,61187,30882,21544
454198,61957,30849,21545
454218,62053,30811,21546
454238,62036,30796,21547
454258,62033,30772,21548
454278,62012,30785,21549
454298,62006,30617,21550
454318,62027,30773,21551
454338,62008,30755,21552
454358,62012,30658,21553
454378,62060,30758,21554
454398,62029,30722,21555
454418,62034,30659,21556
454438,62073,30768,21557
454458,62021,30741,21558
454478,62024,30994,21559
454498,62029,30935,21560
454518,62018,30977,21561
454538,62064,30961,21562
454558,62048,30849,21563
454578,62058,30980,21564
454598,62042,30897,21565
454618,62056,30928,21566
454638,61974,30775,21567
454658,62013,30757,21568
454678,62025,30728,21569
454698,62340,30901,21570
454718,62385,31029,21571
454738,62367,31119,21572
454758,62346,31059,21573
454778,62382,30954,21574
454798,62385,30999,21575
454818,62377,31140,21576
454838,62409,31135,21577
454858,62417,31093,21578
454878,62415,31119,21579
454898,62394,31047,21580
454918,62369,31016,21581
454938,62338,30885,21582
454958,62406,31011,21583
454978,62355,30931,21584
454998,62377,30842,21585
455018,62431,30888,21586
455038,62419,31011,21587
455058,62373,31060,21588
455078,62420,31056,21589
455098,62349,31116,21590
455118,62367,31180,21591
455138,62407,31188,21592
455158,62395,31123,21593
455178,62390,31056,21594
455198,62725,31110,21595
455218,62752,31235,21596
455238,62752,31255,21597
455258,62697,31215,21598
455278,62712,31147,21599
455298,62774,31211,21600
455318,62731,31009,21601
455338,62733,31229,21602
455358,62671,31250,21603
455378,62750,31075,21604
455398,62725,31134,21605
455418,62705,31091,21606
455438,62691,31085,21607
455458,62732,31151,21608
455478,62731,31341,21609
455498,62733,31298,21610
455518,62781,31297,21611
455538,62687,31342,21612
455558,62735,31371,21613
455578,62726,31303,21614
455598,62719,31413,21615
455618,62714,31320,21616
455638,62724,31307,21617
455658,62723,31396,21618
455678,62719,31359,21619
455698,63010,31475,21620
455718,63121,31394,21621
455738,63046,31397,21622
455758,63068,31362,21623
455778,63027,31248,21624
455798,63099,31338,21625
455818,63010,31316,21626
455838,63105,31488,21627
455858,63101,31429,21628
455878,63063,31314,21629
455898,63071,31418,21630
455918,63083,31331,21631
455938,63108,31343,21632
455958,63106,31428,21633
455978,63051,31480,21634
455998,63056,31378,21635
456018,63058,31312,21636
456038,63076,31343,21637
456058,63096,31339,21638
456078,63091,31341,21639
456098,63060,31224,21640
456118,63050,31299,21641
456138,63066,31408,21642
456158,63084,31455,21643
456178,63066,31356,21644
456198,63622,31445,21645
456218,63665,31369,21646
456238,63713,31204,21647
456258,63696,31199,21648
456278,63698,31281,21649
456298,63700,31537,21650
456318,63702,31443,21651
456338,63736,31676,21652
456358,63628,31505,21653
456378,63782,31626,21654
456398,63712,31629,21655
456418,63669,31606,21656
456438,63723,31599,21657
456458,63682,31601,21658
456478,63627,31525,21659
456498,63681,31334,21660
456518,63664,31476,21661
456538,63676,31479,21662
456558,63720,31392,21663
456578,63728,31381,21664
456598,63642,31311,21665
456618,63775,31379,21666
456638,63689,31575,21667
456658,63743,31548,21668
456678,63698,31485,21669
456698,63946,31621,21670
456718,64018,31673,21671
456738,63978,31667,21672
456758,63972,31580,21673
456778,63983,31599,21674
456798,63967,31550,21675
456818,63964,31652,21676
456838,63965,31604,21677
456858,63963,31599,21678
456878,63940,31665,21679
456898,63943,31663,21680
456918,63998,31757,21681
456938,64006,31778,21682
456958,63996,31814,21683
456978,64007,31798,21684
456998,63981,31849,21685
457018,64017,31847,21686
457038,64048,31852,21687
457058,63962,31876,21688
457078,63962,31708,21689
457098,63973,31787,21690
457118,63915,31811,21691
457138,63940,31640,21692
457158,63977,31779,21693
457178,63960,31665,21694
457198,64141,31551,21695
457218,64259,31781,21696
457238,64228,31746,21697
457258,64203,31837,21698
457278,64212,31927,21699
457298,64177,31824,21700
457318,64276,31745,21701
457338,64293,31867,21702
457358,64272,31840,21703
457378,64256,31839,21704
457398,64209,31964,21705
457418,64241,31732,21706
457438,64164,31889,21707
457458,64164,31760,21708
457478,64196,31814,21709
457498,64247,31964,21710
457518,64190,31877,21711
457538,64219,31844,21712
457558,64225,31810,21713
457578,64178,31978,21714
457598,64214,31944,21715
457618,64232,31917,21716
457638,64241,31876,21717
457658,64200,31886,21718
457678,64210,31943,21719
457698,64248,32027,21720
457718,64534,32058,21721
457738,64430,31961,21722
457758,64490,31977,21723
457778,64486,32102,21724
457798,64397,32047,21725
457818,64491,31992,21726
457838,64448,32036,21727
457858,64468,31978,21728
457878,64482,32060,21729
457898,64414,32082,21730
457918,64499,32016,21731
457938,64462,31973,21732
457958,64411,31956,21733
457978,64438,32028,21734
457998,64381,31985,21735
458018,64431,31914,21736
458038,64487,31947,21737
458058,64459,31940,21738
458078,64506,32085,21739
458098,64458,31943,21740
458118,64399,31998,21741
458138,64459,32012,21742
458158,64428,32149,21743
458178,64443,32141,21744
458198,64675,32170,21745
458218,64873,32073,21746
458238,64872,32079,21747
458258,64855,32117,21748
458278,64852,32194,21749
458298,64874,32047,21750
458318,64928,31991,21751
458338,64907,32043,21752
458358,64849,32116,21753
458378,64862,32071,21754
458398,64845,32027,21755
458418,64909,32139,21756
458438,64832,32073,21757
458458,64857,32055,21758
458478,64873,32103,21759
458498,64910,32084,21760
458518,64898,32239,21761
458538,64887,32146,21762
458558,64964,32055,21763
458578,64880,32173,21764
458598,64853,32096,21765
458618,64848,32186,21766
458638,64807,32097,21767
458658,64858,32078,21768
458678,64832,32106,21769
458698,64974,32056,21770
458718,64998,32232,21771
458738,64996,31963,21772
458758,65070,32243,21773
458778,65043,32157,21774
458798,65011,32194,21775
458818,65032,32331,21776
458838,64958,32372,21777
458858,65033,32383,21778
458878,64969,32253,21779
458898,65093,32310,21780
458918,65055,32251,21781
458938,65043,32184,21782
458958,65035,32231,21783
458978,65021,32220,21784
458998,65030,32318,21785
459018,65040,32442,21786
459038,65087,32443,21787
459058,65021,32357,21788
459078,65018,32327,21789
459098,64991,32448,21790
459118,65007,32290,21791
459138,65046,32516,21792
459158,65005,32528,21793
459178,65072,32500,21794
459198,65005,32522,21795
459218,65164,32406,21796
459238,65170,32274,21797
459258,65165,32321,21798
459278,65103,32237,21799
459298,65116,32188,21800
459318,65134,32215,21801
459338,65188,32371,21802
459358,65167,32345,21803
459378,65156,32352,21804
459398,65153,32450,21805
459418,65206,32387,21806
459438,65151,32480,21807
459458,65137,32415,21808
459478,65170,32437,21809
459498,65131,32543,21810
459518,65070,32462,21811
459538,65107,32543,21812
459558,65183,32430,21813
459578,65230,32490,21814
459598,65134,32545,21815
459618,65151,32499,21816
459638,65125,32424,21817
459658,65164,32410,21818
459678,65232,32539,21819
459698,65078,32547,21820
459718,65158,32586,21821
459738,65096,32574,21822
459758,65144,32697,21823
459778,65081,32713,21824
459798,65084,32721,21825
459818,65211,32720,21826
459838,65189,32719,21827
459858,65107,32638,21828
459878,65156,32642,21829
459898,65191,32716,21830
459918,65145,32697,21831
459938,65077,32780,21832
459958,65142,32617,21833
459978,65140,32681,21834
459998,65153,32678,21835
460018,65145,32659,21836
460038,65162,32587,21837
460058,65177,32604,21838
460078,65172,32615,21839
460098,65116,32699,21840
460118,65142,32685,21841
460138,65150,32631,21842
460158,65178,32629,21843
460178,65159,32781,21844
460198,65196,32685,21845
460218,65152,32733,21846
460238,65175,32691,21847
460258,65105,32740,21848
460278,65111,32802,21849
460298,65049,32693,21850
460318,65178,32656,21851
460338,65130,32707,21852
460358,65127,32726,21853
460378,65169,32646,21854
460398,65162,32667,21855
460418,65115,32652,21856
460438,65137,32704,21857
460458,65204,32694,21858
460478,65183,32769,21859
460498,65135,32796,21860
460518,65113,32739,21861
460538,65155,32661,21862
460558,65134,32634,21863
460578,65137,32614,21864
460598,65135,32822,21865
460618,65135,32883,21866
460638,65120,32941,21867
460658,65136,32934,21868
460678,65152,32920,21869
460698,65164,32829,21870
460718,65148,32961,21871
460738,65151,32967,21872
460758,65139,32880,21873
460778,65139,32882,21874
460798,65122,32756,21875
460818,65113,32789,21876
460838,65186,32821,21877
460858,65153,32895,21878
460878,65146,32734,21879
460898,65115,32717,21880
460918,65119,32733,21881
460938,65124,32829,21882
460958,65162,32929,21883
460978,65114,32815,21884
460998,65150,32812,21885
461018,65142,32915,21886
461038,65066,32982,21887
461058,65135,33080,21888
461078,65158,33026,21889
461098,65128,32969,21890
461118,65168,32886,21891
461138,65130,32774,21892
461158,65180,32820,21893
461178,65129,32847,21894
461198,65163,32884,21895
461218,65132,33003,21896
461238,65130,33072,21897
461258,65137,33099,21898
461278,65110,33018,21899
461298,65168,33036,21900
461318,65160,33019,21901
461338,65124,33159,21902
461358,65126,33086,21903
461378,65148,33096,21904
461398,65149,33125,21905
461418,65171,33199,21906
461438,65105,33155,21907
461458,65174,32981,21908
461478,65145,33011,21909
461498,65138,33028,21910
461518,65113,32976,21911
461538,65096,32836,21912
461558,65118,32940,21913
461578,65133,33054,21914
461598,65130,33062,21915
461618,65183,33098,21916
461638,65128,33181,21917
461658,65130,33085,21918
461678,65154,33171,21919
461698,65155,33244,21920
461718,65152,33220,21921
461738,65164,33184,21922
461758,65160,33183,21923
461778,65155,33200,21924
461798,65153,33232,21925
461818,65142,33174,21926
461838,65123,33167,21927
461858,65128,33117,21928
461878,65172,33150,21929
461898,65125,33218,21930
461918,65137,33198,21931
461938,65165,33283,21932
461958,65131,33329,21933
461978,65146,33290,21934
461998,65186,33240,21935
462018,65148,33341,21936
462038,65150,33339,21937
462058,65148,33361,21938
462078,65072,33377,21939
462098,65147,33374,21940
462118,65134,33379,21941
462138,65130,33301,21942
462158,65108,33330,21943
462178,65140,33422,21944
462198,65127,33405,21945
462218,65123,33317,21946
462238,65123,33282,21947
462258,65135,33345,21948
462278,65123,33444,21949
462298,65123,33345,21950
462318,65134,33328,21951
462338,65139,33286,21952
462358,65141,33341,21953
462378,65159,33406,21954
462398,65115,33261,21955
462418,65144,33350,21956
462438,65161,33364,21957
462458,65145,33392,21958
462478,65143,33408,21959
462498,65130,33511,21960
462518,65135,33465,21961
462538,65123,33461,21962
462558,65138,33440,21963
462578,65128,33452,21964
462598,65131,33440,21965
462618,65136,33507,21966
462638,65152,33273,21967
462658,65147,33469,21968
462678,65133,33417,21969
462698,65162,33474,21970
462718,65160,33505,21971
462738,65154,33484,21972
462758,65153,33477,21973
462778,65165,33341,21974
462798,65140,33416,21975
462818,65147,33579,21976
462838,65148,33529,21977
462858,65141,33631,21978
462878,65127,33606,21979
462898,65161,33617,21980
462918,65132,33601,21981
462938,65118,33620,21982
462958,65141,33621,21983
462978,65139,33590,21984
462998,65164,33620,21985
463018,65184,33610,21986
463038,65150,33646,21987
463058,65152,33744,21988
463078,65156,33681,21989
463098,65106,33689,21990
463118,65150,33631,21991
463138,65104,33644,21992
463158,65140,33659,21993
463178,65143,33676,21994
463198,65152,33680,21995
463218,65126,33762,21996
463238,65145,33775,21997
463258,65167,33709,21998
463278,65131,33720,21999
463298,65143,33649,22000
463318,65179,33626,22001
463338,65144,33759,22002
463358,65103,33568,22003
463378,65116,33487,22004
463398,65179,33567,22005
463418,65122,33599,22006
463438,65190,33704,22007
463458,65165,33729,22008
463478,65142,33682,22009
463498,65117,33715,22010
463518,65132,33692,22011
463538,65113,33654,22012
463558,65134,33560,22013
463578,65123,33599,22014
463598,65140,33675,22015
463618,65128,33770,22016
463638,65169,33817,22017
463658,65141,33901,22018
463678,65152,33824,22019
463698,65130,33798,22020
463718,65142,33893,22021
463738,65118,33863,22022
463758,65102,33806,22023
463778,65108,33774,22024
463798,65159,33840,22025
463818,65145,33839,22026
463838,65135,33794,22027
463858,65146,33661,22028
463878,65145,33729,22029
463898,65151,33734,22030
463918,65143,33820,22031
463938,65135,33703,22032
463958,65134,33803,22033
463978,65123,33808,22034
463998,65159,33838,22035
464018,65156,33930,22036
464038,65164,33870,22037
464058,65138,33847,22038
464078,65155,33878,22039
464098,65144,33854,22040
464118,65157,33977,22041
464138,65166,33905,22042
464158,65131,33936,22043
464178,65115,33957,22044
464198,65097,33962,22045
464218,65134,33947,22046
464238,65144,33963,22047
464258,65145,33931,22048
464278,65140,33920,22049
464298,65124,33935,22050
464318,65134,34020,22051
464338,65133,33947,22052
464358,65151,33940,22053
464378,65149,34020,22054
464398,65161,34021,22055
464418,65158,34114,22056
464438,65124,34022,22057
464458,65119,34048,22058
464478,65127,34047,22059
464498,65125,34094,22060
464518,65125,34140,22061
464538,65136,34019,22062
464558,65147,34202,22063
464578,65134,34165,22064
464598,65116,34216,22065
464618,65136,34246,22066
464638,65157,34039,22067
464658,65166,34112,22068
464678,65150,34184,22069
464698,65175,34235,22070
464718,65192,34171,22071
464738,65151,34151,22072
464758,65162,34179,22073
464778,65150,34176,22074
464798,65114,34186,22075
464818,65146,34147,22076
464838,65130,34178,22077
464858,65138,34221,22078
464878,65155,34272,22079
464898,65162,34176,22080
464918,65133,34171,22081
464938,65149,34162,22082
464958,65151,34211,22083
464978,65154,34234,22084
464998,65183,34326,22085
465018,65158,34257,22086
465038,65152,34233,22087
465058,65160,34267,22088
465078,65095,34275,22089
465098,65214,34283,22090
465118,65122,34249,22091
465138,65132,34356,22092
465158,65175,34362,22093
465178,65134,34391,22094
465198,65147,34306,22095
465218,65138,34319,22096
465238,65151,34267,22097
465258,65111,34275,22098
465278,65106,34285,22099
465298,65132,34311,22100
465318,65134,34141,22101
465338,65154,34320,22102
465358,65137,34264,22103
465378,65153,34339,22104
465398,65156,34312,22105
465418,65175,34250,22106
465438,65173,34309,22107
465458,65179,34299,22108
465478,65145,34322,22109
465498,65132,34245,22110
465518,65189,34390,22111
465538,65130,34429,22112
465558,65152,34420,22113
465578,65138,34415,22114
465598,65132,34425,22115
465618,65137,34393,22116
465638,65150,34384,22117
465658,65152,34322,22118
465678,65144,34217,22119
465698,65188,34254,22120
465718,65191,34270,22121
465738,65050,34285,22122
465758,65015,34203,22123
465778,65015,34180,22124
465798,65029,34312,22125
465818,65048,34345,22126
465838,65036,34395,22127
465858,65013,34386,22128
465878,65014,34382,22129
465898,65041,34458,22130
465918,65064,34517,22131
465938,65055,34451,22132
465958,65069,34385,22133
465978,65032,34264,22134
465998,65041,34253,22135
466018,65027,34441,22136
466038,65063,34478,22137
466058,65023,34508,22138
466078,65009,34502,22139
466098,65050,34526,22140
466118,65025,34619,22141
466138,65005,34634,22142
466158,65035,34632,22143
466178,65039,34570,22144
466198,65027,34565,22145
466218,64896,34544,22146
466238,64880,34587,22147
466258,64923,34577,22148
466278,64853,34641,22149
466298,64867,34678,22150
466318,64924,34734,22151
466338,64893,34626,22152
466358,64922,34648,22153
466378,64871,34544,22154
466398,64865,34577,22155
466418,64847,34720,22156
466438,64896,34709,22157
466458,64834,34704,22158
466478,64873,34696,22159
466498,64873,34654,22160
466518,64873,34709,22161
466538,64873,34549,22162
466558,64881,34660,22163
466578,64876,34656,22164
466598,64861,34789,22165
466618,64876,34699,22166
466638,64880,34736,22167
466658,64881,34705,22168
466678,64881,34744,22169
466698,64849,34731,22170
466718,64448,34668,22171
466738,64453,34766,22172
466758,64461,34729,22173
466778,64483,34779,22174
466798,64438,34813,22175
466818,64443,34821,22176
466838,64420,34801,22177
466858,64480,34783,22178
466878,64483,34747,22179
466898,64463,34761,22180
466918,64492,34747,22181
466938,64471,34817,22182
466958,64469,34776,22183
466978,64498,34818,22184
466998,64463,34878,22185
467018,64485,34750,22186
467038,64454,34622,22187
467058,64493,34769,22188
467078,64471,34864,22189
467098,64440,34843,22190
467118,64490,34842,22191
467138,64398,34829,22192
467158,64482,34863,22193
467178,64472,34883,22194
467198,64439,34857,22195
467218,64268,34775,22196
467238,64232,34919,22197
467258,64237,34928,22198
467278,64258,34875,22199
467298,64232,34959,22200
467318,64270,34954,22201
467338,64263,34946,22202
467358,64236,34915,22203
467378,64221,34775,22204
467398,64267,34781,22205
467418,64219,34804,22206
467438,64241,34874,22207
467458,64247,34806,22208
467478,64235,34954,22209
467498,64269,34928,22210
467518,64182,34911,22211
467538,64222,34992,22212
467558,64238,34843,22213
467578,64245,34917,22214
467598,64245,34908,22215
467618,64272,35017,22216
467638,64215,34918,22217
467658,64183,34923,22218
467678,64275,34899,22219
467698,64179,34950,22220
467718,64009,34900,22221
467738,64002,34951,22222
467758,63987,34996,22223
467778,64043,35024,22224
467798,63979,34971,22225
467818,64016,34963,22226
467838,63978,34952,22227
467858,64013,35014,22228
467878,63919,34913,22229
467898,63995,34997,22230
467918,63940,35075,22231
467938,63973,35034,22232
467958,63979,35021,22233
467978,63941,34933,22234
467998,63954,35001,22235
468018,63985,35118,22236
468038,63941,35130,22237
468058,63959,35141,22238
468078,63952,35193,22239
468098,64048,35016,22240
468118,63993,35079,22241
468138,64053,35199,22242
468158,64019,35253,22243
468178,63968,35311,22244
468198,64031,35254,22245
468218,63724,35235,22246
468238,63683,35214,22247
468258,63737,35180,22248
468278,63668,35239,22249
468298,63644,35181,22250
468318,63710,35286,22251
468338,63713,35353,22252
468358,63716,35410,22253
468378,63705,35263,22254
468398,63708,35247,22255
468418,63747,35363,22256
468438,63747,35201,22257
468458,63715,35270,22258
468478,63751,35319,22259
468498,63658,35226,22260
468518,63737,35297,22261
468538,63675,35384,22262
468558,63656,35232,22263
468578,63746,35271,22264
468598,63744,35259,22265
468618,63749,35278,22266
468638,63730,35210,22267
468658,63647,35175,22268
468678,63744,35293,22269
468698,63715,35358,22270
468718,63036,35351,22271
468738,63067,35343,22272
468758,63089,35365,22273
468778,63048,35253,22274
468798,63061,35280,22275
468818,63095,35420,22276
468838,63086,35218,22277
468858,63045,35147,22278
468878,63078,35270,22279
468898,63094,35324,22280
468918,63048,35331,22281
468938,63051,35278,22282
468958,63057,35357,22283
468978,63035,35333,22284
468998,63059,35385,22285
469018,63015,35239,22286
469038,63105,35315,22287
469058,63063,35404,22288
469078,63079,35452,22289
469098,63023,35419,22290
469118,63026,35402,22291
469138,63043,35410,22292
469158,63089,35482,22293
469178,63049,35394,22294
469198,63071,35201,22295
469218,62793,35388,22296
469238,62676,35342,22297
469258,62771,35161,22298
469278,62744,35256,22299
469298,62778,35171,22300
469318,62733,35264,22301
469338,62699,35235,22302
469358,62773,35265,22303
469378,62705,35367,22304
469398,62755,35472,22305
469418,62738,35452,22306
469438,62746,35372,22307
469458,62709,35341,22308
469478,62727,35409,22309
469498,62740,35598,22310
469518,62755,35496,22311
469538,62777,35628,22312
469558,62725,35572,22313
469578,62745,35431,22314
469598,62752,35251,22315
469618,62747,35346,22316
469638,62766,35379,22317
469658,62756,35528,22318
469678,62716,35701,22319
469698,62703,35472,22320
469718,62418,35625,22321
469738,62354,35625,22322
469758,62392,35631,22323
469778,62389,35642,22324
469798,62393,35630,22325
469818,62399,35481,22326
469838,62379,35567,22327
469858,62395,35647,22328
469878,62368,35684,22329
469898,62363,35625,22330
469918,62374,35725,22331
469938,62396,35641,22332
469958,62416,35692,22333
469978,62398,35638,22334
469998,62395,35579,22335
470018,62413,35676,22336
470038,62434,35576,22337
470058,62351,35778,22338
470078,62421,35760,22339
470098,62380,35711,22340
470118,62408,35727,22341
470138,62404,35662,22342
470158,62403,35674,22343
470178,62350,35688,22344
470198,62386,35677,22345
470218,62018,35763,22346
470238,62046,35764,22347
470258,62047,35691,22348
470278,62031,35795,22349
470298,62077,35751,22350
470318,62015,35729,22351
470338,62047,35699,22352
470358,62019,35728,22353
470378,62016,35727,22354
470398,62013,35797,22355
470418,62023,35861,22356
470438,62033,35831,22357
470458,62062,35757,22358
470478,62057,35768,22359
470498,62000,35753,22360
470518,62036,35696,22361
470538,62027,35697,22362
470558,61997,35633,22363
470578,62016,35759,22364
470598,62023,35896,22365
470618,61971,35854,22366
470638,62037,35854,22367
470658,62042,35805,22368
470678,62033,35826,22369
470698,62032,35731,22370
470718,61203,35831,22371
470738,61181,35993,22372
470758,61199,35847,22373
470778,61195,35926,22374
470798,61207,35961,22375
470818,61178,35892,22376
470838,61183,35857,22377
470858,61195,35877,22378
470878,61200,35744,22379
470898,61226,35890,22380
470918,61249,35817,22381
470938,61206,35864,22382
470958,61187,35830,22383
470978,61223,35930,22384
470998,61200,35920,22385
471018,61183,35855,22386
471038,61212,35883,22387
471058,61195,35781,22388
471078,61193,35818,22389
471098,61172,35924,22390
471118,61227,35859,22391
471138,61199,35989,22392
471158,61204,35869,22393
471178,61218,35941,22394
471198,61211,35994,22395
471218,60771,35890,22396
471238,60792,35886,22397
471258,60829,36020,22398
471278,60754,35995,22399
471298,60751,35956,22400
471318,60765,35920,22401
471338,60760,35858,22402
471358,60798,35827,22403
471378,60790,35829,22404
471398,60796,35880,22405
471418,60762,35974,22406
471438,60781,36032,22407
471458,60771,36002,22408
471478,60773,36072,22409
471498,60807,36021,22410
471518,60780,36018,22411
471538,60785,35891,22412
471558,60772,36010,22413
471578,60772,36033,22414
471598,60761,35992,22415
471618,60729,36003,22416
471638,60774,35973,22417
471658,60770,35966,22418
471678,60779,36049,22419
471698,60811,36025,22420
471718,60371,36056,22421
471738,60346,36107,22422
471758,60331,36125,22423
471778,60364,36100,22424
471798,60356,36132,22425
471818,60365,36153,22426
471838,60355,36183,22427
471858,60340,36117,22428
471878,60355,36134,22429
471898,60378,36118,22430
471918,60343,36111,22431
471938,60324,36134,22432
471958,60353,36219,22433
471978,60402,36198,22434
471998,60349,36211,22435
472018,60347,36201,22436
472038,60331,36136,22437
472058,60342,36192,22438
472078,60361,36188,22439
472098,60361,36178,22440
472118,60342,36161,22441
472138,60325,36240,22442
472158,60317,36287,22443
472178,60359,36192,22444
472198,60373,36178,22445
472218,59375,36184,22446
472238,59430,36136,22447
472258,59399,36209,22448
472278,59421,36215,22449
472298,59421,36172,22450
472318,59383,36225,22451
472338,59424,36053,22452
472358,59439,36151,22453
472378,59422,36151,22454
472398,59438,36222,22455
472418,59387,36172,22456
472438,59424,36206,22457
472458,59415,36214,22458
472478,59413,36112,22459
472498,59390,36230,22460
472518,59422,36176,22461
472538,59387,36365,22462
472558,59394,36259,22463
472578,59403,36236,22464
472598,59417,36265,22465
472618,59448,36230,22466
472638,59433,36294,22467
472658,59439,36281,22468
472678,59411,36162,22469
472698,59425,36117,22470
472718,58868,36104,22471
472738,58903,36181,22472
472758,58909,36151,22473
472778,58893,36074,22474
472798,58891,36101,22475
472818,58918,36018,22476
472838,58970,36123,22477
472858,58901,36030,22478
472878,58919,36214,22479
472898,58926,36286,22480
472918,58941,36326,22481
472938,58931,36334,22482
472958,58925,36200,22483
472978,58929,36232,22484
472998,58915,36332,22485
473018,58902,36367,22486
473038,58919,36378,22487
473058,58924,36330,22488
473078,58893,36401,22489
473098,58929,36305,22490
473118,59009,36265,22491
473138,58935,36168,22492
473158,58890,36174,22493
473178,58927,36263,22494
473198,58939,36393,22495
473218,58426,36434,22496
473238,58403,36454,22497
473258,58417,36362,22498
473278,58415,36437,22499
473298,58401,36342,22500
473318,58391,36377,22501
473338,58411,36404,22502
473358,58423,36426,22503
473378,58397,36425,22504
473398,58384,36505,22505
473418,58395,36515,22506
473438,58386,36467,22507
473458,58413,36467,22508
473478,58431,36469,22509
473498,58425,36378,22510
473518,58447,36453,22511
473538,58458,36476,22512
473558,58386,36501,22513
473578,58430,36566,22514
473598,58407,36480,22515
473618,58422,36522,22516
473638,58416,36480,22517
473658,58429,36478,22518
473678,58394,36586,22519
473698,58399,36545,22520
473718,57900,36539,22521
473738,57912,36593,22522
473758,57907,36481,22523
473778,57848,36499,22524
473798,57906,36543,22525
473818,57953,36524,22526
473838,57927,36539,22527
473858,57933,36562,22528
473878,57895,36547,22529
473898,57908,36495,22530
473918,57904,36491,22531
473938,57890,36469,22532
473958,57886,36552,22533
473978,57903,36561,22534
473998,57930,36609,22535
474018,57919,36540,22536
474038,57947,36497,22537
474058,57916,36428,22538
474078,57883,36489,22539
474098,57929,36520,22540
474118,57882,36528,22541
474138,57930,36617,22542
474158,57900,36647,22543
474178,57901,36554,22544
474198,57916,36618,22545
474218,56779,36532,22546
474238,56794,36527,22547
474258,56810,36587,22548
474278,56856,36625,22549
474298,56835,36636,22550
474318,56789,36678,22551
474338,56801,36616,22552
474358,56786,36660,22553
474378,56793,36525,22554
474398,56808,36593,22555
474418,56802,36549,22556
474438,56835,36676,22557
474458,56802,36638,22558
474478,56806,36621,22559
474498,56837,36554,22560
474518,56792,36578,22561
474538,56785,36540,22562
474558,56798,36628,22563
474578,56784,36532,22564
474598,56796,36604,22565
474618,56817,36605,22566
474638,56821,36640,22567
474658,56809,36669,22568
474678,56798,36670,22569
474698,56779,36570,22570
474718,56227,36612,22571
474738,56231,36561,22572
474758,56247,36694,22573
474778,56260,36661,22574
474798,56259,36710,22575
474818,56237,36583,22576
474838,56271,36771,22577
474858,56243,36690,22578
474878,56266,36719,22579
474898,56252,36617,22580
474918,56215,36769,22581
474938,56232,36768,22582
474958,56253,36684,22583
474978,56222,36677,22584
474998,56263,36628,22585
475018,56263,36678,22586
475038,56254,36791,22587
475058,56260,36698,22588
475078,56223,36721,22589
475098,56322,36720,22590
475118,56228,36847,22591
475138,56228,36847,22592
475158,56254,36660,22593
475178,56245,36804,22594
475198,56255,36792,22595
475218,55689,36831,22596
475238,55664,36732,22597
475258,55655,36808,22598
475278,55649,36844,22599
475298,55688,36752,22600
475318,55674,36874,22601
475338,55698,36822,22602
475358,55701,36806,22603
475378,55711,36687,22604
475398,55710,36656,22605
475418,55668,36663,22606
475438,55692,36823,22607
475458,55711,36748,22608
475478,55667,36777,22609
475498,55653,36791,22610
475518,55675,36870,22611
475538,55677,36856,22612
475558,55678,36799,22613
475578,55652,36870,22614
475598,55683,36893,22615
475618,55739,36971,22616
475638,55664,36885,22617
475658,55728,36902,22618
475678,55715,36929,22619
475698,55661,36907,22620
475718,54502,36830,22621
475738,54479,36920,22622
475758,54416,36947,22623
475778,54435,36885,22624
475798,54460,36846,22625
475818,54494,36982,22626
475838,54437,36925,22627
475858,54473,37054,22628
475878,54525,36884,22629
475898,54435,37002,22630
475918,54449,36927,22631
475938,54435,36968,22632
475958,54441,36900,22633
475978,54461,37017,22634
475998,54442,37046,22635
476018,54481,36888,22636
476038,54434,36905,22637
476058,54467,37001,22638
476078,54465,36927,22639
476098,54378,36950,22640
476118,54436,36925,22641
476138,54427,36972,22642
476158,54466,37042,22643
476178,54407,36991,22644
476198,54495,36943,22645
476218,53861,36918,22646
476238,53854,36830,22647
476258,53803,36912,22648
476278,53852,36964,22649
476298,53836,36989,22650
476318,53797,36897,22651
476338,53815,36871,22652
476358,53815,36920,22653
476378,53874,37059,22654
476398,53870,36866,22655
476418,53845,36889,22656
476438,53801,36904,22657
476458,53781,36938,22658
476478,53833,36974,22659
476498,53765,37106,22660
476518,53867,36985,22661
476538,53842,37046,22662
476558,53847,37059,22663
476578,53797,37081,22664
476598,53838,36978,22665
476618,53822,36936,22666
476638,53823,37030,22667
476658,53811,36964,22668
476678,53841,36876,22669
476698,53778,36849,22670
476718,53171,36780,22671
476738,53200,36910,22672
476758,53189,36805,22673
476778,53201,36699,22674
476798,53228,36752,22675
476818,53154,36814,22676
476838,53194,36965,22677
476858,53068,36853,22678
476878,53208,36837,22679
476898,53170,36868,22680
476918,53231,36799,22681
476938,53181,36881,22682
476958,53192,36880,22683
476978,53150,36866,22684
476998,53123,36787,22685
477018,53181,36747,22686
477038,53162,36793,22687
477058,53128,36781,22688
477078,53178,36613,22689
477098,53185,36534,22690
477118,53177,36658,22691
477138,53192,36714,22692
477158,53178,36862,22693
477178,53170,36928,22694
477198,53167,36932,22695
477218,52541,36939,22696
477238,52575,36877,22697
477258,52554,36876,22698
477278,52532,36908,22699
477298,52518,36892,22700
477318,52529,37044,22701
477338,52522,36875,22702
477358,52541,36797,22703
477378,52575,36820,22704
477398,52546,36942,22705
477418,52545,36955,22706
477438,52538,37005,22707
477458,52525,36851,22708
477478,52554,36785,22709
477498,52525,36889,22710
477518,52508,36940,22711
477538,52545,36741,22712
477558,52509,36838,22713
477578,52480,36659,22714
477598,52458,36846,22715
477618,52519,36894,22716
477638,52563,36746,22717
477658,52574,36746,22718
477678,52580,36796,22719
477698,52558,36838,22720
477718,51254,36899,22721
477738,51112,36807,22722
477758,51198,36725,22723
477778,51207,36700,22724
477798,51227,36852,22725
477818,51131,36920,22726
477838,51169,36844,22727
477858,51190,36820,22728
477878,51221,36786,22729
477898,51190,36995,22730
477918,51192,36882,22731
477938,51227,36939,22732
477958,51229,36880,22733
477978,51238,36870,22734
477998,51238,36902,22735
478018,51207,36868,22736
478038,51233,36927,22737
478058,51285,36941,22738
478078,51212,36803,22739
478098,51243,36967,22740
478118,51225,36920,22741
478138,51173,36896,22742
478158,51210,36876,22743
478178,51267,36968,22744
478198,51202,36870,22745
478218,50575,36825,22746
478238,50568,36827,22747
478258,50535,36850,22748
478278,50501,36875,22749
478298,50467,36891,22750
478318,50514,36864,22751
478338,50436,36912,22752
478358,50517,36818,22753
478378,50539,36909,22754
478398,50548,36952,22755
478418,50551,36909,22756
478438,50507,36962,22757
478458,50516,36868,22758
478478,50509,36830,22759
478498,50491,36879,22760
478518,50506,36867,22761
478538,50519,37031,22762
478558,50530,37045,22763
478578,50512,36925,22764
478598,50545,37060,22765
478618,50542,36953,22766
478638,50550,36892,22767
478658,50546,36857,22768
478678,50565,36826,22769
478698,50518,36908,22770
478718,49839,36753,22771
478738,49857,36925,22772
478758,49860,36880,22773
478778,49834,36960,22774
478798,49829,36926,22775
478818,49842,36967,22776
478838,49878,37003,22777
478858,49845,36951,22778
478878,49879,37155,22779
478898,49876,37096,22780
478918,49800,36968,22781
478938,49836,37043,22782
478958,49847,37133,22783
478978,49823,36958,22784
478998,49844,36887,22785
479018,49863,36908,22786
479038,49805,36902,22787
479058,49875,36927,22788
479078,49848,36978,22789
479098,49852,36931,22790
479118,49884,36914,22791
479138,49846,36919,22792
479158,49816,37047,22793
479178,49807,36944,22794
479198,49806,36867,22795
479218,48433,36964,22796
479238,48444,36868,22797
479258,48491,36927,22798
479278,48436,36934,22799
479298,48390,36936,22800
479318,48461,36867,22801
479338,48443,36875,22802
479358,48443,36864,22803
479378,48450,36882,22804
479398,48418,36917,22805
479418,48378,36985,22806
479438,48443,36997,22807
479458,48439,37190,22808
479478,48421,37116,22809
479498,48417,37023,22810
479518,48415,37076,22811
479538,48438,37114,22812
479558,48435,37254,22813
479578,48488,37247,22814
479598,48388,37209,22815
479618,48427,37031,22816
479638,48490,37185,22817
479658,48427,37201,22818
479678,48420,37020,22819
479698,48442,37021,22820
479718,47701,37085,22821
479738,47739,36827,22822
479758,47769,37079,22823
479778,47714,36797,22824
479798,47738,37185,22825
479818,47718,37043,22826
479838,47775,37002,22827
479858,47769,37021,22828
479878,47766,36968,22829
479898,47703,36966,22830
479918,47738,37084,22831
479938,47763,37260,22832
479958,47725,37068,22833
479978,47794,37096,22834
479998,47732,37101,22835
480018,47759,37026,22836
480038,47704,37086,22837
480058,47723,37166,22838
480078,47712,37082,22839
480098,47702,37065,22840
480118,47686,37159,22841
480138,47740,36989,22842
480158,47758,37169,22843
480178,47702,37296,22844
480198,47812,37412,22845
480218,47265,37196,22846
480238,46983,37172,22847
480258,47011,37100,22848
480278,46971,37233,22849
480298,46978,37367,22850
480318,46975,37358,22851
480338,46979,37375,22852
480358,46943,37377,22853
480378,46961,37506,22854
480398,46954,37278,22855
480418,46965,37220,22856
480438,47001,37345,22857
480458,47039,37303,22858
480478,46924,37273,22859
480498,46926,37215,22860
480518,47008,37287,22861
480538,47028,37194,22862
480558,46987,37087,22863
480578,46931,37275,22864
480598,47008,37240,22865
480618,46943,37218,22866
480638,46965,37303,22867
480658,47009,37323,22868
480678,46965,37453,22869
480698,46941,37375,22870
480718,46249,37356,22871
480738,46206,37391,22872
480758,46251,37405,22873
480778,46284,37455,22874
480798,46249,37275,22875
480818,46272,37342,22876
480838,46271,37296,22877
480858,46199,37312,22878
480878,46268,37429,22879
480898,46228,37434,22880
480918,46220,37375,22881
480938,46248,37455,22882
480958,46244,37445,22883
480978,46233,37583,22884
480998,46241,37401,22885
481018,46245,37459,22886
481038,46252,37440,22887
481058,46276,37475,22888
481078,46220,37458,22889
481098,46249,37439,22890
481118,46260,37399,22891
481138,46248,37387,22892
481158,46252,37474,22893
481178,46205,37464,22894
481198,46216,37449,22895
481218,44735,37440,22896
481238,44726,37470,22897
481258,44752,37550,22898
481278,44758,37460,22899
481298,44706,37347,22900
481318,44747,37472,22901
481338,44754,37373,22902
481358,44726,37415,22903
481378,44727,37393,22904
481398,44674,37348,22905
481418,44749,37380,22906
481438,44752,37428,22907
481458,44743,37415,22908
481478,44721,37365,22909
481498,44728,37376,22910
481518,44679,37346,22911
481538,44693,37323,22912
481558,44757,37333,22913
481578,44729,37286,22914
481598,44718,37342,22915
481618,44741,37472,22916
481638,44750,37344,22917
481658,44758,37420,22918
481678,44736,37288,22919
481698,44712,37298,22920
481718,44005,37331,22921
481738,43951,37424,22922
481758,43982,37452,22923
481778,43993,37303,22924
481798,43998,37453,22925
481818,43977,37413,22926
481838,44004,37344,22927
481858,43973,37250,22928
481878,43957,37188,22929
481898,44010,37315,22930
481918,43992,37239,22931
481938,43986,37302,22932
481958,44015,37193,22933
481978,44005,37241,22934
481998,43957,37308,22935
482018,43979,37213,22936
482038,43962,37270,22937
482058,43993,37268,22938
482078,44021,37282,22939
482098,43987,37397,22940
482118,43990,37484,22941
482138,43988,37494,22942
482158,44028,37395,22943
482178,43993,37387,22944
482198,43989,37444,22945
482218,43226,37283,22946
482238,43273,37216,22947
482258,43243,37133,22948
482278,43254,37169,22949
482298,43267,37237,22950
482318,43243,37436,22951
482338,43289,37495,22952
482358,43279,37355,22953
482378,43223,37443,22954
482398,43258,37498,22955
482418,43254,37444,22956
482438,43238,37508,22957
482458,43232,37510,22958
482478,43247,37476,22959
482498,43219,37455,22960
482518,43223,37406,22961
482538,43257,37368,22962
482558,43273,37318,22963
482578,43238,37314,22964
482598,43254,37328,22965
482618,43231,37267,22966
482638,43243,37276,22967
482658,43218,37364,22968
482678,43240,37460,22969
482698,43215,37458,22970
482718,42424,37440,22971
482738,42466,37486,22972
482758,42464,37373,22973
482778,42447,37521,22974
482798,42429,37462,22975
482818,42429,37503,22976
482838,42436,37439,22977
482858,42451,37478,22978
482878,42430,37567,22979
482898,42399,37499,22980
482918,42411,37435,22981
482938,42446,37431,22982
482958,42482,37677,22983
482978,42445,37611,22984
482998,42452,37580,22985
483018,42444,37615,22986
483038,42460,37529,22987
483058,42438,37546,22988
483078,42409,37543,22989
483098,42420,37541,22990
483118,42410,37463,22991
483138,42391,37481,22992
483158,42434,37513,22993
483178,42438,37594,22994
483198,42430,37509,22995
483218,40911,37514,22996
483238,40886,37610,22997
483258,40884,37560,22998
483278,40873,37579,22999
483298,40881,37466,23000
483318,40839,37494,23001
483338,40872,37472,23002
483358,40874,37407,23003
483378,40873,37384,23004
483398,40906,37357,23005
483418,40883,37494,23006
483438,40888,37335,23007
483458,40876,37532,23008
483478,40852,37477,23009
483498,40861,37375,23010
483518,40870,37442,23011
483538,40885,37386,23012
483558,40914,37464,23013
483578,40872,37424,23014
483598,40869,37474,23015
483618,40865,37396,23016
483638,40869,37452,23017
483658,40898,37504,23018
483678,40851,37492,23019
483698,40867,37307,23020
483718,40123,37442,23021
483738,40096,37480,23022
483758,40071,37509,23023
483778,40100,37472,23024
483798,40093,37409,23025
483818,40134,37409,23026
483838,40081,37358,23027
483858,40112,37192,23028
483878,40089,37276,23029
483898,40107,37495,23030
483918,40109,37535,23031
483938,40109,37580,23032
483958,40088,37569,23033
483978,40094,37544,23034
483998,40104,37573,23035
484018,40066,37412,23036
484038,40125,37424,23037
484058,40067,37435,23038
484078,40105,37427,23039
484098,40092,37404,23040
484118,40107,37343,23041
484138,40104,37299,23042
484158,40112,37231,23043
484178,40074,37287,23044
484198,40076,37372,23045
484218,39330,37344,23046
484238,39309,37521,23047
484258,39305,37471,23048
484278,39296,37359,23049
484298,39327,37491,23050
484318,39333,37544,23051
484338,39349,37574,23052
484358,39307,37448,23053
484378,39347,37206,23054
484398,39272,37106,23055
484418,39296,37276,23056
484438,39302,37388,23057
484458,39351,37395,23058
484478,39318,37483,23059
484498,39328,37503,23060
484518,39334,37459,23061
484538,39342,37546,23062
484558,39349,37438,23063
484578,39364,37500,23064
484598,39310,37499,23065
484618,39357,37510,23066
484638,39335,37492,23067
484658,39312,37516,23068
484678,39300,37349,23069
484698,39314,37430,23070
484718,37677,37554,23071
484738,37703,37522,23072
484758,37737,37475,23073
484778,37720,37505,23074
484798,37688,37488,23075
484818,37732,37561,23076
484838,37697,37467,23077
484858,37713,37430,23078
484878,37716,37407,23079
484898,37702,37563,23080
484918,37687,37518,23081
484938,37789,37454,23082
484958,37722,37449,23083
484978,37715,37505,23084
484998,37700,37458,23085
485018,37735,37481,23086
485038,37702,37380,23087
485058,37686,37521,23088
485078,37652,37479,23089
485098,37753,37487,23090
485118,37706,37409,23091
485138,37722,37467,23092
485158,37724,37444,23093
485178,37734,37502,23094
485198,37767,37474,23095
485218,36951,37446,23096
485238,36927,37403,23097
485258,36900,37460,23098
485278,36897,37405,23099
485298,36937,37530,23100
485318,36883,37447,23101
485338,36863,37456,23102
485358,36878,37567,23103
485378,36923,37601,23104
485398,36889,37538,23105
485418,36908,37507,23106
485438,36916,37571,23107
485458,36872,37602,23108
485478,36901,37523,23109
485498,36889,37498,23110
485518,36863,37333,23111
485538,36907,37373,23112
485558,36875,37499,23113
485578,36877,37484,23114
485598,36912,37445,23115
485618,36918,37482,23116
485638,36904,37424,23117
485658,36879,37492,23118
485678,36925,37417,23119
485698,36910,37437,23120
485718,36675,37354,23121
485738,36103,37427,23122
485758,36086,37427,23123
485778,36118,37299,23124
485798,36124,37309,23125
485818,36075,37344,23126
485838,36099,37467,23127
485858,36132,37389,23128
485878,36112,37469,23129
485898,36098,37361,23130
485918,36089,37331,23131
485938,36084,37283,23132
485958,36109,37371,23133
485978,36024,37433,23134
485998,36107,37460,23135
486018,36046,37451,23136
486038,36094,37553,23137
486058,36090,37519,23138
486078,36121,37400,23139
486098,36116,37507,23140
486118,36095,37497,23141
486138,36111,37618,23142
486158,36085,37570,23143
486178,36054,37342,23144
486198,36093,37331,23145
486218,35342,37353,23146
486238,35306,37382,23147
486258,35363,37263,23148
486278,35297,37099,23149
486298,35307,37267,23150
486318,35325,37403,23151
486338,35308,37439,23152
486358,35273,37330,23153
486378,35308,37421,23154
486398,35300,37303,23155
486418,35287,37423,23156
486438,35323,37508,23157
486458,35242,37431,23158
486478,35291,37353,23159
486498,35331,37167,23160
486518,35301,37196,23161
486538,35292,37344,23162
486558,35317,37245,23163
486578,35304,37319,23164
486598,35295,37493,23165
486618,35260,37439,23166
486638,35334,37441,23167
486658,35337,37502,23168
486678,35298,37456,23169
486698,35291,37505,23170
486718,33900,37555,23171
486738,33690,37519,23172
486758,33664,37418,23173
486778,33643,37484,23174
486798,33689,37465,23175
486818,33685,37424,23176
486838,33651,37305,23177
486858,33689,37434,23178
486878,33689,37447,23179
486898,33669,37528,23180
486918,33688,37462,23181
486938,33630,37408,23182
486958,33668,37544,23183
486978,33616,37477,23184
486998,33723,37566,23185
487018,33671,37415,23186
487038,33702,37329,23187
487058,33661,37359,23188
487078,33667,37414,23189
487098,33717,37386,23190
487118,33661,37234,23191
487138,33707,37237,23192
487158,33682,37360,23193
487178,33668,37354,23194
487198,33698,37445,23195
487218,32981,37368,23196
487238,32903,37276,23197
487258,32898,37307,23198
487278,32895,37267,23199
487298,32896,37360,23200
487318,32900,37483,23201
487338,32881,37306,23202
487358,32887,37324,23203
487378,32898,37309,23204
487398,32848,37272,23205
487418,32886,37349,23206
487438,32835,37304,23207
487458,32895,37380,23208
487478,32857,37310,23209
487498,32848,37414,23210
487518,32875,37288,23211
487538,32925,37320,23212
487558,32916,37338,23213
487578,32903,37312,23214
487598,32914,37400,23215
487618,32898,37313,23216
487638,32887,37436,23217
487658,32889,37423,23218
487678,32861,37370,23219
487698,32876,37423,23220
487718,32209,37363,23221
487738,32065,37366,23222
487758,32085,37438,23223
487778,32053,37403,23224
487798,32106,37334,23225
487818,32073,37298,23226
487838,32042,37285,23227
487858,32062,37386,23228
487878,32029,37316,23229
487898,32068,37263,23230
487918,32069,37292,23231
487938,32094,37190,23232
487958,32078,37193,23233
487978,32113,37415,23234
487998,32091,37239,23235
488018,32074,37313,23236
488038,32076,37377,23237
488058,32057,37334,23238
488078,32066,37399,23239
488098,32093,37212,23240
488118,32063,37182,23241
488138,32063,37219,23242
488158,32050,37221,23243
488178,32062,37380,23244
488198,32054,37309,23245
488218,30780,37300,23246
488238,30448,37327,23247
488258,30459,37365,23248
488278,30415,37360,23249
488298,30427,37331,23250
488318,30453,37333,23251
488338,30460,37360,23252
488358,30473,37294,23253
488378,30462,37264,23254
488398,30435,37185,23255
488418,30461,37146,23256
488438,30421,37151,23257
488458,30419,37125,23258
488478,30453,37279,23259
488498,30476,37100,23260
488518,30473,37180,23261
488538,30465,37240,23262
488558,30428,37222,23263
488578,30446,37300,23264
488598,30430,37337,23265
488618,30430,37311,23266
488638,30455,37285,23267
488658,30437,37314,23268
488678,30477,36991,23269
488698,30494,37153,23270
488718,29867,37127,23271
488738,29662,37052,23272
488758,29677,37245,23273
488778,29642,37253,23274
488798,29660,37283,23275
488818,29680,37348,23276
488838,29633,37326,23277
488858,29641,37325,23278
488878,29667,37432,23279
488898,29674,37344,23280
488918,29662,37364,23281
488938,29647,37349,23282
488958,29667,37393,23283
488978,29674,37334,23284
488998,29642,37214,23285
489018,29649,37204,23286
489038,29636,37140,23287
489058,29651,37065,23288
489078,29645,36958,23289
489098,29639,37202,23290
489118,29645,37266,23291
489138,29691,37262,23292
489158,29623,37298,23293
489178,29674,37186,23294
489198,29666,37237,23295
489218,29054,37219,23296
489238,28840,37256,23297
489258,28836,37267,23298
489278,28829,37226,23299
489298,28881,37291,23300
489318,28896,37299,23301
489338,28875,37267,23302
489358,28886,37266,23303
489378,28867,37210,23304
489398,28862,37291,23305
489418,28839,37153,23306
489438,28841,37138,23307
489458,28854,37200,23308
489478,28843,37154,23309
489498,28839,37187,23310
489518,28844,37261,23311
489538,28844,37198,23312
489558,28861,37244,23313
489578,28861,37342,23314
489598,28853,37377,23315
489618,28865,37328,23316
489638,28853,37284,23317
489658,28851,37278,23318
489678,28873,37231,23319
489698,28898,37306,23320
489718,28275,37214,23321
489738,28033,37221,23322
489758,28028,37306,23323
489778,28044,37238,23324
489798,28035,37258,23325
489818,28054,37165,23326
489838,28032,37130,23327
489858,28033,37120,23328
489878,28050,37168,23329
489898,28066,37170,23330
489918,28049,37054,23331
489938,28049,37169,23332
489958,28059,37118,23333
489978,28030,37246,23334
489998,28023,37202,23335
490018,28034,37161,23336
490038,28063,37081,23337
490058,28065,37119,23338
490078,28035,37124,23339
490098,28043,37179,23340
490118,28034,37161,23341
490138,28032,37152,23342
490158,28045,36984,23343
490178,28040,37079,23344
490198,28018,37076,23345
490218,27073,37135,23346
490238,26433,37038,23347
490258,26449,37184,23348
490278,26426,37134,23349
490298,26503,37021,23350
490318,26425,36980,23351
490338,26452,36995,23352
490358,26452,37106,23353
490378,26442,37238,23354
490398,26432,37172,23355
490418,26403,37242,23356
490438,26441,37156,23357
490458,26447,37149,23358
490478,26437,37181,23359
490498,26442,37096,23360
490518,26421,37043,23361
490538,26398,37003,23362
490558,26405,36985,23363
490578,26413,36925,23364
490598,26462,36909,23365
490618,26455,36864,23366
490638,26464,36964,23367
490658,26444,37021,23368
490678,26431,36908,23369
490698,26428,37029,23370
490718,25951,37024,23371
490738,25627,36967,23372
490758,25634,37110,23373
490778,25686,37099,23374
490798,25684,37089,23375
490818,25662,37085,23376
490838,25645,36912,23377
490858,25633,36911,23378
490878,25661,36840,23379
490898,25663,36946,23380
490918,25648,36987,23381
490938,25668,37086,23382
490958,25630,37112,23383
490978,25640,36959,23384
490998,25648,36960,23385
491018,25673,37151,23386
491038,25654,37066,23387
491058,25644,37096,23388
491078,25665,37094,23389
491098,25635,37118,23390
491118,25644,37119,23391
491138,25644,37146,23392
491158,25659,37055,23393
491178,25665,36896,23394
491198,25627,36904,23395
491218,25653,36959,23396
491238,24880,36865,23397
491258,24846,36773,23398
491278,24877,36711,23399
491298,24871,36932,23400
491318,24880,36994,23401
491338,24895,37042,23402
491358,24881,36922,23403
491378,24902,36959,23404
491398,24897,37003,23405
491418,24890,36999,23406
491438,24889,36971,23407
491458,24871,36919,23408
491478,24854,36888,23409
491498,24877,36905,23410
491518,24905,36859,23411
491538,24894,36933,23412
491558,24903,36959,23413
491578,24937,36928,23414
491598,24890,36940,23415
491618,24890,36934,23416
491638,24898,36920,23417
491658,24863,36911,23418
491678,24893,36924,23419
491698,24884,36956,23420
491718,24011,36931,23421
491738,23306,36976,23422
491758,23276,36968,23423
491778,23304,36991,23424
491798,23284,37027,23425
491818,23315,37012,23426
491838,23312,37033,23427
491858,23309,37024,23428
491878,23333,37055,23429
491898,23345,37009,23430
491918,23401,36896,23431
491938,23325,36941,23432
491958,23294,36888,23433
491978,23328,36971,23434
491998,23309,36994,23435
492018,23304,36942,23436
492038,23309,36894,23437
492058,23309,36889,23438
492078,23313,36868,23439
492098,23336,36826,23440
492118,23315,36848,23441
492138,23350,36790,23442
492158,23302,36819,23443
492178,23313,36837,23444
492198,23310,36865,23445
492218,22900,36889,23446
492238,22495,36871,23447
492258,22510,36946,23448
492278,22508,36862,23449
492298,22523,36791,23450
492318,22530,36767,23451
492338,22555,36786,23452
492358,22524,36734,23453
492378,22517,36695,23454
492398,22519,36873,23455
492418,22530,36893,23456
492438,22524,36860,23457
492458,22533,36945,23458
492478,22506,36889,23459
492498,22524,36793,23460
492518,22512,36705,23461
492538,22523,36614,23462
492558,22509,36755,23463
492578,22491,36830,23464
492598,22484,36809,23465
492618,22548,36832,23466
492638,22558,36671,23467
492658,22538,36742,23468
492678,22527,36649,23469
492698,22529,36730,23470
492718,22117,36690,23471
492738,21755,36519,23472
492758,21755,36629,23473
492778,21749,36655,23474
492798,21759,36685,23475
492818,21768,36692,23476
492838,21782,36654,23477
492858,21781,36758,23478
492878,21773,36807,23479
492898,21751,36775,23480
492918,21752,36759,23481
492938,21744,36653,23482
492958,21749,36494,23483
492978,21754,36632,23484
492998,21764,36584,23485
493018,21736,36651,23486
493038,21769,36591,23487
493058,21781,36757,23488
493078,21736,36652,23489
493098,21793,36729,23490
493118,21765,36775,23491
493138,21770,36816,23492
493158,21773,36813,23493
493178,21755,36783,23494
493198,21753,36794,23495
493218,21417,36808,23496
493238,21004,36779,23497
493258,21008,36665,23498
493278,21047,36699,23499
493298,20967,36661,23500
493318,21037,36642,23501
493338,21014,36604,23502
493358,21049,36598,23503
493378,21043,36536,23504
493398,21019,36463,23505
493418,21027,36746,23506
493438,21017,36669,23507
493458,21030,36628,23508
493478,21019,36666,23509
493498,21018,36624,23510
493518,21016,36645,23511
493538,21014,36654,23512
493558,21019,36575,23513
493578,21038,36644,23514
493598,21028,36673,23515
493618,20993,36709,23516
493638,21021,36763,23517
493658,21003,36564,23518
493678,21035,36603,23519
493698,21014,36565,23520
493718,20430,36560,23521
493738,19521,36507,23522
493758,19516,36541,23523
493778,19493,36553,23524
493798,19552,36534,23525
493818,19493,36673,23526
493838,19541,36619,23527
493858,19514,36610,23528
493878,19490,36668,23529
493898,19488,36705,23530
493918,19507,36678,23531
493938,19490,36675,23532
493958,19510,36623,23533
493978,19491,36670,23534
493998,19475,36568,23535
494018,19506,36545,23536
494038,19526,36517,23537
494058,19536,36566,23538
494078,19512,36609,23539
494098,19530,36628,23540
494118,19504,36576,23541
494138,19501,36561,23542
494158,19494,36504,23543
494178,19520,36508,23544
494198,19490,36483,23545
494218,19227,36384,23546
494238,18778,36315,23547
494258,18785,36347,23548
494278,18816,36281,23549
494298,18787,36370,23550
494318,18762,36352,23551
494338,18773,36372,23552
494358,18760,36289,23553
494378,18764,36317,23554
494398,18778,36320,23555
494418,18766,36313,23556
494438,18774,36264,23557
494458,18786,36315,23558
494478,18760,36333,23559
494498,18758,36251,23560
494518,18813,36224,23561
494538,18769,36250,23562
494558,18780,36224,23563
494578,18803,36260,23564
494598,18762,36299,23565
494618,18777,36291,23566
494638,18776,36263,23567
494658,18738,36252,23568
494678,18784,36206,23569
494698,18765,36280,23570
494718,18575,36287,23571
494738,18013,36215,23572
494758,17994,36195,23573
494778,18024,36141,23574
494798,18013,36115,23575
494818,18028,36096,23576
494838,18027,36035,23577
494858,18000,36111,23578
494878,18011,36070,23579
494898,18006,36104,23580
494918,18029,36114,23581
494938,17988,36104,23582
494958,18016,36266,23583
494978,18029,36203,23584
494998,17980,36314,23585
495018,18028,36170,23586
495038,18021,36151,23587
495058,17959,35949,23588
495078,18012,36117,23589
495098,17995,36026,23590
495118,18001,36048,23591
495138,18025,36191,23592
495158,17982,36246,23593
495178,18024,36253,23594
495198,18048,36262,23595
495218,17832,36294,23596
495238,17296,36267,23597
495258,17314,36234,23598
495278,17292,36200,23599
495298,17297,36281,23600
495318,17299,36182,23601
495338,17306,36059,23602
495358,17315,35903,23603
495378,17300,36028,23604
495398,17292,36099,23605
495418,17260,35994,23606
495438,17287,35922,23607
495458,17279,36082,23608
495478,17340,36069,23609
495498,17327,35951,23610
495518,17316,35932,23611
495538,17321,36062,23612
495558,17285,36049,23613
495578,17287,36149,23614
495598,17298,36134,23615
495618,17285,36225,23616
495638,17295,36152,23617
495658,17338,36098,23618
495678,17304,36103,23619
495698,17295,36054,23620
495718,16926,36044,23621
495738,15888,36216,23622
495758,15865,36195,23623
495778,15834,36101,23624
495798,15879,36161,23625
495818,15912,36119,23626
495838,15958,36028,23627
495858,15871,36025,23628
495878,15910,36042,23629
495898,15934,35999,23630
495918,15938,36047,23631
495938,15872,36045,23632
495958,15888,36041,23633
495978,15893,36097,23634
495998,15908,36086,23635
496018,15889,36173,23636
496038,15887,36020,23637
496058,15858,36072,23638
496078,15846,36117,23639
496098,15847,36078,23640
496118,15873,36165,23641
496138,15905,35988,23642
496158,15898,35907,23643
496178,15879,35921,23644
496198,15898,35878,23645
496218,15728,35942,23646
496238,15183,35827,23647
496258,15167,35766,23648
496278,15205,35811,23649
496298,15180,35830,23650
496318,15205,35924,23651
496338,15230,35844,23652
496358,15211,35882,23653
496378,15212,35944,23654
496398,15227,36062,23655
496418,15180,35984,23656
496438,15197,35956,23657
496458,15200,35912,23658
496478,15205,36050,23659
496498,15158,36054,23660
496518,15154,35920,23661
496538,15199,35897,23662
496558,15153,35965,23663
496578,15184,36024,23664
496598,15232,35963,23665
496618,15226,36062,23666
496638,15240,35841,23667
496658,15226,35859,23668
496678,15233,35920,23669
496698,15215,35957,23670
496718,15196,35904,23671
496738,14542,36020,23672
496758,14539,35881,23673
496778,14507,35802,23674
496798,14519,35814,23675
496818,14520,35788,23676
496838,14478,35759,23677
496858,14517,35700,23678
496878,14578,35759,23679
496898,14527,35714,23680
496918,14538,35524,23681
496938,14542,35735,23682
496958,14524,35708,23683
496978,14554,35692,23684
496998,14506,35786,23685
497018,14535,35700,23686
497038,14521,35883,23687
497058,14585,35886,23688
497078,14531,35887,23689
497098,14510,35822,23690
497118,14503,35613,23691
497138,14551,35785,23692
497158,14530,35701,23693
497178,14555,35620,23694
497198,14526,35639,23695
497218,14395,35775,23696
497238,13182,35745,23697
497258,13181,35898,23698
497278,13187,35802,23699
497298,13255,35731,23700
497318,13244,35845,23701
497338,13204,35832,23702
497358,13199,35856,23703
497378,13211,35773,23704
497398,13196,35879,23705
497418,13181,35769,23706
497438,13196,35873,23707
497458,13202,35737,23708
497478,13166,35696,23709
497498,13162,35540,23710
497518,13208,35624,23711
497538,13177,35708,23712
497558,13159,35609,23713
497578,13143,35602,23714
497598,13187,35702,23715
497618,13175,35701,23716
497638,13221,35799,23717
497658,13215,35714,23718
497678,13164,35679,23719
497698,13200,35694,23720
497718,13112,35752,23721
497738,12565,35653,23722
497758,12589,35771,23723
497778,12513,35515,23724
497798,12543,35571,23725
497818,12537,35677,23726
497838,12528,35680,23727
497858,12519,35515,23728
497878,12567,35674,23729
497898,12542,35598,23730
497918,12585,35708,23731
497938,12533,35684,23732
497958,12533,35646,23733
497978,12577,35718,23734
497998,12546,35758,23735
498018,12559,35801,23736
498038,12552,35708,23737
498058,12560,35616,23738
498078,12590,35630,23739
498098,12530,35658,23740
498118,12529,35701,23741
498138,12586,35604,23742
498158,12563,35582,23743
498178,12580,35618,23744
498198,12580,35657,23745
498218,12480,35701,23746
498238,11907,35539,23747
498258,11924,35673,23748
498278,11873,35638,23749
498298,11899,35577,23750
498318,11859,35575,23751
498338,11882,35409,23752
498358,11873,35498,23753
498378,11914,35398,23754
498398,11936,35496,23755
498418,11915,35447,23756
498438,11886,35405,23757
498458,11854,35507,23758
498478,11897,35451,23759
498498,11897,35423,23760
498518,11867,35458,23761
498538,11873,35426,23762
498558,11884,35475,23763
498578,11909,35498,23764
498598,11913,35577,23765
498618,11904,35504,23766
498638,11918,35459,23767
498658,11915,35354,23768
498678,11907,35418,23769
498698,11886,35426,23770
498718,11887,35402,23771
498738,11268,35341,23772
498758,11280,35395,23773
498778,11307,35415,23774
498798,11283,35330,23775
498818,11267,35338,23776
498838,11251,35389,23777
498858,11252,35344,23778
498878,11273,35414,23779
498898,11268,35290,23780
498918,11290,35137,23781
498938,11287,35285,23782
498958,11292,35241,23783
498978,11321,35250,23784
498998,11285,35112,23785
499018,11273,35134,23786
499038,11252,35081,23787
499058,11297,35099,23788
499078,11269,35104,23789
499098,11279,35152,23790
499118,11310,35126,23791
499138,11287,35155,23792
499158,11276,35196,23793
499178,11300,35219,23794
499198,11288,35239,23795
499218,11283,35143,23796
499238,10031,35172,23797
499258,10082,35034,23798
499278,10036,34988,23799
499298,10033,34895,23800
499318,10035,34844,23801
499338,10097,35019,23802
499358,10083,34845,23803
499378,10079,34753,23804
499398,10072,34794,23805
499418,10065,34952,23806
499438,10065,34884,23807
499458,10070,34966,23808
499478,10035,35024,23809
499498,10114,35009,23810
499518,10026,35024,23811
499538,10043,35080,23812
499558,10058,35029,23813
499578,10068,34916,23814
499598,10080,34899,23815
499618,10054,35006,23816
499638,10046,34889,23817
499658,10109,34897,23818
499678,10069,34888,23819
499698,10076,34940,23820
499718,10054,35031,23821
499738,9431,34921,23822
499758,9474,34814,23823
499778,9587,34765,23824
499798,9520,34751,23825
499818,9484,34866,23826
499838,9535,34919,23827
499858,9504,35052,23828
499878,9509,34963,23829
499898,9489,35016,23830
499918,9453,35088,23831
499938,9471,35038,23832
499958,9442,35097,23833
499978,9500,35080,23834
499998,9507,34910,23835
500018,9531,34962,23836
500038,9498,35071,23837
500058,9488,35055,23838
500078,9494,34980,23839
500098,9495,35030,23840
500118,9479,35107,23841
500138,9461,34989,23842
500158,9486,35016,23843
500178,9463,34861,23844
500198,9495,34941,23845
500218,9466,34827,23846
500238,8951,34864,23847
500258,8941,34930,23848
500278,8955,34960,23849
500298,8935,34936,23850
500318,8944,34969,23851
500338,8959,34919,23852
500358,8953,34898,23853
500378,8952,34901,23854
500398,8934,34924,23855
500418,8923,34980,23856
500438,8935,34916,23857
500458,8936,34939,23858
500478,8897,34879,23859
500498,8952,34927,23860
500518,8943,35003,23861
500538,8951,34933,23862
500558,8940,34868,23863
500578,8942,34843,23864
500598,8892,34851,23865
500618,8961,34870,23866
500638,8912,34864,23867
500658,8915,34833,23868
500678,8949,34927,23869
500698,8953,34858,23870
500718,8938,34789,23871
500738,7880,34802,23872
500758,7850,34824,23873
500778,7814,34960,23874
500798,7815,34937,23875
500818,7823,34799,23876
500838,7843,34878,23877
500858,7866,34787,23878
500878,7806,34638,23879
500898,7815,34751,23880
500918,7828,34800,23881
500938,7823,34820,23882
500958,7857,34750,23883
500978,7791,34799,23884
500998,7813,34721,23885
501018,7826,34510,23886
501038,7820,34571,23887
501058,7845,34490,23888
501078,7853,34666,23889
501098,7848,34708,23890
501118,7819,34601,23891
501138,7827,34667,23892
501158,7783,34651,23893
501178,7843,34638,23894
501198,7838,34546,23895
501218,7821,34466,23896
501238,7363,34473,23897
501258,7335,34539,23898
501278,7325,34608,23899
501298,7320,34459,23900
501318,7347,34464,23901
501338,7319,34710,23902
501358,7316,34675,23903
501378,7297,34765,23904
501398,7344,34541,23905
501418,7339,34322,23906
501438,7330,34444,23907
501458,7323,34413,23908
501478,7322,34464,23909
501498,7349,34438,23910
501518,7344,34590,23911
501538,7333,34695,23912
501558,7332,34699,23913
501578,7335,34712,23914
501598,7319,34573,23915
501618,7346,34660,23916
501638,7341,34636,23917
501658,7344,34664,23918
501678,7303,34776,23919
501698,7305,34657,23920
501718,7306,34621,23921
501738,6819,34652,23922
501758,6827,34568,23923
501778,6827,34544,23924
501798,6815,34470,23925
501818,6836,34451,23926
501838,6808,34538,23927
501858,6796,34575,23928
501878,6801,34622,23929
501898,6821,34489,23930
501918,6828,34597,23931
501938,6834,34554,23932
501958,6842,34610,23933
501978,6821,34549,23934
501998,6805,34574,23935
502018,6813,34469,23936
502038,6808,34567,23937
502058,6811,34530,23938
502078,6821,34507,23939
502098,6800,34581,23940
502118,6827,34530,23941
502138,6806,34488,23942
502158,6809,34508,23943
502178,6819,34431,23944
502198,6820,34470,23945
502218,6826,34466,23946
502238,6370,34380,23947
502258,6346,34418,23948
502278,6362,34366,23949
502298,6359,34397,23950
502318,6348,34469,23951
502338,6343,34490,23952
502358,6330,34578,23953
502378,6295,34542,23954
502398,6295,34558,23955
502418,6296,34482,23956
502438,6328,34395,23957
502458,6364,34376,23958
502478,6380,34326,23959
502498,6355,34494,23960
502518,6333,34394,23961
502538,6333,34519,23962
502558,6318,34384,23963
502578,6327,34351,23964
502598,6353,34390,23965
502618,6312,34369,23966
502638,6350,34310,23967
502658,6374,34295,23968
502678,6376,34198,23969
502698,6348,34355,23970
502718,6350,34249,23971
502738,5377,34254,23972
502758,5385,34268,23973
502778,5375,34172,23974
502798,5340,34268,23975
502818,5414,34296,23976
502838,5373,34287,23977
502858,5424,34271,23978
502878,5387,34256,23979
502898,5348,34418,23980
502918,5380,34350,23981
502938,5416,34215,23982
502958,5384,34114,23983
502978,5378,34128,23984
502998,5379,34267,23985
503018,5363,34175,23986
503038,5398,34147,23987
503058,5367,34122,23988
503078,5352,34219,23989
503098,5363,34204,23990
503118,5354,34138,23991
503138,5372,34081,23992
503158,5354,33999,23993
503178,5373,34090,23994
503198,5377,34141,23995
503218,5377,34053,23996
503238,4907,34006,23997
503258,4956,33959,23998
503278,4939,33992,23999
503298,4925,34030,24000
503318,4918,34135,24001
503338,4958,33811,24002
503358,4944,33745,24003
503378,4959,33921,24004
503398,4959,33795,24005
503418,4966,33826,24006
503438,4962,33831,24007
503458,4932,34106,24008
503478,4938,34174,24009
503498,4932,33967,24010
503518,4921,33901,24011
503538,4959,33758,24012
503558,4979,33808,24013
503578,4975,33959,24014
503598,4943,33901,24015
503618,4996,33922,24016
503638,4943,34045,24017
503658,4978,34052,24018
503678,4931,34177,24019
503698,4939,34019,24020
503718,4941,34135,24021
503738,4499,34101,24022
503758,4515,34100,24023
503778,4511,34155,24024
503798,4487,34055,24025
503818,4514,34030,24026
503838,4531,33973,24027
503858,4508,33916,24028
503878,4516,33902,24029
503898,4578,33836,24030
503918,4549,33864,24031
503938,4531,33840,24032
503958,4489,33907,24033
503978,4509,33831,24034
503998,4571,33722,24035
504018,4547,33758,24036
504038,4538,33893,24037
504058,4510,33909,24038
504078,4551,33812,24039
504098,4505,33796,24040
504118,4529,33906,24041
504138,4552,33868,24042
504158,4535,33825,24043
504178,4506,33876,24044
504198,4505,33759,24045
504218,4506,33891,24046
504238,3728,33792,24047
504258,3729,33906,24048
504278,3666,33758,24049
504298,3702,33778,24050
504318,3772,33823,24051
504338,3714,33712,24052
504358,3728,33720,24053
504378,3745,33677,24054
504398,3769,33737,24055
504418,3738,33739,24056
504438,3729,33748,24057
504458,3727,33817,24058
504478,3710,33876,24059
504498,3710,33839,24060
504518,3728,33787,24061
504538,3723,33716,24062
504558,3716,33825,24063
504578,3718,33785,24064
504598,3734,33797,24065
504618,3740,33742,24066
504638,3780,33792,24067
504658,3720,33688,24068
504678,3718,33860,24069
504698,3723,33643,24070
504718,3719,33731,24071
504738,3369,33712,24072
504758,3341,33708,24073
504778,3371,33616,24074
504798,3375,33702,24075
504818,3359,33628,24076
504838,3342,33667,24077
504858,3368,33694,24078
504878,3381,33705,24079
504898,3313,33736,24080
504918,3342,33703,24081
504938,3357,33698,24082
504958,3421,33800,24083
504978,3384,33739,24084
504998,3351,33696,24085
505018,3399,33702,24086
505038,3351,33615,24087
505058,3362,33627,24088
505078,3349,33544,24089
505098,3360,33523,24090
505118,3360,33513,24091
505138,3392,33600,24092
505158,3355,33679,24093
505178,3288,33620,24094
505198,3379,33620,24095
505218,3349,33649,24096
505238,2993,33600,24097
505258,3010,33583,24098
505278,3035,33597,24099
505298,3040,33597,24100
505318,3026,33647,24101
505338,2998,33620,24102
505358,3045,33590,24103
505378,3022,33693,24104
505398,3011,33583,24105
505418,3067,33776,24106
505438,3048,33528,24107
505458,3070,33566,24108
505478,3053,33611,24109
505498,2979,33525,24110
505518,3063,33699,24111
505538,3041,33483,24112
505558,3043,33516,24113
505578,3018,33614,24114
505598,3023,33538,24115
505618,3036,33514,24116
505638,3042,33563,24117
505658,2980,33514,24118
505678,3062,33532,24119
505698,3041,33550,24120
505718,3045,33556,24121
505738,2709,33470,24122
505758,2742,33450,24123
505778,2731,33525,24124
505798,2682,33484,24125
505818,2680,33333,24126
505838,2713,33379,24127
505858,2734,33496,24128
505878,2722,33470,24129
505898,2702,33376,24130
505918,2755,33502,24131
505938,2699,33331,24132
505958,2735,33386,24133
505978,2715,33286,24134
505998,2680,33402,24135
506018,2726,33272,24136
506038,2703,33290,24137
506058,2652,33389,24138
506078,2721,33335,24139
506098,2720,33332,24140
506118,2706,33315,24141
506138,2666,33284,24142
506158,2703,33359,24143
506178,2744,33328,24144
506198,2680,33291,24145
506218,2714,33156,24146
506238,2042,33249,24147
506258,2038,33271,24148
506278,2067,33342,24149
506298,2063,33183,24150
506318,2082,33164,24151
506338,2118,33243,24152
506358,2074,33169,24153
506378,2107,33183,24154
506398,2082,33146,24155
506418,2059,33186,24156
506438,2104,33183,24157
506458,2048,33134,24158
506478,2092,33118,24159
506498,2130,33013,24160
506518,2076,33023,24161
506538,2060,33159,24162
506558,2116,33100,24163
506578,2129,33108,24164
506598,2094,33175,24165
506618,2091,33171,24166
506638,2042,33000,24167
506658,2103,33102,24168
506678,2064,32906,24169
506698,2077,33073,24170
506718,2113,33174,24171
506738,1794,33198,24172
506758,1792,33084,24173
506778,1771,33165,24174
506798,1815,33069,24175
506818,1826,33160,24176
506838,1789,33249,24177
506858,1777,33157,24178
506878,1795,33146,24179
506898,1801,33016,24180
506918,1804,32973,24181
506938,1786,33012,24182
506958,1797,32949,24183
506978,1771,33110,24184
506998,1777,33030,24185
507018,1778,33131,24186
507038,1777,33051,24187
507058,1813,32920,24188
507078,1822,32952,24189
507098,1811,33034,24190
507118,1804,32957,24191
507138,1827,33037,24192
507158,1794,32930,24193
507178,1787,32937,24194
507198,1801,33024,24195
507218,1764,33011,24196
507238,1534,32977,24197
507258,1542,32855,24198
507278,1557,32795,24199
507298,1528,32818,24200
507318,1553,32829,24201
507338,1522,32756,24202
507358,1561,32583,24203
507378,1534,32637,24204
507398,1562,32854,24205
507418,1540,32877,24206
507438,1560,32899,24207
507458,1561,32805,24208
507478,1493,32880,24209
507498,1562,32836,24210
507518,1563,32871,24211
507538,1536,32899,24212
507558,1579,32850,24213
507578,1539,32866,24214
507598,1531,32931,24215
507618,1528,32895,24216
507638,1540,32855,24217
507658,1551,32761,24218
507678,1552,32705,24219
507698,1566,32750,24220
507718,1530,32823,24221
507738,1353,32715,24222
507758,1361,32865,24223
507778,1331,32804,24224
507798,1323,32814,24225
507818,1289,32772,24226
507838,1345,32796,24227
507858,1348,32760,24228
507878,1286,32847,24229
507898,1336,32724,24230
507918,1370,32668,24231
507938,1355,32602,24232
507958,1322,32787,24233
507978,1310,32748,24234
507998,1322,32667,24235
508018,1338,32686,24236
508038,1346,32616,24237
508058,1372,32696,24238
508078,1333,32580,24239
508098,1368,32571,24240
508118,1249,32639,24241
508138,1334,32628,24242
508158,1360,32724,24243
508178,1323,32632,24244
508198,1295,32684,24245
508218,1328,32630,24246
508238,1350,32541,24247
508258,1345,32606,24248
508278,1356,32537,24249
508298,1339,32528,24250
508318,1341,32599,24251
508338,1321,32546,24252
508358,1318,32602,24253
508378,1308,32548,24254
508398,1267,32546,24255
508418,1339,32477,24256
508438,1324,32456,24257
508458,1347,32474,24258
508478,1323,32499,24259
508498,1315,32465,24260
508518,1292,32437,24261
508538,1366,32488,24262
508558,1300,32525,24263
508578,1339,32524,24264
508598,1359,32436,24265
508618,1340,32448,24266
508638,1335,32510,24267
508658,1346,32485,24268
508678,1319,32528,24269
508698,1297,32535,24270
508718,1337,32388,24271
508738,1346,32458,24272
508758,1353,32503,24273
508778,1329,32482,24274
508798,1349,32513,24275
508818,1321,32530,24276
508838,1318,32536,24277
508858,1362,32488,24278
508878,1340,32515,24279
508898,1334,32470,24280
508918,1337,32417,24281
508938,1323,32468,24282
508958,1349,32493,24283
508978,1341,32406,24284
508998,1314,32395,24285
509018,1353,32484,24286
509038,1352,32485,24287
509058,1328,32482,24288
509078,1326,32556,24289
509098,1334,32416,24290
509118,1338,32503,24291
509138,1327,32428,24292
509158,1345,32393,24293
509178,1323,32417,24294
509198,1330,32288,24295
509218,1351,32401,24296
509238,1342,32452,24297
509258,1348,32300,24298
509278,1331,32304,24299
509298,1322,32318,24300
509318,1395,32328,24301
509338,1335,32397,24302
509358,1346,32317,24303
509378,1345,32355,24304
509398,1312,32297,24305
509418,1335,32323,24306
509438,1333,32259,24307
509458,1340,32177,24308
509478,1336,32085,24309
509498,1332,32233,24310
509518,1340,32257,24311
509538,1349,32229,24312
509558,1330,32210,24313
509578,1335,32181,24314
509598,1345,32122,24315
509618,1313,32221,24316
509638,1330,32170,24317
509658,1324,32181,24318
509678,1335,32179,24319
509698,1351,32203,24320
509718,1343,32211,24321
509738,1328,32227,24322
509758,1335,32202,24323
509778,1366,32178,24324
509798,1333,32079,24325
509818,1355,31958,24326
509838,1337,31951,24327
509858,1345,31945,24328
509878,1328,31937,24329
509898,1337,31907,24330
509918,1345,31783,24331
509938,1342,31780,24332
509958,1332,31844,24333
509978,1357,31872,24334
509998,1327,31907,24335
510018,1335,31998,24336
510038,1304,31895,24337
510058,1341,31896,24338
510078,1349,31986,24339
510098,1327,32054,24340
510118,1337,31964,24341
510138,1368,31871,24342
510158,1346,31801,24343
510178,1316,31839,24344
510198,1337,31952,24345
510218,1347,31978,24346
510238,1365,31998,24347
510258,1331,32072,24348
510278,1338,31981,24349
510298,1346,32117,24350
510318,1305,32001,24351
510338,1335,31941,24352
510358,1345,31924,24353
510378,1322,32022,24354
510398,1341,32019,24355
510418,1298,31926,24356
510438,1324,31896,24357
510458,1337,31892,24358
510478,1340,31827,24359
510498,1357,31922,24360
510518,1326,31845,24361
510538,1330,31917,24362
510558,1331,31837,24363
510578,1326,31877,24364
510598,1326,31779,24365
510618,1352,31849,24366
510638,1345,31864,24367
510658,1335,31974,24368
510678,1361,31913,24369
510698,1348,31956,24370
510718,1351,31937,24371
510738,1344,31915,24372
510758,1338,31970,24373
510778,1324,31953,24374
510798,1358,31841,24375
510818,1337,31901,24376
510838,1337,31793,24377
510858,1323,31852,24378
510878,1332,31848,24379
510898,1325,31831,24380
510918,1348,31794,24381
510938,1346,31789,24382
510958,1338,31739,24383
510978,1327,31740,24384
510998,1357,31660,24385
511018,1328,31749,24386
511038,1318,31775,24387
511058,1332,31695,24388
511078,1359,31683,24389
511098,1356,31708,24390
511118,1326,31784,24391
511138,1324,31716,24392
511158,1328,31732,24393
511178,1346,31611,24394
511198,1347,31567,24395
511218,1330,31728,24396
511238,1299,31720,24397
511258,1342,31681,24398
511278,1353,31690,24399
511298,1350,31638,24400
511318,1359,31717,24401
511338,1310,31690,24402
511358,1335,31550,24403
511378,1336,31548,24404
511398,1333,31597,24405
511418,1347,31637,24406
511438,1337,31672,24407
511458,1334,31630,24408
511478,1341,31647,24409
511498,1324,31684,24410
511518,1356,31720,24411
511538,1345,31611,24412
511558,1335,31608,24413
511578,1319,31602,24414
511598,1337,31691,24415
511618,1325,31610,24416
511638,1345,31501,24417
511658,1336,31531,24418
511678,1330,31497,24419
511698,1356,31572,24420
511718,1327,31552,24421
511738,1333,31419,24422
511758,1333,31428,24423
511778,1360,31391,24424
511798,1331,31487,24425
511818,1319,31527,24426
511838,1318,31544,24427
511858,1322,31494,24428
511878,1347,31525,24429
511898,1325,31573,24430
511918,1327,31466,24431
511938,1323,31488,24432
511958,1327,31425,24433
511978,1323,31446,24434
511998,1362,31518,24435
512018,1314,31402,24436
512038,1327,31477,24437
512058,1322,31435,24438
512078,1363,31451,24439
512098,1315,31461,24440
512118,1354,31411,24441
512138,1342,31393,24442
512158,1346,31428,24443
512178,1340,31337,24444
512198,1315,31440,24445
512218,1333,31371,24446
512238,1340,31464,24447
512258,1331,31457,24448
512278,1342,31527,24449
512298,1318,31528,24450
512318,1365,31482,24451
512338,1348,31463,24452
512358,1322,31478,24453
512378,1334,31498,24454
512398,1333,31445,24455
512418,1354,31377,24456
512438,1325,31362,24457
512458,1359,31385,24458
512478,1316,31400,24459
512498,1337,31428,24460
512518,1322,31385,24461
512538,1324,31366,24462
512558,1360,31439,24463
512578,1335,31482,24464
512598,1302,31499,24465
512618,1321,31393,24466
512638,1323,31373,24467
512658,1330,31368,24468
512678,1335,31417,24469
512698,1345,31365,24470
512718,1348,31353,24471
512738,1340,31331,24472
512758,1328,31400,24473
512778,1329,31359,24474
512798,1351,31357,24475
512818,1291,31298,24476
512838,1331,31299,24477
512858,1346,31349,24478
512878,1351,31303,24479
512898,1338,31289,24480
512918,1317,31275,24481
512938,1333,31281,24482
512958,1349,31202,24483
512978,1352,31201,24484
512998,1313,31166,24485
513018,1342,31210,24486
513038,1315,31076,24487
513058,1353,31079,24488
513078,1330,31060,24489
513098,1312,31052,24490
513118,1340,31119,24491
513138,1332,31189,24492
513158,1325,31232,24493
513178,1315,31143,24494
513198,1347,31144,24495
513218,1346,31221,24496
513238,1321,31174,24497
513258,1320,31225,24498
513278,1323,31140,24499
513298,1307,31188,24500
513318,1347,31190,24501
513338,1343,31105,24502
513358,1325,31180,24503
513378,1352,31070,24504
513398,1314,30940,24505
513418,1315,30931,24506
513438,1313,30967,24507
513458,1312,30973,24508
513478,1302,30953,24509
513498,1315,30829,24510
513518,1330,30777,24511
513538,1303,30821,24512
513558,1312,30969,24513
513578,1320,30933,24514
513598,1337,30880,24515
513618,1315,31007,24516
513638,1300,30921,24517
513658,1284,31004,24518
513678,1350,31008,24519
513698,1394,31032,24520
513718,1350,31118,24521
513738,1293,31051,24522
513758,1316,31017,24523
513778,1306,30966,24524
513798,1317,31002,24525
513818,1327,31111,24526
513838,1326,31114,24527
513858,1299,31044,24528
513878,1344,30958,24529
513898,1295,31045,24530
513918,1329,31038,24531
513938,1316,31040,24532
513958,1291,31043,24533
513978,1312,31000,24534
513998,1328,30885,24535
514018,1327,30854,24536
514038,1316,30919,24537
514058,1393,30919,24538
514078,1334,31066,24539
514098,1310,30911,24540
514118,1333,30927,24541
514138,1317,30963,24542
514158,1310,30898,24543
514178,1348,30983,24544
514198,1326,30957,24545
514218,1295,30961,24546
514238,1328,30956,24547
514258,1302,30823,24548
514278,1325,30931,24549
514298,1330,30900,24550
514318,1337,30845,24551
514338,1311,30841,24552
514358,1345,30786,24553
514378,1325,30788,24554
514398,1336,30785,24555
514418,1312,30822,24556
514438,1315,30849,24557
514458,1331,30758,24558
514478,1344,30848,24559
514498,1341,30717,24560
514518,1330,30707,24561
514538,1341,30715,24562
514558,1305,30627,24563
514578,1297,30716,24564
514598,1351,30616,24565
514618,1329,30650,24566
514638,1334,30728,24567
514658,1347,30733,24568
514678,1319,30822,24569
514698,1294,30761,24570
514718,1303,30737,24571
514738,1335,30707,24572
514758,1319,30766,24573
514778,1305,30704,24574
514798,1303,30692,24575
514818,1329,30728,24576
514838,1312,30651,24577
514858,1330,30720,24578
514878,1302,30705,24579
514898,1291,30659,24580
514918,1298,30643,24581
514938,1318,30647,24582
514958,1343,30745,24583
514978,1283,30703,24584
514998,1337,30694,24585
515018,1314,30615,24586
515038,1357,30690,24587
515058,1319,30708,24588
515078,1298,30634,24589
515098,1358,30643,24590
515118,1322,30670,24591
515138,1347,30537,24592
515158,1308,30515,24593
515178,1312,30528,24594
515198,1331,30513,24595
515218,1285,30527,24596
515238,1312,30472,24597
515258,1289,30536,24598
515278,1264,30492,24599
515298,1326,30477,24600
515318,1302,30329,24601
515338,1330,30353,24602
515358,1334,30403,24603
515378,1323,30319,24604
515398,1267,30470,24605
515418,1299,30355,24606
515438,1309,30397,24607
515458,1251,30456,24608
515478,1324,30282,24609
515498,1331,30332,24610
515518,1312,30469,24611
515538,1291,30343,24612
515558,1361,30422,24613
515578,1315,30334,24614
515598,1304,30371,24615
515618,1320,30403,24616
515638,1317,30613,24617
515658,1302,30537,24618
515678,1304,30530,24619
515698,1296,30464,24620
515718,1287,30468,24621
515738,1325,30520,24622
515758,1253,30549,24623
515778,1278,30433,24624
515798,1319,30439,24625
515818,1327,30378,24626
515838,1298,30415,24627
515858,1311,30342,24628
515878,1306,30301,24629
515898,1294,30224,24630
515918,1237,30351,24631
515938,1296,30413,24632
515958,1288,30429,24633
515978,1305,30378,24634
515998,1327,30476,24635
516018,1289,30359,24636
516038,1309,30388,24637
516058,1343,30324,24638
516078,1313,30339,24639
516098,1324,30344,24640
516118,1280,30333,24641
516138,1321,30335,24642
516158,1320,30270,24643
516178,1346,30243,24644
516198,1294,30382,24645
516218,1332,30260,24646
516238,1340,30196,24647
516258,1295,30074,24648
516278,1299,30168,24649
516298,1321,30157,24650
516318,1233,30074,24651
516338,1337,29981,24652
516358,1320,30113,24653
516378,1277,30160,24654
516398,1319,30229,24655
516418,1263,30253,24656
516438,1313,30177,24657
516458,1289,30190,24658
516478,1267,30206,24659
516498,1318,30308,24660
516518,1313,30192,24661
516538,1372,30158,24662
516558,1337,30095,24663
516578,1296,30149,24664
516598,1263,30200,24665
516618,1245,30074,24666
516638,1366,30050,24667
516658,1317,30048,24668
516678,1322,30225,24669
516698,1245,30167,24670
516718,1318,30191,24671
516738,1343,30033,24672
516758,1316,30033,24673
516778,1284,30252,24674
516798,1321,30145,24675
516818,1291,30085,24676
516838,1322,30054,24677
516858,1325,30053,24678
516878,1347,29994,24679
516898,1304,30140,24680
516918,1336,30157,24681
516938,1314,30072,24682
516958,1321,30017,24683
516978,1280,29906,24684
516998,1385,29962,24685
517018,1347,30005,24686
517038,1304,29863,24687
517058,1356,29966,24688
517078,1314,29859,24689
517098,1332,29776,24690
517118,1292,29668,24691
517138,1336,29632,24692
517158,1327,29718,24693
517178,1302,29783,24694
517198,1285,29840,24695
517218,1307,29918,24696
517238,1504,29956,24697
517258,1518,29999,24698
517278,1574,29997,24699
517298,1537,29957,24700
517318,1569,29917,24701
517338,1531,29927,24702
517358,1533,29864,24703
517378,1508,29840,24704
517398,1516,29722,24705
517418,1547,29893,24706
517438,1527,29935,24707
517458,1486,30002,24708
517478,1552,29927,24709
517498,1614,29827,24710
517518,1521,29885,24711
517538,1540,29845,24712
517558,1514,29805,24713
517578,1571,29785,24714
517598,1554,29873,24715
517618,1528,29725,24716
517638,1578,29840,24717
517658,1476,29778,24718
517678,1542,29646,24719
517698,1555,29777,24720
517718,1560,29688,24721
517738,1741,29775,24722
517758,1796,29803,24723
517778,1794,29674,24724
517798,1811,29707,24725
517818,1788,29644,24726
517838,1799,29726,24727
517858,1759,29726,24728
517878,1806,29747,24729
517898,1735,29752,24730
517918,1814,29625,24731
517938,1772,29669,24732
517958,1811,29675,24733
517978,1844,29583,24734
517998,1816,29642,24735
518018,1804,29722,24736
518038,1748,29655,24737
518058,1771,29647,24738
518078,1813,29597,24739
518098,1816,29670,24740
518118,1786,29622,24741
518138,1799,29721,24742
518158,1823,29703,24743
518178,1830,29622,24744
518198,1822,29641,24745
518218,1833,29707,24746
518238,2034,29663,24747
518258,2086,29718,24748
518278,2077,29680,24749
518298,2038,29597,24750
518318,2117,29612,24751
518338,2065,29599,24752
518358,2087,29588,24753
518378,2087,29594,24754
518398,2087,29634,24755
518418,2090,29667,24756
518438,2077,29688,24757
518458,2037,29665,24758
518478,2066,29710,24759
518498,2088,29570,24760
518518,2040,29630,24761
518538,2028,29624,24762
518558,2104,29600,24763
518578,2109,29573,24764
518598,2080,29558,24765
518618,2064,29540,24766
518638,2083,29472,24767
518658,2053,29480,24768
518678,2054,29521,24769
518698,2067,29511,24770
518718,2128,29542,24771
518738,2645,29497,24772
518758,2701,29458,24773
518778,2700,29431,24774
518798,2696,29434,24775
518818,2692,29503,24776
518838,2700,29383,24777
518858,2688,29379,24778
518878,2694,29440,24779
518898,2677,29422,24780
518918,2660,29461,24781
518938,2705,29423,24782
518958,2681,29402,24783
518978,2715,29379,24784
518998,2707,29350,24785
519018,2690,29352,24786
519038,2677,29401,24787
519058,2717,29455,24788
519078,2730,29473,24789
519098,2695,29575,24790
519118,2688,29484,24791
519138,2685,29458,24792
519158,2679,29525,24793
519178,2689,29467,24794
519198,2688,29437,24795
519218,2717,29476,24796
519238,2744,29429,24797
519258,3027,29269,24798
519278,3053,29348,24799
519298,3058,29286,24800
519318,2997,29277,24801
519338,3030,29255,24802
519358,3026,29121,24803
519378,3040,29209,24804
519398,3030,29353,24805
519418,3017,29309,24806
519438,3044,29300,24807
519458,3042,29286,24808
519478,3021,29200,24809
519498,3025,29183,24810
519518,3000,29180,24811
519538,3006,29245,24812
519558,3009,29239,24813
519578,3046,29306,24814
519598,3027,29265,24815
519618,3016,29223,24816
519638,3035,29263,24817
519658,3038,29179,24818
519678,3045,29199,24819
519698,2988,29105,24820
519718,3015,29217,24821
519738,3329,29238,24822
519758,3331,29125,24823
519778,3355,29293,24824
519798,3318,29050,24825
519818,3342,29026,24826
519838,3338,29171,24827
519858,3325,29099,24828
519878,3362,29218,24829
519898,3369,29211,24830
519918,3381,29138,24831
519938,3361,29328,24832
519958,3348,29182,24833
519978,3383,29084,24834
519998,3374,29014,24835
520018,3382,29054,24836
520038,3388,29024,24837
520058,3365,29030,24838
520078,3367,29013,24839
520098,3369,28847,24840
520118,3370,28865,24841
520138,3403,28987,24842
520158,3347,29061,24843
520178,3342,28947,24844
520198,3363,28897,24845
520218,3383,29016,24846
520238,3606,29145,24847
520258,3683,29135,24848
520278,3738,29086,24849
520298,3765,29001,24850
520318,3710,28969,24851
520338,3683,28846,24852
520358,3721,28868,24853
520378,3681,28982,24854
520398,3700,29066,24855
520418,3727,29078,24856
520438,3717,29173,24857
520458,3685,29061,24858
520478,3709,29068,24859
520498,3715,29036,24860
520518,3741,29107,24861
520538,3728,29114,24862
520558,3727,29182,24863
520578,3709,29107,24864
520598,3698,29186,24865
520618,3711,29145,24866
520638,3731,29010,24867
520658,3722,28895,24868
520678,3684,28889,24869
520698,3680,28894,24870
520718,3722,28788,24871
520738,4305,28810,24872
520758,4582,28902,24873
520778,4506,28973,24874
520798,4550,28996,24875
520818,4529,29016,24876
520838,4528,28884,24877
520858,4509,28916,24878
520878,4530,28914,24879
520898,4526,29024,24880
520918,4549,29000,24881
520938,4559,28954,24882
520958,4509,28909,24883
520978,4554,28822,24884
520998,4521,28980,24885
521018,4510,29017,24886
521038,4502,28837,24887
521058,4507,28895,24888
521078,4543,28889,24889
521098,4529,29037,24890
521118,4526,29009,24891
521138,4518,28940,24892
521158,4540,28899,24893
521178,4532,28834,24894
521198,4571,28963,24895
521218,4535,28935,24896
521238,4822,28822,24897
521258,4942,28992,24898
521278,4979,28844,24899
521298,4935,28978,24900
521318,4961,28898,24901
521338,4964,28834,24902
521358,4928,28822,24903
521378,4918,28865,24904
521398,4942,28888,24905
521418,4960,28867,24906
521438,4995,28788,24907
521458,4950,28798,24908
521478,4947,28849,24909
521498,4939,28917,24910
521518,4915,28800,24911
521538,4950,28783,24912
521558,4964,28830,24913
521578,4970,28734,24914
521598,4987,28735,24915
521618,4966,28705,24916
521638,4941,28772,24917
521658,4929,28660,24918
521678,4929,28674,24919
521698,4976,28702,24920
521718,4956,28681,24921
521738,5253,28711,24922
521758,5401,28691,24923
521778,5405,28797,24924
521798,5388,28772,24925
521818,5380,28717,24926
521838,5435,28764,24927
521858,5345,28728,24928
521878,5370,28798,24929
521898,5382,28685,24930
521918,5347,28640,24931
521938,5355,28686,24932
521958,5365,28607,24933
521978,5348,28674,24934
521998,5374,28570,24935
522018,5377,28713,24936
522038,5380,28714,24937
522058,5395,28675,24938
522078,5395,28721,24939
522098,5384,28671,24940
522118,5366,28681,24941
522138,5385,28687,24942
522158,5380,28692,24943
522178,5382,28762,24944
522198,5366,28577,24945
522218,5381,28614,24946
522238,6000,28588,24947
522258,6334,28723,24948
522278,6297,28690,24949
522298,6330,28609,24950
522318,6305,28577,24951
522338,6344,28642,24952
522358,6325,28543,24953
522378,6341,28568,24954
522398,6366,28524,24955
522418,6333,28607,24956
522438,6337,28523,24957
522458,6330,28516,24958
522478,6312,28581,24959
522498,6316,28461,24960
522518,6301,28605,24961
522538,6337,28529,24962
522558,6330,28575,24963
522578,6370,28586,24964
522598,6334,28489,24965
522618,6318,28478,24966
522638,6366,28512,24967
522658,6341,28479,24968
522678,6375,28514,24969
522698,6330,28643,24970
522718,6338,28643,24971
522738,6587,28680,24972
522758,6818,28654,24973
522778,6788,28527,24974
522798,6838,28569,24975
522818,6811,28531,24976
522838,6814,28510,24977
522858,6828,28476,24978
522878,6822,28492,24979
522898,6844,28566,24980
522918,6787,28503,24981
522938,6815,28475,24982
522958,6805,28466,24983
522978,6796,28443,24984
522998,6810,28390,24985
523018,6828,28437,24986
523038,6851,28357,24987
523058,6820,28396,24988
523078,6837,28437,24989
523098,6833,28527,24990
523118,6833,28503,24991
523138,6821,28439,24992
523158,6803,28457,24993
523178,6803,28369,24994
523198,6837,28427,24995
523218,6902,28439,24996
523238,7149,28418,24997
523258,7334,28439,24998
523278,7356,28390,24999
523298,7292,28425,25000
523318,7303,28299,25001
523338,7297,28284,25002
523358,7304,28209,25003
523378,7332,28261,25004
523398,7336,28369,25005
523418,7326,28254,25006
523438,7305,28328,25007
523458,7293,28432,25008
523478,7361,28427,25009
523498,7312,28438,25010
523518,7353,28461,25011
523538,7302,28367,25012
523558,7342,28378,25013
523578,7311,28424,25014
523598,7329,28305,25015
523618,7306,28361,25016
523638,7299,28433,25017
523658,7326,28304,25018
523678,7333,28386,25019
523698,7330,28287,25020
523718,7318,28278,25021
523738,7600,28280,25022
523758,7867,28312,25023
523778,7815,28267,25024
523798,7815,28309,25025
523818,7803,28285,25026
523838,7850,28333,25027
523858,7803,28280,25028
523878,7845,28356,25029
523898,7794,28287,25030
523918,7811,28261,25031
523938,7835,28283,25032
523958,7824,28214,25033
523978,7851,28279,25034
523998,7828,28232,25035
524018,7825,28218,25036
524038,7825,28288,25037
524058,7849,28291,25038
524078,7818,28209,25039
524098,7875,28222,25040
524118,7841,28125,25041
524138,7846,28078,25042
524158,7866,28202,25043
524178,7832,28283,25044
524198,7844,28231,25045
524218,7853,28234,25046
524238,8362,28200,25047
524258,8945,28154,25048
524278,8918,28149,25049
524298,8930,28087,25050
524318,8961,28102,25051
524338,8954,28124,25052
524358,8946,27975,25053
524378,8973,28030,25054
524398,8932,27908,25055
524418,8911,28060,25056
524438,8941,28021,25057
524458,8922,28082,25058
524478,8934,28068,25059
524498,8933,28075,25060
524518,8937,28268,25061
524538,8917,28212,25062
524558,8959,28171,25063
524578,8951,28144,25064
524598,8945,27960,25065
524618,8919,27944,25066
524638,8998,27994,25067
524658,8908,28152,25068
524678,8958,28319,25069
524698,8928,28153,25070
524718,8948,28307,25071
524738,8977,28263,25072
524758,9525,28246,25073
524778,9505,28182,25074
524798,9489,28091,25075
524818,9497,28180,25076
524838,9513,28217,25077
524858,9501,28196,25078
524878,9503,28202,25079
524898,9503,28287,25080
524918,9472,28135,25081
524938,9492,28091,25082
524958,9461,28057,25083
524978,9496,27985,25084
524998,9490,28006,25085
525018,9483,27882,25086
525038,9445,27919,25087
525058,9495,27950,25088
525078,9456,28050,25089
525098,9486,28089,25090
525118,9487,28029,25091
525138,9507,28072,25092
525158,9510,28070,25093
525178,9474,28058,25094
525198,9512,28081,25095
525218,9483,28113,25096
525238,9719,28180,25097
525258,10085,28185,25098
525278,10016,28088,25099
525298,10027,28130,25100
525318,10029,27998,25101
525338,10096,27946,25102
525358,10051,27994,25103
525378,10058,27907,25104
525398,10073,27966,25105
525418,10073,27964,25106
525438,10029,28087,25107
525458,10066,27936,25108
525478,10034,28046,25109
525498,10041,28197,25110
525518,10051,28055,25111
525538,10075,28186,25112
525558,10057,28042,25113
525578,10045,28134,25114
525598,10059,28137,25115
525618,10065,28096,25116
525638,10094,28042,25117
525658,10066,27963,25118
525678,10074,27928,25119
525698,10085,28014,25120
525718,10051,27881,25121
525738,10527,27997,25122
525758,11307,28000,25123
525778,11246,28050,25124
525798,11329,27865,25125
525818,11300,27879,25126
525838,11297,27917,25127
525858,11309,27809,25128
525878,11280,27894,25129
525898,11302,27904,25130
525918,11304,27919,25131
525938,11267,27885,25132
525958,11279,27870,25133
525978,11260,27952,25134
525998,11259,28021,25135
526018,11282,27887,25136
526038,11290,27926,25137
526058,11334,27834,25138
526078,11306,27980,25139
526098,11312,28013,25140
526118,11278,27848,25141
526138,11263,27728,25142
526158,11255,27771,25143
526178,11269,27939,25144
526198,11271,27862,25145
526218,11252,27938,25146
526238,11478,27850,25147
526258,11839,27893,25148
526278,11886,27808,25149
526298,11880,27877,25150
526318,11897,27917,25151
526338,11908,27770,25152
526358,11910,27684,25153
526378,11910,27769,25154
526398,11874,27712,25155
526418,11872,27645,25156
526438,11874,27604,25157
526458,11847,27836,25158
526478,11903,27742,25159
526498,11889,27579,25160
526518,11912,27782,25161
526538,11897,27605,25162
526558,11901,27882,25163
526578,11863,27878,25164
526598,11875,27895,25165
526618,11886,27824,25166
526638,11885,27759,25167
526658,11874,27691,25168
526678,11879,27702,25169
526698,11914,27685,25170
526718,11913,27746,25171
526738,12064,27860,25172
526758,12547,27858,25173
526778,12544,27861,25174
526798,12548,27779,25175
526818,12567,27865,25176
526838,12537,27837,25177
526858,12510,27868,25178
526878,12547,27881,25179
526898,12530,27916,25180
526918,12552,27920,25181
526938,12552,27913,25182
526958,12577,27940,25183
526978,12555,27725,25184
526998,12519,27655,25185
527018,12546,27737,25186
527038,12536,27645,25187
527058,12545,27566,25188
527078,12530,27494,25189
527098,12549,27592,25190
527118,12539,27710,25191
527138,12544,27783,25192
527158,12596,27805,25193
527178,12541,27731,25194
527198,12563,27737,25195
527218,12528,27766,25196
527238,12778,27831,25197
527258,13204,27816,25198
527278,13204,27811,25199
527298,13185,27739,25200
527318,13194,27700,25201
527338,13174,27706,25202
527358,13191,27678,25203
527378,13194,27521,25204
527398,13211,27590,25205
527418,13211,27655,25206
527438,13186,27573,25207
527458,13206,27574,25208
527478,13210,27694,25209
527498,13187,27701,25210
527518,13194,27812,25211
527538,13199,27838,25212
527558,13205,27744,25213
527578,13151,27789,25214
527598,13198,27764,25215
527618,13187,27842,25216
527638,13187,27722,25217
527658,13202,27728,25218
527678,13186,27690,25219
527698,13183,27850,25220
527718,13186,27789,25221
527738,13530,27746,25222
527758,14537,27676,25223
527778,14553,27674,25224
527798,14543,27718,25225
527818,14559,27658,25226
527838,14533,27680,25227
527858,14502,27584,25228
527878,14518,27659,25229
527898,14519,27558,25230
527918,14540,27679,25231
527938,14555,27671,25232
527958,14550,27633,25233
527978,14587,27671,25234
527998,14567,27680,25235
528018,14507,27691,25236
528038,14567,27658,25237
528058,14533,27601,25238
528078,14497,27680,25239
528098,14495,27650,25240
528118,14579,27561,25241
528138,14516,27523,25242
528158,14548,27652,25243
528178,14520,27660,25244
528198,14527,27517,25245
528218,14510,27501,25246
528238,14686,27562,25247
528258,15194,27666,25248
528278,15212,27650,25249
528298,15218,27619,25250
528318,15209,27632,25251
528338,15207,27425,25252
528358,15187,27471,25253
528378,15187,27483,25254
528398,15189,27587,25255
528418,15199,27690,25256
528438,15198,27584,25257
528458,15224,27645,25258
528478,15263,27636,25259
528498,15238,27620,25260
528518,15222,27627,25261
528538,15181,27488,25262
528558,15196,27542,25263
528578,15202,27392,25264
528598,15207,27541,25265
528618,15206,27441,25266
528638,15201,27346,25267
528658,15213,27402,25268
528678,15207,27407,25269
528698,15192,27387,25270
528718,15210,27368,25271
528738,15346,27524,25272
528758,15849,27594,25273
528778,15882,27568,25274
528798,15875,27511,25275
528818,15919,27477,25276
528838,15889,27460,25277
528858,15895,27636,25278
528878,15866,27494,25279
528898,15918,27472,25280
528918,15899,27328,25281
528938,15845,27435,25282
528958,15913,27429,25283
528978,15864,27482,25284
528998,15878,27591,25285
529018,15885,27534,25286
529038,15865,27612,25287
529058,15884,27590,25288
529078,15890,27603,25289
529098,15892,27551,25290
529118,15875,27580,25291
529138,15910,27570,25292
529158,15865,27609,25293
529178,15903,27566,25294
529198,15878,27486,25295
529218,15869,27469,25296
529238,16048,27424,25297
529258,17329,27406,25298
529278,17328,27323,25299
529298,17302,27352,25300
529318,17316,27435,25301
529338,17306,27469,25302
529358,17319,27484,25303
529378,17264,27523,25304
529398,17319,27465,25305
529418,17254,27487,25306
529438,17324,27576,25307
529458,17250,27540,25308
529478,17319,27544,25309
529498,17322,27561,25310
529518,17298,27542,25311
529538,17325,27599,25312
529558,17297,27420,25313
529578,17292,27407,25314
529598,17299,27393,25315
529618,17287,27420,25316
529638,17271,27463,25317
529658,17341,27405,25318
529678,17293,27487,25319
529698,17286,27508,25320
529718,17317,27502,25321
529738,17376,27533,25322
529758,18012,27459,25323
529778,18040,27608,25324
529798,18026,27476,25325
529818,18006,27546,25326
529838,18004,27523,25327
529858,18011,27501,25328
529878,17998,27590,25329
529898,18045,27557,25330
529918,18012,27685,25331
529938,18013,27587,25332
529958,17984,27514,25333
529978,18025,27480,25334
529998,18009,27410,25335
530018,18033,27483,25336
530038,17999,27480,25337
530058,17984,27417,25338
530078,17991,27494,25339
530098,18015,27484,25340
530118,18012,27547,25341
530138,17987,27448,25342
530158,18032,27421,25343
530178,18008,27356,25344
530198,18008,27354,25345
530218,18053,27412,25346
530238,18021,27291,25347
530258,18800,27277,25348
530278,18764,27366,25349
530298,18784,27416,25350
530318,18786,27452,25351
530338,18788,27409,25352
530358,18794,27415,25353
530378,18804,27399,25354
530398,18804,27502,25355
530418,18777,27247,25356
530438,18814,27261,25357
530458,18799,27469,25358
530478,18775,27445,25359
530498,18768,27478,25360
530518,18799,27428,25361
530538,18819,27370,25362
530558,18777,27286,25363
530578,18764,27223,25364
530598,18785,27179,25365
530618,18734,27155,25366
530638,18748,27398,25367
530658,18773,27474,25368
530678,18750,27469,25369
530698,18814,27489,25370
530718,18810,27400,25371
530738,18837,27409,25372
530758,19511,27432,25373
530778,19531,27436,25374
530798,19510,27448,25375
530818,19507,27305,25376
530838,19499,27381,25377
530858,19568,27436,25378
530878,19512,27322,25379
530898,19500,27346,25380
530918,19491,27281,25381
530938,19518,27202,25382
530958,19502,27290,25383
530978,19528,27301,25384
530998,19514,27348,25385
531018,19488,27145,25386
531038,19494,27249,25387
531058,19514,27301,25388
531078,19470,27456,25389
531098,19498,27388,25390
531118,19550,27344,25391
531138,19505,27323,25392
531158,19516,27324,25393
531178,19504,27083,25394
531198,19514,27078,25395
531218,19494,27134,25396
531238,19479,27271,25397
531258,21023,27404,25398
531278,21019,27346,25399
531298,21004,27388,25400
531318,21011,27150,25401
531338,21015,27141,25402
531358,21034,27245,25403
531378,21022,27300,25404
531398,21031,27420,25405
531418,21015,27314,25406
531438,21018,27459,25407
531458,21005,27465,25408
531478,21004,27319,25409
531498,21021,27275,25410
531518,20997,27249,25411
531538,21005,27250,25412
531558,21012,27310,25413
531578,20988,27181,25414
531598,21040,27081,25415
531618,21048,27153,25416
531638,20966,27095,25417
531658,21042,27161,25418
531678,21009,27214,25419
531698,20987,27116,25420
531718,21076,27216,25421
531738,21010,27250,25422
531758,21790,27253,25423
531778,21795,27351,25424
531798,21806,27279,25425
531818,21772,27440,25426
531838,21757,27415,25427
531858,21736,27267,25428
531878,21758,27352,25429
531898,21748,27283,25430
531918,21752,27334,25431
531938,21749,27283,25432
531958,21753,27318,25433
531978,21738,27245,25434
531998,21753,27359,25435
532018,21791,27489,25436
532038,21782,27390,25437
532058,21797,27287,25438
532078,21823,27363,25439
532098,21770,27422,25440
532118,21766,27452,25441
532138,21768,27349,25442
532158,21779,27390,25443
532178,21794,27477,25444
532198,21748,27355,25445
532218,21706,27306,25446
532238,21747,27344,25447
532258,22495,27307,25448
532278,22517,27252,25449
532298,22563,27245,25450
532318,22539,27351,25451
532338,22503,27259,25452
532358,22483,27253,25453
532378,22541,27280,25454
532398,22528,27207,25455
532418,22512,27304,25456
532438,22559,27266,25457
532458,22551,27287,25458
532478,22546,27410,25459
532498,22528,27429,25460
532518,22515,27369,25461
532538,22531,27345,25462
532558,22508,27236,25463
532578,22510,27214,25464
532598,22492,27293,25465
532618,22505,27381,25466
532638,22509,27291,25467
532658,22511,27324,25468
532678,22517,27296,25469
532698,22546,27298,25470
532718,22537,27176,25471
532738,22512,27217,25472
532758,23369,27391,25473
532778,23338,27365,25474
532798,23299,27336,25475
532818,23336,27306,25476
532838,23316,27360,25477
532858,23319,27427,25478
532878,23297,27385,25479
532898,23307,27469,25480
532918,23336,27319,25481
532938,23323,27336,25482
532958,23319,27251,25483
532978,23340,27259,25484
532998,23342,27343,25485
533018,23332,27306,25486
533038,23291,27288,25487
533058,23289,27292,25488
533078,23306,27386,25489
533098,23313,27253,25490
533118,23301,27207,25491
533138,23306,27222,25492
533158,23330,27199,25493
533178,23316,27237,25494
533198,23328,27320,25495
533218,23330,27253,25496
533238,23304,27143,25497
533258,24881,27214,25498
533278,24868,27116,25499
533298,24876,27260,25500
533318,24865,27197,25501
533338,24875,27279,25502
533358,24879,27050,25503
533378,24900,26941,25504
533398,24884,26977,25505
533418,24899,27091,25506
533438,24881,27128,25507
533458,24891,27176,25508
533478,24876,27269,25509
533498,24901,27254,25510
533518,24864,27377,25511
533538,24942,27352,25512
533558,24888,27296,25513
533578,24867,27357,25514
533598,24877,27406,25515
533618,24859,27399,25516
533638,24834,27308,25517
533658,24849,27153,25518
533678,24897,27145,25519
533698,24861,27195,25520
533718,24879,27194,25521
533738,24863,27032,25522
533758,25673,27102,25523
533778,25569,27154,25524
533798,25663,27127,25525
533818,25646,27134,25526
533838,25638,27165,25527
533858,25700,27169,25528
533878,25635,27113,25529
533898,25665,27106,25530
533918,25633,27186,25531
533938,25658,27338,25532
533958,25653,27334,25533
533978,25635,27239,25534
533998,25653,27235,25535
534018,25655,27184,25536
534038,25663,26976,25537
534058,25671,27141,25538
534078,25653,27020,25539
534098,25657,27165,25540
534118,25688,27183,25541
534138,25695,27186,25542
534158,25678,27284,25543
534178,25656,27272,25544
534198,25637,27228,25545
534218,25643,27303,25546
534238,25661,27271,25547
534258,26474,27332,25548
534278,26416,27286,25549
534298,26410,27315,25550
534318,26409,27226,25551
534338,26465,27203,25552
534358,26440,27202,25553
534378,26461,27158,25554
534398,26415,27122,25555
534418,26416,27100,25556
534438,26451,27005,25557
534458,26431,26974,25558
534478,26429,27121,25559
534498,26401,27161,25560
534518,26450,27174,25561
534538,26450,27214,25562
534558,26459,27103,25563
534578,26448,27150,25564
534598,26434,27215,25565
534618,26412,27255,25566
534638,26410,27216,25567
534658,26398,27262,25568
534678,26407,27176,25569
534698,26413,27250,25570
534718,26431,27286,25571
534738,26440,27198,25572
534758,28045,27171,25573
534778,28040,27224,25574
534798,28049,27214,25575
534818,28046,27282,25576
534838,28041,27239,25577
534858,28040,27201,25578
534878,28034,27381,25579
534898,27977,27278,25580
534918,28037,27299,25581
534938,28028,27366,25582
534958,28036,27319,25583
534978,28044,27415,25584
534998,28061,27430,25585
535018,28054,27390,25586
535038,28091,27322,25587
535058,28038,27216,25588
535078,28056,27398,25589
535098,28025,27271,25590
535118,28033,27373,25591
535138,28013,27259,25592
535158,28038,27324,25593
535178,28040,27372,25594
535198,28040,27249,25595
535218,28026,27329,25596
535238,28017,27186,25597
535258,28856,27186,25598
535278,28876,27268,25599
535298,28861,27239,25600
535318,28793,27148,25601
535338,28884,27182,25602
535358,28856,27226,25603
535378,28846,27262,25604
535398,28886,27269,25605
535418,28905,27169,25606
535438,28888,27235,25607
535458,28853,27216,25608
535478,28910,27284,25609
535498,28828,27231,25610
535518,28854,27259,25611
535538,28845,27223,25612
535558,28878,27157,25613
535578,28825,27187,25614
535598,28851,27145,25615
535618,28888,27097,25616
535638,28870,27205,25617
535658,28896,27339,25618
535678,28894,27396,25619
535698,28882,27273,25620
535718,28833,27204,25621
535738,28870,27199,25622
535758,29655,27100,25623
535778,29661,27016,25624
535798,29614,27011,25625
535818,29664,27111,25626
535838,29621,27149,25627
535858,29688,27217,25628
535878,29693,27191,25629
535898,29660,27100,25630
535918,29655,27032,25631
535938,29646,27081,25632
535958,29697,27139,25633
535978,29594,27170,25634
535998,29621,27062,25635
536018,29675,27111,25636
536038,29643,27293,25637
536058,29671,27423,25638
536078,29638,27297,25639
536098,29643,27231,25640
536118,29654,27211,25641
536138,29619,26994,25642
536158,29651,27036,25643
536178,29678,27066,25644
536198,29640,27185,25645
536218,29680,27320,25646
536238,29651,27329,25647
536258,30442,27343,25648
536278,30470,27274,25649
536298,30455,27344,25650
536318,30424,27417,25651
536338,30440,27406,25652
536358,30446,27459,25653
536378,30465,27320,25654
536398,30476,27367,25655
536418,30414,27404,25656
536438,30400,27285,25657
536458,30415,27334,25658
536478,30451,27201,25659
536498,30453,27199,25660
536518,30477,27238,25661
536538,30493,27257,25662
536558,30473,27288,25663
536578,30408,27110,25664
536598,30440,27375,25665
536618,30449,27339,25666
536638,30470,27403,25667
536658,30445,27379,25668
536678,30495,27277,25669
536698,30449,27298,25670
536718,30452,27389,25671
536738,30412,27333,25672
536758,32069,27317,25673
536778,32047,27307,25674
536798,32065,27254,25675
536818,32060,27230,25676
536838,32072,27175,25677
536858,32067,27227,25678
536878,32097,27331,25679
536898,32073,27416,25680
536918,32067,27372,25681
536938,32094,27397,25682
536958,32089,27353,25683
536978,32059,27427,25684
536998,32078,27421,25685
537018,32068,27396,25686
537038,32073,27429,25687
537058,32081,27312,25688
537078,32038,27461,25689
537098,32091,27489,25690
537118,32108,27448,25691
537138,32086,27387,25692
537158,32073,27344,25693
537178,32071,27320,25694
537198,32030,27305,25695
537218,32054,27347,25696
537238,32065,27292,25697
537258,32875,27253,25698
537278,32872,27346,25699
537298,32966,27337,25700
537318,32890,27472,25701
537338,32896,27265,25702
537358,32921,27335,25703
537378,32934,27355,25704
537398,32885,27274,25705
537418,32888,27258,25706
537438,32861,27292,25707
537458,32895,27385,25708
537478,32866,27289,25709
537498,32894,27297,25710
537518,32892,27243,25711
537538,32870,27267,25712
537558,32858,27404,25713
537578,32897,27271,25714
537598,32888,27298,25715
537618,32867,27313,25716
537638,32876,27362,25717
537658,32867,27509,25718
537678,32848,27566,25719
537698,32841,27515,25720
537718,32876,27448,25721
537738,32879,27489,25722
537758,33662,27423,25723
537778,33686,27387,25724
537798,33681,27461,25725
537818,33684,27521,25726
537838,33682,27488,25727
537858,33645,27472,25728
537878,33671,27502,25729
537898,33628,27367,25730
537918,33648,27426,25731
537938,33617,27349,25732
537958,33680,27354,25733
537978,33659,27342,25734
537998,33677,27376,25735
538018,33679,27376,25736
538038,33669,27440,25737
538058,33677,27446,25738
538078,33651,27434,25739
538098,33643,27532,25740
538118,33677,27490,25741
538138,33702,27447,25742
538158,33629,27228,25743
538178,33674,27434,25744
538198,33680,27368,25745
538218,33706,27350,25746
538238,33688,27196,25747
538258,35320,27164,25748
538278,35291,27153,25749
538298,35323,27244,25750
538318,35300,27230,25751
538338,35301,27509,25752
538358,35277,27325,25753
538378,35286,27459,25754
538398,35287,27500,25755
538418,35271,27485,25756
538438,35307,27567,25757
538458,35286,27494,25758
538478,35315,27498,25759
538498,35325,27506,25760
538518,35323,27478,25761
538538,35244,27333,25762
538558,35261,27372,25763
538578,35273,27387,25764
538598,35294,27352,25765
538618,35304,27318,25766
538638,35278,27264,25767
538658,35312,27203,25768
538678,35319,27204,25769
538698,35339,27347,25770
538718,35306,27243,25771
538738,35322,27391,25772
538758,36087,27337,25773
538778,36081,27381,25774
538798,36068,27434,25775
538818,36064,27545,25776
538838,36090,27485,25777
538858,36136,27571,25778
538878,36081,27415,25779
538898,36093,27392,25780
538918,36058,27264,25781
538938,36071,27258,25782
538958,36101,27322,25783
538978,36089,27261,25784
538998,36097,27440,25785
539018,36081,27451,25786
539038,36094,27589,25787
539058,36091,27551,25788
539078,36048,27515,25789
539098,36109,27512,25790
539118,36107,27579,25791
539138,36120,27623,25792
539158,36087,27566,25793
539178,36091,27482,25794
539198,36091,27429,25795
539218,36083,27401,25796
539238,36060,27397,25797
539258,36894,27362,25798
539278,36887,27336,25799
539298,36877,27433,25800
539318,36900,27438,25801
539338,36870,27230,25802
539358,36902,27314,25803
539378,36861,27465,25804
539398,36904,27525,25805
539418,36914,27503,25806
539438,36855,27489,25807
539458,36886,27530,25808
539478,36943,27550,25809
539498,36895,27543,25810
539518,36917,27606,25811
539538,36900,27526,25812
539558,36901,27630,25813
539578,36914,27549,25814
539598,36896,27584,25815
539618,36882,27480,25816
539638,36891,27475,25817
539658,36871,27476,25818
539678,36888,27491,25819
539698,36893,27583,25820
539718,36883,27393,25821
539738,36908,27655,25822
539758,37714,27649,25823
539778,37691,27655,25824
539798,37705,27648,25825
539818,37730,27551,25826
539838,37725,27610,25827
539858,37697,27656,25828
539878,37696,27773,25829
539898,37702,27711,25830
539918,37694,27670,25831
539938,37711,27607,25832
539958,37700,27625,25833
539978,37699,27597,25834
539998,37735,27623,25835
540018,37729,27568,25836
540038,37745,27621,25837
540058,37695,27697,25838
540078,37684,27663,25839
540098,37718,27625,25840
540118,37700,27543,25841
540138,37692,27546,25842
540158,37713,27645,25843
540178,37700,27664,25844
540198,37701,27557,25845
540218,37736,27538,25846
540238,37697,27667,25847
540258,39305,27736,25848
540278,39328,27656,25849
540298,39320,27540,25850
540318,39321,27580,25851
540338,39319,27678,25852
540358,39295,27607,25853
540378,39333,27455,25854
540398,39346,27407,25855
540418,39313,27522,25856
540438,39322,27655,25857
540458,39331,27516,25858
540478,39329,27625,25859
540498,39310,27498,25860
540518,39325,27452,25861
540538,39315,27460,25862
540558,39317,27665,25863
540578,39343,27697,25864
540598,39290,27734,25865
540618,39292,27681,25866
540638,39305,27715,25867
540658,39350,27753,25868
540678,39337,27696,25869
540698,39326,27518,25870
540718,39375,27539,25871
540738,39321,27537,25872
540758,40102,27477,25873
540778,40096,27502,25874
540798,40052,27494,25875
540818,40095,27533,25876
540838,40101,27572,25877
540858,40111,27570,25878
540878,40110,27508,25879
540898,40098,27629,25880
540918,40114,27735,25881
540938,40083,27785,25882
540958,40096,27701,25883
540978,40085,27659,25884
540998,40104,27591,25885
541018,40089,27623,25886
541038,40088,27748,25887
541058,40097,27664,25888
541078,40043,27674,25889
541098,40074,27666,25890
541118,40125,27743,25891
541138,40088,27764,25892
541158,40047,27830,25893
541178,40070,27751,25894
541198,40113,27716,25895
541218,40077,27878,25896
541238,40069,27857,25897
541258,40755,27774,25898
541278,40876,27849,25899
541298,40858,27917,25900
541318,40871,27770,25901
541338,40896,27794,25902
541358,40879,27698,25903
541378,40880,27733,25904
541398,40882,27696,25905
541418,40844,27638,25906
541438,40848,27568,25907
541458,40826,27633,25908
541478,40842,27627,25909
541498,40850,27740,25910
541518,40858,27832,25911
541538,40906,27817,25912
541558,40860,27904,25913
541578,40869,27809,25914
541598,40856,27840,25915
541618,40870,27813,25916
541638,40846,27757,25917
541658,40860,27828,25918
541678,40891,27801,25919
541698,40881,27819,25920
541718,40867,27807,25921
541738,40884,27789,25922
541758,42449,27788,25923
541778,42443,27850,25924
541798,42426,27905,25925
541818,42433,27879,25926
541838,42417,27862,25927
541858,42457,27885,25928
541878,42437,27889,25929
541898,42392,27958,25930
541918,42432,28006,25931
541938,42399,27949,25932
541958,42451,27997,25933
541978,42453,27934,25934
541998,42451,27962,25935
542018,42474,27923,25936
542038,42465,27835,25937
542058,42441,27924,25938
542078,42440,27925,25939
542098,42420,27961,25940
542118,42425,27848,25941
542138,42447,27914,25942
542158,42424,27884,25943
542178,42439,27887,25944
542198,42451,27956,25945
542218,42445,27876,25946
542238,42430,27910,25947
542258,43237,27923,25948
542278,43223,27976,25949
542298,43231,27971,25950
542318,43241,27949,25951
542338,43211,27960,25952
542358,43282,27903,25953
542378,43265,27921,25954
542398,43244,27816,25955
542418,43245,27859,25956
542438,43228,27842,25957
542458,43238,27916,25958
542478,43222,27836,25959
542498,43261,27889,25960
542518,43242,28006,25961
542538,43237,27992,25962
542558,43227,27968,25963
542578,43234,27983,25964
542598,43241,27887,25965
542618,43271,27998,25966
542638,43240,28083,25967
542658,43240,28030,25968
542678,43259,27985,25969
542698,43250,28021,25970
542718,43220,28031,25971
542738,43272,28134,25972
542758,43983,27986,25973
542778,44004,27994,25974
542798,43992,27881,25975
542818,43984,27934,25976
542838,44008,28007,25977
542858,44012,27952,25978
542878,44001,28048,25979
542898,44001,27934,25980
542918,43977,28014,25981
542938,43977,28033,25982
542958,44013,28020,25983
542978,43949,27838,25984
542998,43999,27952,25985
543018,44016,27991,25986
543038,44022,27903,25987
543058,43967,27995,25988
543078,44004,28044,25989
543098,43954,27916,25990
543118,43997,27956,25991
543138,43984,27977,25992
543158,43978,28070,25993
543178,43960,28014,25994
543198,44023,27940,25995
543218,44025,27996,25996
543238,44003,27868,25997
543258,44724,27766,25998
543278,44773,27735,25999
543298,44730,27788,26000
543318,44668,27688,26001
543338,44715,27840,26002
543358,44721,27915,26003
543378,44715,28079,26004
543398,44748,28047,26005
543418,44721,28056,26006
543438,44677,28037,26007
543458,44740,28099,26008
543478,44708,28107,26009
543498,44712,28114,26010
543518,44694,27998,26011
543538,44718,27944,26012
543558,44716,28092,26013
543578,44747,28023,26014
543598,44697,28026,26015
543618,44755,27835,26016
543638,44642,27932,26017
543658,44728,28021,26018
543678,44755,27975,26019
543698,44755,27974,26020
543718,44771,27981,26021
543738,44724,27911,26022
543758,46243,28140,26023
543778,46296,28073,26024
543798,46229,28222,26025
543818,46244,28011,26026
543838,46280,27941,26027
543858,46254,28022,26028
543878,46217,27920,26029
543898,46282,28007,26030
543918,46225,28135,26031
543938,46193,28202,26032
543958,46247,28219,26033
543978,46182,28167,26034
543998,46242,28292,26035
544018,46229,28169,26036
544038,46207,28172,26037
544058,46246,28307,26038
544078,46195,28257,26039
544098,46254,28384,26040
544118,46254,28319,26041
544138,46254,28198,26042
544158,46244,28271,26043
544178,46260,28151,26044
544198,46261,28131,26045
544218,46252,28030,26046
544238,46226,28025,26047
544258,47005,28084,26048
544278,46982,28217,26049
544298,46973,28323,26050
544318,46972,28250,26051
544338,46969,28214,26052
544358,46964,28281,26053
544378,46978,28203,26054
544398,46971,28241,26055
544418,46984,28144,26056
544438,47007,28258,26057
544458,46975,28253,26058
544478,46984,28366,26059
544498,46956,28290,26060
544518,46976,28332,26061
544538,46975,28371,26062
544558,46955,28350,26063
544578,46905,28293,26064
544598,47033,28269,26065
544618,46967,28213,26066
544638,46954,28290,26067
544658,47024,28361,26068
544678,46965,28393,26069
544698,46966,28226,26070
544718,46983,28265,26071
544738,46994,28309,26072
544758,47738,28396,26073
544778,47720,28382,26074
544798,47747,28539,26075
544818,47734,28434,26076
544838,47729,28473,26077
544858,47706,28448,26078
544878,47725,28497,26079
544898,47731,28264,26080
544918,47732,28365,26081
544938,47737,28443,26082
544958,47772,28435,26083
544978,47690,28440,26084
544998,47759,28487,26085
545018,47729,28400,26086
545038,47751,28369,26087
545058,47735,28483,26088
545078,47737,28425,26089
545098,47676,28328,26090
545118,47735,28457,26091
545138,47730,28463,26092
545158,47734,28493,26093
545178,47714,28454,26094
545198,47691,28482,26095
545218,47680,28486,26096
545238,47725,28425,26097
545258,48487,28470,26098
545278,48442,28417,26099
545298,48485,28399,26100
545318,48440,28432,26101
545338,48438,28439,26102
545358,48449,28456,26103
545378,48439,28352,26104
545398,48490,28442,26105
545418,48454,28546,26106
545438,48403,28452,26107
545458,48384,28498,26108
545478,48429,28325,26109
545498,48405,28383,26110
545518,48434,28436,26111
545538,48422,28629,26112
545558,48399,28592,26113
545578,48450,28581,26114
545598,48451,28404,26115
545618,48452,28607,26116
545638,48470,28628,26117
545658,48421,28633,26118
545678,48458,28591,26119
545698,48427,28691,26120
545718,48424,28562,26121
545738,48423,28697,26122
545758,49898,28607,26123
545778,49780,28607,26124
545798,49849,28724,26125
545818,49851,28735,26126
545838,49874,28706,26127
545858,49847,28646,26128
545878,49818,28637,26129
545898,49860,28682,26130
545918,49855,28711,26131
545938,49852,28653,26132
545958,49882,28622,26133
545978,49884,28611,26134
545998,49855,28718,26135
546018,49859,28681,26136
546038,49833,28747,26137
546058,49845,28598,26138
546078,49866,28698,26139
546098,49817,28788,26140
546118,49852,28714,26141
546138,49859,28783,26142
546158,49873,28677,26143
546178,49869,28783,26144
546198,49867,28807,26145
546218,49897,28714,26146
546238,49817,28690,26147
546258,50455,28709,26148
546278,50524,28747,26149
546298,50501,28743,26150
546318,50516,28562,26151
546338,50566,28619,26152
546358,50546,28699,26153
546378,50548,28845,26154
546398,50539,28898,26155
546418,50551,28736,26156
546438,50538,28724,26157
546458,50541,28773,26158
546478,50529,28795,26159
546498,50530,28906,26160
546518,50543,28766,26161
546538,50504,28804,26162
546558,50525,28783,26163
546578,50543,28877,26164
546598,50517,28851,26165
546618,50497,28754,26166
546638,50527,28738,26167
546658,50528,28812,26168
546678,50535,28774,26169
546698,50568,28836,26170
546718,50569,28704,26171
546738,50539,28758,26172
546758,50837,28811,26173
546778,51211,28814,26174
546798,51188,28808,26175
546818,51170,28784,26176
546838,51206,28720,26177
546858,51202,28810,26178
546878,51234,28817,26179
546898,51204,28757,26180
546918,51260,28806,26181
546938,51250,28765,26182
546958,51216,28821,26183
546978,51237,28849,26184
546998,51240,28694,26185
547018,51258,28979,26186
547038,51230,28856,26187
547058,51194,28919,26188
547078,51206,28883,26189
547098,51187,28838,26190
547118,51213,28938,26191
547138,51197,28892,26192
547158,51194,28978,26193
547178,51267,28847,26194
547198,51206,28890,26195
547218,51200,28933,26196
547238,51220,28904,26197
547258,52563,29003,26198
547278,52562,28980,26199
547298,52560,28935,26200
547318,52524,28780,26201
547338,52541,28817,26202
547358,52538,28811,26203
547378,52586,28869,26204
547398,52530,28890,26205
547418,52508,29010,26206
547438,52547,29098,26207
547458,52581,28964,26208
547478,52505,28982,26209
547498,52561,29040,26210
547518,52563,29137,26211
547538,52526,29109,26212
547558,52535,29061,26213
547578,52540,28934,26214
547598,52509,29099,26215
547618,52559,29061,26216
547638,52537,29066,26217
547658,52580,29094,26218
547678,52526,29052,26219
547698,52525,29054,26220
547718,52517,29088,26221
547738,52568,29207,26222
547758,52923,29103,26223
547778,53213,29136,26224
547798,53172,29101,26225
547818,53137,29089,26226
547838,53218,29139,26227
547858,53172,29080,26228
547878,53205,29076,26229
547898,53191,29043,26230
547918,53209,29144,26231
547938,53189,29169,26232
547958,53161,29121,26233
547978,53165,29193,26234
547998,53215,29210,26235
548018,53223,29118,26236
548038,53223,29177,26237
548058,53246,29128,26238
548078,53199,29039,26239
548098,53213,29021,26240
548118,53223,29020,26241
548138,53183,29118,26242
548158,53183,29109,26243
548178,53196,29117,26244
548198,53185,29155,26245
548218,53179,29206,26246
548238,53227,29130,26247
548258,53869,29143,26248
548278,53842,29224,26249
548298,53845,29191,26250
548318,53880,29166,26251
548338,53867,29280,26252
548358,53820,29192,26253
548378,53862,29229,26254
548398,53842,29247,26255
548418,53819,29273,26256
548438,53858,29169,26257
548458,53834,29071,26258
548478,53803,29110,26259
548498,53844,29083,26260
548518,53881,29106,26261
548538,53837,29087,26262
548558,53872,29087,26263
548578,53863,29047,26264
548598,53873,29099,26265
548618,53818,29214,26266
548638,53858,29063,26267
548658,53851,29276,26268
548678,53857,29322,26269
548698,53854,29135,26270
548718,53815,29251,26271
548738,53856,29345,26272
548758,54433,29331,26273
548778,54482,29322,26274
548798,54471,29235,26275
548818,54480,29097,26276
548838,54467,29153,26277
548858,54453,29196,26278
548878,54478,29409,26279
548898,54481,29379,26280
548918,54458,29430,26281
548938,54447,29404,26282
548958,54441,29444,26283
548978,54447,29442,26284
548998,54464,29437,26285
549018,54448,29398,26286
549038,54446,29481,26287
549058,54483,29492,26288
549078,54472,29462,26289
549098,54481,29486,26290
549118,54472,29478,26291
549138,54493,29558,26292
549158,54418,29514,26293
549178,54473,29558,26294
549198,54456,29496,26295
549218,54429,29439,26296
549238,54452,29580,26297
549258,55659,29583,26298
549278,55634,29455,26299
549298,55703,29484,26300
549318,55662,29484,26301
549338,55694,29461,26302
549358,55646,29618,26303
549378,55698,29536,26304
549398,55717,29566,26305
549418,55677,29497,26306
549438,55716,29504,26307
549458,55683,29557,26308
549478,55697,29579,26309
549498,55689,29523,26310
549518,55660,29600,26311
549538,55684,29539,26312
549558,55672,29627,26313
549578,55676,29581,26314
549598,55680,29557,26315
549618,55668,29537,26316
549638,55674,29557,26317
549658,55658,29567,26318
549678,55711,29610,26319
549698,55693,29643,26320
549718,55656,29531,26321
549738,55679,29631,26322
549758,56223,29540,26323
549778,56259,29536,26324
549798,56242,29568,26325
549818,56230,29532,26326
549838,56300,29735,26327
549858,56248,29671,26328
549878,56250,29555,26329
549898,56244,29508,26330
549918,56255,29533,26331
549938,56254,29658,26332
549958,56246,29652,26333
549978,56242,29700,26334
549998,56234,29643,26335
550018,56235,29650,26336
550038,56242,29719,26337
550058,56235,29688,26338
550078,56265,29689,26339
550098,56297,29684,26340
550118,56266,29711,26341
550138,56249,29752,26342
550158,56274,29694,26343
550178,56253,29796,26344
550198,56245,29770,26345
550218,56254,29677,26346
550238,56242,29769,26347
550258,56781,29694,26348
550278,56810,29717,26349
550298,56780,29687,26350
550318,56786,29644,26351
550338,56796,29684,26352
550358,56816,29719,26353
550378,56822,29803,26354
550398,56797,29682,26355
550418,56803,29717,26356
550438,56828,29674,26357
550458,56788,29562,26358
550478,56823,29640,26359
550498,56833,29683,26360
550518,56776,29772,26361
550538,56797,29758,26362
550558,56782,29672,26363
550578,56794,29841,26364
550598,56794,29818,26365
550618,56805,29830,26366
550638,56813,29753,26367
550658,56822,29750,26368
550678,56786,29768,26369
550698,56801,29893,26370
550718,56803,29869,26371
550738,56815,29840,26372
550758,57755,29911,26373
550778,57896,29920,26374
550798,57908,29875,26375
550818,57901,29888,26376
550838,57921,29767,26377
550858,57914,29798,26378
550878,57878,29892,26379
550898,57855,29796,26380
550918,57877,29765,26381
550938,57921,29857,26382
550958,57919,29882,26383
550978,57880,29972,26384
550998,57904,30014,26385
551018,57887,29937,26386
551038,57906,29972,26387
551058,57901,29960,26388
551078,57898,30005,26389
551098,57937,30009,26390
551118,57938,29977,26391
551138,57926,29960,26392
551158,57887,29944,26393
551178,57937,29972,26394
551198,57874,30013,26395
551218,57887,30019,26396
551238,57888,29959,26397
551258,58352,30032,26398
551278,58479,30012,26399
551298,58361,29997,26400
551318,58375,29957,26401
551338,58384,29824,26402
551358,58430,29854,26403
551378,58430,29877,26404
551398,58418,29940,26405
551418,58439,29976,26406
551438,58387,30056,26407
551458,58394,30149,26408
551478,58394,30006,26409
551498,58397,29972,26410
551518,58400,30040,26411
551538,58376,30021,26412
551558,58401,30136,26413
551578,58391,30099,26414
551598,58465,30064,26415
551618,58435,30006,26416
551638,58443,30155,26417
551658,58377,30179,26418
551678,58378,30168,26419
551698,58409,30029,26420
551718,58396,30071,26421
551738,58437,30151,26422
551758,58771,30073,26423
551778,58890,30095,26424
551798,58905,30023,26425
551818,58891,30054,26426
551838,58942,30193,26427
551858,58927,30175,26428
551878,58939,30170,26429
551898,58895,30178,26430
551918,58929,30209,26431
551938,58884,30188,26432
551958,58905,30264,26433
551978,58893,30259,26434
551998,58894,30216,26435
552018,58912,30289,26436
552038,58926,30311,26437
552058,58902,30271,26438
552078,58876,30223,26439
552098,58922,30216,26440
552118,58932,30116,26441
552138,58940,30174,26442
552158,58922,30106,26443
552178,58897,30150,26444
552198,58898,30176,26445
552218,58897,30049,26446
552238,58954,29989,26447
552258,58939,30013,26448
552278,59430,30082,26449
552298,59459,30105,26450
552318,59429,30168,26451
552338,59377,30229,26452
552358,59375,30176,26453
552378,59406,30168,26454
552398,59430,30196,26455
552418,59430,30335,26456
552438,59423,30329,26457
552458,59445,30300,26458
552478,59406,30271,26459
552498,59437,30143,26460
552518,59384,30109,26461
552538,59391,30109,26462
552558,59428,30273,26463
552578,59398,30384,26464
552598,59372,30391,26465
552618,59387,30483,26466
552638,59444,30374,26467
552658,59408,30367,26468
552678,59442,30496,26469
552698,59442,30417,26470
552718,59407,30488,26471
552738,59438,30373,26472
552758,60141,30477,26473
552778,60328,30432,26474
552798,60346,30459,26475
552818,60366,30458,26476
552838,60336,30393,26477
552858,60344,30439,26478
552878,60351,30547,26479
552898,60345,30416,26480
552918,60343,30563,26481
552938,60315,30431,26482
552958,60353,30507,26483
552978,60345,30500,26484
552998,60389,30641,26485
553018,60318,30499,26486
553038,60395,30550,26487
553058,60377,30554,26488
553078,60355,30552,26489
553098,60303,30626,26490
553118,60382,30596,26491
553138,60329,30579,26492
553158,60374,30557,26493
553178,60315,30571,26494
553198,60346,30637,26495
553218,60326,30637,26496
553238,60340,30590,26497
553258,60459,30548,26498
553278,60814,30613,26499
553298,60782,30658,26500
553318,60829,30635,26501
553338,60774,30624,26502
553358,60809,30767,26503
553378,60743,30673,26504
553398,60769,30638,26505
553418,60770,30619,26506
553438,60785,30684,26507
553458,60726,30629,26508
553478,60767,30683,26509
553498,60808,30741,26510
553518,60770,30481,26511
553538,60803,30591,26512
553558,60799,30663,26513
553578,60789,30708,26514
553598,60773,30700,26515
553618,60801,30694,26516
553638,60754,30742,26517
553658,60758,30670,26518
553678,60779,30678,26519
553698,60774,30765,26520
553718,60770,30708,26521
553738,60775,30774,26522
553758,61047,30795,26523
553778,61185,30783,26524
553798,61204,30765,26525
553818,61204,30763,26526
553838,61206,30820,26527
553858,61268,30770,26528
553878,61234,30748,26529
553898,61170,30717,26530
553918,61218,30723,26531
553938,61172,30653,26532
553958,61213,30715,26533
553978,61211,30825,26534
553998,61173,30756,26535
554018,61183,30756,26536
554038,61187,30793,26537
554058,61177,30808,26538
554078,61179,30842,26539
554098,61165,30742,26540
554118,61260,30726,26541
554138,61227,30878,26542
554158,61234,30863,26543
554178,61262,30752,26544
554198,61219,30801,26545
554218,61235,30850,26546
554238,61245,30956,26547
554258,61707,30945,26548
554278,62017,30805,26549
554298,62042,30820,26550
554318,62005,30871,26551
554338,61995,30893,26552
554358,61995,30948,26553
554378,62022,30914,26554
554398,62019,31016,26555
554418,62029,30968,26556
554438,61973,30964,26557
554458,62028,30903,26558
554478,62052,30770,26559
554498,62071,30804,26560
554518,62058,30942,26561
554538,62015,30904,26562
554558,62056,30914,26563
554578,62076,31045,26564
554598,62018,31059,26565
554618,62064,31110,26566
554638,62028,31154,26567
554658,61982,31048,26568
554678,62052,31056,26569
554698,62038,31058,26570
554718,61982,31076,26571
554738,62016,31115,26572
554758,62287,31046,26573
554778,62396,31084,26574
554798,62429,31173,26575
554818,62465,31164,26576
554838,62387,31192,26577
554858,62445,31093,26578
554878,62372,31190,26579
554898,62388,31172,26580
554918,62361,31209,26581
554938,62370,31150,26582
554958,62366,31186,26583
554978,62389,31207,26584
554998,62344,31273,26585
555018,62390,31212,26586
555038,62371,31119,26587
555058,62393,31152,26588
555078,62421,31193,26589
555098,62376,31204,26590
555118,62411,31295,26591
555138,62397,31234,26592
555158,62361,31203,26593
555178,62389,31249,26594
555198,62366,31138,26595
555218,62357,31301,26596
555238,62426,31153,26597
555258,62573,31138,26598
555278,62702,31269,26599
555298,62774,31270,26600
555318,62758,31169,26601
555338,62753,31070,26602
555358,62717,31081,26603
555378,62722,31074,26604
555398,62714,31062,26605
555418,62714,30982,26606
555438,62729,31099,26607
555458,62729,31168,26608
555478,62694,31187,26609
555498,62740,31280,26610
555518,62708,31298,26611
555538,62707,31277,26612
555558,62692,31336,26613
555578,62723,31330,26614
555598,62745,31320,26615
555618,62754,31369,26616
555638,62735,31292,26617
555658,62755,31332,26618
555678,62729,31386,26619
555698,62733,31388,26620
555718,62760,31357,26621
555738,62696,31404,26622
555758,62941,31403,26623
555778,63039,31352,26624
555798,63054,31366,26625
555818,62981,31273,26626
555838,63112,31211,26627
555858,63109,31297,26628
555878,63073,31231,26629
555898,62989,31091,26630
555918,63105,31203,26631
555938,63081,31263,26632
555958,63088,31249,26633
555978,63030,31369,26634
555998,63009,31378,26635
556018,63045,31436,26636
556038,63010,31388,26637
556058,63082,31391,26638
556078,63115,31515,26639
556098,63048,31430,26640
556118,63039,31332,26641
556138,63044,31535,26642
556158,63045,31493,26643
556178,63060,31501,26644
556198,63085,31464,26645
556218,63091,31432,26646
556238,63076,31372,26647
556258,63289,31283,26648
556278,63698,31480,26649
556298,63735,31434,26650
556318,63715,31523,26651
556338,63687,31547,26652
556358,63676,31633,26653
556378,63706,31484,26654
556398,63701,31518,26655
556418,63678,31551,26656
556438,63712,31615,26657
556458,63710,31663,26658
556478,63695,31712,26659
556498,63650,31543,26660
556518,63734,31671,26661
556538,63729,31741,26662
556558,63740,31539,26663
556578,63783,31694,26664
556598,63709,31693,26665
556618,63683,31743,26666
556638,63783,31806,26667
556658,63676,31651,26668
556678,63732,31584,26669
556698,63718,31572,26670
556718,63671,31717,26671
556738,63682,31706,26672
556758,63842,31761,26673
556778,64005,31678,26674
556798,63962,31682,26675
556818,63989,31779,26676
556838,63906,31714,26677
556858,63983,31729,26678
556878,63972,31655,26679
556898,63992,31738,26680
556918,63998,31760,26681
556938,64012,31755,26682
556958,63972,31777,26683
556978,63969,31605,26684
556998,63960,31750,26685
557018,63950,31637,26686
557038,63999,31762,26687
557058,63944,31721,26688
557078,64005,31771,26689
557098,64042,31864,26690
557118,63956,31834,26691
557138,63999,31812,26692
557158,63990,31816,26693
557178,63970,31733,26694
557198,63988,31842,26695
557218,63968,31874,26696
557238,63962,31776,26697
557258,64117,31898,26698
557278,64203,31753,26699
557298,64243,31873,26700
557318,64233,31830,26701
557338,64215,31813,26702
557358,64211,31835,26703
557378,64240,31865,26704
557398,64236,31906,26705
557418,64181,31895,26706
557438,64227,31832,26707
557458,64224,31841,26708
557478,64277,31902,26709
557498,64254,31933,26710
557518,64243,31958,26711
557538,64259,31881,26712
557558,64281,31974,26713
557578,64204,31954,26714
557598,64204,32038,26715
557618,64211,31889,26716
557638,64253,32078,26717
557658,64188,31976,26718
557678,64255,31943,26719
557698,64219,31978,26720
557718,64259,31919,26721
557738,64271,32049,26722
557758,64340,32044,26723
557778,64477,32083,26724
557798,64471,32030,26725
557818,64467,31984,26726
557838,64469,31919,26727
557858,64435,32058,26728
557878,64447,32083,26729
557898,64435,32015,26730
557918,64477,32005,26731
557938,64494,32072,26732
557958,64468,32020,26733
557978,64444,31940,26734
557998,64493,31842,26735
558018,64438,31976,26736
558038,64471,31941,26737
558058,64452,32046,26738
558078,64429,32055,26739
558098,64459,32091,26740
558118,64484,32080,26741
558138,64458,32094,26742
558158,64458,32003,26743
558178,64458,32124,26744
558198,64501,32118,26745
558218,64455,32206,26746
558238,64495,32096,26747
558258,64438,32051,26748
558278,64878,32278,26749
558298,64844,32191,26750
558318,64892,32204,26751
558338,64913,32191,26752
558358,64861,32186,26753
558378,64877,32189,26754
558398,64904,32098,26755
558418,64851,32214,26756
558438,64893,32162,26757
558458,64826,32178,26758
558478,64899,32201,26759
558498,64901,32228,26760
558518,64871,32113,26761
558538,64869,32105,26762
558558,64850,32136,26763
558578,64866,32106,26764
558598,64847,32195,26765
558618,64882,32155,26766
558638,64868,32096,26767
558658,64855,32165,26768
558678,64853,32035,26769
558698,64857,31983,26770
558718,64880,31998,26771
558738,64827,32092,26772
558758,64894,32038,26773
558778,65023,31967,26774
558798,65076,32162,26775
558818,65046,32145,26776
558838,65072,32087,26777
558858,65052,32311,26778
558878,65008,32305,26779
558898,65024,32299,26780
558918,65024,32416,26781
558938,65023,32298,26782
558958,65047,32178,26783
558978,65064,32160,26784
558998,65020,32274,26785
559018,65030,32354,26786
559038,65030,32327,26787
559058,65033,32338,26788
559078,65040,32289,26789
559098,65020,32388,26790
559118,65070,32337,26791
559138,65054,32333,26792
559158,65044,32315,26793
559178,65030,32329,26794
559198,65036,32196,26795
559218,65057,32178,26796
559238,65013,32274,26797
559258,65095,32272,26798
559278,65162,32344,26799
559298,65132,32293,26800
559318,65124,32055,26801
559338,65147,32271,26802
559358,65132,32256,26803
559378,65138,32256,26804
559398,65146,32468,26805
559418,65146,32526,26806
559438,65131,32428,26807
559458,65142,32291,26808
559478,65144,32313,26809
559498,65131,32298,26810
559518,65137,32286,26811
559538,65157,32494,26812
559558,65155,32499,26813
559578,65120,32494,26814
559598,65144,32592,26815
559618,65159,32544,26816
559638,65137,32496,26817
559658,65130,32595,26818
559678,65166,32526,26819
559698,65140,32614,26820
559718,65144,32655,26821
559738,65142,32635,26822
559758,65128,32658,26823
559778,65136,32644,26824
559798,65173,32676,26825
559818,65144,32603,26826
559838,65168,32629,26827
559858,65146,32608,26828
559878,65152,32649,26829
559898,65154,32659,26830
559918,65140,32619,26831
559938,65164,32596,26832
559958,65159,32614,26833
559978,65168,32604,26834
559998,65165,32610,26835
560018,65152,32770,26836
560038,65114,32659,26837
560058,65107,32638,26838
560078,65128,32618,26839
560098,65150,32618,26840
560118,65163,32635,26841
560138,65165,32644,26842
560158,65159,32654,26843
560178,65128,32636,26844
560198,65123,32680,26845
560218,65100,32652,26846
560238,65109,32622,26847
560258,65141,32742,26848
560278,65136,32666,26849
560298,65129,32681,26850
560318,65140,32714,26851
560338,65151,32740,26852
560358,65114,32844,26853
560378,65093,32814,26854
560398,65144,32762,26855
560418,65119,32651,26856
560438,65160,32681,26857
560458,65123,32811,26858
560478,65129,32701,26859
560498,65111,32765,26860
560518,65126,32869,26861
560538,65118,32797,26862
560558,65145,32930,26863
560578,65091,32883,26864
560598,65149,32726,26865
560618,65225,32867,26866
560638,65170,32822,26867
560658,65138,32924,26868
560678,65138,32809,26869
560698,65139,32831,26870
560718,65138,32916,26871
560738,65103,32764,26872
560758,65100,32888,26873
560778,65143,32806,26874
560798,65144,32793,26875
560818,65154,32884,26876
560838,65138,32871,26877
560858,65108,32926,26878
560878,65128,32920,26879
560898,65134,32798,26880
560918,65096,32775,26881
560938,65152,32810,26882
560958,65141,32850,26883
560978,65166,32885,26884
560998,65167,32948,26885
561018,65110,32892,26886
561038,65157,32845,26887
561058,65136,32671,26888
561078,65152,32665,26889
561098,65060,32613,26890
561118,65123,32728,26891
561138,65139,33005,26892
561158,65132,32945,26893
561178,65153,32950,26894
561198,65154,32943,26895
561218,65176,33046,26896
561238,65144,33128,26897
561258,65140,33076,26898
561278,65134,33014,26899
561298,65112,33148,26900
561318,65103,33033,26901
561338,65163,32951,26902
561358,65088,32929,26903
561378,65156,32881,26904
561398,65116,32905,26905
561418,65169,32818,26906
561438,65138,32966,26907
561458,65123,32880,26908
561478,65134,32903,26909
561498,65154,32984,26910
561518,65100,33119,26911
561538,65147,32993,26912
561558,65134,33123,26913
561578,65169,33139,26914
561598,65131,33197,26915
561618,65130,33244,26916
561638,65089,33263,26917
561658,65106,33208,26918
561678,65147,33118,26919
561698,65143,32967,26920
561718,65094,32843,26921
561738,65142,33036,26922
561758,65132,33075,26923
561778,65124,33120,26924
561798,65150,33184,26925
561818,65132,33233,26926
561838,65160,33170,26927
561858,65155,33205,26928
561878,65126,33225,26929
561898,65134,33293,26930
561918,65118,33399,26931
561938,65143,33272,26932
561958,65158,33267,26933
561978,65145,33267,26934
561998,65129,33232,26935
562018,65127,33124,26936
562038,65133,33141,26937
562058,65090,33118,26938
562078,65138,32993,26939
562098,65124,33157,26940
562118,65142,33295,26941
562138,65104,33251,26942
562158,65142,33308,26943
562178,65149,33288,26944
562198,65133,33429,26945
562218,65180,33352,26946
562238,65127,33300,26947
562258,65121,33362,26948
562278,65155,33342,26949
562298,65123,33447,26950
562318,65156,33376,26951
562338,65198,33280,26952
562358,65168,33344,26953
562378,65113,33303,26954
562398,65107,33275,26955
562418,65205,33285,26956
562438,65122,33366,26957
562458,65137,33441,26958
562478,65115,33379,26959
562498,65122,33427,26960
562518,65132,33368,26961
562538,65133,33344,26962
562558,65069,33381,26963
562578,65157,33427,26964
562598,65157,33499,26965
562618,65139,33496,26966
562638,65150,33458,26967
562658,65128,33504,26968
562678,65100,33518,26969
562698,65131,33486,26970
562718,65113,33337,26971
562738,65206,33580,26972
562758,65217,33443,26973
562778,65147,33432,26974
562798,65141,33397,26975
562818,65120,33419,26976
562838,65129,33516,26977
562858,65102,33576,26978
562878,65155,33447,26979
562898,65091,33460,26980
562918,65141,33399,26981
562938,65151,33520,26982
562958,65099,33518,26983
562978,65132,33487,26984
562998,65114,33503,26985
563018,65196,33500,26986
563038,65142,33552,26987
563058,65138,33532,26988
563078,65122,33591,26989
563098,65145,33532,26990
563118,65197,33597,26991
563138,65151,33669,26992
563158,65180,33515,26993
563178,65159,33422,26994
563198,65138,33550,26995
563218,65135,33601,26996
563238,65140,33543,26997
563258,65119,33563,26998
563278,65112,33591,26999
563298,65136,33504,27000
563318,65133,33308,27001
563338,65163,33349,27002
563358,65155,33363,27003
563378,65180,33627,27004
563398,65165,33630,27005
563418,65194,33732,27006
563438,65182,33623,27007
563458,65139,33547,27008
563478,65166,33619,27009
563498,65110,33515,27010
563518,65144,33623,27011
563538,65157,33577,27012
563558,65145,33463,27013
563578,65159,33543,27014
563598,65162,33594,27015
563618,65111,33618,27016
563638,65148,33571,27017
563658,65147,33582,27018
563678,65092,33744,27019
563698,65157,33775,27020
563718,65172,33876,27021
563738,65095,33735,27022
563758,65171,33707,27023
563778,65233,33618,27024
563798,65151,33632,27025
563818,65124,33670,27026
563838,65129,33639,27027
563858,65120,33663,27028
563878,65104,33843,27029
563898,65152,33696,27030
563918,65165,33813,27031
563938,65163,33722,27032
563958,65110,33802,27033
563978,65155,33886,27034
563998,65108,33924,27035
564018,65146,33947,27036
564038,65151,33878,27037
564058,65143,33941,27038
564078,65126,33963,27039
564098,65138,33952,27040
564118,65153,33815,27041
564138,65157,33740,27042
564158,65135,33820,27043
564178,65111,33723,27044
564198,65122,33770,27045
564218,65143,33659,27046
564238,65159,33940,27047
564258,65134,34010,27048
564278,65132,33972,27049
564298,65176,34050,27050
564318,65176,33983,27051
564338,65126,33935,27052
564358,65153,34051,27053
564378,65159,33991,27054
564398,65104,33948,27055
564418,65147,33905,27056
564438,65257,33913,27057
564458,65243,34091,27058
564478,65166,33945,27059
564498,65170,34074,27060
564518,65188,33980,27061
564538,65185,33963,27062
564558,65143,33955,27063
564578,65206,34024,27064
564598,65088,33991,27065
564618,65172,34009,27066
564638,65136,33995,27067
564658,65125,34162,27068
564678,65125,34070,27069
564698,65144,34060,27070
564718,65144,34161,27071
564738,65150,34072,27072
564758,65168,34125,27073
564778,65172,34160,27074
564798,65133,34277,27075
564818,65160,34141,27076
564838,65117,34124,27077
564858,65073,34094,27078
564878,65162,34142,27079
564898,65091,34196,27080
564918,65156,34027,27081
564938,65186,34069,27082
564958,65138,34144,27083
564978,65086,34139,27084
564998,65114,34235,27085
565018,65091,34088,27086
565038,65144,34176,27087
565058,65116,34180,27088
565078,65120,34157,27089
565098,65204,34151,27090
565118,65125,34207,27091
565138,65110,34118,27092
565158,65129,34124,27093
565178,65139,34174,27094
565198,65131,34103,27095
565218,65105,34205,27096
565238,65152,34209,27097
565258,65182,34184,27098
565278,65195,34298,27099
565298,65091,34156,27100
565318,65215,34208,27101
565338,65137,34239,27102
565358,65163,34180,27103
565378,65108,34307,27104
565398,65130,34316,27105
565418,65121,34351,27106
565438,65059,34307,27107
565458,65122,34238,27108
565478,65132,34188,27109
565498,65139,34071,27110
565518,65163,34340,27111
565538,65177,34278,27112
565558,65136,34214,27113
565578,65160,34252,27114
565598,65133,34092,27115
565618,65171,34243,27116
565638,65082,34185,27117
565658,65142,34240,27118
565678,65076,34166,27119
565698,65128,34166,27120
565718,65149,34316,27121
565738,65141,34329,27122
565758,65148,34257,27123
565778,65135,34330,27124
565798,65065,34430,27125
565818,65017,34548,27126
565838,65012,34425,27127
565858,65011,34403,27128
565878,65021,34283,27129
565898,65040,34261,27130
565918,65063,34258,27131
565938,65065,34214,27132
565958,65062,34438,27133
565978,65044,34478,27134
565998,65043,34461,27135
566018,64985,34540,27136
566038,65039,34444,27137
566058,65018,34478,27138
566078,65047,34478,27139
566098,65051,34501,27140
566118,65038,34559,27141
566138,65017,34523,27142
566158,65041,34614,27143
566178,65049,34562,27144
566198,65056,34577,27145
566218,65028,34524,27146
566238,65043,34436,27147
566258,64997,34352,27148
566278,64875,34270,27149
566298,64883,34214,27150
566318,64866,34393,27151
566338,64869,34461,27152
566358,64876,34571,27153
566378,64888,34516,27154
566398,64851,34629,27155
566418,64839,34560,27156
566438,64853,34644,27157
566458,64869,34625,27158
566478,64858,34631,27159
566498,64877,34729,27160
566518,64917,34612,27161
566538,64877,34616,27162
566558,64901,34584,27163
566578,64889,34662,27164
566598,64869,34605,27165
566618,64840,34466,27166
566638,64897,34573,27167
566658,64876,34558,27168
566678,64896,34686,27169
566698,64853,34792,27170
566718,64832,34755,27171
566738,64857,34692,27172
566758,64898,34670,27173
566778,64454,34730,27174
566798,64488,34862,27175
566818,64478,34671,27176
566838,64466,34876,27177
566858,64455,34808,27178
566878,64471,34803,27179
566898,64425,34806,27180
566918,64452,34726,27181
566938,64454,34744,27182
566958,64471,34785,27183
566978,64446,34730,27184
566998,64472,34823,27185
567018,64469,34652,27186
567038,64442,34754,27187
567058,64483,34795,27188
567078,64450,34813,27189
567098,64473,34778,27190
567118,64485,34745,27191
567138,64452,34758,27192
567158,64496,34730,27193
567178,64485,34766,27194
567198,64451,34746,27195
567218,64465,34791,27196
567238,64492,34786,27197
567258,64451,34834,27198
567278,64231,34829,27199
567298,64239,34789,27200
567318,64231,34694,27201
567338,64232,34798,27202
567358,64269,34804,27203
567378,64234,34786,27204
567398,64228,34694,27205
567418,64224,34574,27206
567438,64194,34642,27207
567458,64228,34810,27208
567478,64213,34836,27209
567498,64219,34735,27210
567518,64250,34813,27211
567538,64216,34813,27212
567558,64225,34782,27213
567578,64236,34719,27214
567598,64227,34713,27215
567618,64249,34876,27216
567638,64243,34940,27217
567658,64240,34977,27218
567678,64248,35023,27219
567698,64234,34902,27220
567718,64227,35036,27221
567738,64248,34964,27222
567758,64213,35014,27223
567778,63987,34931,27224
567798,63950,34772,27225
567818,63970,34863,27226
567838,63991,34888,27227
567858,63958,34931,27228
567878,63964,34904,27229
567898,63987,34879,27230
567918,63981,34889,27231
567938,63965,34820,27232
567958,63970,34871,27233
567978,63985,34821,27234
567998,63953,34939,27235
568018,63985,34914,27236
568038,64016,34938,27237
568058,63994,34994,27238
568078,63969,35021,27239
568098,63942,35074,27240
568118,63966,35115,27241
568138,63966,35092,27242
568158,63953,34954,27243
568178,63987,34777,27244
568198,63989,34898,27245
568218,63986,34958,27246
568238,63987,35078,27247
568258,63970,35193,27248
568278,63716,35126,27249
568298,63734,35160,27250
568318,63730,35188,27251
568338,63710,35186,27252
568358,63700,35186,27253
568378,63668,35118,27254
568398,63707,35137,27255
568418,63698,35113,27256
568438,63730,35139,27257
568458,63693,35132,27258
568478,63699,35076,27259
568498,63722,35050,27260
568518,63732,34994,27261
568538,63698,34987,27262
568558,63682,35114,27263
568578,63696,35088,27264
568598,63737,35078,27265
568618,63721,35185,27266
568638,63739,35269,27267
568658,63699,35281,27268
568678,63700,35245,27269
568698,63673,35299,27270
568718,63670,35273,27271
568738,63710,35227,27272
568758,63733,35224,27273
568778,63053,35261,27274
568798,63083,35232,27275
568818,63059,35220,27276
568838,63065,35303,27277
568858,63074,35196,27278
568878,63090,35284,27279
568898,63069,35322,27280
568918,63086,35295,27281
568938,63050,35407,27282
568958,63057,35336,27283
568978,63076,35458,27284
568998,63037,35443,27285
569018,63045,35432,27286
569038,63098,35366,27287
569058,63043,35301,27288
569078,63076,35427,27289
569098,63067,35361,27290
569118,63053,35432,27291
569138,63061,35399,27292
569158,63091,35396,27293
569178,63081,35496,27294
569198,63043,35447,27295
569218,63060,35391,27296
569238,63049,35355,27297
569258,63037,35390,27298
569278,62770,35450,27299
569298,62750,35345,27300
569318,62763,35401,27301
569338,62754,35355,27302
569358,62749,35388,27303
569378,62746,35434,27304
569398,62721,35456,27305
569418,62731,35398,27306
569438,62724,35407,27307
569458,62694,35419,27308
569478,62725,35471,27309
569498,62741,35410,27310
569518,62734,35464,27311
569538,62754,35458,27312
569558,62738,35434,27313
569578,62735,35479,27314
569598,62738,35454,27315
569618,62756,35410,27316
569638,62758,35380,27317
569658,62750,35449,27318
569678,62742,35463,27319
569698,62727,35490,27320
569718,62743,35461,27321
569738,62715,35550,27322
569758,62714,35672,27323
569778,62378,35582,27324
569798,62380,35684,27325
569818,62386,35561,27326
569838,62439,35583,27327
569858,62387,35541,27328
569878,62408,35514,27329
569898,62377,35559,27330
569918,62365,35534,27331
569938,62381,35569,27332
569958,62381,35630,27333
569978,62385,35548,27334
569998,62394,35609,27335
570018,62452,35639,27336
570038,62381,35545,27337
570058,62406,35578,27338
570078,62398,35487,27339
570098,62378,35582,27340
570118,62399,35558,27341
570138,62364,35575,27342
570158,62389,35643,27343
570178,62390,35561,27344
570198,62378,35565,27345
570218,62397,35522,27346
570238,62393,35629,27347
570258,62414,35640,27348
570278,62035,35422,27349
570298,62020,35739,27350
570318,62055,35668,27351
570338,62022,35706,27352
570358,61996,35604,27353
570378,62006,35468,27354
570398,62013,35555,27355
570418,61994,35587,27356
570438,62021,35400,27357
570458,62025,35548,27358
570478,62016,35615,27359
570498,62014,35799,27360
570518,61993,35787,27361
570538,62059,35792,27362
570558,62005,35661,27363
570578,62038,35689,27364
570598,62028,35797,27365
570618,62015,35712,27366
570638,62008,35707,27367
570658,62055,35655,27368
570678,62009,35721,27369
570698,62022,35692,27370
570718,62061,35671,27371
570738,62037,35590,27372
570758,62047,35491,27373
570778,61236,35548,27374
570798,61211,35643,27375
570818,61179,35719,27376
570838,61223,35821,27377
570858,61161,35790,27378
570878,61214,35814,27379
570898,61217,35859,27380
570918,61228,35906,27381
570938,61196,35806,27382
570958,61219,35697,27383
570978,61189,35683,27384
570998,61189,35715,27385
571018,61187,35749,27386
571038,61218,35755,27387
571058,61197,35595,27388
571078,61158,35712,27389
571098,61226,35621,27390
571118,61185,35855,27391
571138,61213,35877,27392
571158,61211,35903,27393
571178,61200,35954,27394
571198,61214,35924,27395
571218,61208,35962,27396
571238,61221,35939,27397
571258,61220,35949,27398
571278,60772,35885,27399
571298,60768,35597,27400
571318,60809,35715,27401
571338,60782,35779,27402
571358,60776,35735,27403
571378,60779,35970,27404
571398,60771,35886,27405
571418,60788,35978,27406
571438,60772,35883,27407
571458,60766,35912,27408
571478,60757,35993,27409
571498,60782,35915,27410
571518,60792,35882,27411
571538,60803,35868,27412
571558,60824,35867,27413
571578,60801,35934,27414
571598,60788,35951,27415
571618,60788,35996,27416
571638,60775,35924,27417
571658,60769,35901,27418
571678,60780,35943,27419
571698,60778,35935,27420
571718,60781,35871,27421
571738,60777,35926,27422
571758,60786,35956,27423
571778,60372,35990,27424
571798,60366,35999,27425
571818,60399,36030,27426
571838,60349,36012,27427
571858,60388,36131,27428
571878,60341,36135,27429
571898,60327,36093,27430
571918,60350,36037,27431
571938,60329,36054,27432
571958,60359,36145,27433
571978,60307,36132,27434
571998,60340,36039,27435
572018,60335,36040,27436
572038,60375,36013,27437
572058,60373,36140,27438
572078,60348,36037,27439
572098,60345,36077,27440
572118,60325,36055,27441
572138,60339,36140,27442
572158,60337,36099,27443
572178,60382,35998,27444
572198,60351,36092,27445
572218,60353,36005,27446
572238,60388,36118,27447
572258,60375,36068,27448
572278,59443,36072,27449
572298,59423,36083,27450
572318,59410,36048,27451
572338,59376,36165,27452
572358,59416,36143,27453
572378,59389,36185,27454
572398,59390,35927,27455
572418,59457,36056,27456
572438,59404,36073,27457
572458,59383,36035,27458
572478,59440,36036,27459
572498,59429,36247,27460
572518,59429,36108,27461
572538,59459,36026,27462
572558,59422,35989,27463
572578,59419,35930,27464
572598,59370,36185,27465
572618,59363,36154,27466
572638,59443,36287,27467
572658,59431,36096,27468
572678,59403,36251,27469
572698,59398,36203,27470
572718,59424,36310,27471
572738,59414,36340,27472
572758,59438,36191,27473
572778,58932,36101,27474
572798,58971,36018,27475
572818,58963,36066,27476
572838,58923,36088,27477
572858,58921,35897,27478
572878,58897,36097,27479
572898,58904,36096,27480
572918,58914,36070,27481
572938,58925,36026,27482
572958,58967,36134,27483
572978,58935,36130,27484
572998,58896,36214,27485
573018,58906,36308,27486
573038,58944,36236,27487
573058,58930,36310,27488
573078,58890,36288,27489
573098,58903,36168,27490
573118,58926,36346,27491
573138,58936,36339,27492
573158,58932,36326,27493
573178,58950,36135,27494
573198,58949,36209,27495
573218,58940,36254,27496
573238,58920,36313,27497
573258,58900,36106,27498
573278,58427,36142,27499
573298,58423,36144,27500
573318,58388,36385,27501
573338,58390,36351,27502
573358,58437,36333,27503
573378,58404,36270,27504
573398,58402,36413,27505
573418,58384,36390,27506
573438,58448,36303,27507
573458,58400,36381,27508
573478,58406,36302,27509
573498,58418,36353,27510
573518,58427,36428,27511
573538,58458,36418,27512
573558,58369,36344,27513
573578,58418,36400,27514
573598,58396,36372,27515
573618,58372,36437,27516
573638,58436,36407,27517
573658,58408,36421,27518
573678,58417,36474,27519
573698,58408,36492,27520
573718,58397,36453,27521
573738,58416,36398,27522
573758,58424,36510,27523
573778,57905,36420,27524
573798,57929,36445,27525
573818,57927,36490,27526
573838,57878,36425,27527
573858,57897,36398,27528
573878,57932,36452,27529
573898,57941,36375,27530
573918,57932,36331,27531
573938,57925,36555,27532
573958,57874,36420,27533
573978,57948,36482,27534
573998,57880,36571,27535
574018,57900,36501,27536
574038,57904,36582,27537
574058,57913,36464,27538
574078,57951,36435,27539
574098,57920,36575,27540
574118,57924,36497,27541
574138,57894,36550,27542
574158,57952,36575,27543
574178,57950,36538,27544
574198,57949,36521,27545
574218,57917,36469,27546
574238,57955,36522,27547
574258,57954,36563,27548
574278,56850,36565,27549
574298,56807,36598,27550
574318,56803,36513,27551
574338,56799,36526,27552
574358,56801,36514,27553
574378,56774,36525,27554
574398,56739,36512,27555
574418,56783,36596,27556
574438,56807,36648,27557
574458,56801,36601,27558
574478,56819,36722,27559
574498,56876,36541,27560
574518,56806,36598,27561
574538,56818,36571,27562
574558,56827,36687,27563
574578,56779,36579,27564
574598,56790,36474,27565
574618,56844,36544,27566
574638,56791,36573,27567
574658,56756,36552,27568
574678,56795,36574,27569
574698,56751,36621,27570
574718,56817,36629,27571
574738,56790,36635,27572
574758,56816,36485,27573
574778,56388,36487,27574
574798,56291,36613,27575
574818,56248,36589,27576
574838,56242,36811,27577
574858,56248,36679,27578
574878,56281,36664,27579
574898,56229,36720,27580
574918,56223,36751,27581
574938,56242,36786,27582
574958,56278,36728,27583
574978,56240,36608,27584
574998,56251,36618,27585
575018,56222,36584,27586
575038,56231,36613,27587
575058,56251,36588,27588
575078,56253,36471,27589
575098,56209,36466,27590
575118,56259,36590,27591
575138,56245,36523,27592
575158,56320,36646,27593
575178,56266,36727,27594
575198,56255,36672,27595
575218,56256,36713,27596
575238,56240,36675,27597
575258,56267,36735,27598
575278,55693,36784,27599
575298,55685,36428,27600
575318,55670,36536,27601
575338,55671,36501,27602
575358,55667,36482,27603
575378,55672,36381,27604
575398,55662,36582,27605
575418,55649,36566,27606
575438,55667,36765,27607
575458,55652,36660,27608
575478,55687,36649,27609
575498,55706,36734,27610
575518,55697,36806,27611
575538,55668,36740,27612
575558,55665,36773,27613
575578,55692,36812,27614
575598,55675,36803,27615
575618,55696,36906,27616
575638,55700,36774,27617
575658,55661,36737,27618
575678,55657,36797,27619
575698,55681,36940,27620
575718,55688,36854,27621
575738,55695,36830,27622
575758,55713,36863,27623
575778,54453,36910,27624
575798,54436,36907,27625
575818,54395,36916,27626
575838,54427,36784,27627
575858,54391,36881,27628
575878,54438,36841,27629
575898,54475,36789,27630
575918,54470,36827,27631
575938,54483,36747,27632
575958,54465,36816,27633
575978,54452,36767,27634
575998,54470,36828,27635
576018,54468,36771,27636
576038,54436,36742,27637
576058,54472,36800,27638
576078,54443,36775,27639
576098,54434,36770,27640
576118,54456,36783,27641
576138,54486,36969,27642
576158,54420,36880,27643
576178,54501,36854,27644
576198,54479,36972,27645
576218,54448,36863,27646
576238,54470,36890,27647
576258,54450,36935,27648
576278,53829,37020,27649
576298,53798,36904,27650
576318,53783,36926,27651
576338,53830,36948,27652
576358,53785,36902,27653
576378,53842,37020,27654
576398,53819,36891,27655
576418,53836,36951,27656
576438,53833,36939,27657
576458,53857,36890,27658
576478,53843,36916,27659
576498,53793,36926,27660
576518,53767,36865,27661
576538,53824,36857,27662
576558,53842,36946,27663
576578,53810,36902,27664
576598,53910,36917,27665
576618,53839,36785,27666
576638,53809,36944,27667
576658,53845,36865,27668
576678,53820,36873,27669
576698,53830,36876,27670
576718,53820,36879,27671
576738,53819,36847,27672
576758,53777,36888,27673
576778,53203,36835,27674
576798,53138,36877,27675
576818,53212,36912,27676
576838,53216,36955,27677
576858,53146,36973,27678
576878,53227,36869,27679
576898,53217,36856,27680
576918,53173,36881,27681
576938,53224,36878,27682
576958,53170,36813,27683
576978,53199,36794,27684
576998,53207,36930,27685
577018,53192,37046,27686
577038,53178,37022,27687
577058,53177,37044,27688
577078,53134,37082,27689
577098,53171,37061,27690
577118,53158,37071,27691
577138,53181,36979,27692
577158,53208,36903,27693
577178,53159,36909,27694
577198,53171,36963,27695
577218,53138,36920,27696
577238,53147,36926,27697
577258,53179,36885,27698
577278,52511,36866,27699
577298,52549,37106,27700
577318,52559,37028,27701
577338,52537,36858,27702
577358,52554,36940,27703
577378,52537,36843,27704
577398,52519,36947,27705
577418,52512,37092,27706
577438,52508,37043,27707
577458,52533,37076,27708
577478,52566,36950,27709
577498,52530,36754,27710
577518,52556,36772,27711
577538,52539,36826,27712
577558,52599,36884,27713
577578,52579,37083,27714
577598,52497,37086,27715
577618,52524,37106,27716
577638,52548,37035,27717
577658,52538,37118,27718
577678,52502,37083,27719
577698,52468,37160,27720
577718,52554,37137,27721
577738,52515,37069,27722
577758,52596,37194,27723
577778,51225,37105,27724
577798,51232,37127,27725
577818,51224,37076,27726
577838,51199,37027,27727
577858,51183,36980,27728
577878,51196,36962,27729
577898,51143,37027,27730
577918,51225,36907,27731
577938,51218,36838,27732
577958,51223,37031,27733
577978,51255,37046,27734
577998,51205,37074,27735
578018,51257,37126,27736
578038,51187,37088,27737
578058,51190,37088,27738
578078,51228,37158,27739
578098,51226,37177,27740
578118,51227,37158,27741
578138,51247,37186,27742
578158,51205,37125,27743
578178,51245,37166,27744
578198,51230,37245,27745
578218,51126,37105,27746
578238,51231,37061,27747
578258,51200,37092,27748
578278,50526,37112,27749
578298,50498,37107,27750
578318,50545,37171,27751
578338,50507,37160,27752
578358,50526,37191,27753
578378,50556,37269,27754
578398,50515,37234,27755
578418,50535,37227,27756
578438,50566,37236,27757
578458,50526,37244,27758
578478,50550,37282,27759
578498,50530,37192,27760
578518,50506,37228,27761
578538,50519,37196,27762
578558,50537,37276,27763
578578,50483,37300,27764
578598,50512,37213,27765
578618,50532,37212,27766
578638,50535,37176,27767
578658,50549,37214,27768
578678,50540,37267,27769
578698,50534,37154,27770
578718,50505,37237,27771
578738,50512,37244,27772
578758,50513,37240,27773
578778,49828,37300,27774
578798,49839,37175,27775
578818,49840,37196,27776
578838,49848,37205,27777
578858,49848,37212,27778
578878,49847,37264,27779
578898,49845,37207,27780
578918,49855,37251,27781
578938,49849,37214,27782
578958,49832,37244,27783
578978,49842,37268,27784
578998,49877,36989,27785
579018,49848,37123,27786
579038,49851,37181,27787
579058,49838,37279,27788
579078,49857,37267,27789
579098,49843,37222,27790
579118,49839,37197,27791
579138,49828,37161,27792
579158,49818,37064,27793
579178,49876,37015,27794
579198,49860,36879,27795
579218,49860,36987,27796
579238,49832,37153,27797
579258,49854,37345,27798
579278,48478,37321,27799
579298,48427,36922,27800
579318,48420,37122,27801
579338,48449,37183,27802
579358,48463,37229,27803
579378,48447,37336,27804
579398,48423,37291,27805
579418,48407,37126,27806
579438,48416,37120,27807
579458,48439,37133,27808
579478,48503,37113,27809
579498,48432,37197,27810
579518,48450,37170,27811
579538,48448,37144,27812
579558,48434,37083,27813
579578,48452,37079,27814
579598,48440,37074,27815
579618,48409,37148,27816
579638,48477,37134,27817
579658,48416,37074,27818
579678,48450,37246,27819
579698,48470,37210,27820
579718,48441,37146,27821
579738,48423,37186,27822
579758,48454,37232,27823
579778,47709,37163,27824
579798,47726,37063,27825
579818,47718,37131,27826
579838,47709,37089,27827
579858,47732,37128,27828
579878,47732,37165,27829
579898,47743,37433,27830
579918,47742,37368,27831
579938,47719,37472,27832
579958,47699,37353,27833
579978,47721,37387,27834
579998,47727,37385,27835
580018,47710,37423,27836
580038,47689,37387,27837
580058,47741,37334,27838
580078,47745,37249,27839
580098,47747,37253,27840
580118,47752,37206,27841
580138,47756,37284,27842
580158,47717,37182,27843
580178,47730,37276,27844
580198,47707,37377,27845
580218,47733,37316,27846
580238,47729,37361,27847
580258,47724,37343,27848
580278,47459,37373,27849
580298,46990,37425,27850
580318,46987,37363,27851
580338,46974,37363,27852
580358,46984,37321,27853
580378,46939,37360,27854
580398,46945,37312,27855
580418,46951,37290,27856
580438,47020,37307,27857
580458,46993,37301,27858
580478,46951,37275,27859
580498,46975,37325,27860
580518,46960,37294,27861
580538,46992,37258,27862
580558,46963,37270,27863
580578,47002,37346,27864
580598,46964,37263,27865
580618,46959,37336,27866
580638,46981,37350,27867
580658,46970,37268,27868
580678,46958,37322,27869
580698,46969,37399,27870
580718,46954,37455,27871
580738,46957,37421,27872
580758,46994,37456,27873
580778,46255,37475,27874
580798,46263,37444,27875
580818,46230,37407,27876
580838,46198,37400,27877
580858,46241,37486,27878
580878,46223,37448,27879
580898,46235,37385,27880
580918,46217,37376,27881
580938,46211,37397,27882
580958,46243,37388,27883
580978,46248,37372,27884
580998,46239,37353,27885
581018,46265,37408,27886
581038,46222,37331,27887
581058,46230,37438,27888
581078,46199,37406,27889
581098,46221,37325,27890
581118,46282,37341,27891
581138,46247,37342,27892
581158,46239,37248,27893
581178,46232,37364,27894
581198,46241,37333,27895
581218,46238,37381,27896
581238,46208,37443,27897
581258,46216,37482,27898
581278,44685,37345,27899
581298,44738,37171,27900
581318,44740,37410,27901
581338,44694,37307,27902
581358,44731,37399,27903
581378,44738,37450,27904
581398,44732,37368,27905
581418,44727,37381,27906
581438,44738,37292,27907
581458,44743,37268,27908
581478,44734,37364,27909
581498,44721,37448,27910
581518,44723,37432,27911
581538,44697,37440,27912
581558,44700,37459,27913
581578,44690,37341,27914
581598,44743,37289,27915
581618,44724,37170,27916
581638,44720,37248,27917
581658,44758,37438,27918
581678,44737,37440,27919
581698,44731,37339,27920
581718,44730,37291,27921
581738,44713,37300,27922
581758,44736,37206,27923
581778,43985,37327,27924
581798,43955,37311,27925
581818,44004,37272,27926
581838,43994,37324,27927
581858,44003,37360,27928
581878,44009,37329,27929
581898,44007,37259,27930
581918,44017,37566,27931
581938,43973,37458,27932
581958,43980,37573,27933
581978,43988,37428,27934
581998,44010,37284,27935
582018,44023,37404,27936
582038,43978,37460,27937
582058,44018,37304,27938
582078,44008,37337,27939
582098,43988,37351,27940
582118,43936,37354,27941
582138,43966,37359,27942
582158,43992,37213,27943
582178,43984,37187,27944
582198,43985,37429,27945
582218,44001,37523,27946
582238,44018,37543,27947
582258,43992,37499,27948
582278,43296,37465,27949
582298,43232,37549,27950
582318,43252,37449,27951
582338,43255,37513,27952
582358,43244,37451,27953
582378,43242,37440,27954
582398,43257,37426,27955
582418,43245,37367,27956
582438,43231,37332,27957
582458,43275,37335,27958
582478,43242,37497,27959
582498,43244,37399,27960
582518,43234,37460,27961
582538,43228,37425,27962
582558,43300,37480,27963
582578,43214,37462,27964
582598,43277,37483,27965
582618,43260,37497,27966
582638,43217,37429,27967
582658,43255,37349,27968
582678,43230,37503,27969
582698,43167,37405,27970
582718,43268,37500,27971
582738,43244,37407,27972
582758,43236,37487,27973
582778,42542,37409,27974
582798,42495,37468,27975
582818,42458,37540,27976
582838,42379,37475,27977
582858,42438,37575,27978
582878,42435,37456,27979
582898,42434,37537,27980
582918,42426,37442,27981
582938,42457,37367,27982
582958,42435,37430,27983
582978,42454,37404,27984
582998,42428,37500,27985
583018,42433,37458,27986
583038,42430,37462,27987
583058,42460,37555,27988
583078,42447,37503,27989
583098,42455,37495,27990
583118,42462,37538,27991
583138,42411,37488,27992
583158,42411,37548,27993
583178,42410,37451,27994
583198,42432,37449,27995
583218,42447,37457,27996
583238,42472,37444,27997
583258,42460,37509,27998
583278,41057,37388,27999
583298,40863,37359,28000
583318,40963,37313,28001
583338,40881,37314,28002
583358,40864,37469,28003
583378,40840,37410,28004
583398,40870,37392,28005
583418,40882,37357,28006
583438,40894,37438,28007
583458,40860,37424,28008
583478,40862,37484,28009
583498,40858,37426,28010
583518,40909,37199,28011
583538,40893,37429,28012
583558,40860,37418,28013
583578,40863,37430,28014
583598,40884,37500,28015
583618,40882,37514,28016
583638,40855,37487,28017
583658,40861,37411,28018
583678,40881,37342,28019
583698,40825,37468,28020
583718,40901,37524,28021
583738,40867,37610,28022
583758,40878,37507,28023
583778,40223,37421,28024
583798,40077,37235,28025
583818,40113,37330,28026
583838,40127,37389,28027
583858,40083,37505,28028
583878,40090,37402,28029
583898,40096,37374,28030
583918,40093,37348,28031
583938,40122,37469,28032
583958,40124,37369,28033
583978,40120,37229,28034
583998,40136,37234,28035
584018,40099,37329,28036
584038,40091,37315,28037
584058,40083,37349,28038
584078,40075,37423,28039
584098,40113,37322,28040
584118,40154,37364,28041
584138,40113,37612,28042
584158,40094,37544,28043
584178,40067,37571,28044
584198,40108,37481,28045
584218,40106,37498,28046
584238,40070,37332,28047
584258,40043,37254,28048
584278,39519,37276,28049
584298,39319,37307,28050
584318,39314,37502,28051
584338,39324,37558,28052
584358,39346,37560,28053
584378,39352,37543,28054
584398,39373,37503,28055
584418,39401,37564,28056
584438,39342,37577,28057
584458,39323,37451,28058
584478,39349,37546,28059
584498,39303,37612,28060
584518,39307,37500,28061
584538,39308,37468,28062
584558,39321,37473,28063
584578,39378,37579,28064
584598,39354,37562,28065
584618,39319,37585,28066
584638,39340,37527,28067
584658,39325,37535,28068
584678,39315,37606,28069
584698,39302,37526,28070
584718,39319,37585,28071
584738,39335,37517,28072
584758,39316,37595,28073
584778,38106,37504,28074
584798,37745,37587,28075
584818,37699,37475,28076
584838,37698,37482,28077
584858,37710,37529,28078
584878,37711,37464,28079
584898,37712,37467,28080
584918,37699,37540,28081
584938,37720,37401,28082
584958,37725,37422,28083
584978,37751,37445,28084
584998,37724,37438,28085
585018,37719,37509,28086
585038,37738,37479,28087
585058,37693,37581,28088
585078,37742,37538,28089
585098,37720,37556,28090
585118,37691,37514,28091
585138,37693,37522,28092
585158,37685,37515,28093
585178,37703,37563,28094
585198,37691,37575,28095
585218,37727,37557,28096
585238,37707,37475,28097
585258,37762,37508,28098
585278,37148,37526,28099
585298,36910,37506,28100
585318,36913,37560,28101
585338,36841,37400,28102
585358,36896,37437,28103
585378,36921,37357,28104
585398,36872,37486,28105
585418,36900,37506,28106
585438,36912,37423,28107
585458,36898,37402,28108
585478,36901,37360,28109
585498,36897,37449,28110
585518,36873,37416,28111
585538,36911,37435,28112
585558,36901,37442,28113
585578,36895,37529,28114
585598,36919,37529,28115
585618,36914,37496,28116
585638,36888,37399,28117
585658,36913,37404,28118
585678,36857,37357,28119
585698,36923,37299,28120
585718,36911,37374,28121
585738,36883,37413,28122
585758,36898,37552,28123
585778,36912,37481,28124
585798,36122,37297,28125
585818,36088,37210,28126
585838,36097,37260,28127
585858,36105,37459,28128
585878,36107,37508,28129
585898,36097,37493,28130
585918,36086,37583,28131
585938,36051,37504,28132
585958,36069,37515,28133
585978,36083,37505,28134
585998,36065,37498,28135
586018,36085,37521,28136
586038,36079,37420,28137
586058,36097,37417,28138
586078,36097,37364,28139
586098,36108,37360,28140
586118,36084,37328,28141
586138,36088,37241,28142
586158,36098,37331,28143
586178,36093,37345,28144
586198,36059,37292,28145
586218,36103,37431,28146
586238,36089,37382,28147
586258,36085,37510,28148
586278,35582,37466,28149
586298,35293,37431,28150
586318,35296,37365,28151
586338,35283,37231,28152
586358,35322,37246,28153
586378,35310,37341,28154
586398,35318,37513,28155
586418,35287,37540,28156
586438,35324,37521,28157
586458,35303,37521,28158
586478,35308,37528,28159
586498,35297,37501,28160
586518,35291,37599,28161
586538,35296,37532,28162
586558,35288,37478,28163
586578,35289,37544,28164
586598,35306,37555,28165
586618,35287,37531,28166
586638,35317,37548,28167
586658,35326,37531,28168
586678,35278,37489,28169
586698,35324,37514,28170
586718,35289,37567,28171
586738,35328,37502,28172
586758,35304,37462,28173
586778,34288,37455,28174
586798,33675,37524,28175
586818,33655,37563,28176
586838,33639,37439,28177
586858,33668,37426,28178
586878,33644,37493,28179
586898,33657,37471,28180
586918,33657,37537,28181
586938,33676,37416,28182
586958,33691,37476,28183
586978,33691,37472,28184
586998,33684,37485,28185
587018,33706,37468,28186
587038,33674,37452,28187
587058,33671,37537,28188
587078,33670,37528,28189
587098,33649,37584,28190
587118,33670,37480,28191
587138,33656,37455,28192
587158,33664,37457,28193
587178,33686,37444,28194
587198,33682,37496,28195
587218,33684,37434,28196
587238,33693,37437,28197
587258,33696,37448,28198
587278,33205,37422,28199
587298,32878,37175,28200
587318,32864,37338,28201
587338,32887,37245,28202
587358,32874,37388,28203
587378,32894,37393,28204
587398,32927,37541,28205
587418,32927,37370,28206
587438,32869,37478,28207
587458,32898,37360,28208
587478,32904,37420,28209
587498,32883,37419,28210
587518,32909,37402,28211
587538,32870,37341,28212
587558,32879,37476,28213
587578,32878,37540,28214
587598,32884,37461,28215
587618,32870,37444,28216
587638,32893,37443,28217
587658,32881,37446,28218
587678,32900,37450,28219
587698,32893,37503,28220
587718,32884,37392,28221
587738,32890,37527,28222
587758,32877,37515,28223
587778,32456,37513,28224
587798,32069,37444,28225
587818,32098,37389,28226
587838,32087,37420,28227
587858,32064,37433,28228
587878,32072,37403,28229
587898,32087,37341,28230
587918,32069,37401,28231
587938,32074,37403,28232
587958,32089,37392,28233
587978,32065,37384,28234
587998,32080,37308,28235
588018,32079,37290,28236
588038,32092,37307,28237
588058,32070,37344,28238
588078,32108,37353,28239
588098,32110,37401,28240
588118,32079,37372,28241
588138,32092,37365,28242
588158,32088,37346,28243
588178,32069,37303,28244
588198,32059,37260,28245
588218,32081,37358,28246
588238,32062,37353,28247
588258,32085,37438,28248
588278,31270,37411,28249
588298,30442,37340,28250
588318,30461,37437,28251
588338,30467,37331,28252
588358,30459,37331,28253
588378,30467,37238,28254
588398,30454,37244,28255
588418,30434,37335,28256
588438,30429,37299,28257
588458,30450,37422,28258
588478,30444,37389,28259
588498,30436,37399,28260
588518,30424,37441,28261
588538,30438,37470,28262
588558,30437,37488,28263
588578,30454,37382,28264
588598,30497,37374,28265
588618,30482,37523,28266
588638,30433,37381,28267
588658,30448,37372,28268
588678,30455,37380,28269
588698,30424,37370,28270
588718,30454,37413,28271
588738,30480,37400,28272
588758,30426,37385,28273
588778,30086,37390,28274
588798,29680,37410,28275
588818,29675,37440,28276
588838,29667,37360,28277
588858,29690,37500,28278
588878,29677,37378,28279
588898,29667,37516,28280
588918,29653,37453,28281
588938,29658,37423,28282
588958,29675,37421,28283
588978,29684,37313,28284
588998,29652,37469,28285
589018,29657,37408,28286
589038,29679,37379,28287
589058,29648,37430,28288
589078,29656,37387,28289
589098,29657,37431,28290
589118,29679,37359,28291
589138,29655,37361,28292
589158,29619,37313,28293
589178,29639,37298,28294
589198,29638,37369,28295
589218,29661,37337,28296
589238,29676,37337,28297
589258,29650,37331,28298
589278,29323,37320,28299
589298,28865,37202,28300
589318,28885,37149,28301
589338,28900,37100,28302
589358,28880,37253,28303
589378,28853,37240,28304
589398,28887,37375,28305
589418,28873,37273,28306
589438,28859,37247,28307
589458,28876,37238,28308
589478,28849,37252,28309
589498,28857,37241,28310
589518,28856,37235,28311
589538,28858,37385,28312
589558,28827,37289,28313
589578,28875,37349,28314
589598,28897,37311,28315
589618,28917,37312,28316
589638,28878,37206,28317
589658,28866,37113,28318
589678,28837,37153,28319
589698,28845,37119,28320
589718,28843,37108,28321
589738,28850,37022,28322
589758,28834,36990,28323
589778,28547,37110,28324
589798,28063,37111,28325
589818,28046,37036,28326
589838,28060,37236,28327
589858,28037,37233,28328
589878,28045,37292,28329
589898,28021,37246,28330
589918,28068,37078,28331
589938,28011,37180,28332
589958,28023,37217,28333
589978,28027,37284,28334
589998,28069,37162,28335
590018,28056,37045,28336
590038,28074,36899,28337
590058,28072,37040,28338
590078,28057,37179,28339
590098,28047,37166,28340
590118,28053,37241,28341
590138,28057,37194,28342
590158,28030,37249,28343
590178,28006,37239,28344
590198,28095,37304,28345
590218,28032,37282,28346
590238,28052,37278,28347
590258,27992,37271,28348
590278,27451,37224,28349
590298,26385,37245,28350
590318,26428,37293,28351
590338,26412,37214,28352
590358,26431,37141,28353
590378,26445,37172,28354
590398,26465,37285,28355
590418,26470,37239,28356
590438,26432,37178,28357
590458,26446,37265,28358
590478,26431,37173,28359
590498,26446,37281,28360
590518,26407,37297,28361
590538,26419,37207,28362
590558,26434,37257,28363
590578,26430,37172,28364
590598,26417,37136,28365
590618,26429,37168,28366
590638,26435,37207,28367
590658,26440,37246,28368
590678,26437,37200,28369
590698,26453,37246,28370
590718,26423,37151,28371
590738,26408,37194,28372
590758,26452,37096,28373
590778,26467,37084,28374
590798,25668,37167,28375
590818,25659,37233,28376
590838,25649,37211,28377
590858,25622,37230,28378
590878,25629,37191,28379
590898,25652,37138,28380
590918,25674,37134,28381
590938,25664,37165,28382
590958,25672,37109,28383
590978,25663,37083,28384
590998,25634,37148,28385
591018,25634,37055,28386
591038,25627,37126,28387
591058,25654,37135,28388
591078,25658,37046,28389
591098,25656,37186,28390
591118,25611,37133,28391
591138,25618,37077,28392
591158,25634,37118,28393
591178,25681,36999,28394
591198,25677,37125,28395
591218,25670,37189,28396
591238,25682,37133,28397
591258,25672,37140,28398
591278,25673,37041,28399
591298,24872,36989,28400
591318,24906,37006,28401
591338,24906,37030,28402
591358,24829,37062,28403
591378,24893,36982,28404
591398,24828,36968,28405
591418,24914,37030,28406
591438,24871,36961,28407
591458,24911,37004,28408
591478,24897,37018,28409
591498,24917,37039,28410
591518,24884,37015,28411
591538,24902,36966,28412
591558,24890,36944,28413
591578,24898,36913,28414
591598,24868,36967,28415
591618,24857,36973,28416
591638,24839,36956,28417
591658,24851,36935,28418
591678,24883,37051,28419
591698,24849,37040,28420
591718,24887,37006,28421
591738,24915,36974,28422
591758,24880,36872,28423
591778,24515,36973,28424
591798,23355,37073,28425
591818,23305,36919,28426
591838,23344,36939,28427
591858,23324,36956,28428
591878,23306,37008,28429
591898,23329,37079,28430
591918,23332,37027,28431
591938,23300,37140,28432
591958,23303,36957,28433
591978,23302,36963,28434
591998,23323,36898,28435
592018,23290,36905,28436
592038,23317,36867,28437
592058,23327,36942,28438
592078,23307,37009,28439
592098,23340,36977,28440
592118,23362,36997,28441
592138,23361,36946,28442
592158,23343,36930,28443
592178,23324,36974,28444
592198,23355,36937,28445
592218,23300,37054,28446
592238,23289,36920,28447
592258,23325,37055,28448
592278,23118,37009,28449
592298,22512,36982,28450
592318,22497,36908,28451
592338,22543,36903,28452
592358,22516,36949,28453
592378,22517,36979,28454
592398,22550,36998,28455
592418,22576,36920,28456
592438,22524,36982,28457
592458,22568,36969,28458
592478,22515,36977,28459
592498,22495,36862,28460
592518,22525,36902,28461
592538,22479,36938,28462
592558,22505,37013,28463
592578,22520,36858,28464
592598,22537,36907,28465
592618,22580,36898,28466
592638,22534,36867,28467
592658,22528,36864,28468
592678,22560,36842,28469
592698,22481,36761,28470
592718,22541,36851,28471
592738,22476,36828,28472
592758,22535,36897,28473
592778,22376,36786,28474
592798,21800,36666,28475
592818,21770,36752,28476
592838,21793,36842,28477
592858,21764,36859,28478
592878,21785,36800,28479
592898,21790,36842,28480
592918,21793,36811,28481
592938,21733,36865,28482
592958,21781,36802,28483
592978,21823,36765,28484
592998,21740,36829,28485
593018,21732,36797,28486
593038,21734,36806,28487
593058,21790,36743,28488
593078,21740,36797,28489
593098,21759,36813,28490
593118,21782,36772,28491
593138,21772,36817,28492
593158,21780,36648,28493
593178,21813,36587,28494
593198,21752,36616,28495
593218,21753,36531,28496
593238,21766,36539,28497
593258,21704,36366,28498
593278,21668,36598,28499
593298,21023,36616,28500
593318,20931,36541,28501
593338,20992,36735,28502
593358,21038,36552,28503
593378,20989,36548,28504
593398,21056,36715,28505
593418,21035,36797,28506
593438,21021,36690,28507
593458,20998,36606,28508
593478,21022,36508,28509
593498,21034,36617,28510
593518,21032,36663,28511
593538,21004,36759,28512
593558,20998,36713,28513
593578,21034,36693,28514
593598,21013,36645,28515
593618,21045,36745,28516
593638,21025,36784,28517
593658,20994,36661,28518
593678,21035,36759,28519
593698,21033,36778,28520
593718,21011,36815,28521
593738,21035,36679,28522
593758,21064,36713,28523
593778,20849,36608,28524
593798,19486,36658,28525
593818,19513,36781,28526
593838,19498,36683,28527
593858,19537,36725,28528
593878,19498,36743,28529
593898,19502,36653,28530
593918,19504,36720,28531
593938,19491,36704,28532
593958,19474,36591,28533
593978,19495,36643,28534
593998,19479,36657,28535
594018,19502,36694,28536
594038,19503,36681,28537
594058,19493,36766,28538
594078,19545,36724,28539
594098,19488,36625,28540
594118,19543,36618,28541
594138,19487,36607,28542
594158,19503,36616,28543
594178,19453,36595,28544
594198,19467,36699,28545
594218,19503,36665,28546
594238,19496,36538,28547
594258,19517,36651,28548
594278,19482,36705,28549
594298,18799,36598,28550
594318,18795,36587,28551
594338,18788,36476,28552
594358,18798,36615,28553
594378,18752,36610,28554
594398,18786,36563,28555
594418,18769,36607,28556
594438,18761,36470,28557
594458,18773,36627,28558
594478,18762,36543,28559
594498,18803,36480,28560
594518,18775,36416,28561
594538,18789,36446,28562
594558,18805,36574,28563
594578,18762,36510,28564
594598,18774,36621,28565
594618,18753,36519,28566
594638,18758,36557,28567
594658,18741,36592,28568
594678,18763,36480,28569
594698,18745,36443,28570
594718,18804,36506,28571
594738,18775,36496,28572
594758,18785,36626,28573
594778,18748,36568,28574
594798,18030,36551,28575
594818,17998,36532,28576
594838,18016,36534,28577
594858,18057,36490,28578
594878,18018,36397,28579
594898,18019,36420,28580
594918,17994,36422,28581
594938,17986,36444,28582
594958,18058,36541,28583
594978,17993,36378,28584
594998,17994,36448,28585
595018,18026,36327,28586
595038,18027,36563,28587
595058,18014,36432,28588
595078,18051,36350,28589
595098,18019,36318,28590
595118,17965,36367,28591
595138,17996,36389,28592
595158,17990,36413,28593
595178,17991,36308,28594
595198,17983,36339,28595
595218,17987,36412,28596
595238,18007,36427,28597
595258,17995,36323,28598
595278,18038,36272,28599
595298,17312,36207,28600
595318,17317,36237,28601
595338,17335,36294,28602
595358,17280,36213,28603
595378,17251,36244,28604
595398,17279,36236,28605
595418,17317,36139,28606
595438,17294,36253,28607
595458,17324,36210,28608
595478,17301,36274,28609
595498,17217,36357,28610
595518,17283,36352,28611
595538,17303,36353,28612
595558,17307,36355,28613
595578,17285,36348,28614
595598,17270,36340,28615
595618,17330,36316,28616
595638,17343,36333,28617
595658,17302,36284,28618
595678,17304,36321,28619
595698,17324,36368,28620
595718,17309,36402,28621
595738,17317,36411,28622
595758,17285,36335,28623
595778,17281,36276,28624
595798,15920,36218,28625
595818,15870,36260,28626
595838,15902,36299,28627
595858,15891,36271,28628
595878,15880,36378,28629
595898,15856,36310,28630
595918,15875,36337,28631
595938,15864,36265,28632
595958,15878,36219,28633
595978,15894,36254,28634
595998,15890,36252,28635
596018,15864,36251,28636
596038,15898,36222,28637
596058,15885,36291,28638
596078,15874,36219,28639
596098,15859,36223,28640
596118,15870,36225,28641
596138,15889,36137,28642
596158,15881,36213,28643
596178,15939,36127,28644
596198,15892,36192,28645
596218,15877,36187,28646
596238,15857,36167,28647
596258,15878,36173,28648
596278,15853,36160,28649
596298,15199,35995,28650
596318,15211,36036,28651
596338,15174,35960,28652
596358,15184,36067,28653
596378,15186,36074,28654
596398,15196,36088,28655
596418,15200,36109,28656
596438,15234,36041,28657
596458,15199,36143,28658
596478,15214,36129,28659
596498,15170,36112,28660
596518,15197,36142,28661
596538,15202,36030,28662
596558,15172,36043,28663
596578,15200,35969,28664
596598,15180,35979,28665
596618,15197,35994,28666
596638,15187,35943,28667
596658,15216,35946,28668
596678,15198,35827,28669
596698,15202,35815,28670
596718,15216,35818,28671
596738,15166,35786,28672
596758,15197,35830,28673
596778,15197,35672,28674
596798,14501,35729,28675
596818,14549,35758,28676
596838,14514,35745,28677
596858,14557,35806,28678
596878,14525,35881,28679
596898,14525,35878,28680
596918,14483,35822,28681
596938,14523,35764,28682
596958,14521,35891,28683
596978,14481,35977,28684
596998,14519,35913,28685
597018,14573,35804,28686
597038,14527,35857,28687
597058,14541,35874,28688
597078,14527,35698,28689
597098,14546,35848,28690
597118,14538,35935,28691
597138,14533,35937,28692
597158,14525,35875,28693
597178,14550,35920,28694
597198,14517,35858,28695
597218,14520,35945,28696
597238,14530,35998,28697
597258,14537,35909,28698
597278,14491,35960,28699
597298,13179,35921,28700
597318,13163,35926,28701
597338,13187,35926,28702
597358,13204,35897,28703
597378,13173,35966,28704
597398,13206,35829,28705
597418,13204,35841,28706
597438,13193,35959,28707
597458,13189,35882,28708
597478,13176,35952,28709
597498,13193,35882,28710
597518,13198,35929,28711
597538,13186,35850,28712
597558,13195,35891,28713
597578,13189,35936,28714
597598,13193,35841,28715
597618,13199,35881,28716
597638,13181,35924,28717
597658,13203,35916,28718
597678,13136,35886,28719
597698,13182,35835,28720
597718,13154,35892,28721
597738,13181,35850,28722
597758,13170,35752,28723
597778,13171,35851,28724
597798,12561,35803,28725
597818,12562,35898,28726
597838,12557,35892,28727
597858,12522,35827,28728
597878,12520,35832,28729
597898,12545,35802,28730
597918,12539,35725,28731
597938,12556,35793,28732
597958,12588,35777,28733
597978,12571,35774,28734
597998,12538,35726,28735
598018,12564,35699,28736
598038,12573,35686,28737
598058,12565,35718,28738
598078,12544,35731,28739
598098,12570,35764,28740
598118,12539,35725,28741
598138,12547,35725,28742
598158,12554,35741,28743
598178,12549,35731,28744
598198,12567,35831,28745
598218,12523,35795,28746
598238,12576,35709,28747
598258,12581,35701,28748
598278,12592,35668,28749
598298,11903,35667,28750
598318,11911,35756,28751
598338,11915,35737,28752
598358,11890,35685,28753
598378,11883,35640,28754
598398,11895,35686,28755
598418,11904,35571,28756
598438,11901,35529,28757
598458,11911,35602,28758
598478,11897,35533,28759
598498,11892,35630,28760
598518,11918,35579,28761
598538,11896,35536,28762
598558,11894,35549,28763
598578,11897,35525,28764
598598,11919,35553,28765
598618,11936,35515,28766
598638,11892,35527,28767
598658,11900,35528,28768
598678,11897,35456,28769
598698,11883,35604,28770
598718,11865,35522,28771
598738,11889,35557,28772
598758,11884,35493,28773
598778,11874,35478,28774
598798,11277,35449,28775
598818,11307,35432,28776
598838,11274,35439,28777
598858,11297,35546,28778
598878,11309,35606,28779
598898,11297,35559,28780
598918,11312,35466,28781
598938,11268,35483,28782
598958,11295,35450,28783
598978,11280,35410,28784
598998,11293,35431,28785
599018,11277,35374,28786
599038,11292,35424,28787
599058,11258,35467,28788
599078,11279,35529,28789
599098,11292,35443,28790
599118,11290,35429,28791
599138,11251,35363,28792
599158,11288,35379,28793
599178,11288,35390,28794
599198,11228,35361,28795
599218,11264,35342,28796
599238,11261,35378,28797
599258,11299,35405,28798
599278,11299,35370,28799
599298,10085,35250,28800
599318,10036,35197,28801
599338,10070,35197,28802
599358,10049,35233,28803
599378,10053,35313,28804
599398,10052,35260,28805
599418,10091,35269,28806
599438,10030,35374,28807
599458,10044,35219,28808
599478,10096,35186,28809
599498,10058,35157,28810
599518,10078,35215,28811
599538,10093,35286,28812
599558,10059,35337,28813
599578,10041,35300,28814
599598,10053,35170,28815
599618,10076,35135,28816
599638,10048,35006,28817
599658,10069,35013,28818
599678,10036,35193,28819
599698,10062,35175,28820
599718,10033,35250,28821
599738,10075,35250,28822
599758,10080,35199,28823
599778,10082,35239,28824
599798,9530,35191,28825
599818,9488,35246,28826
599838,9492,35250,28827
599858,9471,35117,28828
599878,9460,35033,28829
599898,9448,35075,28830
599918,9463,35038,28831
599938,9463,34938,28832
599958,9496,34845,28833
599978,9506,34861,28834
599998,9495,34889,28835
600018,9496,35037,28836
600038,9479,35110,28837
600058,9475,35045,28838
600078,9470,35024,28839
600098,9489,35270,28840
600118,9481,35114,28841
600138,9494,35078,28842
600158,9499,35091,28843
600178,9473,35137,28844
600198,9474,35122,28845
600218,9473,34934,28846
600238,9483,34895,28847
600258,9460,34806,28848
600278,9488,34811,28849
600298,8912,34897,28850
600318,8930,35003,28851
600338,8913,35098,28852
600358,8945,35049,28853
600378,8945,35091,28854
600398,8935,35074,28855
600418,8943,35051,28856
600438,8932,35005,28857
600458,8965,35080,28858
600478,8906,35113,28859
600498,8904,35067,28860
600518,8921,34931,28861
600538,8945,34888,28862
600558,8938,34809,28863
600578,8957,34839,28864
600598,8948,34805,28865
600618,8913,34797,28866
600638,8953,34810,28867
600658,8906,34746,28868
600678,8949,34843,28869
600698,8913,34960,28870
600718,8944,34959,28871
600738,8926,34955,28872
600758,8946,34948,28873
600778,8940,35054,28874
600798,7825,35049,28875
600818,7805,35013,28876
600838,7824,34913,28877
600858,7807,34893,28878
600878,7787,34810,28879
600898,7824,34925,28880
600918,7809,34916,28881
600938,7860,34837,28882
600958,7854,34895,28883
600978,7855,34956,28884
600998,7854,34891,28885
601018,7856,34832,28886
601038,7884,34847,28887
601058,7818,34700,28888
601078,7844,34760,28889
601098,7771,34816,28890
601118,7825,34777,28891
601138,7834,34846,28892
601158,7805,34856,28893
601178,7811,34803,28894
601198,7828,34821,28895
601218,7810,34886,28896
601238,7837,34829,28897
601258,7807,34865,28898
601278,7818,34730,28899
601298,7255,34605,28900
601318,7338,34774,28901
601338,7337,34695,28902
601358,7351,34762,28903
601378,7343,34804,28904
601398,7304,34787,28905
601418,7304,34708,28906
601438,7356,34740,28907
601458,7339,34662,28908
601478,7297,34635,28909
601498,7322,34635,28910
601518,7313,34697,28911
601538,7321,34575,28912
601558,7372,34697,28913
601578,7343,34723,28914
601598,7309,34603,28915
601618,7346,34659,28916
601638,7306,34630,28917
601658,7327,34713,28918
601678,7332,34683,28919
601698,7320,34629,28920
601718,7322,34656,28921
601738,7336,34584,28922
601758,7295,34783,28923
601778,7306,34607,28924
601798,6800,34459,28925
601818,6815,34497,28926
601838,6868,34401,28927
601858,6839,34724,28928
601878,6790,34624,28929
601898,6836,34609,28930
601918,6816,34675,28931
601938,6796,34540,28932
601958,6785,34472,28933
601978,6859,34411,28934
601998,6798,34470,28935
602018,6799,34602,28936
602038,6819,34425,28937
602058,6855,34576,28938
602078,6792,34422,28939
602098,6799,34472,28940
602118,6769,34436,28941
602138,6798,34432,28942
602158,6828,34313,28943
602178,6779,34315,28944
602198,6818,34344,28945
602218,6856,34309,28946
602238,6874,34422,28947
602258,6840,34443,28948
602278,6817,34466,28949
602298,6348,34464,28950
602318,6327,34445,28951
602338,6306,34307,28952
602358,6304,34485,28953
602378,6284,34401,28954
602398,6348,34288,28955
602418,6384,34323,28956
602438,6350,34322,28957
602458,6335,34229,28958
602478,6363,34215,28959
602498,6319,34334,28960
602518,6339,34392,28961
602538,6314,34459,28962
602558,6307,34481,28963
602578,6296,34476,28964
602598,6336,34463,28965
602618,6349,34316,28966
602638,6351,34474,28967
602658,6341,34331,28968
602678,6365,34265,28969
602698,6345,34252,28970
602718,6349,34351,28971
602738,6282,34324,28972
602758,6333,34249,28973
602778,6339,34316,28974
602798,5333,34418,28975
602818,5360,34311,28976
602838,5385,34354,28977
602858,5372,34332,28978
602878,5368,34366,28979
602898,5362,34347,28980
602918,5353,34298,28981
602938,5365,34198,28982
602958,5376,34277,28983
602978,5396,34299,28984
602998,5367,34364,28985
603018,5371,34333,28986
603038,5381,34315,28987
603058,5368,34178,28988
603078,5388,34291,28989
603098,5331,34278,28990
603118,5352,34145,28991
603138,5380,34135,28992
603158,5360,34181,28993
603178,5375,34214,28994
603198,5342,34301,28995
603218,5358,34247,28996
603238,5417,34220,28997
603258,5409,34153,28998
603278,5378,34194,28999
603298,4969,34052,29000
603318,4942,34063,29001
603338,4970,34098,29002
603358,4948,34164,29003
603378,4961,34242,29004
603398,4910,34142,29005
603418,4937,34086,29006
603438,4927,34136,29007
603458,4962,34158,29008
603478,4955,34196,29009
603498,4990,34125,29010
603518,5008,34089,29011
603538,4943,34071,29012
603558,4942,34067,29013
603578,4943,34066,29014
603598,4939,34021,29015
603618,4967,34029,29016
603638,4950,34031,29017
603658,4992,34049,29018
603678,4947,34096,29019
603698,4926,34066,29020
603718,4982,34005,29021
603738,4921,33973,29022
603758,4940,34101,29023
603778,4909,34066,29024
603798,4504,33974,29025
603818,4547,34035,29026
603838,4572,33880,29027
603858,4505,33822,29028
603878,4543,33832,29029
603898,4558,33901,29030
603918,4527,33915,29031
603938,4517,33939,29032
603958,4530,33900,29033
603978,4502,33909,29034
603998,4533,33824,29035
604018,4509,33724,29036
604038,4499,33812,29037
604058,4524,33793,29038
604078,4509,33975,29039
604098,4510,34053,29040
604118,4520,33970,29041
604138,4533,34009,29042
604158,4551,33960,29043
604178,4523,33944,29044
604198,4521,33888,29045
604218,4541,33970,29046
604238,4537,33855,29047
604258,4540,33774,29048
604278,4505,33722,29049
604298,3728,33782,29050
604318,3742,33769,29051
604338,3731,33795,29052
604358,3693,33701,29053
604378,3699,33628,29054
604398,3727,33612,29055
604418,3694,33762,29056
604438,3704,33805,29057
604458,3736,33709,29058
604478,3716,33779,29059
604498,3738,33822,29060
604518,3737,33757,29061
604538,3708,33838,29062
604558,3717,33803,29063
604578,3707,33845,29064
604598,3716,33776,29065
604618,3718,33706,29066
604638,3705,33416,29067
604658,3715,33513,29068
604678,3702,33520,29069
604698,3708,33655,29070
604718,3760,33723,29071
604738,3764,33706,29072
604758,3761,33715,29073
604778,3736,33787,29074
604798,3364,33795,29075
604818,3340,33893,29076
604838,3358,33772,29077
604858,3361,33705,29078
604878,3355,33753,29079
604898,3334,33745,29080
604918,3343,33702,29081
604938,3360,33647,29082
604958,3369,33629,29083
604978,3363,33618,29084
604998,3373,33578,29085
605018,3377,33587,29086
605038,3367,33592,29087
605058,3334,33622,29088
605078,3342,33665,29089
605098,3373,33653,29090
605118,3374,33715,29091
605138,3337,33753,29092
605158,3347,33579,29093
605178,3328,33628,29094
605198,3323,33637,29095
605218,3355,33638,29096
605238,3339,33613,29097
605258,3344,33570,29098
605278,3351,33618,29099
605298,3016,33637,29100
605318,3023,33528,29101
605338,3033,33457,29102
605358,3035,33552,29103
605378,3018,33560,29104
605398,2997,33638,29105
605418,2990,33461,29106
605438,3030,33534,29107
605458,3015,33521,29108
605478,3004,33543,29109
605498,3013,33476,29110
605518,2996,33456,29111
605538,3029,33405,29112
605558,3032,33576,29113
605578,3049,33521,29114
605598,3038,33603,29115
605618,3033,33457,29116
605638,3029,33464,29117
605658,3032,33435,29118
605678,3006,33541,29119
605698,3043,33456,29120
605718,3033,33401,29121
605738,2996,33383,29122
605758,3045,33514,29123
605778,3029,33526,29124
605798,2741,33447,29125
605818,2702,33287,29126
605838,2710,33363,29127
605858,2706,33414,29128
605878,2685,33394,29129
605898,2700,33347,29130
605918,2703,33270,29131
605938,2699,33322,29132
605958,2700,33412,29133
605978,2694,33370,29134
605998,2699,33347,29135
606018,2714,33332,29136
606038,2713,33274,29137
606058,2701,33313,29138
606078,2739,33269,29139
606098,2704,33265,29140
606118,2727,33165,29141
606138,2718,33223,29142
606158,2706,33248,29143
606178,2705,33258,29144
606198,2662,33238,29145
606218,2716,33259,29146
606238,2680,33281,29147
606258,2723,33206,29148
606278,2711,33075,29149
606298,2084,33200,29150
606318,2073,33246,29151
606338,2079,33213,29152
606358,2129,33201,29153
606378,2081,33118,29154
606398,2062,33091,29155
606418,2055,33087,29156
606438,2091,33145,29157
606458,2075,33047,29158
606478,2091,33035,29159
606498,2060,33070,29160
606518,2076,33053,29161
606538,2096,33014,29162
606558,2103,33164,29163
606578,2045,33212,29164
606598,2073,33173,29165
606618,2045,33092,29166
606638,2059,33145,29167
606658,2081,33104,29168
606678,2090,33123,29169
606698,2075,33007,29170
606718,2088,32971,29171
606738,2091,32806,29172
606758,2102,32916,29173
606778,2076,32937,29174
606798,1799,33062,29175
606818,1812,33116,29176
606838,1802,33087,29177
606858,1821,33103,29178
606878,1785,33108,29179
606898,1804,33117,29180
606918,1810,33094,29181
606938,1819,33099,29182
606958,1785,33039,29183
606978,1808,32964,29184
606998,1811,33119,29185
607018,1815,33014,29186
607038,1804,32930,29187
607058,1817,32955,29188
607078,1786,32977,29189
607098,1793,32875,29190
607118,1812,32810,29191
607138,1809,32767,29192
607158,1849,32964,29193
607178,1792,33005,29194
607198,1773,32964,29195
607218,1804,32972,29196
607238,1784,32895,29197
607258,1827,32939,29198
607278,1819,32866,29199
607298,1538,32841,29200
607318,1547,32846,29201
607338,1564,32859,29202
607358,1526,32822,29203
607378,1540,32882,29204
607398,1514,32930,29205
607418,1537,32961,29206
607438,1531,32846,29207
607458,1554,32759,29208
607478,1571,32794,29209
607498,1530,32856,29210
607518,1544,32863,29211
607538,1540,32860,29212
607558,1528,32820,29213
607578,1564,32876,29214
607598,1541,32924,29215
607618,1559,32905,29216
607638,1598,32961,29217
607658,1551,32954,29218
607678,1532,32894,29219
607698,1526,32890,29220
607718,1528,32824,29221
607738,1541,32807,29222
607758,1526,32743,29223
607778,1551,32798,29224
607798,1334,32800,29225
607818,1334,32890,29226
607838,1372,32752,29227
607858,1352,32837,29228
607878,1343,32796,29229
607898,1335,32728,29230
607918,1356,32628,29231
607938,1350,32634,29232
607958,1332,32709,29233
607978,1330,32661,29234
607998,1338,32734,29235
608018,1351,32634,29236
608038,1342,32707,29237
608058,1339,32650,29238
608078,1352,32751,29239
608098,1341,32627,29240
608118,1304,32604,29241
608138,1365,32526,29242
608158,1339,32542,29243
608178,1334,32635,29244
608198,1348,32622,29245
608218,1336,32507,29246
608238,1359,32568,29247
608258,1341,32592,29248
608278,1323,32690,29249
608298,1346,32603,29250
608318,1348,32566,29251
608338,1329,32661,29252
608358,1331,32601,29253
608378,1342,32446,29254
608398,1349,32361,29255
608418,1336,32466,29256
608438,1358,32546,29257
608458,1349,32581,29258
608478,1334,32467,29259
608498,1331,32381,29260
608518,1336,32430,29261
608538,1325,32435,29262
608558,1358,32330,29263
608578,1335,32304,29264
608598,1338,32352,29265
608618,1354,32384,29266
608638,1342,32402,29267
608658,1314,32481,29268
608678,1323,32520,29269
608698,1332,32389,29270
608718,1320,32377,29271
608738,1330,32540,29272
608758,1341,32596,29273
608778,1348,32511,29274
608798,1354,32435,29275
608818,1354,32397,29276
608838,1338,32200,29277
608858,1318,32171,29278
608878,1334,32227,29279
608898,1346,32390,29280
608918,1318,32459,29281
608938,1324,32341,29282
608958,1358,32472,29283
608978,1332,32453,29284
608998,1319,32431,29285
609018,1369,32524,29286
609038,1335,32438,29287
609058,1352,32412,29288
609078,1336,32454,29289
609098,1342,32463,29290
609118,1320,32347,29291
609138,1351,32266,29292
609158,1328,32225,29293
609178,1342,32299,29294
609198,1343,32203,29295
609218,1325,32182,29296
609238,1323,32169,29297
609258,1331,32304,29298
609278,1348,32337,29299
609298,1306,32351,29300
609318,1345,32366,29301
609338,1327,32264,29302
609358,1349,32272,29303
609378,1343,32280,29304
609398,1340,32243,29305
609418,1323,32304,29306
609438,1343,32246,29307
609458,1351,32342,29308
609478,1351,32324,29309
609498,1326,32262,29310
609518,1352,32242,29311
609538,1336,32186,29312
609558,1304,32211,29313
609578,1337,32125,29314
609598,1348,32175,29315
609618,1336,32173,29316
609638,1350,32207,29317
609658,1338,32241,29318
609678,1355,32254,29319
609698,1333,32269,29320
609718,1355,32228,29321
609738,1329,32203,29322
609758,1325,32202,29323
609778,1333,32215,29324
609798,1346,32197,29325
609818,1348,32168,29326
609838,1345,32256,29327
609858,1328,32205,29328
609878,1351,32228,29329
609898,1326,32115,29330
609918,1350,32123,29331
609938,1353,32037,29332
609958,1393,32062,29333
609978,1361,32130,29334
609998,1338,32138,29335
610018,1334,32089,29336
610038,1331,32083,29337
610058,1363,32023,29338
610078,1358,31998,29339
610098,1339,31988,29340
610118,1340,32013,29341
610138,1337,32018,29342
610158,1321,31940,29343
610178,1347,31994,29344
610198,1355,31978,29345
610218,1326,31913,29346
610238,1330,32081,29347
610258,1351,32118,29348
610278,1340,31941,29349
610298,1343,31926,29350
610318,1324,31830,29351
610338,1329,32014,29352
610358,1321,31932,29353
610378,1353,31999,29354
610398,1344,31928,29355
610418,1352,31830,29356
610438,1338,31726,29357
610458,1324,31701,29358
610478,1331,31923,29359
610498,1299,31920,29360
610518,1372,31914,29361
610538,1325,32044,29362
610558,1351,31933,29363
610578,1301,31951,29364
610598,1323,31794,29365
610618,1335,31832,29366
610638,1363,31851,29367
610658,1308,31822,29368
610678,1342,31746,29369
610698,1327,31660,29370
610718,1304,31729,29371
610738,1321,31777,29372
610758,1330,31844,29373
610778,1336,31872,29374
610798,1364,31836,29375
610818,1353,31749,29376
610838,1342,31856,29377
610858,1318,31912,29378
610878,1360,31856,29379
610898,1341,31730,29380
610918,1355,31813,29381
610938,1332,31796,29382
610958,1346,31593,29383
610978,1348,31486,29384
610998,1332,31601,29385
611018,1311,31612,29386
611038,1318,31793,29387
611058,1318,31847,29388
611078,1348,31754,29389
611098,1343,31811,29390
611118,1344,31837,29391
611138,1312,31798,29392
611158,1391,31852,29393
611178,1342,31737,29394
611198,1356,31768,29395
611218,1332,31766,29396
611238,1316,31691,29397
611258,1345,31732,29398
611278,1298,31565,29399
611298,1337,31708,29400
611318,1322,31708,29401
611338,1335,31690,29402
611358,1309,31672,29403
611378,1342,31624,29404
611398,1301,31732,29405
611418,1300,31597,29406
611438,1335,31582,29407
611458,1368,31590,29408
611478,1336,31593,29409
611498,1332,31579,29410
611518,1330,31550,29411
611538,1326,31586,29412
611558,1340,31546,29413
611578,1361,31469,29414
611598,1338,31592,29415
611618,1325,31530,29416
611638,1347,31472,29417
611658,1346,31551,29418
611678,1323,31593,29419
611698,1299,31633,29420
611718,1304,31518,29421
611738,1337,31529,29422
611758,1321,31588,29423
611778,1338,31589,29424
611798,1302,31561,29425
611818,1296,31578,29426
611838,1354,31575,29427
611858,1347,31695,29428
611878,1360,31512,29429
611898,1306,31526,29430
611918,1363,31460,29431
611938,1308,31454,29432
611958,1367,31445,29433
611978,1348,31459,29434
611998,1334,31479,29435
612018,1365,31560,29436
612038,1355,31560,29437
612058,1313,31548,29438
612078,1302,31507,29439
612098,1330,31508,29440
612118,1341,31429,29441
612138,1366,31457,29442
612158,1346,31442,29443
612178,1357,31452,29444
612198,1336,31478,29445
612218,1294,31403,29446
612238,1341,31390,29447
612258,1332,31418,29448
612278,1342,31456,29449
612298,1321,31514,29450
612318,1352,31370,29451
612338,1309,31426,29452
612358,1328,31376,29453
612378,1336,31290,29454
612398,1270,31218,29455
612418,1332,31229,29456
612438,1305,31291,29457
612458,1328,31281,29458
612478,1317,31318,29459
612498,1339,31369,29460
612518,1319,31303,29461
612538,1328,31185,29462
612558,1336,31234,29463
612578,1322,31249,29464
612598,1290,31033,29465
612618,1321,31185,29466
612638,1340,31252,29467
612658,1327,31269,29468
612678,1354,31345,29469
612698,1346,31271,29470
612718,1331,31372,29471
612738,1309,31332,29472
612758,1303,31389,29473
612778,1313,31200,29474
612798,1346,31185,29475
612818,1327,31132,29476
612838,1353,31158,29477
612858,1365,31144,29478
612878,1324,31169,29479
612898,1314,30879,29480
612918,1345,30946,29481
612938,1299,30945,29482
612958,1274,31022,29483
612978,1362,31031,29484
612998,1327,30918,29485
613018,1319,31137,29486
613038,1332,31020,29487
613058,1372,31063,29488
613078,1345,31043,29489
613098,1304,31105,29490
613118,1351,31111,29491
613138,1321,31108,29492
613158,1321,30990,29493
613178,1405,30812,29494
613198,1290,30886,29495
613218,1359,30906,29496
613238,1344,31117,29497
613258,1305,31197,29498
613278,1338,31058,29499
613298,1333,31072,29500
613318,1336,31081,29501
613338,1312,31214,29502
613358,1308,31216,29503
613378,1266,31058,29504
613398,1352,31123,29505
613418,1342,31126,29506
613438,1334,31163,29507
613458,1307,31038,29508
613478,1337,30955,29509
613498,1348,30923,29510
613518,1308,31003,29511
613538,1374,31057,29512
613558,1302,30844,29513
613578,1337,30824,29514
613598,1307,31065,29515
613618,1347,31030,29516
613638,1331,31087,29517
613658,1309,30968,29518
613678,1310,30872,29519
613698,1329,31055,29520
613718,1284,31022,29521
613738,1332,30988,29522
613758,1347,31060,29523
613778,1333,30936,29524
613798,1269,30963,29525
613818,1368,31066,29526
613838,1284,30902,29527
613858,1350,30913,29528
613878,1309,30951,29529
613898,1321,30868,29530
613918,1266,30750,29531
613938,1334,30991,29532
613958,1315,30919,29533
613978,1306,30851,29534
613998,1385,31000,29535
614018,1300,30982,29536
614038,1365,31022,29537
614058,1325,30964,29538
614078,1329,30965,29539
614098,1304,31025,29540
614118,1348,31003,29541
614138,1337,30953,29542
614158,1331,30950,29543
614178,1352,30859,29544
614198,1349,30855,29545
614218,1338,30827,29546
614238,1270,30801,29547
614258,1301,30791,29548
614278,1310,30784,29549
614298,1317,30744,29550
614318,1313,30800,29551
614338,1331,30781,29552
614358,1325,30700,29553
614378,1317,30752,29554
614398,1321,30707,29555
614418,1337,30634,29556
614438,1351,30663,29557
614458,1339,30683,29558
614478,1280,30814,29559
614498,1292,30745,29560
614518,1309,30722,29561
614538,1300,30770,29562
614558,1269,30727,29563
614578,1313,30669,29564
614598,1304,30767,29565
614618,1291,30780,29566
614638,1308,30563,29567
614658,1294,30626,29568
614678,1353,30605,29569
614698,1304,30652,29570
614718,1337,30761,29571
614738,1296,30618,29572
614758,1334,30657,29573
614778,1327,30618,29574
614798,1369,30515,29575
614818,1282,30510,29576
614838,1345,30656,29577
614858,1306,30631,29578
614878,1323,30690,29579
614898,1309,30674,29580
614918,1313,30621,29581
614938,1300,30497,29582
614958,1304,30471,29583
614978,1321,30596,29584
614998,1321,30499,29585
615018,1347,30331,29586
615038,1330,30342,29587
615058,1322,30463,29588
615078,1391,30475,29589
615098,1251,30446,29590
615118,1332,30481,29591
615138,1307,30364,29592
615158,1321,30603,29593
615178,1317,30552,29594
615198,1302,30572,29595
615218,1321,30483,29596
615238,1327,30389,29597
615258,1305,30334,29598
615278,1273,30191,29599
615298,1279,30281,29600
615318,1301,30384,29601
615338,1285,30336,29602
615358,1301,30425,29603
615378,1300,30436,29604
615398,1319,30427,29605
615418,1275,30478,29606
615438,1332,30574,29607
615458,1293,30540,29608
615478,1285,30542,29609
615498,1337,30484,29610
615518,1294,30463,29611
615538,1351,30539,29612
615558,1298,30549,29613
615578,1298,30461,29614
615598,1333,30412,29615
615618,1336,30289,29616
615638,1350,30358,29617
615658,1327,30312,29618
615678,1300,30292,29619
615698,1285,30209,29620
615718,1287,30301,29621
615738,1309,30426,29622
615758,1289,30363,29623
615778,1278,30347,29624
615798,1293,30323,29625
615818,1308,30371,29626
615838,1311,30407,29627
615858,1299,30292,29628
615878,1297,30225,29629
615898,1311,30236,29630
615918,1317,30301,29631
615938,1299,30421,29632
615958,1325,30247,29633
615978,1291,30365,29634
615998,1321,30243,29635
616018,1287,30381,29636
616038,1282,30335,29637
616058,1327,30222,29638
616078,1285,30337,29639
616098,1296,30308,29640
616118,1315,30279,29641
616138,1318,30270,29642
616158,1306,30255,29643
616178,1288,30230,29644
616198,1312,30331,29645
616218,1311,30338,29646
616238,1284,30372,29647
616258,1329,30250,29648
616278,1273,30277,29649
616298,1295,30279,29650
616318,1308,30222,29651
616338,1301,30188,29652
616358,1313,30106,29653
616378,1297,30187,29654
616398,1311,30133,29655
616418,1290,30249,29656
616438,1300,30164,29657
616458,1277,30161,29658
616478,1275,30187,29659
616498,1312,30185,29660
616518,1305,30213,29661
616538,1320,30072,29662
616558,1326,30178,29663
616578,1296,30178,29664
616598,1305,30128,29665
616618,1305,30091,29666
616638,1282,30076,29667
616658,1307,30106,29668
616678,1297,30053,29669
616698,1292,30027,29670
616718,1301,30048,29671
616738,1269,30047,29672
616758,1297,30080,29673
616778,1278,29883,29674
616798,1298,29944,29675
616818,1318,30086,29676
616838,1310,30016,29677
616858,1325,30116,29678
616878,1331,30059,29679
616898,1315,30060,29680
616918,1329,30044,29681
616938,1287,29898,29682
616958,1291,29990,29683
616978,1296,30063,29684
616998,1308,30082,29685
617018,1321,30080,29686
617038,1326,30037,29687
617058,1329,29973,29688
617078,1298,29890,29689
617098,1327,29900,29690
617118,1319,29822,29691
617138,1326,29724,29692
617158,1327,29713,29693
617178,1313,29706,29694
617198,1310,29928,29695
617218,1306,29794,29696
617238,1316,29874,29697
617258,1298,29759,29698
617278,1321,29841,29699
617298,1458,30002,29700
617318,1528,29991,29701
617338,1539,29960,29702
617358,1569,29870,29703
617378,1566,29782,29704
617398,1520,29685,29705
617418,1524,29733,29706
617438,1538,29704,29707
617458,1526,29666,29708
617478,1536,29762,29709
617498,1548,29858,29710
617518,1532,29854,29711
617538,1573,29832,29712
617558,1565,29833,29713
617578,1538,29814,29714
617598,1557,29870,29715
617618,1532,29770,29716
617638,1562,29854,29717
617658,1554,29891,29718
617678,1535,29924,29719
617698,1526,29871,29720
617718,1539,29836,29721
617738,1541,29824,29722
617758,1549,29669,29723
617778,1539,29745,29724
617798,1712,29719,29725
617818,1784,29526,29726
617838,1844,29619,29727
617858,1802,29652,29728
617878,1799,29611,29729
617898,1790,29681,29730
617918,1806,29673,29731
617938,1804,29786,29732
617958,1810,29686,29733
617978,1795,29825,29734
617998,1787,29832,29735
618018,1810,29801,29736
618038,1827,29790,29737
618058,1825,29672,29738
618078,1805,29745,29739
618098,1830,29678,29740
618118,1839,29640,29741
618138,1807,29668,29742
618158,1789,29639,29743
618178,1813,29676,29744
618198,1809,29470,29745
618218,1786,29665,29746
618238,1818,29609,29747
618258,1801,29494,29748
618278,1811,29543,29749
618298,1987,29672,29750
618318,2056,29741,29751
618338,2088,29678,29752
618358,2082,29693,29753
618378,2073,29678,29754
618398,2096,29695,29755
618418,2068,29733,29756
618438,2050,29702,29757
618458,2076,29696,29758
618478,2090,29644,29759
618498,2093,29637,29760
618518,2100,29729,29761
618538,2068,29641,29762
618558,2086,29574,29763
618578,2055,29629,29764
618598,2071,29537,29765
618618,2099,29556,29766
618638,2066,29483,29767
618658,2060,29481,29768
618678,2063,29476,29769
618698,2123,29486,29770
618718,2054,29461,29771
618738,2089,29415,29772
618758,2112,29487,29773
618778,2063,29388,29774
618798,2466,29562,29775
618818,2672,29505,29776
618838,2738,29463,29777
618858,2718,29464,29778
618878,2723,29458,29779
618898,2716,29516,29780
618918,2730,29482,29781
618938,2705,29417,29782
618958,2709,29355,29783
618978,2707,29341,29784
618998,2724,29328,29785
619018,2729,29444,29786
619038,2736,29442,29787
619058,2695,29525,29788
619078,2655,29460,29789
619098,2699,29479,29790
619118,2691,29262,29791
619138,2710,29137,29792
619158,2725,29275,29793
619178,2721,29359,29794
619198,2738,29435,29795
619218,2702,29375,29796
619238,2683,29330,29797
619258,2694,29354,29798
619278,2704,29158,29799
619298,2694,29053,29800
619318,2972,29189,29801
619338,3030,29219,29802
619358,3073,29172,29803
619378,3041,29250,29804
619398,3012,29259,29805
619418,3025,29220,29806
619438,2997,29124,29807
619458,3032,29144,29808
619478,3020,29058,29809
619498,3048,29148,29810
619518,3065,29148,29811
619538,3060,29152,29812
619558,3035,29277,29813
619578,3009,29158,29814
619598,3030,29248,29815
619618,3027,29233,29816
619638,3036,29401,29817
619658,3034,29204,29818
619678,3061,29152,29819
619698,3029,29030,29820
619718,3041,28942,29821
619738,3039,29017,29822
619758,3018,29141,29823
619778,3038,29219,29824
619798,3237,29227,29825
619818,3367,29241,29826
619838,3362,29268,29827
619858,3375,29207,29828
619878,3360,29228,29829
619898,3370,29223,29830
619918,3369,29254,29831
619938,3358,29238,29832
619958,3393,29273,29833
619978,3336,29220,29834
619998,3356,29179,29835
620018,3337,29191,29836
620038,3374,29158,29837
620058,3372,29059,29838
620078,3372,29007,29839
620098,3363,28825,29840
620118,3342,28963,29841
620138,3368,29141,29842
620158,3311,29147,29843
620178,3373,29210,29844
620198,3355,29027,29845
620218,3347,29153,29846
620238,3371,29195,29847
620258,3347,29110,29848
620278,3348,29170,29849
620298,3530,29132,29850
620318,3754,29168,29851
620338,3699,29191,29852
620358,3726,29120,29853
620378,3725,29019,29854
620398,3742,29057,29855
620418,3733,29038,29856
620438,3738,28987,29857
620458,3749,29045,29858
620478,3796,28994,29859
620498,3728,29059,29860
620518,3728,29081,29861
620538,3712,29123,29862
620558,3703,29140,29863
620578,3725,29021,29864
620598,3705,29051,29865
620618,3705,29157,29866
620638,3703,29069,29867
620658,3755,29068,29868
620678,3721,29131,29869
620698,3722,29040,29870
620718,3770,29043,29871
620738,3697,29033,29872
620758,3716,28996,29873
620778,3725,29082,29874
620798,4114,28984,29875
620818,4522,28999,29876
620838,4528,28993,29877
620858,4513,28999,29878
620878,4530,29039,29879
620898,4504,28959,29880
620918,4499,29026,29881
620938,4537,28974,29882
620958,4558,28807,29883
620978,4564,28919,29884
620998,4508,29050,29885
621018,4467,29024,29886
621038,4520,28928,29887
621058,4497,28940,29888
621078,4525,28958,29889
621098,4512,28989,29890
621118,4507,28931,29891
621138,4512,28826,29892
621158,4554,28871,29893
621178,4511,28911,29894
621198,4576,28969,29895
621218,4505,28865,29896
621238,4526,28838,29897
621258,4518,28854,29898
621278,4519,28820,29899
621298,4712,28852,29900
621318,4944,28606,29901
621338,4967,28682,29902
621358,4956,28929,29903
621378,4950,28913,29904
621398,4935,28780,29905
621418,4944,28811,29906
621438,4955,28813,29907
621458,4967,28708,29908
621478,4933,28664,29909
621498,4943,28674,29910
621518,4969,28530,29911
621538,4938,28697,29912
621558,4948,28668,29913
621578,4925,28700,29914
621598,4959,28625,29915
621618,4955,28614,29916
621638,4970,28658,29917
621658,4946,28673,29918
621678,4908,28562,29919
621698,4954,28628,29920
621718,4937,28671,29921
621738,4902,28587,29922
621758,4961,28643,29923
621778,4950,28887,29924
621798,5120,28793,29925
621818,5396,28772,29926
621838,5382,28663,29927
621858,5377,28447,29928
621878,5346,28487,29929
621898,5346,28629,29930
621918,5370,28637,29931
621938,5388,28772,29932
621958,5329,28776,29933
621978,5358,28719,29934
621998,5332,28723,29935
622018,5341,28687,29936
622038,5403,28714,29937
622058,5384,28717,29938
622078,5365,28698,29939
622098,5434,28773,29940
622118,5300,28853,29941
622138,5386,28735,29942
622158,5361,28663,29943
622178,5318,28541,29944
622198,5369,28603,29945
622218,5364,28598,29946
622238,5353,28551,29947
622258,5358,28489,29948
622278,5367,28591,29949
622298,5730,28545,29950
622318,6350,28764,29951
622338,6407,28679,29952
622358,6281,28665,29953
622378,6327,28654,29954
622398,6309,28614,29955
622418,6280,28540,29956
622438,6338,28576,29957
622458,6371,28603,29958
622478,6328,28576,29959
622498,6359,28654,29960
622518,6331,28659,29961
622538,6287,28664,29962
622558,6377,28630,29963
622578,6334,28619,29964
622598,6338,28555,29965
622618,6327,28604,29966
622638,6313,28509,29967
622658,6309,28493,29968
622678,6312,28465,29969
622698,6354,28520,29970
622718,6323,28563,29971
622738,6343,28575,29972
622758,6328,28594,29973
622778,6312,28592,29974
622798,6503,28692,29975
622818,6835,28562,29976
622838,6878,28657,29977
622858,6860,28541,29978
622878,6811,28480,29979
622898,6836,28500,29980
622918,6782,28504,29981
622938,6809,28502,29982
622958,6798,28577,29983
622978,6811,28569,29984
622998,6840,28509,29985
623018,6792,28455,29986
623038,6837,28406,29987
623058,6801,28494,29988
623078,6821,28383,29989
623098,6806,28421,29990
623118,6803,28407,29991
623138,6795,28420,29992
623158,6858,28476,29993
623178,6818,28495,29994
623198,6830,28532,29995
623218,6817,28395,29996
623238,6840,28448,29997
623258,6842,28387,29998
623278,6806,28275,29999
623298,6977,28396,30000
623318,7311,28367,30001
623338,7297,28422,30002
623358,7327,28350,30003
623378,7314,28351,30004
623398,7291,28276,30005
623418,7354,28381,30006
623438,7323,28355,30007
623458,7340,28281,30008
623478,7361,28340,30009
623498,7324,28410,30010
623518,7365,28272,30011
623538,7337,28215,30012
623558,7342,28259,30013
623578,7332,28378,30014
623598,7322,28394,30015
623618,7323,28414,30016
623638,7309,28361,30017
623658,7367,28253,30018
623678,7328,28328,30019
623698,7318,28299,30020
623718,7322,28246,30021
623738,7329,28193,30022
623758,7344,28095,30023
623778,7281,28230,30024
623798,7505,28195,30025
623818,7802,28132,30026
623838,7809,28251,30027
623858,7843,28195,30028
623878,7815,28343,30029
623898,7826,28350,30030
623918,7841,28269,30031
623938,7800,28220,30032
623958,7818,28203,30033
623978,7806,28041,30034
623998,7823,28076,30035
624018,7837,28083,30036
624038,7797,28119,30037
624058,7788,28166,30038
624078,7838,28240,30039
624098,7835,28194,30040
624118,7846,28272,30041
624138,7823,28267,30042
624158,7844,28369,30043
624178,7862,28334,30044
624198,7838,28341,30045
624218,7854,28299,30046
624238,7810,28332,30047
624258,7841,28367,30048
624278,7802,28285,30049
624298,7824,28201,30050
624318,8928,28121,30051
624338,8936,28178,30052
624358,8929,28108,30053
624378,8941,28101,30054
624398,8939,28047,30055
624418,8927,27995,30056
624438,8904,28106,30057
624458,8944,28262,30058
624478,8917,28218,30059
624498,8920,28209,30060
624518,8954,28240,30061
624538,8952,28261,30062
624558,8908,28227,30063
624578,8925,28188,30064
624598,8919,28108,30065
624618,8928,28152,30066
624638,8933,28173,30067
624658,8929,28192,30068
624678,8934,28148,30069
624698,8955,28148,30070
624718,8965,28202,30071
624738,8942,28148,30072
624758,8956,28138,30073
624778,8946,28151,30074
624798,8952,28127,30075
624818,9462,28129,30076
624838,9482,28125,30077
624858,9488,28172,30078
624878,9483,28111,30079
624898,9490,28179,30080
624918,9474,28163,30081
624938,9480,28187,30082
624958,9485,28250,30083
624978,9475,28231,30084
624998,9524,28288,30085
625018,9511,28176,30086
625038,9491,28123,30087
625058,9486,28070,30088
625078,9491,28007,30089
625098,9468,28036,30090
625118,9485,28141,30091
625138,9490,28134,30092
625158,9475,28123,30093
625178,9465,28091,30094
625198,9483,28139,30095
625218,9476,28046,30096
625238,9483,27979,30097
625258,9508,27994,30098
625278,9445,27995,30099
625298,9587,28005,30100
625318,10070,28070,30101
625338,10039,28090,30102
625358,10088,27983,30103
625378,10085,28036,30104
625398,10055,28042,30105
625418,10066,28070,30106
625438,10050,27984,30107
625458,10065,28025,30108
625478,10049,28090,30109
625498,10043,28039,30110
625518,10040,28051,30111
625538,10036,27984,30112
625558,10031,27936,30113
625578,10067,27924,30114
625598,10067,27931,30115
625618,10068,28066,30116
625638,10045,28041,30117
625658,10049,28053,30118
625678,10053,28045,30119
625698,10062,27935,30120
625718,10075,27810,30121
625738,10064,27982,30122
625758,10046,27845,30123
625778,10041,27779,30124
625798,10198,27704,30125
625818,11279,27691,30126
625838,11279,27726,30127
625858,11278,27771,30128
625878,11302,27957,30129
625898,11279,27968,30130
625918,11282,28006,30131
625938,11275,27965,30132
625958,11252,27844,30133
625978,11253,27909,30134
625998,11278,28027,30135
626018,11279,27964,30136
626038,11275,27877,30137
626058,11306,27740,30138
626078,11281,27713,30139
626098,11284,27678,30140
626118,11339,27640,30141
626138,11280,27814,30142
626158,11293,27893,30143
626178,11286,27894,30144
626198,11254,27912,30145
626218,11250,27913,30146
626238,11255,27938,30147
626258,11239,28020,30148
626278,11256,27994,30149
626298,11336,27910,30150
626318,11954,27975,30151
626338,11890,27965,30152
626358,11905,27793,30153
626378,11906,27809,30154
626398,11916,27722,30155
626418,11922,27760,30156
626438,11889,27740,30157
626458,11871,27693,30158
626478,11860,27699,30159
626498,11880,27779,30160
626518,11891,27720,30161
626538,11875,27842,30162
626558,11890,27918,30163
626578,11919,27913,30164
626598,11904,27939,30165
626618,11885,27886,30166
626638,11926,27926,30167
626658,11950,27906,30168
626678,11907,27877,30169
626698,11904,27775,30170
626718,11867,27893,30171
626738,11892,27860,30172
626758,11873,27912,30173
626778,11888,27874,30174
626798,11941,27859,30175
626818,12540,27865,30176
626838,12549,27930,30177
626858,12528,27889,30178
626878,12577,27804,30179
626898,12561,27930,30180
626918,12570,27863,30181
626938,12570,27978,30182
626958,12553,27968,30183
626978,12560,27946,30184
626998,12574,27892,30185
627018,12553,27860,30186
627038,12500,27893,30187
627058,12552,27904,30188
627078,12546,27869,30189
627098,12526,27899,30190
627118,12531,27974,30191
627138,12513,27940,30192
627158,12540,27850,30193
627178,12545,27802,30194
627198,12522,27774,30195
627218,12557,27832,30196
627238,12577,27896,30197
627258,12552,27800,30198
627278,12557,27742,30199
627298,12573,27696,30200
627318,13188,27714,30201
627338,13220,27723,30202
627358,13219,27717,30203
627378,13206,27723,30204
627398,13187,27806,30205
627418,13192,27857,30206
627438,13202,27817,30207
627458,13181,27849,30208
627478,13160,27783,30209
627498,13169,27889,30210
627518,13222,27806,30211
627538,13220,27819,30212
627558,13199,27714,30213
627578,13187,27810,30214
627598,13198,27759,30215
627618,13154,27859,30216
627638,13161,27845,30217
627658,13169,27784,30218
627678,13177,27833,30219
627698,13193,27762,30220
627718,13188,27799,30221
627738,13177,27709,30222
627758,13146,27736,30223
627778,13186,27728,30224
627798,13180,27757,30225
627818,14526,27644,30226
627838,14531,27602,30227
627858,14511,27629,30228
627878,14485,27703,30229
627898,14523,27713,30230
627918,14530,27693,30231
627938,14552,27675,30232
627958,14555,27705,30233
627978,14517,27630,30234
627998,14543,27742,30235
628018,14514,27767,30236
628038,14554,27764,30237
628058,14509,27767,30238
628078,14522,27719,30239
628098,14517,27636,30240
628118,14518,27644,30241
628138,14509,27676,30242
628158,14537,27611,30243
628178,14534,27634,30244
628198,14538,27572,30245
628218,14553,27541,30246
628238,14546,27569,30247
628258,14547,27565,30248
628278,14489,27431,30249
628298,14523,27409,30250
628318,15204,27402,30251
628338,15172,27402,30252
628358,15190,27500,30253
628378,15231,27502,30254
628398,15212,27556,30255
628418,15222,27602,30256
628438,15229,27509,30257
628458,15215,27477,30258
628478,15196,27630,30259
628498,15198,27587,30260
628518,15233,27571,30261
628538,15229,27536,30262
628558,15196,27467,30263
628578,15186,27460,30264
628598,15186,27634,30265
628618,15216,27667,30266
628638,15181,27718,30267
628658,15210,27639,30268
628678,15189,27611,30269
628698,15191,27653,30270
628718,15216,27669,30271
628738,15205,27647,30272
628758,15198,27675,30273
628778,15201,27734,30274
628798,15201,27632,30275
628818,15884,27656,30276
628838,15913,27663,30277
628858,15863,27693,30278
628878,15881,27604,30279
628898,15895,27657,30280
628918,15866,27578,30281
628938,15869,27746,30282
628958,15886,27666,30283
628978,15907,27666,30284
628998,15881,27620,30285
629018,15894,27584,30286
629038,15887,27584,30287
629058,15951,27640,30288
629078,15900,27608,30289
629098,15880,27647,30290
629118,15870,27652,30291
629138,15883,27695,30292
629158,15875,27679,30293
629178,15868,27576,30294
629198,15844,27582,30295
629218,15896,27584,30296
629238,15856,27653,30297
629258,15870,27562,30298
629278,15869,27676,30299
629298,15860,27601,30300
629318,17304,27634,30301
629338,17307,27617,30302
629358,17323,27607,30303
629378,17330,27476,30304
629398,17311,27503,30305
629418,17279,27584,30306
629438,17302,27616,30307
629458,17292,27549,30308
629478,17318,27563,30309
629498,17315,27585,30310
629518,17312,27676,30311
629538,17310,27561,30312
629558,17286,27356,30313
629578,17318,27461,30314
629598,17311,27449,30315
629618,17300,27590,30316
629638,17293,27506,30317
629658,17360,27619,30318
629678,17297,27527,30319
629698,17296,27573,30320
629718,17321,27557,30321
629738,17292,27502,30322
629758,17321,27466,30323
629778,17321,27520,30324
629798,17277,27540,30325
629818,18029,27584,30326
629838,18015,27595,30327
629858,18027,27609,30328
629878,18031,27508,30329
629898,18057,27513,30330
629918,18006,27573,30331
629938,17960,27433,30332
629958,17997,27425,30333
629978,18039,27417,30334
629998,18031,27513,30335
630018,18046,27534,30336
630038,17997,27499,30337
630058,18043,27474,30338
630078,18015,27378,30339
630098,18011,27444,30340
630118,17983,27307,30341
630138,17984,27475,30342
630158,18014,27477,30343
630178,18000,27427,30344
630198,18054,27550,30345
630218,17985,27473,30346
630238,18016,27472,30347
630258,18004,27479,30348
630278,17997,27359,30349
630298,18014,27442,30350
630318,18782,27424,30351
630338,18794,27488,30352
630358,18769,27551,30353
630378,18795,27478,30354
630398,18764,27450,30355
630418,18815,27445,30356
630438,18776,27370,30357
630458,18791,27364,30358
630478,18799,27405,30359
630498,18772,27388,30360
630518,18793,27419,30361
630538,18765,27510,30362
630558,18782,27494,30363
630578,18758,27540,30364
630598,18768,27445,30365
630618,18771,27453,30366
630638,18790,27526,30367
630658,18711,27423,30368
630678,18767,27536,30369
630698,18814,27550,30370
630718,18790,27510,30371
630738,18748,27500,30372
630758,18782,27595,30373
630778,18779,27483,30374
630798,18761,27468,30375
630818,19497,27462,30376
630838,19483,27553,30377
630858,19509,27519,30378
630878,19523,27586,30379
630898,19481,27490,30380
630918,19528,27449,30381
630938,19517,27525,30382
630958,19485,27489,30383
630978,19512,27495,30384
630998,19527,27448,30385
631018,19510,27409,30386
631038,19485,27486,30387
631058,19493,27530,30388
631078,19507,27501,30389
631098,19503,27400,30390
631118,19511,27453,30391
631138,19501,27522,30392
631158,19500,27503,30393
631178,19515,27573,30394
631198,19505,27448,30395
631218,19509,27412,30396
631238,19519,27330,30397
631258,19504,27365,30398
631278,19499,27322,30399
631298,19513,27280,30400
631318,21021,27228,30401
631338,20996,27339,30402
631358,21058,27445,30403
631378,21018,27398,30404
631398,21018,27341,30405
631418,21045,27370,30406
631438,21050,27398,30407
631458,21019,27403,30408
631478,21019,27266,30409
631498,21011,27323,30410
631518,20977,27388,30411
631538,21008,27403,30412
631558,21035,27445,30413
631578,21033,27418,30414
631598,20977,27433,30415
631618,21011,27421,30416
631638,20992,27383,30417
631658,21041,27323,30418
631678,21050,27307,30419
631698,21010,27262,30420
631718,21017,27245,30421
631738,21007,27371,30422
631758,20995,27323,30423
631778,20979,27209,30424
631798,21018,27129,30425
631818,21778,27120,30426
631838,21762,27206,30427
631858,21790,27395,30428
631878,21801,27183,30429
631898,21769,27247,30430
631918,21793,27361,30431
631938,21781,27307,30432
631958,21755,27302,30433
631978,21795,27220,30434
631998,21769,27332,30435
632018,21771,27316,30436
632038,21770,27362,30437
632058,21796,27410,30438
632078,21747,27403,30439
632098,21748,27487,30440
632118,21768,27337,30441
632138,21739,27313,30442
632158,21726,27190,30443
632178,21770,27215,30444
632198,21769,27350,30445
632218,21755,27337,30446
632238,21772,27357,30447
632258,21742,27296,30448
632278,21795,27315,30449
632298,21794,27463,30450
632318,22543,27419,30451
632338,22515,27409,30452
632358,22504,27388,30453
632378,22529,27384,30454
632398,22479,27393,30455
632418,22532,27350,30456
632438,22497,27379,30457
632458,22540,27426,30458
632478,22493,27357,30459
632498,22513,27443,30460
632518,22528,27417,30461
632538,22531,27353,30462
632558,22563,27355,30463
632578,22529,27337,30464
632598,22552,27400,30465
632618,22534,27353,30466
632638,22525,27377,30467
632658,22481,27420,30468
632678,22492,27452,30469
632698,22513,27421,30470
632718,22542,27349,30471
632738,22513,27405,30472
632758,22520,27271,30473
632778,22509,27390,30474
632798,22504,27367,30475
632818,23322,27365,30476
632838,23293,27313,30477
632858,23299,27451,30478
632878,23300,27442,30479
632898,23352,27389,30480
632918,23345,27258,30481
632938,23355,27372,30482
632958,23330,27379,30483
632978,23267,27433,30484
632998,23300,27409,30485
633018,23321,27366,30486
633038,23335,27369,30487
633058,23339,27418,30488
633078,23346,27405,30489
633098,23309,27228,30490
633118,23322,27243,30491
633138,23310,27186,30492
633158,23317,27273,30493
633178,23322,27390,30494
633198,23330,27295,30495
633218,23319,27334,30496
633238,23314,27340,30497
633258,23322,27348,30498
633278,23298,27397,30499
633298,23323,27322,30500
633318,24892,27345,30501
633338,24895,27434,30502
633358,24893,27342,30503
633378,24891,27404,30504
633398,24914,27362,30505
633418,24834,27392,30506
633438,24911,27378,30507
633458,24900,27413,30508
633478,24908,27350,30509
633498,24866,27211,30510
633518,24885,27309,30511
633538,24870,27387,30512
633558,24897,27422,30513
633578,24856,27337,30514
633598,24878,27362,30515
633618,24896,27385,30516
633638,24877,27355,30517
633658,24849,27363,30518
633678,24887,27277,30519
633698,24850,27160,30520
633718,24893,27234,30521
633738,24882,27252,30522
633758,24932,27224,30523
633778,24870,27269,30524
633798,24884,27316,30525
633818,25630,27285,30526
633838,25647,27264,30527
633858,25665,27191,30528
633878,25664,27279,30529
633898,25662,27411,30530
633918,25705,27410,30531
633938,25657,27416,30532
633958,25657,27284,30533
633978,25677,27225,30534
633998,25636,27215,30535
634018,25662,27392,30536
634038,25712,27364,30537
634058,25639,27350,30538
634078,25670,27300,30539
634098,25658,27352,30540
634118,25627,27270,30541
634138,25626,27274,30542
634158,25650,27214,30543
634178,25660,27169,30544
634198,25644,27235,30545
634218,25664,27295,30546
634238,25712,27375,30547
634258,25653,27362,30548
634278,25677,27350,30549
634298,25668,27529,30550
634318,26416,27311,30551
634338,26426,27362,30552
634358,26413,27307,30553
634378,26430,27346,30554
634398,26457,27346,30555
634418,26426,27324,30556
634438,26400,27448,30557
634458,26383,27364,30558
634478,26439,27356,30559
634498,26479,27436,30560
634518,26415,27330,30561
634538,26457,27350,30562
634558,26460,27268,30563
634578,26432,27329,30564
634598,26470,27491,30565
634618,26418,27316,30566
634638,26399,27390,30567
634658,26419,27369,30568
634678,26422,27368,30569
634698,26402,27370,30570
634718,26433,27345,30571
634738,26402,27314,30572
634758,26466,27393,30573
634778,26487,27327,30574
634798,26390,27397,30575
634818,28064,27316,30576
634838,28034,27373,30577
634858,28010,27278,30578
634878,27989,27344,30579
634898,28008,27351,30580
634918,28052,27346,30581
634938,28033,27163,30582
634958,28028,27275,30583
634978,28024,27289,30584
634998,28025,27269,30585
635018,28090,27279,30586
635038,28106,27229,30587
635058,28053,27325,30588
635078,28106,27339,30589
635098,28013,27298,30590
635118,28024,27318,30591
635138,28047,27365,30592
635158,28012,27369,30593
635178,28045,27428,30594
635198,27979,27398,30595
635218,28015,27327,30596
635238,28031,27234,30597
635258,28041,27072,30598
635278,28001,27023,30599
635298,28036,27014,30600
635318,28866,27060,30601
635338,28880,27086,30602
635358,28865,27023,30603
635378,28851,27155,30604
635398,28894,27054,30605
635418,28870,27094,30606
635438,28841,27092,30607
635458,28881,27178,30608
635478,28845,27141,30609
635498,28887,27128,30610
635518,28869,27060,30611
635538,28886,26978,30612
635558,28847,27083,30613
635578,28906,27171,30614
635598,28858,27083,30615
635618,28863,27141,30616
635638,28850,27233,30617
635658,28854,27308,30618
635678,28838,27189,30619
635698,28846,27239,30620
635718,28828,27355,30621
635738,28856,27340,30622
635758,28886,27414,30623
635778,28886,27316,30624
635798,28882,27271,30625
635818,29648,27221,30626
635838,29632,27105,30627
635858,29646,27208,30628
635878,29647,27119,30629
635898,29653,27296,30630
635918,29637,27319,30631
635938,29647,27454,30632
635958,29642,27352,30633
635978,29645,27336,30634
635998,29673,27413,30635
636018,29655,27435,30636
636038,29656,27435,30637
636058,29681,27469,30638
636078,29654,27319,30639
636098,29677,27405,30640
636118,29664,27400,30641
636138,29649,27447,30642
636158,29671,27478,30643
636178,29649,27442,30644
636198,29664,27459,30645
636218,29642,27408,30646
636238,29641,27386,30647
636258,29639,27411,30648
636278,29643,27422,30649
636298,29643,27494,30650
636318,30449,27436,30651
636338,30453,27502,30652
636358,30469,27390,30653
636378,30450,27414,30654
636398,30446,27388,30655
636418,30443,27390,30656
636438,30453,27437,30657
636458,30443,27438,30658
636478,30412,27396,30659
636498,30455,27414,30660
636518,30460,27418,30661
636538,30469,27358,30662
636558,30433,27400,30663
636578,30466,27361,30664
636598,30446,27468,30665
636618,30459,27439,30666
636638,30422,27492,30667
636658,30422,27308,30668
636678,30446,27338,30669
636698,30444,27416,30670
636718,30432,27413,30671
636738,30444,27318,30672
636758,30439,27218,30673
636778,30471,27374,30674
636798,30480,27414,30675
636818,32091,27418,30676
636838,32081,27426,30677
636858,32065,27339,30678
636878,32062,27443,30679
636898,32037,27511,30680
636918,32067,27365,30681
636938,32052,27414,30682
636958,32055,27460,30683
636978,32118,27471,30684
636998,32065,27425,30685
637018,32060,27379,30686
637038,32077,27315,30687
637058,32057,27338,30688
637078,32070,27345,30689
637098,32047,27325,30690
637118,32056,27415,30691
637138,32110,27285,30692
637158,32106,27330,30693
637178,32086,27391,30694
637198,32092,27390,30695
637218,32087,27342,30696
637238,32107,27299,30697
637258,32130,27299,30698
637278,32067,27345,30699
637298,32063,27300,30700
637318,32873,27387,30701
637338,32852,27283,30702
637358,32879,27334,30703
637378,32908,27426,30704
637398,32872,27372,30705
637418,32901,27292,30706
637438,32891,27317,30707
637458,32847,27393,30708
637478,32877,27481,30709
637498,32907,27405,30710
637518,32891,27480,30711
637538,32888,27387,30712
637558,32872,27385,30713
637578,32893,27278,30714
637598,32872,27204,30715
637618,32891,27183,30716
637638,32893,27209,30717
637658,32878,27362,30718
637678,32901,27333,30719
637698,32873,27458,30720
637718,32856,27447,30721
637738,32856,27344,30722
637758,32873,27546,30723
637778,32880,27486,30724
637798,32855,27497,30725
637818,33666,27481,30726
637838,33705,27474,30727
637858,33697,27525,30728
637878,33684,27476,30729
637898,33633,27463,30730
637918,33661,27511,30731
637938,33675,27485,30732
637958,33661,27574,30733
637978,33687,27490,30734
637998,33667,27480,30735
638018,33644,27418,30736
638038,33641,27501,30737
638058,33673,27439,30738
638078,33671,27463,30739
638098,33699,27478,30740
638118,33684,27435,30741
638138,33647,27486,30742
638158,33666,27507,30743
638178,33649,27436,30744
638198,33669,27428,30745
638218,33660,27544,30746
638238,33670,27577,30747
638258,33684,27515,30748
638278,33651,27481,30749
638298,33674,27475,30750
638318,35332,27476,30751
638338,35260,27487,30752
638358,35291,27530,30753
638378,35299,27448,30754
638398,35292,27455,30755
638418,35323,27515,30756
638438,35266,27618,30757
638458,35287,27550,30758
638478,35290,27586,30759
638498,35278,27524,30760
638518,35279,27547,30761
638538,35300,27535,30762
638558,35324,27470,30763
638578,35281,27439,30764
638598,35325,27498,30765
638618,35258,27521,30766
638638,35323,27602,30767
638658,35268,27476,30768
638678,35298,27509,30769
638698,35293,27517,30770
638718,35304,27533,30771
638738,35319,27512,30772
638758,35289,27506,30773
638778,35261,27486,30774
638798,35315,27441,30775
638818,36077,27612,30776
638838,36055,27526,30777
638858,36081,27532,30778
638878,36105,27519,30779
638898,36078,27511,30780
638918,36075,27479,30781
638938,36071,27550,30782
638958,36094,27539,30783
638978,36090,27558,30784
638998,36094,27626,30785
639018,36104,27606,30786
639038,36092,27580,30787
639058,36123,27583,30788
639078,36045,27555,30789
639098,36132,27546,30790
639118,36065,27613,30791
639138,36074,27487,30792
639158,36068,27597,30793
639178,36086,27612,30794
639198,36068,27558,30795
639218,36078,27654,30796
639238,36096,27538,30797
639258,36107,27515,30798
639278,36105,27456,30799
639298,36093,27414,30800
639318,36914,27471,30801
639338,36909,27436,30802
639358,36914,27501,30803
639378,36901,27518,30804
639398,36870,27495,30805
639418,36919,27549,30806
639438,36898,27501,30807
639458,36916,27542,30808
639478,36912,27582,30809
639498,36884,27519,30810
639518,36884,27530,30811
639538,36899,27469,30812
639558,36874,27495,30813
639578,36907,27412,30814
639598,36896,27550,30815
639618,36883,27480,30816
639638,36885,27568,30817
639658,36925,27568,30818
639678,36876,27458,30819
639698,36884,27614,30820
639718,36897,27633,30821
639738,36892,27716,30822
639758,36892,27744,30823
639778,36855,27622,30824
639798,36906,27657,30825
639818,37741,27559,30826
639838,37719,27564,30827
639858,37709,27492,30828
639878,37709,27446,30829
639898,37695,27486,30830
639918,37726,27488,30831
639938,37693,27484,30832
639958,37722,27561,30833
639978,37698,27542,30834
639998,37681,27605,30835
640018,37735,27546,30836
640038,37732,27625,30837
640058,37705,27591,30838
640078,37736,27587,30839
640098,37716,27578,30840
640118,37718,27607,30841
640138,37689,27624,30842
640158,37684,27635,30843
640178,37700,27618,30844
640198,37727,27639,30845
640218,37713,27613,30846
640238,37707,27682,30847
640258,37736,27433,30848
640278,37718,27448,30849
640298,37728,27590,30850
640318,39358,27432,30851
640338,39296,27462,30852
640358,39333,27564,30853
640378,39312,27536,30854
640398,39326,27437,30855
640418,39305,27354,30856
640438,39297,27471,30857
640458,39334,27431,30858
640478,39341,27458,30859
640498,39335,27527,30860
640518,39336,27596,30861
640538,39345,27654,30862
640558,39324,27677,30863
640578,39316,27657,30864
640598,39332,27666,30865
640618,39271,27714,30866
640638,39320,27768,30867
640658,39329,27550,30868
640678,39345,27524,30869
640698,39351,27483,30870
640718,39363,27547,30871
640738,39327,27507,30872
640758,39343,27368,30873
640778,39305,27433,30874
640798,39317,27555,30875
640818,40116,27598,30876
640838,40068,27605,30877
640858,40105,27571,30878
640878,40138,27706,30879
640898,40097,27717,30880
640918,40094,27661,30881
640938,40084,27539,30882
640958,40098,27656,30883
640978,40121,27644,30884
640998,40077,27767,30885
641018,40083,27756,30886
641038,40095,27570,30887
641058,40030,27522,30888
641078,40097,27606,30889
641098,40092,27577,30890
641118,40101,27533,30891
641138,40128,27503,30892
641158,40103,27612,30893
641178,40100,27788,30894
641198,40123,27718,30895
641218,40078,27764,30896
641238,40090,27702,30897
641258,40105,27687,30898
641278,40141,27703,30899
641298,40057,27721,30900
641318,40921,27731,30901
641338,40867,27556,30902
641358,40836,27641,30903
641378,40905,27611,30904
641398,40879,27517,30905
641418,40849,27543,30906
641438,40854,27616,30907
641458,40874,27665,30908
641478,40879,27677,30909
641498,40882,27766,30910
641518,40848,27767,30911
641538,40894,27764,30912
641558,40892,27805,30913
641578,40825,27774,30914
641598,40843,27780,30915
641618,40868,27798,30916
641638,40855,27739,30917
641658,40855,27818,30918
641678,40883,27757,30919
641698,40908,27792,30920
641718,40886,27788,30921
641738,40884,27927,30922
641758,40879,27783,30923
641778,40880,27898,30924
641798,40878,27913,30925
641818,41666,27817,30926
641838,42443,27850,30927
641858,42466,27846,30928
641878,42458,27798,30929
641898,42382,27836,30930
641918,42445,27795,30931
641938,42414,27793,30932
641958,42424,27800,30933
641978,42474,27962,30934
641998,42438,28002,30935
642018,42473,27817,30936
642038,42437,27864,30937
642058,42450,27887,30938
642078,42406,27838,30939
642098,42471,27940,30940
642118,42413,27843,30941
642138,42449,27772,30942
642158,42435,27910,30943
642178,42428,27900,30944
642198,42440,27846,30945
642218,42414,27792,30946
642238,42447,27760,30947
642258,42449,27872,30948
642278,42441,27825,30949
642298,42441,27720,30950
642318,43213,27766,30951
642338,43247,27842,30952
642358,43217,27887,30953
642378,43244,27868,30954
642398,43268,27855,30955
642418,43240,27718,30956
642438,43287,27909,30957
642458,43229,27842,30958
642478,43228,27892,30959
642498,43224,27948,30960
642518,43234,27830,30961
642538,43228,27957,30962
642558,43245,28046,30963
642578,43247,27897,30964
642598,43232,27932,30965
642618,43264,27909,30966
642638,43236,27988,30967
642658,43275,27931,30968
642678,43214,27867,30969
642698,43257,27786,30970
642718,43265,27909,30971
642738,43253,27927,30972
642758,43210,27877,30973
642778,43209,27950,30974
642798,43241,27816,30975
642818,44012,27786,30976
642838,44000,27735,30977
642858,44006,27828,30978
642878,43947,27762,30979
642898,43991,27601,30980
642918,44002,27857,30981
642938,44002,27778,30982
642958,43981,27872,30983
642978,43995,27917,30984
642998,43957,27954,30985
643018,44004,27919,30986
643038,43970,27878,30987
643058,43980,28028,30988
643078,43983,28009,30989
643098,43975,28067,30990
643118,44007,27973,30991
643138,43954,27927,30992
643158,43998,27850,30993
643178,44003,27869,30994
643198,43988,27758,30995
643218,44019,27862,30996
643238,44018,27982,30997
643258,43993,27752,30998
643278,43987,27794,30999
643298,44002,27936,31000
643318,44707,28020,31001
643338,44755,28090,31002
643358,44731,28162,31003
643378,44689,28103,31004
643398,44718,27967,31005
643418,44749,27966,31006
643438,44716,27899,31007
643458,44729,27954,31008
643478,44750,27930,31009
643498,44703,27939,31010
643518,44750,27834,31011
643538,44702,27922,31012
643558,44716,27898,31013
643578,44734,27956,31014
643598,44733,27865,31015
643618,44752,27950,31016
643638,44762,28034,31017
643658,44749,28063,31018
643678,44737,28090,31019
643698,44723,28135,31020
643718,44734,28074,31021
643738,44753,28066,31022
643758,44710,27946,31023
643778,44728,28074,31024
643798,44712,28183,31025
643818,46250,28109,31026
643838,46264,28055,31027
643858,46262,28053,31028
643878,46266,28141,31029
643898,46263,28246,31030
643918,46252,28189,31031
643938,46250,28130,31032
643958,46255,28097,31033
643978,46250,28195,31034
643998,46218,28162,31035
644018,46245,28157,31036
644038,46234,28126,31037
644058,46242,28137,31038
644078,46225,28164,31039
644098,46281,28301,31040
644118,46224,28184,31041
644138,46251,28294,31042
644158,46251,28248,31043
644178,46283,28350,31044
644198,46248,28302,31045
644218,46198,28189,31046
644238,46267,28236,31047
644258,46243,28259,31048
644278,46225,28294,31049
644298,46248,28324,31050
644318,46984,28230,31051
644338,47006,28276,31052
644358,46997,28206,31053
644378,46965,28303,31054
644398,46983,28289,31055
644418,46991,28192,31056
644438,46960,28254,31057
644458,46998,28341,31058
644478,46981,28309,31059
644498,46964,28267,31060
644518,46968,28237,31061
644538,46958,28331,31062
644558,46951,28387,31063
644578,46983,28361,31064
644598,46910,28280,31065
644618,46939,28261,31066
644638,46944,28374,31067
644658,46986,28362,31068
644678,46981,28328,31069
644698,47016,28447,31070
644718,46998,28346,31071
644738,46967,28367,31072
644758,46994,28458,31073
644778,47042,28371,31074
644798,46949,28331,31075
644818,47758,28318,31076
644838,47724,28336,31077
644858,47700,28405,31078
644878,47738,28354,31079
644898,47699,28373,31080
644918,47737,28355,31081
644938,47739,28335,31082
644958,47746,28370,31083
644978,47748,28414,31084
644998,47710,28390,31085
645018,47718,28346,31086
645038,47690,28419,31087
645058,47720,28413,31088
645078,47738,28346,31089
645098,47763,28343,31090
645118,47727,28326,31091
645138,47742,28341,31092
645158,47744,28337,31093
645178,47718,28393,31094
645198,47740,28391,31095
645218,47694,28465,31096
645238,47744,28201,31097
645258,47711,28389,31098
645278,47753,28355,31099
645298,47759,28438,31100
645318,48472,28423,31101
645338,48423,28431,31102
645358,48480,28387,31103
645378,48442,28255,31104
645398,48436,28239,31105
645418,48454,28263,31106
645438,48425,28331,31107
645458,48420,28444,31108
645478,48429,28502,31109
645498,48427,28546,31110
645518,48467,28496,31111
645538,48459,28551,31112
645558,48448,28566,31113
645578,48435,28498,31114
645598,48400,28541,31115
645618,48479,28567,31116
645638,48392,28534,31117
645658,48445,28445,31118
645678,48392,28411,31119
645698,48436,28396,31120
645718,48455,28381,31121
645738,48450,28356,31122
645758,48449,28270,31123
645778,48421,28414,31124
645798,48412,28451,31125
645818,49753,28540,31126
645838,49816,28569,31127
645858,49847,28399,31128
645878,49893,28490,31129
645898,49861,28607,31130
645918,49869,28571,31131
645938,49872,28567,31132
645958,49842,28497,31133
645978,49819,28384,31134
645998,49865,28463,31135
646018,49852,28496,31136
646038,49836,28534,31137
646058,49845,28544,31138
646078,49868,28673,31139
646098,49861,28658,31140
646118,49863,28639,31141
646138,49868,28656,31142
646158,49855,28637,31143
646178,49843,28700,31144
646198,49856,28705,31145
646218,49834,28598,31146
646238,49840,28694,31147
646258,49878,28659,31148
646278,49849,28744,31149
646298,49856,28681,31150
646318,50500,28529,31151
646338,50570,28483,31152
646358,50537,28508,31153
646378,50526,28564,31154
646398,50538,28458,31155
646418,50496,28478,31156
646438,50509,28568,31157
646458,50520,28772,31158
646478,50533,28714,31159
646498,50534,28767,31160
646518,50531,28740,31161
646538,50500,28668,31162
646558,50498,28688,31163
646578,50514,28810,31164
646598,50488,28676,31165
646618,50503,28679,31166
646638,50556,28772,31167
646658,50564,28684,31168
646678,50540,28806,31169
646698,50547,28755,31170
646718,50505,28739,31171
646738,50552,28662,31172
646758,50524,28694,31173
646778,50567,28691,31174
646798,50541,28727,31175
646818,51137,28800,31176
646838,51192,28800,31177
646858,51202,28892,31178
646878,51156,28807,31179
646898,51203,28822,31180
646918,51239,28853,31181
646938,51203,28895,31182
646958,51213,28908,31183
646978,51243,28859,31184
646998,51228,28823,31185
647018,51209,28821,31186
647038,51211,28833,31187
647058,51198,28916,31188
647078,51223,28828,31189
647098,51175,28821,31190
647118,51218,28805,31191
647138,51206,28809,31192
647158,51237,28890,31193
647178,51243,28820,31194
647198,51253,28820,31195
647218,51208,28811,31196
647238,51185,28826,31197
647258,51215,28731,31198
647278,51220,28814,31199
647298,51215,28803,31200
647318,51394,28834,31201
647338,52547,28752,31202
647358,52537,28844,31203
647378,52563,28804,31204
647398,52528,28878,31205
647418,52519,28834,31206
647438,52506,28888,31207
647458,52531,28836,31208
647478,52528,28785,31209
647498,52532,28951,31210
647518,52551,28903,31211
647538,52549,28881,31212
647558,52580,28814,31213
647578,52523,28762,31214
647598,52565,28855,31215
647618,52556,28953,31216
647638,52596,28966,31217
647658,52529,28880,31218
647678,52532,28878,31219
647698,52563,28752,31220
647718,52534,28797,31221
647738,52538,28847,31222
647758,52543,28846,31223
647778,52525,28756,31224
647798,52557,28855,31225
647818,53101,28887,31226
647838,53204,28814,31227
647858,53197,28785,31228
647878,53197,28788,31229
647898,53194,28941,31230
647918,53170,28981,31231
647938,53210,28925,31232
647958,53169,28967,31233
647978,53206,28816,31234
647998,53229,28976,31235
648018,53185,29049,31236
648038,53184,29097,31237
648058,53179,28950,31238
648078,53199,28896,31239
648098,53163,28905,31240
648118,53173,28822,31241
648138,53160,28793,31242
648158,53155,29015,31243
648178,53182,29064,31244
648198,53180,29083,31245
648218,53254,29194,31246
648238,53189,29114,31247
648258,53212,29120,31248
648278,53237,29176,31249
648298,53193,29180,31250
648318,53734,29180,31251
648338,53849,29114,31252
648358,53860,29125,31253
648378,53840,29225,31254
648398,53840,29068,31255
648418,53836,29022,31256
648438,53842,29003,31257
648458,53826,29053,31258
648478,53820,29029,31259
648498,53771,29005,31260
648518,53822,29129,31261
648538,53870,29048,31262
648558,53852,29171,31263
648578,53846,29296,31264
648598,53825,29238,31265
648618,53823,29288,31266
648638,53831,29274,31267
648658,53874,29279,31268
648678,53854,29265,31269
648698,53843,29319,31270
648718,53876,29301,31271
648738,53847,29236,31272
648758,53844,29291,31273
648778,53830,29322,31274
648798,53859,29253,31275
648818,54260,29263,31276
648838,54473,29239,31277
648858,54449,29262,31278
648878,54471,29272,31279
648898,54429,29257,31280
648918,54440,29302,31281
648938,54497,29227,31282
648958,54480,29312,31283
648978,54476,29313,31284
648998,54455,29356,31285
649018,54478,29418,31286
649038,54454,29359,31287
649058,54448,29384,31288
649078,54457,29389,31289
649098,54409,29428,31290
649118,54452,29371,31291
649138,54434,29399,31292
649158,54447,29342,31293
649178,54479,29333,31294
649198,54480,29377,31295
649218,54452,29359,31296
649238,54447,29364,31297
649258,54495,29410,31298
649278,54434,29370,31299
649298,54477,29386,31300
649318,55305,29326,31301
649338,55691,29406,31302
649358,55649,29420,31303
649378,55664,29362,31304
649398,55666,29344,31305
649418,55672,29321,31306
649438,55686,29422,31307
649458,55702,29403,31308
649478,55637,29388,31309
649498,55632,29390,31310
649518,55664,29390,31311
649538,55652,29394,31312
649558,55684,29367,31313
649578,55691,29398,31314
649598,55665,29379,31315
649618,55692,29506,31316
649638,55690,29339,31317
649658,55736,29351,31318
649678,55712,29297,31319
649698,55709,29495,31320
649718,55686,29506,31321
649738,55708,29576,31322
649758,55683,29471,31323
649778,55655,29384,31324
649798,55675,29154,31325
649818,56081,29352,31326
649838,56234,29375,31327
649858,56234,29413,31328
649878,56219,29539,31329
649898,56252,29551,31330
649918,56237,29599,31331
649938,56231,29635,31332
649958,56249,29587,31333
649978,56295,29620,31334
649998,56278,29575,31335
650018,56255,29701,31336
650038,56300,29654,31337
650058,56253,29525,31338
650078,56203,29526,31339
650098,56234,29525,31340
650118,56234,29488,31341
650138,56276,29584,31342
650158,56258,29413,31343
650178,56280,29428,31344
650198,56299,29535,31345
650218,56240,29534,31346
650238,56263,29465,31347
650258,56205,29478,31348
650278,56250,29569,31349
650298,56222,29547,31350
650318,56576,29573,31351
650338,56792,29584,31352
650358,56831,29577,31353
650378,56827,29610,31354
650398,56783,29753,31355
650418,56778,29685,31356
650438,56845,29462,31357
650458,56771,29303,31358
650478,56803,29540,31359
650498,56786,29443,31360
650518,56773,29589,31361
650538,56763,29649,31362
650558,56798,29829,31363
650578,56832,29762,31364
650598,56798,29907,31365
650618,56786,29855,31366
650638,56805,29793,31367
650658,56812,29816,31368
650678,56844,29863,31369
650698,56805,29856,31370
650718,56788,29768,31371
650738,56800,29656,31372
650758,56793,29673,31373
650778,56827,29674,31374
650798,56834,29756,31375
650818,57504,29732,31376
650838,57916,29584,31377
650858,57902,29590,31378
650878,57946,29594,31379
650898,57887,29690,31380
650918,57923,29879,31381
650938,57872,29871,31382
650958,57908,29936,31383
650978,57914,29862,31384
650998,57898,29864,31385
651018,57899,29807,31386
651038,57880,29832,31387
651058,57915,29851,31388
651078,57863,29858,31389
651098,57883,29883,31390
651118,57892,29900,31391
651138,57918,29910,31392
651158,57909,29996,31393
651178,57943,29955,31394
651198,57888,30011,31395
651218,57930,29934,31396
651238,57905,29890,31397
651258,57945,29785,31398
651278,57970,29796,31399
651298,57903,29873,31400
651318,58170,29854,31401
651338,58405,29864,31402
651358,58390,29903,31403
651378,58411,29917,31404
651398,58390,29973,31405
651418,58399,30028,31406
651438,58377,29981,31407
651458,58387,29953,31408
651478,58415,29986,31409
651498,58410,29950,31410
651518,58392,29969,31411
651538,58441,29974,31412
651558,58368,30063,31413
651578,58388,29987,31414
651598,58425,30009,31415
651618,58349,29905,31416
651638,58392,30058,31417
651658,58428,30018,31418
651678,58406,30032,31419
651698,58434,29939,31420
651718,58414,30019,31421
651738,58377,30027,31422
651758,58380,30040,31423
651778,58388,29948,31424
651798,58376,30013,31425
651818,58651,30012,31426
651838,58915,30042,31427
651858,58926,30037,31428
651878,58961,30088,31429
651898,58904,30122,31430
651918,58915,30056,31431
651938,58919,30182,31432
651958,58937,30147,31433
651978,58928,30057,31434
651998,58918,30090,31435
652018,58930,30031,31436
652038,58875,30156,31437
652058,58900,30199,31438
652078,58908,30192,31439
652098,58937,30126,31440
652118,58902,30152,31441
652138,58914,30077,31442
652158,58938,29971,31443
652178,58920,29862,31444
652198,58905,30014,31445
652218,58922,30069,31446
652238,58941,30245,31447
652258,58926,30271,31448
652278,58893,30330,31449
652298,58919,30223,31450
652318,59148,30332,31451
652338,59383,30191,31452
652358,59362,30126,31453
652378,59397,30105,31454
652398,59384,30088,31455
652418,59415,30151,31456
652438,59398,30211,31457
652458,59389,29975,31458
652478,59463,29955,31459
652498,59419,29973,31460
652518,59383,30197,31461
652538,59378,30145,31462
652558,59436,30157,31463
652578,59419,30193,31464
652598,59436,30253,31465
652618,59433,30325,31466
652638,59366,30290,31467
652658,59373,30205,31468
652678,59350,30332,31469
652698,59366,30376,31470
652718,59438,30277,31471
652738,59418,30203,31472
652758,59439,30289,31473
652778,59461,30225,31474
652798,59404,30246,31475
652818,59432,30202,31476
652838,60358,30176,31477
652858,60326,30395,31478
652878,60302,30370,31479
652898,60350,30409,31480
652918,60315,30349,31481
652938,60392,30434,31482
652958,60375,30477,31483
652978,60334,30502,31484
652998,60391,30451,31485
653018,60341,30391,31486
653038,60362,30298,31487
653058,60379,30318,31488
653078,60339,30338,31489
653098,60378,30332,31490
653118,60363,30385,31491
653138,60301,30343,31492
653158,60351,30399,31493
653178,60340,30381,31494
653198,60304,30554,31495
653218,60332,30465,31496
653238,60352,30456,31497
653258,60368,30451,31498
653278,60380,30481,31499
653298,60283,30584,31500
653318,60540,30536,31501
653338,60782,30525,31502
653358,60755,30446,31503
653378,60819,30534,31504
653398,60748,30597,31505
653418,60753,30570,31506
653438,60789,30555,31507
653458,60801,30572,31508
653478,60792,30591,31509
653498,60835,30616,31510
653518,60795,30704,31511
653538,60751,30569,31512
653558,60729,30680,31513
653578,60816,30699,31514
653598,60765,30563,31515
653618,60795,30602,31516
653638,60785,30606,31517
653658,60757,30646,31518
653678,60767,30702,31519
653698,60801,30671,31520
653718,60753,30638,31521
653738,60799,30721,31522
653758,60832,30708,31523
653778,60844,30704,31524
653798,60768,30589,31525
653818,60973,30756,31526
653838,61243,30786,31527
653858,61194,30777,31528
653878,61184,30836,31529
653898,61207,30752,31530
653918,61193,30729,31531
653938,61233,30823,31532
653958,61184,30742,31533
653978,61186,30829,31534
653998,61203,30676,31535
654018,61232,30683,31536
654038,61193,30806,31537
654058,61227,30806,31538
654078,61168,30809,31539
654098,61212,30727,31540
654118,61220,30758,31541
654138,61200,30894,31542
654158,61182,30756,31543
654178,61195,30659,31544
654198,61159,30636,31545
654218,61160,30788,31546
654238,61176,30743,31547
654258,61228,30820,31548
654278,61166,30642,31549
654298,61158,30627,31550
654318,61513,30734,31551
654338,62006,30684,31552
654358,62043,30885,31553
654378,61999,30800,31554
654398,62025,30704,31555
654418,62012,30668,31556
654438,62039,30686,31557
654458,62046,30679,31558
654478,62001,30821,31559
654498,61991,30896,31560
654518,62002,30886,31561
654538,62039,30936,31562
654558,61992,30948,31563
654578,61995,30911,31564
654598,62039,31090,31565
654618,61979,30918,31566
654638,62038,30881,31567
654658,62003,30761,31568
654678,62050,30768,31569
654698,62050,30860,31570
654718,62011,30866,31571
654738,62000,30795,31572
654758,62011,30715,31573
654778,62025,30782,31574
654798,62002,30867,31575
654818,62110,30743,31576
654838,62379,30881,31577
654858,62398,30835,31578
654878,62424,30926,31579
654898,62409,31065,31580
654918,62389,31006,31581
654938,62397,31000,31582
654958,62390,30929,31583
654978,62364,30860,31584
654998,62354,30881,31585
655018,62366,30805,31586
655038,62360,30894,31587
655058,62402,31079,31588
655078,62394,31149,31589
655098,62403,31130,31590
655118,62435,31094,31591
655138,62446,31138,31592
655158,62404,31132,31593
655178,62368,31126,31594
655198,62388,31208,31595
655218,62400,31109,31596
655238,62411,31034,31597
655258,62370,30819,31598
655278,62385,31147,31599
655298,62394,31115,31600
655318,62423,31057,31601
655338,62790,31037,31602
655358,62739,30983,31603
655378,62792,31104,31604
655398,62758,31248,31605
655418,62732,31151,31606
655438,62732,31223,31607
655458,62747,31236,31608
655478,62689,31256,31609
655498,62717,31197,31610
655518,62774,31243,31611
655538,62702,31159,31612
655558,62726,31158,31613
655578,62723,31273,31614
655598,62672,31271,31615
655618,62713,31267,31616
655638,62750,31260,31617
655658,62752,31220,31618
655678,62736,31189,31619
655698,62773,31151,31620
655718,62749,31155,31621
655738,62726,31227,31622
655758,62700,31203,31623
655778,62720,31339,31624
655798,62734,31286,31625
655818,62806,31273,31626
655838,63033,31255,31627
655858,63057,31244,31628
655878,63058,31314,31629
655898,63046,31329,31630
655918,63051,31366,31631
655938,63069,31448,31632
655958,63039,31379,31633
655978,63080,31339,31634
655998,63084,31226,31635
656018,63100,31309,31636
656038,63059,31304,31637
656058,63059,31409,31638
656078,63071,31349,31639
656098,63051,31344,31640
656118,63038,31392,31641
656138,63124,31368,31642
656158,63055,31510,31643
656178,63047,31407,31644
656198,63078,31409,31645
656218,63069,31416,31646
656238,63032,31392,31647
656258,63053,31539,31648
656278,63035,31402,31649
656298,63098,31463,31650
656318,63227,31469,31651
656338,63726,31487,31652
656358,63665,31484,31653
656378,63755,31392,31654
656398,63686,31289,31655
656418,63721,31517,31656
656438,63648,31413,31657
656458,63684,31485,31658
656478,63768,31549,31659
656498,63744,31408,31660
656518,63667,31438,31661
656538,63660,31425,31662
656558,63726,31504,31663
656578,63692,31496,31664
656598,63730,31522,31665
656618,63732,31602,31666
656638,63729,31583,31667
656658,63730,31551,31668
656678,63720,31403,31669
656698,63740,31552,31670
656718,63757,31612,31671
656738,63722,31441,31672
656758,63636,31513,31673
656778,63610,31597,31674
656798,63638,31621,31675
656818,63745,31576,31676
656838,63977,31564,31677
656858,63947,31612,31678
656878,63991,31557,31679
656898,64013,31638,31680
656918,63991,31615,31681
656938,63968,31696,31682
656958,63920,31616,31683
656978,63972,31616,31684
656998,63947,31669,31685
657018,63950,31588,31686
657038,63999,31516,31687
657058,64018,31633,31688
657078,63948,31670,31689
657098,63942,31669,31690
657118,63937,31647,31691
657138,63967,31661,31692
657158,63974,31618,31693
657178,63990,31623,31694
657198,63994,31734,31695
657218,63946,31708,31696
657238,63962,31794,31697
657258,63969,31706,31698
657278,64015,31784,31699
657298,63973,31758,31700
657318,64040,31819,31701
657338,64230,31797,31702
657358,64190,31815,31703
657378,64215,31893,31704
657398,64201,31828,31705
657418,64225,31835,31706
657438,64215,31910,31707
657458,64222,31805,31708
657478,64263,31913,31709
657498,64222,31886,31710
657518,64192,31854,31711
657538,64221,31881,31712
657558,64212,31827,31713
657578,64189,31941,31714
657598,64214,31869,31715
657618,64249,31953,31716
657638,64264,31864,31717
657658,64252,31887,31718
657678,64234,31820,31719
657698,64243,31878,31720
657718,64243,31881,31721
657738,64224,31862,31722
657758,64234,31900,31723
657778,64210,31902,31724
657798,64230,31976,31725
657818,64291,31979,31726
657838,64473,31904,31727
657858,64468,31926,31728
657878,64433,31910,31729
657898,64459,31859,31730
657918,64468,31890,31731
657938,64451,32012,31732
657958,64456,31990,31733
657978,64433,31930,31734
657998,64432,31922,31735
658018,64472,32013,31736
658038,64462,31989,31737
658058,64458,32065,31738
658078,64460,31980,31739
658098,64469,32006,31740
658118,64448,31990,31741
658138,64444,32049,31742
658158,64447,32080,31743
658178,64438,32060,31744
658198,64506,31990,31745
658218,64469,32144,31746
658238,64445,32126,31747
658258,64476,32211,31748
658278,64440,32101,31749
658298,64482,32178,31750
658318,64483,32080,31751
658338,64905,32160,31752
658358,64896,32152,31753
658378,64858,32028,31754
658398,64874,32100,31755
658418,64866,32061,31756
658438,64868,32083,31757
658458,64817,32118,31758
658478,64917,32083,31759
658498,64862,32060,31760
658518,64878,32104,31761
658538,64841,32217,31762
658558,64864,32153,31763
658578,64850,32181,31764
658598,64876,32163,31765
658618,64898,32075,31766
658638,64913,32171,31767
658658,64853,32257,31768
658678,64875,32182,31769
658698,64853,32100,31770
658718,64857,32167,31771
658738,64844,32221,31772
658758,64857,32201,31773
658778,64861,32157,31774
658798,64861,32321,31775
658818,64844,32331,31776
658838,65053,32350,31777
658858,65071,32241,31778
658878,65077,32123,31779
658898,65033,32160,31780
658918,65015,32194,31781
658938,65037,32245,31782
658958,65041,32291,31783
658978,65027,32348,31784
658998,65015,32320,31785
659018,65022,32323,31786
659038,65000,32349,31787
659058,65075,32256,31788
659078,65094,32299,31789
659098,65050,32253,31790
659118,65042,32248,31791
659138,65008,32333,31792
659158,65038,32225,31793
659178,65046,32347,31794
659198,65042,32304,31795
659218,65062,32344,31796
659238,65025,32299,31797
659258,65034,32196,31798
659278,65034,32309,31799
659298,65022,32327,31800
659318,65004,32336,31801
659338,65161,32381,31802
659358,65145,32326,31803
659378,65139,32389,31804
659398,65187,32368,31805
659418,65126,32330,31806
659438,65161,32375,31807
659458,65143,32354,31808
659478,65104,32431,31809
659498,65168,32395,31810
659518,65125,32453,31811
659538,65111,32491,31812
659558,65128,32470,31813
659578,65128,32605,31814
659598,65146,32548,31815
659618,65135,32540,31816
659638,65164,32534,31817
659658,65126,32530,31818
659678,65164,32572,31819
659698,65133,32397,31820
659718,65120,32528,31821
659738,65126,32533,31822
659758,65101,32535,31823
659778,65117,32569,31824
659798,65147,32555,31825
659818,65132,32524,31826
659838,65161,32503,31827
659858,65100,32430,31828
659878,65118,32480,31829
659898,65137,32436,31830
659918,65127,32511,31831
659938,65134,32565,31832
659958,65128,32617,31833
659978,65170,32678,31834
659998,65166,32611,31835
660018,65154,32633,31836
660038,65131,32547,31837
660058,65124,32689,31838
660078,65110,32577,31839
660098,65139,32670,31840
660118,65112,32589,31841
660138,65119,32621,31842
660158,65118,32621,31843
660178,65146,32627,31844
660198,65160,32646,31845
660218,65141,32634,31846
660238,65114,32648,31847
660258,65111,32761,31848
660278,65119,32714,31849
660298,65141,32764,31850
660318,65148,32748,31851
660338,65145,32753,31852
660358,65091,32733,31853
660378,65153,32735,31854
660398,65166,32742,31855
660418,65124,32733,31856
660438,65146,32745,31857
660458,65093,32871,31858
660478,65144,32775,31859
660498,65127,32851,31860
660518,65165,32709,31861
660538,65153,32779,31862
660558,65171,32775,31863
660578,65129,32765,31864
660598,65144,32712,31865
660618,65152,32740,31866
660638,65140,32732,31867
660658,65153,32806,31868
660678,65148,32821,31869
660698,65156,32804,31870
660718,65145,32854,31871
660738,65137,32856,31872
660758,65151,32882,31873
660778,65150,32825,31874
660798,65124,32788,31875
660818,65152,32830,31876
660838,65135,32810,31877
660858,65170,32888,31878
660878,65147,32849,31879
660898,65145,32846,31880
660918,65143,32857,31881
660938,65154,32909,31882
660958,65137,32831,31883
660978,65156,32884,31884
660998,65132,32903,31885
661018,65164,32967,31886
661038,65125,33078,31887
661058,65168,33019,31888
661078,65112,33073,31889
661098,65116,33005,31890
661118,65177,32993,31891
661138,65127,32990,31892
661158,65125,32925,31893
661178,65154,32902,31894
661198,65151,32904,31895
661218,65143,32967,31896
661238,65154,33010,31897
661258,65100,33056,31898
661278,65135,33046,31899
661298,65135,32954,31900
661318,65164,32932,31901
661338,65112,33019,31902
661358,65154,32973,31903
661378,65140,32987,31904
661398,65150,32907,31905
661418,65145,33065,31906
661438,65147,33019,31907
661458,65141,32975,31908
661478,65158,32921,31909
661498,65182,33008,31910
661518,65150,33092,31911
661538,65164,32973,31912
661558,65144,33069,31913
661578,65117,33145,31914
661598,65112,33097,31915
661618,65098,33031,31916
661638,65118,32840,31917
661658,65131,32805,31918
661678,65155,32889,31919
661698,65159,32992,31920
661718,65146,33102,31921
661738,65151,33142,31922
661758,65154,33148,31923
661778,65151,33239,31924
661798,65142,33178,31925
661818,65133,33159,31926
661838,65161,33150,31927
661858,65155,33192,31928
661878,65175,33227,31929
661898,65157,33260,31930
661918,65097,33332,31931
661938,65075,33092,31932
661958,65116,33230,31933
661978,65109,33168,31934
661998,65095,33117,31935
662018,65186,33194,31936
662038,65108,33021,31937
662058,65134,32946,31938
662078,65166,33112,31939
662098,65134,33238,31940
662118,65135,33108,31941
662138,65178,32984,31942
662158,65111,33095,31943
662178,65139,33190,31944
662198,65120,33213,31945
662218,65135,33202,31946
662238,65122,33228,31947
662258,65160,33162,31948
662278,65192,33130,31949
662298,65057,33048,31950
662318,65101,33029,31951
662338,65164,33261,31952
662358,65165,33407,31953
662378,65108,33419,31954
662398,65117,33474,31955
662418,65145,33306,31956
662438,65150,33293,31957
662458,65166,33388,31958
662478,65132,33385,31959
662498,65100,33495,31960
662518,65103,33271,31961
662538,65160,33423,31962
662558,65164,33484,31963
662578,65133,33520,31964
662598,65080,33553,31965
662618,65226,33369,31966
662638,65188,33495,31967
662658,65112,33390,31968
662678,65174,33468,31969
662698,65114,33461,31970
662718,65096,33296,31971
662738,65216,33450,31972
662758,65114,33483,31973
662778,65086,33437,31974
662798,65180,33388,31975
662818,65159,33385,31976
662838,65136,33477,31977
662858,65146,33410,31978
662878,65218,33513,31979
662898,65166,33529,31980
662918,65140,33420,31981
662938,65123,33562,31982
662958,65124,33544,31983
662978,65126,33558,31984
662998,65203,33372,31985
663018,65094,33379,31986
663038,65155,33545,31987
663058,65124,33666,31988
663078,65143,33582,31989
663098,65162,33554,31990
663118,65105,33539,31991
663138,65060,33642,31992
663158,65132,33539,31993
663178,65211,33653,31994
663198,65111,33482,31995
663218,65083,33488,31996
663238,65105,33680,31997
663258,65120,33481,31998
663278,65116,33550,31999
663298,65059,33540,32000
663318,65135,33653,32001
663338,65127,33642,32002
663358,65135,33576,32003
663378,65204,33556,32004
663398,65203,33548,32005
663418,65153,33699,32006
663438,65131,33687,32007
663458,65139,33599,32008
663478,65149,33690,32009
663498,65176,33635,32010
663518,65169,33676,32011
663538,65198,33670,32012
663558,65162,33718,32013
663578,65105,33666,32014
663598,65159,33630,32015
663618,65173,33726,32016
663638,65175,33625,32017
663658,65122,33721,32018
663678,65181,33747,32019
663698,65171,33815,32020
663718,65143,33740,32021
663738,65152,33694,32022
663758,65146,33813,32023
663778,65187,33712,32024
663798,65115,33734,32025
663818,65103,33760,32026
663838,65140,33601,32027
663858,65136,33709,32028
663878,65167,33697,32029
663898,65128,33759,32030
663918,65149,33755,32031
663938,65196,33704,32032
663958,65195,33773,32033
663978,65126,33729,32034
663998,65121,33717,32035
664018,65147,33717,32036
664038,65103,33736,32037
664058,65127,33674,32038
664078,65136,33584,32039
664098,65141,33828,32040
664118,65140,33908,32041
664138,65137,33862,32042
664158,65150,33919,32043
664178,65148,33868,32044
664198,65183,33884,32045
664218,65135,33903,32046
664238,65159,33902,32047
664258,65127,33923,32048
664278,65138,33883,32049
664298,65067,33858,32050
664318,65110,33877,32051
664338,65152,33823,32052
664358,65127,33824,32053
664378,65167,33759,32054
664398,65142,33773,32055
664418,65141,33800,32056
664438,65126,33707,32057
664458,65155,33889,32058
664478,65193,33827,32059
664498,65164,33965,32060
664518,65147,33988,32061
664538,65156,33977,32062
664558,65120,33929,32063
664578,65184,33834,32064
664598,65135,33774,32065
664618,65150,33804,32066
664638,65189,33901,32067
664658,65152,33906,32068
664678,65164,34030,32069
664698,65144,33969,32070
664718,65175,34019,32071
664738,65109,34089,32072
664758,65108,34099,32073
664778,65153,34133,32074
664798,65124,34126,32075
664818,65140,34104,32076
664838,65172,34155,32077
664858,65155,34149,32078
664878,65163,34185,32079
664898,65150,34186,32080
664918,65132,34068,32081
664938,65150,34121,32082
664958,65142,33977,32083
664978,65132,33942,32084
664998,65143,34067,32085
665018,65175,33930,32086
665038,65168,34042,32087
665058,65157,34084,32088
665078,65142,34076,32089
665098,65140,34058,32090
665118,65127,34033,32091
665138,65125,34187,32092
665158,65135,34184,32093
665178,65169,34310,32094
665198,65157,34269,32095
665218,65164,34288,32096
665238,65137,34275,32097
665258,65146,34203,32098
665278,65162,34236,32099
665298,65170,34198,32100
665318,65129,34233,32101
665338,65142,34209,32102
665358,65177,34267,32103
665378,65178,34228,32104
665398,65153,34222,32105
665418,65163,34233,32106
665438,65157,34324,32107
665458,65127,34303,32108
665478,65127,34257,32109
665498,65129,34205,32110
665518,65127,34213,32111
665538,65126,34259,32112
665558,65162,34273,32113
665578,65139,34329,32114
665598,65176,34357,32115
665618,65149,34426,32116
665638,65135,34427,32117
665658,65142,34448,32118
665678,65168,34409,32119
665698,65161,34348,32120
665718,65149,34392,32121
665738,65135,34383,32122
665758,65142,34357,32123
665778,65143,34305,32124
665798,65175,34414,32125
665818,65151,34435,32126
665838,65151,34446,32127
665858,65113,34420,32128
665878,65019,34367,32129
665898,65019,34423,32130
665918,65060,34345,32131
665938,65036,34353,32132
665958,65036,34432,32133
665978,65075,34380,32134
665998,65059,34474,32135
666018,65064,34458,32136
666038,65033,34423,32137
666058,65025,34416,32138
666078,65035,34397,32139
666098,65035,34435,32140
666118,65034,34430,32141
666138,65039,34466,32142
666158,65066,34379,32143
666178,65075,34339,32144
666198,65058,34465,32145
666218,65057,34491,32146
666238,65022,34489,32147
666258,65021,34523,32148
666278,65017,34455,32149
666298,65023,34452,32150
666318,65031,34527,32151
666338,64857,34436,32152
666358,64882,34399,32153
666378,64847,34258,32154
666398,64857,34370,32155
666418,64872,34454,32156
666438,64854,34551,32157
666458,64875,34560,32158
666478,64887,34589,32159
666498,64876,34545,32160
666518,64858,34450,32161
666538,64857,34490,32162
666558,64932,34488,32163
666578,64871,34563,32164
666598,64874,34528,32165
666618,64894,34411,32166
666638,64896,34447,32167
666658,64923,34381,32168
666678,64871,34565,32169
666698,64883,34515,32170
666718,64867,34605,32171
666738,64891,34618,32172
666758,64878,34672,32173
666778,64868,34681,32174
666798,64878,34547,32175
666818,64871,34423,32176
666838,64448,34468,32177
666858,64434,34462,32178
666878,64446,34582,32179
666898,64447,34618,32180
666918,64464,34590,32181
666938,64474,34682,32182
666958,64463,34642,32183
666978,64469,34788,32184
666998,64473,34826,32185
667018,64459,34759,32186
667038,64463,34829,32187
667058,64475,34791,32188
667078,64473,34847,32189
667098,64502,34760,32190
667118,64467,34775,32191
667138,64440,34743,32192
667158,64468,34695,32193
667178,64475,34776,32194
667198,64514,34781,32195
667218,64467,34899,32196
667238,64469,34823,32197
667258,64427,34811,32198
667278,64449,34801,32199
667298,64443,34725,32200
667318,64461,34718,32201
667338,64248,34795,32202
667358,64277,34838,32203
667378,64238,34816,32204
667398,64200,34766,32205
667418,64242,34835,32206
667438,64264,34865,32207
667458,64207,34935,32208
667478,64228,34905,32209
667498,64237,34869,32210
667518,64214,34801,32211
667538,64227,34780,32212
667558,64274,34792,32213
667578,64254,34811,32214
667598,64234,34788,32215
667618,64234,34819,32216
667638,64288,34896,32217
667658,64232,34782,32218
667678,64229,34930,32219
667698,64229,34979,32220
667718,64218,34948,32221
667738,64219,34920,32222
667758,64235,34974,32223
667778,64252,34963,32224
667798,64240,34884,32225
667818,64262,34971,32226
667838,64016,34921,32227
667858,63973,34871,32228
667878,63985,34859,32229
667898,63960,34880,32230
667918,63974,35006,32231
667938,63978,34899,32232
667958,63986,34912,32233
667978,64002,34974,32234
667998,63978,35037,32235
668018,63971,35118,32236
668038,63979,35030,32237
668058,63984,35082,32238
668078,63992,34992,32239
668098,63987,34958,32240
668118,63934,35020,32241
668138,63999,35039,32242
668158,63955,35051,32243
668178,63967,35069,32244
668198,63965,35113,32245
668218,63977,35153,32246
668238,63993,35024,32247
668258,63998,35078,32248
668278,63971,34946,32249
668298,63999,35148,32250
668318,63981,35153,32251
668338,63679,35130,32252
668358,63705,35058,32253
668378,63684,35046,32254
668398,63703,35105,32255
668418,63683,34932,32256
668438,63761,35078,32257
668458,63658,35116,32258
668478,63710,35173,32259
668498,63729,35266,32260
668518,63804,35344,32261
668538,63629,35181,32262
668558,63751,35302,32263
668578,63716,35215,32264
668598,63719,35379,32265
668618,63691,35239,32266
668638,63709,35297,32267
668658,63702,35295,32268
668678,63680,35313,32269
668698,63733,35392,32270
668718,63695,35289,32271
668738,63710,35326,32272
668758,63681,35170,32273
668778,63720,35238,32274
668798,63687,35298,32275
668818,63775,35397,32276
668838,63059,35311,32277
668858,63114,35298,32278
668878,63111,35375,32279
668898,63138,35434,32280
668918,63064,35361,32281
668938,63079,35346,32282
668958,63088,35281,32283
668978,63038,35457,32284
668998,63054,35612,32285
669018,63113,35482,32286
669038,63030,35426,32287
669058,63061,35395,32288
669078,63070,35395,32289
669098,63119,35331,32290
669118,63074,35389,32291
669138,63184,35329,32292
669158,63026,35337,32293
669178,63082,35576,32294
669198,63024,35513,32295
669218,63077,35401,32296
669238,63031,35391,32297
669258,63160,35288,32298
669278,63063,35211,32299
669298,63048,35426,32300
669318,63087,35473,32301
669338,62741,35383,32302
669358,62731,35473,32303
669378,62795,35461,32304
669398,62748,35337,32305
669418,62710,35415,32306
669438,62692,35447,32307
669458,62713,35470,32308
669478,62714,35543,32309
669498,62809,35609,32310
669518,62769,35566,32311
669538,62736,35560,32312
669558,62738,35593,32313
669578,62718,35526,32314
669598,62765,35466,32315
669618,62733,35478,32316
669638,62719,35585,32317
669658,62772,35582,32318
669678,62739,35574,32319
669698,62661,35543,32320
669718,62760,35528,32321
669738,62761,35500,32322
669758,62755,35521,32323
669778,62771,35518,32324
669798,62760,35532,32325
669818,62709,35533,32326
669838,62386,35538,32327
669858,62396,35575,32328
669878,62424,35543,32329
669898,62391,35520,32330
669918,62405,35474,32331
669938,62377,35619,32332
669958,62374,35539,32333
669978,62399,35601,32334
669998,62381,35570,32335
670018,62359,35656,32336
670038,62437,35695,32337
670058,62389,35744,32338
670078,62399,35549,32339
670098,62422,35663,32340
670118,62362,35576,32341
670138,62378,35563,32342
670158,62461,35448,32343
670178,62433,35493,32344
670198,62407,35569,32345
670218,62376,35657,32346
670238,62364,35691,32347
670258,62341,35714,32348
670278,62360,35779,32349
670298,62359,35734,32350
670318,62374,35673,32351
670338,62098,35718,32352
670358,61979,35698,32353
670378,62019,35635,32354
670398,61984,35792,32355
670418,62015,35805,32356
670438,62035,35841,32357
670458,62028,35905,32358
670478,62025,35874,32359
670498,62000,35925,32360
670518,62020,35738,32361
670538,61967,35776,32362
670558,62021,35736,32363
670578,61988,35738,32364
670598,62084,35839,32365
670618,62033,35825,32366
670638,61997,35839,32367
670658,62053,35735,32368
670678,62098,35827,32369
670698,61974,35799,32370
670718,62008,35839,32371
670738,62063,35826,32372
670758,61971,35884,32373
670778,62031,35885,32374
670798,62028,35876,32375
670818,62005,35880,32376
670838,61147,35840,32377
670858,61187,35855,32378
670878,61185,35881,32379
670898,61213,35915,32380
670918,61191,36009,32381
670938,61215,35906,32382
670958,61341,35898,32383
670978,61208,35881,32384
670998,61189,35857,32385
671018,61235,35792,32386
671038,61208,35737,32387
671058,61229,35707,32388
671078,61213,35749,32389
671098,61212,35844,32390
671118,61242,35881,32391
671138,61157,35943,32392
671158,61212,35896,32393
671178,61196,35897,32394
671198,61268,35911,32395
671218,61220,35861,32396
671238,61223,35515,32397
671258,61174,35616,32398
671278,61200,35770,32399
671298,61237,35871,32400
671318,61184,35986,32401
671338,60784,35793,32402
671358,60801,35968,32403
671378,60722,36018,32404
671398,60731,35936,32405
671418,60799,35774,32406
671438,60815,35807,32407
671458,60744,35785,32408
671478,60788,35764,32409
671498,60782,35777,32410
671518,60792,35661,32411
671538,60839,35724,32412
671558,60714,35830,32413
671578,60784,35845,32414
671598,60756,35857,32415
671618,60769,35679,32416
671638,60785,35888,32417
671658,60794,35957,32418
671678,60776,35922,32419
671698,60775,35973,32420
671718,60836,36008,32421
671738,60793,35978,32422
671758,60775,35918,32423
671778,60774,35870,32424
671798,60807,35845,32425
671818,60815,36076,32426
671838,60346,36133,32427
671858,60325,36173,32428
671878,60345,36012,32429
671898,60336,36078,32430
671918,60340,36037,32431
671938,60329,36097,32432
671958,60317,36145,32433
671978,60347,36242,32434
671998,60388,36093,32435
672018,60371,36069,32436
672038,60339,36146,32437
672058,60376,36202,32438
672078,60397,36077,32439
672098,60377,36169,32440
672118,60399,36185,32441
672138,60368,36165,32442
672158,60347,36248,32443
672178,60352,36198,32444
672198,60374,36126,32445
672218,60337,36031,32446
672238,60386,36103,32447
672258,60343,36211,32448
672278,60369,36175,32449
672298,60319,36224,32450
672318,60374,36228,32451
672338,59407,36190,32452
672358,59405,36193,32453
672378,59459,36122,32454
672398,59474,36176,32455
672418,59423,36250,32456
672438,59414,36244,32457
672458,59391,36257,32458
672478,59414,36240,32459
672498,59368,36161,32460
672518,59391,36313,32461
672538,59407,36257,32462
672558,59405,36220,32463
672578,59409,36239,32464
672598,59475,36285,32465
672618,59402,36334,32466
672638,59443,36269,32467
672658,59476,36215,32468
672678,59440,36216,32469
672698,59426,36167,32470
672718,59413,36304,32471
672738,59419,36255,32472
672758,59395,36284,32473
672778,59392,36295,32474
672798,59429,36148,32475
672818,59457,36316,32476
672838,58920,36288,32477
672858,58941,36189,32478
672878,58935,36262,32479
672898,58939,36279,32480
672918,58924,36341,32481
672938,58967,36342,32482
672958,58889,36326,32483
672978,58875,36361,32484
672998,58925,36414,32485
673018,58912,36388,32486
673038,58887,36379,32487
673058,58909,36334,32488
673078,58952,36303,32489
673098,58926,36392,32490
673118,58919,36409,32491
673138,58929,36414,32492
673158,58917,36350,32493
673178,58948,36366,32494
673198,58926,36392,32495
673218,58951,36352,32496
673238,58904,36323,32497
673258,58880,36278,32498
673278,58945,36289,32499
673298,58867,36387,32500
673318,58934,36342,32501
673338,58434,36262,32502
673358,58419,36317,32503
673378,58430,36349,32504
673398,58469,36352,32505
673418,58434,36387,32506
673438,58421,36318,32507
673458,58380,36313,32508
673478,58402,36289,32509
673498,58420,36337,32510
673518,58409,36349,32511
673538,58390,36389,32512
673558,58418,36477,32513
673578,58363,36444,32514
673598,58421,36473,32515
673618,58424,36446,32516
673638,58396,36355,32517
673658,58455,36368,32518
673678,58428,36362,32519
673698,58398,36399,32520
673718,58436,36361,32521
673738,58460,36416,32522
673758,58427,36473,32523
673778,58405,36535,32524
673798,58428,36575,32525
673818,58412,36530,32526
673838,57900,36515,32527
673858,57946,36502,32528
673878,57880,36497,32529
673898,57937,36553,32530
673918,57898,36542,32531
673938,57879,36608,32532
673958,57901,36580,32533
673978,57909,36578,32534
673998,57923,36573,32535
674018,57949,36509,32536
674038,57935,36556,32537
674058,57899,36574,32538
674078,57919,36582,32539
674098,57934,36653,32540
674118,57934,36577,32541
674138,57933,36604,32542
674158,57902,36626,32543
674178,57875,36580,32544
674198,57918,36577,32545
674218,57934,36611,32546
674238,57918,36673,32547
674258,57880,36695,32548
674278,57925,36577,32549
674298,57914,36576,32550
674318,57923,36579,32551
674338,57201,36562,32552
674358,56826,36639,32553
674378,56850,36567,32554
674398,56815,36628,32555
674418,56805,36624,32556
674438,56808,36733,32557
674458,56804,36614,32558
674478,56829,36631,32559
674498,56825,36585,32560
674518,56803,36660,32561
674538,56805,36654,32562
674558,56809,36655,32563
674578,56804,36665,32564
674598,56799,36615,32565
674618,56798,36659,32566
674638,56789,36633,32567
674658,56809,36534,32568
674678,56800,36413,32569
674698,56786,36532,32570
674718,56787,36668,32571
674738,56793,36706,32572
674758,56827,36730,32573
674778,56815,36661,32574
674798,56820,36632,32575
674818,56839,36691,32576
674838,56531,36584,32577
674858,56247,36640,32578
674878,56233,36669,32579
674898,56206,36654,32580
674918,56263,36739,32581
674938,56220,36753,32582
674958,56246,36736,32583
674978,56197,36724,32584
674998,56259,36565,32585
675018,56241,36614,32586
675038,56280,36552,32587
675058,56248,36562,32588
675078,56226,36441,32589
675098,56254,36525,32590
675118,56246,36606,32591
675138,56228,36626,32592
675158,56247,36582,32593
675178,56222,36711,32594
675198,56233,36785,32595
675218,56270,36784,32596
675238,56253,36450,32597
675258,56285,36553,32598
675278,56251,36536,32599
675298,56255,36566,32600
675318,56332,36524,32601
675338,55692,36425,32602
675358,55683,36508,32603
675378,55675,36670,32604
675398,55657,36819,32605
675418,55667,36820,32606
675438,55645,36755,32607
675458,55682,36706,32608
675478,55654,36765,32609
675498,55646,36827,32610
675518,55647,36840,32611
675538,55697,36818,32612
675558,55678,36804,32613
675578,55684,36786,32614
675598,55699,36926,32615
675618,55689,36887,32616
675638,55700,36773,32617
675658,55692,36797,32618
675678,55704,36795,32619
675698,55697,36940,32620
675718,55656,36916,32621
675738,55663,36885,32622
675758,55672,36861,32623
675778,55702,36902,32624
675798,55695,36910,32625
675818,55671,36830,32626
675838,54459,36847,32627
675858,54439,36842,32628
675878,54475,36860,32629
675898,54503,36950,32630
675918,54488,36882,32631
675938,54463,36889,32632
675958,54480,36875,32633
675978,54432,36883,32634
675998,54464,36911,32635
676018,54439,36929,32636
676038,54436,36880,32637
676058,54452,36922,32638
676078,54462,36939,32639
676098,54478,36934,32640
676118,54431,36887,32641
676138,54441,36848,32642
676158,54441,36866,32643
676178,54460,36915,32644
676198,54481,36902,32645
676218,54458,36931,32646
676238,54460,36958,32647
676258,54451,36941,32648
676278,54447,36930,32649
676298,54438,36912,32650
676318,54451,36914,32651
676338,53854,36895,32652
676358,53880,36907,32653
676378,53843,36842,32654
676398,53833,36849,32655
676418,53835,36905,32656
676438,53866,36937,32657
676458,53848,36961,32658
676478,53843,37011,32659
676498,53826,36850,32660
676518,53816,36969,32661
676538,53858,36901,32662
676558,53819,37005,32663
676578,53819,37064,32664
676598,53836,37020,32665
676618,53831,37019,32666
676638,53862,36982,32667
676658,53835,37042,32668
676678,53861,37014,32669
676698,53844,37042,32670
676718,53818,37013,32671
676738,53830,36987,32672
676758,53847,36980,32673
676778,53836,37012,32674
676798,53816,37012,32675
676818,53831,37024,32676
676838,53140,36913,32677
676858,53180,36962,32678
676878,53195,36905,32679
676898,53214,36987,32680
676918,53202,36939,32681
676938,53179,36973,32682
676958,53186,36953,32683
676978,53208,36981,32684
676998,53190,36905,32685
677018,53157,37049,32686
677038,53158,36940,32687
677058,53156,37048,32688
677078,53141,36958,32689
677098,53172,36938,32690
677118,53139,36947,32691
677138,53209,36987,32692
677158,53182,37064,32693
677178,53165,37034,32694
677198,53190,37070,32695
677218,53229,37084,32696
677238,53168,37031,32697
677258,53188,37068,32698
677278,53155,37003,32699
677298,53191,36995,32700
677318,53146,36969,32701
677338,52563,37019,32702
677358,52519,37009,32703
677378,52514,37051,32704
677398,52547,37149,32705
677418,52526,37117,32706
677438,52529,37117,32707
677458,52556,37104,32708
677478,52557,37184,32709
677498,52509,37176,32710
677518,52560,37153,32711
677538,52549,37140,32712
677558,52526,37104,32713
677578,52565,37136,32714
677598,52551,37220,32715
677618,52510,37227,32716
677638,52514,37219,32717
677658,52526,37152,32718
677678,52546,37190,32719
677698,52482,37219,32720
677718,52523,37127,32721
677738,52560,37145,32722
677758,52504,37140,32723
677778,52497,37160,32724
677798,52556,37284,32725
677818,52506,37237,32726
677838,51971,37271,32727
677858,51212,37092,32728
677878,51231,37131,32729
677898,51234,37223,32730
677918,51205,37160,32731
677938,51175,37237,32732
677958,51203,37155,32733
677978,51189,37249,32734
677998,51190,37268,32735
678018,51220,37165,32736
678038,51242,37228,32737
678058,51199,37108,32738
678078,51230,37148,32739
678098,51219,37173,32740
678118,51249,37190,32741
678138,51197,37123,32742
678158,51213,37064,32743
678178,51204,37157,32744
678198,51213,37085,32745
678218,51235,37183,32746
678238,51178,37137,32747
678258,51187,37139,32748
678278,51186,37230,32749
678298,51224,37109,32750
678318,51209,37195,32751
678338,50597,37137,32752
678358,50576,37156,32753
678378,50558,37261,32754
678398,50574,37201,32755
678418,50523,37166,32756
678438,50527,37174,32757
678458,50562,37198,32758
678478,50562,37151,32759
678498,50496,37100,32760
678518,50501,37057,32761
678538,50540,36980,32762
678558,50522,37103,32763
678578,50513,37058,32764
678598,50536,36951,32765
678618,50552,37059,32766
678638,50535,37003,32767
678658,50548,37000,32768
678678,50445,37062,32769
678698,50514,37017,32770
678718,50522,37050,32771
678738,50546,37055,32772
678758,50574,37177,32773
678778,50553,37227,32774
678798,50552,37161,32775
678818,50538,37052,32776
678838,49920,36942,32777
678858,49863,36997,32778
678878,49839,37115,32779
678898,49855,37172,32780
678918,49896,37254,32781
678938,49852,37208,32782
678958,49891,37272,32783
678978,49859,37258,32784
678998,49850,37325,32785
679018,49870,37347,32786
679038,49893,37323,32787
679058,49866,37340,32788
679078,49870,37395,32789
679098,49856,37311,32790
679118,49797,37376,32791
679138,49860,37327,32792
679158,49813,37331,32793
679178,49848,37238,32794
679198,49861,37283,32795
679218,49811,37317,32796
679238,49851,36959,32797
679258,49810,37275,32798
679278,49832,37172,32799
679298,49870,37165,32800
679318,49850,37348,32801
679338,48573,37238,32802
679358,48453,37301,32803
679378,48462,37306,32804
679398,48428,37394,32805
679418,48452,37363,32806
679438,48445,37418,32807
679458,48414,37275,32808
679478,48519,37254,32809
679498,48454,37436,32810
679518,48438,37360,32811
679538,48436,37307,32812
679558,48446,37394,32813
679578,48399,37336,32814
679598,48442,37345,32815
679618,48450,37373,32816
679638,48449,37484,32817
679658,48434,37317,32818
679678,48429,37330,32819
679698,48473,37377,32820
679718,48446,37411,32821
679738,48410,37345,32822
679758,48433,37207,32823
679778,48449,37255,32824
679798,48413,37303,32825
679818,48389,37342,32826
679838,47874,37417,32827
679858,47647,37314,32828
679878,47691,37435,32829
679898,47800,37403,32830
679918,47757,37417,32831
679938,47740,37534,32832
679958,47754,37307,32833
679978,47698,37420,32834
679998,47715,37443,32835
680018,47740,37394,32836
680038,47707,37338,32837
680058,47735,37174,32838
680078,47703,37411,32839
680098,47713,37366,32840
680118,47721,37482,32841
680138,47723,37375,32842
680158,47739,37440,32843
680178,47714,37451,32844
680198,47730,37422,32845
680218,47766,37513,32846
680238,47769,37376,32847
680258,47714,37457,32848
680278,47724,37445,32849
680298,47733,37380,32850
680318,47739,37380,32851
680338,47177,37349,32852
680358,46973,37339,32853
680378,46967,37396,32854
680398,46945,37408,32855
680418,46990,37344,32856
680438,46981,37277,32857
680458,46946,37330,32858
680478,46973,37254,32859
680498,46932,37417,32860
680518,47023,37344,32861
680538,46928,37237,32862
680558,46990,37303,32863
680578,46965,37370,32864
680598,46939,37226,32865
680618,46998,37368,32866
680638,46959,37293,32867
680658,47129,37347,32868
680678,46973,37361,32869
680698,46935,37287,32870
680718,46960,37244,32871
680738,46899,37377,32872
680758,46918,37333,32873
680778,46982,37205,32874
680798,46919,37312,32875
680818,46910,37275,32876
680838,46888,37234,32877
680858,46249,37343,32878
680878,46258,37202,32879
680898,46307,37351,32880
680918,46199,37213,32881
680938,46223,37151,32882
680958,46245,37135,32883
680978,46282,37299,32884
680998,46263,37332,32885
681018,46247,37465,32886
681038,46233,37364,32887
681058,46224,37461,32888
681078,46233,37367,32889
681098,46253,37358,32890
681118,46194,37414,32891
681138,46287,37380,32892
681158,46183,37335,32893
681178,46250,37324,32894
681198,46321,37308,32895
681218,46289,37326,32896
681238,46254,37223,32897
681258,46268,37375,32898
681278,46196,37277,32899
681298,46273,37273,32900
681318,46236,37291,32901
681338,45227,37465,32902
681358,44723,37550,32903
681378,44731,37412,32904
681398,44729,37330,32905
681418,44728,37286,32906
681438,44762,37471,32907
681458,44787,37431,32908
681478,44699,37199,32909
681498,44720,37157,32910
681518,44754,37162,32911
681538,44742,37299,32912
681558,44756,37327,32913
681578,44740,37424,32914
681598,44720,37479,32915
681618,44679,37398,32916
681638,44702,37509,32917
681658,44765,37447,32918
681678,44758,37388,32919
681698,44785,37496,32920
681718,44746,37581,32921
681738,44704,37584,32922
681758,44757,37446,32923
681778,44803,37414,32924
681798,44708,37337,32925
681818,44723,37331,32926
681838,44211,37319,32927
681858,44020,37321,32928
681878,43947,37202,32929
681898,44044,37276,32930
681918,44017,37355,32931
681938,43996,37433,32932
681958,44001,37387,32933
681978,43999,37372,32934
681998,43988,37392,32935
682018,43979,37444,32936
682038,43980,37383,32937
682058,43980,37356,32938
682078,43947,37521,32939
682098,44005,37473,32940
682118,43998,37418,32941
682138,44044,37417,32942
682158,43991,37346,32943
682178,44012,37514,32944
682198,43992,37475,32945
682218,44046,37530,32946
682238,44007,37406,32947
682258,44009,37489,32948
682278,44004,37439,32949
682298,43960,37472,32950
682318,44030,37404,32951
682338,43578,37388,32952
682358,43289,37482,32953
682378,43185,37496,32954
682398,43227,37486,32955
682418,43218,37552,32956
682438,43252,37434,32957
682458,43229,37452,32958
682478,43182,37400,32959
682498,43214,37508,32960
682518,43258,37452,32961
682538,43261,37403,32962
682558,43276,37396,32963
682578,43267,37415,32964
682598,43251,37383,32965
682618,43261,37418,32966
682638,43222,37411,32967
682658,43247,37424,32968
682678,43243,37526,32969
682698,43247,37488,32970
682718,43281,37453,32971
682738,43272,37469,32972
682758,43228,37515,32973
682778,43237,37432,32974
682798,43208,37530,32975
682818,43171,37386,32976
682838,42753,37405,32977
682858,42495,37383,32978
682878,42410,37418,32979
682898,42454,37506,32980
682918,42458,37434,32981
682938,42430,37443,32982
682958,42391,37456,32983
682978,42430,37333,32984
682998,42431,37396,32985
683018,42448,37369,32986
683038,42459,37381,32987
683058,42457,37434,32988
683078,42465,37330,32989
683098,42457,37284,32990
683118,42382,37257,32991
683138,42420,37412,32992
683158,42459,37613,32993
683178,42418,37593,32994
683198,42390,37529,32995
683218,42420,37444,32996
683238,42448,37272,32997
683258,42406,37388,32998
683278,42458,37467,32999
683298,42431,37417,33000
683318,42472,37370,33001
683338,41577,37420,33002
683358,40823,37346,33003
683378,40853,37335,33004
683398,40884,37275,33005
683418,40877,37063,33006
683438,40877,37238,33007
683458,40874,37299,33008
683478,40904,37310,33009
683498,40852,37299,33010
683518,40884,37409,33011
683538,40866,37466,33012
683558,40880,37552,33013
683578,40878,37469,33014
683598,40856,37484,33015
683618,40859,37281,33016
683638,40862,37419,33017
683658,40910,37368,33018
683678,40865,37447,33019
683698,40888,37376,33020
683718,40867,37475,33021
683738,40900,37461,33022
683758,40884,37435,33023
683778,40857,37417,33024
683798,40862,37511,33025
683818,40834,37503,33026
683838,40499,37613,33027
683858,40086,37547,33028
683878,40118,37453,33029
683898,40115,37542,33030
683918,40137,37619,33031
683938,40094,37581,33032
683958,40096,37458,33033
683978,40071,37435,33034
683998,40068,37393,33035
684018,40137,37452,33036
684038,40077,37296,33037
684058,40122,37261,33038
684078,40123,37437,33039
684098,40076,37452,33040
684118,40106,37536,33041
684138,40106,37511,33042
684158,40092,37421,33043
684178,40093,37404,33044
684198,40101,37478,33045
684218,40074,37533,33046
684238,40084,37418,33047
684258,40110,37414,33048
684278,40104,37494,33049
684298,40153,37493,33050
684318,40099,37446,33051
684338,39719,37420,33052
684358,39338,37450,33053
684378,39337,37441,33054
684398,39353,37404,33055
684418,39336,37451,33056
684438,39311,37476,33057
684458,39292,37453,33058
684478,39331,37530,33059
684498,39275,37594,33060
684518,39327,37641,33061
684538,39323,37593,33062
684558,39348,37533,33063
684578,39371,37556,33064
684598,39343,37526,33065
684618,39334,37656,33066
684638,39307,37582,33067
684658,39316,37626,33068
684678,39329,37532,33069
684698,39318,37612,33070
684718,39322,37589,33071
684738,39326,37404,33072
684758,39360,37463,33073
684778,39349,37482,33074
684798,39319,37462,33075
684818,39356,37421,33076
684838,38596,37424,33077
684858,37705,37426,33078
684878,37705,37366,33079
684898,37720,37504,33080
684918,37709,37387,33081
684938,37712,37469,33082
684958,37717,37464,33083
684978,37727,37485,33084
684998,37708,37469,33085
685018,37708,37426,33086
685038,37741,37371,33087
685058,37692,37439,33088
685078,37726,37543,33089
685098,37711,37509,33090
685118,37686,37672,33091
685138,37706,37496,33092
685158,37692,37429,33093
685178,37731,37365,33094
685198,37705,37458,33095
685218,37724,37462,33096
685238,37757,37531,33097
685258,37706,37487,33098
685278,37717,37462,33099
685298,37732,37398,33100
685318,37714,37332,33101
685338,37382,37475,33102
685358,36913,37491,33103
685378,36864,37493,33104
685398,36909,37408,33105
685418,36900,37328,33106
685438,36882,37318,33107
685458,36900,37323,33108
685478,36932,37338,33109
685498,36914,37257,33110
685518,36870,37235,33111
685538,36884,37423,33112
685558,36915,37330,33113
685578,36880,37329,33114
685598,36905,37336,33115
685618,36944,37381,33116
685638,36910,37484,33117
685658,36917,37500,33118
685678,36921,37444,33119
685698,36858,37322,33120
685718,36889,37270,33121
685738,36927,37321,33122
685758,36915,37274,33123
685778,36908,37373,33124
685798,36875,37377,33125
685818,36883,37509,33126
685838,36600,37423,33127
685858,36142,37415,33128
685878,36112,37472,33129
685898,36065,37413,33130
685918,36086,37506,33131
685938,36118,37550,33132
685958,36079,37534,33133
685978,36044,37532,33134
685998,36089,37535,33135
686018,36065,37587,33136
686038,36077,37616,33137
686058,36077,37432,33138
686078,36095,37379,33139
686098,36111,37310,33140
686118,36090,37283,33141
686138,36084,37245,33142
686158,36099,37297,33143
686178,36085,37461,33144
686198,36077,37449,33145
686218,36100,37490,33146
686238,36116,37436,33147
686258,36118,37435,33148
686278,36103,37405,33149
686298,36090,37336,33150
686318,36071,37499,33151
686338,36074,37439,33152
686358,35275,37383,33153
686378,35283,37475,33154
686398,35308,37571,33155
686418,35294,37503,33156
686438,35291,37528,33157
686458,35314,37475,33158
686478,35297,37402,33159
686498,35328,37388,33160
686518,35316,37439,33161
686538,35311,37381,33162
686558,35304,37379,33163
686578,35288,37388,33164
686598,35307,37502,33165
686618,35289,37513,33166
686638,35302,37502,33167
686658,35274,37458,33168
686678,35310,37472,33169
686698,35307,37458,33170
686718,35309,37515,33171
686738,35293,37448,33172
686758,35314,37555,33173
686778,35311,37430,33174
686798,35309,37470,33175
686818,35254,37491,33176
686838,34777,37432,33177
686858,33676,37349,33178
686878,33685,37334,33179
686898,33697,37406,33180
686918,33715,37401,33181
686938,33675,37329,33182
686958,33689,37410,33183
686978,33681,37355,33184
686998,33659,37404,33185
687018,33672,37396,33186
687038,33662,37433,33187
687058,33668,37379,33188
687078,33689,37404,33189
687098,33693,37380,33190
687118,33694,37312,33191
687138,33709,37401,33192
687158,33680,37355,33193
687178,33669,37442,33194
687198,33695,37466,33195
687218,33652,37380,33196
687238,33648,37258,33197
687258,33677,37345,33198
687278,33678,37257,33199
687298,33672,37258,33200
687318,33693,37246,33201
687338,33478,37322,33202
687358,32887,37236,33203
687378,32849,37152,33204
687398,32881,37232,33205
687418,32892,37146,33206
687438,32895,37144,33207
687458,32898,37230,33208
687478,32936,37287,33209
687498,32900,37394,33210
687518,32883,37438,33211
687538,32893,37396,33212
687558,32876,37474,33213
687578,32897,37502,33214
687598,32868,37471,33215
687618,32877,37439,33216
687638,32891,37453,33217
687658,32891,37421,33218
687678,32875,37359,33219
687698,32894,37302,33220
687718,32910,37335,33221
687738,32904,37289,33222
687758,32882,37311,33223
687778,32884,37275,33224
687798,32885,37162,33225
687818,32913,37070,33226
687838,32687,37102,33227
687858,32060,37086,33228
687878,32069,37267,33229
687898,32083,37175,33230
687918,32105,37233,33231
687938,32066,37140,33232
687958,32089,37283,33233
687978,32061,37367,33234
687998,32061,37299,33235
688018,32092,37358,33236
688038,32068,37197,33237
688058,32076,37056,33238
688078,32097,37130,33239
688098,32082,37146,33240
688118,32070,37164,33241
688138,32087,37309,33242
688158,32094,37432,33243
688178,32103,37361,33244
688198,32075,37274,33245
688218,32080,37359,33246
688238,32080,37385,33247
688258,32052,37393,33248
688278,32088,37355,33249
688298,32027,37384,33250
688318,32087,37409,33251
688338,31719,37217,33252
688358,30454,37284,33253
688378,30444,37257,33254
688398,30482,37353,33255
688418,30469,37393,33256
688438,30452,37396,33257
688458,30455,37318,33258
688478,30465,37317,33259
688498,30431,37385,33260
688518,30421,37417,33261
688538,30428,37403,33262
688558,30453,37296,33263
688578,30465,37173,33264
688598,30476,37273,33265
688618,30441,37324,33266
688638,30455,37278,33267
688658,30419,37271,33268
688678,30432,37255,33269
688698,30417,37365,33270
688718,30403,37322,33271
688738,30460,37326,33272
688758,30457,37193,33273
688778,30445,37158,33274
688798,30466,37248,33275
688818,30455,37204,33276
688838,30321,37208,33277
688858,29673,37257,33278
688878,29655,37184,33279
688898,29643,37304,33280
688918,29667,37301,33281
688938,29673,37327,33282
688958,29646,37243,33283
688978,29632,37284,33284
688998,29649,37238,33285
689018,29634,37250,33286
689038,29676,37280,33287
689058,29724,37218,33288
689078,29672,37210,33289
689098,29661,37350,33290
689118,29641,37206,33291
689138,29688,37255,33292
689158,29637,37201,33293
689178,29631,37281,33294
689198,29658,37308,33295
689218,29677,37291,33296
689238,29676,37258,33297
689258,29653,37195,33298
689278,29680,37175,33299
689298,29651,37202,33300
689318,29635,37029,33301
689338,29567,37226,33302
689358,28871,37220,33303
689378,28877,37242,33304
689398,28903,37159,33305
689418,28843,37198,33306
689438,28917,37274,33307
689458,28838,37062,33308
689478,28840,37204,33309
689498,28880,37023,33310
689518,28858,37125,33311
689538,28854,37224,33312
689558,28857,37128,33313
689578,28858,37234,33314
689598,28881,37108,33315
689618,28846,37234,33316
689638,28867,37194,33317
689658,28899,37100,33318
689678,28855,37062,33319
689698,28903,37080,33320
689718,28906,37248,33321
689738,28902,37201,33322
689758,28877,37205,33323
689778,28871,37133,33324
689798,28872,37174,33325
689818,28866,37295,33326
689838,28768,37290,33327
689858,28031,37178,33328
689878,28065,37162,33329
689898,28040,37086,33330
689918,28067,37104,33331
689938,28106,37046,33332
689958,28078,37077,33333
689978,28053,37006,33334
689998,28027,36939,33335
690018,28053,37042,33336
690038,28027,37007,33337
690058,28047,36961,33338
690078,28025,36955,33339
690098,28047,37027,33340
690118,28064,37177,33341
690138,28076,37110,33342
690158,28050,37073,33343
690178,28062,36980,33344
690198,28028,36998,33345
690218,28031,36919,33346
690238,28051,36947,33347
690258,28044,37034,33348
690278,28027,37140,33349
690298,28045,37084,33350
690318,28054,37210,33351
690338,27949,37185,33352
690358,26436,37241,33353
690378,26448,37159,33354
690398,26449,37149,33355
690418,26433,37181,33356
690438,26408,37217,33357
690458,26437,37196,33358
690478,26420,37101,33359
690498,26433,37144,33360
690518,26422,37175,33361
690538,26437,37097,33362
690558,26415,37088,33363
690578,26459,36998,33364
690598,26453,36976,33365
690618,26448,36887,33366
690638,26433,36954,33367
690658,26405,36981,33368
690678,26431,37044,33369
690698,26418,36973,33370
690718,26399,36957,33371
690738,26434,37020,33372
690758,26436,37024,33373
690778,26448,37041,33374
690798,26429,37073,33375
690818,26456,37116,33376
690838,26389,37107,33377
690858,25671,37087,33378
690878,25638,37069,33379
690898,25639,37077,33380
690918,25627,37131,33381
690938,25642,37162,33382
690958,25629,37124,33383
690978,25660,36936,33384
690998,25636,36957,33385
691018,25662,37073,33386
691038,25678,37106,33387
691058,25671,37032,33388
691078,25679,37114,33389
691098,25644,37159,33390
691118,25637,37142,33391
691138,25680,37085,33392
691158,25677,37055,33393
691178,25660,37060,33394
691198,25645,37123,33395
691218,25631,36987,33396
691238,25641,36997,33397
691258,25639,36933,33398
691278,25661,36968,33399
691298,25694,36975,33400
691318,25652,36967,33401
691338,25653,36974,33402
691358,24879,36960,33403
691378,24868,37072,33404
691398,24875,37049,33405
691418,24835,36985,33406
691438,24875,36965,33407
691458,24904,37069,33408
691478,24929,37048,33409
691498,24901,37008,33410
691518,24881,36919,33411
691538,24912,36991,33412
691558,24876,36876,33413
691578,24903,37001,33414
691598,24867,36965,33415
691618,24888,36960,33416
691638,24885,36957,33417
691658,24871,37018,33418
691678,24883,37009,33419
691698,24917,37048,33420
691718,24921,37055,33421
691738,24916,36936,33422
691758,24917,36937,33423
691778,24878,36946,33424
691798,24909,36938,33425
691818,24893,36998,33426
691838,24903,36913,33427
691858,23334,36919,33428
691878,23316,37008,33429
691898,23326,37005,33430
691918,23318,37000,33431
691938,23329,36998,33432
691958,23298,36992,33433
691978,23302,36950,33434
691998,23298,36918,33435
692018,23329,36898,33436
692038,23332,36807,33437
692058,23333,36918,33438
692078,23336,36868,33439
692098,23323,36833,33440
692118,23345,36869,33441
692138,23293,36855,33442
692158,23305,36917,33443
692178,23337,36908,33444
692198,23286,36847,33445
692218,23306,36754,33446
692238,23333,36895,33447
692258,23336,36824,33448
692278,23323,36875,33449
692298,23325,36813,33450
692318,23334,36855,33451
692338,23296,36868,33452
692358,22503,36899,33453
692378,22506,36882,33454
692398,22537,36790,33455
692418,22500,36765,33456
692438,22545,36790,33457
692458,22536,36730,33458
692478,22546,36810,33459
692498,22550,36835,33460
692518,22536,36830,33461
692538,22614,36890,33462
692558,22533,36843,33463
692578,22492,36788,33464
692598,22538,36786,33465
692618,22586,36824,33466
692638,22505,36840,33467
692658,22530,36825,33468
692678,22527,36764,33469
692698,22461,36749,33470
692718,22508,36879,33471
692738,22525,36941,33472
692758,22514,36832,33473
692778,22572,36933,33474
692798,22513,36827,33475
692818,22511,36844,33476
692838,22483,36805,33477
692858,21769,36771,33478
692878,21728,36701,33479
692898,21773,36795,33480
692918,21760,36893,33481
692938,21767,36858,33482
692958,21729,36745,33483
692978,21753,36776,33484
692998,21832,36722,33485
693018,21757,36765,33486
693038,21766,36704,33487
693058,21763,36728,33488
693078,21743,36747,33489
693098,21749,36785,33490
693118,21791,36712,33491
693138,21743,36749,33492
693158,21754,36650,33493
693178,21783,36576,33494
693198,21788,36694,33495
693218,21768,36753,33496
693238,21798,36768,33497
693258,21781,36594,33498
693278,21781,36628,33499
693298,21790,36626,33500
693318,21784,36564,33501
693338,21785,36451,33502
693358,21049,36474,33503
693378,21088,36650,33504
693398,21008,36655,33505
693418,21035,36637,33506
693438,21056,36663,33507
693458,21025,36689,33508
693478,21003,36687,33509
693498,21046,36753,33510
693518,20985,36715,33511
693538,21017,36623,33512
693558,21066,36544,33513
693578,21044,36512,33514
693598,21052,36555,33515
693618,20989,36484,33516
693638,21007,36396,33517
693658,21032,36334,33518
693678,21038,36492,33519
693698,21027,36468,33520
693718,21013,36317,33521
693738,21025,36461,33522
693758,21004,36297,33523
693778,21038,36588,33524
693798,21079,36638,33525
693818,21060,36623,33526
693838,21043,36447,33527
693858,19515,36534,33528
693878,19493,36443,33529
693898,19429,36399,33530
693918,19513,36436,33531
693938,19473,36439,33532
693958,19513,36535,33533
693978,19493,36689,33534
693998,19495,36675,33535
694018,19560,36723,33536
694038,19536,36603,33537
694058,19496,36551,33538
694078,19540,36610,33539
694098,19498,36549,33540
694118,19497,36566,33541
694138,19509,36573,33542
694158,19495,36650,33543
694178,19462,36631,33544
694198,19475,36665,33545
694218,19480,36585,33546
694238,19485,36617,33547
694258,19581,36529,33548
694278,19532,36537,33549
694298,19532,36598,33550
694318,19471,36566,33551
694338,19485,36523,33552
694358,18741,36542,33553
694378,18745,36541,33554
694398,18776,36574,33555
694418,18798,36504,33556
694438,18823,36501,33557
694458,18793,36572,33558
694478,18756,36494,33559
694498,18772,36575,33560
694518,18760,36501,33561
694538,18763,36418,33562
694558,18775,36566,33563
694578,18779,36477,33564
694598,18762,36522,33565
694618,18760,36364,33566
694638,18720,36457,33567
694658,18758,36532,33568
694678,18798,36481,33569
694698,18779,36493,33570
694718,18770,36390,33571
694738,18747,36452,33572
694758,18800,36467,33573
694778,18775,36448,33574
694798,18795,36366,33575
694818,18826,36485,33576
694838,18788,36558,33577
694858,17986,36466,33578
694878,18016,36519,33579
694898,18014,36403,33580
694918,18022,36356,33581
694938,18047,36388,33582
694958,17996,36430,33583
694978,18014,36368,33584
694998,18018,36382,33585
695018,17993,36445,33586
695038,18015,36395,33587
695058,18020,36417,33588
695078,17994,36366,33589
695098,18002,36279,33590
695118,18021,36298,33591
695138,18021,36256,33592
695158,17991,36401,33593
695178,17993,36315,33594
695198,17997,36342,33595
695218,17977,36335,33596
695238,18021,36412,33597
695258,18010,36251,33598
695278,17952,36231,33599
695298,17994,36151,33600
695318,17989,36258,33601
695338,18018,36292,33602
695358,17293,36302,33603
695378,17312,36360,33604
695398,17286,36124,33605
695418,17338,36167,33606
695438,17345,35917,33607
695458,17309,35931,33608
695478,17312,36161,33609
695498,17271,36152,33610
695518,17276,36294,33611
695538,17240,36263,33612
695558,17278,36294,33613
695578,17260,36281,33614
695598,17256,36335,33615
695618,17285,36264,33616
695638,17374,36250,33617
695658,17340,36305,33618
695678,17329,36362,33619
695698,17312,36294,33620
695718,17316,36271,33621
695738,17299,36205,33622
695758,17253,36104,33623
695778,17329,36071,33624
695798,17312,36173,33625
695818,17292,36113,33626
695838,17336,36091,33627
695858,15888,35941,33628
695878,15885,36018,33629
695898,15887,35989,33630
695918,15910,36058,33631
695938,15870,35944,33632
695958,15878,35876,33633
695978,15879,35793,33634
695998,15913,36143,33635
696018,15913,36135,33636
696038,15889,36181,33637
696058,15851,36057,33638
696078,15930,36046,33639
696098,15867,35899,33640
696118,15851,35987,33641
696138,15889,35961,33642
696158,15916,36210,33643
696178,15850,36229,33644
696198,15862,36238,33645
696218,15844,36172,33646
696238,15800,36272,33647
696258,15869,36213,33648
696278,15908,36212,33649
696298,15915,36172,33650
696318,15925,36121,33651
696338,15973,36168,33652
696358,15179,36214,33653
696378,15152,36104,33654
696398,15219,36087,33655
696418,15190,36102,33656
696438,15161,36076,33657
696458,15183,36017,33658
696478,15173,35965,33659
696498,15206,36069,33660
696518,15223,36028,33661
696538,15184,35924,33662
696558,15221,35912,33663
696578,15206,35938,33664
696598,15163,35981,33665
696618,15165,36004,33666
696638,15186,35977,33667
696658,15216,35994,33668
696678,15226,35954,33669
696698,15231,36057,33670
696718,15239,36059,33671
696738,15229,36118,33672
696758,15194,36005,33673
696778,15244,36039,33674
696798,15195,35959,33675
696818,15206,35902,33676
696838,15230,35922,33677
696858,14518,35948,33678
696878,14524,35835,33679
696898,14584,35982,33680
696918,14482,35912,33681
696938,14455,36007,33682
696958,14590,35981,33683
696978,14505,36021,33684
696998,14493,36124,33685
697018,14499,36059,33686
697038,14590,36023,33687
697058,14572,36023,33688
697078,14529,35949,33689
697098,14479,35838,33690
697118,14508,35917,33691
697138,14469,35968,33692
697158,14497,35997,33693
697178,14523,35922,33694
697198,14525,35962,33695
697218,14487,35931,33696
697238,14549,35790,33697
697258,14556,35876,33698
697278,14530,35837,33699
697298,14513,35687,33700
697318,14580,35797,33701
697338,14510,35835,33702
697358,13172,35795,33703
697378,13173,35813,33704
697398,13129,35749,33705
697418,13200,35930,33706
697438,13198,35917,33707
697458,13225,35796,33708
697478,13240,35745,33709
697498,13191,35725,33710
697518,13151,35863,33711
697538,13196,35761,33712
697558,13186,35763,33713
697578,13164,35782,33714
697598,13184,35761,33715
697618,13187,35946,33716
697638,13190,36062,33717
697658,13197,35839,33718
697678,13156,35878,33719
697698,13190,35919,33720
697718,13173,35789,33721
697738,13202,35749,33722
697758,13150,35707,33723
697778,13218,35736,33724
697798,13229,35786,33725
697818,13198,35884,33726
697838,13177,35785,33727
697858,12533,35815,33728
697878,12560,35746,33729
697898,12535,35769,33730
697918,12561,35729,33731
697938,12531,35646,33732
697958,12558,35596,33733
697978,12553,35567,33734
697998,12557,35656,33735
698018,12541,35708,33736
698038,12553,35706,33737
698058,12523,35742,33738
698078,12515,35728,33739
698098,12530,35726,33740
698118,12565,35709,33741
698138,12524,35708,33742
698158,12521,35723,33743
698178,12610,35621,33744
698198,12561,35687,33745
698218,12513,35656,33746
698238,12524,35594,33747
698258,12563,35536,33748
698278,12553,35594,33749
698298,12584,35589,33750
698318,12590,35578,33751
698338,12563,35600,33752
698358,11898,35678,33753
698378,11869,35668,33754
698398,11886,35719,33755
698418,11892,35605,33756
698438,11899,35624,33757
698458,11918,35692,33758
698478,11892,35582,33759
698498,11922,35588,33760
698518,11913,35498,33761
698538,11945,35581,33762
698558,11913,35587,33763
698578,11882,35584,33764
698598,11886,35481,33765
698618,11862,35512,33766
698638,11890,35598,33767
698658,11873,35561,33768
698678,11900,35466,33769
698698,11931,35492,33770
698718,11921,35416,33771
698738,11898,35541,33772
698758,11889,35444,33773
698778,11859,35447,33774
698798,11880,35487,33775
698818,11906,35462,33776
698838,11909,35433,33777
698858,11280,35371,33778
698878,11306,35429,33779
698898,11274,35306,33780
698918,11290,35353,33781
698938,11359,35257,33782
698958,11330,35305,33783
698978,11266,35424,33784
698998,11267,35262,33785
699018,11283,35056,33786
699038,11250,35085,33787
699058,11296,35058,33788
699078,11287,35438,33789
699098,11266,35280,33790
699118,11262,35407,33791
699138,11260,35409,33792
699158,11258,35365,33793
699178,11272,35373,33794
699198,11270,35439,33795
699218,11306,35037,33796
699238,11288,35056,33797
699258,11267,35295,33798
699278,11278,35186,33799
699298,11321,35136,33800
699318,11295,35267,33801
699338,11277,35267,33802
699358,10024,35188,33803
699378,10060,35262,33804
699398,10045,35196,33805
699418,10077,35310,33806
699438,10060,35140,33807
699458,10055,35134,33808
699478,10120,35087,33809
699498,10032,35165,33810
699518,10044,35134,33811
699538,10021,35128,33812
699558,10059,35124,33813
699578,10056,35225,33814
699598,10064,35345,33815
699618,10034,35334,33816
699638,10082,35255,33817
699658,10054,35162,33818
699678,10049,35047,33819
699698,10075,35033,33820
699718,10043,35116,33821
699738,10036,35281,33822
699758,10026,35328,33823
699778,10001,35261,33824
699798,10060,35277,33825
699818,10053,35244,33826
699838,10051,35180,33827
699858,9483,35176,33828
699878,9518,35235,33829
699898,9497,35312,33830
699918,9527,35256,33831
699938,9505,35297,33832
699958,9501,35229,33833
699978,9476,35108,33834
699998,9441,35085,33835
700018,9491,35088,33836
700038,9481,35111,33837
700058,9465,34964,33838
700078,9488,34901,33839
700098,9500,34997,33840
700118,9500,35034,33841
700138,9489,35072,33842
700158,9482,35016,33843
700178,9513,35016,33844
700198,9467,35110,33845
700218,9512,35079,33846
700238,9505,35130,33847
700258,9512,35108,33848
700278,9487,35156,33849
700298,9516,35125,33850
700318,9507,35112,33851
700338,9524,35049,33852
700358,8934,34949,33853
700378,8945,35008,33854
700398,8991,34991,33855
700418,8934,35042,33856
700438,8909,34994,33857
700458,8929,35019,33858
700478,8925,35136,33859
700498,8925,35180,33860
700518,8900,35101,33861
700538,8984,35132,33862
700558,8942,34987,33863
700578,8921,35080,33864
700598,8919,35121,33865
700618,8946,35105,33866
700638,8933,35090,33867
700658,8943,35068,33868
700678,8898,35078,33869
700698,8952,34963,33870
700718,8903,34924,33871
700738,8954,34781,33872
700758,8907,34932,33873
700778,8924,35002,33874
700798,8957,35021,33875
700818,8947,34938,33876
700838,8975,34924,33877
700858,7810,34817,33878
700878,7808,34958,33879
700898,7816,34841,33880
700918,7835,34851,33881
700938,7810,34861,33882
700958,7819,34749,33883
700978,7830,34851,33884
700998,7847,34825,33885
701018,7831,34839,33886
701038,7873,34847,33887
701058,7815,34887,33888
701078,7843,34855,33889
701098,7839,34854,33890
701118,7807,34810,33891
701138,7802,34715,33892
701158,7828,34771,33893
701178,7823,34778,33894
701198,7834,34842,33895
701218,7846,34839,33896
701238,7861,34790,33897
701258,7849,34890,33898
701278,7828,34866,33899
701298,7847,34776,33900
701318,7854,34847,33901
701338,7851,34961,33902
701358,7323,34911,33903
701378,7330,34889,33904
701398,7287,34767,33905
701418,7332,34732,33906
701438,7345,34741,33907
701458,7329,34787,33908
701478,7337,34711,33909
701498,7351,34657,33910
701518,7358,34733,33911
701538,7306,34709,33912
701558,7302,34694,33913
701578,7308,34642,33914
701598,7347,34651,33915
701618,7280,34662,33916
701638,7318,34667,33917
701658,7360,34647,33918
701678,7341,34697,33919
701698,7328,34729,33920
701718,7334,34553,33921
701738,7314,34601,33922
701758,7346,34647,33923
701778,7336,34572,33924
701798,7309,34692,33925
701818,7313,34595,33926
701838,7278,34553,33927
701858,6794,34412,33928
701878,6833,34457,33929
701898,6811,34376,33930
701918,6828,34531,33931
701938,6825,34733,33932
701958,6840,34665,33933
701978,6816,34569,33934
701998,6794,34595,33935
702018,6808,34626,33936
702038,6816,34667,33937
702058,6808,34654,33938
702078,6840,34617,33939
702098,6836,34646,33940
702118,6846,34474,33941
702138,6776,34538,33942
702158,6822,34406,33943
702178,6842,34505,33944
702198,6818,34393,33945
702218,6850,34179,33946
702238,6803,34295,33947
702258,6819,34322,33948
702278,6839,34411,33949
702298,6838,34294,33950
702318,6817,34441,33951
702338,6816,34521,33952
702358,6367,34535,33953
702378,6352,34526,33954
702398,6354,34414,33955
702418,6346,34361,33956
702438,6349,34373,33957
702458,6352,34281,33958
702478,6322,34212,33959
702498,6330,34284,33960
702518,6321,34240,33961
702538,6329,34395,33962
702558,6335,34382,33963
702578,6303,34452,33964
702598,6326,34466,33965
702618,6311,34380,33966
702638,6316,34464,33967
702658,6336,34435,33968
702678,6369,34468,33969
702698,6346,34414,33970
702718,6337,34494,33971
702738,6350,34438,33972
702758,6321,34432,33973
702778,6338,34350,33974
702798,6351,34271,33975
702818,6322,34179,33976
702838,6344,34277,33977
702858,5591,34167,33978
702878,5394,34207,33979
702898,5408,34229,33980
702918,5402,34141,33981
702938,5387,34100,33982
702958,5363,34224,33983
702978,5366,34278,33984
702998,5375,34294,33985
703018,5370,34288,33986
703038,5373,34259,33987
703058,5368,34306,33988
703078,5405,34261,33989
703098,5407,34257,33990
703118,5359,34259,33991
703138,5431,34227,33992
703158,5382,34275,33993
703178,5393,34266,33994
703198,5383,34132,33995
703218,5353,34220,33996
703238,5372,34190,33997
703258,5371,34187,33998
703278,5369,34181,33999
703298,5347,34096,34000
703318,5386,34158,34001
703338,5388,34094,34002
703358,4970,34190,34003
703378,4979,34244,34004
703398,4942,34132,34005
703418,4966,34296,34006
703438,4986,34169,34007
703458,4947,34232,34008
703478,4967,34161,34009
703498,4934,34260,34010
703518,4956,34219,34011
703538,4984,34144,34012
703558,4931,34107,34013
703578,4916,34242,34014
703598,4955,34165,34015
703618,4952,34096,34016
703638,4972,34079,34017
703658,4959,34116,34018
703678,4961,34134,34019
703698,4945,34121,34020
703718,4956,34023,34021
703738,4946,34025,34022
703758,4936,34094,34023
703778,4938,34121,34024
703798,4945,33958,34025
703818,4957,33952,34026
703838,4972,34042,34027
703858,4530,34065,34028
703878,4534,34009,34029
703898,4555,33944,34030
703918,4522,33896,34031
703938,4525,34041,34032
703958,4530,33939,34033
703978,4522,33913,34034
703998,4500,33937,34035
704018,4517,33790,34036
704038,4524,33806,34037
704058,4521,33893,34038
704078,4544,33936,34039
704098,4530,33916,34040
704118,4546,33945,34041
704138,4527,33888,34042
704158,4535,33799,34043
704178,4514,33903,34044
704198,4502,33977,34045
704218,4497,33765,34046
704238,4494,33791,34047
704258,4527,33686,34048
704278,4509,33849,34049
704298,4526,33901,34050
704318,4558,33859,34051
704338,4532,33930,34052
704358,3736,33889,34053
704378,3735,33836,34054
704398,3723,33816,34055
704418,3751,33824,34056
704438,3725,33836,34057
704458,3727,33722,34058
704478,3712,33702,34059
704498,3719,33684,34060
704518,3685,33650,34061
704538,3687,33769,34062
704558,3720,33642,34063
704578,3739,33735,34064
704598,3733,33609,34065
704618,3735,33757,34066
704638,3700,33810,34067
704658,3685,33759,34068
704678,3682,33699,34069
704698,3698,33648,34070
704718,3651,33772,34071
704738,3730,33876,34072
704758,3759,33735,34073
704778,3716,33699,34074
704798,3703,33570,34075
704818,3714,33536,34076
704838,3697,33582,34077
704858,3352,33515,34078
704878,3344,33506,34079
704898,3342,33706,34080
704918,3393,33805,34081
704938,3346,33719,34082
704958,3337,33641,34083
704978,3370,33715,34084
704998,3393,33729,34085
705018,3379,33759,34086
705038,3378,33735,34087
705058,3348,33666,34088
705078,3351,33624,34089
705098,3360,33686,34090
705118,3366,33638,34091
705138,3334,33495,34092
705158,3359,33472,34093
705178,3367,33486,34094
705198,3359,33480,34095
705218,3365,33414,34096
705238,3366,33393,34097
705258,3365,33502,34098
705278,3358,33542,34099
705298,3366,33523,34100
705318,3387,33560,34101
705338,3370,33512,34102
705358,3012,33602,34103
705378,3039,33603,34104
705398,3019,33654,34105
705418,3013,33568,34106
705438,2985,33528,34107
705458,3017,33593,34108
705478,2989,33461,34109
705498,3027,33508,34110
705518,3024,33476,34111
705538,3023,33367,34112
705558,2994,33508,34113
705578,3043,33419,34114
705598,3073,33457,34115
705618,3051,33422,34116
705638,3067,33480,34117
705658,3033,33499,34118
705678,3011,33604,34119
705698,3038,33541,34120
705718,3028,33524,34121
705738,3004,33435,34122
705758,3012,33566,34123
705778,3019,33502,34124
705798,3034,33515,34125
705818,3032,33428,34126
705838,3001,33458,34127
705858,2723,33497,34128
705878,2722,33383,34129
705898,2706,33363,34130
705918,2728,33376,34131
705938,2680,33464,34132
705958,2727,33427,34133
705978,2699,33283,34134
705998,2707,33366,34135
706018,2711,33360,34136
706038,2665,33415,34137
706058,2716,33299,34138
706078,2707,33298,34139
706098,2688,33308,34140
706118,2705,33326,34141
706138,2706,33313,34142
706158,2689,33211,34143
706178,2720,33321,34144
706198,2715,33172,34145
706218,2726,33280,34146
706238,2691,33289,34147
706258,2692,33317,34148
706278,2710,33389,34149
706298,2690,33310,34150
706318,2676,33211,34151
706338,2699,33128,34152
706358,2080,33167,34153
706378,2082,33048,34154
706398,2092,33122,34155
706418,2080,33121,34156
706438,2092,33207,34157
706458,2096,33151,34158
706478,2113,33056,34159
706498,2082,33017,34160
706518,2088,33186,34161
706538,2118,33310,34162
706558,2073,33190,34163
706578,2106,33183,34164
706598,2118,33235,34165
706618,2074,33235,34166
706638,2094,33221,34167
706658,2054,33129,34168
706678,2081,33195,34169
706698,2069,33208,34170
706718,2054,33218,34171
706738,2101,33057,34172
706758,2078,33022,34173
706778,2116,33018,34174
706798,2066,33034,34175
706818,2071,32937,34176
706838,2081,32792,34177
706858,1807,32828,34178
706878,1789,32926,34179
706898,1816,32900,34180
706918,1792,33081,34181
706938,1812,33082,34182
706958,1810,33114,34183
706978,1809,33088,34184
706998,1827,33101,34185
707018,1807,33053,34186
707038,1793,32961,34187
707058,1794,32915,34188
707078,1795,32993,34189
707098,1803,32900,34190
707118,1786,32909,34191
707138,1803,32956,34192
707158,1815,32965,34193
707178,1809,33048,34194
707198,1802,33023,34195
707218,1784,32773,34196
707238,1796,32896,34197
707258,1810,32782,34198
707278,1798,32819,34199
707298,1811,32786,34200
707318,1803,32932,34201
707338,1799,32840,34202
707358,1542,32869,34203
707378,1551,32868,34204
707398,1549,32879,34205
707418,1571,32926,34206
707438,1560,32811,34207
707458,1559,32880,34208
707478,1541,32805,34209
707498,1526,32911,34210
707518,1540,32817,34211
707538,1542,32851,34212
707558,1536,32860,34213
707578,1538,32844,34214
707598,1540,32914,34215
707618,1544,32812,34216
707638,1561,32761,34217
707658,1584,32861,34218
707678,1516,32811,34219
707698,1518,32812,34220
707718,1555,32785,34221
707738,1529,32786,34222
707758,1557,32792,34223
707778,1550,32821,34224
707798,1530,32765,34225
707818,1548,32683,34226
707838,1567,32660,34227
707858,1347,32735,34228
707878,1325,32790,34229
707898,1341,32826,34230
707918,1333,32696,34231
707938,1331,32703,34232
707958,1316,32850,34233
707978,1321,32790,34234
707998,1323,32689,34235
708018,1347,32664,34236
708038,1341,32682,34237
708058,1347,32687,34238
708078,1338,32719,34239
708098,1358,32701,34240
708118,1329,32701,34241
708138,1326,32787,34242
708158,1336,32690,34243
708178,1350,32713,34244
708198,1325,32683,34245
708218,1358,32726,34246
708238,1328,32691,34247
708258,1351,32671,34248
708278,1332,32701,34249
708298,1341,32601,34250
708318,1344,32598,34251
708338,1331,32601,34252
708358,1322,32526,34253
708378,1329,32605,34254
708398,1331,32643,34255
708418,1340,32577,34256
708438,1362,32537,34257
708458,1340,32517,34258
708478,1322,32617,34259
708498,1339,32515,34260
708518,1335,32504,34261
708538,1344,32559,34262
708558,1361,32528,34263
708578,1353,32519,34264
708598,1338,32338,34265
708618,1346,32487,34266
708638,1342,32345,34267
708658,1315,32425,34268
708678,1326,32441,34269
708698,1353,32323,34270
708718,1330,32376,34271
708738,1355,32231,34272
708758,1362,32407,34273
708778,1341,32444,34274
708798,1328,32401,34275
708818,1334,32336,34276
708838,1353,32325,34277
708858,1345,32180,34278
708878,1311,32306,34279
708898,1349,32430,34280
708918,1333,32398,34281
708938,1320,32262,34282
708958,1345,32365,34283
708978,1312,32239,34284
708998,1356,32285,34285
709018,1329,32345,34286
709038,1339,32180,34287
709058,1330,32246,34288
709078,1329,32260,34289
709098,1343,32195,34290
709118,1338,32275,34291
709138,1344,32258,34292
709158,1313,32267,34293
709178,1351,32296,34294
709198,1336,32458,34295
709218,1305,32429,34296
709238,1344,32421,34297
709258,1328,32278,34298
709278,1371,32164,34299
709298,1324,32278,34300
709318,1318,32257,34301
709338,1324,32471,34302
709358,1326,32418,34303
709378,1350,32324,34304
709398,1362,32449,34305
709418,1358,32430,34306
709438,1325,32388,34307
709458,1331,32341,34308
709478,1363,32247,34309
709498,1359,32329,34310
709518,1344,32383,34311
709538,1363,32274,34312
709558,1328,32279,34313
709578,1348,32212,34314
709598,1348,32269,34315
709618,1330,32284,34316
709638,1335,32316,34317
709658,1367,32297,34318
709678,1331,32342,34319
709698,1307,32290,34320
709718,1326,32342,34321
709738,1340,32300,34322
709758,1368,32310,34323
709778,1351,32168,34324
709798,1349,32315,34325
709818,1333,32279,34326
709838,1364,32172,34327
709858,1348,32246,34328
709878,1344,32179,34329
709898,1336,32273,34330
709918,1333,32192,34331
709938,1344,32267,34332
709958,1312,32162,34333
709978,1333,32212,34334
709998,1345,32232,34335
710018,1361,32184,34336
710038,1352,32259,34337
710058,1346,32189,34338
710078,1326,32149,34339
710098,1338,32107,34340
710118,1314,32154,34341
710138,1307,32215,34342
710158,1337,32088,34343
710178,1345,32105,34344
710198,1319,32136,34345
710218,1348,32090,34346
710238,1354,32145,34347
710258,1325,32049,34348
710278,1356,32041,34349
710298,1341,32037,34350
710318,1345,31975,34351
710338,1366,32043,34352
710358,1330,31999,34353
710378,1318,32080,34354
710398,1378,31976,34355
710418,1358,31998,34356
710438,1344,32083,34357
710458,1315,32027,34358
710478,1333,32086,34359
710498,1334,32015,34360
710518,1360,32030,34361
710538,1342,32124,34362
710558,1345,32053,34363
710578,1300,32019,34364
710598,1324,32089,34365
710618,1330,32011,34366
710638,1359,32100,34367
710658,1319,31887,34368
710678,1322,31968,34369
710698,1324,31899,34370
710718,1375,31978,34371
710738,1331,31852,34372
710758,1343,31879,34373
710778,1320,31853,34374
710798,1314,31762,34375
710818,1329,31878,34376
710838,1347,31724,34377
710858,1397,31903,34378
710878,1345,31775,34379
710898,1332,31819,34380
710918,1330,31819,34381
710938,1305,31881,34382
710958,1313,31872,34383
710978,1332,31860,34384
710998,1356,31824,34385
711018,1370,31874,34386
711038,1392,31958,34387
711058,1301,31853,34388
711078,1381,31875,34389
711098,1331,31886,34390
711118,1336,31912,34391
711138,1332,31821,34392
711158,1357,31887,34393
711178,1362,31822,34394
711198,1366,31765,34395
711218,1355,31711,34396
711238,1338,31674,34397
711258,1281,31628,34398
711278,1326,31691,34399
711298,1406,31806,34400
711318,1341,31750,34401
711338,1335,31786,34402
711358,1353,31747,34403
711378,1337,31765,34404
711398,1331,31713,34405
711418,1347,31771,34406
711438,1336,31671,34407
711458,1325,31706,34408
711478,1320,31585,34409
711498,1317,31675,34410
711518,1318,31747,34411
711538,1330,31854,34412
711558,1309,31690,34413
711578,1370,31664,34414
711598,1314,31723,34415
711618,1378,31631,34416
711638,1280,31691,34417
711658,1379,31648,34418
711678,1335,31652,34419
711698,1357,31714,34420
711718,1315,31660,34421
711738,1368,31687,34422
711758,1339,31657,34423
711778,1340,31718,34424
711798,1352,31582,34425
711818,1326,31493,34426
711838,1383,31487,34427
711858,1305,31471,34428
711878,1339,31474,34429
711898,1332,31651,34430
711918,1361,31613,34431
711938,1328,31640,34432
711958,1341,31508,34433
711978,1343,31532,34434
711998,1366,31666,34435
712018,1303,31542,34436
712038,1335,31600,34437
712058,1306,31497,34438
712078,1332,31461,34439
712098,1326,31531,34440
712118,1341,31370,34441
712138,1291,31335,34442
712158,1385,31539,34443
712178,1294,31597,34444
712198,1306,31586,34445
712218,1342,31435,34446
712238,1338,31377,34447
712258,1352,31536,34448
712278,1291,31518,34449
712298,1314,31523,34450
712318,1328,31413,34451
712338,1329,31524,34452
712358,1355,31536,34453
712378,1297,31561,34454
712398,1303,31352,34455
712418,1375,31333,34456
712438,1321,31174,34457
712458,1354,31295,34458
712478,1376,31378,34459
712498,1314,31211,34460
712518,1319,31323,34461
712538,1309,31323,34462
712558,1342,31466,34463
712578,1321,31366,34464
712598,1311,31436,34465
712618,1304,31377,34466
712638,1335,31334,34467
712658,1335,31300,34468
712678,1324,31386,34469
712698,1278,31325,34470
712718,1328,31252,34471
712738,1342,31295,34472
712758,1310,31390,34473
712778,1366,31321,34474
712798,1320,31321,34475
712818,1327,31255,34476
712838,1338,31304,34477
712858,1328,31397,34478
712878,1336,31295,34479
712898,1298,31419,34480
712918,1323,31334,34481
712938,1354,31519,34482
712958,1265,31383,34483
712978,1303,31367,34484
712998,1345,31318,34485
713018,1254,31287,34486
713038,1252,31216,34487
713058,1370,31358,34488
713078,1307,31172,34489
713098,1321,31210,34490
713118,1372,31208,34491
713138,1391,31205,34492
713158,1356,31269,34493
713178,1322,31136,34494
713198,1371,31226,34495
713218,1341,31110,34496
713238,1352,31278,34497
713258,1322,31301,34498
713278,1318,31193,34499
713298,1323,31152,34500
713318,1312,31251,34501
713338,1327,31198,34502
713358,1296,31179,34503
713378,1376,31104,34504
713398,1341,31160,34505
713418,1348,31217,34506
713438,1343,31121,34507
713458,1304,31161,34508
713478,1360,31154,34509
713498,1316,31114,34510
713518,1376,31198,34511
713538,1312,31198,34512
713558,1354,31214,34513
713578,1324,31137,34514
713598,1342,31154,34515
713618,1331,31101,34516
713638,1384,31109,34517
713658,1309,31040,34518
713678,1270,31042,34519
713698,1326,31009,34520
713718,1362,30991,34521
713738,1385,31078,34522
713758,1294,31080,34523
713778,1324,31041,34524
713798,1310,31047,34525
713818,1353,31157,34526
713838,1301,30984,34527
713858,1325,30972,34528
713878,1293,30944,34529
713898,1367,30824,34530
713918,1363,31063,34531
713938,1296,31032,34532
713958,1304,30921,34533
713978,1375,30949,34534
713998,1335,30944,34535
714018,1306,30944,34536
714038,1290,30900,34537
714058,1376,30850,34538
714078,1317,30822,34539
714098,1297,30982,34540
714118,1313,30928,34541
714138,1311,30910,34542
714158,1319,30869,34543
714178,1336,30919,34544
714198,1278,30910,34545
714218,1318,30873,34546
714238,1333,30728,34547
714258,1328,30630,34548
714278,1313,30712,34549
714298,1367,30657,34550
714318,1284,30627,34551
714338,1291,30617,34552
714358,1350,30572,34553
714378,1343,30742,34554
714398,1322,30828,34555
714418,1324,30808,34556
714438,1332,30842,34557
714458,1301,30818,34558
714478,1314,30767,34559
714498,1309,30748,34560
714518,1315,30861,34561
714538,1321,30915,34562
714558,1321,30849,34563
714578,1278,30865,34564
714598,1343,30831,34565
714618,1338,30690,34566
714638,1357,30497,34567
714658,1326,30614,34568
714678,1298,30742,34569
714698,1305,30857,34570
714718,1317,30817,34571
714738,1302,30724,34572
714758,1319,30683,34573
714778,1301,30743,34574
714798,1339,30682,34575
714818,1305,30759,34576
714838,1310,30623,34577
714858,1388,30743,34578
714878,1326,30661,34579
714898,1334,30713,34580
714918,1290,30815,34581
714938,1334,30784,34582
714958,1342,30691,34583
714978,1342,30690,34584
714998,1343,30616,34585
715018,1329,30735,34586
715038,1327,30692,34587
715058,1306,30704,34588
715078,1325,30616,34589
715098,1311,30591,34590
715118,1327,30600,34591
715138,1317,30682,34592
715158,1303,30620,34593
715178,1290,30639,34594
715198,1322,30600,34595
715218,1305,30366,34596
715238,1296,30578,34597
715258,1287,30438,34598
715278,1304,30441,34599
715298,1338,30448,34600
715318,1350,30490,34601
715338,1352,30529,34602
715358,1342,30546,34603
715378,1259,30501,34604
715398,1299,30608,34605
715418,1276,30538,34606
715438,1323,30527,34607
715458,1304,30490,34608
715478,1308,30500,34609
715498,1309,30495,34610
715518,1311,30541,34611
715538,1326,30567,34612
715558,1300,30537,34613
715578,1306,30483,34614
715598,1292,30554,34615
715618,1328,30510,34616
715638,1313,30534,34617
715658,1308,30515,34618
715678,1308,30279,34619
715698,1332,30488,34620
715718,1293,30553,34621
715738,1308,30582,34622
715758,1296,30374,34623
715778,1372,30356,34624
715798,1305,30401,34625
715818,1340,30371,34626
715838,1331,30375,34627
715858,1340,30372,34628
715878,1290,30412,34629
715898,1311,30451,34630
715918,1309,30367,34631
715938,1301,30430,34632
715958,1290,30348,34633
715978,1284,30244,34634
715998,1329,30228,34635
716018,1266,30318,34636
716038,1254,30319,34637
716058,1228,30262,34638
716078,1303,30285,34639
716098,1302,30171,34640
716118,1302,30256,34641
716138,1296,30248,34642
716158,1289,30260,34643
716178,1313,30160,34644
716198,1266,30261,34645
716218,1329,30307,34646
716238,1300,30215,34647
716258,1309,30136,34648
716278,1366,30116,34649
716298,1324,30194,34650
716318,1303,30186,34651
716338,1330,30161,34652
716358,1306,29949,34653
716378,1305,30140,34654
716398,1293,30084,34655
716418,1275,30258,34656
716438,1316,30179,34657
716458,1301,30179,34658
716478,1322,30193,34659
716498,1275,30119,34660
716518,1308,30148,34661
716538,1290,30084,34662
716558,1316,30039,34663
716578,1299,29964,34664
716598,1293,30052,34665
716618,1306,30177,34666
716638,1320,30152,34667
716658,1291,30074,34668
716678,1328,30197,34669
716698,1346,30198,34670
716718,1298,30184,34671
716738,1303,30197,34672
716758,1283,30220,34673
716778,1327,30109,34674
716798,1255,30142,34675
716818,1310,30112,34676
716838,1281,30134,34677
716858,1277,30134,34678
716878,1313,30098,34679
716898,1279,30146,34680
716918,1345,30049,34681
716938,1305,30045,34682
716958,1307,30092,34683
716978,1326,30043,34684
716998,1316,30034,34685
717018,1298,30047,34686
717038,1316,30098,34687
717058,1254,29996,34688
717078,1296,30018,34689
717098,1327,30025,34690
717118,1304,30068,34691
717138,1308,30047,34692
717158,1354,30038,34693
717178,1347,30040,34694
717198,1296,30080,34695
717218,1325,30045,34696
717238,1330,30030,34697
717258,1341,30024,34698
717278,1312,30033,34699
717298,1332,29928,34700
717318,1317,29906,34701
717338,1316,29976,34702
717358,1390,29916,34703
717378,1556,29997,34704
717398,1534,29933,34705
717418,1538,29839,34706
717438,1521,29865,34707
717458,1561,29941,34708
717478,1523,29941,34709
717498,1535,29859,34710
717518,1553,29970,34711
717538,1486,29922,34712
717558,1517,29886,34713
717578,1529,29930,34714
717598,1543,29816,34715
717618,1563,29868,34716
717638,1531,29930,34717
717658,1524,29853,34718
717678,1512,29842,34719
717698,1545,29901,34720
717718,1578,29888,34721
717738,1575,29835,34722
717758,1561,29841,34723
717778,1529,29834,34724
717798,1568,29909,34725
717818,1519,29808,34726
717838,1509,29752,34727
717858,1653,29770,34728
717878,1821,29771,34729
717898,1827,29777,34730
717918,1800,29869,34731
717938,1825,29847,34732
717958,1818,29752,34733
717978,1795,29661,34734
717998,1811,29811,34735
718018,1795,29741,34736
718038,1794,29753,34737
718058,1791,29801,34738
718078,1806,29730,34739
718098,1816,29714,34740
718118,1778,29804,34741
718138,1815,29777,34742
718158,1788,29705,34743
718178,1824,29760,34744
718198,1801,29664,34745
718218,1835,29805,34746
718238,1804,29691,34747
718258,1767,29689,34748
718278,1827,29638,34749
718298,1794,29573,34750
718318,1808,29588,34751
718338,1822,29624,34752
718358,1908,29643,34753
718378,2080,29660,34754
718398,2104,29747,34755
718418,2072,29661,34756
718438,2124,29710,34757
718458,2072,29675,34758
718478,2074,29760,34759
718498,2066,29751,34760
718518,2078,29723,34761
718538,2074,29681,34762
718558,2055,29744,34763
718578,2088,29670,34764
718598,2076,29742,34765
718618,2065,29633,34766
718638,2086,29618,34767
718658,2093,29690,34768
718678,2060,29632,34769
718698,2076,29717,34770
718718,2107,29653,34771
718738,2097,29632,34772
718758,2073,29645,34773
718778,2081,29600,34774
718798,2093,29705,34775
718818,2081,29716,34776
718838,2052,29603,34777
718858,2264,29616,34778
718878,2695,29684,34779
718898,2676,29680,34780
718918,2713,29588,34781
718938,2701,29569,34782
718958,2689,29529,34783
718978,2687,29674,34784
718998,2718,29619,34785
719018,2717,29554,34786
719038,2719,29447,34787
719058,2684,29480,34788
719078,2705,29478,34789
719098,2714,29589,34790
719118,2691,29402,34791
719138,2701,29455,34792
719158,2692,29462,34793
719178,2690,29520,34794
719198,2716,29475,34795
719218,2705,29343,34796
719238,2706,29253,34797
719258,2720,29321,34798
719278,2726,29251,34799
719298,2713,29277,34800
719318,2744,29249,34801
719338,2712,29300,34802
719358,2702,29425,34803
719378,3040,29375,34804
719398,3031,29284,34805
719418,3026,29364,34806
719438,3002,29350,34807
719458,3039,29427,34808
719478,3013,29479,34809
719498,3026,29353,34810
719518,3013,29343,34811
719538,3014,29368,34812
719558,3036,29285,34813
719578,3023,29373,34814
719598,3056,29340,34815
719618,3038,29257,34816
719638,3032,29497,34817
719658,3009,29177,34818
719678,3052,29266,34819
719698,3021,29208,34820
719718,3013,29111,34821
719738,3005,29185,34822
719758,3013,29003,34823
719778,3021,29061,34824
719798,3032,29027,34825
719818,3031,29240,34826
719838,3047,29109,34827
719858,3095,29171,34828
719878,3380,29167,34829
719898,3350,29210,34830
719918,3374,29297,34831
719938,3367,29270,34832
719958,3350,29311,34833
719978,3367,29286,34834
719998,3403,29237,34835
720018,3370,29327,34836
720038,3338,29321,34837
720058,3367,29277,34838
720078,3359,29324,34839
720098,3357,29334,34840
720118,3335,29243,34841
720138,3348,29162,34842
720158,3361,29172,34843
720178,3374,29225,34844
720198,3381,29163,34845
720218,3358,29259,34846
720238,3368,29183,34847
720258,3359,29190,34848
720278,3386,29110,34849
720298,3361,29162,34850
720318,3350,29199,34851
720338,3345,29167,34852
720358,3411,29231,34853
720378,3717,29191,34854
720398,3703,29131,34855
720418,3720,29211,34856
720438,3693,29160,34857
720458,3730,29187,34858
720478,3769,29156,34859
720498,3715,29088,34860
720518,3709,29113,34861
720538,3749,29028,34862
720558,3712,28963,34863
720578,3711,29032,34864
720598,3731,29094,34865
720618,3712,29004,34866
720638,3770,29136,34867
720658,3745,29065,34868
720678,3743,29007,34869
720698,3713,29198,34870
720718,3705,29142,34871
720738,3710,29132,34872
720758,3708,29176,34873
720778,3729,29052,34874
720798,3697,29161,34875
720818,3710,29187,34876
720838,3735,29107,34877
720858,3726,29093,34878
720878,4516,29085,34879
720898,4504,29198,34880
720918,4507,29136,34881
720938,4493,29076,34882
720958,4578,29057,34883
720978,4544,29061,34884
720998,4512,29128,34885
721018,4591,29129,34886
721038,4504,29047,34887
721058,4510,29024,34888
721078,4517,29101,34889
721098,4528,29081,34890
721118,4533,29041,34891
721138,4492,28993,34892
721158,4526,28952,34893
721178,4498,28926,34894
721198,4548,29052,34895
721218,4545,28938,34896
721238,4525,28978,34897
721258,4515,28910,34898
721278,4517,28937,34899
721298,4534,29033,34900
721318,4526,28928,34901
721338,4536,28926,34902
721358,4564,28973,34903
721378,4922,28978,34904
721398,4935,28963,34905
721418,4953,28956,34906
721438,4904,28934,34907
721458,4970,29009,34908
721478,5013,28994,34909
721498,4961,28924,34910
721518,4959,28920,34911
721538,4939,28811,34912
721558,4966,28893,34913
721578,4942,28931,34914
721598,4932,28819,34915
721618,4932,28787,34916
721638,4932,28819,34917
721658,4953,28734,34918
721678,4967,28837,34919
721698,4955,28758,34920
721718,4961,28782,34921
721738,4951,28824,34922
721758,4960,28781,34923
721778,4944,28795,34924
721798,4914,28675,34925
721818,4929,28643,34926
721838,4959,28711,34927
721858,5019,28707,34928
721878,5402,28779,34929
721898,5387,28762,34930
721918,5419,28846,34931
721938,5374,28784,34932
721958,5353,28637,34933
721978,5359,28712,34934
721998,5384,28540,34935
722018,5360,28606,34936
722038,5372,28694,34937
722058,5372,28665,34938
722078,5346,28660,34939
722098,5367,28581,34940
722118,5402,28618,34941
722138,5401,28675,34942
722158,5415,28726,34943
722178,5399,28609,34944
722198,5399,28502,34945
722218,5408,28635,34946
722238,5395,28715,34947
722258,5378,28716,34948
722278,5357,28597,34949
722298,5365,28621,34950
722318,5360,28597,34951
722338,5343,28667,34952
722358,5365,28671,34953
722378,6345,28564,34954
722398,6329,28556,34955
722418,6350,28569,34956
722438,6358,28545,34957
722458,6341,28544,34958
722478,6325,28503,34959
722498,6350,28588,34960
722518,6266,28630,34961
722538,6308,28551,34962
722558,6340,28474,34963
722578,6334,28382,34964
722598,6347,28437,34965
722618,6352,28341,34966
722638,6331,28400,34967
722658,6315,28497,34968
722678,6317,28375,34969
722698,6304,28441,34970
722718,6283,28543,34971
722738,6350,28520,34972
722758,6380,28440,34973
722778,6339,28300,34974
722798,6346,28536,34975
722818,6363,28463,34976
722838,6311,28545,34977
722858,6343,28546,34978
722878,6839,28431,34979
722898,6835,28422,34980
722918,6818,28262,34981
722938,6806,28432,34982
722958,6819,28527,34983
722978,6806,28512,34984
722998,6800,28561,34985
723018,6795,28548,34986
723038,6823,28484,34987
723058,6834,28349,34988
723078,6851,28346,34989
723098,6839,28385,34990
723118,6806,28434,34991
723138,6824,28383,34992
723158,6825,28250,34993
723178,6811,28340,34994
723198,6808,28325,34995
723218,6858,28268,34996
723238,6839,28258,34997
723258,6835,28167,34998
723278,6845,28303,34999
723298,6808,28313,35000
723318,6823,28377,35001
723338,6813,28301,35002
723358,6817,28350,35003
723378,7317,28331,35004
723398,7347,28322,35005
723418,7315,28402,35006
723438,7318,28359,35007
723458,7314,28349,35008
723478,7331,28352,35009
723498,7312,28432,35010
723518,7319,28375,35011
723538,7325,28300,35012
723558,7324,28386,35013
723578,7340,28344,35014
723598,7307,28361,35015
723618,7332,28282,35016
723638,7304,28277,35017
723658,7268,28395,35018
723678,7324,28372,35019
723698,7321,28348,35020
723718,7328,28527,35021
723738,7291,28382,35022
723758,7345,28415,35023
723778,7335,28450,35024
723798,7365,28378,35025
723818,7332,28406,35026
723838,7305,28378,35027
723858,7318,28302,35028
723878,7854,28342,35029
723898,7811,28268,35030
723918,7818,28279,35031
723938,7861,28194,35032
723958,7822,28287,35033
723978,7843,28253,35034
723998,7839,28356,35035
724018,7827,28286,35036
724038,7822,28218,35037
724058,7833,28284,35038
724078,7830,28252,35039
724098,7829,28270,35040
724118,7810,28239,35041
724138,7849,28197,35042
724158,7825,28267,35043
724178,7786,28253,35044
724198,7804,28195,35045
724218,7810,28220,35046
724238,7817,28217,35047
724258,7814,28285,35048
724278,7815,28153,35049
724298,7854,28081,35050
724318,7824,28159,35051
724338,7851,28146,35052
724358,7831,28221,35053
724378,8962,28115,35054
724398,8947,28097,35055
724418,8950,27979,35056
724438,8980,28000,35057
724458,8960,28137,35058
724478,8933,28148,35059
724498,8956,28209,35060
724518,8940,28209,35061
724538,8958,28293,35062
724558,8877,28283,35063
724578,8933,28168,35064
724598,8910,28120,35065
724618,8931,28239,35066
724638,8928,28232,35067
724658,8935,28154,35068
724678,8886,28023,35069
724698,8981,28057,35070
724718,8907,28082,35071
724738,8942,28102,35072
724758,8915,28002,35073
724778,8915,27959,35074
724798,8921,27930,35075
724818,8945,27997,35076
724838,8926,28007,35077
724858,8977,27950,35078
724878,9453,27906,35079
724898,9489,28071,35080
724918,9482,28185,35081
724938,9472,28243,35082
724958,9466,28135,35083
724978,9477,28119,35084
724998,9514,28151,35085
725018,9499,28077,35086
725038,9481,28090,35087
725058,9509,27962,35088
725078,9503,27785,35089
725098,9490,27948,35090
725118,9497,27957,35091
725138,9489,28159,35092
725158,9497,28036,35093
725178,9522,28105,35094
725198,9477,28142,35095
725218,9457,28044,35096
725238,9489,28159,35097
725258,9483,28113,35098
725278,9509,28130,35099
725298,9486,28100,35100
725318,9500,28074,35101
725338,9501,27994,35102
725358,9504,28026,35103
725378,10065,28031,35104
725398,10044,28069,35105
725418,10049,28002,35106
725438,10046,27991,35107
725458,10051,27948,35108
725478,10063,28043,35109
725498,10068,28045,35110
725518,10071,28032,35111
725538,10077,28022,35112
725558,10068,28002,35113
725578,10051,28032,35114
725598,10027,28112,35115
725618,10049,28037,35116
725638,10037,27964,35117
725658,10060,27963,35118
725678,10064,27994,35119
725698,10053,27929,35120
725718,10066,28008,35121
725738,10069,27986,35122
725758,10064,28028,35123
725778,10061,28032,35124
725798,10041,28010,35125
725818,10010,27921,35126
725838,10011,27923,35127
725858,10052,27962,35128
725878,11265,27974,35129
725898,11251,28036,35130
725918,11276,28044,35131
725938,11289,27939,35132
725958,11274,28008,35133
725978,11303,27993,35134
725998,11292,28022,35135
726018,11219,27983,35136
726038,11270,28002,35137
726058,11270,27990,35138
726078,11252,27979,35139
726098,11268,27938,35140
726118,11297,27904,35141
726138,11279,27868,35142
726158,11281,28009,35143
726178,11291,27911,35144
726198,11308,27983,35145
726218,11270,27882,35146
726238,11250,27847,35147
726258,11256,27877,35148
726278,11246,27846,35149
726298,11278,27833,35150
726318,11267,27778,35151
726338,11284,27772,35152
726358,11286,27904,35153
726378,11873,27905,35154
726398,11904,27852,35155
726418,11880,27661,35156
726438,11915,27688,35157
726458,11892,27889,35158
726478,11872,27826,35159
726498,11882,27797,35160
726518,11898,27761,35161
726538,11900,27731,35162
726558,11869,27572,35163
726578,11897,27664,35164
726598,11892,27585,35165
726618,11900,27691,35166
726638,11912,27850,35167
726658,11871,27852,35168
726678,11888,27854,35169
726698,11906,27825,35170
726718,11883,27807,35171
726738,11884,27860,35172
726758,11878,27891,35173
726778,11905,27854,35174
726798,11919,27886,35175
726818,11914,27822,35176
726838,11913,27834,35177
726858,11891,27712,35178
726878,12545,27744,35179
726898,12549,27700,35180
726918,12542,27729,35181
726938,12565,27699,35182
726958,12533,27599,35183
726978,12570,27691,35184
726998,12563,27659,35185
727018,12572,27617,35186
727038,12563,27677,35187
727058,12555,27640,35188
727078,12544,27636,35189
727098,12535,27692,35190
727118,12581,27722,35191
727138,12592,27798,35192
727158,12568,27644,35193
727178,12538,27619,35194
727198,12550,27466,35195
727218,12551,27404,35196
727238,12540,27444,35197
727258,12557,27441,35198
727278,12552,27620,35199
727298,12537,27574,35200
727318,12545,27762,35201
727338,12567,27795,35202
727358,12549,27756,35203
727378,13174,27856,35204
727398,13178,27758,35205
727418,13220,27782,35206
727438,13189,27842,35207
727458,13212,27746,35208
727478,13192,27838,35209
727498,13180,27813,35210
727518,13172,27831,35211
727538,13175,27741,35212
727558,13177,27712,35213
727578,13206,27697,35214
727598,13196,27710,35215
727618,13193,27768,35216
727638,13185,27757,35217
727658,13210,27687,35218
727678,13188,27706,35219
727698,13187,27710,35220
727718,13177,27695,35221
727738,13202,27677,35222
727758,13157,27686,35223
727778,13190,27676,35224
727798,13240,27679,35225
727818,13215,27758,35226
727838,13203,27690,35227
727858,13183,27675,35228
727878,14569,27696,35229
727898,14544,27681,35230
727918,14517,27619,35231
727938,14539,27605,35232
727958,14506,27645,35233
727978,14502,27541,35234
727998,14545,27564,35235
728018,14533,27561,35236
728038,14483,27585,35237
728058,14541,27529,35238
728078,14578,27563,35239
728098,14529,27686,35240
728118,14542,27580,35241
728138,14567,27593,35242
728158,14514,27630,35243
728178,14529,27548,35244
728198,14522,27705,35245
728218,14525,27569,35246
728238,14545,27593,35247
728258,14538,27660,35248
728278,14525,27645,35249
728298,14530,27661,35250
728318,14564,27625,35251
728338,14545,27569,35252
728358,14565,27603,35253
728378,15196,27584,35254
728398,15191,27641,35255
728418,15223,27466,35256
728438,15200,27577,35257
728458,15173,27681,35258
728478,15210,27661,35259
728498,15212,27685,35260
728518,15199,27578,35261
728538,15197,27580,35262
728558,15205,27681,35263
728578,15207,27544,35264
728598,15208,27518,35265
728618,15207,27519,35266
728638,15249,27604,35267
728658,15181,27564,35268
728678,15202,27516,35269
728698,15199,27476,35270
728718,15229,27510,35271
728738,15228,27566,35272
728758,15219,27566,35273
728778,15129,27618,35274
728798,15217,27555,35275
728818,15196,27411,35276
728838,15207,27402,35277
728858,15172,27374,35278
728878,15886,27373,35279
728898,15876,27304,35280
728918,15864,27268,35281
728938,15887,27568,35282
728958,15891,27547,35283
728978,15894,27584,35284
728998,15895,27519,35285
729018,15915,27573,35286
729038,15889,27610,35287
729058,15891,27590,35288
729078,15880,27463,35289
729098,15882,27443,35290
729118,15867,27465,35291
729138,15882,27471,35292
729158,15939,27457,35293
729178,15920,27486,35294
729198,15895,27228,35295
729218,15889,27290,35296
729238,15903,27400,35297
729258,15920,27342,35298
729278,15885,27325,35299
729298,15871,27371,35300
729318,15919,27424,35301
729338,15891,27527,35302
729358,15891,27520,35303
729378,17311,27511,35304
729398,17273,27358,35305
729418,17290,27398,35306
729438,17316,27334,35307
729458,17288,27296,35308
729478,17307,27242,35309
729498,17314,27407,35310
729518,17342,27470,35311
729538,17315,27490,35312
729558,17321,27429,35313
729578,17302,27475,35314
729598,17312,27529,35315
729618,17293,27571,35316
729638,17325,27485,35317
729658,17284,27599,35318
729678,17275,27523,35319
729698,17275,27579,35320
729718,17276,27577,35321
729738,17265,27382,35322
729758,17364,27367,35323
729778,17324,27379,35324
729798,17287,27369,35325
729818,17340,27276,35326
729838,17302,27258,35327
729858,17325,27420,35328
729878,18011,27433,35329
729898,18013,27533,35330
729918,18007,27565,35331
729938,18024,27487,35332
729958,18042,27449,35333
729978,18034,27473,35334
729998,18031,27507,35335
730018,17988,27486,35336
730038,18043,27385,35337
730058,18010,27467,35338
730078,18015,27387,35339
730098,18011,27517,35340
730118,18035,27489,35341
730138,18030,27451,35342
730158,18024,27478,35343
730178,18017,27402,35344
730198,18029,27289,35345
730218,18031,27407,35346
730238,18006,27423,35347
730258,17976,27374,35348
730278,18025,27429,35349
730298,17996,27424,35350
730318,18005,27513,35351
730338,18011,27545,35352
730358,18001,27540,35353
730378,18807,27449,35354
730398,18775,27472,35355
730418,18809,27426,35356
730438,18794,27433,35357
730458,18733,27394,35358
730478,18756,27463,35359
730498,18785,27458,35360
730518,18755,27398,35361
730538,18769,27467,35362
730558,18741,27348,35363
730578,18759,27407,35364
730598,18809,27508,35365
730618,18763,27363,35366
730638,18819,27504,35367
730658,18779,27423,35368
730678,18761,27380,35369
730698,18784,27362,35370
730718,18783,27358,35371
730738,18794,27432,35372
730758,18812,27324,35373
730778,18780,27360,35374
730798,18773,27259,35375
730818,18803,27289,35376
730838,18752,27421,35377
730858,18760,27387,35378
730878,19473,27503,35379
730898,19477,27336,35380
730918,19485,27434,35381
730938,19504,27421,35382
730958,19490,27263,35383
730978,19508,27255,35384
730998,19522,27316,35385
731018,19503,27312,35386
731038,19512,27403,35387
731058,19505,27434,35388
731078,19505,27297,35389
731098,19518,27127,35390
731118,19550,27373,35391
731138,19520,27409,35392
731158,19459,27369,35393
731178,19501,27402,35394
731198,19502,27098,35395
731218,19507,27123,35396
731238,19499,27184,35397
731258,19520,27201,35398
731278,19488,27289,35399
731298,19503,27243,35400
731318,19533,27210,35401
731338,19493,27150,35402
731358,19494,27236,35403
731378,20985,27233,35404
731398,21041,27094,35405
731418,21067,27277,35406
731438,21044,27277,35407
731458,21033,27260,35408
731478,21004,27395,35409
731498,21014,27404,35410
731518,21017,27295,35411
731538,20976,27218,35412
731558,21022,27124,35413
731578,21051,27168,35414
731598,21024,27075,35415
731618,21036,27328,35416
731638,21057,27302,35417
731658,20998,27472,35418
731678,21051,27362,35419
731698,21024,27321,35420
731718,20978,27456,35421
731738,21028,27407,35422
731758,20998,27450,35423
731778,20993,27350,35424
731798,21039,27324,35425
731818,21006,27371,35426
731838,21015,27223,35427
731858,21015,27380,35428
731878,21717,27174,35429
731898,21800,27253,35430
731918,21777,27148,35431
731938,21778,27146,35432
731958,21735,27259,35433
731978,21785,27324,35434
731998,21791,27344,35435
732018,21772,27393,35436
732038,21750,27363,35437
732058,21790,27271,35438
732078,21792,27338,35439
732098,21758,27338,35440
732118,21760,27254,35441
732138,21775,27217,35442
732158,21779,27284,35443
732178,21761,27225,35444
732198,21781,27276,35445
732218,21785,27306,35446
732238,21757,27388,35447
732258,21741,27317,35448
732278,21766,27243,35449
732298,21804,27337,35450
732318,21790,27234,35451
732338,21756,27347,35452
732358,21797,27273,35453
732378,22506,27356,35454
732398,22524,27360,35455
732418,22545,27436,35456
732438,22551,27439,35457
732458,22455,27391,35458
732478,22527,27491,35459
732498,22503,27467,35460
732518,22478,27193,35461
732538,22544,27353,35462
732558,22523,27262,35463
732578,22560,27417,35464
732598,22542,27422,35465
732618,22540,27384,35466
732638,22537,27281,35467
732658,22488,27285,35468
732678,22491,27365,35469
732698,22518,27281,35470
732718,22588,27194,35471
732738,22541,27237,35472
732758,22497,27282,35473
732778,22467,27358,35474
732798,22542,27359,35475
732818,22559,27314,35476
732838,22474,27211,35477
732858,22540,27270,35478
732878,23325,27252,35479
732898,23311,27232,35480
732918,23303,27139,35481
732938,23317,27219,35482
732958,23313,27271,35483
732978,23325,27276,35484
732998,23326,27265,35485
733018,23343,27260,35486
733038,23348,27333,35487
733058,23371,27261,35488
733078,23299,27238,35489
733098,23325,27170,35490
733118,23309,27135,35491
733138,23305,27181,35492
733158,23309,27248,35493
733178,23298,27253,35494
733198,23312,27278,35495
733218,23350,27414,35496
733238,23316,27293,35497
733258,23338,27306,35498
733278,23337,27323,35499
733298,23340,27388,35500
733318,23333,27320,35501
733338,23317,27245,35502
733358,23380,27323,35503
733378,24809,27326,35504
733398,24862,27282,35505
733418,24899,27115,35506
733438,24875,27243,35507
733458,24907,27402,35508
733478,24862,27204,35509
733498,24847,27274,35510
733518,24875,27173,35511
733538,24840,27235,35512
733558,24870,27207,35513
733578,24887,27225,35514
733598,24932,27074,35515
733618,24908,27203,35516
733638,24837,27271,35517
733658,24863,27331,35518
733678,24887,27127,35519
733698,24865,27184,35520
733718,24890,27211,35521
733738,24888,27302,35522
733758,24821,27323,35523
733778,24860,27293,35524
733798,24917,27220,35525
733818,24897,27191,35526
733838,24930,27188,35527
733858,24905,27173,35528
733878,25644,27153,35529
733898,25687,27227,35530
733918,25620,27240,35531
733938,25625,27173,35532
733958,25665,27223,35533
733978,25658,27250,35534
733998,25639,27295,35535
734018,25666,27257,35536
734038,25670,27258,35537
734058,25681,27355,35538
734078,25634,27261,35539
734098,25674,27351,35540
734118,25666,27422,35541
734138,25717,27371,35542
734158,25665,27192,35543
734178,25670,27127,35544
734198,25661,27196,35545
734218,25650,27232,35546
734238,25657,27190,35547
734258,25690,27199,35548
734278,25688,27248,35549
734298,25628,27230,35550
734318,25676,27303,35551
734338,25639,27262,35552
734358,25666,27278,35553
734378,26468,27236,35554
734398,26391,27187,35555
734418,26383,27200,35556
734438,26432,27242,35557
734458,26447,27090,35558
734478,26437,27065,35559
734498,26446,27168,35560
734518,26379,27179,35561
734538,26449,27254,35562
734558,26382,27233,35563
734578,26407,27264,35564
734598,26410,27174,35565
734618,26412,27066,35566
734638,26425,27022,35567
734658,26409,27079,35568
734678,26408,27190,35569
734698,26455,27288,35570
734718,26436,27310,35571
734738,26437,27329,35572
734758,26443,27282,35573
734778,26385,27343,35574
734798,26402,27310,35575
734818,26448,27178,35576
734838,26435,27286,35577
734858,26393,27245,35578
734878,28051,27163,35579
734898,28068,27151,35580
734918,28080,27215,35581
734938,28044,27147,35582
734958,28034,27212,35583
734978,28100,27187,35584
734998,28049,27161,35585
735018,28020,27023,35586
735038,28009,27114,35587
735058,28033,27042,35588
735078,28035,27195,35589
735098,28038,27093,35590
735118,28043,27208,35591
735138,28042,27180,35592
735158,28018,27307,35593
735178,28040,27342,35594
735198,28013,26935,35595
735218,28065,27076,35596
735238,28087,27094,35597
735258,28060,26996,35598
735278,28090,27002,35599
735298,28036,26986,35600
735318,28080,27009,35601
735338,27991,27234,35602
735358,28040,27255,35603
735378,28862,27349,35604
735398,28860,27293,35605
735418,28853,27230,35606
735438,28882,27302,35607
735458,28825,27227,35608
735478,28860,27267,35609
735498,28869,27228,35610
735518,28870,27364,35611
735538,28888,27310,35612
735558,28836,27311,35613
735578,28857,27248,35614
735598,28832,27210,35615
735618,28859,27190,35616
735638,28865,27179,35617
735658,28828,27210,35618
735678,28883,27061,35619
735698,28844,27089,35620
735718,28854,27074,35621
735738,28875,27226,35622
735758,28835,27308,35623
735778,28845,27332,35624
735798,28847,27255,35625
735818,28813,27206,35626
735838,28882,27304,35627
735858,28876,27204,35628
735878,29715,27301,35629
735898,29659,27380,35630
735918,29683,27280,35631
735938,29647,27343,35632
735958,29665,27351,35633
735978,29648,27313,35634
735998,29639,27233,35635
736018,29664,27246,35636
736038,29604,27304,35637
736058,29634,27222,35638
736078,29649,27222,35639
736098,29631,27323,35640
736118,29663,27438,35641
736138,29616,27403,35642
736158,29648,27408,35643
736178,29640,27208,35644
736198,29669,27374,35645
736218,29632,27358,35646
736238,29628,27324,35647
736258,29637,27486,35648
736278,29683,27402,35649
736298,29664,27378,35650
736318,29661,27332,35651
736338,29681,27375,35652
736358,29633,27329,35653
736378,30157,27159,35654
736398,30479,27297,35655
736418,30449,27361,35656
736438,30436,27349,35657
736458,30440,27374,35658
736478,30442,27267,35659
736498,30480,27342,35660
736518,30457,27358,35661
736538,30433,27306,35662
736558,30479,27207,35663
736578,30441,27264,35664
736598,30429,27242,35665
736618,30458,27329,35666
736638,30432,27298,35667
736658,30458,27286,35668
736678,30466,27251,35669
736698,30439,27292,35670
736718,30485,27332,35671
736738,30446,27337,35672
736758,30461,27374,35673
736778,30469,27271,35674
736798,30437,27341,35675
736818,30382,27270,35676
736838,30439,27298,35677
736858,30448,27305,35678
736878,32067,27200,35679
736898,32075,27266,35680
736918,32030,27325,35681
736938,32132,27354,35682
736958,32099,27298,35683
736978,32096,27406,35684
736998,32111,27335,35685
737018,32064,27326,35686
737038,32064,27157,35687
737058,32059,27111,35688
737078,32063,27124,35689
737098,32114,27237,35690
737118,32070,27195,35691
737138,32089,27214,35692
737158,32064,27173,35693
737178,32075,27052,35694
737198,32107,27065,35695
737218,32074,27065,35696
737238,32069,27146,35697
737258,32072,27085,35698
737278,32099,27178,35699
737298,32105,27185,35700
737318,32081,27293,35701
737338,32068,27287,35702
737358,32053,27234,35703
737378,32885,27212,35704
737398,32877,27227,35705
737418,32865,27136,35706
737438,32890,27146,35707
737458,32902,27244,35708
737478,32840,27397,35709
737498,32874,27323,35710
737518,32873,27304,35711
737538,32882,27382,35712
737558,32880,27410,35713
737578,32859,27464,35714
737598,32865,27393,35715
737618,32859,27331,35716
737638,32868,27397,35717
737658,32844,27450,35718
737678,32888,27432,35719
737698,32869,27413,35720
737718,32932,27330,35721
737738,32893,27369,35722
737758,32876,27263,35723
737778,32895,27371,35724
737798,32873,27278,35725
737818,32849,27135,35726
737838,32868,27164,35727
737858,32900,27352,35728
737878,33702,27332,35729
737898,33700,27315,35730
737918,33673,27331,35731
737938,33663,27434,35732
737958,33678,27420,35733
737978,33652,27349,35734
737998,33691,27338,35735
738018,33673,27413,35736
738038,33674,27474,35737
738058,33675,27440,35738
738078,33662,27412,35739
738098,33674,27412,35740
738118,33660,27372,35741
738138,33677,27349,35742
738158,33668,27395,35743
738178,33686,27396,35744
738198,33672,27399,35745
738218,33655,27433,35746
738238,33661,27532,35747
738258,33661,27500,35748
738278,33647,27527,35749
738298,33678,27493,35750
738318,33671,27402,35751
738338,33693,27511,35752
738358,33654,27471,35753
738378,35278,27429,35754
738398,35313,27539,35755
738418,35315,27498,35756
738438,35305,27501,35757
738458,35303,27484,35758
738478,35306,27468,35759
738498,35277,27345,35760
738518,35306,27429,35761
738538,35286,27494,35762
738558,35291,27443,35763
738578,35316,27468,35764
738598,35319,27434,35765
738618,35319,27444,35766
738638,35308,27403,35767
738658,35308,27444,35768
738678,35308,27387,35769
738698,35304,27442,35770
738718,35275,27407,35771
738738,35325,27449,35772
738758,35301,27420,35773
738778,35322,27570,35774
738798,35316,27476,35775
738818,35281,27403,35776
738838,35277,27435,35777
738858,35286,27422,35778
738878,36106,27456,35779
738898,36061,27449,35780
738918,36076,27514,35781
738938,36078,27289,35782
738958,36043,27425,35783
738978,36067,27448,35784
738998,36090,27535,35785
739018,36070,27590,35786
739038,36087,27426,35787
739058,36118,27469,35788
739078,36099,27464,35789
739098,36117,27515,35790
739118,36121,27506,35791
739138,36118,27471,35792
739158,36081,27534,35793
739178,36082,27644,35794
739198,36063,27472,35795
739218,36053,27479,35796
739238,36073,27304,35797
739258,36084,27439,35798
739278,36104,27402,35799
739298,36090,27399,35800
739318,36076,27493,35801
739338,36123,27358,35802
739358,36079,27434,35803
739378,36878,27446,35804
739398,36887,27467,35805
739418,36857,27388,35806
739438,36899,27423,35807
739458,36910,27420,35808
739478,36887,27506,35809
739498,36905,27485,35810
739518,36888,27505,35811
739538,36893,27464,35812
739558,36860,27495,35813
739578,36899,27539,35814
739598,36852,27430,35815
739618,36890,27513,35816
739638,36898,27505,35817
739658,36867,27586,35818
739678,36875,27514,35819
739698,36903,27504,35820
739718,36900,27420,35821
739738,36944,27411,35822
739758,36917,27438,35823
739778,36925,27597,35824
739798,36882,27626,35825
739818,36885,27622,35826
739838,36862,27666,35827
739858,36908,27598,35828
739878,37707,27571,35829
739898,37693,27547,35830
739918,37692,27652,35831
739938,37740,27509,35832
739958,37728,27498,35833
739978,37739,27524,35834
739998,37738,27632,35835
740018,37699,27575,35836
740038,37702,27545,35837
740058,37722,27447,35838
740078,37714,27539,35839
740098,37678,27572,35840
740118,37738,27650,35841
740138,37710,27576,35842
740158,37733,27585,35843
740178,37716,27650,35844
740198,37695,27549,35845
740218,37697,27618,35846
740238,37704,27600,35847
740258,37720,27582,35848
740278,37686,27575,35849
740298,37703,27530,35850
740318,37719,27542,35851
740338,37724,27608,35852
740358,37721,27585,35853
740378,39309,27612,35854
740398,39325,27591,35855
740418,39326,27658,35856
740438,39318,27636,35857
740458,39325,27619,35858
740478,39296,27576,35859
740498,39296,27585,35860
740518,39299,27590,35861
740538,39311,27681,35862
740558,39339,27645,35863
740578,39322,27627,35864
740598,39335,27694,35865
740618,39334,27752,35866
740638,39329,27714,35867
740658,39315,27648,35868
740678,39322,27633,35869
740698,39361,27608,35870
740718,39308,27683,35871
740738,39276,27654,35872
740758,39313,27620,35873
740778,39353,27599,35874
740798,39342,27670,35875
740818,39301,27647,35876
740838,39312,27685,35877
740858,39320,27638,35878
740878,40088,27618,35879
740898,40085,27591,35880
740918,40099,27658,35881
740938,40096,27631,35882
740958,40105,27634,35883
740978,40113,27600,35884
740998,40100,27670,35885
741018,40104,27630,35886
741038,40125,27658,35887
741058,40085,27683,35888
741078,40085,27713,35889
741098,40098,27776,35890
741118,40083,27722,35891
741138,40087,27688,35892
741158,40081,27693,35893
741178,40083,27723,35894
741198,40106,27809,35895
741218,40093,27759,35896
741238,40087,27724,35897
741258,40113,27736,35898
741278,40116,27801,35899
741298,40073,27860,35900
741318,40124,27795,35901
741338,40130,27739,35902
741358,40101,27740,35903
741378,40886,27713,35904
741398,40848,27742,35905
741418,40832,27708,35906
741438,40843,27747,35907
741458,40862,27765,35908
741478,40892,27768,35909
741498,40913,27763,35910
741518,40862,27761,35911
741538,40878,27782,35912
741558,40883,27761,35913
741578,40868,27772,35914
741598,40881,27717,35915
741618,40880,27669,35916
741638,40890,27718,35917
741658,40879,27774,35918
741678,40895,27748,35919
741698,40858,27729,35920
741718,40865,27738,35921
741738,40848,27694,35922
741758,40863,27782,35923
741778,40876,27834,35924
741798,40839,27781,35925
741818,40882,27771,35926
741838,40865,27660,35927
741858,40896,27636,35928
741878,41275,27758,35929
741898,42425,27683,35930
741918,42417,27532,35931
741938,42418,27621,35932
741958,42451,27760,35933
741978,42466,27868,35934
741998,42415,27804,35935
742018,42436,27838,35936
742038,42430,27865,35937
742058,42462,27917,35938
742078,42394,28022,35939
742098,42408,27801,35940
742118,42406,27730,35941
742138,42430,27697,35942
742158,42426,27730,35943
742178,42464,27767,35944
742198,42438,27643,35945
742218,42436,27560,35946
742238,42440,27560,35947
742258,42424,27674,35948
742278,42414,27787,35949
742298,42412,27600,35950
742318,42442,27678,35951
742338,42460,27694,35952
742358,42449,27842,35953
742378,43221,27914,35954
742398,43246,27781,35955
742418,43250,27775,35956
742438,43232,27741,35957
742458,43257,27741,35958
742478,43228,27737,35959
742498,43223,27721,35960
742518,43211,27912,35961
742538,43261,27881,35962
742558,43249,27983,35963
742578,43239,27904,35964
742598,43255,27941,35965
742618,43248,28003,35966
742638,43248,28024,35967
742658,43241,27931,35968
742678,43223,27935,35969
742698,43241,27944,35970
742718,43245,28051,35971
742738,43200,28089,35972
742758,43230,28003,35973
742778,43208,27832,35974
742798,43238,27770,35975
742818,43260,27869,35976
742838,43249,27808,35977
742858,43250,27746,35978
742878,43854,27734,35979
742898,43987,27984,35980
742918,44004,27977,35981
742938,43979,27979,35982
742958,43999,27970,35983
742978,43992,28016,35984
742998,43998,27990,35985
743018,43994,28061,35986
743038,43983,28061,35987
743058,43984,27968,35988
743078,43965,28002,35989
743098,43978,28024,35990
743118,44029,28004,35991
743138,43995,28029,35992
743158,43982,28011,35993
743178,44025,27965,35994
743198,43983,27962,35995
743218,44014,27953,35996
743238,43963,27980,35997
743258,43962,27958,35998
743278,44022,27994,35999
743298,43975,28035,36000
743318,43944,27951,36001
743338,43967,28083,36002
743358,43952,28037,36003
743378,44635,28091,36004
743398,44738,28083,36005
743418,44742,28098,36006
743438,44751,28101,36007
743458,44759,28182,36008
743478,44743,28079,36009
743498,44739,28176,36010
743518,44747,28145,36011
743538,44698,28075,36012
743558,44702,28016,36013
743578,44739,28038,36014
743598,44712,28100,36015
743618,44747,28073,36016
743638,44729,28120,36017
743658,44759,28085,36018
743678,44733,28099,36019
743698,44715,28134,36020
743718,44699,28092,36021
743738,44707,28026,36022
743758,44709,27998,36023
743778,44757,28049,36024
743798,44750,28048,36025
743818,44759,28047,36026
743838,44697,28117,36027
743858,44719,28113,36028
743878,45991,28124,36029
743898,46223,28120,36030
743918,46214,28098,36031
743938,46244,28117,36032
743958,46218,28002,36033
743978,46228,28085,36034
743998,46221,28132,36035
744018,46233,28114,36036
744038,46267,28173,36037
744058,46262,28134,36038
744078,46231,28116,36039
744098,46256,28059,36040
744118,46230,27925,36041
744138,46220,27927,36042
744158,46262,27962,36043
744178,46222,28119,36044
744198,46216,28194,36045
744218,46229,28196,36046
744238,46240,28220,36047
744258,46259,28283,36048
744278,46263,28280,36049
744298,46259,28221,36050
744318,46228,28288,36051
744338,46224,28275,36052
744358,46270,28263,36053
744378,46815,28197,36054
744398,46964,28090,36055
744418,46956,28172,36056
744438,46955,28056,36057
744458,46990,28103,36058
744478,46972,28037,36059
744498,47004,28020,36060
744518,46951,28185,36061
744538,46980,28114,36062
744558,46940,28131,36063
744578,46940,28221,36064
744598,46979,28138,36065
744618,46973,28258,36066
744638,46980,28295,36067
744658,46983,28366,36068
744678,46967,28264,36069
744698,46972,28149,36070
744718,46972,28119,36071
744738,46965,28109,36072
744758,46984,28245,36073
744778,46955,28200,36074
744798,46992,28294,36075
744818,47004,28334,36076
744838,46928,28344,36077
744858,46979,28404,36078
744878,47526,28332,36079
744898,47722,28314,36080
744918,47726,28364,36081
744938,47714,28403,36082
744958,47705,28412,36083
744978,47709,28429,36084
744998,47711,28378,36085
745018,47722,28368,36086
745038,47754,28300,36087
745058,47774,28281,36088
745078,47717,28237,36089
745098,47714,28310,36090
745118,47704,28161,36091
745138,47732,28172,36092
745158,47752,28360,36093
745178,47757,28283,36094
745198,47769,28385,36095
745218,47724,28469,36096
745238,47712,28455,36097
745258,47736,28441,36098
745278,47720,28410,36099
745298,47709,28446,36100
745318,47714,28444,36101
745338,47753,28502,36102
745358,47721,28486,36103
745378,48287,28502,36104
745398,48472,28448,36105
745418,48454,28425,36106
745438,48464,28416,36107
745458,48442,28347,36108
745478,48433,28390,36109
745498,48428,28396,36110
745518,48423,28402,36111
745538,48425,28466,36112
745558,48445,28395,36113
745578,48410,28469,36114
745598,48450,28503,36115
745618,48444,28505,36116
745638,48477,28588,36117
745658,48448,28501,36118
745678,48456,28518,36119
745698,48470,28574,36120
745718,48444,28561,36121
745738,48464,28601,36122
745758,48463,28561,36123
745778,48432,28619,36124
745798,48430,28562,36125
745818,48462,28533,36126
745838,48471,28545,36127
745858,48447,28511,36128
745878,49413,28557,36129
745898,49836,28630,36130
745918,49852,28497,36131
745938,49876,28545,36132
745958,49852,28501,36133
745978,49874,28576,36134
745998,49865,28557,36135
746018,49870,28469,36136
746038,49841,28437,36137
746058,49843,28451,36138
746078,49861,28549,36139
746098,49821,28545,36140
746118,49836,28598,36141
746138,49823,28491,36142
746158,49860,28512,36143
746178,49890,28618,36144
746198,49841,28601,36145
746218,49831,28500,36146
746238,49890,28403,36147
746258,49855,28480,36148
746278,49869,28543,36149
746298,49848,28548,36150
746318,49872,28537,36151
746338,49851,28559,36152
746358,49800,28569,36153
746378,50264,28512,36154
746398,50519,28392,36155
746418,50529,28465,36156
746438,50527,28628,36157
746458,50550,28711,36158
746478,50551,28702,36159
746498,50553,28677,36160
746518,50533,28742,36161
746538,50528,28688,36162
746558,50525,28849,36163
746578,50530,28754,36164
746598,50516,28717,36165
746618,50537,28659,36166
746638,50520,28655,36167
746658,50531,28726,36168
746678,50528,28630,36169
746698,50538,28563,36170
746718,50565,28506,36171
746738,50511,28545,36172
746758,50547,28676,36173
746778,50520,28600,36174
746798,50522,28577,36175
746818,50513,28624,36176
746838,50514,28663,36177
746858,50544,28799,36178
746878,50978,28751,36179
746898,51234,28763,36180
746918,51198,28820,36181
746938,51163,28888,36182
746958,51215,28905,36183
746978,51185,28728,36184
746998,51228,28587,36185
747018,51271,28678,36186
747038,51229,28590,36187
747058,51212,28597,36188
747078,51167,28790,36189
747098,51260,28799,36190
747118,51213,28909,36191
747138,51200,28875,36192
747158,51203,28899,36193
747178,51201,28811,36194
747198,51214,28579,36195
747218,51209,28781,36196
747238,51206,28800,36197
747258,51212,28758,36198
747278,51252,28803,36199
747298,51220,28825,36200
747318,51248,28749,36201
747338,51243,28868,36202
747358,51185,28913,36203
747378,51286,28845,36204
747398,52534,28893,36205
747418,52577,28895,36206
747438,52588,28987,36207
747458,52573,28874,36208
747478,52580,28951,36209
747498,52520,28930,36210
747518,52560,28953,36211
747538,52524,29046,36212
747558,52559,28919,36213
747578,52535,28987,36214
747598,52551,28895,36215
747618,52579,28896,36216
747638,52530,28979,36217
747658,52558,28963,36218
747678,52570,28882,36219
747698,52546,28865,36220
747718,52538,28905,36221
747738,52556,28925,36222
747758,52536,28897,36223
747778,52518,28925,36224
747798,52584,28955,36225
747818,52510,28953,36226
747838,52548,29047,36227
747858,52538,28926,36228
747878,52906,29039,36229
747898,53207,29003,36230
747918,53198,29005,36231
747938,53212,29014,36232
747958,53224,28988,36233
747978,53187,29087,36234
747998,53180,29101,36235
748018,53145,29136,36236
748038,53202,29120,36237
748058,53166,29085,36238
748078,53170,29147,36239
748098,53214,29129,36240
748118,53186,29101,36241
748138,53227,29063,36242
748158,53180,29021,36243
748178,53210,29055,36244
748198,53172,29065,36245
748218,53221,29050,36246
748238,53150,29050,36247
748258,53186,29009,36248
748278,53168,28962,36249
748298,53208,29122,36250
748318,53205,29131,36251
748338,53194,29045,36252
748358,53213,29121,36253
748378,53489,29118,36254
748398,53824,29061,36255
748418,53819,29106,36256
748438,53824,29087,36257
748458,53819,29075,36258
748478,53825,29181,36259
748498,53790,29192,36260
748518,53841,29066,36261
748538,53882,29077,36262
748558,53884,29204,36263
748578,53822,29180,36264
748598,53852,29269,36265
748618,53884,29200,36266
748638,53830,29196,36267
748658,53814,29267,36268
748678,53855,29209,36269
748698,53856,29208,36270
748718,53819,29102,36271
748738,53880,29202,36272
748758,53829,29235,36273
748778,53883,29273,36274
748798,53839,29235,36275
748818,53855,29156,36276
748838,53857,29130,36277
748858,53818,29283,36278
748878,54155,29222,36279
748898,54489,29251,36280
748918,54450,29205,36281
748938,54487,29276,36282
748958,54450,29323,36283
748978,54473,29237,36284
748998,54452,29366,36285
749018,54483,29255,36286
749038,54469,29283,36287
749058,54446,29325,36288
749078,54482,29331,36289
749098,54430,29264,36290
749118,54454,29285,36291
749138,54447,29235,36292
749158,54493,29163,36293
749178,54486,29296,36294
749198,54500,29320,36295
749218,54503,29255,36296
749238,54485,29379,36297
749258,54471,29395,36298
749278,54467,29344,36299
749298,54460,29442,36300
749318,54470,29459,36301
749338,54449,29489,36302
749358,54490,29556,36303
749378,54976,29479,36304
749398,55673,29502,36305
749418,55666,29423,36306
749438,55702,29411,36307
749458,55688,29477,36308
749478,55698,29441,36309
749498,55680,29356,36310
749518,55662,29418,36311
749538,55662,29460,36312
749558,55642,29377,36313
749578,55715,29479,36314
749598,55691,29323,36315
749618,55721,29351,36316
749638,55702,29416,36317
749658,55668,29482,36318
749678,55670,29421,36319
749698,55711,29387,36320
749718,55680,29417,36321
749738,55704,29537,36322
749758,55669,29482,36323
749778,55699,29536,36324
749798,55708,29295,36325
749818,55654,29525,36326
749838,55670,29432,36327
749858,55624,29434,36328
749878,55922,29517,36329
749898,56253,29477,36330
749918,56254,29562,36331
749938,56268,29484,36332
749958,56231,29509,36333
749978,56199,29557,36334
749998,56232,29372,36335
750018,56250,29478,36336
750038,56225,29433,36337
750058,56263,29548,36338
750078,56241,29605,36339
750098,56231,29584,36340
750118,56258,29599,36341
750138,56310,29671,36342
750158,56286,29706,36343
750178,56244,29632,36344
750198,56239,29535,36345
750218,56244,29545,36346
750238,56221,29476,36347
750258,56260,29543,36348
750278,56235,29558,36349
750298,56290,29459,36350
750318,56250,29490,36351
750338,56282,29374,36352
750358,56288,29430,36353
750378,56446,29461,36354
750398,56793,29469,36355
750418,56782,29687,36356
750438,56753,29646,36357
750458,56815,29748,36358
750478,56785,29664,36359
750498,56785,29632,36360
750518,56784,29720,36361
750538,56806,29692,36362
750558,56758,29682,36363
750578,56782,29524,36364
750598,56766,29491,36365
750618,56828,29578,36366
750638,56832,29791,36367
750658,56781,29731,36368
750678,56835,29734,36369
750698,56799,29765,36370
750718,56813,29754,36371
750738,56818,29881,36372
750758,56840,29918,36373
750778,56745,29855,36374
750798,56780,29898,36375
750818,56794,29816,36376
750838,56813,29838,36377
750858,56798,29901,36378
750878,57081,29911,36379
750898,57899,29954,36380
750918,57902,29810,36381
750938,57911,29906,36382
750958,57945,29887,36383
750978,57932,29892,36384
750998,57904,29951,36385
751018,57902,29886,36386
751038,57894,29876,36387
751058,57914,29896,36388
751078,57899,29877,36389
751098,57886,29988,36390
751118,57840,29893,36391
751138,57931,29932,36392
751158,57884,29914,36393
751178,57872,29916,36394
751198,57907,29730,36395
751218,57943,29820,36396
751238,57899,29951,36397
751258,57911,30023,36398
751278,57941,30012,36399
751298,57930,30047,36400
751318,57913,29976,36401
751338,57920,30031,36402
751358,57913,30062,36403
751378,57947,30046,36404
751398,58412,30036,36405
751418,58400,30032,36406
751438,58393,30070,36407
751458,58472,30091,36408
751478,58434,30055,36409
751498,58415,30064,36410
751518,58393,30020,36411
751538,58411,30060,36412
751558,58404,30043,36413
751578,58415,30115,36414
751598,58392,29959,36415
751618,58395,30001,36416
751638,58370,30039,36417
751658,58354,30020,36418
751678,58364,30042,36419
751698,58438,29936,36420
751718,58415,30014,36421
751738,58456,30136,36422
751758,58393,29987,36423
751778,58493,30085,36424
751798,58445,30080,36425
751818,58420,30191,36426
751838,58411,30217,36427
751858,58380,30134,36428
751878,58501,30199,36429
751898,58872,30055,36430
751918,58969,30212,36431
751938,58887,30089,36432
751958,58912,30059,36433
751978,58982,30205,36434
751998,58888,30081,36435
752018,58884,30114,36436
752038,58939,30125,36437
752058,58894,30140,36438
752078,58881,30180,36439
752098,58866,30068,36440
752118,58923,30175,36441
752138,58952,30085,36442
752158,58906,30140,36443
752178,58930,30090,36444
752198,58902,30108,36445
752218,58966,30108,36446
752238,58932,30106,36447
752258,58942,30094,36448
752278,58913,30308,36449
752298,58877,30130,36450
752318,58928,30205,36451
752338,58970,30259,36452
752358,58903,30263,36453
752378,58970,30149,36454
752398,59338,30163,36455
752418,59373,30267,36456
752438,59390,30212,36457
752458,59338,30308,36458
752478,59366,30308,36459
752498,59470,30270,36460
752518,59398,30359,36461
752538,59457,30358,36462
752558,59463,30246,36463
752578,59502,30204,36464
752598,59398,30397,36465
752618,59319,30375,36466
752638,59417,30186,36467
752658,59449,30303,36468
752678,59379,30251,36469
752698,59429,30286,36470
752718,59363,30439,36471
752738,59435,30370,36472
752758,59389,30454,36473
752778,59395,30502,36474
752798,59408,30527,36475
752818,59394,30558,36476
752838,59431,30426,36477
752858,59428,30513,36478
752878,59440,30375,36479
752898,60367,30516,36480
752918,60418,30492,36481
752938,60385,30462,36482
752958,60370,30526,36483
752978,60304,30564,36484
752998,60357,30582,36485
753018,60367,30572,36486
753038,60398,30561,36487
753058,60273,30517,36488
753078,60327,30505,36489
753098,60397,30516,36490
753118,60330,30606,36491
753138,60349,30545,36492
753158,60348,30596,36493
753178,60363,30525,36494
753198,60377,30701,36495
753218,60351,30481,36496
753238,60355,30483,36497
753258,60326,30601,36498
753278,60305,30612,36499
753298,60370,30618,36500
753318,60378,30541,36501
753338,60365,30643,36502
753358,60331,30641,36503
753378,60408,30638,36504
753398,60741,30425,36505
753418,60806,30536,36506
753438,60764,30467,36507
753458,60719,30683,36508
753478,60766,30747,36509
753498,60754,30608,36510
753518,60777,30570,36511
753538,60809,30671,36512
753558,60703,30622,36513
753578,60757,30735,36514
753598,60759,30626,36515
753618,60757,30673,36516
753638,60795,30694,36517
753658,60755,30632,36518
753678,60808,30814,36519
753698,60777,30749,36520
753718,60757,30689,36521
753738,60789,30754,36522
753758,60732,30525,36523
753778,60774,30579,36524
753798,60797,30430,36525
753818,60775,30427,36526
753838,60803,30497,36527
753858,60796,30516,36528
753878,60853,30402,36529
753898,61214,30492,36530
753918,61238,30716,36531
753938,61212,30653,36532
753958,61169,30751,36533
753978,61223,30701,36534
753998,61202,30728,36535
754018,61217,30725,36536
754038,61206,30647,36537
754058,61224,30527,36538
754078,61224,30554,36539
754098,61192,30646,36540
754118,61184,30767,36541
754138,61218,30715,36542
754158,61231,30757,36543
754178,61255,30802,36544
754198,61197,30801,36545
754218,61214,30821,36546
754238,61191,30903,36547
754258,61198,30853,36548
754278,61249,30749,36549
754298,61205,30834,36550
754318,61167,30873,36551
754338,61252,30870,36552
754358,61204,30923,36553
754378,61328,30918,36554
754398,61983,30939,36555
754418,62018,31026,36556
754438,62018,30914,36557
754458,62066,31084,36558
754478,62014,30894,36559
754498,61999,30948,36560
754518,62014,30947,36561
754538,62041,30960,36562
754558,62035,30954,36563
754578,62057,30891,36564
754598,62013,30887,36565
754618,62003,30969,36566
754638,61991,31072,36567
754658,62027,30997,36568
754678,62082,30977,36569
754698,62051,30962,36570
754718,62014,31029,36571
754738,61976,30991,36572
754758,62031,31141,36573
754778,61964,31063,36574
754798,62031,31033,36575
754818,62021,31058,36576
754838,62000,31091,36577
754858,62045,31043,36578
754878,62074,31077,36579
754898,62406,31170,36580
754918,62394,31078,36581
754938,62401,31075,36582
754958,62391,31047,36583
754978,62387,31017,36584
754998,62400,31206,36585
755018,62362,31225,36586
755038,62312,31121,36587
755058,62410,31031,36588
755078,62409,31071,36589
755098,62434,31104,36590
755118,62404,31103,36591
755138,62399,30951,36592
755158,62430,31021,36593
755178,62342,31141,36594
755198,62344,31006,36595
755218,62373,30951,36596
755238,62364,30961,36597
755258,62428,31108,36598
755278,62318,31165,36599
755298,62441,31127,36600
755318,62384,31241,36601
755338,62362,31138,36602
755358,62404,31161,36603
755378,62435,31105,36604
755398,62772,31278,36605
755418,62731,31276,36606
755438,62713,31378,36607
755458,62686,31300,36608
755478,62700,31290,36609
755498,62790,31271,36610
755518,62723,31178,36611
755538,62740,31287,36612
755558,62668,31268,36613
755578,62769,31363,36614
755598,62686,31130,36615
755618,62736,31209,36616
755638,62757,31274,36617
755658,62723,31238,36618
755678,62714,31222,36619
755698,62683,31266,36620
755718,62701,31240,36621
755738,62714,31237,36622
755758,62756,31290,36623
755778,62728,31295,36624
755798,62799,31225,36625
755818,62735,31328,36626
755838,62754,31222,36627
755858,62760,31298,36628
755878,62736,31292,36629
755898,63035,31181,36630
755918,63119,31360,36631
755938,63087,31346,36632
755958,63071,31530,36633
755978,63080,31460,36634
755998,63038,31338,36635
756018,63076,31300,36636
756038,63029,31314,36637
756058,63041,31432,36638
756078,63082,31382,36639
756098,63025,31383,36640
756118,62999,31470,36641
756138,63059,31400,36642
756158,63085,31449,36643
756178,63124,31442,36644
756198,63054,31413,36645
756218,63012,31399,36646
756238,63088,31318,36647
756258,63072,31381,36648
756278,63060,31385,36649
756298,63086,31431,36650
756318,63062,31510,36651
756338,63052,31591,36652
756358,63045,31602,36653
756378,63073,31424,36654
756398,63693,31566,36655
756418,63742,31542,36656
756438,63697,31594,36657
756458,63711,31534,36658
756478,63678,31649,36659
756498,63688,31615,36660
756518,63729,31668,36661
756538,63684,31605,36662
756558,63757,31633,36663
756578,63674,31629,36664
756598,63722,31689,36665
756618,63687,31585,36666
756638,63670,31648,36667
756658,63693,31657,36668
756678,63661,31614,36669
756698,63720,31740,36670
756718,63716,31672,36671
756738,63699,31650,36672
756758,63674,31578,36673
756778,63728,31680,36674
756798,63682,31676,36675
756818,63637,31773,36676
756838,63678,31733,36677
756858,63752,31727,36678
756878,63718,31711,36679
756898,63992,31716,36680
756918,63976,31664,36681
756938,63979,31691,36682
756958,63957,31625,36683
756978,63963,31619,36684
756998,63960,31807,36685
757018,63946,31739,36686
757038,63970,31762,36687
757058,63970,31688,36688
757078,63982,31753,36689
757098,63967,31731,36690
757118,64006,31729,36691
757138,63974,31776,36692
757158,63998,31745,36693
757178,63990,31765,36694
757198,64016,31810,36695
757218,63980,31817,36696
757238,64017,31720,36697
757258,63981,31774,36698
757278,63969,31697,36699
757298,63963,31753,36700
757318,63962,31868,36701
757338,63936,31776,36702
757358,63983,31822,36703
757378,63968,31822,36704
757398,64246,31823,36705
757418,64256,31906,36706
757438,64260,31716,36707
757458,64258,31769,36708
757478,64200,31811,36709
757498,64220,31783,36710
757518,64219,31883,36711
757538,64234,31837,36712
757558,64205,31789,36713
757578,64227,31899,36714
757598,64214,31897,36715
757618,64231,31909,36716
757638,64241,31917,36717
757658,64238,31828,36718
757678,64193,31813,36719
757698,64257,31689,36720
757718,64275,31836,36721
757738,64246,31831,36722
757758,64267,31838,36723
757778,64217,31957,36724
757798,64225,31855,36725
757818,64187,31861,36726
757838,64227,31793,36727
757858,64203,31773,36728
757878,64247,31907,36729
757898,64486,31955,36730
757918,64425,32030,36731
757938,64442,31993,36732
757958,64488,31947,36733
757978,64464,32090,36734
757998,64433,31966,36735
758018,64428,32066,36736
758038,64447,32062,36737
758058,64457,32142,36738
758078,64434,32142,36739
758098,64487,32104,36740
758118,64442,32026,36741
758138,64440,32113,36742
758158,64453,32087,36743
758178,64487,32116,36744
758198,64406,32194,36745
758218,64437,32155,36746
758238,64479,32104,36747
758258,64485,32158,36748
758278,64454,32169,36749
758298,64444,32113,36750
758318,64499,32134,36751
758338,64476,32149,36752
758358,64396,32187,36753
758378,64455,32198,36754
758398,64855,32222,36755
758418,64845,32162,36756
758438,64866,32206,36757
758458,64873,32211,36758
758478,64875,32148,36759
758498,64842,32141,36760
758518,64890,32233,36761
758538,64871,32270,36762
758558,64855,32266,36763
758578,64891,32226,36764
758598,64873,32257,36765
758618,64848,32209,36766
758638,64854,32280,36767
758658,64852,32204,36768
758678,64869,32144,36769
758698,64902,32163,36770
758718,64925,32145,36771
758738,64878,32202,36772
758758,64891,32249,36773
758778,64867,32241,36774
758798,64861,32216,36775
758818,64912,32308,36776
758838,64862,32159,36777
758858,64841,32312,36778
758878,64861,32264,36779
758898,65027,32401,36780
758918,64988,32330,36781
758938,65078,32398,36782
758958,65034,32342,36783
758978,65022,32329,36784
758998,65062,32283,36785
759018,65055,32309,36786
759038,65041,32419,36787
759058,65017,32312,36788
759078,65032,32314,36789
759098,65029,32408,36790
759118,65024,32430,36791
759138,65012,32359,36792
759158,65061,32272,36793
759178,65046,32239,36794
759198,65056,32269,36795
759218,65060,32329,36796
759238,65019,32388,36797
759258,65066,32321,36798
759278,65040,32358,36799
759298,65042,32432,36800
759318,65018,32448,36801
759338,65023,32343,36802
759358,65040,32381,36803
759378,65009,32348,36804
759398,65155,32406,36805
759418,65140,32379,36806
759438,65119,32370,36807
759458,65116,32331,36808
759478,65128,32352,36809
759498,65135,32495,36810
759518,65153,32472,36811
759538,65097,32451,36812
759558,65154,32504,36813
759578,65126,32515,36814
759598,65138,32554,36815
759618,65119,32515,36816
759638,65134,32404,36817
759658,65144,32485,36818
759678,65105,32550,36819
759698,65150,32584,36820
759718,65154,32592,36821
759738,65154,32565,36822
759758,65119,32595,36823
759778,65170,32590,36824
759798,65161,32420,36825
759818,65083,32537,36826
759838,65156,32319,36827
759858,65155,32511,36828
759878,65153,32574,36829
759898,65162,32551,36830
759918,65144,32611,36831
759938,65119,32486,36832
759958,65120,32611,36833
759978,65134,32668,36834
759998,65112,32687,36835
760018,65128,32621,36836
760038,65158,32627,36837
760058,65122,32609,36838
760078,65107,32649,36839
760098,65153,32686,36840
760118,65126,32730,36841
760138,65138,32663,36842
760158,65161,32766,36843
760178,65138,32727,36844
760198,65156,32635,36845
760218,65168,32643,36846
760238,65136,32719,36847
760258,65116,32698,36848
760278,65142,32761,36849
760298,65110,32793,36850
760318,65126,32779,36851
760338,65143,32756,36852
760358,65176,32771,36853
760378,65139,32782,36854
760398,65110,32718,36855
760418,65079,32715,36856
760438,65112,32662,36857
760458,65141,32668,36858
760478,65122,32764,36859
760498,65149,32712,36860
760518,65145,32789,36861
760538,65176,32842,36862
760558,65170,32792,36863
760578,65155,32834,36864
760598,65154,32736,36865
760618,65117,32743,36866
760638,65144,32782,36867
760658,65152,32767,36868
760678,65144,32829,36869
760698,65101,32772,36870
760718,65143,32763,36871
760738,65140,32691,36872
760758,65154,32727,36873
760778,65129,32678,36874
760798,65129,32673,36875
760818,65147,32665,36876
760838,65143,32838,36877
760858,65114,32847,36878
760878,65153,32882,36879
760898,65129,32793,36880
760918,65143,32788,36881
760938,65121,32977,36882
760958,65139,32864,36883
760978,65140,32873,36884
760998,65137,32869,36885
761018,65155,32943,36886
761038,65147,32948,36887
761058,65147,32911,36888
761078,65156,32953,36889
761098,65157,32878,36890
761118,65150,32953,36891
761138,65137,32892,36892
761158,65141,32930,36893
761178,65142,33002,36894
761198,65135,32986,36895
761218,65149,33044,36896
761238,65162,33036,36897
761258,65121,33010,36898
761278,65130,32924,36899
761298,65133,32997,36900
761318,65104,32997,36901
761338,65137,32979,36902
761358,65146,32930,36903
761378,65133,32981,36904
761398,65132,33096,36905
761418,65129,33135,36906
761438,65150,33128,36907
761458,65177,33117,36908
761478,65166,33129,36909
761498,65135,33184,36910
761518,65119,33118,36911
761538,65177,33119,36912
761558,65122,33190,36913
761578,65123,33159,36914
761598,65133,33211,36915
761618,65138,33219,36916
761638,65133,33247,36917
761658,65145,33228,36918
761678,65116,33158,36919
761698,65128,33172,36920
761718,65176,33189,36921
761738,65133,33186,36922
761758,65164,33257,36923
761778,65143,33255,36924
761798,65143,33275,36925
761818,65137,33245,36926
761838,65119,33188,36927
761858,65131,33197,36928
761878,65128,33242,36929
761898,65122,33261,36930
761918,65139,33292,36931
761938,65113,33270,36932
761958,65132,33302,36933
761978,65110,33293,36934
761998,65156,33342,36935
762018,65133,33317,36936
762038,65154,33268,36937
762058,65161,33338,36938
762078,65177,33333,36939
762098,65167,33433,36940
762118,65134,33376,36941
762138,65141,33346,36942
762158,65139,33305,36943
762178,65119,33331,36944
762198,65149,33424,36945
762218,65114,33394,36946
762238,65136,33289,36947
762258,65171,33390,36948
762278,65127,33333,36949
762298,65146,33339,36950
762318,65119,33308,36951
762338,65172,33378,36952
762358,65130,33390,36953
762378,65156,33457,36954
762398,65127,33467,36955
762418,65139,33564,36956
762438,65124,33356,36957
762458,65137,33423,36958
762478,65154,33380,36959
762498,65165,33341,36960
762518,65146,33333,36961
762538,65148,33474,36962
762558,65171,33491,36963
762578,65122,33316,36964
762598,65175,33350,36965
762618,65145,33337,36966
762638,65125,33370,36967
762658,65125,33480,36968
762678,65135,33438,36969
762698,65125,33364,36970
762718,65137,33400,36971
762738,65144,33476,36972
762758,65146,33521,36973
762778,65145,33500,36974
762798,65143,33511,36975
762818,65174,33448,36976
762838,65135,33490,36977
762858,65144,33473,36978
762878,65101,33561,36979
762898,65136,33536,36980
762918,65148,33530,36981
762938,65115,33435,36982
762958,65083,33457,36983
762978,65145,33430,36984
762998,65139,33261,36985
763018,65171,33253,36986
763038,65145,33333,36987
763058,65122,33459,36988
763078,65121,33437,36989
763098,65152,33348,36990
763118,65140,33477,36991
763138,65122,33588,36992
763158,65133,33634,36993
763178,65142,33326,36994
763198,65130,33276,36995
763218,65089,33374,36996
763238,65117,33376,36997
763258,65147,33370,36998
763278,65149,33358,36999
763298,65133,33431,37000
763318,65132,33543,37001
763338,65127,33549,37002
763358,65122,33429,37003
763378,65157,33412,37004
763398,65150,33388,37005
763418,65146,33480,37006
763438,65154,33587,37007
763458,65138,33660,37008
763478,65143,33654,37009
763498,65140,33609,37010
763518,65159,33656,37011
763538,65151,33686,37012
763558,65103,33687,37013
763578,65127,33617,37014
763598,65132,33642,37015
763618,65166,33645,37016
763638,65175,33657,37017
763658,65141,33596,37018
763678,65128,33616,37019
763698,65127,33599,37020
763718,65123,33650,37021
763738,65146,33631,37022
763758,65158,33628,37023
763778,65136,33703,37024
763798,65135,33741,37025
763818,65145,33751,37026
763838,65115,33769,37027
763858,65119,33780,37028
763878,65104,33742,37029
763898,65119,33788,37030
763918,65139,33747,37031
763938,65147,33780,37032
763958,65148,33722,37033
763978,65144,33725,37034
763998,65110,33743,37035
764018,65186,33748,37036
764038,65156,33845,37037
764058,65128,33881,37038
764078,65127,33849,37039
764098,65146,33872,37040
764118,65141,33767,37041
764138,65104,33785,37042
764158,65147,33773,37043
764178,65128,33808,37044
764198,65130,33943,37045
764218,65122,33951,37046
764238,65114,34009,37047
764258,65138,33980,37048
764278,65170,33886,37049
764298,65167,33928,37050
764318,65130,33904,37051
764338,65123,33924,37052
764358,65119,33891,37053
764378,65187,33859,37054
764398,65131,33843,37055
764418,65160,33890,37056
764438,65175,33902,37057
764458,65191,33911,37058
764478,65142,33968,37059
764498,65115,33948,37060
764518,65124,33910,37061
764538,65108,33932,37062
764558,65157,33961,37063
764578,65131,33889,37064
764598,65154,33952,37065
764618,65175,33946,37066
764638,65169,33928,37067
764658,65142,33946,37068
764678,65136,34020,37069
764698,65122,33960,37070
764718,65127,34021,37071
764738,65156,34053,37072
764758,65130,34076,37073
764778,65107,34093,37074
764798,65134,34040,37075
764818,65123,33960,37076
764838,65152,34029,37077
764858,65126,33978,37078
764878,65137,33937,37079
764898,65165,33864,37080
764918,65155,33988,37081
764938,65163,34033,37082
764958,65142,34087,37083
764978,65121,34139,37084
764998,65162,34169,37085
765018,65141,34155,37086
765038,65154,34212,37087
765058,65115,34271,37088
765078,65128,34190,37089
765098,65140,34066,37090
765118,65167,34090,37091
765138,65167,34136,37092
765158,65178,34095,37093
765178,65177,34123,37094
765198,65094,34160,37095
765218,65132,34169,37096
765238,65146,34166,37097
765258,65147,34174,37098
765278,65156,34100,37099
765298,65143,34087,37100
765318,65141,34151,37101
765338,65154,34183,37102
765358,65127,34096,37103
765378,65128,34129,37104
765398,65149,34092,37105
765418,65151,34153,37106
765438,65156,34132,37107
765458,65159,34069,37108
765478,65184,34171,37109
765498,65158,34173,37110
765518,65133,34289,37111
765538,65144,34323,37112
765558,65127,34290,37113
765578,65183,34268,37114
765598,65129,34340,37115
765618,65107,34301,37116
765638,65109,34225,37117
765658,65149,34276,37118
765678,65180,34170,37119
765698,65148,34236,37120
765718,65143,34287,37121
765738,65170,34387,37122
765758,65146,34381,37123
765778,65143,34327,37124
765798,65145,34333,37125
765818,65135,34356,37126
765838,65131,34363,37127
765858,65128,34370,37128
765878,65103,34310,37129
765898,65146,34377,37130
765918,65134,34333,37131
765938,65036,34325,37132
765958,65008,34316,37133
765978,65025,34231,37134
765998,65016,34293,37135
766018,65029,34375,37136
766038,65002,34375,37137
766058,65037,34415,37138
766078,65062,34437,37139
766098,65057,34475,37140
766118,65061,34430,37141
766138,65030,34400,37142
766158,65061,34376,37143
766178,65043,34404,37144
766198,65048,34468,37145
766218,65039,34462,37146
766238,65057,34407,37147
766258,65019,34431,37148
766278,65030,34424,37149
766298,65049,34519,37150
766318,65027,34496,37151
766338,65040,34562,37152
766358,65035,34442,37153
766378,65029,34564,37154
766398,64870,34548,37155
766418,64877,34477,37156
766438,64854,34585,37157
766458,64855,34537,37158
766478,64839,34633,37159
766498,64876,34580,37160
766518,64853,34557,37161
766538,64870,34633,37162
766558,64902,34570,37163
766578,64891,34513,37164
766598,64857,34591,37165
766618,64879,34623,37166
766638,64838,34508,37167
766658,64859,34527,37168
766678,64859,34630,37169
766698,64885,34638,37170
766718,64877,34630,37171
766738,64912,34541,37172
766758,64875,34529,37173
766778,64865,34682,37174
766798,64876,34700,37175
766818,64855,34600,37176
766838,64876,34564,37177
766858,64873,34653,37178
766878,64896,34601,37179
766898,64464,34636,37180
766918,64445,34637,37181
766938,64462,34630,37182
766958,64464,34679,37183
766978,64468,34749,37184
766998,64498,34679,37185
767018,64473,34693,37186
767038,64463,34719,37187
767058,64490,34737,37188
767078,64460,34644,37189
767098,64463,34549,37190
767118,64489,34562,37191
767138,64450,34666,37192
767158,64470,34800,37193
767178,64470,34707,37194
767198,64453,34690,37195
767218,64454,34677,37196
767238,64457,34644,37197
767258,64436,34464,37198
767278,64451,34631,37199
767298,64484,34678,37200
767318,64473,34576,37201
767338,64464,34645,37202
767358,64466,34640,37203
767378,64454,34497,37204
767398,64231,34609,37205
767418,64227,34585,37206
767438,64256,34638,37207
767458,64229,34857,37208
767478,64251,34854,37209
767498,64201,34652,37210
767518,64232,34741,37211
767538,64222,34906,37212
767558,64225,34999,37213
767578,64271,34791,37214
767598,64257,34662,37215
767618,64235,34607,37216
767638,64243,34693,37217
767658,64254,34738,37218
767678,64256,34734,37219
767698,64249,34891,37220
767718,64216,34981,37221
767738,64228,34933,37222
767758,64224,34918,37223
767778,64207,34859,37224
767798,64220,34889,37225
767818,64229,34938,37226
767838,64238,34989,37227
767858,64204,35103,37228
767878,64221,34884,37229
767898,63977,34922,37230
767918,63989,34852,37231
767938,63970,34908,37232
767958,63974,34854,37233
767978,63972,34713,37234
767998,63967,34859,37235
768018,63950,34874,37236
768038,63963,34846,37237
768058,63976,34880,37238
768078,63998,34962,37239
768098,63987,34982,37240
768118,63999,34979,37241
768138,64000,35038,37242
768158,63983,35035,37243
768178,63982,35109,37244
768198,63958,35111,37245
768218,63961,35130,37246
768238,63968,35079,37247
768258,63974,35034,37248
768278,63977,34997,37249
768298,64001,34988,37250
768318,64018,34937,37251
768338,63998,35006,37252
768358,63983,35059,37253
768378,63975,35156,37254
768398,63676,35179,37255
768418,63709,35219,37256
768438,63710,35142,37257
768458,63674,35257,37258
768478,63695,35230,37259
768498,63701,35203,37260
768518,63645,35249,37261
768538,63726,35203,37262
768558,63714,35182,37263
768578,63749,35330,37264
768598,63679,35247,37265
768618,63702,35251,37266
768638,63704,35188,37267
768658,63684,35109,37268
768678,63661,35261,37269
768698,63670,35183,37270
768718,63701,35205,37271
768738,63716,35241,37272
768758,63711,35219,37273
768778,63691,35285,37274
768798,63669,35234,37275
768818,63695,35227,37276
768838,63693,35134,37277
768858,63686,35187,37278
768878,63696,35243,37279
768898,63069,35236,37280
768918,63087,35280,37281
768938,63078,35177,37282
768958,63058,35237,37283
768978,63045,35372,37284
768998,63048,35238,37285
769018,63048,35394,37286
769038,63040,35276,37287
769058,63052,35296,37288
769078,63095,35388,37289
769098,63065,35319,37290
769118,63063,35241,37291
769138,63089,35074,37292
769158,63053,35123,37293
769178,63105,35277,37294
769198,63098,35244,37295
769218,63077,35350,37296
769238,63095,35261,37297
769258,63067,35369,37298
769278,63052,35293,37299
769298,63023,35299,37300
769318,63064,35315,37301
769338,63034,35301,37302
769358,63056,35328,37303
769378,63060,35282,37304
769398,62778,35184,37305
769418,62706,35163,37306
769438,62739,35274,37307
769458,62746,35325,37308
769478,62733,35191,37309
769498,62760,35415,37310
769518,62732,35391,37311
769538,62702,35385,37312
769558,62722,35402,37313
769578,62744,35451,37314
769598,62743,35330,37315
769618,62731,35442,37316
769638,62766,35393,37317
769658,62741,35304,37318
769678,62776,35138,37319
769698,62709,35240,37320
769718,62747,35219,37321
769738,62724,35541,37322
769758,62710,35504,37323
769778,62744,35548,37324
769798,62749,35629,37325
769818,62719,35526,37326
769838,62717,35601,37327
769858,62773,35545,37328
769878,62787,35453,37329
769898,62554,35492,37330
769918,62416,35588,37331
769938,62403,35694,37332
769958,62354,35630,37333
769978,62395,35334,37334
769998,62394,35501,37335
770018,62375,35519,37336
770038,62402,35480,37337
770058,62350,35365,37338
770078,62402,35334,37339
770098,62366,35491,37340
770118,62428,35540,37341
770138,62415,35643,37342
770158,62378,35589,37343
770178,62427,35637,37344
770198,62350,35616,37345
770218,62376,35650,37346
770238,62404,35597,37347
770258,62391,35572,37348
770278,62416,35555,37349
770298,62418,35591,37350
770318,62399,35647,37351
770338,62438,35669,37352
770358,62402,35666,37353
770378,62387,35521,37354
770398,62047,35667,37355
770418,62000,35637,37356
770438,61986,35640,37357
770458,62039,35588,37358
770478,61986,35588,37359
770498,62066,35586,37360
770518,62009,35725,37361
770538,62057,35778,37362
770558,62001,35825,37363
770578,62029,35771,37364
770598,62001,35826,37365
770618,62020,35849,37366
770638,62032,35801,37367
770658,62027,35686,37368
770678,62027,35809,37369
770698,62011,35748,37370
770718,62006,35837,37371
770738,62014,35755,37372
770758,62024,35788,37373
770778,61993,35733,37374
770798,62035,35690,37375
770818,62071,35705,37376
770838,62031,35731,37377
770858,62005,35743,37378
770878,62037,35687,37379
770898,61193,35791,37380
770918,61209,35882,37381
770938,61177,35798,37382
770958,61260,35802,37383
770978,61210,35774,37384
770998,61210,35858,37385
771018,61178,35754,37386
771038,61196,35668,37387
771058,61240,35792,37388
771078,61238,35792,37389
771098,61208,35790,37390
771118,61267,35862,37391
771138,61231,35792,37392
771158,61182,35837,37393
771178,61196,35834,37394
771198,61220,35743,37395
771218,61195,35779,37396
771238,61241,35649,37397
771258,61215,35723,37398
771278,61215,35717,37399
771298,61238,35748,37400
771318,61225,35794,37401
771338,61238,35692,37402
771358,61224,35720,37403
771378,61188,35681,37404
771398,60749,35687,37405
771418,60746,35695,37406
771438,60811,35711,37407
771458,60760,35787,37408
771478,60747,35698,37409
771498,60796,35751,37410
771518,60800,35666,37411
771538,60758,35595,37412
771558,60795,35854,37413
771578,60818,35806,37414
771598,60722,35975,37415
771618,60761,35788,37416
771638,60750,35829,37417
771658,60702,35929,37418
771678,60757,36008,37419
771698,60774,36006,37420
771718,60817,35873,37421
771738,60754,35829,37422
771758,60813,35687,37423
771778,60830,35614,37424
771798,60753,35779,37425
771818,60741,35721,37426
771838,60752,35885,37427
771858,60805,35977,37428
771878,60760,35918,37429
771898,60329,36103,37430
771918,60317,36022,37431
771938,60325,36114,37432
771958,60369,36095,37433
771978,60343,36085,37434
771998,60376,36089,37435
772018,60383,36064,37436
772038,60370,36116,37437
772058,60362,35912,37438
772078,60314,35891,37439
772098,60358,36009,37440
772118,60313,35888,37441
772138,60379,35929,37442
772158,60350,35841,37443
772178,60349,35991,37444
772198,60406,36021,37445
772218,60373,36013,37446
772238,60381,36215,37447
772258,60356,36012,37448
772278,60336,36056,37449
772298,60321,36114,37450
772318,60336,36093,37451
772338,60301,36106,37452
772358,60351,36088,37453
772378,60348,36143,37454
772398,59421,36196,37455
772418,59440,36212,37456
772438,59370,36216,37457
772458,59401,36136,37458
772478,59448,36071,37459
772498,59432,36055,37460
772518,59427,36185,37461
772538,59422,36100,37462
772558,59382,36055,37463
772578,59423,36174,37464
772598,59355,36151,37465
772618,59436,36232,37466
772638,59427,36385,37467
772658,59388,36313,37468
772678,59395,36282,37469
772698,59462,36199,37470
772718,59437,36333,37471
772738,59467,36277,37472
772758,59330,36260,37473
772778,59366,36267,37474
772798,59385,36220,37475
772818,59463,36255,37476
772838,59436,36236,37477
772858,59445,36192,37478
772878,59407,36144,37479
772898,58906,36167,37480
772918,58905,36360,37481
772938,58898,36195,37482
772958,58905,36227,37483
772978,58893,36157,37484
772998,58916,36166,37485
773018,58962,36265,37486
773038,58935,36238,37487
773058,58895,36242,37488
773078,58915,36269,37489
773098,58936,36264,37490
773118,58895,36308,37491
773138,58898,36182,37492
773158,58901,36131,37493
773178,58895,36270,37494
773198,58902,36235,37495
773218,58873,36320,37496
773238,58929,36283,37497
773258,58896,36325,37498
773278,58904,36259,37499
773298,58961,36249,37500
773318,58921,36241,37501
773338,58950,36246,37502
773358,58938,36311,37503
773378,58946,36398,37504
773398,58432,36346,37505
773418,58438,36192,37506
773438,58426,36110,37507
773458,58410,36405,37508
773478,58387,36285,37509
773498,58384,36203,37510
773518,58428,36317,37511
773538,58399,36126,37512
773558,58398,36106,37513
773578,58414,36249,37514
773598,58410,36283,37515
773618,58401,36162,37516
773638,58418,36339,37517
773658,58370,36276,37518
773678,58383,36489,37519
773698,58324,36566,37520
773718,58416,36340,37521
773738,58432,36211,37522
773758,58422,36372,37523
773778,58427,36467,37524
773798,58401,36469,37525
773818,58442,36255,37526
773838,58414,36255,37527
773858,58396,36096,37528
773878,58481,36269,37529
773898,57933,36139,37530
773918,57880,36377,37531
773938,57901,36515,37532
773958,57910,36530,37533
773978,57913,36520,37534
773998,57927,36403,37535
774018,57931,36520,37536
774038,57904,36466,37537
774058,57940,36506,37538
774078,57888,36440,37539
774098,57940,36564,37540
774118,57954,36455,37541
774138,57920,36499,37542
774158,57892,36432,37543
774178,57890,36458,37544
774198,57907,36315,37545
774218,57930,36176,37546
774238,57892,36414,37547
774258,57917,36501,37548
774278,57898,36532,37549
774298,57916,36390,37550
774318,57997,36500,37551
774338,57908,36519,37552
774358,57864,36384,37553
774378,57954,36490,37554
774398,56831,36413,37555
774418,56836,36484,37556
774438,56838,36633,37557
774458,56848,36556,37558
774478,56885,36598,37559
774498,56777,36640,37560
774518,56845,36570,37561
774538,56792,36507,37562
774558,56832,36375,37563
774578,56867,36433,37564
774598,56760,36503,37565
774618,56808,36595,37566
774638,56770,36620,37567
774658,56758,36696,37568
774678,56822,36621,37569
774698,56794,36627,37570
774718,56796,36684,37571
774738,56814,36744,37572
774758,56817,36679,37573
774778,56826,36592,37574
774798,56855,36524,37575
774818,56809,36629,37576
774838,56800,36747,37577
774858,56792,36674,37578
774878,56777,36648,37579
774898,56330,36663,37580
774918,56206,36586,37581
774938,56250,36605,37582
774958,56242,36667,37583
774978,56241,36624,37584
774998,56277,36632,37585
775018,56264,36648,37586
775038,56218,36670,37587
775058,56255,36593,37588
775078,56245,36589,37589
775098,56261,36681,37590
775118,56298,36705,37591
775138,56256,36556,37592
775158,56236,36667,37593
775178,56274,36500,37594
775198,56215,36565,37595
775218,56306,36545,37596
775238,56239,36588,37597
775258,56240,36571,37598
775278,56269,36693,37599
775298,56232,36614,37600
775318,56256,36664,37601
775338,56234,36639,37602
775358,56189,36694,37603
775378,56268,36784,37604
775398,56109,36819,37605
775418,55692,36803,37606
775438,55672,36674,37607
775458,55701,36576,37608
775478,55663,36534,37609
775498,55621,36599,37610
775518,55693,36644,37611
775538,55640,36716,37612
775558,55644,36715,37613
775578,55678,36783,37614
775598,55643,36882,37615
775618,55704,36753,37616
775638,55648,36751,37617
775658,55688,36582,37618
775678,55694,36689,37619
775698,55704,36715,37620
775718,55605,36686,37621
775738,55738,36629,37622
775758,55681,36482,37623
775778,55686,36576,37624
775798,55692,36587,37625
775818,55652,36778,37626
775838,55669,36704,37627
775858,55709,36578,37628
775878,55686,36806,37629
775898,54654,36609,37630
775918,54483,36656,37631
775938,54395,36701,37632
775958,54439,36846,37633
775978,54429,36787,37634
775998,54438,36666,37635
776018,54487,36532,37636
776038,54475,36650,37637
776058,54486,36610,37638
776078,54459,36662,37639
776098,54414,36792,37640
776118,54448,36725,37641
776138,54464,36839,37642
776158,54442,36869,37643
776178,54444,36981,37644
776198,54434,36803,37645
776218,54481,36796,37646
776238,54482,36819,37647
776258,54450,36835,37648
776278,54461,36807,37649
776298,54475,36742,37650
776318,54438,36842,37651
776338,54470,36762,37652
776358,54465,36766,37653
776378,54454,36744,37654
776398,53933,36821,37655
776418,53821,36912,37656
776438,53840,36908,37657
776458,53856,36880,37658
776478,53844,36915,37659
776498,53775,36847,37660
776518,53889,36953,37661
776538,53906,36835,37662
776558,53850,36833,37663
776578,53809,36858,37664
776598,53851,36858,37665
776618,53846,36928,37666
776638,53827,37046,37667
776658,53850,37007,37668
776678,53855,36927,37669
776698,53909,36869,37670
776718,53830,36856,37671
776738,53895,36884,37672
776758,53785,36958,37673
776778,53842,36837,37674
776798,53855,36883,37675
776818,53817,36955,37676
776838,53806,36986,37677
776858,53853,37068,37678
776878,53761,37052,37679
776898,53278,36976,37680
776918,53138,37080,37681
776938,53152,36977,37682
776958,53161,37146,37683
776978,53263,37053,37684
776998,53149,37124,37685
777018,53098,37045,37686
777038,53163,37024,37687
777058,53169,36934,37688
777078,53138,36853,37689
777098,53218,37149,37690
777118,53124,36931,37691
777138,53229,37004,37692
777158,53186,36924,37693
777178,53222,36932,37694
777198,53178,36958,37695
777218,53161,36986,37696
777238,53192,36916,37697
777258,53192,36997,37698
777278,53203,36922,37699
777298,53214,36984,37700
777318,53185,36934,37701
777338,53232,36957,37702
777358,53162,36997,37703
777378,53202,36935,37704
777398,52674,36961,37705
777418,52519,37007,37706
777438,52504,37022,37707
777458,52547,36868,37708
777478,52575,36877,37709
777498,52518,36986,37710
777518,52505,36996,37711
777538,52505,37003,37712
777558,52535,37039,37713
777578,52539,37036,37714
777598,52608,37107,37715
777618,52573,36973,37716
777638,52475,36932,37717
777658,52518,36903,37718
777678,52493,37140,37719
777698,52559,37169,37720
777718,52517,37122,37721
777738,52490,37058,37722
777758,52575,37001,37723
777778,52556,36942,37724
777798,52585,36980,37725
777818,52554,36917,37726
777838,52542,36829,37727
777858,52523,37016,37728
777878,52509,37022,37729
777898,51517,36894,37730
777918,51187,37099,37731
777938,51221,37150,37732
777958,51276,37132,37733
777978,51182,37027,37734
777998,51194,36940,37735
778018,51284,37046,37736
778038,51213,37152,37737
778058,51204,37109,37738
778078,51200,37077,37739
778098,51220,37082,37740
778118,51171,37141,37741
778138,51193,37032,37742
778158,51263,36957,37743
778178,51261,36928,37744
778198,51294,36943,37745
778218,51215,37133,37746
778238,51241,37144,37747
778258,51218,37100,37748
778278,51171,37125,37749
778298,51224,37169,37750
778318,51161,37183,37751
778338,51217,37223,37752
778358,51203,37236,37753
778378,51209,37178,37754
778398,50754,37047,37755
778418,50584,37085,37756
778438,50556,37128,37757
778458,50476,37031,37758
778478,50502,36982,37759
778498,50532,36996,37760
778518,50501,36989,37761
778538,50530,37128,37762
778558,50512,37265,37763
778578,50495,37219,37764
778598,50517,37273,37765
778618,50500,37262,37766
778638,50497,37308,37767
778658,50466,37192,37768
778678,50575,37247,37769
778698,50478,37212,37770
778718,50521,37133,37771
778738,50537,37107,37772
778758,50534,37169,37773
778778,50567,37113,37774
778798,50552,37173,37775
778818,50540,37077,37776
778838,50535,37071,37777
778858,50533,37200,37778
778878,50516,37204,37779
778898,50058,37189,37780
778918,49832,37191,37781
778938,49814,37130,37782
778958,49895,37115,37783
778978,49859,37149,37784
778998,49820,37158,37785
779018,49845,37214,37786
779038,49830,37316,37787
779058,49864,37170,37788
779078,49878,37310,37789
779098,49842,37226,37790
779118,49825,37243,37791
779138,49847,37203,37792
779158,49883,37203,37793
779178,49823,37067,37794
779198,49805,37156,37795
779218,49813,37064,37796
779238,49825,37179,37797
779258,49846,37125,37798
779278,49895,37206,37799
779298,49848,37182,37800
779318,49872,37121,37801
779338,49854,37218,37802
779358,49858,37192,37803
779378,49840,37157,37804
779398,48951,37228,37805
779418,48477,37128,37806
779438,48433,37188,37807
779458,48448,37161,37808
779478,48484,37160,37809
779498,48457,37167,37810
779518,48508,37235,37811
779538,48427,37194,37812
779558,48458,37086,37813
779578,48452,37181,37814
779598,48454,37155,37815
779618,48432,37145,37816
779638,48511,37256,37817
779658,48430,37201,37818
779678,48421,37124,37819
779698,48445,37230,37820
779718,48459,37199,37821
779738,48423,37216,37822
779758,48456,37304,37823
779778,48453,37263,37824
779798,48465,37135,37825
779818,48465,37226,37826
779838,48444,37245,37827
779858,48435,37228,37828
779878,48432,37232,37829
779898,47981,37234,37830
779918,47659,37278,37831
779938,47733,37168,37832
779958,47721,37145,37833
779978,47732,37054,37834
779998,47703,37038,37835
780018,47725,36898,37836
780038,47686,36883,37837
780058,47732,36733,37838
780078,47726,36777,37839
780098,47743,36912,37840
780118,47697,36924,37841
780138,47750,36971,37842
780158,47785,36966,37843
780178,47743,37121,37844
780198,47745,37179,37845
780218,47713,37073,37846
780238,47693,37068,37847
780258,47748,37212,37848
780278,47701,37287,37849
780298,47706,37233,37850
780318,47741,37130,37851
780338,47719,37119,37852
780358,47703,37212,37853
780378,47732,37178,37854
780398,47362,37132,37855
780418,46955,37120,37856
780438,47025,37115,37857
780458,46993,37073,37858
780478,47051,37132,37859
780498,46968,37140,37860
780518,46964,37075,37861
780538,46963,37058,37862
780558,46945,37265,37863
780578,46948,37228,37864
780598,46969,37150,37865
780618,47017,37161,37866
780638,46956,37037,37867
780658,46984,37226,37868
780678,46999,37246,37869
780698,46961,37268,37870
780718,46953,37193,37871
780738,46980,37310,37872
780758,47003,37398,37873
780778,46968,37442,37874
780798,46946,37432,37875
780818,46976,37414,37876
780838,46977,37351,37877
780858,46943,37338,37878
780878,46973,37273,37879
780898,46963,37265,37880
780918,46222,37370,37881
780938,46264,37356,37882
780958,46216,37361,37883
780978,46222,37466,37884
780998,46252,37393,37885
781018,46265,37391,37886
781038,46247,37412,37887
781058,46281,37383,37888
781078,46285,37396,37889
781098,46229,37306,37890
781118,46267,37294,37891
781138,46267,37396,37892
781158,46255,37428,37893
781178,46252,37457,37894
781198,46228,37435,37895
781218,46240,37316,37896
781238,46220,37421,37897
781258,46224,37277,37898
781278,46225,37404,37899
781298,46198,37392,37900
781318,46235,37408,37901
781338,46255,37497,37902
781358,46244,37374,37903
781378,46247,37390,37904
781398,45485,37370,37905
781418,44745,37422,37906
781438,44738,37420,37907
781458,44746,37377,37908
781478,44724,37376,37909
781498,44709,37373,37910
781518,44725,37382,37911
781538,44748,37333,37912
781558,44733,37330,37913
781578,44730,37224,37914
781598,44740,37283,37915
781618,44719,37270,37916
781638,44720,37358,37917
781658,44700,37283,37918
781678,44739,37383,37919
781698,44699,37403,37920
781718,44719,37366,37921
781738,44763,37403,37922
781758,44763,37359,37923
781778,44730,37402,37924
781798,44727,37433,37925
781818,44729,37434,37926
781838,44742,37443,37927
781858,44722,37523,37928
781878,44722,37482,37929
781898,44370,37515,37930
781918,43971,37554,37931
781938,43975,37369,37932
781958,43983,37418,37933
781978,43964,37389,37934
781998,43983,37503,37935
782018,43979,37453,37936
782038,44012,37486,37937
782058,43978,37447,37938
782078,44004,37462,37939
782098,43979,37396,37940
782118,43993,37314,37941
782138,43981,37282,37942
782158,43985,37421,37943
782178,43999,37422,37944
782198,43987,37425,37945
782218,43977,37354,37946
782238,44008,37316,37947
782258,44042,37316,37948
782278,43990,37212,37949
782298,44009,37182,37950
782318,43982,37187,37951
782338,43969,37322,37952
782358,43985,37306,37953
782378,43984,37295,37954
782398,43646,37502,37955
782418,43244,37449,37956
782438,43257,37477,37957
782458,43261,37323,37958
782478,43220,37419,37959
782498,43250,37509,37960
782518,43246,37509,37961
782538,43221,37459,37962
782558,43248,37413,37963
782578,43206,37257,37964
782598,43244,37235,37965
782618,43279,37182,37966
782638,43234,37171,37967
782658,43293,37306,37968
782678,43253,37477,37969
782698,43252,37487,37970
782718,43290,37440,37971
782738,43233,37427,37972
782758,43232,37473,37973
782778,43234,37501,37974
782798,43239,37500,37975
782818,43241,37501,37976
782838,43237,37480,37977
782858,43250,37449,37978
782878,43232,37481,37979
782898,42931,37434,37980
782918,42460,37411,37981
782938,42452,37370,37982
782958,42440,37507,37983
782978,42430,37398,37984
782998,42418,37469,37985
783018,42439,37507,37986
783038,42426,37468,37987
783058,42426,37530,37988
783078,42455,37522,37989
783098,42458,37428,37990
783118,42455,37344,37991
783138,42447,37502,37992
783158,42454,37481,37993
783178,42424,37344,37994
783198,42429,37311,37995
783218,42421,37392,37996
783238,42468,37459,37997
783258,42455,37454,37998
783278,42437,37397,37999
783298,42441,37326,38000
783318,42507,37281,38001
783338,42462,37366,38002
783358,42441,37409,38003
783378,42445,37406,38004
783398,41924,37312,38005
783418,40883,37281,38006
783438,40886,37489,38007
783458,40866,37408,38008
783478,40874,37394,38009
783498,40853,37337,38010
783518,40850,37407,38011
783538,40856,37390,38012
783558,40862,37439,38013
783578,40884,37469,38014
783598,40888,37451,38015
783618,40873,37491,38016
783638,40869,37463,38017
783658,40886,37451,38018
783678,40879,37472,38019
783698,40866,37387,38020
783718,40856,37491,38021
783738,40852,37508,38022
783758,40897,37510,38023
783778,40900,37474,38024
783798,40901,37484,38025
783818,40877,37499,38026
783838,40864,37492,38027
783858,40882,37477,38028
783878,40855,37460,38029
783898,40604,37460,38030
783918,40094,37607,38031
783938,40092,37555,38032
783958,40097,37660,38033
783978,40097,37505,38034
783998,40126,37591,38035
784018,40107,37492,38036
784038,40113,37497,38037
784058,40080,37486,38038
784078,40090,37499,38039
784098,40099,37509,38040
784118,40097,37566,38041
784138,40075,37447,38042
784158,40086,37426,38043
784178,40099,37432,38044
784198,40088,37457,38045
784218,40095,37528,38046
784238,40083,37448,38047
784258,40082,37455,38048
784278,40132,37513,38049
784298,40103,37617,38050
784318,40110,37598,38051
784338,40108,37482,38052
784358,40103,37471,38053
784378,40106,37500,38054
784398,39880,37517,38055
784418,39326,37490,38056
784438,39304,37447,38057
784458,39325,37454,38058
784478,39342,37445,38059
784498,39339,37467,38060
784518,39318,37485,38061
784538,39327,37464,38062
784558,39336,37368,38063
784578,39318,37415,38064
784598,39376,37482,38065
784618,39342,37458,38066
784638,39367,37455,38067
784658,39360,37384,38068
784678,39355,37454,38069
784698,39338,37412,38070
784718,39310,37464,38071
784738,39343,37387,38072
784758,39316,37459,38073
784778,39301,37445,38074
784798,39309,37506,38075
784818,39318,37466,38076
784838,39338,37439,38077
784858,39346,37417,38078
784878,39338,37389,38079
784898,39018,37477,38080
784918,37758,37357,38081
784938,37709,37429,38082
784958,37715,37457,38083
784978,37704,37622,38084
784998,37704,37554,38085
785018,37704,37468,38086
785038,37727,37435,38087
785058,37718,37466,38088
785078,37745,37495,38089
785098,37760,37463,38090
785118,37721,37442,38091
785138,37725,37471,38092
785158,37704,37443,38093
785178,37699,37495,38094
785198,37689,37423,38095
785218,37699,37380,38096
785238,37716,37433,38097
785258,37749,37380,38098
785278,37745,37422,38099
785298,37748,37393,38100
785318,37707,37440,38101
785338,37727,37338,38102
785358,37743,37454,38103
785378,37686,37501,38104
785398,37546,37413,38105
785418,36879,37373,38106
785438,36867,37303,38107
785458,36905,37419,38108
785478,36898,37515,38109
785498,36951,37429,38110
785518,36932,37465,38111
785538,36919,37460,38112
785558,36910,37245,38113
785578,36923,37285,38114
785598,36888,37243,38115
785618,36919,37419,38116
785638,36895,37512,38117
785658,36899,37544,38118
785678,36869,37548,38119
785698,36888,37512,38120
785718,36876,37528,38121
785738,36876,37479,38122
785758,36926,37516,38123
785778,36933,37536,38124
785798,36941,37568,38125
785818,36900,37412,38126
785838,36889,37444,38127
785858,36884,37404,38128
785878,36862,37407,38129
785898,36773,37261,38130
785918,36089,37212,38131
785938,36085,37186,38132
785958,36105,37376,38133
785978,36090,37405,38134
785998,36079,37445,38135
786018,36101,37563,38136
786038,36078,37501,38137
786058,36102,37516,38138
786078,36114,37406,38139
786098,36116,37345,38140
786118,36109,37391,38141
786138,36102,37434,38142
786158,36093,37301,38143
786178,36097,37272,38144
786198,36110,37222,38145
786218,36068,37304,38146
786238,36091,37223,38147
786258,36103,37427,38148
786278,36088,37450,38149
786298,36064,37442,38150
786318,36116,37487,38151
786338,36100,37486,38152
786358,36106,37494,38153
786378,36109,37466,38154
786398,36115,37538,38155
786418,35263,37516,38156
786438,35309,37543,38157
786458,35298,37412,38158
786478,35307,37477,38159
786498,35296,37317,38160
786518,35316,37380,38161
786538,35341,37333,38162
786558,35301,37307,38163
786578,35310,37337,38164
786598,35323,37376,38165
786618,35293,37395,38166
786638,35261,37419,38167
786658,35305,37486,38168
786678,35319,37367,38169
786698,35316,37440,38170
786718,35312,37405,38171
786738,35294,37412,38172
786758,35291,37399,38173
786778,35308,37396,38174
786798,35308,37393,38175
786818,35299,37444,38176
786838,35302,37404,38177
786858,35284,37344,38178
786878,35275,37397,38179
786898,35213,37343,38180
786918,33672,37385,38181
786938,33699,37259,38182
786958,33673,37359,38183
786978,33683,37353,38184
786998,33685,37342,38185
787018,33691,37378,38186
787038,33652,37328,38187
787058,33670,37434,38188
787078,33653,37478,38189
787098,33670,37529,38190
787118,33663,37421,38191
787138,33644,37504,38192
787158,33654,37367,38193
787178,33680,37406,38194
787198,33683,37401,38195
787218,33684,37321,38196
787238,33702,37306,38197
787258,33692,37321,38198
787278,33645,37354,38199
787298,33662,37374,38200
787318,33668,37393,38201
787338,33652,37329,38202
787358,33685,37393,38203
787378,33693,37485,38204
787398,33632,37392,38205
787418,32901,37308,38206
787438,32837,37323,38207
787458,32889,37268,38208
787478,32874,37364,38209
787498,32870,37363,38210
787518,32879,37351,38211
787538,32886,37409,38212
787558,32887,37383,38213
787578,32869,37405,38214
787598,32914,37361,38215
787618,32902,37319,38216
787638,32887,37134,38217
787658,32914,37319,38218
787678,32911,37354,38219
787698,32891,37374,38220
787718,32864,37378,38221
787738,32858,37386,38222
787758,32887,37475,38223
787778,32877,37302,38224
787798,32874,37194,38225
787818,32867,37146,38226
787838,32872,37193,38227
787858,32866,37378,38228
787878,32909,37421,38229
787898,32885,37335,38230
787918,32081,37372,38231
787938,32086,37283,38232
787958,32079,37299,38233
787978,32070,37249,38234
787998,32064,37166,38235
788018,32085,37241,38236
788038,32068,37103,38237
788058,32093,37150,38238
788078,32092,37263,38239
788098,32067,37306,38240
788118,32079,37230,38241
788138,32085,37292,38242
788158,32083,37330,38243
788178,32079,37207,38244
788198,32065,37285,38245
788218,32113,37284,38246
788238,32101,37420,38247
788258,32073,37420,38248
788278,32088,37289,38249
788298,32091,37229,38250
788318,32067,37243,38251
788338,32050,37160,38252
788358,32079,37169,38253
788378,32069,37080,38254
788398,32071,37345,38255
788418,30445,37377,38256
788438,30434,37391,38257
788458,30431,37427,38258
788478,30465,37287,38259
788498,30463,37398,38260
788518,30459,37472,38261
788538,30476,37412,38262
788558,30435,37433,38263
788578,30448,37296,38264
788598,30448,37326,38265
788618,30434,37308,38266
788638,30444,37389,38267
788658,30410,37308,38268
788678,30451,37375,38269
788698,30451,37327,38270
788718,30483,37270,38271
788738,30481,37359,38272
788758,30454,37297,38273
788778,30447,37311,38274
788798,30435,37283,38275
788818,30450,37375,38276
788838,30455,37283,38277
788858,30441,37287,38278
788878,30467,37361,38279
788898,30447,37305,38280
788918,29663,37335,38281
788938,29654,37254,38282
788958,29658,37216,38283
788978,29650,37229,38284
788998,29668,37235,38285
789018,29639,37359,38286
789038,29639,37298,38287
789058,29673,37296,38288
789078,29659,37278,38289
789098,29666,37260,38290
789118,29676,37269,38291
789138,29665,37244,38292
789158,29653,37285,38293
789178,29641,37275,38294
789198,29657,37315,38295
789218,29679,37205,38296
789238,29637,37274,38297
789258,29675,37261,38298
789278,29674,37327,38299
789298,29644,37239,38300
789318,29660,37250,38301
789338,29696,37229,38302
789358,29663,37201,38303
789378,29656,37270,38304
789398,29683,37234,38305
789418,28852,37154,38306
789438,28858,37159,38307
789458,28877,37227,38308
789478,28873,37313,38309
789498,28868,37346,38310
789518,28892,37187,38311
789538,28886,37148,38312
789558,28882,37160,38313
789578,28876,37331,38314
789598,28860,37159,38315
789618,28862,37284,38316
789638,28825,37222,38317
789658,28839,37157,38318
789678,28909,37170,38319
789698,28867,37039,38320
789718,28906,37231,38321
789738,28902,37191,38322
789758,28872,37170,38323
789778,28890,37225,38324
789798,28874,37103,38325
789818,28872,37095,38326
789838,28869,37162,38327
789858,28845,37231,38328
789878,28858,37163,38329
789898,28894,37113,38330
789918,28005,37095,38331
789938,28056,37228,38332
789958,28023,37256,38333
789978,28039,37215,38334
789998,28032,37223,38335
790018,28028,37248,38336
790038,28033,37353,38337
790058,28031,37341,38338
790078,28047,37197,38339
790098,28094,37219,38340
790118,28001,37158,38341
790138,28015,37144,38342
790158,28047,37191,38343
790178,28046,37099,38344
790198,28047,37114,38345
790218,28057,37096,38346
790238,28034,37073,38347
790258,28067,37104,38348
790278,28059,36985,38349
790298,28013,36979,38350
790318,28066,36935,38351
790338,28050,37189,38352
790358,28027,37147,38353
790378,28036,37035,38354
790398,28086,37143,38355
790418,26432,37127,38356
790438,26431,37115,38357
790458,26441,37045,38358
790478,26451,37002,38359
790498,26416,36981,38360
790518,26418,37121,38361
790538,26415,37192,38362
790558,26436,37191,38363
790578,26396,37258,38364
790598,26429,37091,38365
790618,26426,37080,38366
790638,26418,37135,38367
790658,26439,37039,38368
790678,26444,37032,38369
790698,26450,37139,38370
790718,26470,37155,38371
790738,26454,37321,38372
790758,26443,37144,38373
790778,26430,37037,38374
790798,26417,37051,38375
790818,26428,37084,38376
790838,26424,37076,38377
790858,26443,36950,38378
790878,26423,37106,38379
790898,26407,37006,38380
790918,25657,37094,38381
790938,25640,37113,38382
790958,25709,37108,38383
790978,25673,37074,38384
790998,25615,37168,38385
791018,25683,37176,38386
791038,25676,37053,38387
791058,25650,37035,38388
791078,25681,37078,38389
791098,25650,37061,38390
791118,25680,37133,38391
791138,25675,37133,38392
791158,25665,36979,38393
791178,25662,36987,38394
791198,25688,36905,38395
791218,25668,37038,38396
791238,25660,37056,38397
791258,25638,37068,38398
791278,25618,37015,38399
791298,25652,37050,38400
791318,25656,37072,38401
791338,25653,37037,38402
791358,25668,37045,38403
791378,25647,37091,38404
791398,25675,37017,38405
791418,24913,37046,38406
791438,24929,36946,38407
791458,24904,36932,38408
791478,24870,36957,38409
791498,24877,36866,38410
791518,24870,36973,38411
791538,24887,36989,38412
791558,24895,37033,38413
791578,24879,37146,38414
791598,24813,37048,38415
791618,24890,37075,38416
791638,24863,37115,38417
791658,24877,37110,38418
791678,24876,37189,38419
791698,24879,37168,38420
791718,24867,37105,38421
791738,24909,37021,38422
791758,24896,37074,38423
791778,24868,37048,38424
791798,24878,37091,38425
791818,24881,37037,38426
791838,24897,36968,38427
791858,24870,37032,38428
791878,24873,37058,38429
791898,24865,37057,38430
791918,23323,37060,38431
791938,23350,37012,38432
791958,23340,37102,38433
791978,23318,37115,38434
791998,23289,37082,38435
792018,23301,37051,38436
792038,23287,37062,38437
792058,23318,37009,38438
792078,23341,36973,38439
792098,23361,36974,38440
792118,23333,36962,38441
792138,23306,36935,38442
792158,23323,36900,38443
792178,23308,36999,38444
792198,23316,37011,38445
792218,23295,36982,38446
792238,23328,36817,38447
792258,23307,36918,38448
792278,23277,36903,38449
792298,23305,37007,38450
792318,23291,36905,38451
792338,23365,36988,38452
792358,23345,36987,38453
792378,23324,37010,38454
792398,23362,36986,38455
792418,22528,36903,38456
792438,22517,36989,38457
792458,22498,36876,38458
792478,22510,36878,38459
792498,22522,36939,38460
792518,22500,36929,38461
792538,22491,36919,38462
792558,22501,36956,38463
792578,22538,36900,38464
792598,22543,36867,38465
792618,22470,36746,38466
792638,22486,36788,38467
792658,22515,36759,38468
792678,22582,36634,38469
792698,22486,36639,38470
792718,22528,36553,38471
792738,22504,36657,38472
792758,22496,36797,38473
792778,22527,36660,38474
792798,22476,36788,38475
792818,22548,36824,38476
792838,22544,36861,38477
792858,22556,36686,38478
792878,22541,36865,38479
792898,22548,36944,38480
792918,21787,36738,38481
792938,21764,36740,38482
792958,21790,36650,38483
792978,21741,36640,38484
792998,21809,36785,38485
793018,21793,36844,38486
793038,21724,36866,38487
793058,21756,36924,38488
793078,21754,36812,38489
793098,21763,36847,38490
793118,21739,36834,38491
793138,21758,36778,38492
793158,21761,36811,38493
793178,21767,36753,38494
793198,21775,36804,38495
793218,21792,36833,38496
793238,21771,36838,38497
793258,21770,36779,38498
793278,21769,36851,38499
793298,21788,36764,38500
793318,21742,36844,38501
793338,21761,36802,38502
793358,21806,36740,38503
793378,21757,36714,38504
793398,21795,36760,38505
793418,21010,36804,38506
793438,21011,36718,38507
793458,21046,36677,38508
793478,20996,36782,38509
793498,21037,36731,38510
793518,21030,36919,38511
793538,21038,36769,38512
793558,21032,36752,38513
793578,21024,36642,38514
793598,21066,36727,38515
793618,21049,36757,38516
793638,21013,36579,38517
793658,21022,36750,38518
793678,21018,36729,38519
793698,21013,36777,38520
793718,21000,36797,38521
793738,21033,36721,38522
793758,21035,36709,38523
793778,21045,36759,38524
793798,21041,36736,38525
793818,21036,36673,38526
793838,21017,36693,38527
793858,20996,36676,38528
793878,21013,36678,38529
793898,21027,36654,38530
793918,19558,36618,38531
793938,19537,36544,38532
793958,19526,36574,38533
793978,19541,36728,38534
793998,19528,36698,38535
794018,19516,36653,38536
794038,19502,36683,38537
794058,19536,36671,38538
794078,19509,36661,38539
794098,19553,36762,38540
794118,19488,36630,38541
794138,19544,36711,38542
794158,19534,36640,38543
794178,19513,36631,38544
794198,19507,36626,38545
794218,19486,36642,38546
794238,19491,36629,38547
794258,19499,36708,38548
794278,19501,36661,38549
794298,19482,36624,38550
794318,19478,36547,38551
794338,19488,36590,38552
794358,19548,36567,38553
794378,19525,36546,38554
794398,19489,36550,38555
794418,18808,36503,38556
794438,18791,36532,38557
794458,18815,36492,38558
794478,18781,36480,38559
794498,18763,36560,38560
794518,18760,36429,38561
794538,18789,36561,38562
794558,18703,36513,38563
794578,18772,36468,38564
794598,18770,36573,38565
794618,18772,36486,38566
794638,18761,36544,38567
794658,18793,36554,38568
794678,18774,36537,38569
794698,18825,36464,38570
794718,18773,36509,38571
794738,18794,36645,38572
794758,18769,36574,38573
794778,18792,36473,38574
794798,18794,36462,38575
794818,18774,36376,38576
794838,18744,36509,38577
794858,18734,36398,38578
794878,18743,36398,38579
794898,18767,36362,38580
794918,18029,36441,38581
794938,18030,36531,38582
794958,18002,36498,38583
794978,18048,36514,38584
794998,18022,36436,38585
795018,18003,36544,38586
795038,18000,36526,38587
795058,18010,36588,38588
795078,18031,36506,38589
795098,17999,36434,38590
795118,17966,36522,38591
795138,17991,36508,38592
795158,17997,36341,38593
795178,18015,36279,38594
795198,17958,36229,38595
795218,18018,36306,38596
795238,18038,36421,38597
795258,18009,36432,38598
795278,18019,36372,38599
795298,18031,36412,38600
795318,18056,36467,38601
795338,18042,36497,38602
795358,17986,36432,38603
795378,18017,36453,38604
795398,17962,36377,38605
795418,17301,36475,38606
795438,17280,36443,38607
795458,17307,36353,38608
795478,17311,36377,38609
795498,17281,36392,38610
795518,17283,36453,38611
795538,17272,36382,38612
795558,17278,36430,38613
795578,17307,36414,38614
795598,17282,36414,38615
795618,17316,36449,38616
795638,17309,36359,38617
795658,17315,36439,38618
795678,17261,36347,38619
795698,17280,36353,38620
795718,17294,36237,38621
795738,17285,36200,38622
795758,17285,36103,38623
795778,17322,36260,38624
795798,17255,36228,38625
795818,17301,36287,38626
795838,17323,36239,38627
795858,17313,36365,38628
795878,17298,36249,38629
795898,17284,36376,38630
795918,15904,36292,38631
795938,15914,36256,38632
795958,15853,36268,38633
795978,15856,36195,38634
795998,15843,36347,38635
796018,15868,36211,38636
796038,15855,36151,38637
796058,15877,36190,38638
796078,15891,36078,38639
796098,15900,36095,38640
796118,15861,35963,38641
796138,15887,36117,38642
796158,15866,36087,38643
796178,15859,35983,38644
796198,15863,35987,38645
796218,15859,35965,38646
796238,15831,36040,38647
796258,15879,35968,38648
796278,15873,36111,38649
796298,15895,36103,38650
796318,15893,36018,38651
796338,15910,36180,38652
796358,15892,36222,38653
796378,15889,36283,38654
796398,15857,36094,38655
796418,15222,36041,38656
796438,15204,35857,38657
796458,15175,35996,38658
796478,15215,35936,38659
796498,15181,36066,38660
796518,15225,36084,38661
796538,15206,36000,38662
796558,15193,36128,38663
796578,15188,36124,38664
796598,15229,36136,38665
796618,15233,36139,38666
796638,15212,36286,38667
796658,15176,36055,38668
796678,15241,36237,38669
796698,15224,36160,38670
796718,15177,36060,38671
796738,15208,36078,38672
796758,15196,36109,38673
796778,15192,36160,38674
796798,15174,36129,38675
796818,15214,36087,38676
796838,15196,36142,38677
796858,15205,36064,38678
796878,15175,36093,38679
796898,15211,36039,38680
796918,14519,36103,38681
796938,14545,36131,38682
796958,14525,36017,38683
796978,14542,36178,38684
796998,14532,35952,38685
797018,14550,36017,38686
797038,14548,36004,38687
797058,14494,36003,38688
797078,14495,36001,38689
797098,14568,36019,38690
797118,14567,36101,38691
797138,14472,36067,38692
797158,14513,36023,38693
797178,14536,35935,38694
797198,14515,35950,38695
797218,14552,35984,38696
797238,14572,36032,38697
797258,14499,36086,38698
797278,14518,36031,38699
797298,14550,35927,38700
797318,14532,35841,38701
797338,14566,35992,38702
797358,14547,36028,38703
797378,14571,35936,38704
797398,14525,35963,38705
797418,13299,36019,38706
797438,13181,36017,38707
797458,13194,35855,38708
797478,13210,35739,38709
797498,13157,35845,38710
797518,13174,35905,38711
797538,13231,35820,38712
797558,13171,35944,38713
797578,13241,35843,38714
797598,13206,35938,38715
797618,13190,35959,38716
797638,13190,35904,38717
797658,13220,35861,38718
797678,13149,35798,38719
797698,13196,35901,38720
797718,13208,35949,38721
797738,13222,35934,38722
797758,13210,35836,38723
797778,13184,35843,38724
797798,13218,35826,38725
797818,13147,35780,38726
797838,13201,35805,38727
797858,13209,35760,38728
797878,13202,35765,38729
797898,13190,35839,38730
797918,12562,35790,38731
797938,12543,35714,38732
797958,12560,35809,38733
797978,12578,35690,38734
797998,12554,35755,38735
798018,12516,35716,38736
798038,12525,35707,38737
798058,12576,35679,38738
798078,12553,35701,38739
798098,12540,35712,38740
798118,12567,35820,38741
798138,12558,35662,38742
798158,12584,35598,38743
798178,12569,35628,38744
798198,12593,35725,38745
798218,12584,35670,38746
798238,12532,35638,38747
798258,12608,35635,38748
798278,12525,35764,38749
798298,12554,35789,38750
798318,12533,35694,38751
798338,12505,35627,38752
798358,12575,35555,38753
798378,12576,35621,38754
798398,12582,35717,38755
798418,11945,35720,38756
798438,11919,35644,38757
798458,11903,35641,38758
798478,11920,35709,38759
798498,11884,35600,38760
798518,11887,35522,38761
798538,11892,35506,38762
798558,11893,35591,38763
798578,11878,35568,38764
798598,11913,35596,38765
798618,11885,35662,38766
798638,11856,35682,38767
798658,11903,35608,38768
798678,11897,35679,38769
798698,11928,35641,38770
798718,11902,35650,38771
798738,11895,35646,38772
798758,11904,35650,38773
798778,11900,35712,38774
798798,11903,35583,38775
798818,11925,35667,38776
798838,11920,35622,38777
798858,11872,35584,38778
798878,11915,35584,38779
798898,11832,35585,38780
798918,11259,35667,38781
798938,11257,35715,38782
798958,11263,35589,38783
798978,11278,35655,38784
798998,11278,35601,38785
799018,11274,35469,38786
799038,11297,35557,38787
799058,11322,35557,38788
799078,11284,35627,38789
799098,11277,35470,38790
799118,11268,35579,38791
799138,11259,35482,38792
799158,11278,35412,38793
799178,11345,35351,38794
799198,11313,35330,38795
799218,11268,35358,38796
799238,11288,35415,38797
799258,11267,35479,38798
799278,11286,35473,38799
799298,11291,35389,38800
799318,11287,35344,38801
799338,11261,35312,38802
799358,11315,35376,38803
799378,11290,35385,38804
799398,11338,35317,38805
799418,10028,35331,38806
799438,10047,35358,38807
799458,10044,35346,38808
799478,10094,35449,38809
799498,10046,35455,38810
799518,10004,35429,38811
799538,10091,35365,38812
799558,10075,35402,38813
799578,10080,35309,38814
799598,10067,35325,38815
799618,10061,35387,38816
799638,10049,35415,38817
799658,10030,35395,38818
799678,10069,35227,38819
799698,10052,35205,38820
799718,10049,35241,38821
799738,10033,35128,38822
799758,10061,35017,38823
799778,10066,34985,38824
799798,10050,35039,38825
799818,10084,35056,38826
799838,10078,35012,38827
799858,10043,35083,38828
799878,10053,35084,38829
799898,10038,35205,38830
799918,9467,35299,38831
799938,9484,35354,38832
799958,9472,35252,38833
799978,9484,35075,38834
799998,9513,35140,38835
800018,9478,35153,38836
800038,9519,35291,38837
800058,9480,35249,38838
800078,9511,35147,38839
800098,9497,35233,38840
800118,9496,35324,38841
800138,9466,35264,38842
800158,9496,35271,38843
800178,9474,35244,38844
800198,9480,35162,38845
800218,9492,35022,38846
800238,9488,34893,38847
800258,9479,34920,38848
800278,9487,34918,38849
800298,9514,35125,38850
800318,9514,35109,38851
800338,9491,35219,38852
800358,9495,35194,38853
800378,9502,35179,38854
800398,9550,35238,38855
800418,8933,35085,38856
800438,8901,35141,38857
800458,8951,35178,38858
800478,8915,35175,38859
800498,8953,35247,38860
800518,8910,35156,38861
800538,8911,35127,38862
800558,8872,35128,38863
800578,8906,35046,38864
800598,8915,35125,38865
800618,8924,35085,38866
800638,8983,35205,38867
800658,8964,35062,38868
800678,8967,35160,38869
800698,8939,35109,38870
800718,8933,35059,38871
800738,8946,34987,38872
800758,8938,34992,38873
800778,8926,35008,38874
800798,8921,35055,38875
800818,8940,35117,38876
800838,8926,35065,38877
800858,8951,35075,38878
800878,8928,35013,38879
800898,8944,35003,38880
800918,7833,34954,38881
800938,7821,34994,38882
800958,7810,35047,38883
800978,7822,35044,38884
800998,7817,34934,38885
801018,7836,34916,38886
801038,7838,34819,38887
801058,7884,34878,38888
801078,7850,34954,38889
801098,7830,34885,38890
801118,7843,34915,38891
801138,7835,34849,38892
801158,7819,34944,38893
801178,7814,34901,38894
801198,7824,34837,38895
801218,7820,34780,38896
801238,7820,34765,38897
801258,7889,34850,38898
801278,7825,34882,38899
801298,7823,34788,38900
801318,7862,34819,38901
801338,7827,34785,38902
801358,7834,34873,38903
801378,7841,34796,38904
801398,7814,34736,38905
801418,7306,34725,38906
801438,7326,34576,38907
801458,7299,34663,38908
801478,7359,34674,38909
801498,7325,34621,38910
801518,7318,34631,38911
801538,7340,34583,38912
801558,7291,34790,38913
801578,7324,34624,38914
801598,7329,34613,38915
801618,7374,34572,38916
801638,7312,34538,38917
801658,7339,34601,38918
801678,7262,34516,38919
801698,7337,34451,38920
801718,7362,34561,38921
801738,7310,34609,38922
801758,7281,34635,38923
801778,7305,34467,38924
801798,7318,34604,38925
801818,7328,34319,38926
801838,7319,34474,38927
801858,7363,34510,38928
801878,7332,34491,38929
801898,7320,34579,38930
801918,6782,34523,38931
801938,6800,34570,38932
801958,6812,34473,38933
801978,6818,34357,38934
801998,6820,34266,38935
802018,6810,34250,38936
802038,6812,34305,38937
802058,6847,34486,38938
802078,6838,34428,38939
802098,6806,34502,38940
802118,6807,34527,38941
802138,6811,34524,38942
802158,6794,34524,38943
802178,6818,34491,38944
802198,6850,34564,38945
802218,6806,34476,38946
802238,6827,34484,38947
802258,6830,34504,38948
802278,6762,34426,38949
802298,6797,34440,38950
802318,6792,34472,38951
802338,6828,34463,38952
802358,6833,34370,38953
802378,6802,34425,38954
802398,6862,34457,38955
802418,6334,34407,38956
802438,6348,34422,38957
802458,6342,34366,38958
802478,6331,34428,38959
802498,6316,34408,38960
802518,6331,34474,38961
802538,6374,34421,38962
802558,6284,34381,38963
802578,6362,34343,38964
802598,6333,34407,38965
802618,6305,34407,38966
802638,6337,34370,38967
802658,6329,34350,38968
802678,6326,34322,38969
802698,6335,34351,38970
802718,6325,34304,38971
802738,6329,34304,38972
802758,6263,34241,38973
802778,6320,34308,38974
802798,6354,34282,38975
802818,6309,34270,38976
802838,6344,34170,38977
802858,6332,34277,38978
802878,6346,34305,38979
802898,6355,34230,38980
802918,5366,34207,38981
802938,5369,34267,38982
802958,5399,34177,38983
802978,5369,34206,38984
802998,5365,34150,38985
803018,5394,34149,38986
803038,5373,34106,38987
803058,5354,34196,38988
803078,5370,34102,38989
803098,5402,34159,38990
803118,5392,34140,38991
803138,5375,34088,38992
803158,5368,34061,38993
803178,5376,34104,38994
803198,5392,33981,38995
803218,5382,34042,38996
803238,5385,33934,38997
803258,5380,34071,38998
803278,5360,34022,38999
803298,5362,34043,39000
803318,5383,34037,39001
803338,5390,34074,39002
803358,5367,34073,39003
803378,5353,33970,39004
803398,5326,34012,39005
803418,5170,33924,39006
803438,4946,33865,39007
803458,4950,34034,39008
803478,4931,33858,39009
803498,4972,33888,39010
803518,4958,33832,39011
803538,4972,33892,39012
803558,5005,33944,39013
803578,4950,33927,39014
803598,4928,33892,39015
803618,4954,33784,39016
803638,4940,33856,39017
803658,4955,33879,39018
803678,4922,33884,39019
803698,4925,33847,39020
803718,4929,33890,39021
803738,4953,33862,39022
803758,4934,34017,39023
803778,4954,33874,39024
803798,4944,33892,39025
803818,4933,33898,39026
803838,4946,33879,39027
803858,4978,33892,39028
803878,4937,33893,39029
803898,4947,33867,39030
803918,4491,33919,39031
803938,4462,33856,39032
803958,4524,33878,39033
803978,4550,33889,39034
803998,4503,33893,39035
804018,4536,33876,39036
804038,4508,33833,39037
804058,4534,33801,39038
804078,4570,33756,39039
804098,4513,33812,39040
804118,4507,33754,39041
804138,4550,33796,39042
804158,4519,33793,39043
804178,4532,33744,39044
804198,4530,33747,39045
804218,4525,33784,39046
804238,4506,33715,39047
804258,4544,33743,39048
804278,4541,33773,39049
804298,4486,33722,39050
804318,4538,33687,39051
804338,4541,33746,39052
804358,4522,33608,39053
804378,4499,33785,39054
804398,4531,33819,39055
804418,3742,33778,39056
804438,3752,33759,39057
804458,3702,33653,39058
804478,3724,33680,39059
804498,3704,33496,39060
804518,3750,33472,39061
804538,3729,33488,39062
804558,3734,33702,39063
804578,3721,33753,39064
804598,3723,33711,39065
804618,3698,33771,39066
804638,3722,33719,39067
804658,3704,33718,39068
804678,3703,33707,39069
804698,3758,33586,39070
804718,3739,33600,39071
804738,3761,33567,39072
804758,3728,33536,39073
804778,3713,33512,39074
804798,3730,33535,39075
804818,3700,33499,39076
804838,3737,33313,39077
804858,3704,33403,39078
804878,3704,33411,39079
804898,3745,33538,39080
804918,3376,33626,39081
804938,3381,33644,39082
804958,3358,33575,39083
804978,3376,33557,39084
804998,3359,33520,39085
805018,3306,33559,39086
805038,3378,33621,39087
805058,3373,33577,39088
805078,3361,33561,39089
805098,3340,33616,39090
805118,3352,33640,39091
805138,3389,33537,39092
805158,3385,33432,39093
805178,3350,33456,39094
805198,3360,33393,39095
805218,3353,33542,39096
805238,3355,33532,39097
805258,3359,33619,39098
805278,3326,33547,39099
805298,3388,33630,39100
805318,3383,33551,39101
805338,3369,33606,39102
805358,3359,33571,39103
805378,3385,33477,39104
805398,3365,33566,39105
805418,2997,33522,39106
805438,3038,33491,39107
805458,3029,33464,39108
805478,3019,33457,39109
805498,3030,33419,39110
805518,3022,33344,39111
805538,3015,33401,39112
805558,3003,33446,39113
805578,3034,33425,39114
805598,3013,33364,39115
805618,3017,33374,39116
805638,3021,33400,39117
805658,3026,33443,39118
805678,3039,33489,39119
805698,3046,33456,39120
805718,3048,33410,39121
805738,3013,33443,39122
805758,3030,33360,39123
805778,3032,33362,39124
805798,2998,33455,39125
805818,3007,33338,39126
805838,3017,33394,39127
805858,3020,33260,39128
805878,3010,33318,39129
805898,3041,33331,39130
805918,2709,33268,39131
805938,2706,33236,39132
805958,2729,33278,39133
805978,2711,33191,39134
805998,2702,33085,39135
806018,2708,33177,39136
806038,2707,33207,39137
806058,2706,33218,39138
806078,2704,33185,39139
806098,2723,33116,39140
806118,2725,33110,39141
806138,2696,33161,39142
806158,2707,33130,39143
806178,2719,33183,39144
806198,2711,33090,39145
806218,2705,33167,39146
806238,2664,33110,39147
806258,2671,33055,39148
806278,2734,33045,39149
806298,2736,33020,39150
806318,2723,33023,39151
806338,2688,33060,39152
806358,2705,33045,39153
806378,2700,33010,39154
806398,2706,33002,39155
806418,2102,33052,39156
806438,2063,33045,39157
806458,2088,33006,39158
806478,2044,33076,39159
806498,2077,33034,39160
806518,2089,32877,39161
806538,2106,32998,39162
806558,2094,32920,39163
806578,2082,32996,39164
806598,2110,33032,39165
806618,2090,33039,39166
806638,2087,33045,39167
806658,2092,32935,39168
806678,2091,32938,39169
806698,2071,32696,39170
806718,2088,32817,39171
806738,2069,32870,39172
806758,2088,32848,39173
806778,2086,32752,39174
806798,2078,32804,39175
806818,2064,32786,39176
806838,2063,32815,39177
806858,2097,32840,39178
806878,2097,32887,39179
806898,2130,32859,39180
806918,1861,32822,39181
806938,1785,32721,39182
806958,1788,32582,39183
806978,1815,32571,39184
806998,1806,32740,39185
807018,1767,32712,39186
807038,1812,32677,39187
807058,1809,32630,39188
807078,1825,32737,39189
807098,1804,32659,39190
807118,1797,32583,39191
807138,1799,32537,39192
807158,1823,32599,39193
807178,1810,32509,39194
807198,1797,32601,39195
807218,1804,32743,39196
807238,1807,32718,39197
807258,1827,32584,39198
807278,1794,32572,39199
807298,1788,32499,39200
807318,1787,32575,39201
807338,1809,32586,39202
807358,1792,32665,39203
807378,1810,32662,39204
807398,1815,32645,39205
807418,1586,32593,39206
807438,1532,32578,39207
807458,1545,32541,39208
807478,1554,32574,39209
807498,1538,32619,39210
807518,1539,32751,39211
807538,1554,32806,39212
807558,1540,32882,39213
807578,1529,32845,39214
807598,1538,32855,39215
807618,1513,32853,39216
807638,1561,32785,39217
807658,1523,32873,39218
807678,1546,32881,39219
807698,1526,32805,39220
807718,1518,32805,39221
807738,1560,32787,39222
807758,1551,32750,39223
807778,1566,32733,39224
807798,1577,32713,39225
807818,1534,32666,39226
807838,1560,32706,39227
807858,1540,32684,39228
807878,1521,32674,39229
807898,1539,32678,39230
807918,1364,32666,39231
807938,1327,32669,39232
807958,1329,32672,39233
807978,1335,32683,39234
807998,1351,32602,39235
808018,1335,32598,39236
808038,1333,32597,39237
808058,1371,32660,39238
808078,1288,32634,39239
808098,1320,32641,39240
808118,1303,32668,39241
808138,1353,32584,39242
808158,1317,32591,39243
808178,1328,32708,39244
808198,1345,32594,39245
808218,1316,32591,39246
808238,1324,32618,39247
808258,1331,32657,39248
808278,1330,32655,39249
808298,1330,32668,39250
808318,1294,32675,39251
808338,1306,32617,39252
808358,1344,32517,39253
808378,1324,32493,39254
808398,1315,32416,39255
808418,1343,32449,39256
808438,1345,32434,39257
808458,1345,32488,39258
808478,1346,32365,39259
808498,1364,32351,39260
808518,1360,32371,39261
808538,1350,32385,39262
808558,1328,32454,39263
808578,1299,32473,39264
808598,1322,32424,39265
808618,1338,32520,39266
808638,1333,32474,39267
808658,1338,32459,39268
808678,1336,32421,39269
808698,1348,32471,39270
808718,1357,32524,39271
808738,1344,32396,39272
808758,1342,32426,39273
808778,1339,32388,39274
808798,1346,32404,39275
808818,1332,32507,39276
808838,1352,32432,39277
808858,1357,32353,39278
808878,1357,32355,39279
808898,1329,32479,39280
808918,1327,32487,39281
808938,1327,32376,39282
808958,1329,32368,39283
808978,1345,32309,39284
808998,1326,32378,39285
809018,1336,32348,39286
809038,1326,32344,39287
809058,1340,32344,39288
809078,1330,32403,39289
809098,1322,32334,39290
809118,1329,32383,39291
809138,1328,32397,39292
809158,1349,32346,39293
809178,1345,32265,39294
809198,1337,32269,39295
809218,1347,32256,39296
809238,1331,32183,39297
809258,1355,32158,39298
809278,1342,32204,39299
809298,1364,32206,39300
809318,1345,32293,39301
809338,1321,32191,39302
809358,1325,32261,39303
809378,1354,32219,39304
809398,1328,32250,39305
809418,1292,32174,39306
809438,1359,32224,39307
809458,1340,32308,39308
809478,1321,32257,39309
809498,1335,32258,39310
809518,1348,32289,39311
809538,1352,32235,39312
809558,1336,32184,39313
809578,1349,32164,39314
809598,1347,32184,39315
809618,1344,32174,39316
809638,1327,32173,39317
809658,1347,32131,39318
809678,1362,32197,39319
809698,1373,32234,39320
809718,1350,32274,39321
809738,1350,32149,39322
809758,1349,32241,39323
809778,1327,32283,39324
809798,1341,32235,39325
809818,1350,32215,39326
809838,1344,32200,39327
809858,1343,32127,39328
809878,1322,32130,39329
809898,1343,32053,39330
809918,1350,32038,39331
809938,1325,32041,39332
809958,1347,32008,39333
809978,1336,32051,39334
809998,1320,32055,39335
810018,1333,32083,39336
810038,1323,32070,39337
810058,1351,32061,39338
810078,1338,32131,39339
810098,1334,32080,39340
810118,1351,32069,39341
810138,1346,32105,39342
810158,1343,32096,39343
810178,1317,32046,39344
810198,1320,31965,39345
810218,1349,31980,39346
810238,1353,31978,39347
810258,1318,32043,39348
810278,1303,32080,39349
810298,1337,31934,39350
810318,1331,31941,39351
810338,1321,31955,39352
810358,1378,31916,39353
810378,1335,31957,39354
810398,1345,31946,39355
810418,1351,32041,39356
810438,1325,32067,39357
810458,1362,32096,39358
810478,1344,32069,39359
810498,1328,31976,39360
810518,1351,31894,39361
810538,1333,31913,39362
810558,1354,31965,39363
810578,1325,31853,39364
810598,1346,31836,39365
810618,1310,31857,39366
810638,1311,31801,39367
810658,1345,31914,39368
810678,1320,31772,39369
810698,1314,31817,39370
810718,1341,31835,39371
810738,1329,31869,39372
810758,1305,31909,39373
810778,1325,31795,39374
810798,1359,31899,39375
810818,1328,31819,39376
810838,1327,31895,39377
810858,1342,31913,39378
810878,1364,31823,39379
810898,1328,31866,39380
810918,1349,31742,39381
810938,1347,31733,39382
810958,1303,31752,39383
810978,1346,31753,39384
810998,1327,31725,39385
811018,1309,31758,39386
811038,1309,31829,39387
811058,1357,31825,39388
811078,1330,31772,39389
811098,1357,31791,39390
811118,1387,31899,39391
811138,1330,31831,39392
811158,1344,31707,39393
811178,1330,31604,39394
811198,1335,31716,39395
811218,1338,31667,39396
811238,1330,31689,39397
811258,1335,31652,39398
811278,1325,31643,39399
811298,1334,31679,39400
811318,1360,31647,39401
811338,1341,31641,39402
811358,1345,31631,39403
811378,1325,31580,39404
811398,1367,31606,39405
811418,1351,31603,39406
811438,1322,31643,39407
811458,1349,31558,39408
811478,1356,31612,39409
811498,1345,31648,39410
811518,1346,31672,39411
811538,1343,31645,39412
811558,1331,31573,39413
811578,1326,31635,39414
811598,1327,31599,39415
811618,1319,31642,39416
811638,1356,31580,39417
811658,1357,31550,39418
811678,1325,31557,39419
811698,1341,31570,39420
811718,1354,31609,39421
811738,1312,31543,39422
811758,1328,31458,39423
811778,1315,31659,39424
811798,1325,31456,39425
811818,1343,31448,39426
811838,1360,31432,39427
811858,1349,31546,39428
811878,1366,31617,39429
811898,1309,31576,39430
811918,1345,31567,39431
811938,1351,31550,39432
811958,1335,31559,39433
811978,1327,31644,39434
811998,1323,31544,39435
812018,1346,31553,39436
812038,1347,31406,39437
812058,1352,31500,39438
812078,1327,31521,39439
812098,1313,31487,39440
812118,1315,31470,39441
812138,1336,31410,39442
812158,1354,31387,39443
812178,1339,31481,39444
812198,1316,31382,39445
812218,1334,31349,39446
812238,1347,31280,39447
812258,1323,31351,39448
812278,1322,31493,39449
812298,1312,31353,39450
812318,1327,31285,39451
812338,1345,31290,39452
812358,1342,31359,39453
812378,1341,31374,39454
812398,1320,31414,39455
812418,1326,31331,39456
812438,1339,31325,39457
812458,1327,31473,39458
812478,1307,31331,39459
812498,1312,31341,39460
812518,1360,31240,39461
812538,1347,31208,39462
812558,1330,31310,39463
812578,1356,31337,39464
812598,1322,31444,39465
812618,1333,31387,39466
812638,1313,31355,39467
812658,1337,31447,39468
812678,1310,31415,39469
812698,1337,31358,39470
812718,1342,31323,39471
812738,1330,31280,39472
812758,1347,31340,39473
812778,1322,31340,39474
812798,1326,31301,39475
812818,1345,31278,39476
812838,1324,31242,39477
812858,1313,31214,39478
812878,1369,31142,39479
812898,1329,31212,39480
812918,1302,31160,39481
812938,1362,31234,39482
812958,1330,31160,39483
812978,1320,31152,39484
812998,1323,31117,39485
813018,1321,31106,39486
813038,1321,31132,39487
813058,1344,31190,39488
813078,1348,31155,39489
813098,1349,31059,39490
813118,1329,31141,39491
813138,1330,31117,39492
813158,1388,31168,39493
813178,1323,31125,39494
813198,1329,31173,39495
813218,1329,31081,39496
813238,1350,31160,39497
813258,1306,31209,39498
813278,1337,31083,39499
813298,1317,31143,39500
813318,1302,31051,39501
813338,1338,31022,39502
813358,1327,31105,39503
813378,1326,31058,39504
813398,1357,31081,39505
813418,1292,31129,39506
813438,1340,31128,39507
813458,1322,31086,39508
813478,1317,31049,39509
813498,1344,31093,39510
813518,1306,31095,39511
813538,1330,31123,39512
813558,1305,31017,39513
813578,1267,31042,39514
813598,1325,31087,39515
813618,1317,31008,39516
813638,1342,31006,39517
813658,1334,30959,39518
813678,1319,30959,39519
813698,1352,30939,39520
813718,1341,30970,39521
813738,1345,31001,39522
813758,1335,30972,39523
813778,1315,30998,39524
813798,1315,30900,39525
813818,1345,30958,39526
813838,1309,30878,39527
813858,1324,30815,39528
813878,1329,30876,39529
813898,1319,30897,39530
813918,1324,30920,39531
813938,1327,30820,39532
813958,1321,30728,39533
813978,1311,30610,39534
813998,1343,30736,39535
814018,1315,30839,39536
814038,1315,30860,39537
814058,1311,30924,39538
814078,1342,30929,39539
814098,1341,30912,39540
814118,1340,30886,39541
814138,1340,30877,39542
814158,1302,30880,39543
814178,1296,30921,39544
814198,1322,30866,39545
814218,1325,30666,39546
814238,1347,30668,39547
814258,1304,30725,39548
814278,1309,30652,39549
814298,1340,30615,39550
814318,1309,30631,39551
814338,1311,30551,39552
814358,1313,30595,39553
814378,1355,30666,39554
814398,1333,30677,39555
814418,1292,30669,39556
814438,1344,30668,39557
814458,1341,30781,39558
814478,1320,30803,39559
814498,1328,30735,39560
814518,1331,30657,39561
814538,1327,30532,39562
814558,1316,30629,39563
814578,1290,30654,39564
814598,1317,30636,39565
814618,1318,30659,39566
814638,1314,30687,39567
814658,1310,30756,39568
814678,1339,30662,39569
814698,1333,30744,39570
814718,1306,30640,39571
814738,1376,30668,39572
814758,1338,30742,39573
814778,1335,30737,39574
814798,1337,30636,39575
814818,1328,30658,39576
814838,1333,30639,39577
814858,1316,30778,39578
814878,1304,30698,39579
814898,1305,30645,39580
814918,1304,30508,39581
814938,1292,30505,39582
814958,1298,30476,39583
814978,1312,30398,39584
814998,1291,30405,39585
815018,1301,30363,39586
815038,1322,30500,39587
815058,1304,30551,39588
815078,1320,30575,39589
815098,1305,30610,39590
815118,1321,30512,39591
815138,1329,30612,39592
815158,1328,30508,39593
815178,1324,30549,39594
815198,1295,30421,39595
815218,1300,30467,39596
815238,1307,30529,39597
815258,1331,30415,39598
815278,1322,30426,39599
815298,1319,30411,39600
815318,1322,30513,39601
815338,1307,30492,39602
815358,1302,30446,39603
815378,1271,30424,39604
815398,1303,30393,39605
815418,1309,30432,39606
815438,1324,30506,39607
815458,1317,30489,39608
815478,1307,30505,39609
815498,1310,30536,39610
815518,1303,30530,39611
815538,1304,30633,39612
815558,1310,30551,39613
815578,1321,30477,39614
815598,1306,30454,39615
815618,1319,30511,39616
815638,1299,30494,39617
815658,1309,30374,39618
815678,1311,30432,39619
815698,1265,30357,39620
815718,1287,30360,39621
815738,1319,30389,39622
815758,1312,30277,39623
815778,1323,30295,39624
815798,1301,30318,39625
815818,1326,30292,39626
815838,1326,30354,39627
815858,1303,30242,39628
815878,1325,30319,39629
815898,1332,30253,39630
815918,1312,30285,39631
815938,1320,30292,39632
815958,1293,30281,39633
815978,1291,30223,39634
815998,1280,30279,39635
816018,1327,30285,39636
816038,1302,30241,39637
816058,1290,30181,39638
816078,1297,30154,39639
816098,1289,30176,39640
816118,1304,30357,39641
816138,1316,30249,39642
816158,1306,30319,39643
816178,1297,30316,39644
816198,1326,30240,39645
816218,1297,30219,39646
816238,1314,30134,39647
816258,1330,30175,39648
816278,1307,30182,39649
816298,1312,30222,39650
816318,1285,30158,39651
816338,1321,30060,39652
816358,1299,30010,39653
816378,1309,30050,39654
816398,1307,30079,39655
816418,1270,30108,39656
816438,1296,29902,39657
816458,1310,29908,39658
816478,1306,29821,39659
816498,1301,30055,39660
816518,1276,29930,39661
816538,1334,30049,39662
816558,1294,30123,39663
816578,1246,30005,39664
816598,1303,30119,39665
816618,1336,30067,39666
816638,1302,30147,39667
816658,1306,30017,39668
816678,1303,29983,39669
816698,1307,29850,39670
816718,1332,29813,39671
816738,1328,29944,39672
816758,1292,29952,39673
816778,1325,29849,39674
816798,1286,30085,39675
816818,1289,30047,39676
816838,1298,30100,39677
816858,1267,30211,39678
816878,1267,30106,39679
816898,1306,30083,39680
816918,1314,29997,39681
816938,1322,30004,39682
816958,1313,30109,39683
816978,1304,30022,39684
816998,1264,30025,39685
817018,1303,29881,39686
817038,1300,29882,39687
817058,1289,29876,39688
817078,1318,29850,39689
817098,1302,29871,39690
817118,1322,29790,39691
817138,1291,29782,39692
817158,1305,29826,39693
817178,1304,29987,39694
817198,1301,29867,39695
817218,1305,29946,39696
817238,1300,29933,39697
817258,1285,29962,39698
817278,1328,29914,39699
817298,1311,29844,39700
817318,1309,29943,39701
817338,1328,29930,39702
817358,1347,29928,39703
817378,1321,29854,39704
817398,1340,29889,39705
817418,1391,29858,39706
817438,1527,29894,39707
817458,1540,29830,39708
817478,1524,29880,39709
817498,1540,29844,39710
817518,1515,29882,39711
817538,1516,29841,39712
817558,1553,29795,39713
817578,1552,29889,39714
817598,1584,29816,39715
817618,1506,29810,39716
817638,1548,29961,39717
817658,1536,29930,39718
817678,1520,29918,39719
817698,1550,29911,39720
817718,1547,29876,39721
817738,1540,29841,39722
817758,1548,29825,39723
817778,1557,29617,39724
817798,1554,29708,39725
817818,1516,29866,39726
817838,1529,29835,39727
817858,1526,29814,39728
817878,1537,29822,39729
817898,1555,29678,39730
817918,1517,29705,39731
817938,1810,29691,39732
817958,1811,29672,39733
817978,1805,29624,39734
817998,1820,29573,39735
818018,1773,29700,39736
818038,1791,29693,39737
818058,1792,29675,39738
818078,1827,29745,39739
818098,1785,29668,39740
818118,1785,29667,39741
818138,1778,29581,39742
818158,1804,29599,39743
818178,1804,29509,39744
818198,1805,29574,39745
818218,1771,29664,39746
818238,1779,29617,39747
818258,1798,29675,39748
818278,1787,29698,39749
818298,1796,29673,39750
818318,1773,29717,39751
818338,1812,29673,39752
818358,1793,29657,39753
818378,1799,29577,39754
818398,1824,29621,39755
818418,1811,29519,39756
818438,2075,29444,39757
818458,2052,29510,39758
818478,2041,29601,39759
818498,2116,29646,39760
818518,2056,29641,39761
818538,2121,29597,39762
818558,2118,29618,39763
818578,2110,29547,39764
818598,2102,29677,39765
818618,2068,29663,39766
818638,2083,29600,39767
818658,2077,29570,39768
818678,2081,29508,39769
818698,2042,29619,39770
818718,2088,29498,39771
818738,2087,29528,39772
818758,2099,29435,39773
818778,2115,29471,39774
818798,2112,29520,39775
818818,2080,29459,39776
818838,2075,29481,39777
818858,2094,29422,39778
818878,2040,29476,39779
818898,2048,29438,39780
818918,2118,29456,39781
818938,2682,29452,39782
818958,2668,29429,39783
818978,2690,29440,39784
818998,2722,29485,39785
819018,2699,29356,39786
819038,2721,29502,39787
819058,2729,29511,39788
819078,2732,29522,39789
819098,2693,29621,39790
819118,2707,29504,39791
819138,2688,29447,39792
819158,2702,29436,39793
819178,2683,29360,39794
819198,2741,29319,39795
819218,2711,29371,39796
819238,2731,29460,39797
819258,2701,29389,39798
819278,2684,29341,39799
819298,2689,29368,39800
819318,2709,29293,39801
819338,2707,29396,39802
819358,2695,29318,39803
819378,2705,29420,39804
819398,2691,29288,39805
819418,2720,29263,39806
819438,3030,29262,39807
819458,3010,29303,39808
819478,2994,29313,39809
819498,3002,29273,39810
819518,3001,29278,39811
819538,3054,29436,39812
819558,3017,29377,39813
819578,3003,29329,39814
819598,3037,29110,39815
819618,3004,29247,39816
819638,3033,29191,39817
819658,3060,29294,39818
819678,3015,29245,39819
819698,3010,29258,39820
819718,3025,29306,39821
819738,3054,29132,39822
819758,3017,29045,39823
819778,3033,28958,39824
819798,3044,29114,39825
819818,3017,29317,39826
819838,3026,29319,39827
819858,3034,29363,39828
819878,3035,29240,39829
819898,3019,29154,39830
819918,3024,29247,39831
819938,3363,29200,39832
819958,3367,29375,39833
819978,3334,29182,39834
819998,3333,29082,39835
820018,3380,29182,39836
820038,3392,29253,39837
820058,3330,29156,39838
820078,3363,28987,39839
820098,3344,28983,39840
820118,3332,29102,39841
820138,3353,29088,39842
820158,3375,29072,39843
820178,3361,29092,39844
820198,3372,29021,39845
820218,3393,29048,39846
820238,3379,29140,39847
820258,3384,29182,39848
820278,3329,29170,39849
820298,3342,29269,39850
820318,3373,29253,39851
820338,3335,29009,39852
820358,3380,28869,39853
820378,3375,28795,39854
820398,3378,29021,39855
820418,3365,29018,39856
820438,3740,29108,39857
820458,3730,29194,39858
820478,3729,29167,39859
820498,3703,29202,39860
820518,3732,29223,39861
820538,3707,29120,39862
820558,3708,29071,39863
820578,3755,29216,39864
820598,3662,29154,39865
820618,3723,29083,39866
820638,3745,28980,39867
820658,3732,28870,39868
820678,3758,28903,39869
820698,3707,28818,39870
820718,3723,28793,39871
820738,3738,28848,39872
820758,3699,28867,39873
820778,3675,28986,39874
820798,3732,29012,39875
820818,3745,29013,39876
820838,3722,28958,39877
820858,3752,29048,39878
820878,3687,29097,39879
820898,3754,29090,39880
820918,3718,29035,39881
820938,4515,29053,39882
820958,4543,28925,39883
820978,4530,29003,39884
820998,4556,29026,39885
821018,4495,29045,39886
821038,4571,28934,39887
821058,4539,28868,39888
821078,4536,28949,39889
821098,4516,29015,39890
821118,4544,28856,39891
821138,4605,29021,39892
821158,4476,28984,39893
821178,4513,29068,39894
821198,4499,29114,39895
821218,4515,28987,39896
821238,4495,28980,39897
821258,4531,29031,39898
821278,4524,29051,39899
821298,4520,29125,39900
821318,4516,28955,39901
821338,4547,28942,39902
821358,4503,28932,39903
821378,4537,28953,39904
821398,4486,28954,39905
821418,4508,28876,39906
821438,4925,28888,39907
821458,4934,28874,39908
821478,4956,28892,39909
821498,4975,28870,39910
821518,4931,28732,39911
821538,4972,28783,39912
821558,4960,28851,39913
821578,4935,28864,39914
821598,4949,28718,39915
821618,4948,28669,39916
821638,4960,28771,39917
821658,4957,28835,39918
821678,4986,28850,39919
821698,4936,28811,39920
821718,4912,28726,39921
821738,4959,28709,39922
821758,4928,28806,39923
821778,4898,28799,39924
821798,4947,28694,39925
821818,4939,28705,39926
821838,4943,28832,39927
821858,4956,28904,39928
821878,4947,28893,39929
821898,4952,28831,39930
821918,4941,28836,39931
821938,5405,28853,39932
821958,5378,28842,39933
821978,5396,28811,39934
821998,5375,28738,39935
822018,5334,28755,39936
822038,5378,28791,39937
822058,5387,28819,39938
822078,5394,28645,39939
822098,5413,28702,39940
822118,5390,28810,39941
822138,5392,28744,39942
822158,5378,28695,39943
822178,5348,28670,39944
822198,5369,28576,39945
822218,5374,28609,39946
822238,5410,28567,39947
822258,5383,28650,39948
822278,5396,28619,39949
822298,5373,28608,39950
822318,5398,28641,39951
822338,5381,28674,39952
822358,5373,28679,39953
822378,5372,28667,39954
822398,5371,28685,39955
822418,5363,28689,39956
822438,6336,28650,39957
822458,6317,28587,39958
822478,6340,28608,39959
822498,6355,28560,39960
822518,6326,28626,39961
822538,6326,28565,39962
822558,6371,28502,39963
822578,6336,28533,39964
822598,6357,28610,39965
822618,6327,28641,39966
822638,6321,28760,39967
822658,6297,28698,39968
822678,6317,28591,39969
822698,6324,28645,39970
822718,6323,28579,39971
822738,6384,28534,39972
822758,6375,28492,39973
822778,6328,28636,39974
822798,6329,28703,39975
822818,6319,28554,39976
822838,6307,28676,39977
822858,6295,28480,39978
822878,6331,28562,39979
822898,6351,28529,39980
822918,6344,28551,39981
822938,6817,28581,39982
822958,6828,28561,39983
822978,6798,28569,39984
822998,6789,28514,39985
823018,6809,28485,39986
823038,6826,28484,39987
823058,6806,28478,39988
823078,6795,28446,39989
823098,6817,28429,39990
823118,6853,28429,39991
823138,6842,28421,39992
823158,6802,28401,39993
823178,6881,28447,39994
823198,6841,28482,39995
823218,6816,28449,39996
823238,6809,28341,39997
823258,6807,28456,39998
823278,6825,28495,39999
823298,6798,28407,40000
823318,6844,28334,40001
823338,6770,28412,40002
823358,6779,28336,40003
823378,6796,28420,40004
823398,6811,28436,40005
823418,6820,28512,40006
823438,7344,28604,40007
823458,7312,28440,40008
823478,7343,28371,40009
823498,7367,28363,40010
823518,7337,28419,40011
823538,7310,28407,40012
823558,7296,28317,40013
823578,7386,28354,40014
823598,7337,28448,40015
823618,7289,28358,40016
823638,7316,28339,40017
823658,7349,28273,40018
823678,7321,28327,40019
823698,7312,28339,40020
823718,7281,28426,40021
823738,7322,28339,40022
823758,7342,28401,40023
823778,7338,28369,40024
823798,7344,28370,40025
823818,7325,28217,40026
823838,7288,28213,40027
823858,7336,28213,40028
823878,7329,28348,40029
823898,7290,28323,40030
823918,7324,28197,40031
823938,7814,28337,40032
823958,7803,28390,40033
823978,7800,28509,40034
823998,7810,28367,40035
824018,7814,28275,40036
824038,7836,28252,40037
824058,7859,28272,40038
824078,7865,28202,40039
824098,7834,28343,40040
824118,7809,28301,40041
824138,7826,28299,40042
824158,7846,28381,40043
824178,7819,28350,40044
824198,7831,28258,40045
824218,7810,28296,40046
824238,7840,28241,40047
824258,7838,28242,40048
824278,7832,28193,40049
824298,7823,28192,40050
824318,7828,28215,40051
824338,7790,28332,40052
824358,7822,28298,40053
824378,7861,28189,40054
824398,7868,28208,40055
824418,7825,28256,40056
824438,8932,28260,40057
824458,8951,28294,40058
824478,8932,28173,40059
824498,8967,28130,40060
824518,8928,28247,40061
824538,8902,28220,40062
824558,8892,28195,40063
824578,8911,28144,40064
824598,8952,28170,40065
824618,8923,28222,40066
824638,8949,28231,40067
824658,8932,28205,40068
824678,8962,28084,40069
824698,8940,28166,40070
824718,8911,28114,40071
824738,8924,28128,40072
824758,8920,28157,40073
824778,8907,28157,40074
824798,8895,28209,40075
824818,8889,28258,40076
824838,8922,28297,40077
824858,8923,28247,40078
824878,8959,28249,40079
824898,8988,28228,40080
824918,8961,28111,40081
824938,9452,28152,40082
824958,9495,28114,40083
824978,9472,28210,40084
824998,9476,28088,40085
825018,9493,28183,40086
825038,9500,28150,40087
825058,9517,28178,40088
825078,9506,28106,40089
825098,9515,28125,40090
825118,9508,28159,40091
825138,9488,27995,40092
825158,9481,27988,40093
825178,9488,28017,40094
825198,9480,28049,40095
825218,9457,28015,40096
825238,9501,28017,40097
825258,9484,27988,40098
825278,9497,28054,40099
825298,9490,28083,40100
825318,9498,28098,40101
825338,9522,27921,40102
825358,9519,27995,40103
825378,9509,28070,40104
825398,9524,28136,40105
825418,9478,28058,40106
825438,10061,28084,40107
825458,10043,27963,40108
825478,10040,27917,40109
825498,10036,27850,40110
825518,10039,27885,40111
825538,10049,27813,40112
825558,10034,27996,40113
825578,10045,28026,40114
825598,10048,28050,40115
825618,10047,28087,40116
825638,10072,28110,40117
825658,10072,28080,40118
825678,10102,28112,40119
825698,10039,27935,40120
825718,10043,27908,40121
825738,10057,27862,40122
825758,10045,27886,40123
825778,10036,27896,40124
825798,10035,27765,40125
825818,10040,27697,40126
825838,10092,27769,40127
825858,10084,27912,40128
825878,10056,27930,40129
825898,10073,27802,40130
825918,10042,27818,40131
825938,11274,27737,40132
825958,11258,27894,40133
825978,11252,28026,40134
825998,11263,28005,40135
826018,11265,27924,40136
826038,11285,27877,40137
826058,11265,27682,40138
826078,11282,27883,40139
826098,11295,27799,40140
826118,11289,27951,40141
826138,11278,27868,40142
826158,11237,27995,40143
826178,11284,27945,40144
826198,11277,27904,40145
826218,11253,27975,40146
826238,11249,27922,40147
826258,11255,27973,40148
826278,11235,27970,40149
826298,11267,27983,40150
826318,11263,27987,40151
826338,11284,27876,40152
826358,11317,27850,40153
826378,11285,27785,40154
826398,11295,27766,40155
826418,11258,27708,40156
826438,11865,27738,40157
826458,11880,27802,40158
826478,11874,27777,40159
826498,11877,27767,40160
826518,11886,27709,40161
826538,11902,27834,40162
826558,11886,27893,40163
826578,11899,27847,40164
826598,11905,27939,40165
826618,11893,27939,40166
826638,11868,27917,40167
826658,11855,27983,40168
826678,11938,27716,40169
826698,11930,27809,40170
826718,11890,27858,40171
826738,11900,27960,40172
826758,11914,27870,40173
826778,11899,27883,40174
826798,11878,27915,40175
826818,11896,27879,40176
826838,11886,27915,40177
826858,11878,27821,40178
826878,11907,27829,40179
826898,11870,27784,40180
826918,11848,27793,40181
826938,12558,27846,40182
826958,12510,27839,40183
826978,12571,27926,40184
826998,12593,27847,40185
827018,12549,27952,40186
827038,12545,27921,40187
827058,12547,27912,40188
827078,12562,27882,40189
827098,12558,27872,40190
827118,12526,27893,40191
827138,12549,27773,40192
827158,12521,27788,40193
827178,12574,27678,40194
827198,12594,27656,40195
827218,12581,27773,40196
827238,12563,27639,40197
827258,12550,27768,40198
827278,12539,27715,40199
827298,12583,27731,40200
827318,12520,27805,40201
827338,12563,27778,40202
827358,12571,27718,40203
827378,12567,27781,40204
827398,12563,27728,40205
827418,12543,27800,40206
827438,13178,27685,40207
827458,13162,27664,40208
827478,13166,27699,40209
827498,13162,27671,40210
827518,13192,27796,40211
827538,13148,27742,40212
827558,13203,27587,40213
827578,13191,27656,40214
827598,13199,27828,40215
827618,13195,27768,40216
827638,13186,27703,40217
827658,13183,27783,40218
827678,13187,27675,40219
827698,13193,27647,40220
827718,13202,27637,40221
827738,13184,27521,40222
827758,13174,27634,40223
827778,13168,27619,40224
827798,13150,27699,40225
827818,13179,27744,40226
827838,13189,27609,40227
827858,13180,27523,40228
827878,13223,27462,40229
827898,13210,27332,40230
827918,13210,27382,40231
827938,14549,27325,40232
827958,14531,27429,40233
827978,14511,27461,40234
827998,14524,27465,40235
828018,14500,27617,40236
828038,14523,27517,40237
828058,14544,27598,40238
828078,14524,27573,40239
828098,14527,27595,40240
828118,14539,27695,40241
828138,14528,27685,40242
828158,14518,27644,40243
828178,14522,27498,40244
828198,14511,27514,40245
828218,14545,27286,40246
828238,14555,27444,40247
828258,14535,27545,40248
828278,14533,27576,40249
828298,14559,27598,40250
828318,14558,27646,40251
828338,14514,27610,40252
828358,14512,27655,40253
828378,14560,27653,40254
828398,14577,27719,40255
828418,14507,27704,40256
828438,15199,27699,40257
828458,15218,27707,40258
828478,15192,27758,40259
828498,15200,27617,40260
828518,15203,27587,40261
828538,15189,27613,40262
828558,15228,27568,40263
828578,15200,27546,40264
828598,15204,27356,40265
828618,15205,27406,40266
828638,15176,27586,40267
828658,15179,27599,40268
828678,15205,27655,40269
828698,15214,27554,40270
828718,15199,27577,40271
828738,15221,27607,40272
828758,15234,27607,40273
828778,15213,27560,40274
828798,15175,27594,40275
828818,15186,27536,40276
828838,15230,27662,40277
828858,15220,27612,40278
828878,15215,27595,40279
828898,15236,27546,40280
828918,15207,27628,40281
828938,15887,27661,40282
828958,15871,27622,40283
828978,15902,27561,40284
828998,15880,27525,40285
829018,15922,27561,40286
829038,15886,27591,40287
829058,15884,27698,40288
829078,15873,27589,40289
829098,15876,27576,40290
829118,15919,27657,40291
829138,15881,27654,40292
829158,15900,27612,40293
829178,15932,27617,40294
829198,15860,27573,40295
829218,15868,27569,40296
829238,15885,27616,40297
829258,15926,27567,40298
829278,15860,27537,40299
829298,15873,27638,40300
829318,15899,27547,40301
829338,15924,27567,40302
829358,15913,27566,40303
829378,15891,27501,40304
829398,15884,27511,40305
829418,15897,27537,40306
829438,17292,27522,40307
829458,17309,27509,40308
829478,17317,27462,40309
829498,17279,27549,40310
829518,17287,27545,40311
829538,17303,27549,40312
829558,17314,27476,40313
829578,17280,27651,40314
829598,17288,27499,40315
829618,17270,27564,40316
829638,17307,27460,40317
829658,17304,27476,40318
829678,17306,27509,40319
829698,17307,27324,40320
829718,17329,27389,40321
829738,17279,27432,40322
829758,17311,27599,40323
829778,17309,27461,40324
829798,17325,27506,40325
829818,17306,27532,40326
829838,17301,27521,40327
829858,17331,27401,40328
829878,17320,27290,40329
829898,17353,27346,40330
829918,17311,27294,40331
829938,18023,27373,40332
829958,18005,27393,40333
829978,17995,27276,40334
829998,18029,27324,40335
830018,18048,27189,40336
830038,18025,27365,40337
830058,18042,27366,40338
830078,18037,27289,40339
830098,18012,27373,40340
830118,18005,27419,40341
830138,17990,27476,40342
830158,17990,27362,40343
830178,17992,27305,40344
830198,18028,27364,40345
830218,18032,27506,40346
830238,18014,27448,40347
830258,18000,27427,40348
830278,18031,27392,40349
830298,18042,27315,40350
830318,17997,27367,40351
830338,18024,27260,40352
830358,18012,27171,40353
830378,18049,27242,40354
830398,17988,27416,40355
830418,17995,27446,40356
830438,18778,27443,40357
830458,18748,27432,40358
830478,18777,27542,40359
830498,18822,27437,40360
830518,18782,27469,40361
830538,18781,27534,40362
830558,18770,27425,40363
830578,18768,27490,40364
830598,18772,27371,40365
830618,18764,27307,40366
830638,18764,27380,40367
830658,18763,27268,40368
830678,18782,27304,40369
830698,18804,27355,40370
830718,18805,27433,40371
830738,18775,27445,40372
830758,18774,27459,40373
830778,18782,27520,40374
830798,18759,27427,40375
830818,18778,27401,40376
830838,18794,27533,40377
830858,18778,27468,40378
830878,18786,27468,40379
830898,18820,27430,40380
830918,18804,27480,40381
830938,19374,27392,40382
830958,19515,27443,40383
830978,19515,27437,40384
830998,19505,27383,40385
831018,19478,27300,40386
831038,19502,27312,40387
831058,19516,27310,40388
831078,19511,27303,40389
831098,19514,27396,40390
831118,19487,27368,40391
831138,19501,27345,40392
831158,19540,27302,40393
831178,19516,27235,40394
831198,19510,27224,40395
831218,19549,27362,40396
831238,19501,27434,40397
831258,19492,27329,40398
831278,19510,27426,40399
831298,19507,27271,40400
831318,19489,27385,40401
831338,19504,27391,40402
831358,19527,27402,40403
831378,19512,27391,40404
831398,19529,27346,40405
831418,19520,27395,40406
831438,21007,27397,40407
831458,21054,27459,40408
831478,21035,27403,40409
831498,21022,27394,40410
831518,21012,27359,40411
831538,21036,27356,40412
831558,21024,27348,40413
831578,21003,27338,40414
831598,21043,27370,40415
831618,21029,27406,40416
831638,21014,27358,40417
831658,21024,27295,40418
831678,21039,27259,40419
831698,21032,27360,40420
831718,20988,27368,40421
831738,21028,27369,40422
831758,21018,27338,40423
831778,21044,27201,40424
831798,21025,27345,40425
831818,21020,27329,40426
831838,21026,27395,40427
831858,21025,27365,40428
831878,20994,27466,40429
831898,21011,27529,40430
831918,20997,27431,40431
831938,21764,27419,40432
831958,21768,27265,40433
831978,21768,27192,40434
831998,21766,27350,40435
832018,21780,27391,40436
832038,21765,27397,40437
832058,21757,27446,40438
832078,21763,27510,40439
832098,21757,27404,40440
832118,21769,27436,40441
832138,21782,27448,40442
832158,21745,27404,40443
832178,21762,27428,40444
832198,21746,27434,40445
832218,21768,27358,40446
832238,21757,27401,40447
832258,21768,27436,40448
832278,21733,27477,40449
832298,21784,27417,40450
832318,21779,27440,40451
832338,21763,27448,40452
832358,21756,27416,40453
832378,21789,27428,40454
832398,21737,27431,40455
832418,21789,27420,40456
832438,22358,27414,40457
832458,22508,27370,40458
832478,22511,27406,40459
832498,22524,27359,40460
832518,22498,27355,40461
832538,22482,27375,40462
832558,22542,27465,40463
832578,22535,27320,40464
832598,22578,27394,40465
832618,22531,27442,40466
832638,22525,27397,40467
832658,22530,27323,40468
832678,22517,27282,40469
832698,22547,27215,40470
832718,22514,27314,40471
832738,22506,27210,40472
832758,22533,27278,40473
832778,22514,27394,40474
832798,22528,27374,40475
832818,22509,27331,40476
832838,22492,27325,40477
832858,22527,27424,40478
832878,22550,27373,40479
832898,22504,27435,40480
832918,22545,27512,40481
832938,23320,27404,40482
832958,23329,27392,40483
832978,23315,27411,40484
832998,23323,27280,40485
833018,23318,27386,40486
833038,23305,27240,40487
833058,23308,27323,40488
833078,23292,27349,40489
833098,23299,27289,40490
833118,23289,27311,40491
833138,23343,27295,40492
833158,23311,27351,40493
833178,23341,27243,40494
833198,23322,27184,40495
833218,23340,27259,40496
833238,23307,27315,40497
833258,23343,27346,40498
833278,23346,27285,40499
833298,23307,27384,40500
833318,23307,27367,40501
833338,23280,27245,40502
833358,23281,27402,40503
833378,23339,27330,40504
833398,23337,27259,40505
833418,23299,27281,40506
833438,24874,27374,40507
833458,24903,27339,40508
833478,24872,27347,40509
833498,24883,27224,40510
833518,24924,27245,40511
833538,24905,27303,40512
833558,24925,27266,40513
833578,24890,27254,40514
833598,24864,27355,40515
833618,24866,27409,40516
833638,24863,27435,40517
833658,24870,27462,40518
833678,24847,27380,40519
833698,24862,27455,40520
833718,24856,27403,40521
833738,24895,27429,40522
833758,24872,27303,40523
833778,24884,27325,40524
833798,24893,27352,40525
833818,24884,27359,40526
833838,24858,27380,40527
833858,24880,27395,40528
833878,24887,27409,40529
833898,24885,27416,40530
833918,24922,27442,40531
833938,25635,27396,40532
833958,25635,27378,40533
833978,25654,27389,40534
833998,25625,27368,40535
834018,25650,27445,40536
834038,25630,27471,40537
834058,25638,27422,40538
834078,25634,27381,40539
834098,25632,27475,40540
834118,25624,27432,40541
834138,25654,27432,40542
834158,25637,27289,40543
834178,25670,27283,40544
834198,25673,27393,40545
834218,25654,27349,40546
834238,25650,27344,40547
834258,25647,27320,40548
834278,25631,27407,40549
834298,25660,27384,40550
834318,25643,27397,40551
834338,25668,27429,40552
834358,25671,27272,40553
834378,25643,27332,40554
834398,25627,27333,40555
834418,25672,27361,40556
834438,26426,27189,40557
834458,26427,27125,40558
834478,26427,27204,40559
834498,26405,27261,40560
834518,26418,27328,40561
834538,26435,27345,40562
834558,26419,27319,40563
834578,26437,27365,40564
834598,26410,27339,40565
834618,26389,27332,40566
834638,26426,27284,40567
834658,26463,27279,40568
834678,26491,27387,40569
834698,26429,27320,40570
834718,26437,27293,40571
834738,26444,27250,40572
834758,26430,27247,40573
834778,26442,27348,40574
834798,26417,27284,40575
834818,26430,27234,40576
834838,26431,27126,40577
834858,26422,27161,40578
834878,26409,27231,40579
834898,26455,27104,40580
834918,26434,27066,40581
834938,28074,27109,40582
834958,28056,27273,40583
834978,28033,27125,40584
834998,28035,27115,40585
835018,28065,27111,40586
835038,28054,27204,40587
835058,28071,27278,40588
835078,28034,27355,40589
835098,28004,27301,40590
835118,28021,27198,40591
835138,28054,26971,40592
835158,28014,27133,40593
835178,28015,27164,40594
835198,28051,27074,40595
835218,28035,27033,40596
835238,28054,26930,40597
835258,28073,27250,40598
835278,28038,27275,40599
835298,28082,27303,40600
835318,28031,27279,40601
835338,28049,27298,40602
835358,28043,27350,40603
835378,28029,27387,40604
835398,28044,27383,40605
835418,28033,27350,40606
835438,28849,27454,40607
835458,28840,27370,40608
835478,28886,27335,40609
835498,28856,27347,40610
835518,28860,27312,40611
835538,28831,27279,40612
835558,28858,27342,40613
835578,28897,27383,40614
835598,28854,27394,40615
835618,28874,27282,40616
835638,28887,27446,40617
835658,28881,27443,40618
835678,28856,27379,40619
835698,28880,27359,40620
835718,28872,27387,40621
835738,28864,27424,40622
835758,28869,27378,40623
835778,28861,27330,40624
835798,28797,27395,40625
835818,28850,27266,40626
835838,28863,27400,40627
835858,28859,27391,40628
835878,28826,27348,40629
835898,28853,27432,40630
835918,28884,27424,40631
835938,29417,27458,40632
835958,29637,27419,40633
835978,29683,27389,40634
835998,29677,27327,40635
836018,29647,27326,40636
836038,29628,27389,40637
836058,29658,27272,40638
836078,29681,27279,40639
836098,29655,27284,40640
836118,29691,27415,40641
836138,29633,27412,40642
836158,29651,27318,40643
836178,29632,27303,40644
836198,29660,27246,40645
836218,29628,27330,40646
836238,29647,27348,40647
836258,29642,27233,40648
836278,29620,27400,40649
836298,29680,27316,40650
836318,29650,27336,40651
836338,29650,27350,40652
836358,29668,27366,40653
836378,29687,27460,40654
836398,29645,27406,40655
836418,29682,27547,40656
836438,30011,27437,40657
836458,30457,27302,40658
836478,30452,27465,40659
836498,30456,27378,40660
836518,30461,27369,40661
836538,30446,27343,40662
836558,30415,27371,40663
836578,30420,27370,40664
836598,30458,27378,40665
836618,30447,27365,40666
836638,30440,27332,40667
836658,30434,27399,40668
836678,30460,27341,40669
836698,30474,27240,40670
836718,30473,27296,40671
836738,30436,27321,40672
836758,30448,27286,40673
836778,30458,27279,40674
836798,30455,27322,40675
836818,30436,27333,40676
836838,30420,27273,40677
836858,30459,27377,40678
836878,30412,27350,40679
836898,30429,27416,40680
836918,30404,27426,40681
836938,32087,27339,40682
836958,32043,27397,40683
836978,32092,27330,40684
836998,32067,27353,40685
837018,32078,27316,40686
837038,32110,27381,40687
837058,32058,27418,40688
837078,32062,27358,40689
837098,32099,27448,40690
837118,32076,27417,40691
837138,32075,27331,40692
837158,32073,27295,40693
837178,32075,27356,40694
837198,32068,27351,40695
837218,32058,27289,40696
837238,32057,27261,40697
837258,32045,27365,40698
837278,32080,27374,40699
837298,32053,27390,40700
837318,32065,27369,40701
837338,32070,27439,40702
837358,32110,27446,40703
837378,32051,27398,40704
837398,32060,27554,40705
837418,32124,27513,40706
837438,32873,27442,40707
837458,32879,27507,40708
837478,32879,27486,40709
837498,32875,27534,40710
837518,32882,27402,40711
837538,32867,27526,40712
837558,32846,27486,40713
837578,32867,27475,40714
837598,32872,27505,40715
837618,32882,27420,40716
837638,32844,27533,40717
837658,32877,27532,40718
837678,32869,27477,40719
837698,32908,27492,40720
837718,32883,27443,40721
837738,32922,27507,40722
837758,32891,27521,40723
837778,32859,27436,40724
837798,32894,27427,40725
837818,32877,27425,40726
837838,32866,27419,40727
837858,32881,27415,40728
837878,32877,27438,40729
837898,32875,27407,40730
837918,32893,27501,40731
837938,33687,27541,40732
837958,33674,27483,40733
837978,33651,27495,40734
837998,33663,27414,40735
838018,33647,27420,40736
838038,33690,27464,40737
838058,33656,27463,40738
838078,33639,27427,40739
838098,33637,27434,40740
838118,33665,27492,40741
838138,33664,27500,40742
838158,33676,27513,40743
838178,33664,27492,40744
838198,33661,27465,40745
838218,33662,27569,40746
838238,33685,27589,40747
838258,33677,27478,40748
838278,33671,27576,40749
838298,33638,27415,40750
838318,33641,27448,40751
838338,33675,27462,40752
838358,33666,27550,40753
838378,33679,27364,40754
838398,33711,27371,40755
838418,33671,27439,40756
838438,35205,27480,40757
838458,35321,27461,40758
838478,35313,27443,40759
838498,35296,27367,40760
838518,35297,27357,40761
838538,35310,27478,40762
838558,35289,27510,40763
838578,35284,27522,40764
838598,35309,27419,40765
838618,35319,27439,40766
838638,35282,27417,40767
838658,35302,27479,40768
838678,35298,27462,40769
838698,35322,27495,40770
838718,35300,27554,40771
838738,35315,27511,40772
838758,35292,27488,40773
838778,35303,27560,40774
838798,35300,27544,40775
838818,35313,27542,40776
838838,35315,27546,40777
838858,35308,27449,40778
838878,35262,27488,40779
838898,35318,27521,40780
838918,35291,27574,40781
838938,35998,27583,40782
838958,36058,27619,40783
838978,36082,27605,40784
838998,36125,27577,40785
839018,36093,27596,40786
839038,36092,27496,40787
839058,36065,27488,40788
839078,36093,27580,40789
839098,36069,27608,40790
839118,36086,27556,40791
839138,36118,27382,40792
839158,36045,27401,40793
839178,36061,27311,40794
839198,36071,27563,40795
839218,36101,27453,40796
839238,36060,27492,40797
839258,36070,27543,40798
839278,36079,27573,40799
839298,36115,27650,40800
839318,36113,27542,40801
839338,36085,27575,40802
839358,36112,27580,40803
839378,36106,27663,40804
839398,36083,27755,40805
839418,36080,27571,40806
839438,36439,27579,40807
839458,36935,27665,40808
839478,36881,27564,40809
839498,36876,27537,40810
839518,36918,27433,40811
839538,36872,27493,40812
839558,36885,27551,40813
839578,36908,27589,40814
839598,36885,27404,40815
839618,36922,27452,40816
839638,36909,27356,40817
839658,36863,27527,40818
839678,36868,27525,40819
839698,36908,27575,40820
839718,36888,27495,40821
839738,36867,27485,40822
839758,36931,27296,40823
839778,36870,27439,40824
839798,36872,27377,40825
839818,36923,27455,40826
839838,36892,27545,40827
839858,36907,27645,40828
839878,36904,27532,40829
839898,36893,27578,40830
839918,36856,27570,40831
839938,37600,27677,40832
839958,37714,27568,40833
839978,37728,27604,40834
839998,37724,27678,40835
840018,37706,27584,40836
840038,37725,27514,40837
840058,37733,27411,40838
840078,37681,27499,40839
840098,37704,27453,40840
840118,37721,27539,40841
840138,37742,27507,40842
840158,37733,27445,40843
840178,37688,27341,40844
840198,37722,27330,40845
840218,37733,27340,40846
840238,37703,27416,40847
840258,37699,27544,40848
840278,37723,27614,40849
840298,37713,27606,40850
840318,37694,27669,40851
840338,37723,27657,40852
840358,37703,27664,40853
840378,37699,27680,40854
840398,37725,27604,40855
840418,37729,27695,40856
840438,39080,27583,40857
840458,39331,27550,40858
840478,39335,27697,40859
840498,39324,27719,40860
840518,39330,27794,40861
840538,39319,27775,40862
840558,39275,27759,40863
840578,39340,27574,40864
840598,39317,27710,40865
840618,39332,27822,40866
840638,39313,27705,40867
840658,39346,27773,40868
840678,39314,27676,40869
840698,39325,27612,40870
840718,39334,27560,40871
840738,39344,27643,40872
840758,39328,27664,40873
840778,39337,27585,40874
840798,39355,27676,40875
840818,39333,27793,40876
840838,39338,27703,40877
840858,39339,27648,40878
840878,39255,27655,40879
840898,39314,27765,40880
840918,39315,27818,40881
840938,39930,27788,40882
840958,40096,27801,40883
840978,40123,27827,40884
840998,40097,27813,40885
841018,40127,27799,40886
841038,40111,27734,40887
841058,40120,27744,40888
841078,40084,27789,40889
841098,40067,27847,40890
841118,40090,27886,40891
841138,40110,27799,40892
841158,40094,27756,40893
841178,40086,27722,40894
841198,40098,27927,40895
841218,40074,27906,40896
841238,40095,27849,40897
841258,40113,27787,40898
841278,40107,27776,40899
841298,40098,27848,40900
841318,40073,27781,40901
841338,40086,27745,40902
841358,40061,27800,40903
841378,40146,27749,40904
841398,40106,27836,40905
841418,40106,27836,40906
841438,40695,27819,40907
841458,40846,27767,40908
841478,40850,27818,40909
841498,40913,27836,40910
841518,40860,27783,40911
841538,40878,27792,40912
841558,40829,27809,40913
841578,40834,27833,40914
841598,40834,27848,40915
841618,40880,27778,40916
841638,40900,27805,40917
841658,40840,27813,40918
841678,40905,27793,40919
841698,40898,27932,40920
841718,40852,27837,40921
841738,40880,27858,40922
841758,40891,27802,40923
841778,40883,27847,40924
841798,40863,27895,40925
841818,40865,27774,40926
841838,40857,27879,40927
841858,40854,27830,40928
841878,40871,27835,40929
841898,40908,27896,40930
841918,40868,27838,40931
841938,40868,27881,40932
841958,42432,27754,40933
841978,42454,27851,40934
841998,42412,27754,40935
842018,42426,27780,40936
842038,42434,27842,40937
842058,42409,27827,40938
842078,42418,27872,40939
842098,42442,27780,40940
842118,42429,27740,40941
842138,42464,27783,40942
842158,42455,27847,40943
842178,42422,27923,40944
842198,42450,27835,40945
842218,42442,27662,40946
842238,42455,27721,40947
842258,42439,27885,40948
842278,42405,27927,40949
842298,42446,27813,40950
842318,42449,27905,40951
842338,42408,27884,40952
842358,42421,27954,40953
842378,42427,27852,40954
842398,42405,27964,40955
842418,42441,27998,40956
842438,43018,27847,40957
842458,43260,27874,40958
842478,43283,27785,40959
842498,43228,27751,40960
842518,43243,27767,40961
842538,43247,27982,40962
842558,43268,28016,40963
842578,43242,27957,40964
842598,43246,27967,40965
842618,43234,28005,40966
842638,43239,27998,40967
842658,43268,28018,40968
842678,43205,28017,40969
842698,43243,27929,40970
842718,43272,27927,40971
842738,43303,27971,40972
842758,43293,28013,40973
842778,43258,27999,40974
842798,43256,27970,40975
842818,43241,28063,40976
842838,43226,28092,40977
842858,43223,28135,40978
842878,43268,28024,40979
842898,43262,27988,40980
842918,43249,28072,40981
842938,43729,28059,40982
842958,43990,28044,40983
842978,43946,27983,40984
842998,43991,28035,40985
843018,44013,28066,40986
843038,44013,28055,40987
843058,43979,28009,40988
843078,44014,28034,40989
843098,43988,28020,40990
843118,43971,28063,40991
843138,43990,27702,40992
843158,43985,27916,40993
843178,44011,27874,40994
843198,43993,28084,40995
843218,43989,28116,40996
843238,43981,28079,40997
843258,43997,28103,40998
843278,43963,28053,40999
843298,43995,28107,41000
843318,44000,28113,41001
843338,43984,28116,41002
843358,44000,28063,41003
843378,44004,28097,41004
843398,43964,28111,41005
843418,43976,28120,41006
843438,44489,28107,41007
843458,44714,28052,41008
843478,44729,28093,41009
843498,44747,28057,41010
843518,44754,28183,41011
843538,44719,28188,41012
843558,44700,28076,41013
843578,44718,28162,41014
843598,44708,28225,41015
843618,44742,28195,41016
843638,44712,28177,41017
843658,44753,28088,41018
843678,44756,28135,41019
843698,44745,28171,41020
843718,44718,28181,41021
843738,44747,28132,41022
843758,44715,28012,41023
843778,44717,28213,41024
843798,44738,28258,41025
843818,44683,28079,41026
843838,44730,28046,41027
843858,44717,28243,41028
843878,44741,28253,41029
843898,44754,28204,41030
843918,44719,28180,41031
843938,45673,28246,41032
843958,46221,28225,41033
843978,46244,28227,41034
843998,46247,28240,41035
844018,46224,28168,41036
844038,46255,28205,41037
844058,46211,28206,41038
844078,46241,28289,41039
844098,46207,28165,41040
844118,46256,28197,41041
844138,46264,28174,41042
844158,46256,28240,41043
844178,46309,28222,41044
844198,46240,28250,41045
844218,46242,28107,41046
844238,46213,28182,41047
844258,46220,28192,41048
844278,46233,28268,41049
844298,46197,28176,41050
844318,46223,28182,41051
844338,46265,28223,41052
844358,46266,28273,41053
844378,46238,28264,41054
844398,46249,28208,41055
844418,46244,28247,41056
844438,46626,28256,41057
844458,46964,28241,41058
844478,46970,28238,41059
844498,46994,28180,41060
844518,46988,28226,41061
844538,47007,28309,41062
844558,46981,28269,41063
844578,46972,28266,41064
844598,46983,28193,41065
844618,47021,28218,41066
844638,46964,28173,41067
844658,46881,28460,41068
844678,46958,28248,41069
844698,47012,28250,41070
844718,46930,28220,41071
844738,46955,28320,41072
844758,46983,28372,41073
844778,46972,28336,41074
844798,46937,28232,41075
844818,46965,28278,41076
844838,46966,28245,41077
844858,46990,28287,41078
844878,46963,28241,41079
844898,46976,28256,41080
844918,46984,28238,41081
844938,47377,28317,41082
844958,47714,28317,41083
844978,47723,28282,41084
844998,47736,28328,41085
845018,47789,28311,41086
845038,47725,28355,41087
845058,47728,28233,41088
845078,47747,28310,41089
845098,47711,28279,41090
845118,47743,28264,41091
845138,47707,28254,41092
845158,47721,28352,41093
845178,47746,28258,41094
845198,47735,28294,41095
845218,47726,28332,41096
845238,47731,28335,41097
845258,47713,28326,41098
845278,47761,28292,41099
845298,47741,28269,41100
845318,47716,28257,41101
845338,47737,28395,41102
845358,47720,28348,41103
845378,47710,28360,41104
845398,47710,28374,41105
845418,47697,28425,41106
845438,48053,28489,41107
845458,48438,28393,41108
845478,48442,28356,41109
845498,48481,28417,41110
845518,48441,28360,41111
845538,48427,28501,41112
845558,48433,28374,41113
845578,48460,28620,41114
845598,48482,28528,41115
845618,48416,28538,41116
845638,48408,28462,41117
845658,48417,28446,41118
845678,48384,28455,41119
845698,48436,28449,41120
845718,48418,28476,41121
845738,48467,28540,41122
845758,48444,28415,41123
845778,48475,28447,41124
845798,48430,28431,41125
845818,48440,28425,41126
845838,48437,28417,41127
845858,48428,28391,41128
845878,48437,28414,41129
845898,48424,28436,41130
845918,48467,28508,41131
845938,49142,28456,41132
845958,49881,28531,41133
845978,49888,28639,41134
845998,49884,28570,41135
846018,49858,28551,41136
846038,49871,28480,41137
846058,49860,28498,41138
846078,49831,28543,41139
846098,49836,28493,41140
846118,49892,28550,41141
846138,49824,28504,41142
846158,49841,28509,41143
846178,49839,28553,41144
846198,49870,28551,41145
846218,49874,28576,41146
846238,49829,28608,41147
846258,49842,28671,41148
846278,49875,28666,41149
846298,49897,28693,41150
846318,49860,28604,41151
846338,49898,28714,41152
846358,49833,28628,41153
846378,49850,28733,41154
846398,49846,28648,41155
846418,49852,28648,41156
846438,50161,28557,41157
846458,50526,28693,41158
846478,50541,28670,41159
846498,50559,28653,41160
846518,50572,28625,41161
846538,50526,28693,41162
846558,50521,28683,41163
846578,50503,28620,41164
846598,50514,28681,41165
846618,50550,28660,41166
846638,50539,28620,41167
846658,50580,28706,41168
846678,50519,28746,41169
846698,50528,28705,41170
846718,50554,28755,41171
846738,50510,28699,41172
846758,50516,28756,41173
846778,50542,28647,41174
846798,50531,28669,41175
846818,50551,28677,41176
846838,50500,28677,41177
846858,50563,28773,41178
846878,50517,28744,41179
846898,50556,28701,41180
846918,50590,28647,41181
846938,50810,28711,41182
846958,51217,28782,41183
846978,51199,28710,41184
846998,51204,28778,41185
847018,51230,28804,41186
847038,51210,28850,41187
847058,51211,28916,41188
847078,51252,28855,41189
847098,51237,28848,41190
847118,51240,28819,41191
847138,51243,28765,41192
847158,51249,28708,41193
847178,51242,28777,41194
847198,51199,28778,41195
847218,51212,28859,41196
847238,51184,28868,41197
847258,51197,28841,41198
847278,51246,28843,41199
847298,51214,28880,41200
847318,51238,28850,41201
847338,51234,28916,41202
847358,51201,28871,41203
847378,51224,28876,41204
847398,51177,28799,41205
847418,51194,28798,41206
847438,51637,28890,41207
847458,52525,28838,41208
847478,52544,28919,41209
847498,52561,28842,41210
847518,52550,28816,41211
847538,52553,28713,41212
847558,52570,28834,41213
847578,52551,28881,41214
847598,52545,28904,41215
847618,52530,28867,41216
847638,52542,28909,41217
847658,52562,28838,41218
847678,52562,28739,41219
847698,52544,28927,41220
847718,52522,28958,41221
847738,52529,28933,41222
847758,52538,28870,41223
847778,52563,28749,41224
847798,52591,28680,41225
847818,52571,28738,41226
847838,52567,28940,41227
847858,52548,28920,41228
847878,52517,28876,41229
847898,52578,28851,41230
847918,52529,28844,41231
847938,52524,28876,41232
847958,53167,28862,41233
847978,53190,28703,41234
847998,53215,28883,41235
848018,53232,28926,41236
848038,53274,28902,41237
848058,53200,28998,41238
848078,53177,29122,41239
848098,53160,29148,41240
848118,53137,29228,41241
848138,53180,29037,41242
848158,53180,28974,41243
848178,53221,29071,41244
848198,53224,29045,41245
848218,53182,29074,41246
848238,53151,28912,41247
848258,53172,28848,41248
848278,53147,28959,41249
848298,53226,29033,41250
848318,53217,29035,41251
848338,53175,29138,41252
848358,53243,29188,41253
848378,53193,29213,41254
848398,53169,29231,41255
848418,53175,29232,41256
848438,53404,29125,41257
848458,53886,29163,41258
848478,53850,29197,41259
848498,53869,29246,41260
848518,53870,29255,41261
848538,53777,29142,41262
848558,53878,29046,41263
848578,53836,29034,41264
848598,53781,29087,41265
848618,53848,29066,41266
848638,53844,28909,41267
848658,53861,28847,41268
848678,53866,29097,41269
848698,53845,29049,41270
848718,53888,29145,41271
848738,53829,29171,41272
848758,53858,29151,41273
848778,53843,29179,41274
848798,53846,29305,41275
848818,53868,29210,41276
848838,53826,29177,41277
848858,53860,29233,41278
848878,53834,29248,41279
848898,53845,29161,41280
848918,53801,29237,41281
848938,53965,29211,41282
848958,54421,29245,41283
848978,54427,29297,41284
848998,54490,29294,41285
849018,54478,29249,41286
849038,54493,29410,41287
849058,54432,29380,41288
849078,54437,29334,41289
849098,54479,29411,41290
849118,54474,29370,41291
849138,54427,29387,41292
849158,54446,29482,41293
849178,54439,29445,41294
849198,54442,29357,41295
849218,54452,29329,41296
849238,54451,29384,41297
849258,54454,29440,41298
849278,54443,29354,41299
849298,54454,29350,41300
849318,54474,29323,41301
849338,54475,29398,41302
849358,54455,29403,41303
849378,54477,29360,41304
849398,54460,29413,41305
849418,54446,29454,41306
849438,54790,29421,41307
849458,55730,29483,41308
849478,55672,29405,41309
849498,55708,29383,41310
849518,55677,29315,41311
849538,55670,29467,41312
849558,55687,29345,41313
849578,55673,29446,41314
849598,55664,29322,41315
849618,55679,29496,41316
849638,55675,29387,41317
849658,55659,29392,41318
849678,55724,29415,41319
849698,55760,29535,41320
849718,55665,29556,41321
849738,55685,29520,41322
849758,55709,29303,41323
849778,55685,29384,41324
849798,55690,29472,41325
849818,55703,29507,41326
849838,55660,29509,41327
849858,55688,29536,41328
849878,55647,29407,41329
849898,55654,29372,41330
849918,55670,29449,41331
849938,55794,29394,41332
849958,56269,29354,41333
849978,56238,29427,41334
849998,56232,29361,41335
850018,56255,29355,41336
850038,56218,29328,41337
850058,56238,29400,41338
850078,56232,29436,41339
850098,56278,29506,41340
850118,56255,29471,41341
850138,56244,29396,41342
850158,56258,29388,41343
850178,56237,29528,41344
850198,56222,29644,41345
850218,56230,29485,41346
850238,56259,29395,41347
850258,56245,29363,41348
850278,56281,29360,41349
850298,56266,29524,41350
850318,56231,29633,41351
850338,56243,29443,41352
850358,56246,29589,41353
850378,56216,29650,41354
850398,56234,29707,41355
850418,56281,29696,41356
850438,56329,29771,41357
850458,56824,29771,41358
850478,56797,29766,41359
850498,56813,29818,41360
850518,56796,29730,41361
850538,56792,29858,41362
850558,56843,29756,41363
850578,56817,29806,41364
850598,56793,29804,41365
850618,56819,29677,41366
850638,56799,29579,41367
850658,56803,29709,41368
850678,56771,29644,41369
850698,56839,29617,41370
850718,56786,29563,41371
850738,56794,29705,41372
850758,56797,29796,41373
850778,56802,29808,41374
850798,56787,29817,41375
850818,56788,29827,41376
850838,56783,29744,41377
850858,56797,29744,41378
850878,56820,29845,41379
850898,56810,29895,41380
850918,56825,29789,41381
850938,56894,29798,41382
850958,57913,29767,41383
850978,57908,29803,41384
850998,57922,29827,41385
851018,57896,29722,41386
851038,57902,29744,41387
851058,57887,29762,41388
851078,57887,29845,41389
851098,57874,29758,41390
851118,57912,29710,41391
851138,57884,29740,41392
851158,57930,29679,41393
851178,57900,29786,41394
851198,57891,29759,41395
851218,57888,29796,41396
851238,57896,29929,41397
851258,57874,29965,41398
851278,57914,29918,41399
851298,57908,29977,41400
851318,57932,29971,41401
851338,57929,29933,41402
851358,57902,29977,41403
851378,57908,29937,41404
851398,57905,29837,41405
851418,57902,29861,41406
851438,57949,29947,41407
851458,58425,30019,41408
851478,58403,30023,41409
851498,58388,30030,41410
851518,58431,29975,41411
851538,58405,29953,41412
851558,58430,30000,41413
851578,58376,29945,41414
851598,58386,29889,41415
851618,58382,29979,41416
851638,58433,29975,41417
851658,58413,29943,41418
851678,58426,29948,41419
851698,58424,29875,41420
851718,58455,29935,41421
851738,58382,29943,41422
851758,58414,30031,41423
851778,58428,29886,41424
851798,58375,29970,41425
851818,58392,29996,41426
851838,58389,30139,41427
851858,58409,29967,41428
851878,58392,29976,41429
851898,58419,30006,41430
851918,58399,30001,41431
851938,58443,29906,41432
851958,58881,29914,41433
851978,58950,29861,41434
851998,58944,29995,41435
852018,58937,30180,41436
852038,58944,30175,41437
852058,58916,30153,41438
852078,58899,30051,41439
852098,58942,29981,41440
852118,58908,30072,41441
852138,58909,30108,41442
852158,58883,30079,41443
852178,58943,29981,41444
852198,58979,29980,41445
852218,58931,29942,41446
852238,58861,30009,41447
852258,58922,30129,41448
852278,58873,30098,41449
852298,58903,30015,41450
852318,58929,30042,41451
852338,58911,30101,41452
852358,58955,30095,41453
852378,58906,30147,41454
852398,58898,30314,41455
852418,58899,30239,41456
852438,58880,30223,41457
852458,59356,30164,41458
852478,59397,29961,41459
852498,59388,30141,41460
852518,59410,30059,41461
852538,59416,30236,41462
852558,59416,30286,41463
852578,59378,30256,41464
852598,59423,30293,41465
852618,59435,30281,41466
852638,59400,30268,41467
852658,59388,30328,41468
852678,59405,30343,41469
852698,59391,30466,41470
852718,59405,30359,41471
852738,59380,30275,41472
852758,59404,30307,41473
852778,59387,30340,41474
852798,59398,30373,41475
852818,59390,30342,41476
852838,59433,30367,41477
852858,59422,30333,41478
852878,59411,30380,41479
852898,59394,30390,41480
852918,59387,30348,41481
852938,59462,30302,41482
852958,60358,30328,41483
852978,60313,30394,41484
852998,60365,30428,41485
853018,60332,30447,41486
853038,60330,30364,41487
853058,60378,30367,41488
853078,60376,30418,41489
853098,60359,30444,41490
853118,60306,30339,41491
853138,60369,30390,41492
853158,60351,30405,41493
853178,60316,30385,41494
853198,60367,30449,41495
853218,60403,30463,41496
853238,60348,30438,41497
853258,60355,30501,41498
853278,60360,30479,41499
853298,60376,30456,41500
853318,60357,30484,41501
853338,60326,30405,41502
853358,60387,30490,41503
853378,60349,30515,41504
853398,60347,30485,41505
853418,60379,30545,41506
853438,60355,30611,41507
853458,60759,30635,41508
853478,60768,30545,41509
853498,60776,30518,41510
853518,60719,30449,41511
853538,60800,30503,41512
853558,60799,30580,41513
853578,60789,30517,41514
853598,60772,30584,41515
853618,60750,30633,41516
853638,60718,30567,41517
853658,60762,30624,41518
853678,60804,30615,41519
853698,60779,30567,41520
853718,60743,30530,41521
853738,60800,30521,41522
853758,60756,30662,41523
853778,60816,30643,41524
853798,60740,30616,41525
853818,60677,30587,41526
853838,60747,30625,41527
853858,60768,30684,41528
853878,60769,30655,41529
853898,60786,30660,41530
853918,60794,30687,41531
853938,60768,30736,41532
853958,61225,30640,41533
853978,61221,30432,41534
853998,61198,30462,41535
854018,61168,30490,41536
854038,61196,30665,41537
854058,61194,30813,41538
854078,61195,30759,41539
854098,61179,30744,41540
854118,61163,30835,41541
854138,61202,30811,41542
854158,61191,30850,41543
854178,61240,30849,41544
854198,61232,30802,41545
854218,61234,30788,41546
854238,61200,30721,41547
854258,61202,30606,41548
854278,61220,30671,41549
854298,61192,30620,41550
854318,61235,30529,41551
854338,61267,30635,41552
854358,61219,30710,41553
854378,61141,30696,41554
854398,61204,30740,41555
854418,61222,30787,41556
854438,61174,30767,41557
854458,62017,30826,41558
854478,62054,30810,41559
854498,62052,30933,41560
854518,62022,30786,41561
854538,62058,30729,41562
854558,62037,30701,41563
854578,62003,30650,41564
854598,62018,30788,41565
854618,61993,30677,41566
854638,61981,30774,41567
854658,62032,30821,41568
854678,62052,30920,41569
854698,61974,30990,41570
854718,62010,30938,41571
854738,62066,30959,41572
854758,61989,30907,41573
854778,62025,30982,41574
854798,62049,31001,41575
854818,62008,31015,41576
854838,62014,31069,41577
854858,62000,30978,41578
854878,62012,31020,41579
854898,62021,30921,41580
854918,62026,30850,41581
854938,61998,30898,41582
854958,62429,30880,41583
854978,62349,30912,41584
854998,62398,30998,41585
855018,62368,31070,41586
855038,62364,31083,41587
855058,62378,31111,41588
855078,62427,31126,41589
855098,62436,31119,41590
855118,62376,31023,41591
855138,62380,30991,41592
855158,62365,30964,41593
855178,62379,31005,41594
855198,62394,31056,41595
855218,62409,31100,41596
855238,62365,31113,41597
855258,62395,31121,41598
855278,62396,31114,41599
855298,62364,31167,41600
855318,62404,31087,41601
855338,62390,31003,41602
855358,62349,31121,41603
855378,62400,31250,41604
855398,62384,31181,41605
855418,62396,31205,41606
855438,62381,31098,41607
855458,62734,31151,41608
855478,62733,31097,41609
855498,62759,31116,41610
855518,62720,31150,41611
855538,62755,31151,41612
855558,62744,31231,41613
855578,62758,31199,41614
855598,62747,31280,41615
855618,62752,31183,41616
855638,62736,31249,41617
855658,62717,31306,41618
855678,62697,31252,41619
855698,62725,31194,41620
855718,62750,31204,41621
855738,62764,31300,41622
855758,62780,31287,41623
855778,62760,31220,41624
855798,62765,31205,41625
855818,62744,31230,41626
855838,62744,31211,41627
855858,62746,31200,41628
855878,62733,31232,41629
855898,62735,31302,41630
855918,62788,31252,41631
855938,62757,31321,41632
855958,63091,31395,41633
855978,63038,31321,41634
855998,63070,31335,41635
856018,63100,31347,41636
856038,63047,31423,41637
856058,63039,31260,41638
856078,63039,31187,41639
856098,63069,31201,41640
856118,63096,31267,41641
856138,63085,31365,41642
856158,63067,31375,41643
856178,63053,31438,41644
856198,63061,31341,41645
856218,63069,31346,41646
856238,63097,31338,41647
856258,63046,31381,41648
856278,63060,31480,41649
856298,63039,31439,41650
856318,63037,31474,41651
856338,63012,31491,41652
856358,63060,31551,41653
856378,63054,31511,41654
856398,63064,31542,41655
856418,63106,31405,41656
856438,63051,31376,41657
856458,63758,31332,41658
856478,63696,31313,41659
856498,63669,31275,41660
856518,63658,31263,41661
856538,63706,31375,41662
856558,63703,31362,41663
856578,63673,31303,41664
856598,63762,31403,41665
856618,63720,31324,41666
856638,63724,31573,41667
856658,63675,31526,41668
856678,63702,31590,41669
856698,63656,31570,41670
856718,63650,31494,41671
856738,63686,31435,41672
856758,63768,31462,41673
856778,63689,31557,41674
856798,63717,31480,41675
856818,63696,31541,41676
856838,63716,31581,41677
856858,63743,31586,41678
856878,63661,31643,41679
856898,63665,31659,41680
856918,63703,31682,41681
856938,63672,31580,41682
856958,63950,31625,41683
856978,63996,31643,41684
856998,63952,31791,41685
857018,63954,31753,41686
857038,64007,31707,41687
857058,63973,31762,41688
857078,64035,31600,41689
857098,63983,31549,41690
857118,63933,31585,41691
857138,63941,31634,41692
857158,63964,31500,41693
857178,64007,31631,41694
857198,63983,31691,41695
857218,63989,31748,41696
857238,64009,31775,41697
857258,63975,31733,41698
857278,63980,31764,41699
857298,63942,31704,41700
857318,63951,31716,41701
857338,63942,31687,41702
857358,63984,31661,41703
857378,63968,31836,41704
857398,63967,31785,41705
857418,63954,31823,41706
857438,63994,31789,41707
857458,64240,31764,41708
857478,64190,31798,41709
857498,64211,31749,41710
857518,64224,31781,41711
857538,64229,31686,41712
857558,64249,31788,41713
857578,64243,31793,41714
857598,64236,31811,41715
857618,64261,31806,41716
857638,64266,31807,41717
857658,64237,32017,41718
857678,64218,31885,41719
857698,64270,31955,41720
857718,64207,31928,41721
857738,64242,31897,41722
857758,64225,31944,41723
857778,64218,31919,41724
857798,64228,31911,41725
857818,64206,31935,41726
857838,64275,31947,41727
857858,64282,32025,41728
857878,64230,31877,41729
857898,64235,31909,41730
857918,64286,31856,41731
857938,64221,31917,41732
857958,64459,32018,41733
857978,64458,31922,41734
857998,64436,31974,41735
858018,64444,31922,41736
858038,64505,31971,41737
858058,64438,32027,41738
858078,64478,31954,41739
858098,64461,31957,41740
858118,64449,31948,41741
858138,64448,31996,41742
858158,64457,31991,41743
858178,64463,32007,41744
858198,64459,32058,41745
858218,64456,31986,41746
858238,64461,31977,41747
858258,64467,31999,41748
858278,64449,32053,41749
858298,64461,32051,41750
858318,64484,32015,41751
858338,64442,32129,41752
858358,64474,32114,41753
858378,64458,31936,41754
858398,64482,31892,41755
858418,64452,31929,41756
858438,64462,32089,41757
858458,64868,32172,41758
858478,64870,32186,41759
858498,64824,32183,41760
858518,64868,32165,41761
858538,64885,32178,41762
858558,64879,32135,41763
858578,64846,32028,41764
858598,64872,31997,41765
858618,64856,32096,41766
858638,64879,32012,41767
858658,64900,31873,41768
858678,64893,31916,41769
858698,64888,31935,41770
858718,64917,32027,41771
858738,64891,32027,41772
858758,64874,31985,41773
858778,64869,32119,41774
858798,64889,32205,41775
858818,64859,32286,41776
858838,64859,32216,41777
858858,64875,32119,41778
858878,64894,32103,41779
858898,64854,32043,41780
858918,64894,32239,41781
858938,64901,32140,41782
858958,65032,32067,41783
858978,65028,32225,41784
858998,65061,32232,41785
859018,65030,32292,41786
859038,65034,32241,41787
859058,65045,32286,41788
859078,65030,32356,41789
859098,65028,32310,41790
859118,65050,32228,41791
859138,65003,32046,41792
859158,65039,32178,41793
859178,65061,32260,41794
859198,65089,32321,41795
859218,65024,32307,41796
859238,65052,32220,41797
859258,65004,32178,41798
859278,65050,32252,41799
859298,65052,32244,41800
859318,65051,32231,41801
859338,65029,32148,41802
859358,65077,32195,41803
859378,65033,32268,41804
859398,65037,32288,41805
859418,65009,32336,41806
859438,65029,32326,41807
859458,65242,32295,41808
859478,65141,32367,41809
859498,65127,32419,41810
859518,65135,32487,41811
859538,65156,32322,41812
859558,65129,32398,41813
859578,65125,32453,41814
859598,65102,32521,41815
859618,65115,32502,41816
859638,65101,32388,41817
859658,65121,32367,41818
859678,65124,32452,41819
859698,65140,32393,41820
859718,65161,32527,41821
859738,65124,32495,41822
859758,65119,32566,41823
859778,65105,32578,41824
859798,65111,32714,41825
859818,65146,32538,41826
859838,65188,32645,41827
859858,65098,32612,41828
859878,65166,32590,41829
859898,65166,32612,41830
859918,65154,32561,41831
859938,65169,32675,41832
859958,65140,32592,41833
859978,65149,32600,41834
859998,65118,32575,41835
860018,65130,32564,41836
860038,65136,32588,41837
860058,65136,32540,41838
860078,65109,32598,41839
860098,65123,32677,41840
860118,65097,32543,41841
860138,65137,32551,41842
860158,65137,32633,41843
860178,65160,32627,41844
860198,65174,32678,41845
860218,65146,32553,41846
860238,65109,32657,41847
860258,65101,32638,41848
860278,65130,32592,41849
860298,65136,32632,41850
860318,65145,32603,41851
860338,65151,32613,41852
860358,65132,32621,41853
860378,65144,32640,41854
860398,65152,32703,41855
860418,65119,32637,41856
860438,65136,32746,41857
860458,65135,32682,41858
860478,65145,32715,41859
860498,65113,32700,41860
860518,65171,32752,41861
860538,65149,32768,41862
860558,65173,32807,41863
860578,65186,32755,41864
860598,65141,32769,41865
860618,65156,32826,41866
860638,65153,32893,41867
860658,65118,32838,41868
860678,65155,32819,41869
860698,65149,32749,41870
860718,65115,32848,41871
860738,65138,32826,41872
860758,65107,32865,41873
860778,65163,32809,41874
860798,65148,32721,41875
860818,65144,32828,41876
860838,65117,32814,41877
860858,65151,32868,41878
860878,65106,32835,41879
860898,65140,32846,41880
860918,65143,32962,41881
860938,65152,32934,41882
860958,65119,32849,41883
860978,65135,32826,41884
860998,65144,32880,41885
861018,65077,32852,41886
861038,65131,32813,41887
861058,65129,32745,41888
861078,65122,32878,41889
861098,65149,32896,41890
861118,65154,32945,41891
861138,65146,32868,41892
861158,65135,32889,41893
861178,65150,32758,41894
861198,65126,32662,41895
861218,65108,32855,41896
861238,65128,32942,41897
861258,65109,33025,41898
861278,65146,32945,41899
861298,65139,32987,41900
861318,65144,33031,41901
861338,65104,33042,41902
861358,65144,32954,41903
861378,65162,32954,41904
861398,65141,33006,41905
861418,65105,33060,41906
861438,65098,32924,41907
861458,65139,32946,41908
861478,65100,32868,41909
861498,65131,32734,41910
861518,65175,32832,41911
861538,65132,32833,41912
861558,65147,32982,41913
861578,65086,32996,41914
861598,65147,32960,41915
861618,65153,33114,41916
861638,65130,33035,41917
861658,65183,33077,41918
861678,65148,33092,41919
861698,65123,32993,41920
861718,65133,32964,41921
861738,65126,33025,41922
861758,65120,33073,41923
861778,65124,32993,41924
861798,65119,33015,41925
861818,65111,32983,41926
861838,65114,33111,41927
861858,65159,33122,41928
861878,65128,33124,41929
861898,65074,33122,41930
861918,65108,33156,41931
861938,65150,33181,41932
861958,65099,33186,41933
861978,65170,33142,41934
861998,65106,33208,41935
862018,65116,33208,41936
862038,65104,33347,41937
862058,65101,33265,41938
862078,65191,33148,41939
862098,65140,33162,41940
862118,65135,33142,41941
862138,65165,33177,41942
862158,65147,33164,41943
862178,65106,33065,41944
862198,65101,33124,41945
862218,65144,33181,41946
862238,65146,33221,41947
862258,65158,33261,41948
862278,65157,33244,41949
862298,65134,33288,41950
862318,65149,33277,41951
862338,65142,33349,41952
862358,65136,33287,41953
862378,65141,33314,41954
862398,65169,33324,41955
862418,65194,33348,41956
862438,65140,33261,41957
862458,65123,33314,41958
862478,65153,33362,41959
862498,65124,33276,41960
862518,65101,33219,41961
862538,65110,33345,41962
862558,65143,33368,41963
862578,65129,33404,41964
862598,65149,33395,41965
862618,65124,33351,41966
862638,65169,33350,41967
862658,65128,33355,41968
862678,65162,33394,41969
862698,65154,33427,41970
862718,65192,33348,41971
862738,65123,33420,41972
862758,65156,33482,41973
862778,65115,33523,41974
862798,65114,33498,41975
862818,65133,33435,41976
862838,65174,33482,41977
862858,65150,33453,41978
862878,65170,33381,41979
862898,65162,33407,41980
862918,65120,33488,41981
862938,65133,33475,41982
862958,65167,33528,41983
862978,65118,33543,41984
862998,65141,33473,41985
863018,65163,33469,41986
863038,65143,33485,41987
863058,65112,33466,41988
863078,65125,33420,41989
863098,65158,33335,41990
863118,65149,33406,41991
863138,65159,33318,41992
863158,65112,33481,41993
863178,65179,33423,41994
863198,65132,33431,41995
863218,65140,33566,41996
863238,65131,33541,41997
863258,65125,33567,41998
863278,65128,33444,41999
863298,65159,33418,42000
863318,65114,33630,42001
863338,65118,33643,42002
863358,65113,33595,42003
863378,65162,33507,42004
863398,65165,33473,42005
863418,65162,33430,42006
863438,65128,33434,42007
863458,65138,33634,42008
863478,65135,33590,42009
863498,65162,33632,42010
863518,65113,33753,42011
863538,65089,33615,42012
863558,65145,33664,42013
863578,65118,33559,42014
863598,65154,33579,42015
863618,65133,33677,42016
863638,65149,33580,42017
863658,65110,33624,42018
863678,65133,33483,42019
863698,65131,33497,42020
863718,65120,33577,42021
863738,65135,33632,42022
863758,65145,33605,42023
863778,65129,33579,42024
863798,65130,33656,42025
863818,65145,33584,42026
863838,65148,33656,42027
863858,65176,33751,42028
863878,65148,33631,42029
863898,65153,33651,42030
863918,65136,33532,42031
863938,65128,33481,42032
863958,65176,33583,42033
863978,65137,33690,42034
863998,65153,33763,42035
864018,65130,33850,42036
864038,65105,33837,42037
864058,65110,33838,42038
864078,65101,33884,42039
864098,65113,33916,42040
864118,65109,33852,42041
864138,65134,33807,42042
864158,65130,33900,42043
864178,65111,33924,42044
864198,65143,33871,42045
864218,65182,33832,42046
864238,65133,33869,42047
864258,65161,33872,42048
864278,65107,34000,42049
864298,65102,33915,42050
864318,65154,33962,42051
864338,65151,33873,42052
864358,65131,33841,42053
864378,65146,33935,42054
864398,65142,33962,42055
864418,65150,33905,42056
864438,65141,33935,42057
864458,65140,33901,42058
864478,65159,33925,42059
864498,65168,33913,42060
864518,65146,34014,42061
864538,65182,33829,42062
864558,65156,33859,42063
864578,65147,33975,42064
864598,65111,34036,42065
864618,65092,33965,42066
864638,65140,33999,42067
864658,65100,33969,42068
864678,65128,34014,42069
864698,65160,33987,42070
864718,65138,34067,42071
864738,65144,33983,42072
864758,65169,34092,42073
864778,65125,34002,42074
864798,65200,34049,42075
864818,65164,34020,42076
864838,65172,34042,42077
864858,65129,34131,42078
864878,65130,34131,42079
864898,65112,34062,42080
864918,65115,34082,42081
864938,65115,34064,42082
864958,65113,34075,42083
864978,65185,34085,42084
864998,65162,34061,42085
865018,65178,34090,42086
865038,65165,34184,42087
865058,65086,34255,42088
865078,65119,34183,42089
865098,65142,34141,42090
865118,65113,34108,42091
865138,65139,34101,42092
865158,65147,34115,42093
865178,65176,34116,42094
865198,65177,33993,42095
865218,65136,34082,42096
865238,65152,34123,42097
865258,65113,34231,42098
865278,65094,34202,42099
865298,65121,34192,42100
865318,65138,34088,42101
865338,65086,34118,42102
865358,65133,34215,42103
865378,65181,34188,42104
865398,65126,34209,42105
865418,65177,34224,42106
865438,65072,34188,42107
865458,65160,34082,42108
865478,65136,33971,42109
865498,65177,33991,42110
865518,65138,34082,42111
865538,65202,34210,42112
865558,65112,34292,42113
865578,65119,34247,42114
865598,65134,34320,42115
865618,65128,34353,42116
865638,65150,34361,42117
865658,65133,34341,42118
865678,65161,34284,42119
865698,65146,34304,42120
865718,65184,34255,42121
865738,65192,34169,42122
865758,65140,34181,42123
865778,65151,34163,42124
865798,65148,34132,42125
865818,65127,34119,42126
865838,65130,34108,42127
865858,65163,34239,42128
865878,65144,34165,42129
865898,65184,34264,42130
865918,65175,34336,42131
865938,65157,34454,42132
865958,65120,34502,42133
865978,65235,34354,42134
865998,65048,34356,42135
866018,65048,34206,42136
866038,65021,34288,42137
866058,65027,34355,42138
866078,65046,34365,42139
866098,65062,34338,42140
866118,65016,34405,42141
866138,65032,34409,42142
866158,65053,34355,42143
866178,65049,34435,42144
866198,65018,34441,42145
866218,65033,34503,42146
866238,65008,34545,42147
866258,65061,34549,42148
866278,65071,34536,42149
866298,65017,34589,42150
866318,65010,34489,42151
866338,65039,34529,42152
866358,65037,34517,42153
866378,65041,34495,42154
866398,65070,34385,42155
866418,65057,34434,42156
866438,65052,34443,42157
866458,64856,34310,42158
866478,64876,34568,42159
866498,64862,34552,42160
866518,64863,34512,42161
866538,64876,34578,42162
866558,64895,34540,42163
866578,64911,34638,42164
866598,64903,34526,42165
866618,64884,34533,42166
866638,64899,34515,42167
866658,64853,34603,42168
866678,64871,34734,42169
866698,64832,34672,42170
866718,64846,34678,42171
866738,64881,34664,42172
866758,64890,34653,42173
866778,64876,34672,42174
866798,64892,34643,42175
866818,64856,34544,42176
866838,64889,34528,42177
866858,64888,34662,42178
866878,64856,34657,42179
866898,64874,34624,42180
866918,64884,34707,42181
866938,64856,34717,42182
866958,64437,34771,42183
866978,64468,34848,42184
866998,64476,34704,42185
867018,64487,34734,42186
867038,64460,34710,42187
867058,64435,34855,42188
867078,64475,34828,42189
867098,64500,34820,42190
867118,64461,34731,42191
867138,64457,34607,42192
867158,64461,34622,42193
867178,64438,34626,42194
867198,64439,34630,42195
867218,64465,34663,42196
867238,64453,34663,42197
867258,64448,34789,42198
867278,64471,34691,42199
867298,64476,34770,42200
867318,64461,34743,42201
867338,64468,34747,42202
867358,64449,34824,42203
867378,64457,34837,42204
867398,64484,34777,42205
867418,64447,34707,42206
867438,64481,34747,42207
867458,64242,34889,42208
867478,64220,34793,42209
867498,64242,34737,42210
867518,64242,34754,42211
867538,64235,34786,42212
867558,64215,34714,42213
867578,64260,34737,42214
867598,64235,34891,42215
867618,64184,34826,42216
867638,64226,34944,42217
867658,64194,34849,42218
867678,64222,34923,42219
867698,64219,34922,42220
867718,64229,34790,42221
867738,64233,34675,42222
867758,64212,34693,42223
867778,64260,34707,42224
867798,64275,34917,42225
867818,64214,34874,42226
867838,64208,34847,42227
867858,64241,34839,42228
867878,64215,34693,42229
867898,64224,34704,42230
867918,64225,34674,42231
867938,64220,34759,42232
867958,63997,34838,42233
867978,63997,34888,42234
867998,63986,34906,42235
868018,63961,34998,42236
868038,63984,35009,42237
868058,63965,34831,42238
868078,63980,34826,42239
868098,64010,35024,42240
868118,63979,34889,42241
868138,64023,34912,42242
868158,64020,34794,42243
868178,64002,34771,42244
868198,63983,34753,42245
868218,64024,34938,42246
868238,63965,34983,42247
868258,63953,34975,42248
868278,63960,35105,42249
868298,63945,35065,42250
868318,63938,35179,42251
868338,63956,35176,42252
868358,63953,35125,42253
868378,63986,35180,42254
868398,63956,35184,42255
868418,63979,35163,42256
868438,63982,35172,42257
868458,63689,35093,42258
868478,63703,35059,42259
868498,63734,35079,42260
868518,63697,35095,42261
868538,63686,35064,42262
868558,63745,34977,42263
868578,63700,34951,42264
868598,63658,35119,42265
868618,63739,35169,42266
868638,63737,35201,42267
868658,63694,35231,42268
868678,63714,35103,42269
868698,63697,35201,42270
868718,63686,35166,42271
868738,63706,35125,42272
868758,63792,35219,42273
868778,63709,35182,42274
868798,63724,35141,42275
868818,63711,35272,42276
868838,63720,35261,42277
868858,63649,35233,42278
868878,63690,35238,42279
868898,63678,35202,42280
868918,63733,35165,42281
868938,63719,35230,42282
868958,63053,35241,42283
868978,63086,35290,42284
