Tiempo_us,ADC_IN_A2,ADC_OUT_A3,Muestra
5502860,3217,887,275068
5502880,3248,923,275069
5502900,3277,890,275070
5502920,3256,896,275071
5502940,3167,899,275072
5502960,3097,954,275073
5502980,3134,884,275074
5503000,3242,865,275075
5503020,3210,884,275076
5503040,3263,843,275077
5503060,3120,954,275078
5503080,3180,908,275079
5503100,3294,896,275080
5503120,3285,892,275081
5503140,3240,941,275082
5503160,3328,919,275083
5503180,3250,904,275084
5503200,3348,923,275085
5503220,3247,926,275086
5503240,3433,882,275087
5503260,3342,889,275088
5503280,3316,897,275089
5503300,3256,887,275090
5503320,3170,893,275091
5503340,3129,899,275092
5503360,3159,871,275093
5503380,3125,868,275094
5503400,3176,890,275095
5503420,3140,880,275096
5503440,3164,940,275097
5503460,3170,917,275098
5503480,3225,916,275099
5503500,3301,919,275100
5503520,3227,868,275101
5503540,3284,879,275102
5503560,3266,890,275103
5503580,3215,889,275104
5503600,3337,882,275105
5503620,3247,880,275106
5503640,3220,909,275107
5503660,3298,903,275108
5503680,3311,896,275109
5503700,3328,894,275110
5503720,3266,887,275111
5503740,3322,878,275112
5503760,3275,889,275113
5503780,3288,908,275114
5503800,3276,916,275115
5503820,3249,876,275116
5503840,3336,867,275117
5503860,3309,899,275118
5503880,3328,885,275119
5503900,3368,916,275120
5503920,3334,880,275121
5503940,3402,882,275122
5503960,3324,872,275123
5503980,3330,877,275124
5504000,3296,955,275125
5504020,3291,889,275126
5504040,3179,897,275127
5504060,3254,871,275128
5504080,3276,906,275129
5504100,3262,854,275130
5504120,3338,912,275131
5504140,3246,909,275132
5504160,3314,890,275133
5504180,3211,897,275134
5504200,3189,872,275135
5504220,3205,913,275136
5504240,3239,923,275137
5504260,3174,901,275138
5504280,3206,875,275139
5504300,3256,825,275140
5504320,3151,881,275141
5504340,3299,889,275142
5504360,3325,882,275143
5504380,3220,887,275144
5504400,3199,880,275145
5504420,3291,847,275146
5504440,3215,910,275147
5504460,3236,917,275148
5504480,3183,892,275149
5504500,3222,873,275150
5504520,3328,874,275151
5504540,3222,919,275152
5504560,3278,889,275153
5504580,3153,873,275154
5504600,3035,893,275155
5504620,3257,887,275156
5504640,3150,939,275157
5504660,3181,892,275158
5504680,3158,897,275159
5504700,3248,853,275160
5504720,3148,943,275161
5504740,3115,897,275162
5504760,3217,874,275163
5504780,3191,879,275164
5504800,3100,904,275165
5504820,3110,883,275166
5504840,3091,887,275167
5504860,3047,893,275168
5504880,3036,871,275169
5504900,3193,892,275170
5504920,3151,851,275171
5504940,3109,911,275172
5504960,3162,886,275173
5504980,3252,936,275174
5505000,3285,857,275175
5505020,3224,909,275176
5505040,3070,911,275177
5505060,3109,882,275178
5505080,2993,921,275179
5505100,3127,897,275180
5505120,3214,876,275181
5505140,3104,914,275182
5505160,3169,912,275183
5505180,3210,870,275184
5505200,3281,908,275185
5505220,3266,919,275186
5505240,3326,866,275187
5505260,3272,938,275188
5505280,3250,884,275189
5505300,3355,856,275190
5505320,3218,876,275191
5505340,3238,883,275192
5505360,3256,890,275193
5505380,3178,896,275194
5505400,3209,905,275195
5505420,3171,877,275196
5505440,3183,895,275197
5505460,3123,906,275198
5505480,3108,879,275199
5505500,3048,893,275200
5505520,3024,909,275201
5505540,3170,885,275202
5505560,3206,891,275203
5505580,3249,908,275204
5505600,3285,911,275205
5505620,3286,898,275206
5505640,3254,905,275207
5505660,3296,926,275208
5505680,3291,878,275209
5505700,3217,889,275210
5505720,3246,897,275211
5505740,3262,849,275212
5505760,3120,894,275213
5505780,3190,922,275214
5505800,3165,893,275215
5505820,3058,924,275216
5505840,3161,909,275217
5505860,3281,872,275218
5505880,3298,929,275219
5505900,3303,917,275220
5505920,3302,887,275221
5505940,3282,889,275222
5505960,3261,908,275223
5505980,3252,895,275224
5506000,3316,904,275225
5506020,3107,864,275226
5506040,3113,906,275227
5506060,2992,894,275228
5506080,3166,913,275229
5506100,3197,903,275230
5506120,3219,893,275231
5506140,3214,903,275232
5506160,3243,894,275233
5506180,3241,908,275234
5506200,3204,912,275235
5506220,3237,888,275236
5506240,3175,898,275237
5506260,3281,891,275238
5506280,3246,898,275239
5506300,3158,893,275240
5506320,3136,899,275241
5506340,3084,903,275242
5506360,3167,920,275243
5506380,3197,870,275244
5506400,3135,888,275245
5506420,3150,904,275246
5506440,3179,903,275247
5506460,3229,884,275248
5506480,3213,890,275249
5506500,3200,887,275250
5506520,3148,879,275251
5506540,3171,858,275252
5506560,3294,930,275253
5506580,3258,902,275254
5506600,3176,891,275255
5506620,3080,886,275256
5506640,3085,912,275257
5506660,3128,883,275258
5506680,3160,878,275259
5506700,3213,871,275260
5506720,3200,872,275261
5506740,3198,882,275262
5506760,3177,864,275263
5506780,3070,930,275264
5506800,3048,885,275265
5506820,3122,889,275266
5506840,3112,884,275267
5506860,3122,890,275268
5506880,3094,916,275269
5506900,2970,871,275270
5506920,3032,894,275271
5506940,3045,902,275272
5506960,3136,865,275273
5506980,3104,887,275274
5507000,3121,919,275275
5507020,3095,887,275276
5507040,3246,875,275277
5507060,3204,928,275278
5507080,3062,894,275279
5507100,3094,910,275280
5507120,3064,904,275281
5507140,3063,881,275282
5507160,3228,938,275283
5507180,3150,892,275284
5507200,3157,894,275285
5507220,3184,895,275286
5507240,3221,876,275287
5507260,3152,882,275288
5507280,3148,891,275289
5507300,3216,888,275290
5507320,3237,864,275291
5507340,3225,886,275292
5507360,3144,915,275293
5507380,3287,901,275294
5507400,3190,896,275295
5507420,3335,908,275296
5507440,3255,899,275297
5507460,3248,894,275298
5507480,3106,886,275299
5507500,3106,894,275300
5507520,3055,875,275301
5507540,3034,889,275302
5507560,2898,909,275303
5507580,3067,891,275304
5507600,3139,884,275305
5507620,3195,889,275306
5507640,3155,914,275307
5507660,3097,914,275308
5507680,3217,907,275309
5507700,3272,904,275310
5507720,3345,872,275311
5507740,3251,894,275312
5507760,3134,875,275313
5507780,3220,892,275314
5507800,3356,880,275315
5507820,3167,895,275316
5507840,3206,878,275317
5507860,3136,920,275318
5507880,3217,907,275319
5507900,3138,890,275320
5507920,3158,896,275321
5507940,3088,910,275322
5507960,3151,910,275323
5507980,3236,938,275324
5508000,3266,879,275325
5508020,3270,920,275326
5508040,3263,914,275327
5508060,3281,900,275328
5508080,3206,908,275329
5508100,3228,873,275330
5508120,3245,895,275331
5508140,3216,876,275332
5508160,3141,902,275333
5508180,3229,889,275334
5508200,3186,844,275335
5508220,3238,909,275336
5508240,3223,845,275337
5508260,3252,901,275338
5508280,3242,889,275339
5508300,3151,874,275340
5508320,3198,889,275341
5508340,3154,865,275342
5508360,3255,878,275343
5508380,3080,880,275344
5508400,3079,868,275345
5508420,3141,917,275346
5508440,3109,913,275347
5508460,3216,920,275348
5508480,3155,895,275349
5508500,3242,910,275350
5508520,3163,900,275351
5508540,3098,871,275352
5508560,3235,891,275353
5508580,3152,894,275354
5508600,3188,912,275355
5508620,3134,939,275356
5508640,3116,898,275357
5508660,3101,905,275358
5508680,3098,882,275359
5508700,3145,875,275360
5508720,3200,856,275361
5508740,3116,921,275362
5508760,3220,911,275363
5508780,3175,912,275364
5508800,3250,867,275365
5508820,3267,922,275366
5508840,3246,888,275367
5508860,3222,881,275368
5508880,3129,947,275369
5508900,3178,897,275370
5508920,3113,827,275371
5508940,3208,897,275372
5508960,3220,885,275373
5508980,3094,859,275374
5509000,3197,910,275375
5509020,3102,898,275376
5509040,3196,903,275377
5509060,3167,922,275378
5509080,3103,895,275379
5509100,3164,863,275380
5509120,3149,863,275381
5509140,3164,891,275382
5509160,3149,890,275383
5509180,3163,897,275384
5509200,3062,874,275385
5509220,3148,904,275386
5509240,3087,901,275387
5509260,3087,914,275388
5509280,3184,887,275389
5509300,3125,875,275390
5509320,3085,904,275391
5509340,3056,899,275392
5509360,2953,864,275393
5509380,2870,906,275394
5509400,2987,905,275395
5509420,3052,899,275396
5509440,3200,871,275397
5509460,3153,929,275398
5509480,3147,923,275399
5509500,3201,931,275400
5509520,3186,928,275401
5509540,3216,894,275402
5509560,3243,890,275403
5509580,3215,904,275404
5509600,3116,882,275405
5509620,3031,900,275406
5509640,3063,866,275407
5509660,2975,917,275408
5509680,2951,893,275409
5509700,2910,867,275410
5509720,2930,895,275411
5509740,2970,907,275412
5509760,2936,887,275413
5509780,3014,874,275414
5509800,3045,879,275415
5509820,3068,893,275416
5509840,3160,905,275417
5509860,3197,893,275418
5509880,3047,881,275419
5509900,3024,915,275420
5509920,2954,895,275421
5509940,3059,894,275422
5509960,3028,903,275423
5509980,2997,901,275424
5510000,3015,857,275425
5510020,2828,895,275426
5510040,2937,910,275427
5510060,2934,899,275428
5510080,3156,905,275429
5510100,3203,881,275430
5510120,3219,916,275431
5510140,3161,882,275432
5510160,3148,898,275433
5510180,3129,912,275434
5510200,3222,872,275435
5510220,3174,912,275436
5510240,3168,899,275437
5510260,3226,908,275438
5510280,3090,872,275439
5510300,3108,900,275440
5510320,3007,900,275441
5510340,3061,880,275442
5510360,3094,886,275443
5510380,3071,868,275444
5510400,3030,904,275445
5510420,3142,886,275446
5510440,3158,879,275447
5510460,3109,916,275448
5510480,3188,900,275449
5510500,3082,884,275450
5510520,3165,918,275451
5510540,3147,876,275452
5510560,3223,880,275453
5510580,3163,898,275454
5510600,3063,894,275455
5510620,3149,881,275456
5510640,3123,893,275457
5510660,3205,909,275458
5510680,3216,898,275459
5510700,3198,911,275460
5510720,3096,862,275461
5510740,3171,899,275462
5510760,3117,873,275463
5510780,3168,915,275464
5510800,3110,897,275465
5510820,3139,859,275466
5510840,3258,862,275467
5510860,3246,882,275468
5510880,3190,905,275469
5510900,3178,887,275470
5510920,3231,886,275471
5510940,3215,877,275472
5510960,3282,916,275473
5510980,3288,875,275474
5511000,3199,881,275475
5511020,3191,880,275476
5511040,3148,943,275477
5511060,3208,904,275478
5511080,3077,899,275479
5511100,3106,916,275480
5511120,3091,900,275481
5511140,3137,888,275482
5511160,3158,912,275483
5511180,3159,926,275484
5511200,3130,907,275485
5511220,3117,894,275486
5511240,3157,864,275487
5511260,3095,878,275488
5511280,3090,890,275489
5511300,3110,893,275490
5511320,3089,918,275491
5511340,3054,884,275492
5511360,3202,886,275493
5511380,3068,895,275494
5511400,2991,902,275495
5511420,3074,907,275496
5511440,3104,890,275497
5511460,3072,912,275498
5511480,3071,879,275499
5511500,3060,873,275500
5511520,3035,870,275501
5511540,3131,925,275502
5511560,3143,882,275503
5511580,3192,855,275504
5511600,3118,904,275505
5511620,3160,887,275506
5511640,3037,895,275507
5511660,3000,894,275508
5511680,2977,923,275509
5511700,2990,904,275510
5511720,3117,892,275511
5511740,3042,863,275512
5511760,2941,916,275513
5511780,2969,878,275514
5511800,2892,864,275515
5511820,2886,888,275516
5511840,2868,897,275517
5511860,2735,885,275518
5511880,2799,877,275519
5511900,2738,891,275520
5511920,2773,908,275521
5511940,2960,893,275522
5511960,2894,897,275523
5511980,2952,869,275524
5512000,3035,908,275525
5512020,3177,894,275526
5512040,3086,906,275527
5512060,3080,872,275528
5512080,2997,877,275529
5512100,2848,871,275530
5512120,2961,883,275531
5512140,2925,886,275532
5512160,3017,904,275533
5512180,2987,879,275534
5512200,3215,898,275535
5512220,3165,874,275536
5512240,3130,899,275537
5512260,3160,892,275538
5512280,3162,895,275539
5512300,3223,901,275540
5512320,3145,904,275541
5512340,3110,907,275542
5512360,3033,890,275543
5512380,3146,874,275544
5512400,2952,932,275545
5512420,3044,903,275546
5512440,2988,904,275547
5512460,2976,904,275548
5512480,3043,892,275549
5512500,3007,904,275550
5512520,3024,902,275551
5512540,2987,900,275552
5512560,2950,873,275553
5512580,2959,875,275554
5512600,2870,898,275555
5512620,3078,911,275556
5512640,3089,912,275557
5512660,3059,860,275558
5512680,3159,872,275559
5512700,3129,889,275560
5512720,3165,926,275561
5512740,3157,909,275562
5512760,3123,909,275563
5512780,3150,893,275564
5512800,3177,899,275565
5512820,3048,884,275566
5512840,3052,898,275567
5512860,3142,885,275568
5512880,3061,875,275569
5512900,3043,899,275570
5512920,2980,897,275571
5512940,3092,903,275572
5512960,3201,856,275573
5512980,3221,908,275574
5513000,3102,910,275575
5513020,3195,906,275576
5513040,3177,900,275577
5513060,3158,897,275578
5513080,3231,939,275579
5513100,3117,881,275580
5513120,3124,940,275581
5513140,3034,888,275582
5513160,3125,928,275583
5513180,3131,885,275584
5513200,3110,845,275585
5513220,3046,917,275586
5513240,3196,885,275587
5513260,3159,880,275588
5513280,3118,909,275589
5513300,3029,914,275590
5513320,3131,884,275591
5513340,3046,893,275592
5513360,3085,897,275593
5513380,3104,912,275594
5513400,3153,893,275595
5513420,3073,919,275596
5513440,3032,884,275597
5513460,3053,886,275598
5513480,3063,908,275599
5513500,3064,873,275600
5513520,3018,886,275601
5513540,3025,899,275602
5513560,3099,892,275603
5513580,3123,920,275604
5513600,3120,898,275605
5513620,3136,890,275606
5513640,3090,892,275607
5513660,3069,848,275608
5513680,3163,896,275609
5513700,3080,885,275610
5513720,3128,901,275611
5513740,3082,916,275612
5513760,3163,881,275613
5513780,3106,889,275614
5513800,3105,904,275615
5513820,3089,932,275616
5513840,3093,903,275617
5513860,3212,889,275618
5513880,3089,911,275619
5513900,3130,888,275620
5513920,3107,904,275621
5513940,3113,922,275622
5513960,2984,920,275623
5513980,3050,889,275624
5514000,3090,878,275625
5514020,2988,843,275626
5514040,2977,866,275627
5514060,2857,908,275628
5514080,2918,858,275629
5514100,2993,875,275630
5514120,3100,878,275631
5514140,3041,907,275632
5514160,3095,835,275633
5514180,2993,861,275634
5514200,3081,872,275635
5514220,2934,910,275636
5514240,3106,876,275637
5514260,3060,885,275638
5514280,3095,857,275639
5514300,3112,864,275640
5514320,3113,905,275641
5514340,3144,859,275642
5514360,3086,925,275643
5514380,3116,907,275644
5514400,3121,884,275645
5514420,2965,889,275646
5514440,3013,892,275647
5514460,3010,923,275648
5514480,3032,879,275649
5514500,3036,889,275650
5514520,2996,911,275651
5514540,3071,900,275652
5514560,3062,870,275653
5514580,2999,919,275654
5514600,3118,870,275655
5514620,3037,895,275656
5514640,3125,875,275657
5514660,3060,907,275658
5514680,3062,909,275659
5514700,2976,898,275660
5514720,3067,909,275661
5514740,2985,875,275662
5514760,2998,905,275663
5514780,3010,878,275664
5514800,3100,869,275665
5514820,3129,872,275666
5514840,3019,867,275667
5514860,3105,893,275668
5514880,3096,872,275669
5514900,3033,877,275670
5514920,2980,874,275671
5514940,2958,918,275672
5514960,2982,917,275673
5514980,3014,896,275674
5515000,3088,897,275675
5515020,3107,883,275676
5515040,3164,879,275677
5515060,3222,887,275678
5515080,3170,877,275679
5515100,3162,904,275680
5515120,3144,879,275681
5515140,3127,911,275682
5515160,3100,863,275683
5515180,3158,896,275684
5515200,3098,890,275685
5515220,3024,888,275686
5515240,3102,919,275687
5515260,3128,883,275688
5515280,3142,861,275689
5515300,3051,890,275690
5515320,3064,887,275691
5515340,3069,878,275692
5515360,3034,874,275693
5515380,3066,909,275694
5515400,3014,850,275695
5515420,3062,869,275696
5515440,3039,900,275697
5515460,3037,879,275698
5515480,3144,880,275699
5515500,3077,863,275700
5515520,3142,873,275701
5515540,3095,887,275702
5515560,3109,905,275703
5515580,3152,880,275704
5515600,2936,890,275705
5515620,2983,879,275706
5515640,3112,884,275707
5515660,3102,894,275708
5515680,3103,881,275709
5515700,2952,902,275710
5515720,3009,890,275711
5515740,3070,909,275712
5515760,2974,891,275713
5515780,3077,901,275714
5515800,3081,877,275715
5515820,3177,879,275716
5515840,3157,923,275717
5515860,3213,891,275718
5515880,3095,900,275719
5515900,3096,908,275720
5515920,3071,889,275721
5515940,3107,880,275722
5515960,3019,905,275723
5515980,3060,903,275724
5516000,3016,921,275725
5516020,3030,889,275726
5516040,3065,889,275727
5516060,3061,918,275728
5516080,2999,871,275729
5516100,3085,879,275730
5516120,3135,863,275731
5516140,3110,890,275732
5516160,3105,920,275733
5516180,2983,887,275734
5516200,3033,901,275735
5516220,3092,889,275736
5516240,3098,922,275737
5516260,3094,870,275738
5516280,2919,900,275739
5516300,3044,891,275740
5516320,2999,904,275741
5516340,3039,899,275742
5516360,2997,877,275743
5516380,2941,898,275744
5516400,3005,872,275745
5516420,3076,883,275746
5516440,3049,877,275747
5516460,3128,913,275748
5516480,3107,895,275749
5516500,3230,861,275750
5516520,3150,882,275751
5516540,3159,909,275752
5516560,3157,887,275753
5516580,3078,854,275754
5516600,3108,905,275755
5516620,3032,928,275756
5516640,3046,897,275757
5516660,2941,913,275758
5516680,3056,913,275759
5516700,3155,875,275760
5516720,3178,872,275761
5516740,3071,895,275762
5516760,3029,890,275763
5516780,3019,912,275764
5516800,3108,897,275765
5516820,3054,891,275766
5516840,3017,919,275767
5516860,2971,929,275768
5516880,3062,875,275769
5516900,3085,902,275770
5516920,3001,883,275771
5516940,3002,907,275772
5516960,2898,883,275773
5516980,3094,875,275774
5517000,3137,901,275775
5517020,3123,874,275776
5517040,3067,935,275777
5517060,3069,865,275778
5517080,2988,901,275779
5517100,2932,919,275780
5517120,2860,898,275781
5517140,2888,910,275782
5517160,3083,901,275783
5517180,3278,868,275784
5517200,3142,879,275785
5517220,3094,899,275786
5517240,3057,895,275787
5517260,3008,900,275788
5517280,3096,860,275789
5517300,3026,904,275790
5517320,3094,904,275791
5517340,3020,851,275792
5517360,2981,894,275793
5517380,2969,870,275794
5517400,2915,892,275795
5517420,2916,866,275796
5517440,2949,912,275797
5517460,2933,870,275798
5517480,3089,890,275799
5517500,2899,885,275800
5517520,2949,934,275801
5517540,2875,913,275802
5517560,3045,878,275803
5517580,3053,918,275804
5517600,3070,874,275805
5517620,2979,899,275806
5517640,2870,922,275807
5517660,2840,909,275808
5517680,2977,864,275809
5517700,2873,905,275810
5517720,3037,889,275811
5517740,2988,917,275812
5517760,3012,889,275813
5517780,3049,891,275814
5517800,3041,900,275815
5517820,3075,872,275816
5517840,3076,877,275817
5517860,3145,908,275818
5517880,3075,912,275819
5517900,3042,891,275820
5517920,3190,879,275821
5517940,3161,852,275822
5517960,3169,897,275823
5517980,2948,868,275824
5518000,2903,877,275825
5518020,2733,876,275826
5518040,2936,912,275827
5518060,2937,876,275828
5518080,3000,894,275829
5518100,2984,865,275830
5518120,2977,929,275831
5518140,2994,951,275832
5518160,3063,904,275833
5518180,2971,877,275834
5518200,3134,894,275835
5518220,3033,889,275836
5518240,3085,864,275837
5518260,3051,914,275838
5518280,3068,885,275839
5518300,3092,864,275840
5518320,3063,884,275841
5518340,3028,892,275842
5518360,2938,917,275843
5518380,2929,880,275844
5518400,2990,912,275845
5518420,2958,907,275846
5518440,3066,867,275847
5518460,2854,854,275848
5518480,3043,843,275849
5518500,3060,886,275850
5518520,3060,912,275851
5518540,3009,911,275852
5518560,3037,915,275853
5518580,2909,910,275854
5518600,3091,857,275855
5518620,3087,882,275856
5518640,3154,896,275857
5518660,3131,840,275858
5518680,3037,894,275859
5518700,3085,899,275860
5518720,3083,885,275861
5518740,3052,849,275862
5518760,2913,947,275863
5518780,3033,844,275864
5518800,3129,891,275865
5518820,3074,916,275866
5518840,3171,878,275867
5518860,3137,843,275868
5518880,2978,941,275869
5518900,3143,841,275870
5518920,3012,873,275871
5518940,3091,883,275872
5518960,3004,931,275873
5518980,3022,856,275874
5519000,3084,898,275875
5519020,3084,910,275876
5519040,3029,866,275877
5519060,3007,908,275878
5519080,3042,895,275879
5519100,3108,894,275880
5519120,2957,891,275881
5519140,2958,903,275882
5519160,2829,896,275883
5519180,3011,880,275884
5519200,3028,902,275885
5519220,3092,845,275886
5519240,3080,913,275887
5519260,3016,913,275888
5519280,2975,896,275889
5519300,2935,907,275890
5519320,2881,890,275891
5519340,3115,907,275892
5519360,2986,917,275893
5519380,3097,903,275894
5519400,3127,881,275895
5519420,3093,873,275896
5519440,3087,896,275897
5519460,3123,880,275898
5519480,2987,885,275899
5519500,2969,895,275900
5519520,2926,898,275901
5519540,2919,881,275902
5519560,2833,904,275903
5519580,2854,924,275904
5519600,3087,873,275905
5519620,2952,905,275906
5519640,2927,867,275907
5519660,3148,868,275908
5519680,3019,902,275909
5519700,2984,894,275910
5519720,3015,892,275911
5519740,3082,914,275912
5519760,3103,855,275913
5519780,3059,923,275914
5519800,2899,832,275915
5519820,2776,896,275916
5519840,2827,845,275917
5519860,2899,939,275918
5519880,2963,921,275919
5519900,3013,915,275920
5519920,3002,909,275921
5519940,3026,893,275922
5519960,3024,893,275923
5519980,3054,881,275924
5520000,3065,864,275925
5520020,3002,945,275926
5520040,3027,885,275927
5520060,3117,910,275928
5520080,3095,882,275929
5520100,2977,894,275930
5520120,2988,875,275931
5520140,2974,876,275932
5520160,2986,919,275933
5520180,2847,899,275934
5520200,2819,939,275935
5520220,2973,868,275936
5520240,3019,859,275937
5520260,3029,915,275938
5520280,3079,881,275939
5520300,3086,891,275940
5520320,3115,879,275941
5520340,3104,889,275942
5520360,3142,885,275943
5520380,3096,863,275944
5520400,3084,913,275945
5520420,3073,889,275946
5520440,3123,855,275947
5520460,3044,898,275948
5520480,3032,887,275949
5520500,3039,903,275950
5520520,3033,883,275951
5520540,3031,893,275952
5520560,3038,881,275953
5520580,3068,901,275954
5520600,3066,940,275955
5520620,2931,914,275956
5520640,3064,888,275957
5520660,3063,886,275958
5520680,3039,882,275959
5520700,3097,912,275960
5520720,3159,841,275961
5520740,3193,904,275962
5520760,3094,894,275963
5520780,3149,912,275964
5520800,3101,900,275965
5520820,3133,905,275966
5520840,3157,918,275967
5520860,3122,916,275968
5520880,3063,911,275969
5520900,3149,896,275970
5520920,3082,864,275971
5520940,3107,892,275972
5520960,3001,911,275973
5520980,3071,888,275974
5521000,3115,881,275975
5521020,3109,919,275976
5521040,3167,883,275977
5521060,3184,888,275978
5521080,3101,886,275979
5521100,3154,879,275980
5521120,3152,903,275981
5521140,3140,921,275982
5521160,3113,908,275983
5521180,3042,939,275984
5521200,3061,894,275985
5521220,3069,870,275986
5521240,3087,906,275987
5521260,2995,911,275988
5521280,3026,905,275989
5521300,3052,865,275990
5521320,3101,874,275991
5521340,3093,874,275992
5521360,3032,895,275993
5521380,3143,896,275994
5521400,3161,883,275995
5521420,3099,863,275996
5521440,3155,923,275997
5521460,3048,882,275998
5521480,3140,890,275999
5521500,3071,882,276000
5521520,3062,895,276001
5521540,3067,915,276002
5521560,2927,887,276003
5521580,2978,917,276004
5521600,2943,886,276005
5521620,3015,899,276006
5521640,2990,891,276007
5521660,3029,861,276008
5521680,3039,876,276009
5521700,3024,883,276010
5521720,3044,889,276011
5521740,2911,877,276012
5521760,2972,866,276013
5521780,2884,859,276014
5521800,3083,922,276015
5521820,2997,879,276016
5521840,3001,907,276017
5521860,3020,865,276018
5521880,3049,908,276019
5521900,2995,875,276020
5521920,2957,868,276021
5521940,2883,889,276022
5521960,2977,899,276023
5521980,2808,896,276024
5522000,2762,902,276025
5522020,2608,863,276026
5522040,2730,872,276027
5522060,2736,891,276028
5522080,2810,878,276029
5522100,2894,912,276030
5522120,2917,899,276031
5522140,2871,903,276032
5522160,2855,885,276033
5522180,2958,930,276034
5522200,2987,917,276035
5522220,3042,877,276036
5522240,3026,865,276037
5522260,3021,897,276038
5522280,2989,895,276039
5522300,3023,908,276040
5522320,3017,910,276041
5522340,3013,911,276042
5522360,3060,897,276043
5522380,3108,884,276044
5522400,3068,898,276045
5522420,3093,885,276046
5522440,3103,890,276047
5522460,3073,884,276048
5522480,3125,881,276049
5522500,3048,864,276050
5522520,2942,887,276051
5522540,3021,898,276052
5522560,3093,888,276053
5522580,3035,908,276054
5522600,3034,895,276055
5522620,3108,876,276056
5522640,3075,899,276057
5522660,2976,893,276058
5522680,3008,891,276059
5522700,3082,886,276060
5522720,3023,889,276061
5522740,3079,886,276062
5522760,3088,878,276063
5522780,3151,900,276064
5522800,3064,891,276065
5522820,3187,890,276066
5522840,3138,923,276067
5522860,3060,884,276068
5522880,3106,905,276069
5522900,3002,891,276070
5522920,3008,895,276071
5522940,3143,890,276072
5522960,2941,881,276073
5522980,2919,891,276074
5523000,2966,881,276075
5523020,3008,863,276076
5523040,2954,901,276077
5523060,2918,883,276078
5523080,3043,919,276079
5523100,3066,900,276080
5523120,3044,906,276081
5523140,3132,878,276082
5523160,3042,900,276083
5523180,3153,891,276084
5523200,3048,877,276085
5523220,3108,927,276086
5523240,3047,875,276087
5523260,3110,838,276088
5523280,3030,840,276089
5523300,3004,907,276090
5523320,2986,908,276091
5523340,2926,888,276092
5523360,2941,881,276093
5523380,3013,896,276094
5523400,2986,889,276095
5523420,3022,878,276096
5523440,2984,860,276097
5523460,3018,902,276098
5523480,3050,899,276099
5523500,3004,855,276100
5523520,3117,900,276101
5523540,3022,869,276102
5523560,3060,938,276103
5523580,3099,915,276104
5523600,3047,884,276105
5523620,3068,870,276106
5523640,3063,878,276107
5523660,3015,905,276108
5523680,2956,913,276109
5523700,2991,901,276110
5523720,2985,877,276111
5523740,3001,919,276112
5523760,3018,879,276113
5523780,2988,897,276114
5523800,2947,865,276115
5523820,2963,912,276116
5523840,2918,877,276117
5523860,3004,873,276118
5523880,2993,897,276119
5523900,2988,898,276120
5523920,2918,862,276121
5523940,2919,910,276122
5523960,2944,919,276123
5523980,2901,933,276124
5524000,2893,865,276125
5524020,2844,870,276126
5524040,2823,901,276127
5524060,2946,899,276128
5524080,2925,893,276129
5524100,2951,897,276130
5524120,3017,866,276131
5524140,3096,900,276132
5524160,3084,867,276133
5524180,3028,882,276134
5524200,3084,865,276135
5524220,2960,893,276136
5524240,3075,909,276137
5524260,3030,900,276138
5524280,3039,919,276139
5524300,3060,893,276140
5524320,3081,892,276141
5524340,3008,890,276142
5524360,2939,835,276143
5524380,2881,899,276144
5524400,3062,890,276145
5524420,3008,881,276146
5524440,3002,904,276147
5524460,2967,902,276148
5524480,2993,895,276149
5524500,2987,901,276150
5524520,3038,894,276151
5524540,3013,894,276152
5524560,3038,887,276153
5524580,3094,863,276154
5524600,3033,915,276155
5524620,3059,911,276156
5524640,3038,881,276157
5524660,3087,932,276158
5524680,3170,911,276159
5524700,3043,878,276160
5524720,3073,838,276161
5524740,2974,937,276162
5524760,3003,911,276163
5524780,2994,880,276164
5524800,2938,881,276165
5524820,3037,847,276166
5524840,2931,881,276167
5524860,3079,855,276168
5524880,3100,880,276169
5524900,2920,869,276170
5524920,2989,905,276171
5524940,3009,909,276172
5524960,2990,882,276173
5524980,2930,923,276174
5525000,2964,889,276175
5525020,3016,844,276176
5525040,3028,864,276177
5525060,3027,889,276178
5525080,3095,879,276179
5525100,3005,858,276180
5525120,3043,878,276181
5525140,3044,894,276182
5525160,2963,941,276183
5525180,2946,904,276184
5525200,2945,889,276185
5525220,3087,896,276186
5525240,2958,888,276187
5525260,3001,882,276188
5525280,2991,886,276189
5525300,2991,896,276190
5525320,3049,886,276191
5525340,2986,899,276192
5525360,2995,900,276193
5525380,2972,873,276194
5525400,2966,868,276195
5525420,3064,915,276196
5525440,2970,881,276197
5525460,2915,888,276198
5525480,2930,905,276199
5525500,2986,889,276200
5525520,3052,869,276201
5525540,3000,872,276202
5525560,2983,889,276203
5525580,2998,881,276204
5525600,2978,891,276205
5525620,3014,897,276206
5525640,2926,918,276207
5525660,2981,899,276208
5525680,2956,879,276209
5525700,3157,870,276210
5525720,3107,903,276211
5525740,3031,849,276212
5525760,3004,956,276213
5525780,3125,874,276214
5525800,3011,951,276215
5525820,3114,920,276216
5525840,3173,857,276217
5525860,3104,816,276218
5525880,3030,847,276219
5525900,3091,847,276220
5525920,2897,833,276221
5525940,2923,908,276222
5525960,3003,919,276223
5525980,3033,897,276224
5526000,2939,864,276225
5526020,2959,907,276226
5526040,2815,883,276227
5526060,2778,901,276228
5526080,3009,866,276229
5526100,2982,909,276230
5526120,2993,910,276231
5526140,3035,886,276232
5526160,3058,871,276233
5526180,3078,880,276234
5526200,3057,906,276235
5526220,3007,887,276236
5526240,3043,903,276237
5526260,3062,885,276238
5526280,3001,898,276239
5526300,3068,869,276240
5526320,2967,868,276241
5526340,2936,878,276242
5526360,2982,895,276243
5526380,2968,900,276244
5526400,3036,881,276245
5526420,2990,894,276246
5526440,2960,887,276247
5526460,3000,875,276248
5526480,3059,919,276249
5526500,3003,920,276250
5526520,2911,909,276251
5526540,3035,881,276252
5526560,3076,886,276253
5526580,3038,879,276254
5526600,3011,884,276255
5526620,2909,906,276256
5526640,2986,920,276257
5526660,2942,895,276258
5526680,2969,888,276259
5526700,2903,891,276260
5526720,2952,897,276261
5526740,2822,888,276262
5526760,2898,876,276263
5526780,2831,870,276264
5526800,2834,892,276265
5526820,2904,876,276266
5526840,2899,871,276267
5526860,2878,862,276268
5526880,2883,908,276269
5526900,2781,904,276270
5526920,2720,872,276271
5526940,2629,883,276272
5526960,2652,863,276273
5526980,2626,870,276274
5527000,2705,895,276275
5527020,2883,881,276276
5527040,2934,885,276277
5527060,2890,902,276278
5527080,2901,899,276279
5527100,2763,902,276280
5527120,2790,859,276281
5527140,2760,902,276282
5527160,2762,874,276283
5527180,2709,889,276284
5527200,2664,886,276285
5527220,2882,869,276286
5527240,3034,890,276287
5527260,2991,881,276288
5527280,3015,869,276289
5527300,2935,888,276290
5527320,2952,907,276291
5527340,2899,871,276292
5527360,2876,864,276293
5527380,2684,901,276294
5527400,2771,899,276295
5527420,2765,851,276296
5527440,2790,882,276297
5527460,2948,855,276298
5527480,2945,921,276299
5527500,2903,876,276300
5527520,2867,865,276301
5527540,2949,862,276302
5527560,3089,864,276303
5527580,2943,884,276304
5527600,2986,905,276305
5527620,3019,844,276306
5527640,2854,905,276307
5527660,2861,915,276308
5527680,2627,879,276309
5527700,2794,871,276310
5527720,2942,858,276311
5527740,2952,874,276312
5527760,2952,932,276313
5527780,3065,831,276314
5527800,2984,904,276315
5527820,3095,864,276316
5527840,2993,903,276317
5527860,3004,880,276318
5527880,2959,898,276319
5527900,2929,927,276320
5527920,2980,886,276321
5527940,3007,883,276322
5527960,2960,870,276323
5527980,3046,856,276324
5528000,3098,904,276325
5528020,3047,907,276326
5528040,3107,856,276327
5528060,3018,885,276328
5528080,2972,872,276329
5528100,3017,874,276330
5528120,2934,929,276331
5528140,2951,909,276332
5528160,2987,859,276333
5528180,2948,907,276334
5528200,2969,892,276335
5528220,2910,886,276336
5528240,2945,869,276337
5528260,2942,887,276338
5528280,2956,917,276339
5528300,3015,882,276340
5528320,2984,881,276341
5528340,2952,907,276342
5528360,3019,950,276343
5528380,3083,851,276344
5528400,3027,935,276345
5528420,2949,932,276346
5528440,2926,868,276347
5528460,3019,872,276348
5528480,2874,904,276349
5528500,3002,886,276350
5528520,2913,913,276351
5528540,2862,894,276352
5528560,2771,815,276353
5528580,2967,895,276354
5528600,2871,913,276355
5528620,2781,925,276356
5528640,2890,881,276357
5528660,2943,928,276358
5528680,2978,874,276359
5528700,2952,885,276360
5528720,3023,833,276361
5528740,2975,869,276362
5528760,2921,860,276363
5528780,3048,869,276364
5528800,3060,895,276365
5528820,3007,846,276366
5528840,2823,909,276367
5528860,2885,925,276368
5528880,2786,895,276369
5528900,2823,892,276370
5528920,2756,880,276371
5528940,2857,874,276372
5528960,2843,851,276373
5528980,2919,875,276374
5529000,2880,897,276375
5529020,2785,928,276376
5529040,2800,837,276377
5529060,2836,905,276378
5529080,2877,935,276379
5529100,2780,896,276380
5529120,2835,892,276381
5529140,2911,892,276382
5529160,2953,923,276383
5529180,2985,884,276384
5529200,2813,929,276385
5529220,2834,905,276386
5529240,2781,895,276387
5529260,2893,889,276388
5529280,2867,937,276389
5529300,2840,861,276390
5529320,2864,917,276391
5529340,2910,832,276392
5529360,2862,867,276393
5529380,2912,845,276394
5529400,3031,789,276395
5529420,2846,826,276396
5529440,2868,863,276397
5529460,2672,885,276398
5529480,2742,861,276399
5529500,2860,925,276400
5529520,2992,934,276401
5529540,3064,920,276402
5529560,2957,883,276403
5529580,2960,904,276404
5529600,2878,889,276405
5529620,2904,904,276406
5529640,2999,932,276407
5529660,2849,940,276408
5529680,3006,893,276409
5529700,2750,930,276410
5529720,2884,916,276411
5529740,2947,886,276412
5529760,2948,903,276413
5529780,2877,884,276414
5529800,2956,922,276415
5529820,3040,924,276416
5529840,2985,858,276417
5529860,3031,887,276418
5529880,2977,883,276419
5529900,2899,884,276420
5529920,2981,890,276421
5529940,2954,912,276422
5529960,2915,884,276423
5529980,2872,848,276424
5530000,2620,903,276425
5530020,2710,875,276426
5530040,2820,897,276427
5530060,2929,828,276428
5530080,2890,895,276429
5530100,2876,865,276430
5530120,2883,930,276431
5530140,2849,896,276432
5530160,2935,901,276433
5530180,2902,866,276434
5530200,2810,893,276435
5530220,2935,893,276436
5530240,2924,901,276437
5530260,2975,876,276438
5530280,2915,892,276439
5530300,2978,896,276440
5530320,2962,896,276441
5530340,2986,888,276442
5530360,2894,889,276443
5530380,3018,896,276444
5530400,2955,894,276445
5530420,2992,871,276446
5530440,3024,898,276447
5530460,2916,921,276448
5530480,3010,889,276449
5530500,2950,871,276450
5530520,2942,872,276451
5530540,2932,875,276452
5530560,2877,882,276453
5530580,2882,882,276454
5530600,2944,892,276455
5530620,2885,892,276456
5530640,2927,899,276457
5530660,2802,907,276458
5530680,2927,899,276459
5530700,2887,876,276460
5530720,2880,893,276461
5530740,2770,903,276462
5530760,2810,879,276463
5530780,2844,912,276464
5530800,2853,878,276465
5530820,2874,902,276466
5530840,2825,873,276467
5530860,2801,891,276468
5530880,2820,887,276469
5530900,2860,889,276470
5530920,2815,907,276471
5530940,2805,911,276472
5530960,2837,877,276473
5530980,2865,898,276474
5531000,2841,868,276475
5531020,2807,890,276476
5531040,2860,879,276477
5531060,3043,886,276478
5531080,2880,894,276479
5531100,2841,883,276480
5531120,2897,881,276481
5531140,2812,899,276482
5531160,2862,899,276483
5531180,2895,887,276484
5531200,2830,903,276485
5531220,2854,899,276486
5531240,2889,898,276487
5531260,2999,878,276488
5531280,2996,871,276489
5531300,2989,890,276490
5531320,2941,898,276491
5531340,2927,892,276492
5531360,3000,879,276493
5531380,2986,880,276494
5531400,2970,879,276495
5531420,2994,875,276496
5531440,2910,886,276497
5531460,3021,879,276498
5531480,2941,873,276499
5531500,2950,928,276500
5531520,2933,908,276501
5531540,2929,903,276502
5531560,2899,914,276503
5531580,2897,913,276504
5531600,2858,887,276505
5531620,2907,893,276506
5531640,2873,890,276507
5531660,2927,876,276508
5531680,2868,882,276509
5531700,2891,886,276510
5531720,2838,908,276511
5531740,2889,886,276512
5531760,2939,889,276513
5531780,2870,886,276514
5531800,2868,899,276515
5531820,2888,884,276516
5531840,2958,889,276517
5531860,2975,883,276518
5531880,2976,892,276519
5531900,2921,885,276520
5531920,2900,886,276521
5531940,2943,910,276522
5531960,2903,896,276523
5531980,2911,908,276524
5532000,2973,871,276525
5532020,2971,868,276526
5532040,2920,884,276527
5532060,2868,900,276528
5532080,2873,869,276529
5532100,2752,895,276530
5532120,2871,863,276531
5532140,2865,884,276532
5532160,2925,856,276533
5532180,2884,904,276534
5532200,2938,896,276535
5532220,2971,886,276536
5532240,2941,891,276537
5532260,2878,913,276538
5532280,2920,882,276539
5532300,2935,912,276540
5532320,2996,891,276541
5532340,2919,897,276542
5532360,2913,883,276543
5532380,2906,886,276544
5532400,2940,898,276545
5532420,2910,877,276546
5532440,2833,912,276547
5532460,2759,877,276548
5532480,2778,870,276549
5532500,2743,891,276550
5532520,2706,902,276551
5532540,2610,867,276552
5532560,2635,888,276553
5532580,2687,901,276554
5532600,2696,906,276555
5532620,2677,898,276556
5532640,2738,896,276557
5532660,2808,894,276558
5532680,2870,924,276559
5532700,2847,896,276560
5532720,2870,878,276561
5532740,2834,891,276562
5532760,2818,918,276563
5532780,2855,863,276564
5532800,2723,881,276565
5532820,2776,893,276566
5532840,2761,901,276567
5532860,2836,878,276568
5532880,2882,922,276569
5532900,2876,886,276570
5532920,2822,902,276571
5532940,2746,893,276572
5532960,2758,863,276573
5532980,2934,884,276574
5533000,2856,883,276575
5533020,2910,885,276576
5533040,2861,914,276577
5533060,2921,897,276578
5533080,2768,897,276579
5533100,2842,886,276580
5533120,2724,822,276581
5533140,2704,903,276582
5533160,2828,919,276583
5533180,2893,933,276584
5533200,2910,866,276585
5533220,2895,911,276586
5533240,2929,876,276587
5533260,2934,861,276588
5533280,2939,899,276589
5533300,2849,895,276590
5533320,2950,872,276591
5533340,2866,914,276592
5533360,2858,897,276593
5533380,2909,879,276594
5533400,2954,849,276595
5533420,2853,848,276596
5533440,2867,905,276597
5533460,2828,875,276598
5533480,2858,937,276599
5533500,2874,919,276600
5533520,2895,885,276601
5533540,2936,893,276602
5533560,2877,920,276603
5533580,2915,873,276604
5533600,2822,898,276605
5533620,2823,865,276606
5533640,2863,947,276607
5533660,2934,854,276608
5533680,2846,887,276609
5533700,2925,912,276610
5533720,2818,883,276611
5533740,2913,904,276612
5533760,2855,902,276613
5533780,2865,866,276614
5533800,2874,897,276615
5533820,2765,854,276616
5533840,2857,872,276617
5533860,2684,876,276618
5533880,2957,887,276619
5533900,2832,935,276620
5533920,2768,893,276621
5533940,2837,850,276622
5533960,2715,896,276623
5533980,2762,886,276624
5534000,2686,911,276625
5534020,2596,851,276626
5534040,2725,900,276627
5534060,2739,893,276628
5534080,2852,843,276629
5534100,2741,895,276630
5534120,2803,897,276631
5534140,2825,939,276632
5534160,2723,902,276633
5534180,2806,808,276634
5534200,2843,894,276635
5534220,2917,868,276636
5534240,2859,888,276637
5534260,2781,866,276638
5534280,2846,882,276639
5534300,2723,844,276640
5534320,2817,850,276641
5534340,2800,878,276642
5534360,2720,884,276643
5534380,2770,894,276644
5534400,2709,894,276645
5534420,2801,942,276646
5534440,2771,843,276647
5534460,2764,878,276648
5534480,2763,929,276649
5534500,2798,890,276650
5534520,2848,870,276651
5534540,2847,878,276652
5534560,2726,879,276653
5534580,2849,872,276654
5534600,2654,893,276655
5534620,2750,873,276656
5534640,2931,839,276657
5534660,2660,919,276658
5534680,2803,898,276659
5534700,2689,918,276660
5534720,2727,887,276661
5534740,2601,915,276662
5534760,2645,854,276663
5534780,2812,918,276664
5534800,2827,884,276665
5534820,2799,914,276666
5534840,2697,888,276667
5534860,2624,959,276668
5534880,2825,868,276669
5534900,2771,935,276670
5534920,2789,858,276671
5534940,2760,923,276672
5534960,2716,883,276673
5534980,2574,872,276674
5535000,2649,960,276675
5535020,2670,948,276676
5535040,2678,881,276677
5535060,2757,875,276678
5535080,2604,871,276679
5535100,2760,880,276680
5535120,2678,888,276681
5535140,2728,910,276682
5535160,2617,884,276683
5535180,2694,879,276684
5535200,2619,890,276685
5535220,2554,897,276686
5535240,2765,923,276687
5535260,2885,883,276688
5535280,2870,881,276689
5535300,2854,870,276690
5535320,2869,877,276691
5535340,2858,874,276692
5535360,2797,867,276693
5535380,2763,911,276694
5535400,2695,886,276695
5535420,2600,882,276696
5535440,2622,868,276697
5535460,2596,872,276698
5535480,2675,900,276699
5535500,2587,879,276700
5535520,2548,898,276701
5535540,2696,884,276702
5535560,2836,875,276703
5535580,2821,874,276704
5535600,2741,897,276705
5535620,2750,869,276706
5535640,2774,887,276707
5535660,2864,895,276708
5535680,2973,886,276709
5535700,2837,892,276710
5535720,2831,893,276711
5535740,2788,920,276712
5535760,2798,889,276713
5535780,2800,922,276714
5535800,2747,979,276715
5535820,2743,905,276716
5535840,2804,887,276717
5535860,2889,898,276718
5535880,2845,914,276719
5535900,2656,893,276720
5535920,2673,904,276721
5535940,2755,899,276722
5535960,2714,908,276723
5535980,2765,884,276724
5536000,2691,920,276725
5536020,2710,864,276726
5536040,2852,897,276727
5536060,2754,866,276728
5536080,2861,885,276729
5536100,2800,873,276730
5536120,2832,879,276731
5536140,2922,866,276732
5536160,2840,875,276733
5536180,2829,884,276734
5536200,2746,883,276735
5536220,2901,871,276736
5536240,2918,860,276737
5536260,2958,870,276738
5536280,2921,902,276739
5536300,2890,883,276740
5536320,2880,877,276741
5536340,2901,863,276742
5536360,2970,900,276743
5536380,2865,885,276744
5536400,2809,899,276745
5536420,2842,871,276746
5536440,2840,896,276747
5536460,2862,868,276748
5536480,2756,889,276749
5536500,2763,879,276750
5536520,2875,867,276751
5536540,2851,917,276752
5536560,2806,876,276753
5536580,2792,891,276754
5536600,2781,883,276755
5536620,2864,886,276756
5536640,2897,916,276757
5536660,2799,915,276758
5536680,2771,898,276759
5536700,2746,864,276760
5536720,2694,899,276761
5536740,2776,857,276762
5536760,2857,856,276763
5536780,2849,854,276764
5536800,2881,919,276765
5536820,2629,864,276766
5536840,2704,863,276767
5536860,2721,871,276768
5536880,2692,901,276769
5536900,2804,890,276770
5536920,2790,902,276771
5536940,2813,890,276772
5536960,2669,885,276773
5536980,2643,886,276774
5537000,2718,860,276775
5537020,2604,875,276776
5537040,2578,880,276777
5537060,2641,889,276778
5537080,2770,877,276779
5537100,2974,880,276780
5537120,2893,886,276781
5537140,2798,879,276782
5537160,2812,889,276783
5537180,2822,895,276784
5537200,2817,869,276785
5537220,2686,911,276786
5537240,2639,895,276787
5537260,2614,892,276788
5537280,2661,887,276789
5537300,2653,884,276790
5537320,2602,892,276791
5537340,2619,886,276792
5537360,2628,881,276793
5537380,2711,910,276794
5537400,2892,874,276795
5537420,2837,854,276796
5537440,2761,893,276797
5537460,2681,888,276798
5537480,2667,898,276799
5537500,2830,889,276800
5537520,2814,886,276801
5537540,2827,906,276802
5537560,2801,904,276803
5537580,2867,895,276804
5537600,2654,898,276805
5537620,2611,909,276806
5537640,2594,902,276807
5537660,2540,897,276808
5537680,2685,890,276809
5537700,2829,875,276810
5537720,2798,876,276811
5537740,2864,876,276812
5537760,2826,916,276813
5537780,2884,890,276814
5537800,2840,874,276815
5537820,2779,881,276816
5537840,2836,898,276817
5537860,2749,867,276818
5537880,2767,900,276819
5537900,2638,892,276820
5537920,2640,905,276821
5537940,2555,906,276822
5537960,2659,883,276823
5537980,2596,904,276824
5538000,2658,899,276825
5538020,2690,878,276826
5538040,2780,870,276827
5538060,2721,866,276828
5538080,2757,896,276829
5538100,2710,867,276830
5538120,2773,889,276831
5538140,2759,900,276832
5538160,2871,897,276833
5538180,2826,894,276834
5538200,2814,889,276835
5538220,2872,855,276836
5538240,2838,887,276837
5538260,2863,908,276838
5538280,2786,896,276839
5538300,2717,871,276840
5538320,2775,899,276841
5538340,2806,867,276842
5538360,2785,868,276843
5538380,2774,895,276844
5538400,2677,895,276845
5538420,2736,920,276846
5538440,2759,875,276847
5538460,2816,875,276848
5538480,2862,910,276849
5538500,2871,893,276850
5538520,2812,878,276851
5538540,2800,858,276852
5538560,2859,858,276853
5538580,2841,899,276854
5538600,2762,860,276855
5538620,2788,896,276856
5538640,2836,897,276857
5538660,2754,884,276858
5538680,2701,895,276859
5538700,2730,882,276860
5538720,2799,882,276861
5538740,2860,902,276862
5538760,2739,883,276863
5538780,2638,902,276864
5538800,2655,884,276865
5538820,2713,890,276866
5538840,2853,895,276867
5538860,2760,880,276868
5538880,2692,913,276869
5538900,2758,883,276870
5538920,2783,870,276871
5538940,2673,905,276872
5538960,2625,891,276873
5538980,2701,880,276874
5539000,2700,877,276875
5539020,2780,905,276876
5539040,2806,876,276877
5539060,2653,887,276878
5539080,2724,879,276879
5539100,2732,908,276880
5539120,2617,875,276881
5539140,2697,881,276882
5539160,2664,864,276883
5539180,2671,877,276884
5539200,2780,886,276885
5539220,2760,898,276886
5539240,2673,855,276887
5539260,2484,887,276888
5539280,2535,899,276889
5539300,2469,851,276890
5539320,2482,909,276891
5539340,2511,896,276892
5539360,2513,894,276893
5539380,2511,867,276894
5539400,2601,860,276895
5539420,2530,898,276896
5539440,2523,916,276897
5539460,2596,879,276898
5539480,2646,874,276899
5539500,2730,873,276900
5539520,2712,877,276901
5539540,2676,874,276902
5539560,2672,894,276903
5539580,2736,892,276904
5539600,2766,888,276905
5539620,2747,889,276906
5539640,2740,833,276907
5539660,2475,849,276908
5539680,2590,880,276909
5539700,2562,877,276910
5539720,2756,870,276911
5539740,2748,851,276912
5539760,2745,908,276913
5539780,2816,867,276914
5539800,2911,877,276915
5539820,2809,896,276916
5539840,2760,871,276917
5539860,2828,865,276918
5539880,2817,873,276919
5539900,2798,865,276920
5539920,2889,875,276921
5539940,2797,863,276922
5539960,2651,876,276923
5539980,2670,854,276924
5540000,2656,922,276925
5540020,2696,840,276926
5540040,2564,917,276927
5540060,2579,869,276928
5540080,2510,930,276929
5540100,2599,902,276930
5540120,2593,918,276931
5540140,2772,912,276932
5540160,2786,851,276933
5540180,2800,880,276934
5540200,2755,880,276935
5540220,2864,881,276936
5540240,2769,913,276937
5540260,2845,858,276938
5540280,2816,861,276939
5540300,2809,871,276940
5540320,2793,935,276941
5540340,2722,841,276942
5540360,2861,896,276943
5540380,2802,894,276944
5540400,2829,894,276945
5540420,2738,860,276946
5540440,2782,879,276947
5540460,2802,913,276948
5540480,2845,879,276949
5540500,2787,946,276950
5540520,2877,865,276951
5540540,2816,890,276952
5540560,2884,874,276953
5540580,2771,914,276954
5540600,2675,864,276955
5540620,2784,911,276956
5540640,2771,899,276957
5540660,2866,892,276958
5540680,2815,882,276959
5540700,2877,921,276960
5540720,2754,899,276961
5540740,2825,893,276962
5540760,2810,911,276963
5540780,2803,853,276964
5540800,2755,853,276965
5540820,2803,818,276966
5540840,2896,885,276967
5540860,2849,856,276968
5540880,2780,912,276969
5540900,2813,881,276970
5540920,2795,865,276971
5540940,2769,880,276972
5540960,2656,908,276973
5540980,2694,861,276974
5541000,2778,905,276975
5541020,2676,934,276976
5541040,2710,906,276977
5541060,2725,880,276978
5541080,2569,840,276979
5541100,2704,888,276980
5541120,2666,892,276981
5541140,2654,873,276982
5541160,2670,912,276983
5541180,2596,911,276984
5541200,2756,876,276985
5541220,2657,898,276986
5541240,2745,878,276987
5541260,2628,889,276988
5541280,2668,877,276989
5541300,2732,878,276990
5541320,2673,923,276991
5541340,2672,893,276992
5541360,2620,866,276993
5541380,2604,846,276994
5541400,2622,873,276995
5541420,2726,902,276996
5541440,2739,877,276997
5541460,2555,896,276998
5541480,2744,927,276999
5541500,2671,890,277000
5541520,2653,935,277001
5541540,2543,903,277002
5541560,2518,892,277003
5541580,2682,835,277004
5541600,2828,843,277005
5541620,2732,916,277006
5541640,2812,848,277007
5541660,2729,856,277008
5541680,2750,930,277009
5541700,2718,834,277010
5541720,2670,917,277011
5541740,2721,917,277012
5541760,2635,899,277013
5541780,2726,956,277014
5541800,2705,882,277015
5541820,2760,933,277016
5541840,2682,896,277017
5541860,2666,863,277018
5541880,2636,891,277019
5541900,2680,891,277020
5541920,2716,886,277021
5541940,2767,843,277022
5541960,2709,928,277023
5541980,2712,932,277024
5542000,2547,858,277025
5542020,2475,904,277026
5542040,2545,884,277027
5542060,2689,882,277028
5542080,2620,889,277029
5542100,2708,883,277030
5542120,2609,828,277031
5542140,2704,878,277032
5542160,2744,875,277033
5542180,2889,861,277034
5542200,2733,887,277035
5542220,2823,875,277036
5542240,2666,909,277037
5542260,2764,881,277038
5542280,2714,917,277039
5542300,2615,923,277040
5542320,2804,888,277041
5542340,2814,861,277042
5542360,2850,891,277043
5542380,2836,929,277044
5542400,2848,887,277045
5542420,2820,879,277046
5542440,2775,967,277047
5542460,2914,899,277048
5542480,2777,887,277049
5542500,2769,893,277050
5542520,2813,891,277051
5542540,2649,878,277052
5542560,2757,934,277053
5542580,2633,886,277054
5542600,2730,848,277055
5542620,2693,890,277056
5542640,2691,886,277057
5542660,2726,878,277058
5542680,2638,872,277059
5542700,2730,897,277060
5542720,2632,901,277061
5542740,2648,887,277062
5542760,2751,928,277063
5542780,2565,888,277064
5542800,2762,889,277065
5542820,2662,914,277066
5542840,2720,893,277067
5542860,2745,878,277068
5542880,2649,876,277069
5542900,2796,893,277070
5542920,2660,891,277071
5542940,2650,861,277072
5542960,2724,873,277073
5542980,2737,890,277074
5543000,2739,895,277075
5543020,2751,885,277076
5543040,2822,894,277077
5543060,2729,921,277078
5543080,2655,896,277079
5543100,2762,918,277080
5543120,2621,871,277081
5543140,2729,872,277082
5543160,2776,852,277083
5543180,2758,921,277084
5543200,2813,885,277085
5543220,2777,852,277086
5543240,2723,883,277087
5543260,2722,863,277088
5543280,2728,915,277089
5543300,2816,865,277090
5543320,2742,892,277091
5543340,2733,888,277092
5543360,2649,912,277093
5543380,2625,880,277094
5543400,2669,901,277095
5543420,2683,867,277096
5543440,2756,879,277097
5543460,2665,901,277098
5543480,2680,870,277099
5543500,2541,910,277100
5543520,2666,887,277101
5543540,2685,887,277102
5543560,2732,880,277103
5543580,2702,863,277104
5543600,2789,901,277105
5543620,2609,887,277106
5543640,2718,873,277107
5543660,2612,893,277108
5543680,2761,888,277109
5543700,2691,852,277110
5543720,2723,884,277111
5543740,2713,898,277112
5543760,2599,908,277113
5543780,2569,857,277114
5543800,2421,845,277115
5543820,2627,858,277116
5543840,2700,946,277117
5543860,2628,909,277118
5543880,2821,922,277119
5543900,2717,898,277120
5543920,2739,870,277121
5543940,2736,892,277122
5543960,2616,893,277123
5543980,2715,880,277124
5544000,2746,891,277125
5544020,2635,891,277126
5544040,2580,893,277127
5544060,2632,897,277128
5544080,2633,877,277129
5544100,2620,892,277130
5544120,2542,890,277131
5544140,2530,891,277132
5544160,2571,905,277133
5544180,2616,868,277134
5544200,2503,919,277135
5544220,2563,892,277136
5544240,2558,891,277137
5544260,2690,901,277138
5544280,2764,906,277139
5544300,2662,908,277140
5544320,2622,876,277141
5544340,2519,880,277142
5544360,2532,861,277143
5544380,2574,856,277144
5544400,2658,860,277145
5544420,2612,892,277146
5544440,2687,875,277147
5544460,2749,866,277148
5544480,2733,890,277149
5544500,2754,893,277150
5544520,2750,901,277151
5544540,2660,904,277152
5544560,2701,895,277153
5544580,2732,894,277154
5544600,2627,896,277155
5544620,2669,876,277156
5544640,2662,888,277157
5544660,2649,883,277158
5544680,2577,905,277159
5544700,2625,894,277160
5544720,2628,909,277161
5544740,2510,870,277162
5544760,2484,862,277163
5544780,2516,881,277164
5544800,2550,870,277165
5544820,2594,897,277166
5544840,2601,864,277167
5544860,2587,884,277168
5544880,2640,896,277169
5544900,2633,907,277170
5544920,2560,883,277171
5544940,2621,871,277172
5544960,2573,894,277173
5544980,2580,876,277174
5545000,2619,884,277175
5545020,2527,878,277176
5545040,2592,902,277177
5545060,2560,880,277178
5545080,2536,873,277179
5545100,2539,893,277180
5545120,2572,900,277181
5545140,2638,907,277182
5545160,2645,898,277183
5545180,2617,888,277184
5545200,2647,889,277185
5545220,2621,884,277186
5545240,2659,889,277187
5545260,2769,853,277188
5545280,2650,866,277189
5545300,2693,889,277190
5545320,2621,903,277191
5545340,2723,902,277192
5545360,2737,897,277193
5545380,2602,872,277194
5545400,2549,892,277195
5545420,2612,877,277196
5545440,2646,879,277197
5545460,2521,900,277198
5545480,2578,855,277199
5545500,2543,888,277200
5545520,2604,883,277201
5545540,2623,897,277202
5545560,2571,863,277203
5545580,2570,861,277204
5545600,2497,871,277205
5545620,2564,858,277206
5545640,2564,896,277207
5545660,2541,870,277208
5545680,2549,875,277209
5545700,2668,888,277210
5545720,2682,886,277211
5545740,2612,891,277212
5545760,2486,883,277213
5545780,2489,898,277214
5545800,2566,901,277215
5545820,2621,859,277216
5545840,2575,883,277217
5545860,2416,885,277218
5545880,2571,875,277219
5545900,2366,922,277220
5545920,2610,877,277221
5545940,2550,868,277222
5545960,2593,883,277223
5545980,2507,887,277224
5546000,2288,877,277225
5546020,2281,887,277226
5546040,2193,902,277227
5546060,2253,871,277228
5546080,2497,888,277229
5546100,2464,901,277230
5546120,2446,870,277231
5546140,2416,870,277232
5546160,2498,885,277233
5546180,2399,873,277234
5546200,2483,889,277235
5546220,2380,888,277236
5546240,2237,885,277237
5546260,2330,882,277238
5546280,2415,878,277239
5546300,2405,854,277240
5546320,2439,869,277241
5546340,2307,883,277242
5546360,2476,867,277243
5546380,2505,893,277244
5546400,2658,883,277245
5546420,2570,877,277246
5546440,2410,892,277247
5546460,2368,882,277248
5546480,2322,897,277249
5546500,2468,896,277250
5546520,2355,873,277251
5546540,2466,866,277252
5546560,2520,909,277253
5546580,2562,886,277254
5546600,2544,847,277255
5546620,2499,889,277256
5546640,2463,896,277257
5546660,2519,898,277258
5546680,2466,868,277259
5546700,2555,883,277260
5546720,2411,900,277261
5546740,2402,890,277262
5546760,2357,896,277263
5546780,2348,901,277264
5546800,2374,876,277265
5546820,2276,863,277266
5546840,2333,869,277267
5546860,2307,885,277268
5546880,2456,869,277269
5546900,2454,883,277270
5546920,2430,868,277271
5546940,2460,866,277272
5546960,2498,869,277273
5546980,2502,888,277274
5547000,2429,911,277275
5547020,2401,863,277276
5547040,2466,886,277277
5547060,2451,886,277278
5547080,2522,891,277279
5547100,2468,887,277280
5547120,2409,909,277281
5547140,2445,868,277282
5547160,2396,897,277283
5547180,2455,861,277284
5547200,2445,846,277285
5547220,2420,886,277286
5547240,2517,857,277287
5547260,2629,878,277288
5547280,2613,879,277289
5547300,2599,894,277290
5547320,2522,883,277291
5547340,2686,862,277292
5547360,2646,903,277293
5547380,2703,869,277294
5547400,2599,891,277295
5547420,2501,876,277296
5547440,2647,883,277297
5547460,2685,876,277298
5547480,2604,894,277299
5547500,2526,899,277300
5547520,2621,873,277301
5547540,2599,891,277302
5547560,2583,881,277303
5547580,2606,879,277304
5547600,2557,886,277305
5547620,2600,879,277306
5547640,2618,879,277307
5547660,2579,888,277308
5547680,2498,885,277309
5547700,2500,912,277310
5547720,2543,901,277311
5547740,2553,888,277312
5547760,2607,891,277313
5547780,2579,911,277314
5547800,2558,888,277315
5547820,2593,891,277316
5547840,2556,886,277317
5547860,2611,879,277318
5547880,2519,885,277319
5547900,2589,887,277320
5547920,2658,889,277321
5547940,2562,868,277322
5547960,2570,872,277323
5547980,2581,866,277324
5548000,2570,888,277325
5548020,2674,895,277326
5548040,2717,880,277327
5548060,2633,889,277328
5548080,2649,871,277329
5548100,2682,892,277330
5548120,2759,888,277331
5548140,2636,851,277332
5548160,2615,896,277333
5548180,2575,869,277334
5548200,2616,885,277335
5548220,2641,893,277336
5548240,2527,902,277337
5548260,2518,912,277338
5548280,2417,885,277339
5548300,2518,887,277340
5548320,2612,872,277341
5548340,2495,871,277342
5548360,2558,896,277343
5548380,2445,866,277344
5548400,2626,883,277345
5548420,2611,876,277346
5548440,2560,882,277347
5548460,2555,888,277348
5548480,2560,906,277349
5548500,2549,865,277350
5548520,2414,879,277351
5548540,2480,867,277352
5548560,2392,895,277353
5548580,2548,843,277354
5548600,2512,824,277355
5548620,2483,899,277356
5548640,2518,911,277357
5548660,2326,893,277358
5548680,2392,870,277359
5548700,2396,858,277360
5548720,2334,871,277361
5548740,2340,881,277362
5548760,2291,896,277363
5548780,2310,858,277364
5548800,2320,895,277365
5548820,2397,867,277366
5548840,2427,839,277367
5548860,2435,896,277368
5548880,2417,844,277369
5548900,2513,879,277370
5548920,2411,903,277371
5548940,2336,858,277372
5548960,2413,887,277373
5548980,2472,906,277374
5549000,2480,899,277375
5549020,2458,884,277376
5549040,2488,887,277377
5549060,2468,879,277378
5549080,2382,906,277379
5549100,2323,913,277380
5549120,2353,906,277381
5549140,2395,855,277382
5549160,2366,876,277383
5549180,2263,918,277384
5549200,2450,875,277385
5549220,2403,905,277386
5549240,2502,884,277387
5549260,2435,852,277388
5549280,2435,849,277389
5549300,2261,864,277390
5549320,2300,866,277391
5549340,2392,897,277392
5549360,2424,862,277393
5549380,2544,914,277394
5549400,2535,954,277395
5549420,2501,947,277396
5549440,2587,874,277397
5549460,2657,904,277398
5549480,2616,886,277399
5549500,2400,880,277400
5549520,2502,915,277401
5549540,2532,865,277402
5549560,2519,867,277403
5549580,2513,845,277404
5549600,2406,839,277405
5549620,2324,875,277406
5549640,2526,876,277407
5549660,2353,892,277408
5549680,2450,880,277409
5549700,2493,845,277410
5549720,2355,875,277411
5549740,2469,838,277412
5549760,2503,875,277413
5549780,2415,837,277414
5549800,2483,827,277415
5549820,2466,877,277416
5549840,2489,862,277417
5549860,2324,884,277418
5549880,2508,857,277419
5549900,2419,831,277420
5549920,2406,925,277421
5549940,2351,888,277422
5549960,2354,878,277423
5549980,2454,851,277424
5550000,2396,872,277425
5550020,2447,930,277426
5550040,2460,889,277427
5550060,2455,870,277428
5550080,2452,874,277429
5550100,2466,861,277430
5550120,2648,865,277431
5550140,2492,942,277432
5550160,2549,911,277433
5550180,2522,930,277434
5550200,2547,859,277435
5550220,2594,897,277436
5550240,2600,893,277437
5550260,2606,878,277438
5550280,2522,918,277439
5550300,2551,909,277440
5550320,2590,888,277441
5550340,2635,889,277442
5550360,2630,884,277443
5550380,2633,902,277444
5550400,2674,871,277445
5550420,2647,899,277446
5550440,2700,893,277447
5550460,2635,890,277448
5550480,2563,942,277449
5550500,2574,853,277450
5550520,2738,818,277451
5550540,2684,838,277452
5550560,2741,890,277453
5550580,2690,837,277454
5550600,2558,926,277455
5550620,2653,885,277456
5550640,2618,884,277457
5550660,2631,901,277458
5550680,2582,870,277459
5550700,2640,929,277460
5550720,2717,906,277461
5550740,2601,917,277462
5550760,2642,894,277463
5550780,2633,866,277464
5550800,2668,859,277465
5550820,2619,917,277466
5550840,2730,884,277467
5550860,2584,907,277468
5550880,2667,898,277469
5550900,2605,910,277470
5550920,2564,868,277471
5550940,2551,868,277472
5550960,2617,916,277473
5550980,2694,869,277474
5551000,2685,882,277475
5551020,2734,894,277476
5551040,2669,904,277477
5551060,2644,901,277478
5551080,2668,943,277479
5551100,2595,916,277480
5551120,2651,895,277481
5551140,2671,885,277482
5551160,2567,901,277483
5551180,2581,923,277484
5551200,2656,883,277485
5551220,2640,840,277486
5551240,2733,898,277487
5551260,2677,884,277488
5551280,2730,880,277489
5551300,2676,870,277490
5551320,2763,886,277491
5551340,2746,873,277492
5551360,2701,855,277493
5551380,2623,855,277494
5551400,2585,857,277495
5551420,2627,911,277496
5551440,2580,889,277497
5551460,2559,870,277498
5551480,2571,869,277499
5551500,2681,814,277500
5551520,2628,870,277501
5551540,2595,915,277502
5551560,2603,864,277503
5551580,2666,897,277504
5551600,2593,887,277505
5551620,2581,926,277506
5551640,2664,864,277507
5551660,2646,870,277508
5551680,2557,864,277509
5551700,2486,909,277510
5551720,2440,859,277511
5551740,2462,900,277512
5551760,2472,871,277513
5551780,2548,882,277514
5551800,2485,867,277515
5551820,2338,889,277516
5551840,2264,912,277517
5551860,2478,850,277518
5551880,2427,842,277519
5551900,2585,889,277520
5551920,2611,884,277521
5551940,2625,862,277522
5551960,2706,935,277523
5551980,2573,868,277524
5552000,2638,903,277525
5552020,2684,866,277526
5552040,2680,902,277527
5552060,2718,855,277528
5552080,2643,909,277529
5552100,2662,889,277530
5552120,2569,883,277531
5552140,2577,899,277532
5552160,2667,892,277533
5552180,2632,869,277534
5552200,2638,909,277535
5552220,2582,908,277536
5552240,2730,847,277537
5552260,2769,859,277538
5552280,2671,861,277539
5552300,2639,875,277540
5552320,2656,875,277541
5552340,2648,873,277542
5552360,2481,950,277543
5552380,2535,816,277544
5552400,2688,922,277545
5552420,2647,903,277546
5552440,2691,889,277547
5552460,2724,883,277548
5552480,2644,905,277549
5552500,2660,852,277550
5552520,2666,839,277551
5552540,2669,896,277552
5552560,2647,875,277553
5552580,2578,886,277554
5552600,2609,901,277555
5552620,2566,904,277556
5552640,2691,918,277557
5552660,2593,908,277558
5552680,2675,895,277559
5552700,2777,821,277560
5552720,2647,855,277561
5552740,2781,868,277562
5552760,2673,848,277563
5552780,2683,873,277564
5552800,2681,850,277565
5552820,2677,846,277566
5552840,2713,874,277567
5552860,2575,899,277568
5552880,2580,907,277569
5552900,2601,837,277570
5552920,2667,883,277571
5552940,2591,901,277572
5552960,2634,903,277573
5552980,2697,874,277574
5553000,2690,883,277575
5553020,2659,883,277576
5553040,2618,882,277577
5553060,2608,902,277578
5553080,2592,861,277579
5553100,2689,886,277580
5553120,2671,871,277581
5553140,2600,906,277582
5553160,2677,905,277583
5553180,2605,874,277584
5553200,2686,887,277585
5553220,2618,859,277586
5553240,2700,875,277587
5553260,2656,868,277588
5553280,2701,892,277589
5553300,2630,854,277590
5553320,2582,900,277591
5553340,2583,907,277592
5553360,2652,876,277593
5553380,2617,865,277594
5553400,2731,872,277595
5553420,2658,892,277596
5553440,2621,881,277597
5553460,2694,889,277598
5553480,2644,860,277599
5553500,2836,888,277600
5553520,2663,879,277601
5553540,2560,905,277602
5553560,2633,888,277603
5553580,2596,921,277604
5553600,2676,835,277605
5553620,2769,871,277606
5553640,2675,894,277607
5553660,2693,897,277608
5553680,2733,896,277609
5553700,2626,880,277610
5553720,2716,874,277611
5553740,2551,872,277612
5553760,2626,868,277613
5553780,2624,902,277614
5553800,2658,918,277615
5553820,2655,896,277616
5553840,2610,914,277617
5553860,2645,931,277618
5553880,2617,860,277619
5553900,2594,884,277620
5553920,2530,900,277621
5553940,2616,901,277622
5553960,2645,881,277623
5553980,2391,867,277624
5554000,2395,854,277625
5554020,2507,889,277626
5554040,2546,890,277627
5554060,2528,890,277628
5554080,2656,883,277629
5554100,2630,887,277630
5554120,2658,900,277631
5554140,2659,884,277632
5554160,2665,874,277633
5554180,2606,916,277634
5554200,2588,883,277635
5554220,2690,891,277636
5554240,2623,882,277637
5554260,2598,912,277638
5554280,2626,852,277639
5554300,2674,907,277640
5554320,2630,829,277641
5554340,2797,861,277642
5554360,2632,875,277643
5554380,2606,900,277644
5554400,2694,888,277645
5554420,2597,904,277646
5554440,2697,869,277647
5554460,2625,879,277648
5554480,2631,825,277649
5554500,2664,903,277650
5554520,2690,881,277651
5554540,2724,884,277652
5554560,2660,912,277653
5554580,2621,905,277654
5554600,2634,878,277655
5554620,2691,857,277656
5554640,2619,889,277657
5554660,2584,876,277658
5554680,2640,882,277659
5554700,2667,864,277660
5554720,2687,900,277661
5554740,2746,867,277662
5554760,2687,881,277663
5554780,2650,886,277664
5554800,2605,888,277665
5554820,2615,887,277666
5554840,2657,895,277667
5554860,2549,864,277668
5554880,2673,875,277669
5554900,2602,933,277670
5554920,2713,881,277671
5554940,2672,880,277672
5554960,2687,899,277673
5554980,2671,913,277674
5555000,2644,875,277675
5555020,2573,910,277676
5555040,2617,908,277677
5555060,2665,893,277678
5555080,2617,892,277679
5555100,2629,854,277680
5555120,2692,881,277681
5555140,2687,865,277682
5555160,2711,879,277683
5555180,2706,876,277684
5555200,2635,874,277685
5555220,2638,881,277686
5555240,2633,866,277687
5555260,2627,898,277688
5555280,2620,876,277689
5555300,2642,890,277690
5555320,2632,906,277691
5555340,2655,885,277692
5555360,2700,864,277693
5555380,2692,890,277694
5555400,2631,875,277695
5555420,2612,901,277696
5555440,2632,889,277697
5555460,2688,874,277698
5555480,2704,870,277699
5555500,2612,876,277700
5555520,2575,900,277701
5555540,2652,874,277702
5555560,2658,913,277703
5555580,2716,889,277704
5555600,2673,893,277705
5555620,2684,885,277706
5555640,2574,911,277707
5555660,2659,879,277708
5555680,2635,896,277709
5555700,2641,889,277710
5555720,2581,911,277711
5555740,2656,868,277712
5555760,2639,872,277713
5555780,2704,886,277714
5555800,2661,874,277715
5555820,2608,896,277716
5555840,2591,887,277717
5555860,2654,887,277718
5555880,2613,885,277719
5555900,2611,909,277720
5555920,2635,914,277721
5555940,2667,906,277722
5555960,2659,881,277723
5555980,2684,891,277724
5556000,2669,892,277725
5556020,2583,895,277726
5556040,2666,884,277727
5556060,2668,890,277728
5556080,2653,881,277729
5556100,2586,893,277730
5556120,2612,900,277731
5556140,2582,918,277732
5556160,2646,877,277733
5556180,2713,884,277734
5556200,2682,876,277735
5556220,2652,890,277736
5556240,2705,883,277737
5556260,2687,886,277738
5556280,2666,868,277739
5556300,2572,902,277740
5556320,2606,893,277741
5556340,2653,875,277742
5556360,2662,890,277743
5556380,2742,870,277744
5556400,2656,874,277745
5556420,2639,873,277746
5556440,2734,887,277747
5556460,2682,871,277748
5556480,2616,909,277749
5556500,2579,900,277750
5556520,2639,899,277751
5556540,2620,914,277752
5556560,2615,875,277753
5556580,2714,894,277754
5556600,2618,879,277755
5556620,2733,866,277756
5556640,2696,878,277757
5556660,2634,902,277758
5556680,2644,886,277759
5556700,2508,875,277760
5556720,2689,898,277761
5556740,2646,881,277762
5556760,2621,883,277763
5556780,2704,886,277764
5556800,2636,881,277765
5556820,2659,885,277766
5556840,2680,909,277767
5556860,2605,906,277768
5556880,2626,878,277769
5556900,2570,862,277770
5556920,2631,888,277771
5556940,2670,871,277772
5556960,2680,882,277773
5556980,2655,864,277774
5557000,2635,869,277775
5557020,2677,849,277776
5557040,2594,876,277777
5557060,2576,897,277778
5557080,2578,916,277779
5557100,2583,874,277780
5557120,2691,869,277781
5557140,2762,877,277782
5557160,2561,898,277783
5557180,2636,892,277784
5557200,2637,881,277785
5557220,2669,899,277786
5557240,2662,862,277787
5557260,2572,874,277788
5557280,2595,917,277789
5557300,2605,899,277790
5557320,2721,881,277791
5557340,2716,903,277792
5557360,2670,914,277793
5557380,2621,875,277794
5557400,2701,903,277795
5557420,2662,884,277796
5557440,2617,905,277797
5557460,2560,889,277798
5557480,2593,883,277799
5557500,2610,895,277800
5557520,2665,871,277801
5557540,2656,857,277802
5557560,2663,920,277803
5557580,2556,915,277804
5557600,2659,898,277805
5557620,2600,870,277806
5557640,2575,865,277807
5557660,2625,878,277808
5557680,2630,886,277809
5557700,2695,868,277810
5557720,2629,32891,277811
5557740,2575,32888,277812
5557760,2605,32859,277813
5557780,2580,32883,277814
5557800,2684,32933,277815
5557820,2647,39331,277816
5557840,2624,45544,277817
5557860,2667,45501,277818
5557880,2772,51192,277819
5557900,2826,55003,277820
5557920,2787,56245,277821
5557940,2722,60353,277822
5557960,2790,61664,277823
5557980,2764,63360,277824
5558000,2770,64942,277825
5558020,2705,65023,277826
5558040,2790,64976,277827
5558060,2923,64997,277828
5558080,2884,64978,277829
5558100,2914,63367,277830
5558120,2840,60703,277831
5558140,2894,60381,277832
5558160,2895,56256,277833
5558180,2880,53299,277834
5558200,2777,51235,277835
5558220,2790,45524,277836
5558240,2809,43540,277837
5558260,2902,39291,277838
5558280,2922,32860,277839
5558300,2870,32788,277840
5558320,2855,26448,277841
5558340,2802,20244,277842
5558360,2867,20240,277843
5558380,2913,14528,277844
5558400,2917,10699,277845
5558420,2861,9512,277846
5558440,2949,5336,277847
5558460,2876,4034,277848
5558480,3019,2362,277849
5558500,2985,878,277850
5558520,2959,857,277851
5558540,2942,871,277852
5558560,2834,884,277853
5558580,2738,875,277854
5558600,2692,2412,277855
5558620,2723,5005,277856
5558640,2687,5348,277857
5558660,2725,9485,277858
5558680,2706,12474,277859
5558700,2694,14557,277860
5558720,2665,20248,277861
5558740,2756,22180,277862
5558760,2742,26438,277863
5558780,2699,32882,277864
5558800,2643,32926,277865
5558820,2733,39346,277866
5558840,2777,45514,277867
5558860,2824,45506,277868
5558880,2738,51209,277869
5558900,2633,54994,277870
5558920,2725,56259,277871
5558940,2882,60346,277872
5558960,2856,61675,277873
5558980,3013,63406,277874
5559000,3021,64978,277875
5559020,3157,64962,277876
5559040,3075,64995,277877
5559060,3059,64941,277878
5559080,2967,64998,277879
5559100,2947,63349,277880
5559120,3131,60709,277881
5559140,3121,60339,277882
5559160,3281,56283,277883
5559180,3133,53292,277884
5559200,3049,51222,277885
5559220,3141,45520,277886
5559240,3077,43570,277887
5559260,3072,39293,277888
5559280,3081,32883,277889
5559300,3076,32799,277890
5559320,3135,26420,277891
5559340,3189,20238,277892
5559360,3143,20253,277893
5559380,3134,14542,277894
5559400,3175,10718,277895
5559420,3196,9495,277896
5559440,3167,5342,277897
5559460,3124,4059,277898
5559480,3107,2384,277899
5559500,3200,855,277900
5559520,3198,879,277901
5559540,3196,891,277902
5559560,3161,899,277903
5559580,3133,862,277904
5559600,3141,2386,277905
5559620,3113,4988,277906
5559640,3081,5372,277907
5559660,3135,9506,277908
5559680,3089,12490,277909
5559700,3142,14546,277910
5559720,3173,20241,277911
5559740,3107,22166,277912
5559760,3136,26422,277913
5559780,3106,32920,277914
5559800,3207,32957,277915
5559820,3205,39325,277916
5559840,3247,45517,277917
5559860,3284,45530,277918
5559880,3327,51222,277919
5559900,3313,54925,277920
5559920,3304,56251,277921
5559940,3282,60346,277922
5559960,3311,61683,277923
5559980,3299,63373,277924
5560000,3381,64994,277925
5560020,3372,64964,277926
5560040,3410,64976,277927
5560060,3425,64995,277928
5560080,3427,64991,277929
5560100,3511,63331,277930
5560120,3474,60730,277931
5560140,3470,60352,277932
5560160,3451,56256,277933
5560180,3567,53320,277934
5560200,3602,51207,277935
5560220,3471,45542,277936
5560240,3571,43571,277937
5560260,3358,39314,277938
5560280,3479,32887,277939
5560300,3458,32786,277940
5560320,3459,26420,277941
5560340,3490,20222,277942
5560360,3430,20229,277943
5560380,3518,14588,277944
5560400,3550,10769,277945
5560420,3332,9531,277946
5560440,3342,5380,277947
5560460,3359,4074,277948
5560480,3489,2397,277949
5560500,3471,910,277950
5560520,3473,889,277951
5560540,3487,883,277952
5560560,3445,898,277953
5560580,3398,907,277954
5560600,3241,2395,277955
5560620,3280,5011,277956
5560640,3384,5359,277957
5560660,3269,9499,277958
5560680,3254,12498,277959
5560700,3178,14532,277960
5560720,3255,20217,277961
5560740,3297,22194,277962
5560760,3449,26439,277963
5560780,3463,32883,277964
5560800,3385,32984,277965
5560820,3554,39331,277966
5560840,3561,45534,277967
5560860,3590,45517,277968
5560880,3582,51182,277969
5560900,3467,54984,277970
5560920,3360,56255,277971
5560940,3491,60355,277972
5560960,3521,61646,277973
5560980,3692,63360,277974
5561000,3682,64990,277975
5561020,3734,64955,277976
5561040,3741,64973,277977
5561060,3787,64969,277978
5561080,3857,64961,277979
5561100,3779,63353,277980
5561120,3856,60693,277981
5561140,3808,60324,277982
5561160,3908,56203,277983
5561180,3877,53284,277984
5561200,3765,51247,277985
5561220,3908,45561,277986
5561240,3764,43599,277987
5561260,3803,39313,277988
5561280,3656,32878,277989
5561300,3670,32789,277990
5561320,3825,26398,277991
5561340,3631,20244,277992
5561360,3657,20235,277993
5561380,3682,14547,277994
5561400,3729,10744,277995
5561420,3715,9484,277996
5561440,3719,5378,277997
5561460,3743,4064,277998
5561480,3800,2375,277999
5561500,3840,899,278000
5561520,3837,886,278001
5561540,3865,871,278002
5561560,3833,904,278003
5561580,3853,890,278004
5561600,3803,2410,278005
5561620,3810,4961,278006
5561640,3751,5347,278007
5561660,3723,9441,278008
5561680,3675,12509,278009
5561700,3727,14486,278010
5561720,3849,20222,278011
5561740,3864,22149,278012
5561760,3852,26394,278013
5561780,3774,32862,278014
5561800,3829,32937,278015
5561820,3864,39314,278016
5561840,3873,45504,278017
5561860,3907,45562,278018
5561880,3952,51263,278019
5561900,3985,54986,278020
5561920,4018,56263,278021
5561940,4075,60333,278022
5561960,4034,61677,278023
5561980,4011,63339,278024
5562000,4012,64960,278025
5562020,3856,65009,278026
5562040,4033,64970,278027
5562060,4001,65025,278028
5562080,4028,65002,278029
5562100,4148,63361,278030
5562120,4117,60708,278031
5562140,4112,60349,278032
5562160,4052,56224,278033
5562180,4122,53267,278034
5562200,4101,51214,278035
5562220,4019,45605,278036
5562240,4017,43553,278037
5562260,4008,39346,278038
5562280,4061,32946,278039
5562300,4126,32760,278040
5562320,4130,26421,278041
5562340,4098,20246,278042
5562360,3946,20296,278043
5562380,3987,14549,278044
5562400,3979,10757,278045
5562420,4022,9478,278046
5562440,4008,5377,278047
5562460,3872,4072,278048
5562480,4004,2335,278049
5562500,4043,862,278050
5562520,4170,941,278051
5562540,4110,917,278052
5562560,4094,882,278053
5562580,4221,919,278054
5562600,4145,2420,278055
5562620,4091,4985,278056
5562640,3830,5393,278057
5562660,3886,9539,278058
5562680,4055,12509,278059
5562700,4017,14545,278060
5562720,4040,20254,278061
5562740,3983,22206,278062
5562760,4044,26368,278063
5562780,4025,32849,278064
5562800,4052,32985,278065
5562820,4096,39333,278066
5562840,4005,45555,278067
5562860,4025,45453,278068
5562880,3980,51152,278069
5562900,4268,54955,278070
5562920,4292,56240,278071
5562940,4238,60356,278072
5562960,4284,61706,278073
5562980,4174,63376,278074
5563000,4115,65004,278075
5563020,3958,65004,278076
5563040,4232,64994,278077
5563060,4339,64905,278078
5563080,4420,65056,278079
5563100,4314,63369,278080
5563120,4507,60635,278081
5563140,4469,60328,278082
5563160,4497,56223,278083
5563180,4467,53310,278084
5563200,4375,51183,278085
5563220,4559,45529,278086
5563240,4486,43586,278087
5563260,4498,39371,278088
5563280,4611,32851,278089
5563300,4450,32800,278090
5563320,4398,26441,278091
5563340,4319,20205,278092
5563360,4501,20280,278093
5563380,4165,14585,278094
5563400,4287,10789,278095
5563420,4228,9539,278096
5563440,4405,5315,278097
5563460,4369,4055,278098
5563480,4468,2353,278099
5563500,4502,875,278100
5563520,4513,869,278101
5563540,4522,872,278102
5563560,4519,937,278103
5563580,4316,911,278104
5563600,4621,2363,278105
5563620,4551,4942,278106
5563640,4466,5381,278107
5563660,4453,9500,278108
5563680,4485,12469,278109
5563700,4456,14544,278110
5563720,4404,20199,278111
5563740,4368,22157,278112
5563760,4491,26440,278113
5563780,4475,32878,278114
5563800,4588,32989,278115
5563820,4402,39381,278116
5563840,4534,45533,278117
5563860,4508,45513,278118
5563880,4592,51295,278119
5563900,4602,54961,278120
5563920,4565,56248,278121
5563940,4609,60360,278122
5563960,4651,61640,278123
5563980,4737,63335,278124
5564000,4745,65026,278125
5564020,4855,64951,278126
5564040,4770,64978,278127
5564060,4748,64988,278128
5564080,4766,64978,278129
5564100,4765,63400,278130
5564120,4760,60669,278131
5564140,4821,60323,278132
5564160,4632,56248,278133
5564180,4721,53325,278134
5564200,4796,51243,278135
5564220,4794,45506,278136
5564240,4685,43642,278137
5564260,4763,39251,278138
5564280,4798,32835,278139
5564300,4683,32845,278140
5564320,4701,26451,278141
5564340,4694,20228,278142
5564360,4664,20257,278143
5564380,4602,14548,278144
5564400,4670,10698,278145
5564420,4635,9538,278146
5564440,4691,5354,278147
5564460,4692,4023,278148
5564480,4628,2371,278149
5564500,4630,897,278150
5564520,4697,868,278151
5564540,4682,910,278152
5564560,4740,875,278153
5564580,4731,933,278154
5564600,4641,2376,278155
5564620,4495,5011,278156
5564640,4500,5364,278157
5564660,4372,9518,278158
5564680,4361,12475,278159
5564700,4777,14589,278160
5564720,4795,20227,278161
5564740,4693,22158,278162
5564760,4675,26449,278163
5564780,4860,32858,278164
5564800,4831,32934,278165
5564820,4797,39328,278166
5564840,4819,45468,278167
5564860,4722,45470,278168
5564880,4817,51177,278169
5564900,4739,54948,278170
5564920,4749,56264,278171
5564940,4808,60377,278172
5564960,4785,61663,278173
5564980,4742,63332,278174
5565000,4801,65039,278175
5565020,4857,65009,278176
5565040,4748,65040,278177
5565060,4662,65058,278178
5565080,4907,64969,278179
5565100,4832,63373,278180
5565120,4850,60759,278181
5565140,4853,60380,278182
5565160,4950,56238,278183
5565180,5037,53295,278184
5565200,5007,51210,278185
5565220,4882,45568,278186
5565240,4771,43594,278187
5565260,4604,39331,278188
5565280,4887,32863,278189
5565300,4856,32752,278190
5565320,5001,26443,278191
5565340,5091,20222,278192
5565360,5075,20285,278193
5565380,4977,14588,278194
5565400,5084,10741,278195
5565420,5023,9506,278196
5565440,5023,5334,278197
5565460,5058,4049,278198
5565480,5058,2384,278199
5565500,5080,908,278200
5565520,5086,891,278201
5565540,5021,948,278202
5565560,5157,885,278203
5565580,4929,879,278204
5565600,4974,2433,278205
5565620,5075,4979,278206
5565640,5000,5343,278207
5565660,5017,9461,278208
5565680,4994,12456,278209
5565700,4888,14537,278210
5565720,4952,20202,278211
5565740,5001,22175,278212
5565760,5023,26423,278213
5565780,4906,32945,278214
5565800,5019,32966,278215
5565820,5000,39269,278216
5565840,5033,45467,278217
5565860,5012,45532,278218
5565880,5115,51193,278219
5565900,5132,55685,278220
5565920,5128,56230,278221
5565940,5123,60333,278222
5565960,5052,62677,278223
5565980,5087,63421,278224
5566000,5155,65008,278225
5566020,5172,64969,278226
5566040,5145,65008,278227
5566060,5106,65049,278228
5566080,5233,64619,278229
5566100,5255,63352,278230
5566120,5297,60345,278231
5566140,5309,58553,278232
5566160,5211,56303,278233
5566180,5164,51228,278234
5566200,5191,49442,278235
5566220,5249,45493,278236
5566240,5397,39346,278237
5566260,5285,38175,278238
5566280,5370,32889,278239
5566300,5410,26431,278240
5566320,5282,26019,278241
5566340,5386,20222,278242
5566360,5339,14537,278243
5566380,5419,14505,278244
5566400,5213,9460,278245
5566420,5309,5379,278246
5566440,5363,5395,278247
5566460,5266,2425,278248
5566480,5258,1106,278249
5566500,5340,940,278250
5566520,5315,923,278251
5566540,5166,921,278252
5566560,5194,941,278253
5566580,5116,2396,278254
5566600,5270,4390,278255
5566620,5204,5381,278256
5566640,5105,9521,278257
5566660,5123,12385,278258
5566680,5216,14501,278259
5566700,5170,20306,278260
5566720,5435,22918,278261
5566740,5265,26380,278262
5566760,5191,32899,278263
5566780,5183,34864,278264
5566800,5159,39314,278265
5566820,5273,45554,278266
5566840,5265,46621,278267
5566860,5310,51209,278268
5566880,5443,56241,278269
5566900,5310,56491,278270
5566920,5339,60372,278271
5566940,5225,63410,278272
5566960,5167,63389,278273
5566980,5381,65026,278274
5567000,5520,65015,278275
5567020,5582,64992,278276
5567040,5520,64973,278277
5567060,5605,64096,278278
5567080,5633,63396,278279
5567100,5690,60333,278280
5567120,5544,57103,278281
5567140,5431,56267,278282
5567160,5473,51222,278283
5567180,5487,47284,278284
5567200,5508,45582,278285
5567220,5459,39303,278286
5567240,5343,35719,278287
5567260,5322,32887,278288
5567280,5431,26441,278289
5567300,5396,23699,278290
5567320,5418,20222,278291
5567340,5423,14494,278292
5567360,5383,12950,278293
5567380,5479,9492,278294
5567400,5461,5375,278295
5567420,5441,4843,278296
5567440,5419,2402,278297
5567460,5352,928,278298
5567480,5480,917,278299
5567500,5475,885,278300
5567520,5356,925,278301
5567540,5497,906,278302
5567560,5551,2388,278303
5567580,5524,5340,278304
5567600,5500,5345,278305
5567620,5447,9495,278306
5567640,5484,14142,278307
5567660,5506,14541,278308
5567680,5562,20210,278309
5567700,5603,25196,278310
5567720,5530,26427,278311
5567740,5668,32887,278312
5567760,5635,37270,278313
5567780,5608,39335,278314
5567800,5479,45503,278315
5567820,5489,48743,278316
5567840,5506,51243,278317
5567860,5476,56234,278318
5567880,5480,58093,278319
5567900,5625,60352,278320
5567920,5624,63335,278321
5567940,5753,63874,278322
5567960,5740,64982,278323
5567980,5907,64947,278324
5568000,5729,64997,278325
5568020,5765,65016,278326
5568040,5884,63475,278327
5568060,5864,63187,278328
5568080,5819,60382,278329
5568100,5777,56268,278330
5568120,5765,56224,278331
5568140,5740,51219,278332
5568160,5824,45539,278333
5568180,5753,45524,278334
5568200,5787,39323,278335
5568220,5810,33371,278336
5568240,5878,32880,278337
5568260,5790,26422,278338
5568280,5808,21442,278339
5568300,5797,20244,278340
5568320,5815,14566,278341
5568340,5825,11051,278342
5568360,5771,9481,278343
5568380,5843,5351,278344
5568400,5818,3661,278345
5568420,5943,2360,278346
5568440,5892,907,278347
5568460,5895,921,278348
5568480,5870,958,278349
5568500,5845,932,278350
5568520,5886,1280,278351
5568540,5881,2391,278352
5568560,5745,5385,278353
5568580,5729,6144,278354
5568600,5767,9476,278355
5568620,5792,14548,278356
5568640,5741,14904,278357
5568660,5732,20230,278358
5568680,5752,26440,278359
5568700,5766,26407,278360
5568720,5878,32864,278361
5568740,5838,39324,278362
5568760,5809,39292,278363
5568780,5838,45547,278364
5568800,5851,50731,278365
5568820,5885,51245,278366
5568840,5802,56291,278367
5568860,5855,59587,278368
5568880,5886,60368,278369
5568900,5985,63374,278370
5568920,6050,64482,278371
5568940,5876,65002,278372
5568960,5878,64974,278373
5568980,5858,65008,278374
5569000,6116,64968,278375
5569020,6156,63377,278376
5569040,6004,62024,278377
5569060,6002,60325,278378
5569080,6043,56259,278379
5569100,6062,54661,278380
5569120,6011,51250,278381
5569140,5900,45544,278382
5569160,5991,44362,278383
5569180,6053,39314,278384
5569200,6153,32835,278385
5569220,6154,32457,278386
5569240,6109,26421,278387
5569260,6051,20213,278388
5569280,5978,20250,278389
5569300,6024,14567,278390
5569320,5990,9529,278391
5569340,5947,9478,278392
5569360,5886,5330,278393
5569380,5850,2603,278394
5569400,5820,2377,278395
5569420,5826,934,278396
5569440,5956,938,278397
5569460,5951,951,278398
5569480,5972,923,278399
5569500,6049,1850,278400
5569520,6017,2406,278401
5569540,5992,5335,278402
5569560,5941,7667,278403
5569580,5974,9474,278404
5569600,5856,14529,278405
5569620,5764,17011,278406
5569640,5976,20239,278407
5569660,5918,26404,278408
5569680,6152,28459,278409
5569700,6038,32861,278410
5569720,6092,39332,278411
5569740,6124,40503,278412
5569760,6190,45518,278413
5569780,6174,51256,278414
5569800,6273,51554,278415
5569820,6219,56234,278416
5569840,6324,60351,278417
5569860,6316,60351,278418
5569880,6476,63327,278419
5569900,6331,65009,278420
5569920,6242,65020,278421
5569940,6242,64965,278422
5569960,6228,64957,278423
5569980,6001,65005,278424
5570000,6112,63337,278425
5570020,6148,60905,278426
5570040,6413,60375,278427
5570060,6313,56240,278428
5570080,6449,52776,278429
5570100,6280,51217,278430
5570120,6297,45534,278431
5570140,6377,42044,278432
5570160,6413,39312,278433
5570180,6418,32858,278434
5570200,6353,30054,278435
5570220,6321,26418,278436
5570240,6358,20238,278437
5570260,6334,18462,278438
5570280,6314,14577,278439
5570300,6280,9498,278440
5570320,6287,8727,278441
5570340,6260,5336,278442
5570360,6304,2365,278443
5570380,6335,2291,278444
5570400,6428,964,278445
5570420,6477,941,278446
5570440,6464,960,278447
5570460,6406,910,278448
5570480,6409,2332,278449
5570500,6317,2399,278450
5570520,6293,5351,278451
5570540,6243,9274,278452
5570560,6286,9532,278453
5570580,6340,14562,278454
5570600,6402,19179,278455
5570620,6528,20240,278456
5570640,6479,26435,278457
5570660,6459,30859,278458
5570680,6531,32874,278459
5570700,6551,39296,278460
5570720,6549,42819,278461
5570740,6550,45509,278462
5570760,6546,51218,278463
5570780,6517,53401,278464
5570800,6529,56236,278465
5570820,6606,60334,278466
5570840,6577,61257,278467
5570860,6581,63373,278468
5570880,6643,65000,278469
5570900,6790,65012,278470
5570920,6714,65004,278471
5570940,6697,65005,278472
5570960,6644,65001,278473
5570980,6716,63323,278474
5571000,6722,60377,278475
5571020,6725,60365,278476
5571040,6684,56257,278477
5571060,6765,51238,278478
5571080,6660,51213,278479
5571100,6757,45506,278480
5571120,6692,39694,278481
5571140,6639,39337,278482
5571160,6618,32890,278483
5571180,6562,27596,278484
5571200,6645,26423,278485
5571220,6608,20228,278486
5571240,6567,16297,278487
5571260,6546,14556,278488
5571280,6540,9503,278489
5571300,6608,7183,278490
5571320,6535,5367,278491
5571340,6601,2384,278492
5571360,6613,1750,278493
5571380,6575,938,278494
5571400,6540,949,278495
5571420,6532,942,278496
5571440,6627,916,278497
5571460,6651,2355,278498
5571480,6606,2954,278499
5571500,6592,5335,278500
5571520,6524,9509,278501
5571540,6547,9917,278502
5571560,6583,14580,278503
5571580,6641,20255,278504
5571600,6629,20240,278505
5571620,6582,26429,278506
5571640,6590,32873,278507
5571660,6739,32904,278508
5571680,6747,39318,278509
5571700,6773,45140,278510
5571720,6658,45550,278511
5571740,6700,51232,278512
5571760,6621,55329,278513
5571780,6632,56284,278514
5571800,6643,60330,278515
5571820,6645,62436,278516
5571840,6704,63343,278517
5571860,6781,64983,278518
5571880,6679,64973,278519
5571900,6636,64975,278520
5571920,6654,65022,278521
5571940,6754,64825,278522
5571960,6772,63376,278523
5571980,6804,60368,278524
5572000,6731,59081,278525
5572020,6730,56260,278526
5572040,6819,51247,278527
5572060,6952,50084,278528
5572080,7030,45580,278529
5572100,6918,39337,278530
5572120,6818,38762,278531
5572140,6777,32857,278532
5572160,6790,26400,278533
5572180,6794,26420,278534
5572200,6919,20201,278535
5572220,7023,14545,278536
5572240,6965,14508,278537
5572260,6898,9481,278538
5572280,6942,5571,278539
5572300,6869,5374,278540
5572320,6935,2388,278541
5572340,6946,1228,278542
5572360,6963,941,278543
5572380,7018,963,278544
5572400,6975,968,278545
5572420,7026,929,278546
5572440,6985,2350,278547
5572460,6980,4034,278548
5572480,6917,5354,278549
5572500,6812,9495,278550
5572520,6884,11681,278551
5572540,6968,14497,278552
5572560,7000,20220,278553
5572580,6978,22221,278554
5572600,6924,26411,278555
5572620,7011,32855,278556
5572640,7018,34206,278557
5572660,6950,39321,278558
5572680,6987,45538,278559
5572700,6964,46048,278560
5572720,6983,51202,278561
5572740,6998,56279,278562
5572760,7059,56238,278563
5572780,7087,60370,278564
5572800,7102,63336,278565
5572820,7099,63372,278566
5572840,7159,65014,278567
5572860,7121,64981,278568
5572880,7074,65030,278569
5572900,7103,64984,278570
5572920,7137,64170,278571
5572940,7191,63343,278572
5572960,7178,60345,278573
5572980,7136,57524,278574
5573000,7210,56249,278575
5573020,7196,51205,278576
5573040,7250,48017,278577
5573060,7163,45535,278578
5573080,7141,39340,278579
5573100,7189,36489,278580
5573120,7164,32881,278581
5573140,7247,26415,278582
5573160,7163,24384,278583
5573180,7143,20227,278584
5573200,7253,14535,278585
5573220,7210,13453,278586
5573240,7145,9504,278587
5573260,7001,5377,278588
5573280,7089,5029,278589
5573300,7231,2403,278590
5573320,7193,947,278591
5573340,7154,938,278592
5573360,7251,955,278593
5573380,7146,938,278594
5573400,7268,955,278595
5573420,7230,2379,278596
5573440,7209,5361,278597
5573460,7170,5585,278598
5573480,7183,9486,278599
5573500,7244,14557,278600
5573520,7164,15220,278601
5573540,7097,20260,278602
5573560,7126,26437,278603
5573580,7161,27249,278604
5573600,7195,32860,278605
5573620,7210,39334,278606
5573640,7248,40484,278607
5573660,7208,45519,278608
5573680,7212,51205,278609
5573700,7342,52382,278610
5573720,7247,56258,278611
5573740,7197,60388,278612
5573760,7196,61102,278613
5573780,7187,63385,278614
5573800,7283,65020,278615
5573820,7312,64985,278616
5573840,7293,64987,278617
5573860,7385,65022,278618
5573880,7394,65003,278619
5573900,7381,63370,278620
5573920,7381,60368,278621
5573940,7321,58804,278622
5573960,7428,56236,278623
5573980,7306,51219,278624
5574000,7354,48718,278625
5574020,7248,45531,278626
5574040,7250,39332,278627
5574060,7277,36199,278628
5574080,7327,32849,278629
5574100,7357,26422,278630
5574120,7272,23290,278631
5574140,7279,20224,278632
5574160,7333,14550,278633
5574180,7294,11698,278634
5574200,7230,9501,278635
5574220,7294,5327,278636
5574240,7340,3538,278637
5574260,7473,2418,278638
5574280,7508,955,278639
5574300,7483,951,278640
5574320,7481,968,278641
5574340,7504,943,278642
5574360,7438,1823,278643
5574380,7424,2368,278644
5574400,7273,5392,278645
5574420,7229,8392,278646
5574440,7220,9501,278647
5574460,7313,14496,278648
5574480,7389,18850,278649
5574500,7283,20204,278650
5574520,7360,26415,278651
5574540,7369,31706,278652
5574560,7382,32895,278653
5574580,7382,39364,278654
5574600,7406,44553,278655
5574620,7370,45529,278656
5574640,7401,51233,278657
5574660,7483,55576,278658
5574680,7541,56222,278659
5574700,7523,60334,278660
5574720,7511,63183,278661
5574740,7289,63361,278662
5574760,7539,64988,278663
5574780,7314,65029,278664
5574800,7466,65013,278665
5574820,7554,64995,278666
5574840,7525,63932,278667
5574860,7568,63338,278668
5574880,7497,60334,278669
5574900,7360,56242,278670
5574920,7331,56212,278671
5574940,7490,51215,278672
5574960,7574,45555,278673
5574980,7604,45527,278674
5575000,7589,39320,278675
5575020,7705,32879,278676
5575040,7714,32891,278677
5575060,7710,26384,278678
5575080,7772,20220,278679
5575100,7717,19835,278680
5575120,7634,14506,278681
5575140,7556,9467,278682
5575160,7446,9015,278683
5575180,7436,5361,278684
5575200,7441,2395,278685
5575220,7430,2254,278686
5575240,7515,919,278687
5575260,7488,975,278688
5575280,7421,974,278689
5575300,7496,965,278690
5575320,7466,2371,278691
5575340,7642,3122,278692
5575360,7580,5374,278693
5575380,7580,9500,278694
5575400,7534,10756,278695
5575420,7383,14564,278696
5575440,7413,20248,278697
5575460,7462,22172,278698
5575480,7588,26438,278699
5575500,7545,32915,278700
5575520,7465,35131,278701
5575540,7588,39289,278702
5575560,7606,45558,278703
5575580,7666,47655,278704
5575600,7694,51242,278705
5575620,7761,56234,278706
5575640,7791,58030,278707
5575660,7834,60379,278708
5575680,7832,63385,278709
5575700,7845,64143,278710
5575720,7899,65067,278711
5575740,7851,64981,278712
5575760,7909,65037,278713
5575780,7794,64977,278714
5575800,7709,63379,278715
5575820,7758,61650,278716
5575840,7717,60354,278717
5575860,7656,56214,278718
5575880,7750,53286,278719
5575900,7802,51209,278720
5575920,7865,45541,278721
5575940,7801,41650,278722
5575960,7941,39340,278723
5575980,7874,32878,278724
5576000,7916,28403,278725
5576020,7939,26423,278726
5576040,7860,20250,278727
5576060,7956,16182,278728
5576080,7911,14566,278729
5576100,7882,9508,278730
5576120,7814,6340,278731
5576140,7812,5338,278732
5576160,7888,2355,278733
5576180,7906,1244,278734
5576200,7806,941,278735
5576220,7780,985,278736
5576240,7864,945,278737
5576260,7820,990,278738
5576280,7757,2381,278739
5576300,7763,4992,278740
5576320,7687,5350,278741
5576340,7805,9513,278742
5576360,7885,14238,278743
5576380,7876,14609,278744
5576400,7974,20264,278745
5576420,7942,26149,278746
5576440,7878,26404,278747
5576460,7989,32883,278748
5576480,7920,39292,278749
5576500,7909,39319,278750
5576520,7828,45506,278751
5576540,7928,51207,278752
5576560,7912,51222,278753
5576580,7947,56280,278754
5576600,8045,60296,278755
5576620,7911,60374,278756
5576640,8009,63383,278757
5576660,8100,64949,278758
5576680,7921,65032,278759
5576700,8081,65027,278760
5576720,8023,65052,278761
5576740,8180,64988,278762
5576760,8112,63411,278763
5576780,8056,60392,278764
5576800,8048,59918,278765
5576820,8039,56262,278766
5576840,7975,51220,278767
5576860,7998,50489,278768
5576880,8015,45495,278769
5576900,8063,39329,278770
5576920,8080,38070,278771
5576940,8123,32883,278772
5576960,8108,26392,278773
5576980,8066,25079,278774
5577000,8027,20272,278775
5577020,8019,14557,278776
5577040,8094,13312,278777
5577060,7914,9498,278778
5577080,8019,5355,278779
5577100,8004,4396,278780
5577120,8147,2300,278781
5577140,8248,981,278782
5577160,8187,952,278783
5577180,8331,932,278784
5577200,8084,928,278785
5577220,8090,1456,278786
5577240,8056,2429,278787
5577260,8036,5381,278788
5577280,7954,7218,278789
5577300,7932,9463,278790
5577320,8112,14515,278791
5577340,8058,17142,278792
5577360,8107,20231,278793
5577380,8070,26447,278794
5577400,8057,29651,278795
5577420,8001,32876,278796
5577440,8152,39324,278797
5577460,8041,42804,278798
5577480,8109,45522,278799
5577500,8119,51204,278800
5577520,8213,54132,278801
5577540,8134,56224,278802
5577560,8106,60339,278803
5577580,8185,62281,278804
5577600,8345,63315,278805
5577620,8223,65004,278806
5577640,8284,65025,278807
5577660,8251,65010,278808
5577680,8176,64989,278809
5577700,8203,64406,278810
5577720,8240,63354,278811
5577740,8271,60348,278812
5577760,8342,57227,278813
5577780,8453,56182,278814
5577800,8323,51208,278815
5577820,8490,46625,278816
5577840,8457,45521,278817
5577860,8424,39360,278818
5577880,8456,34048,278819
5577900,8514,32866,278820
5577920,8401,26477,278821
5577940,8249,21018,278822
5577960,8255,20215,278823
5577980,8242,14502,278824
5578000,8138,9782,278825
5578020,8213,9507,278826
5578040,8156,5355,278827
5578060,8370,2574,278828
5578080,8228,2418,278829
5578100,8276,917,278830
5578120,8318,1003,278831
5578140,8246,945,278832
5578160,8274,972,278833
5578180,8382,2333,278834
5578200,8479,2376,278835
5578220,8295,5348,278836
5578240,8348,9465,278837
5578260,8143,9489,278838
5578280,8292,14508,278839
5578300,8209,20228,278840
5578320,8292,20203,278841
5578340,8282,26403,278842
5578360,8369,32899,278843
5578380,8253,33253,278844
5578400,8359,39333,278845
5578420,8358,45530,278846
5578440,8413,46006,278847
5578460,8333,51253,278848
5578480,8376,56251,278849
5578500,8512,56787,278850
5578520,8411,60379,278851
5578540,8338,63362,278852
5578560,8565,63647,278853
5578580,8693,65009,278854
5578600,8583,64957,278855
5578620,8526,65024,278856
5578640,8567,64999,278857
5578660,8528,63388,278858
5578680,8537,62671,278859
5578700,8529,60370,278860
5578720,8576,56216,278861
5578740,8558,54699,278862
5578760,8558,51228,278863
5578780,8579,45469,278864
5578800,8451,43510,278865
5578820,8516,39256,278866
5578840,8515,32872,278867
5578860,8455,30494,278868
5578880,8592,26455,278869
5578900,8575,20241,278870
5578920,8555,17663,278871
5578940,8618,14511,278872
5578960,8606,9492,278873
5578980,8585,7563,278874
5579000,8420,5348,278875
5579020,8558,2430,278876
5579040,8586,1657,278877
5579060,8482,988,278878
5579080,8418,992,278879
5579100,8403,1011,278880
5579120,8682,965,278881
5579140,8641,2383,278882
5579160,8450,4080,278883
5579180,8552,5326,278884
5579200,8455,9471,278885
5579220,8340,12650,278886
5579240,8417,14561,278887
5579260,8533,20239,278888
5579280,8565,24476,278889
5579300,8565,26430,278890
5579320,8549,32870,278891
5579340,8581,37390,278892
5579360,8651,39353,278893
5579380,8534,45533,278894
5579400,8560,49810,278895
5579420,8602,51235,278896
5579440,8526,56264,278897
5579460,8506,59541,278898
5579480,8469,60337,278899
5579500,8714,63369,278900
5579520,8681,64759,278901
5579540,8571,65033,278902
5579560,8659,64970,278903
5579580,8560,64999,278904
5579600,8782,64974,278905
5579620,8710,63368,278906
5579640,8892,60517,278907
5579660,8692,60439,278908
5579680,8692,56297,278909
5579700,8473,51537,278910
5579720,8701,51245,278911
5579740,8723,45560,278912
5579760,8676,39351,278913
5579780,8757,39293,278914
5579800,8819,32882,278915
5579820,8865,26424,278916
5579840,8906,26425,278917
5579860,8869,20228,278918
5579880,8804,14533,278919
5579900,8799,14555,278920
5579920,8893,9484,278921
5579940,8914,5392,278922
5579960,8866,5362,278923
5579980,8828,2378,278924
5580000,8819,945,278925
5580020,8759,999,278926
5580040,8730,964,278927
5580060,8647,980,278928
5580080,8626,1037,278929
5580100,8599,2432,278930
5580120,8563,5350,278931
5580140,8440,5901,278932
5580160,8712,9511,278933
5580180,8706,14557,278934
5580200,8831,15671,278935
5580220,8873,20179,278936
5580240,8804,26416,278937
5580260,8897,27677,278938
5580280,8819,32872,278939
5580300,8836,39330,278940
5580320,8865,40931,278941
5580340,8828,45468,278942
5580360,8900,51195,278943
5580380,8834,52767,278944
5580400,8881,56290,278945
5580420,8959,60392,278946
5580440,8815,61339,278947
5580460,8822,63408,278948
5580480,8889,65031,278949
5580500,8964,64936,278950
5580520,8928,65058,278951
5580540,9001,65020,278952
5580560,8969,64882,278953
5580580,9037,63376,278954
5580600,9165,60383,278955
5580620,9091,58579,278956
5580640,9145,56236,278957
5580660,9109,51162,278958
5580680,9196,48310,278959
5580700,9193,45488,278960
5580720,9042,39316,278961
5580740,9071,35722,278962
5580760,9036,32818,278963
5580780,9159,26422,278964
5580800,9139,22933,278965
5580820,9051,20241,278966
5580840,9035,14553,278967
5580860,8979,11374,278968
5580880,9052,9475,278969
5580900,8941,5348,278970
5580920,8957,3354,278971
5580940,8995,2390,278972
5580960,8940,986,278973
5580980,9023,994,278974
5581000,8985,999,278975
5581020,8981,938,278976
5581040,8982,1884,278977
5581060,9053,2383,278978
5581080,9008,5382,278979
5581100,9029,8697,278980
5581120,8907,9490,278981
5581140,8972,14553,278982
5581160,9063,19128,278983
5581180,9052,20222,278984
5581200,8871,26456,278985
5581220,8943,32062,278986
5581240,8868,32882,278987
5581260,8963,39313,278988
5581280,8985,45022,278989
5581300,9075,45495,278990
5581320,8873,51258,278991
5581340,8898,55913,278992
5581360,8944,56237,278993
5581380,8849,60326,278994
5581400,8947,63358,278995
5581420,8870,63544,278996
5581440,9121,65020,278997
5581460,9247,65017,278998
5581480,9282,65035,278999
5581500,9258,64992,279000
5581520,9364,63369,279001
5581540,9366,61825,279002
5581560,9317,60374,279003
5581580,9183,56263,279004
5581600,9201,52779,279005
5581620,9196,51171,279006
5581640,9206,45512,279007
5581660,9237,39966,279008
5581680,9115,39299,279009
5581700,9081,32898,279010
5581720,9076,26434,279011
5581740,9037,26017,279012
5581760,9118,20243,279013
5581780,9226,14519,279014
5581800,9104,13299,279015
5581820,9308,9479,279016
5581840,9280,5370,279017
5581860,9236,4057,279018
5581880,9236,2414,279019
5581900,9215,946,279020
5581920,9045,990,279021
5581940,9088,1015,279022
5581960,9018,962,279023
5581980,8943,2054,279024
5582000,8981,2386,279025
5582020,9043,5311,279026
5582040,9109,9495,279027
5582060,9222,9439,279028
5582080,9193,14531,279029
5582100,9274,20203,279030
5582120,9324,21452,279031
5582140,9345,26370,279032
5582160,9340,32895,279033
5582180,9211,35517,279034
5582200,9343,39338,279035
5582220,9298,45550,279036
5582240,9376,48976,279037
5582260,9425,51171,279038
5582280,9316,56249,279039
5582300,9455,59590,279040
5582320,9330,60342,279041
5582340,9377,63384,279042
5582360,9380,65005,279043
5582380,9366,65028,279044
5582400,9353,64982,279045
5582420,9233,65099,279046
5582440,9388,65015,279047
5582460,9438,63370,279048
5582480,9409,60358,279049
5582500,9498,58821,279050
5582520,9520,56221,279051
5582540,9453,51191,279052
5582560,9391,48009,279053
5582580,9591,45498,279054
5582600,9488,39306,279055
5582620,9474,34466,279056
5582640,9455,32873,279057
5582660,9490,26432,279058
5582680,9492,20641,279059
5582700,9576,20227,279060
5582720,9422,14542,279061
5582740,9528,9503,279062
5582760,9423,8925,279063
5582780,9354,5400,279064
5582800,9428,2416,279065
5582820,9464,1955,279066
5582840,9512,972,279067
5582860,9458,970,279068
5582880,9509,979,279069
5582900,9505,1006,279070
5582920,9540,2388,279071
5582940,9523,4426,279072
5582960,9451,5352,279073
5582980,9530,9474,279074
5583000,9448,13972,279075
5583020,9484,14560,279076
5583040,9443,20271,279077
5583060,9434,26397,279078
5583080,9498,26823,279079
5583100,9506,32853,279080
5583120,9388,39313,279081
5583140,9380,40918,279082
5583160,9415,45515,279083
5583180,9523,51229,279084
5583200,9497,53409,279085
5583220,9486,56248,279086
5583240,9551,60340,279087
5583260,9661,62281,279088
5583280,9664,63292,279089
5583300,9688,64984,279090
5583320,9660,65035,279091
5583340,9606,65033,279092
5583360,9537,65002,279093
5583380,9602,63859,279094
5583400,9644,63388,279095
5583420,9641,60375,279096
5583440,9753,56234,279097
5583460,9697,55288,279098
5583480,9649,51218,279099
5583500,9566,45517,279100
5583520,9481,43096,279101
5583540,9560,39311,279102
5583560,9595,32892,279103
5583580,9722,28889,279104
5583600,9621,26417,279105
5583620,9674,20204,279106
5583640,9693,15570,279107
5583660,9561,14561,279108
5583680,9565,9488,279109
5583700,9521,5365,279110
5583720,9522,5345,279111
5583740,9661,2361,279112
5583760,9680,943,279113
5583780,9570,964,279114
5583800,9468,1027,279115
5583820,9499,975,279116
5583840,9516,1360,279117
5583860,9600,2416,279118
5583880,9431,5376,279119
5583900,9412,7703,279120
5583920,9492,9480,279121
5583940,9612,14528,279122
5583960,9816,18804,279123
5583980,9613,20222,279124
5584000,9650,26413,279125
5584020,9551,32499,279126
5584040,9446,32883,279127
5584060,9533,39344,279128
5584080,9504,45529,279129
5584100,9606,46200,279130
5584120,9788,51196,279131
5584140,9740,56216,279132
5584160,9836,57500,279133
5584180,9778,60375,279134
5584200,9864,63339,279135
5584220,9838,64211,279136
5584240,9822,65017,279137
5584260,9875,65000,279138
5584280,9858,65064,279139
5584300,9941,65043,279140
5584320,9945,63387,279141
5584340,9923,60749,279142
5584360,9955,60328,279143
5584380,9807,56269,279144
5584400,9879,51200,279145
5584420,9840,50852,279146
5584440,9811,45517,279147
5584460,9802,39287,279148
5584480,9722,37711,279149
5584500,9892,32905,279150
5584520,9936,26456,279151
5584540,9883,23726,279152
5584560,9905,20229,279153
5584580,9861,14543,279154
5584600,9833,11347,279155
5584620,9814,9489,279156
5584640,9912,5359,279157
5584660,9802,2850,279158
5584680,9896,2395,279159
5584700,9949,970,279160
5584720,9924,987,279161
5584740,9950,1006,279162
5584760,9823,1017,279163
