Tiempo_us,ADC_IN_A2,ADC_OUT_A3,Muestra
9997423,8298,4144,624746
9997439,8052,1015,624747
9997455,8009,6133,624748
9997471,8170,11824,624749
9997487,8142,16350,624750
9997503,8115,10734,624751
9997519,8285,5690,624752
9997535,7879,291,624753
9997551,8284,5144,624754
9997567,8154,10282,624755
9997583,7986,15404,624756
9997599,8270,11902,624757
9997615,8021,6648,624758
9997631,7988,1506,624759
9997647,8134,3557,624760
9997663,7964,9096,624761
9997679,8013,14321,624762
9997695,8266,13383,624763
9997711,7916,8175,624764
9997727,8161,2806,624765
9997743,8272,2564,624766
9997759,7936,7712,624767
9997775,8284,12833,624768
9997791,8094,14824,624769
9997807,8169,9247,624770
9997823,8174,4065,624771
9997839,8177,1032,624772
9997855,8196,6192,624773
9997871,8020,11778,624774
9997887,8139,16266,624775
9997903,8027,10736,624776
9997919,8069,5625,624777
9997935,8144,347,624778
9997951,8162,5079,624779
9997967,8101,10306,624780
9997983,8221,15393,624781
9997999,8267,11893,624782
9998015,7990,6623,624783
9998031,8246,1505,624784
9998047,8100,3520,624785
9998063,8139,9130,624786
9998079,8239,14416,624787
9998095,8026,13377,624788
9998111,8092,8232,624789
9998127,8008,2790,624790
9998143,7958,2551,624791
9998159,8200,7683,624792
9998175,8122,12835,624793
9998191,8147,14901,624794
9998207,8356,9256,624795
9998223,8243,4100,624796
9998239,8209,994,624797
9998255,8166,6127,624798
9998271,8014,11860,624799
9998287,8154,16321,624800
9998303,8052,10808,624801
9998319,7951,5635,624802
9998335,8060,316,624803
9998351,8126,5156,624804
9998367,8049,10311,624805
9998383,8295,15362,624806
9998399,7982,11878,624807
9998415,8132,6680,624808
9998431,8370,1515,624809
9998447,8047,3618,624810
9998463,8169,9091,624811
9998479,8258,14429,624812
9998495,7939,13353,624813
9998511,8268,8208,624814
9998527,8160,2816,624815
9998543,8020,2589,624816
9998559,8198,7677,624817
9998575,8027,12855,624818
9998591,8087,14896,624819
9998607,8331,9242,624820
9998623,8151,4103,624821
9998639,8105,961,624822
9998655,8116,6113,624823
9998671,8074,11797,624824
9998687,8233,16322,624825
9998703,8039,10751,624826
9998719,7920,5612,624827
9998735,8196,365,624828
9998751,8050,5177,624829
9998767,8066,10284,624830
9998783,8133,15393,624831
9998799,7971,11844,624832
9998815,8109,6696,624833
9998831,8066,1519,624834
9998847,7936,3536,624835
9998863,8268,9136,624836
9998879,8179,14443,624837
9998895,8012,13350,624838
9998911,8320,8223,624839
9998927,8238,2858,624840
9998943,7917,2496,624841
9998959,8163,7737,624842
9998975,7952,12827,624843
9998991,8118,14954,624844
9999007,8120,9211,624845
9999023,7917,4132,624846
9999039,7872,968,624847
9999055,8081,6181,624848
9999071,8093,11762,624849
9999087,8132,16328,624850
9999103,8227,10807,624851
9999119,8226,5666,624852
9999135,8145,311,624853
9999151,8112,5107,624854
9999167,8204,10281,624855
9999183,8093,15452,624856
9999199,8065,11810,624857
9999215,8144,6661,624858
9999231,7937,1510,624859
9999247,8158,3583,624860
9999263,8089,9103,624861
9999279,7996,14404,624862
9999295,8394,13429,624863
9999311,8050,8162,624864
9999327,8105,2867,624865
9999343,8358,2503,624866
9999359,7976,7667,624867
9999375,8250,12845,624868
9999391,8334,14908,624869
9999407,7983,9197,624870
9999423,8133,4093,624871
9999439,8198,1000,624872
9999455,7973,6152,624873
9999471,8306,11847,624874
9999487,8162,16282,624875
9999503,8140,10830,624876
9999519,8339,5668,624877
9999535,8101,389,624878
9999551,8234,5149,624879
9999567,8223,10262,624880
9999583,8103,15394,624881
9999599,8286,11916,624882
9999615,8183,6694,624883
9999631,7955,1484,624884
9999647,8198,3567,624885
9999663,7976,9119,624886
9999679,7999,14334,624887
9999695,8352,13368,624888
9999711,7998,8243,624889
9999727,8056,2815,624890
9999743,8414,2542,624891
9999759,8007,7679,624892
9999775,8148,12839,624893
9999791,8316,14890,624894
9999807,7821,9260,624895
9999823,8172,4098,624896
9999839,8240,993,624897
9999855,7948,6163,624898
9999871,8237,11833,624899
9999887,8026,16311,624900
9999903,8138,10817,624901
9999919,8139,5679,624902
9999935,8086,324,624903
9999951,7995,5090,624904
9999967,8082,10271,624905
9999983,8206,15395,624906
9999999,8154,11852,624907
10000015,8240,6687,624908
10000031,8218,1526,624909
10000047,8192,3580,624910
10000063,8101,9077,624911
10000079,8277,14422,624912
10000095,8061,13358,624913
10000111,8058,8227,624914
10000127,8006,2815,624915
10000143,8184,2531,624916
10000159,7960,7688,624917
10000175,8150,12848,624918
10000191,8094,14912,624919
10000207,8059,9202,624920
10000223,8246,4076,624921
10000239,8174,1056,624922
10000255,8109,6168,624923
10000271,8188,11861,624924
10000287,8105,16309,624925
10000303,8214,10813,624926
10000319,8032,5639,624927
10000335,7992,318,624928
10000351,8120,5097,624929
10000367,8046,10295,624930
10000383,8155,15359,624931
10000399,8082,11834,624932
10000415,8104,6652,624933
10000431,8301,1544,624934
10000447,8130,3595,624935
10000463,8083,9074,624936
10000479,8251,14379,624937
10000495,7951,13356,624938
10000511,8181,8255,624939
10000527,8190,2875,624940
10000543,7903,2515,624941
10000559,8091,7663,624942
10000575,7962,12900,624943
10000591,7921,14914,624944
10000607,8226,9252,624945
10000623,8103,4084,624946
10000639,7954,988,624947
10000655,8177,6172,624948
10000671,7962,11826,624949
10000687,8213,16250,624950
10000703,8328,10776,624951
10000719,8098,5693,624952
10000735,8122,364,624953
10000751,8250,5113,624954
10000767,8080,10273,624955
10000783,8236,15482,624956
10000799,8065,11843,624957
10000815,8000,6658,624958
10000831,8251,1509,624959
10000847,7866,3589,624960
10000863,8152,9080,624961
10000879,8221,14361,624962
10000895,8054,13358,624963
10000911,8351,8255,624964
10000927,8217,2872,624965
10000943,7921,2478,624966
10000959,8210,7678,624967
10000975,8073,12833,624968
10000991,8018,14919,624969
10001007,8183,9301,624970
10001023,7945,4070,624971
10001039,7970,975,624972
10001055,8156,6200,624973
10001071,7951,11811,624974
10001087,8025,16199,624975
10001103,8047,10784,624976
10001119,7950,5631,624977
10001135,8049,289,624978
10001151,8203,5090,624979
10001167,8118,10312,624980
10001183,8096,15410,624981
10001199,8172,11850,624982
10001215,8105,6690,624983
10001231,8057,1525,624984
10001247,8124,3568,624985
10001263,8092,9094,624986
10001279,7953,14390,624987
10001295,8165,13405,624988
10001311,8069,8182,624989
10001327,8010,2840,624990
10001343,8196,2520,624991
10001359,8069,7715,624992
10001375,8129,12831,624993
10001391,8278,14891,624994
10001407,7990,9268,624995
10001423,8130,4129,624996
10001439,8191,1012,624997
10001455,7932,6143,624998
10001471,8014,11833,624999
10001487,8091,16255,625000
10001503,7948,10796,625001
10001519,8152,5638,625002
10001535,7956,351,625003
10001551,8059,5123,625004
10001567,8372,10294,625005
10001583,8097,15447,625006
10001599,8173,11854,625007
10001615,8425,6630,625008
10001631,7818,1492,625009
10001647,8198,3577,625010
10001663,8159,9156,625011
10001679,7868,14401,625012
10001695,8282,13398,625013
10001711,8036,8255,625014
10001727,7899,2811,625015
10001743,8301,2552,625016
10001759,7918,7689,625017
10001775,8140,12819,625018
10001791,8369,14922,625019
10001807,7939,9182,625020
10001823,8294,4198,625021
10001839,8247,994,625022
10001855,7844,6156,625023
10001871,8149,11817,625024
10001887,8081,16276,625025
10001903,7992,10778,625026
10001919,8067,5619,625027
10001935,8076,321,625028
10001951,8113,5110,625029
10001967,8107,10265,625030
10001983,8014,15356,625031
10001999,8154,11811,625032
10002015,8122,6664,625033
10002031,8074,1494,625034
10002047,8144,3617,625035
10002063,8034,9148,625036
10002079,8028,14407,625037
10002095,8164,13450,625038
10002111,7952,8221,625039
10002127,8132,2781,625040
10002143,8079,2510,625041
10002159,7921,7660,625042
10002175,8144,12888,625043
10002191,8151,14902,625044
10002207,8052,9217,625045
10002223,8133,4059,625046
10002239,8081,966,625047
10002255,8076,6143,625048
10002271,8229,11771,625049
10002287,8048,16321,625050
10002303,8092,10739,625051
10002319,8105,5626,625052
10002335,8343,336,625053
10002351,8185,5164,625054
10002367,8018,10270,625055
10002383,7989,15344,625056
10002399,8138,11841,625057
10002415,7940,6642,625058
10002431,8236,1500,625059
10002447,8171,3647,625060
10002463,8127,9154,625061
10002479,8311,14411,625062
10002495,8134,13389,625063
10002511,8117,8227,625064
10002527,8311,2850,625065
10002543,7918,2504,625066
10002559,8180,7713,625067
10002575,8050,12856,625068
10002591,7900,14919,625069
10002607,8166,9250,625070
10002623,8176,4122,625071
10002639,7932,1022,625072
10002655,8262,6158,625073
10002671,8211,11833,625074
10002687,8045,16325,625075
10002703,8383,10788,625076
10002719,8028,5592,625077
10002735,8082,267,625078
10002751,8154,5063,625079
10002767,8040,10335,625080
10002783,8150,15450,625081
10002799,7994,11841,625082
10002815,7971,6615,625083
10002831,8173,1520,625084
10002847,7949,3613,625085
10002863,8129,9109,625086
10002879,8234,14442,625087
10002895,8005,13389,625088
10002911,8280,8222,625089
10002927,8195,2831,625090
10002943,7907,2542,625091
10002959,8202,7716,625092
10002975,8183,12825,625093
10002991,7833,14876,625094
10003007,8314,9257,625095
10003023,8028,4160,625096
10003039,8055,990,625097
10003055,8297,6187,625098
10003071,8041,11845,625099
10003087,8079,16268,625100
10003103,8285,10745,625101
10003119,8034,5642,625102
10003135,8169,392,625103
10003151,8178,5095,625104
10003167,8171,10297,625105
10003183,8082,15468,625106
10003199,8005,11805,625107
10003215,7946,6691,625108
10003231,7984,1543,625109
10003247,8058,3561,625110
10003263,8071,9080,625111
10003279,8064,14327,625112
10003295,8000,13353,625113
10003311,8050,8191,625114
10003327,8144,2832,625115
10003343,8190,2521,625116
10003359,8223,7733,625117
10003375,8176,12906,625118
10003391,8173,14845,625119
10003407,8126,9178,625120
10003423,8074,4137,625121
10003439,8148,964,625122
10003455,7921,6157,625123
10003471,7960,11828,625124
10003487,8040,16306,625125
10003503,7915,10829,625126
10003519,8064,5616,625127
10003535,8109,328,625128
10003551,8034,5175,625129
10003567,8305,10222,625130
10003583,8107,15473,625131
10003599,8217,11887,625132
10003615,8198,6699,625133
10003631,7996,1514,625134
10003647,8292,3632,625135
10003663,8183,9088,625136
10003679,8027,14402,625137
10003695,8221,13401,625138
10003711,7949,8181,625139
10003727,7911,2792,625140
10003743,8305,2565,625141
10003759,7919,7669,625142
10003775,8157,12863,625143
10003791,8291,14873,625144
10003807,7964,9223,625145
10003823,8296,4117,625146
10003839,8250,996,625147
10003855,7856,6176,625148
10003871,8336,11863,625149
10003887,8186,16336,625150
10003903,7848,10785,625151
10003919,8334,5639,625152
10003935,7975,380,625153
10003951,7875,5101,625154
10003967,8232,10247,625155
10003983,7983,15436,625156
10003999,8140,11886,625157
10004015,8227,6655,625158
10004031,8021,1529,625159
10004047,8204,3552,625160
10004063,8228,9102,625161
10004079,8090,14416,625162
10004095,8158,13341,625163
10004111,8250,8210,625164
10004127,7901,2828,625165
10004143,8205,2549,625166
10004159,8049,7721,625167
10004175,8030,12861,625168
10004191,8270,14922,625169
10004207,8004,9272,625170
10004223,8169,4141,625171
10004239,8189,994,625172
10004255,8047,6166,625173
10004271,8237,11827,625174
10004287,8243,16332,625175
10004303,8172,10820,625176
10004319,8260,5703,625177
10004335,7993,326,625178
10004351,8070,5063,625179
10004367,8030,10268,625180
10004383,8015,15418,625181
10004399,8131,11913,625182
10004415,8124,6628,625183
10004431,8037,1492,625184
10004447,8188,3577,625185
10004463,8087,9076,625186
10004479,8129,14377,625187
10004495,8285,13362,625188
10004511,8198,8250,625189
10004527,8248,2852,625190
10004543,8025,2516,625191
10004559,8096,7684,625192
10004575,8121,12802,625193
10004591,7938,14894,625194
10004607,8128,9258,625195
10004623,8031,4063,625196
10004639,7964,992,625197
10004655,8166,6136,625198
10004671,8162,11830,625199
10004687,8074,16295,625200
10004703,8204,10801,625201
10004719,8061,5661,625202
10004735,8042,294,625203
10004751,8260,5146,625204
10004767,7932,10232,625205
10004783,8200,15504,625206
10004799,8097,11878,625207
10004815,7946,6695,625208
10004831,8248,1531,625209
10004847,8012,3618,625210
10004863,8138,9134,625211
10004879,8272,14443,625212
10004895,7978,13360,625213
10004911,8172,8204,625214
10004927,8214,2787,625215
10004943,8021,2565,625216
10004959,8201,7720,625217
10004975,8207,12853,625218
10004991,7985,14914,625219
10005007,8254,9239,625220
10005023,8061,4096,625221
10005039,7998,1031,625222
10005055,8229,6157,625223
10005071,8088,11849,625224
10005087,8071,16315,625225
10005103,8288,10826,625226
10005119,7907,5600,625227
10005135,8161,352,625228
10005151,8217,5185,625229
10005167,7943,10226,625230
10005183,8142,15428,625231
10005199,8150,11911,625232
10005215,8029,6695,625233
10005231,7990,1500,625234
10005247,7941,3590,625235
10005263,8094,9130,625236
10005279,8040,14357,625237
10005295,7941,13412,625238
10005311,8046,8183,625239
10005327,8012,2818,625240
10005343,8073,2531,625241
10005359,8163,7652,625242
10005375,8093,12871,625243
10005391,8222,14942,625244
10005407,8160,9351,625245
10005423,8071,4072,625246
10005439,8092,983,625247
10005455,8145,6181,625248
10005471,7921,11812,625249
10005487,8131,16339,625250
10005503,7930,10803,625251
10005519,7885,5663,625252
10005535,7959,320,625253
10005551,8001,5152,625254
10005567,8110,10287,625255
10005583,8040,15348,625256
10005599,7987,11811,625257
10005615,8077,6700,625258
10005631,8097,1484,625259
10005647,8111,3564,625260
10005663,8203,9124,625261
10005679,8031,14365,625262
10005695,8174,13399,625263
10005711,8064,8254,625264
10005727,7880,2829,625265
10005743,7996,2501,625266
10005759,8149,7751,625267
10005775,8016,12850,625268
10005791,8285,14818,625269
10005807,8090,9210,625270
10005823,8273,4100,625271
10005839,8384,1002,625272
10005855,8093,6187,625273
10005871,8084,11804,625274
10005887,8270,16343,625275
10005903,7875,10751,625276
10005919,8229,5700,625277
10005935,8101,382,625278
10005951,7966,5123,625279
10005967,8096,10243,625280
10005983,8082,15465,625281
10005999,7988,11809,625282
10006015,8228,6690,625283
10006031,8130,1546,625284
10006047,8093,3574,625285
10006063,8185,9102,625286
10006079,7926,14394,625287
10006095,8178,13342,625288
10006111,8188,8244,625289
10006127,8054,2869,625290
10006143,8122,2536,625291
10006159,7994,7711,625292
10006175,8081,12888,625293
10006191,8181,14840,625294
10006207,7954,9237,625295
10006223,8143,4101,625296
10006239,8279,1012,625297
10006255,8062,6129,625298
10006271,8296,11777,625299
10006287,8186,16271,625300
10006303,8064,10831,625301
10006319,8378,5662,625302
10006335,8078,327,625303
10006351,8013,5159,625304
10006367,8118,10269,625305
10006383,8048,15443,625306
10006399,8114,11862,625307
10006415,8203,6722,625308
10006431,7945,1481,625309
10006447,8056,3534,625310
10006463,8251,9114,625311
10006479,8077,14411,625312
10006495,8238,13399,625313
10006511,8182,8227,625314
10006527,8206,2874,625315
10006543,8402,2571,625316
10006559,8201,7744,625317
10006575,7984,12833,625318
10006591,8124,14821,625319
10006607,8112,9238,625320
10006623,8144,4164,625321
10006639,8067,1010,625322
10006655,8085,6209,625323
10006671,8159,11830,625324
10006687,8043,16267,625325
10006703,8310,10792,625326
10006719,8294,5681,625327
10006735,8068,298,625328
10006751,8277,5068,625329
10006767,8090,10267,625330
10006783,8200,15462,625331
10006799,8277,11881,625332
10006815,7946,6605,625333
10006831,8116,1573,625334
10006847,8090,3571,625335
10006863,7972,9090,625336
10006879,8240,14413,625337
10006895,8071,13382,625338
10006911,8064,8219,625339
10006927,8272,2813,625340
10006943,8211,2526,625341
10006959,8202,7710,625342
10006975,8287,12914,625343
10006991,8094,14926,625344
10007007,8190,9246,625345
10007023,8127,4121,625346
10007039,7954,980,625347
10007055,8151,6196,625348
10007071,8005,11847,625349
10007087,8066,16282,625350
10007103,8372,10807,625351
10007119,8021,5623,625352
10007135,8111,366,625353
10007151,8370,5119,625354
10007167,8018,10271,625355
10007183,8150,15428,625356
10007199,8281,11875,625357
10007215,7957,6638,625358
10007231,8169,1487,625359
10007247,8074,3589,625360
10007263,7987,9065,625361
10007279,8128,14401,625362
10007295,7984,13349,625363
10007311,8150,8236,625364
10007327,8171,2794,625365
10007343,7972,2518,625366
10007359,8238,7752,625367
10007375,8192,12875,625368
10007391,7980,14810,625369
10007407,8304,9243,625370
10007423,8011,4119,625371
10007439,8024,1055,625372
10007455,8224,6143,625373
10007471,8006,11801,625374
10007487,7974,16266,625375
10007503,8124,10732,625376
10007519,7981,5665,625377
10007535,8111,325,625378
10007551,8166,5093,625379
10007567,7971,10262,625380
10007583,8209,15441,625381
10007599,8196,11887,625382
10007615,8110,6713,625383
10007631,8330,1529,625384
10007647,8061,3616,625385
10007663,8099,9147,625386
10007679,8206,14440,625387
10007695,8137,13406,625388
10007711,8172,8194,625389
10007727,7976,2820,625390
10007743,7942,2530,625391
10007759,8014,7656,625392
10007775,7934,12849,625393
10007791,8082,14830,625394
10007807,8089,9289,625395
10007823,7998,4058,625396
10007839,8231,1017,625397
10007855,8087,6169,625398
10007871,8189,11871,625399
10007887,8305,16326,625400
10007903,8046,10790,625401
10007919,8007,5592,625402
10007935,8205,269,625403
10007951,7993,5159,625404
10007967,8073,10228,625405
10007983,8137,15407,625406
10007999,8044,11885,625407
10008015,8218,6655,625408
10008031,8166,1513,625409
10008047,8089,3620,625410
10008063,8274,9101,625411
10008079,8092,14404,625412
10008095,8130,13345,625413
10008111,8228,8190,625414
10008127,7998,2816,625415
10008143,8245,2549,625416
10008159,8076,7717,625417
10008175,7859,12870,625418
10008191,8201,14820,625419
10008207,7964,9240,625420
10008223,8166,4116,625421
10008239,8434,1023,625422
10008255,8066,6169,625423
10008271,8203,11831,625424
10008287,8279,16282,625425
10008303,7951,10845,625426
10008319,8239,5634,625427
10008335,8180,329,625428
10008351,7921,5088,625429
10008367,8302,10263,625430
10008383,8117,15409,625431
10008399,7974,11840,625432
10008415,8328,6711,625433
10008431,7949,1518,625434
10008447,8005,3550,625435
10008463,8243,9096,625436
10008479,8021,14364,625437
10008495,8216,13289,625438
10008511,8294,8226,625439
10008527,8143,2837,625440
10008543,8314,2499,625441
10008559,8233,7673,625442
10008575,7996,12784,625443
10008591,8195,14838,625444
10008607,8022,9208,625445
10008623,8192,4137,625446
10008639,8150,1071,625447
10008655,8016,6169,625448
10008671,8185,11812,625449
10008687,8228,16215,625450
10008703,7998,10730,625451
10008719,8278,5695,625452
10008735,8070,410,625453
10008751,8116,5143,625454
10008767,8282,10269,625455
10008783,8021,15468,625456
10008799,8169,11798,625457
10008815,8137,6695,625458
10008831,8071,1457,625459
10008847,8075,3647,625460
10008863,8067,9112,625461
10008879,8006,14421,625462
10008895,8169,13373,625463
10008911,8084,8188,625464
10008927,8136,2831,625465
10008943,8096,2592,625466
10008959,8233,7680,625467
10008975,8229,12781,625468
10008991,8181,14909,625469
10009007,8302,9246,625470
10009023,8112,4104,625471
10009039,8019,1032,625472
10009055,8272,6154,625473
10009071,8182,11866,625474
10009087,7980,16301,625475
10009103,8314,10792,625476
10009119,8055,5673,625477
10009135,8070,358,625478
10009151,8512,5124,625479
10009167,8049,10265,625480
10009183,8184,15408,625481
10009199,8226,11842,625482
10009215,8032,6664,625483
10009231,8151,1521,625484
10009247,8129,3578,625485
10009263,8016,9157,625486
10009279,8326,14384,625487
10009295,7914,13351,625488
10009311,7924,8199,625489
10009327,8234,2835,625490
10009343,8037,2556,625491
10009359,8034,7683,625492
10009375,8341,12918,625493
10009391,7945,14843,625494
10009407,8146,9296,625495
10009423,8200,4174,625496
10009439,8252,1021,625497
10009455,8336,6147,625498
10009471,7991,11822,625499
10009487,8044,16325,625500
10009503,8243,10820,625501
10009519,7894,5625,625502
10009535,7970,289,625503
10009551,8243,5166,625504
10009567,7918,10259,625505
10009583,8112,15426,625506
10009599,8359,11888,625507
10009615,8084,6694,625508
10009631,8230,1502,625509
10009647,8151,3558,625510
10009663,8072,9130,625511
10009679,8262,14405,625512
10009695,8022,13355,625513
10009711,8020,8191,625514
10009727,8249,2866,625515
10009743,8026,2520,625516
10009759,8047,7685,625517
10009775,8189,12868,625518
10009791,8057,14848,625519
10009807,8086,9250,625520
10009823,8072,4144,625521
10009839,8198,1027,625522
10009855,8089,6170,625523
10009871,8098,11854,625524
10009887,8211,16264,625525
10009903,8061,10793,625526
10009919,8033,5677,625527
10009935,8149,376,625528
10009951,8016,5106,625529
10009967,8041,10317,625530
10009983,8086,15445,625531
10009999,7972,11863,625532
10010015,8106,6690,625533
10010031,8059,1500,625534
10010047,8057,3546,625535
10010063,8250,9140,625536
10010079,8086,14416,625537
10010095,8273,13366,625538
10010111,8337,8245,625539
10010127,8026,2842,625540
10010143,8231,2569,625541
10010159,8173,7678,625542
10010175,7867,12796,625543
10010191,8059,14893,625544
10010207,7970,9215,625545
10010223,8059,4102,625546
10010239,8257,1010,625547
10010255,8025,6143,625548
10010271,8211,11892,625549
10010287,8336,16299,625550
10010303,8011,10783,625551
10010319,8294,5682,625552
10010335,8239,313,625553
10010351,7927,5102,625554
10010367,8343,10307,625555
10010383,8197,15439,625556
10010399,7902,11868,625557
10010415,8239,6722,625558
10010431,8036,1469,625559
10010447,8010,3616,625560
10010463,8265,9096,625561
10010479,7932,14324,625562
10010495,8194,13366,625563
10010511,8281,8175,625564
10010527,7998,2793,625565
10010543,8190,2545,625566
10010559,8260,7745,625567
10010575,8039,12861,625568
10010591,8258,14909,625569
10010607,8042,9304,625570
10010623,8113,4093,625571
10010639,8203,981,625572
10010655,8066,6215,625573
10010671,8040,11802,625574
10010687,8217,16299,625575
10010703,8006,10774,625576
10010719,8241,5614,625577
10010735,8027,332,625578
10010751,8124,5171,625579
10010767,8298,10227,625580
10010783,8101,15386,625581
10010799,8111,11852,625582
10010815,8260,6634,625583
10010831,8070,1488,625584
10010847,8109,3580,625585
10010863,8154,9143,625586
10010879,8011,14365,625587
10010895,8054,13351,625588
10010911,8201,8252,625589
10010927,7994,2824,625590
10010943,8171,2553,625591
10010959,7997,7741,625592
10010975,8191,12803,625593
10010991,8272,14875,625594
10011007,8189,9213,625595
10011023,8332,4152,625596
10011039,8160,993,625597
10011055,8150,6165,625598
10011071,8247,11866,625599
10011087,8001,16372,625600
10011103,8166,10815,625601
10011119,8118,5658,625602
10011135,7931,347,625603
10011151,8197,5157,625604
10011167,8147,10244,625605
10011183,8012,15465,625606
10011199,8353,11850,625607
10011215,8178,6704,625608
10011231,8156,1574,625609
10011247,8128,3500,625610
10011263,7983,9108,625611
10011279,8189,14412,625612
10011295,8217,13390,625613
10011311,8122,8228,625614
10011327,8264,2788,625615
10011343,7962,2509,625616
10011359,8081,7642,625617
10011375,8295,12922,625618
10011391,8011,14807,625619
10011407,8221,9263,625620
10011423,8187,4105,625621
10011439,8098,1024,625622
10011455,8117,6144,625623
10011471,8236,11826,625624
10011487,7850,16261,625625
10011503,8142,10845,625626
10011519,8092,5666,625627
10011535,7887,349,625628
10011551,8308,5156,625629
10011567,8020,10284,625630
10011583,7944,15411,625631
10011599,8267,11822,625632
10011615,8019,6626,625633
10011631,8026,1506,625634
10011647,8217,3646,625635
10011663,8083,9138,625636
10011679,8344,14433,625637
10011695,8189,13370,625638
10011711,8074,8221,625639
10011727,8138,2880,625640
10011743,7933,2534,625641
10011759,8028,7679,625642
10011775,8163,12869,625643
10011791,8032,14929,625644
10011807,8005,9216,625645
10011823,8072,4054,625646
10011839,8070,1018,625647
10011855,8222,6150,625648
10011871,8065,11772,625649
10011887,8093,16260,625650
10011903,8223,10810,625651
10011919,8093,5631,625652
10011935,8264,369,625653
10011951,8127,5188,625654
10011967,7928,10244,625655
10011983,8135,15469,625656
10011999,8110,11863,625657
10012015,7969,6697,625658
10012031,8092,1482,625659
10012047,8078,3558,625660
10012063,8122,9141,625661
10012079,8153,14342,625662
10012095,8251,13354,625663
10012111,8298,8233,625664
10012127,8226,2837,625665
10012143,8201,2526,625666
10012159,8122,7705,625667
10012175,8155,12905,625668
10012191,8037,14793,625669
10012207,8048,9245,625670
10012223,7968,4089,625671
10012239,7954,982,625672
10012255,7955,6133,625673
10012271,7956,11816,625674
10012287,8238,16303,625675
10012303,8075,10745,625676
10012319,8226,5661,625677
10012335,8182,341,625678
10012351,7999,5082,625679
10012367,8220,10316,625680
10012383,8099,15424,625681
10012399,7907,11822,625682
10012415,8121,6652,625683
10012431,8063,1526,625684
10012447,7913,3561,625685
10012463,8294,9156,625686
10012479,8080,14384,625687
10012495,7953,13343,625688
10012511,8122,8170,625689
10012527,7978,2784,625690
10012543,8259,2518,625691
10012559,8205,7769,625692
10012575,8084,12850,625693
10012591,8183,14831,625694
10012607,8141,9187,625695
10012623,7949,4090,625696
10012639,8229,1004,625697
10012655,7951,6192,625698
10012671,8054,11811,625699
10012687,8385,16268,625700
10012703,8043,10750,625701
10012719,8297,5684,625702
10012735,8245,363,625703
10012751,8090,5152,625704
10012767,8372,10272,625705
10012783,8329,15437,625706
10012799,8090,11821,625707
10012815,8400,6746,625708
10012831,8029,1527,625709
10012847,7833,3525,625710
10012863,8144,9068,625711
10012879,7955,14414,625712
10012895,8097,13412,625713
10012911,8106,8221,625714
10012927,8068,2998,625715
10012943,8160,2523,625716
10012959,8127,7724,625717
10012975,8163,12856,625718
10012991,8268,14840,625719
10013007,8087,9269,625720
10013023,8193,4130,625721
10013039,8187,984,625722
10013055,8162,6190,625723
10013071,8141,11825,625724
10013087,8149,16316,625725
10013103,8128,10781,625726
10013119,8242,5671,625727
10013135,8073,363,625728
10013151,8175,5122,625729
10013167,8111,10266,625730
10013183,8028,15407,625731
10013199,8164,11803,625732
10013215,8232,6688,625733
10013231,8175,1527,625734
10013247,8193,3571,625735
10013263,8077,9092,625736
10013279,8215,14421,625737
10013295,8140,13314,625738
10013311,8061,8202,625739
10013327,8179,2842,625740
10013343,8015,2507,625741
10013359,8029,7686,625742
10013375,8098,12802,625743
10013391,8069,14758,625744
10013407,8049,9252,625745
10013423,8315,4130,625746
10013439,8126,974,625747
10013455,8217,6176,625748
10013471,8268,11859,625749
10013487,8016,16293,625750
10013503,8312,10783,625751
10013519,8109,5691,625752
10013535,7999,294,625753
10013551,8121,5109,625754
10013567,7996,10286,625755
10013583,7971,15439,625756
10013599,8264,11813,625757
10013615,7967,6639,625758
10013631,7978,1507,625759
10013647,8364,3627,625760
10013663,8132,9107,625761
10013679,8335,14389,625762
10013695,8231,13392,625763
10013711,8062,8220,625764
10013727,8201,2805,625765
10013743,8134,2508,625766
10013759,8027,7712,625767
10013775,8169,12826,625768
10013791,8030,14844,625769
10013807,8139,9265,625770
10013823,8255,4083,625771
10013839,7991,1013,625772
10013855,8151,6171,625773
10013871,8225,11874,625774
10013887,8158,16288,625775
10013903,8340,10824,625776
10013919,8149,5621,625777
10013935,8043,310,625778
10013951,8246,5144,625779
10013967,8013,10310,625780
10013983,7879,15457,625781
10013999,8131,11769,625782
10014015,7876,6647,625783
10014031,7944,1491,625784
10014047,8063,3565,625785
10014063,8048,9118,625786
10014079,8219,14356,625787
10014095,8119,13309,625788
10014111,8181,8240,625789
10014127,8313,2864,625790
10014143,8266,2548,625791
10014159,8130,7732,625792
10014175,8195,12926,625793
10014191,8115,14900,625794
10014207,8085,9239,625795
10014223,7963,4040,625796
10014239,7927,996,625797
10014255,8045,6188,625798
10014271,8134,11838,625799
10014287,8080,16232,625800
10014303,7908,10835,625801
10014319,8059,5666,625802
10014335,8236,337,625803
10014351,8185,5126,625804
10014367,8190,10307,625805
10014383,8172,15465,625806
10014399,7937,11763,625807
10014415,8130,6661,625808
10014431,8092,1573,625809
10014447,7853,3610,625810
10014463,8038,9093,625811
10014479,8007,14397,625812
10014495,8033,13338,625813
10014511,8268,8224,625814
10014527,7963,2792,625815
10014543,8171,2553,625816
10014559,8344,7709,625817
10014575,8120,12878,625818
10014591,8308,14874,625819
10014607,8153,9248,625820
10014623,8054,4128,625821
10014639,8136,981,625822
10014655,7985,6169,625823
10014671,7965,11886,625824
10014687,8264,16259,625825
10014703,7921,10757,625826
10014719,8158,5659,625827
10014735,8124,318,625828
10014751,8031,5093,625829
10014767,8161,10292,625830
10014783,8265,15423,625831
10014799,7874,11819,625832
10014815,8305,6652,625833
10014831,8143,1480,625834
10014847,7947,3566,625835
10014863,8301,9130,625836
10014879,8028,14381,625837
10014895,8070,13413,625838
10014911,8286,8198,625839
10014927,7929,2795,625840
10014943,8055,2556,625841
10014959,8316,7749,625842
10014975,7962,12836,625843
10014991,8214,14948,625844
10015007,8127,9217,625845
10015023,7996,4104,625846
10015039,8180,1073,625847
10015055,8093,6176,625848
10015071,8015,11813,625849
10015087,8151,16368,625850
10015103,8040,10787,625851
10015119,8167,5594,625852
10015135,8142,340,625853
10015151,8189,5146,625854
10015167,8201,10299,625855
10015183,8183,15504,625856
10015199,8183,11901,625857
10015215,8258,6666,625858
10015231,8151,1592,625859
10015247,8134,3586,625860
10015263,8202,9099,625861
10015279,8079,14380,625862
10015295,8236,13379,625863
10015311,8210,8263,625864
10015327,8062,2824,625865
10015343,8169,2522,625866
10015359,8104,7721,625867
10015375,8026,12844,625868
10015391,8075,14879,625869
10015407,8063,9252,625870
10015423,8224,4136,625871
10015439,8220,1062,625872
10015455,8128,6101,625873
10015471,8226,11813,625874
10015487,8022,16300,625875
10015503,8307,10833,625876
10015519,8183,5698,625877
10015535,7902,344,625878
10015551,8273,5160,625879
10015567,8007,10278,625880
10015583,7921,15386,625881
10015599,8251,11846,625882
10015615,7964,6644,625883
10015631,8003,1523,625884
10015647,8371,3613,625885
10015663,8217,9118,625886
10015679,8236,14389,625887
10015695,8426,13430,625888
10015711,8003,8197,625889
10015727,8263,2830,625890
10015743,8209,2557,625891
10015759,7880,7704,625892
10015775,8048,12911,625893
10015791,7953,14871,625894
10015807,7932,9220,625895
10015823,8167,4105,625896
10015839,7975,1027,625897
10015855,8189,6201,625898
10015871,8217,11843,625899
10015887,7987,16298,625900
10015903,8337,10805,625901
10015919,8135,5622,625902
10015935,8077,411,625903
10015951,8381,5162,625904
10015967,8016,10302,625905
10015983,7955,15455,625906
10015999,8120,11902,625907
10016015,7746,6655,625908
10016031,8032,1541,625909
10016047,8172,3609,625910
10016063,7972,9119,625911
10016079,8296,14458,625912
10016095,8309,13387,625913
10016111,8186,8241,625914
10016127,8183,2830,625915
10016143,8114,2534,625916
10016159,8025,7706,625917
10016175,8211,12800,625918
10016191,8115,14868,625919
10016207,7976,9173,625920
10016223,8186,4101,625921
10016239,7991,981,625922
10016255,8222,6201,625923
10016271,8096,11819,625924
10016287,8155,16292,625925
10016303,8236,10836,625926
10016319,7994,5697,625927
10016335,8157,366,625928
10016351,8147,5085,625929
10016367,8135,10227,625930
10016383,8163,15430,625931
10016399,8092,11806,625932
10016415,8008,6645,625933
10016431,8241,1580,625934
10016447,7941,3638,625935
10016463,7972,9153,625936
10016479,8184,14343,625937
10016495,8029,13366,625938
10016511,8154,8253,625939
10016527,8120,2809,625940
10016543,8042,2501,625941
10016559,8160,7665,625942
10016575,8234,12837,625943
10016591,8273,14885,625944
10016607,8205,9295,625945
10016623,8007,4020,625946
10016639,7992,1012,625947
10016655,8033,6191,625948
10016671,7905,11918,625949
10016687,8013,16262,625950
10016703,7975,10754,625951
10016719,7991,5605,625952
10016735,8135,325,625953
10016751,8018,5098,625954
10016767,8186,10269,625955
10016783,8400,15426,625956
10016799,8032,11875,625957
10016815,8267,6725,625958
10016831,8288,1510,625959
10016847,7964,3619,625960
10016863,8214,9136,625961
10016879,8001,14383,625962
10016895,7946,13394,625963
10016911,8265,8232,625964
10016927,7995,2861,625965
10016943,8028,2533,625966
10016959,8241,7730,625967
10016975,8044,12838,625968
10016991,8304,14952,625969
10017007,8236,9220,625970
10017023,8032,4057,625971
10017039,8377,1028,625972
10017055,8107,6188,625973
10017071,8037,11857,625974
10017087,8197,16302,625975
10017103,7847,10778,625976
10017119,8012,5683,625977
10017135,8172,320,625978
10017151,7922,5107,625979
10017167,8069,10260,625980
10017183,8020,15457,625981
10017199,7984,11772,625982
10017215,8318,6633,625983
10017231,8141,1493,625984
10017247,8027,3538,625985
10017263,8434,9113,625986
10017279,8164,14336,625987
10017295,8106,13319,625988
10017311,8292,8228,625989
10017327,8025,2837,625990
10017343,8172,2559,625991
10017359,8092,7704,625992
10017375,7906,12769,625993
10017391,8148,14882,625994
10017407,7993,9265,625995
10017423,8073,4048,625996
10017439,8130,1007,625997
10017455,8079,6211,625998
10017471,8292,11832,625999
10017487,8196,16284,626000
10017503,8152,10711,626001
10017519,8214,5583,626002
10017535,8071,351,626003
10017551,8171,5171,626004
10017567,8150,10300,626005
10017583,7985,15475,626006
10017599,8165,11895,626007
10017615,8064,6600,626008
10017631,8048,1485,626009
10017647,8151,3540,626010
10017663,8058,9097,626011
10017679,8078,14317,626012
10017695,8286,13444,626013
10017711,8039,8204,626014
10017727,8199,2781,626015
10017743,8329,2586,626016
10017759,8033,7716,626017
10017775,8161,12834,626018
10017791,8036,14906,626019
10017807,8033,9207,626020
10017823,8245,4101,626021
10017839,8014,1027,626022
10017855,8080,6155,626023
10017871,8237,11846,626024
10017887,8090,16256,626025
10017903,8230,10829,626026
10017919,8177,5609,626027
10017935,7871,354,626028
10017951,8294,5159,626029
10017967,8067,10265,626030
10017983,7973,15492,626031
10017999,8304,11842,626032
10018015,8019,6635,626033
10018031,8018,1533,626034
10018047,8300,3581,626035
10018063,7841,9055,626036
10018079,8150,14414,626037
10018095,8174,13314,626038
10018111,7999,8170,626039
10018127,8248,2830,626040
10018143,8159,2526,626041
10018159,7888,7649,626042
10018175,8345,12846,626043
10018191,8181,14950,626044
10018207,8117,9262,626045
10018223,8338,4076,626046
10018239,7956,994,626047
10018255,8112,6189,626048
10018271,8331,11856,626049
10018287,7919,16300,626050
10018303,8067,10756,626051
10018319,8151,5616,626052
10018335,8044,367,626053
10018351,8209,5095,626054
10018367,8105,10260,626055
10018383,8278,15393,626056
10018399,8214,11812,626057
10018415,7962,6618,626058
10018431,8122,1508,626059
10018447,8174,3591,626060
10018463,8018,9133,626061
10018479,8165,14359,626062
10018495,8197,13425,626063
10018511,7941,8184,626064
10018527,8094,2799,626065
10018543,8101,2539,626066
10018559,8145,7734,626067
10018575,8180,12777,626068
10018591,8000,14870,626069
10018607,8183,9257,626070
10018623,8253,4102,626071
10018639,8012,976,626072
10018655,8249,6196,626073
10018671,8120,11812,626074
10018687,8067,16259,626075
10018703,8098,10816,626076
10018719,8093,5634,626077
10018735,8184,331,626078
10018751,8037,5119,626079
10018767,8103,10288,626080
10018783,8130,15364,626081
10018799,8020,11777,626082
10018815,8261,6717,626083
10018831,8157,1531,626084
10018847,7945,3549,626085
10018863,8129,9061,626086
10018879,8102,14376,626087
10018895,7989,13379,626088
10018911,8196,8212,626089
10018927,8015,2833,626090
10018943,7992,2507,626091
10018959,8223,7689,626092
10018975,7994,12862,626093
10018991,8260,14937,626094
10019007,8388,9243,626095
10019023,8091,4053,626096
10019039,8406,996,626097
10019055,8288,6182,626098
10019071,8021,11860,626099
10019087,8264,16335,626100
10019103,8085,10801,626101
10019119,7956,5636,626102
10019135,8101,295,626103
10019151,7870,5103,626104
10019167,7946,10219,626105
10019183,8144,15433,626106
10019199,7898,11864,626107
10019215,8187,6660,626108
10019231,8326,1522,626109
10019247,7956,3574,626110
10019263,8359,9120,626111
10019279,8211,14368,626112
10019295,8053,13363,626113
10019311,8434,8226,626114
10019327,8091,2844,626115
10019343,8062,2524,626116
10019359,8357,7730,626117
10019375,8008,12898,626118
10019391,7988,14832,626119
10019407,8165,9206,626120
10019423,8044,4130,626121
10019439,8189,1007,626122
10019455,8158,6133,626123
10019471,8095,11801,626124
10019487,8229,16350,626125
10019503,8146,10778,626126
10019519,8255,5677,626127
10019535,8261,351,626128
10019551,8158,5150,626129
10019567,8082,10262,626130
10019583,8082,15434,626131
10019599,8110,11848,626132
10019615,8156,6686,626133
10019631,8094,1540,626134
10019647,8107,3590,626135
10019663,8163,9108,626136
10019679,8192,14405,626137
10019695,8163,13380,626138
10019711,8120,8193,626139
10019727,8124,2818,626140
10019743,8178,2506,626141
10019759,7968,7705,626142
10019775,8100,12803,626143
10019791,8251,14927,626144
10019807,8048,9198,626145
10019823,8135,4083,626146
10019839,8042,950,626147
10019855,8049,6176,626148
10019871,8174,11864,626149
10019887,8046,16303,626150
10019903,8233,10827,626151
10019919,8052,5620,626152
10019935,8065,349,626153
10019951,8372,5123,626154
10019967,8118,10293,626155
10019983,7999,15491,626156
10019999,8803,11860,626157
10020015,8050,6683,626158
10020031,8097,1507,626159
10020047,8211,3554,626160
10020063,7947,9121,626161
10020079,8037,14371,626162
10020095,8344,13369,626163
10020111,7942,8195,626164
10020127,8089,2815,626165
10020143,8219,2558,626166
10020159,8028,7726,626167
10020175,8149,12892,626168
10020191,8172,14868,626169
10020207,7984,9248,626170
10020223,8301,4140,626171
10020239,8094,1029,626172
10020255,8070,6175,626173
10020271,8167,11798,626174
10020287,7936,16268,626175
10020303,8149,10757,626176
10020319,8170,5606,626177
10020335,8051,326,626178
10020351,8298,5181,626179
10020367,8144,10223,626180
10020383,8100,15408,626181
10020399,8229,11851,626182
10020415,8102,6729,626183
10020431,8079,1509,626184
10020447,8135,3563,626185
10020463,8050,9092,626186
10020479,8246,14399,626187
10020495,8085,13361,626188
10020511,7913,8166,626189
10020527,8207,2837,626190
10020543,8042,2544,626191
10020559,8131,7710,626192
10020575,8237,12844,626193
10020591,8096,14852,626194
10020607,8030,9197,626195
10020623,8175,4064,626196
10020639,8161,1049,626197
10020655,8164,6156,626198
10020671,8280,11866,626199
10020687,8071,16261,626200
10020703,8137,10791,626201
10020719,7963,5657,626202
10020735,8152,348,626203
10020751,8097,5124,626204
10020767,7987,10296,626205
10020783,8239,15462,626206
10020799,8057,11825,626207
10020815,8079,6623,626208
10020831,8218,1513,626209
10020847,8068,3534,626210
10020863,8311,9146,626211
10020879,8275,14424,626212
10020895,7969,13314,626213
10020911,8136,8222,626214
10020927,8116,2814,626215
10020943,7873,2530,626216
10020959,8041,7762,626217
10020975,8079,12861,626218
10020991,8054,14890,626219
10021007,8196,9211,626220
10021023,8134,4085,626221
10021039,8118,979,626222
10021055,8342,6122,626223
10021071,8189,11846,626224
10021087,8285,16383,626225
10021103,8183,10791,626226
10021119,7956,5663,626227
10021135,8139,335,626228
10021151,8032,5160,626229
10021167,8030,10297,626230
10021183,7998,15443,626231
10021199,7891,11816,626232
10021215,8081,6622,626233
10021231,8151,1497,626234
10021247,8043,3584,626235
10021263,8329,9092,626236
10021279,8179,14366,626237
10021295,8030,13387,626238
10021311,8392,8240,626239
10021327,8257,2829,626240
10021343,8063,2558,626241
10021359,8108,7716,626242
10021375,7756,12893,626243
10021391,7939,14903,626244
10021407,8074,9240,626245
10021423,7925,4076,626246
10021439,7992,990,626247
10021455,8404,6157,626248
10021471,8050,11777,626249
10021487,8264,16257,626250
10021503,8166,10788,626251
10021519,8200,5620,626252
10021535,8250,389,626253
10021551,8118,5111,626254
10021567,8104,10322,626255
10021583,8179,15467,626256
10021599,7845,11803,626257
10021615,8181,6694,626258
10021631,8189,1597,626259
10021647,8077,3531,626260
10021663,8242,9156,626261
10021679,8111,14397,626262
10021695,8236,13373,626263
10021711,8154,8227,626264
10021727,8062,2798,626265
10021743,8155,2559,626266
10021759,8245,7679,626267
10021775,8015,12834,626268
10021791,8145,14786,626269
10021807,8099,9210,626270
10021823,8141,4137,626271
10021839,8190,1021,626272
10021855,7941,6199,626273
10021871,7910,11827,626274
10021887,8143,16317,626275
10021903,8055,10744,626276
10021919,8214,5667,626277
10021935,8254,355,626278
10021951,8341,5154,626279
10021967,8342,10350,626280
10021983,8133,15482,626281
10021999,8215,11875,626282
10022015,8040,6618,626283
10022031,7996,1501,626284
10022047,8156,3536,626285
10022063,7994,9147,626286
10022079,7887,14316,626287
10022095,8307,13413,626288
10022111,7955,8197,626289
10022127,8084,2792,626290
10022143,8328,2532,626291
10022159,8082,7722,626292
10022175,8520,12888,626293
10022191,8411,14887,626294
10022207,8078,9258,626295
10022223,8318,4069,626296
10022239,8122,993,626297
10022255,7987,6146,626298
10022271,8075,11867,626299
10022287,7835,16235,626300
10022303,8022,10806,626301
10022319,8137,5611,626302
10022335,7949,276,626303
10022351,8220,5162,626304
10022367,8333,10262,626305
10022383,8201,15442,626306
10022399,8368,11847,626307
10022415,8138,6685,626308
10022431,8113,1504,626309
10022447,8232,3579,626310
10022463,8069,9100,626311
10022479,8059,14392,626312
10022495,8131,13349,626313
10022511,7810,8230,626314
10022527,8126,2815,626315
10022543,8135,2536,626316
10022559,8011,7687,626317
10022575,8358,12881,626318
10022591,8263,14910,626319
10022607,8125,9190,626320
10022623,8475,4139,626321
10022639,8087,980,626322
10022655,8062,6170,626323
10022671,8326,11848,626324
10022687,8090,16285,626325
10022703,8119,10795,626326
10022719,8076,5640,626327
10022735,7964,312,626328
10022751,8215,5158,626329
10022767,8081,10282,626330
10022783,7915,15382,626331
10022799,8230,11878,626332
10022815,8292,6706,626333
10022831,8192,1525,626334
10022847,8219,3570,626335
10022863,8226,9119,626336
10022879,8259,14433,626337
10022895,8127,13404,626338
10022911,8078,8220,626339
10022927,8016,2832,626340
10022943,7997,2529,626341
10022959,8044,7649,626342
10022975,8140,12922,626343
10022991,7995,14803,626344
10023007,8176,9219,626345
10023023,8086,4063,626346
10023039,8206,1033,626347
10023055,8280,6180,626348
10023071,8166,11843,626349
10023087,8295,16287,626350
10023103,8220,10747,626351
10023119,8174,5701,626352
10023135,8105,350,626353
10023151,8120,5116,626354
10023167,7920,10227,626355
10023183,8080,15439,626356
10023199,7953,11850,626357
10023215,7968,6692,626358
10023231,8250,1532,626359
10023247,7985,3593,626360
10023263,8106,9106,626361
10023279,8187,14440,626362
10023295,8097,13339,626363
10023311,8320,8238,626364
10023327,8169,2829,626365
10023343,7907,2476,626366
10023359,8357,7745,626367
10023375,8018,12784,626368
10023391,8050,14909,626369
10023407,8182,9260,626370
10023423,8068,4069,626371
10023439,8028,991,626372
10023455,8223,6092,626373
10023471,8008,11850,626374
10023487,8130,16366,626375
10023503,8210,10813,626376
10023519,8061,5693,626377
10023535,8182,321,626378
10023551,8089,5100,626379
10023567,8016,10258,626380
10023583,8161,15466,626381
10023599,7937,11802,626382
10023615,8193,6658,626383
10023631,8133,1517,626384
10023647,7907,3568,626385
10023663,8130,9056,626386
10023679,8210,14372,626387
10023695,7944,13370,626388
10023711,8197,8175,626389
10023727,8180,2822,626390
10023743,8029,2534,626391
10023759,8308,7710,626392
10023775,7923,12786,626393
10023791,7989,14903,626394
10023807,8119,9187,626395
10023823,7919,4102,626396
10023839,8086,1018,626397
10023855,8183,6144,626398
10023871,8030,11820,626399
10023887,8177,16326,626400
10023903,8135,10751,626401
10023919,8043,5673,626402
10023935,8326,389,626403
10023951,8293,5156,626404
10023967,8069,10262,626405
10023983,8118,15406,626406
10023999,8173,11861,626407
10024015,8108,6620,626408
10024031,8149,1566,626409
10024047,8226,3543,626410
10024063,8147,9086,626411
10024079,8107,14387,626412
10024095,8121,13378,626413
10024111,7994,8190,626414
10024127,8156,2818,626415
10024143,8189,2548,626416
10024159,8023,7709,626417
10024175,8054,12798,626418
10024191,8261,14871,626419
10024207,8089,9247,626420
10024223,8274,4086,626421
10024239,8181,995,626422
10024255,7865,6170,626423
10024271,8219,11849,626424
10024287,7910,16254,626425
10024303,7920,10797,626426
10024319,8181,5672,626427
10024335,8038,331,626428
10024351,8099,5097,626429
10024367,8211,10271,626430
10024383,8069,15390,626431
10024399,8209,11847,626432
10024415,8270,6706,626433
10024431,8021,1488,626434
10024447,8097,3636,626435
10024463,8116,9131,626436
10024479,8043,14382,626437
10024495,8215,13353,626438
10024511,7868,8170,626439
10024527,8002,2822,626440
10024543,8242,2556,626441
10024559,7872,7743,626442
10024575,8121,12827,626443
10024591,8332,14932,626444
10024607,8059,9209,626445
10024623,8403,4120,626446
10024639,8263,1015,626447
10024655,8001,6166,626448
10024671,8271,11797,626449
10024687,8012,16261,626450
10024703,8071,10806,626451
10024719,8309,5669,626452
10024735,8014,333,626453
10024751,8051,5087,626454
10024767,8180,10243,626455
10024783,8019,15442,626456
10024799,8147,11856,626457
10024815,8220,6702,626458
10024831,8084,1541,626459
10024847,8205,3591,626460
10024863,8052,9089,626461
10024879,8105,14407,626462
10024895,8341,13448,626463
10024911,8037,8175,626464
10024927,8160,2841,626465
10024943,8055,2518,626466
10024959,7891,7685,626467
10024975,8184,12865,626468
10024991,8048,14825,626469
10025007,7981,9247,626470
10025023,8302,4140,626471
10025039,8000,965,626472
10025055,8218,6147,626473
10025071,8219,11771,626474
10025087,8068,16300,626475
10025103,8279,10776,626476
10025119,8119,5673,626477
10025135,8004,332,626478
10025151,8314,5160,626479
10025167,8126,10287,626480
10025183,8066,15409,626481
10025199,8140,11845,626482
10025215,8126,6694,626483
10025231,8160,1503,626484
10025247,8170,3613,626485
10025263,8124,9107,626486
10025279,8248,14365,626487
10025295,8146,13342,626488
10025311,8249,8210,626489
10025327,8245,2811,626490
10025343,8059,2507,626491
10025359,8150,7716,626492
10025375,8130,12826,626493
10025391,8014,14889,626494
10025407,8267,9285,626495
10025423,8098,4067,626496
10025439,8010,951,626497
10025455,8359,6176,626498
10025471,8143,11825,626499
10025487,8029,16222,626500
10025503,8294,10825,626501
10025519,8031,5630,626502
10025535,8119,363,626503
10025551,8075,5158,626504
10025567,8045,10278,626505
10025583,8261,15429,626506
10025599,8107,11831,626507
10025615,7981,6615,626508
10025631,8218,1518,626509
10025647,7968,3615,626510
10025663,8249,9142,626511
10025679,8265,14394,626512
10025695,7964,13349,626513
10025711,8263,8176,626514
10025727,8187,2822,626515
10025743,8108,2542,626516
10025759,8458,7759,626517
10025775,8085,12804,626518
10025791,8044,14878,626519
10025807,8351,9207,626520
10025823,8018,4094,626521
10025839,8109,1002,626522
10025855,8314,6121,626523
10025871,8136,11856,626524
10025887,8118,16215,626525
10025903,8273,10755,626526
10025919,8008,5664,626527
10025935,8280,367,626528
10025951,8164,5108,626529
10025967,7972,10227,626530
10025983,8323,15471,626531
10025999,8142,11804,626532
10026015,8122,6660,626533
10026031,8139,1507,626534
10026047,7991,3542,626535
10026063,8121,9079,626536
10026079,8111,14370,626537
10026095,8096,13414,626538
10026111,8210,8213,626539
10026127,8207,2833,626540
10026143,8129,2516,626541
10026159,8254,7718,626542
10026175,7965,12790,626543
10026191,8170,14847,626544
10026207,8137,9237,626545
10026223,8098,4034,626546
10026239,8298,995,626547
10026255,8129,6181,626548
10026271,8182,11885,626549
10026287,8305,16287,626550
10026303,8035,10782,626551
10026319,8130,5662,626552
10026335,8096,340,626553
10026351,8097,5116,626554
10026367,8230,10242,626555
10026383,8148,15408,626556
10026399,8248,11870,626557
10026415,8190,6682,626558
10026431,8152,1516,626559
10026447,8261,3543,626560
10026463,8101,9128,626561
10026479,8071,14412,626562
10026495,8376,13373,626563
10026511,8089,8215,626564
10026527,7937,2849,626565
10026543,8304,2516,626566
10026559,7927,7657,626567
10026575,8081,12829,626568
10026591,8316,14848,626569
10026607,7997,9247,626570
10026623,8310,4142,626571
10026639,8243,992,626572
10026655,7973,6166,626573
10026671,8426,11860,626574
10026687,8211,16265,626575
10026703,7949,10791,626576
10026719,8273,5615,626577
10026735,8052,385,626578
10026751,8046,5118,626579
10026767,8202,10305,626580
10026783,7895,15450,626581
10026799,8142,11849,626582
10026815,8299,6664,626583
10026831,8038,1492,626584
10026847,8216,3583,626585
10026863,8224,9104,626586
10026879,8149,14393,626587
10026895,8306,13368,626588
10026911,8191,8226,626589
10026927,8147,2869,626590
10026943,8246,2594,626591
10026959,7917,7666,626592
10026975,8088,12863,626593
10026991,8044,14891,626594
10027007,7915,9191,626595
10027023,8203,4144,626596
10027039,8016,1016,626597
10027055,7974,6229,626598
10027071,8350,11864,626599
10027087,8054,16341,626600
10027103,8149,10813,626601
10027119,8368,5666,626602
10027135,7998,316,626603
10027151,8285,5124,626604
10027167,8096,10293,626605
10027183,7952,15397,626606
10027199,8114,11823,626607
10027215,8009,6637,626608
10027231,8029,1513,626609
10027247,8190,3578,626610
10027263,8064,9104,626611
10027279,8230,14423,626612
10027295,8169,13417,626613
10027311,8179,8200,626614
10027327,8274,2824,626615
10027343,8117,2569,626616
10027359,8154,7706,626617
10027375,8179,12797,626618
10027391,8102,14842,626619
10027407,8345,9256,626620
10027423,8096,4096,626621
10027439,8048,964,626622
10027455,8222,6170,626623
10027471,8063,11807,626624
10027487,8144,16284,626625
10027503,8379,10799,626626
10027519,8251,5656,626627
10027535,8095,345,626628
10027551,8268,5124,626629
10027567,8211,10315,626630
10027583,8106,15385,626631
10027599,8177,11836,626632
10027615,8044,6621,626633
10027631,8184,1507,626634
10027647,7971,3552,626635
10027663,8035,9152,626636
10027679,8314,14433,626637
10027695,7942,13354,626638
10027711,8084,8187,626639
10027727,8307,2840,626640
10027743,8085,2522,626641
10027759,8301,7712,626642
10027775,8250,12913,626643
10027791,8035,14930,626644
10027807,8336,9275,626645
10027823,7992,4064,626646
10027839,8041,1020,626647
10027855,8320,6179,626648
10027871,7928,11854,626649
10027887,8093,16303,626650
10027903,8296,10867,626651
10027919,7890,5602,626652
10027935,8267,333,626653
10027951,8365,5169,626654
10027967,8217,10261,626655
10027983,8388,15464,626656
10027999,8196,11835,626657
10028015,8185,6736,626658
10028031,8413,1542,626659
10028047,8019,3581,626660
10028063,8150,9133,626661
10028079,8116,14404,626662
10028095,7914,13367,626663
10028111,8093,8170,626664
10028127,8088,2837,626665
10028143,8054,2517,626666
10028159,8306,7685,626667
10028175,8150,12786,626668
10028191,8127,14910,626669
10028207,8285,9221,626670
10028223,8116,4105,626671
10028239,8128,956,626672
10028255,8301,6174,626673
10028271,8002,11833,626674
10028287,8136,16215,626675
10028303,8162,10823,626676
10028319,7977,5696,626677
10028335,7996,391,626678
10028351,8106,5112,626679
10028367,8085,10348,626680
10028383,8121,15458,626681
10028399,8194,11823,626682
10028415,8276,6688,626683
10028431,8267,1567,626684
10028447,8169,3552,626685
10028463,8237,9147,626686
10028479,8180,14474,626687
10028495,8251,13380,626688
10028511,8112,8217,626689
10028527,7947,2830,626690
10028543,8288,2611,626691
10028559,7832,7679,626692
10028575,8072,12824,626693
10028591,8350,14936,626694
10028607,7977,9219,626695
10028623,8270,4105,626696
10028639,8258,1011,626697
10028655,8115,6233,626698
10028671,8326,11840,626699
10028687,8226,16356,626700
10028703,7985,10801,626701
10028719,8350,5633,626702
10028735,8032,334,626703
10028751,7886,5100,626704
10028767,8269,10284,626705
10028783,8032,15442,626706
10028799,8041,11826,626707
10028815,8243,6618,626708
10028831,7981,1518,626709
10028847,8182,3556,626710
10028863,8196,9116,626711
10028879,8018,14383,626712
10028895,8330,13381,626713
10028911,8115,8194,626714
10028927,8106,2831,626715
10028943,8278,2507,626716
10028959,7995,7686,626717
10028975,8119,12860,626718
10028991,8234,14876,626719
10029007,7997,9269,626720
10029023,8223,4098,626721
10029039,8354,1023,626722
10029055,7893,6133,626723
10029071,8358,11876,626724
10029087,8068,16281,626725
10029103,8109,10733,626726
10029119,8290,5635,626727
10029135,8123,380,626728
10029151,8042,5114,626729
10029167,8208,10199,626730
10029183,8071,15431,626731
10029199,8217,11813,626732
10029215,8359,6747,626733
10029231,8028,1532,626734
10029247,8108,3486,626735
10029263,8186,9094,626736
10029279,8072,14357,626737
10029295,8244,13318,626738
10029311,8233,8224,626739
10029327,8101,2844,626740
10029343,8113,2494,626741
10029359,8221,7753,626742
10029375,8158,12848,626743
10029391,8089,14831,626744
10029407,8100,9267,626745
10029423,8319,4121,626746
10029439,8014,951,626747
10029455,8142,6168,626748
10029471,8207,11903,626749
10029487,7996,16339,626750
10029503,8114,10739,626751
10029519,8223,5666,626752
10029535,8127,337,626753
10029551,8326,5117,626754
10029567,8167,10260,626755
10029583,8237,15496,626756
10029599,8150,11900,626757
10029615,8174,6693,626758
10029631,8256,1526,626759
10029647,8063,3620,626760
10029663,8145,9124,626761
10029679,8289,14455,626762
10029695,8091,13354,626763
10029711,8173,8189,626764
10029727,8314,2800,626765
10029743,8046,2554,626766
10029759,8253,7812,626767
10029775,8288,12860,626768
10029791,8150,14927,626769
10029807,8424,9250,626770
10029823,8098,4075,626771
10029839,8082,1011,626772
10029855,8343,6167,626773
10029871,8069,11845,626774
10029887,8004,16344,626775
10029903,8391,10868,626776
10029919,8028,5702,626777
10029935,8064,298,626778
10029951,8318,5109,626779
10029967,8017,10299,626780
10029983,8376,15441,626781
10029999,8226,11808,626782
10030015,8042,6616,626783
10030031,8342,1529,626784
10030047,8188,3630,626785
10030063,8100,9105,626786
10030079,8186,14414,626787
10030095,8074,13298,626788
10030111,8028,8181,626789
10030127,8210,2814,626790
10030143,8047,2572,626791
10030159,8131,7684,626792
10030175,8210,12866,626793
10030191,8279,14933,626794
10030207,8407,9295,626795
10030223,8052,4044,626796
10030239,8183,1003,626797
10030255,8252,6121,626798
10030271,8053,11810,626799
10030287,8053,16240,626800
10030303,8141,10725,626801
10030319,8003,5662,626802
10030335,8158,307,626803
10030351,8130,5145,626804
10030367,8005,10233,626805
10030383,8277,15463,626806
10030399,8201,11866,626807
10030415,8107,6649,626808
10030431,8224,1493,626809
10030447,8191,3638,626810
10030463,8220,9135,626811
10030479,8254,14406,626812
10030495,8053,13361,626813
10030511,8119,8158,626814
10030527,8137,2806,626815
10030543,8176,2522,626816
10030559,8142,7646,626817
10030575,8140,12894,626818
10030591,8087,14914,626819
10030607,7940,9206,626820
10030623,8079,4076,626821
10030639,8158,1053,626822
10030655,7987,6113,626823
10030671,8246,11839,626824
10030687,8343,16270,626825
10030703,7981,10750,626826
10030719,8210,5664,626827
10030735,8145,331,626828
10030751,7957,5166,626829
10030767,8282,10346,626830
10030783,8037,15403,626831
10030799,7822,11805,626832
10030815,8068,6644,626833
10030831,8143,1533,626834
10030847,8039,3586,626835
10030863,8339,9133,626836
10030879,8190,14443,626837
10030895,8252,13371,626838
10030911,8179,8230,626839
10030927,8022,2801,626840
10030943,8231,2556,626841
10030959,8039,7660,626842
10030975,8048,12890,626843
10030991,8225,14845,626844
10031007,7996,9315,626845
10031023,8116,4066,626846
10031039,8222,1022,626847
10031055,8017,6174,626848
10031071,8206,11882,626849
10031087,8249,16272,626850
10031103,8037,10709,626851
10031119,8246,5625,626852
10031135,8106,314,626853
10031151,7962,5122,626854
10031167,8187,10310,626855
10031183,8015,15400,626856
10031199,7988,11775,626857
10031215,8269,6696,626858
10031231,8003,1523,626859
10031247,8154,3645,626860
10031263,8164,9094,626861
10031279,7948,14377,626862
10031295,8305,13394,626863
10031311,8218,8236,626864
10031327,8109,2784,626865
10031343,8224,2518,626866
10031359,8057,7655,626867
10031375,8142,12883,626868
10031391,8302,14803,626869
10031407,8033,9266,626870
10031423,8166,4098,626871
10031439,8123,980,626872
10031455,8128,6092,626873
10031471,8237,11845,626874
10031487,8123,16280,626875
10031503,8190,10801,626876
10031519,8326,5627,626877
10031535,8260,395,626878
10031551,8102,5180,626879
10031567,8162,10234,626880
10031583,8217,15416,626881
10031599,8305,11867,626882
10031615,8279,6696,626883
10031631,8140,1563,626884
10031647,8182,3574,626885
10031663,8148,9154,626886
10031679,8119,14365,626887
10031695,8271,13400,626888
10031711,8179,8209,626889
10031727,8129,2841,626890
10031743,8229,2568,626891
10031759,8145,7673,626892
10031775,8258,12851,626893
10031791,8098,14831,626894
10031807,8325,9260,626895
10031823,8283,4102,626896
10031839,8188,1023,626897
10031855,8364,6190,626898
10031871,8111,11801,626899
10031887,7948,16350,626900
10031903,8174,10811,626901
10031919,8014,5632,626902
10031935,8032,277,626903
10031951,8318,5157,626904
10031967,7964,10234,626905
10031983,8056,15395,626906
10031999,8326,11862,626907
10032015,8046,6621,626908
10032031,8277,1531,626909
10032047,8284,3541,626910
10032063,8102,9095,626911
10032079,8328,14449,626912
10032095,8018,13308,626913
10032111,8091,8199,626914
10032127,8136,2842,626915
10032143,7876,2508,626916
10032159,8109,7689,626917
10032175,8086,12829,626918
10032191,8102,14853,626919
10032207,8162,9212,626920
10032223,8218,4102,626921
10032239,8194,1000,626922
10032255,8338,6177,626923
10032271,8117,11847,626924
10032287,8258,16270,626925
10032303,8171,10782,626926
10032319,7933,5590,626927
10032335,8010,270,626928
10032351,8080,5157,626929
10032367,7934,10220,626930
10032383,8142,15447,626931
10032399,8151,11876,626932
10032415,8014,6701,626933
10032431,8268,1472,626934
10032447,8144,3542,626935
10032463,8194,9069,626936
10032479,8425,14408,626937
10032495,8217,13431,626938
10032511,8125,8246,626939
10032527,8127,2818,626940
10032543,8060,2613,626941
10032559,8060,7722,626942
10032575,8153,12904,626943
10032591,8152,14945,626944
10032607,8166,9258,626945
10032623,8059,4099,626946
10032639,8205,952,626947
10032655,8138,6147,626948
10032671,8190,11817,626949
10032687,8294,16287,626950
10032703,8223,10796,626951
10032719,8142,5674,626952
10032735,8223,368,626953
10032751,8068,5176,626954
10032767,7932,10222,626955
10032783,8061,15460,626956
10032799,8001,11827,626957
10032815,8067,6690,626958
10032831,8006,1493,626959
10032847,8034,3580,626960
10032863,8266,9090,626961
10032879,8172,14403,626962
10032895,8289,13385,626963
10032911,8301,8198,626964
10032927,8217,2809,626965
10032943,8356,2596,626966
10032959,8173,7709,626967
10032975,7986,12829,626968
10032991,8180,14899,626969
10033007,8117,9260,626970
10033023,8015,4138,626971
10033039,8191,1020,626972
10033055,7917,6133,626973
10033071,8124,11778,626974
10033087,8281,16240,626975
10033103,7942,10729,626976
10033119,8360,5664,626977
10033135,8380,391,626978
10033151,8085,5110,626979
10033167,8302,10276,626980
10033183,8211,15466,626981
10033199,8000,11820,626982
10033215,8204,6660,626983
10033231,7945,1542,626984
10033247,8030,3619,626985
10033263,8143,9133,626986
10033279,7885,14406,626987
10033295,8038,13346,626988
10033311,8235,8196,626989
10033327,8092,2804,626990
10033343,8421,2550,626991
10033359,8218,7721,626992
10033375,8238,12874,626993
10033391,8362,14930,626994
10033407,8096,9269,626995
10033423,8043,4131,626996
10033439,8106,1000,626997
10033455,7958,6230,626998
10033471,7936,11807,626999
10033487,8084,16223,627000
10033503,7811,10774,627001
10033519,8188,5668,627002
10033535,8105,310,627003
10033551,8011,5116,627004
10033567,8310,10272,627005
10033583,8074,15409,627006
10033599,8189,11873,627007
10033615,8281,6727,627008
10033631,8093,1499,627009
10033647,8123,3578,627010
10033663,8016,9096,627011
10033679,7930,14322,627012
10033695,8109,13392,627013
10033711,7983,8175,627014
10033727,8028,2831,627015
10033743,8112,2567,627016
10033759,8112,7740,627017
10033775,8149,12776,627018
10033791,8138,14847,627019
10033807,8210,9271,627020
10033823,8298,4100,627021
10033839,8053,962,627022
10033855,8133,6139,627023
10033871,8108,11854,627024
10033887,8068,16323,627025
10033903,8257,10841,627026
10033919,7938,5586,627027
10033935,8031,317,627028
10033951,8067,5089,627029
10033967,8077,10290,627030
10033983,8083,15401,627031
10033999,8265,11888,627032
10034015,8016,6662,627033
10034031,8232,1514,627034
10034047,8195,3583,627035
10034063,8012,9055,627036
10034079,8291,14366,627037
10034095,7943,13298,627038
10034111,7894,8234,627039
10034127,8043,2821,627040
10034143,7874,2511,627041
10034159,7964,7654,627042
10034175,8132,12844,627043
10034191,7786,14836,627044
10034207,8075,9224,627045
10034223,8224,4159,627046
10034239,8089,1005,627047
10034255,8409,6150,627048
10034271,8294,11838,627049
10034287,8163,16367,627050
10034303,8290,10757,627051
10034319,8106,5669,627052
10034335,8088,402,627053
10034351,8108,5058,627054
10034367,7876,10305,627055
10034383,8000,15389,627056
10034399,8263,11862,627057
10034415,7952,6695,627058
10034431,8156,1565,627059
10034447,8262,3612,627060
10034463,8076,9129,627061
10034479,8363,14446,627062
10034495,8172,13364,627063
10034511,8160,8182,627064
10034527,8390,2847,627065
10034543,7987,2495,627066
10034559,8091,7733,627067
10034575,8192,12863,627068
10034591,7935,14849,627069
10034607,8169,9202,627070
10034623,8190,4064,627071
10034639,8028,972,627072
10034655,8185,6126,627073
10034671,8076,11783,627074
10034687,8151,16282,627075
10034703,8195,10806,627076
10034719,8068,5619,627077
10034735,8137,290,627078
10034751,8241,5115,627079
10034767,7976,10239,627080
10034783,8151,15420,627081
10034799,8074,11852,627082
10034815,8105,6692,627083
10034831,8182,1522,627084
10034847,8061,3565,627085
10034863,8033,9076,627086
10034879,8089,14395,627087
10034895,8008,13349,627088
10034911,8160,8135,627089
10034927,8265,2836,627090
10034943,8090,2510,627091
10034959,8156,7661,627092
10034975,8103,12831,627093
10034991,8234,14895,627094
10035007,8104,9211,627095
10035023,8115,4125,627096
10035039,8130,1004,627097
10035055,7983,6153,627098
10035071,8297,11870,627099
10035087,8191,16288,627100
10035103,7927,10754,627101
10035119,8110,5630,627102
10035135,8248,309,627103
10035151,8126,5148,627104
10035167,8292,10271,627105
10035183,8117,15366,627106
10035199,7937,11799,627107
10035215,8255,6720,627108
10035231,8197,1532,627109
10035247,7926,3570,627110
10035263,8234,9094,627111
10035279,7974,14359,627112
10035295,8234,13383,627113
10035311,8245,8169,627114
10035327,7999,2869,627115
10035343,8190,2593,627116
10035359,8194,7712,627117
10035375,8076,12885,627118
10035391,8324,14844,627119
10035407,8034,9150,627120
10035423,7953,4104,627121
10035439,8221,976,627122
10035455,8027,6125,627123
10035471,8120,11816,627124
10035487,8071,16344,627125
10035503,7905,10817,627126
10035519,8268,5634,627127
10035535,8098,338,627128
10035551,7894,5155,627129
10035567,8328,10308,627130
10035583,8237,15474,627131
10035599,8082,11845,627132
10035615,8226,6621,627133
10035631,7952,1564,627134
10035647,8173,3584,627135
10035663,8187,9079,627136
10035679,7997,14425,627137
10035695,8100,13385,627138
10035711,8314,8255,627139
10035727,7957,2854,627140
10035743,8028,2535,627141
10035759,8134,7712,627142
10035775,8096,12878,627143
10035791,8297,14880,627144
10035807,8032,9239,627145
10035823,8152,4106,627146
10035839,8201,1013,627147
10035855,8028,6120,627148
10035871,8068,11803,627149
10035887,8026,16276,627150
10035903,8110,10850,627151
10035919,8252,5698,627152
10035935,7970,332,627153
10035951,8117,5152,627154
10035967,8019,10239,627155
10035983,8045,15392,627156
10035999,8261,11825,627157
10036015,8126,6690,627158
10036031,8225,1573,627159
10036047,8273,3581,627160
10036063,8158,9110,627161
10036079,8185,14460,627162
10036095,8134,13417,627163
10036111,8109,8219,627164
10036127,8186,2829,627165
10036143,8260,2560,627166
10036159,7997,7715,627167
10036175,8123,12839,627168
10036191,8059,14882,627169
10036207,8065,9269,627170
10036223,8060,4066,627171
10036239,7915,961,627172
10036255,8186,6184,627173
10036271,8191,11890,627174
10036287,7950,16335,627175
10036303,8241,10809,627176
10036319,8106,5712,627177
10036335,8018,349,627178
10036351,8163,5147,627179
10036367,8088,10287,627180
10036383,7932,15387,627181
10036399,8218,11874,627182
10036415,7875,6652,627183
10036431,8134,1500,627184
10036447,8211,3549,627185
10036463,7912,9095,627186
10036479,8305,14419,627187
10036495,8109,13392,627188
10036511,7991,8192,627189
10036527,8239,2806,627190
10036543,8127,2587,627191
10036559,8101,7739,627192
10036575,8272,12864,627193
10036591,7981,14842,627194
10036607,8127,9309,627195
10036623,8160,4129,627196
10036639,8017,917,627197
10036655,8151,6132,627198
10036671,8121,11803,627199
10036687,8213,16215,627200
10036703,8420,10796,627201
10036719,8065,5675,627202
10036735,8084,349,627203
10036751,8196,5169,627204
10036767,7939,10240,627205
10036783,8168,15460,627206
10036799,8191,11841,627207
10036815,7980,6656,627208
10036831,8147,1474,627209
10036847,7935,3533,627210
10036863,8017,9072,627211
10036879,8218,14428,627212
10036895,8034,13368,627213
10036911,8072,8258,627214
10036927,8164,2880,627215
10036943,8009,2515,627216
10036959,8291,7713,627217
10036975,8266,12915,627218
10036991,8032,14844,627219
10037007,8054,9194,627220
10037023,8039,4124,627221
10037039,8047,979,627222
10037055,8241,6164,627223
10037071,8148,11848,627224
10037087,8065,16261,627225
10037103,8010,10825,627226
10037119,8001,5676,627227
10037135,8132,291,627228
10037151,7972,5091,627229
10037167,8225,10280,627230
10037183,8340,15473,627231
10037199,8079,11817,627232
10037215,8278,6713,627233
10037231,8211,1532,627234
10037247,8052,3568,627235
10037263,8248,9128,627236
10037279,8072,14430,627237
10037295,8069,13356,627238
10037311,8149,8230,627239
10037327,8163,2801,627240
10037343,8027,2508,627241
10037359,8226,7712,627242
10037375,8072,12787,627243
10037391,8280,14901,627244
10037407,8239,9248,627245
10037423,8215,4048,627246
10037439,8357,1051,627247
10037455,7993,6152,627248
10037471,8120,11846,627249
10037487,8231,16360,627250
10037503,7888,10750,627251
10037519,8089,5696,627252
10037535,8202,292,627253
10037551,8068,5161,627254
10037567,8263,10267,627255
10037583,8171,15456,627256
10037599,8023,11842,627257
10037615,8344,6709,627258
10037631,7999,1517,627259
10037647,7887,3538,627260
10037663,8297,9113,627261
10037679,8094,14396,627262
10037695,8140,13373,627263
10037711,8265,8239,627264
10037727,7963,2847,627265
10037743,8040,2458,627266
10037759,8226,7740,627267
10037775,7894,12880,627268
10037791,8265,14875,627269
10037807,8145,9244,627270
10037823,7973,4055,627271
10037839,8338,984,627272
10037855,7997,6122,627273
10037871,8150,11815,627274
10037887,8154,16238,627275
10037903,8070,10819,627276
10037919,8262,5638,627277
10037935,8118,365,627278
10037951,8135,5178,627279
10037967,8212,10278,627280
10037983,8033,15453,627281
10037999,8157,11838,627282
10038015,8155,6710,627283
10038031,8066,1526,627284
10038047,8163,3535,627285
10038063,8211,9077,627286
10038079,8138,14433,627287
10038095,8128,13319,627288
10038111,8241,8254,627289
10038127,7929,2788,627290
10038143,8054,2522,627291
10038159,7965,7728,627292
10038175,8028,12854,627293
10038191,8102,14794,627294
10038207,7939,9258,627295
10038223,8042,4077,627296
10038239,8056,1032,627297
10038255,8145,6140,627298
10038271,8216,11839,627299
10038287,8164,16321,627300
10038303,8207,10726,627301
10038319,8243,5661,627302
10038335,8017,336,627303
10038351,8157,5068,627304
10038367,7994,10246,627305
10038383,7933,15411,627306
10038399,8134,11852,627307
10038415,7873,6721,627308
10038431,8067,1532,627309
10038447,8271,3652,627310
10038463,7890,9090,627311
10038479,8292,14424,627312
10038495,8252,13387,627313
10038511,8036,8212,627314
10038527,8326,2802,627315
10038543,8101,2587,627316
10038559,8106,7744,627317
10038575,8287,12913,627318
10038591,7993,14904,627319
10038607,7911,9210,627320
10038623,8188,4136,627321
10038639,7848,983,627322
10038655,8164,6138,627323
10038671,8346,11857,627324
10038687,7921,16207,627325
10038703,8423,10744,627326
10038719,8192,5674,627327
10038735,8110,312,627328
10038751,8387,5149,627329
10038767,8014,10270,627330
10038783,8143,15457,627331
10038799,8303,11860,627332
10038815,7908,6682,627333
10038831,8099,1518,627334
10038847,8150,3556,627335
10038863,7939,9104,627336
10038879,8231,14406,627337
10038895,8252,13423,627338
10038911,8144,8234,627339
10038927,8333,2805,627340
10038943,8177,2521,627341
10038959,8063,7675,627342
10038975,8365,12875,627343
10038991,8079,14939,627344
10039007,8140,9271,627345
10039023,8042,4050,627346
10039039,7855,974,627347
10039055,8106,6140,627348
10039071,8104,11837,627349
10039087,7890,16256,627350
10039103,8141,10807,627351
10039119,8049,5589,627352
10039135,8028,354,627353
10039151,8244,5166,627354
10039167,8158,10307,627355
10039183,8234,15403,627356
10039199,8172,11816,627357
10039215,8150,6647,627358
10039231,8294,1540,627359
10039247,7939,3564,627360
10039263,8128,9104,627361
10039279,8169,14440,627362
10039295,8117,13384,627363
10039311,8125,8220,627364
10039327,8064,2848,627365
10039343,8122,2542,627366
10039359,8280,7786,627367
10039375,8058,12857,627368
10039391,8181,14870,627369
10039407,8279,9292,627370
10039423,8244,4092,627371
10039439,8166,995,627372
10039455,8124,6158,627373
10039471,8060,11814,627374
10039487,8257,16278,627375
10039503,8012,10750,627376
10039519,7982,5621,627377
10039535,8111,309,627378
10039551,8020,5153,627379
10039567,8244,10231,627380
10039583,8243,15480,627381
10039599,7945,11818,627382
10039615,8500,6692,627383
10039631,8327,1533,627384
10039647,8144,3558,627385
10039663,8392,9149,627386
10039679,8068,14423,627387
10039695,8229,13404,627388
10039711,8200,8222,627389
10039727,7914,2833,627390
10039743,8001,2491,627391
10039759,8204,7715,627392
10039775,7890,12844,627393
10039791,8269,14937,627394
10039807,8273,9297,627395
10039823,8103,4093,627396
10039839,8370,1033,627397
10039855,8059,6126,627398
10039871,8074,11824,627399
10039887,8342,16311,627400
10039903,8121,10820,627401
10039919,8071,5637,627402
10039935,8021,335,627403
10039951,7952,5152,627404
10039967,8209,10286,627405
10039983,8036,15360,627406
10039999,7958,11801,627407
10040015,8222,6705,627408
10040031,8001,1459,627409
10040047,8126,3582,627410
10040063,8306,9113,627411
10040079,7942,14384,627412
10040095,8393,13361,627413
10040111,8320,8217,627414
10040127,8054,2869,627415
10040143,8092,2518,627416
10040159,8216,7758,627417
10040175,7985,12885,627418
10040191,8348,14961,627419
10040207,8124,9216,627420
10040223,8096,4098,627421
10040239,8174,1010,627422
10040255,8102,6169,627423
10040271,8096,11836,627424
10040287,8067,16327,627425
10040303,8180,10796,627426
10040319,8269,5673,627427
10040335,8084,355,627428
10040351,8163,5150,627429
10040367,8168,10246,627430
10040383,8104,15496,627431
10040399,8100,11829,627432
10040415,7982,6681,627433
10040431,7988,1488,627434
10040447,8218,3567,627435
10040463,8013,9092,627436
10040479,7968,14406,627437
10040495,8192,13394,627438
10040511,8097,8253,627439
10040527,8163,2810,627440
10040543,8347,2534,627441
10040559,8123,7716,627442
10040575,8173,12864,627443
10040591,8203,14889,627444
10040607,8062,9288,627445
10040623,8099,4090,627446
10040639,7960,982,627447
10040655,8018,6134,627448
10040671,8121,11799,627449
10040687,7963,16335,627450
10040703,8120,10751,627451
10040719,8160,5701,627452
10040735,8181,315,627453
10040751,8344,5106,627454
10040767,8022,10242,627455
10040783,8000,15420,627456
10040799,8235,11836,627457
10040815,8036,6704,627458
10040831,8025,1496,627459
10040847,8053,3574,627460
10040863,7996,9171,627461
10040879,8025,14375,627462
10040895,8293,13396,627463
10040911,7930,8201,627464
10040927,8148,2838,627465
10040943,8263,2559,627466
10040959,8091,7680,627467
10040975,8325,12803,627468
10040991,8206,14981,627469
10041007,8182,9210,627470
10041023,8321,4117,627471
10041039,8102,982,627472
10041055,8161,6187,627473
10041071,8030,11798,627474
10041087,8068,16282,627475
10041103,8190,10798,627476
10041119,8083,5595,627477
10041135,7974,316,627478
10041151,8232,5145,627479
10041167,8010,10261,627480
10041183,8158,15435,627481
10041199,8172,11778,627482
10041215,8045,6697,627483
10041231,8236,1477,627484
10041247,8089,3590,627485
10041263,8036,9041,627486
10041279,8192,14412,627487
10041295,7996,13402,627488
10041311,8070,8192,627489
10041327,8238,2849,627490
10041343,8074,2509,627491
10041359,8300,7755,627492
10041375,8188,12892,627493
10041391,8071,14854,627494
10041407,8234,9320,627495
10041423,8241,4069,627496
10041439,8249,951,627497
10041455,8120,6147,627498
10041471,8076,11816,627499
10041487,8162,16315,627500
10041503,8117,10774,627501
10041519,7999,5703,627502
10041535,8062,335,627503
10041551,8087,5120,627504
10041567,8070,10242,627505
10041583,8177,15495,627506
10041599,7976,11870,627507
10041615,8243,6657,627508
10041631,8185,1468,627509
10041647,8061,3588,627510
10041663,8368,9114,627511
10041679,8253,14418,627512
10041695,8129,13376,627513
10041711,8319,8225,627514
10041727,8140,2855,627515
10041743,8041,2530,627516
10041759,8266,7732,627517
10041775,7975,12868,627518
10041791,8216,14921,627519
10041807,8213,9222,627520
10041823,8042,4065,627521
10041839,8268,1018,627522
10041855,8345,6165,627523
10041871,8255,11866,627524
10041887,8241,16241,627525
10041903,8078,10796,627526
10041919,8089,5685,627527
10041935,8190,322,627528
10041951,8034,5195,627529
10041967,8114,10264,627530
10041983,8144,15408,627531
10041999,7880,11815,627532
10042015,8299,6664,627533
10042031,8196,1472,627534
10042047,8018,3538,627535
10042063,8236,9119,627536
10042079,8097,14448,627537
10042095,8135,13366,627538
10042111,8287,8153,627539
10042127,8044,2831,627540
10042143,8158,2565,627541
10042159,8134,7686,627542
10042175,7811,12830,627543
10042191,8091,14810,627544
10042207,8234,9268,627545
10042223,7942,4133,627546
10042239,8305,955,627547
10042255,8184,6132,627548
10042271,8108,11867,627549
10042287,8282,16305,627550
10042303,8137,10805,627551
10042319,8216,5681,627552
10042335,8171,364,627553
10042351,8212,5172,627554
10042367,8062,10307,627555
10042383,7986,15383,627556
10042399,8015,11819,627557
10042415,7994,6654,627558
10042431,7962,1470,627559
10042447,8186,3620,627560
10042463,7998,9094,627561
10042479,8061,14388,627562
10042495,8232,13333,627563
10042511,8197,8234,627564
10042527,8103,2812,627565
10042543,8190,2526,627566
10042559,8106,7733,627567
10042575,8214,12854,627568
10042591,8221,14895,627569
10042607,8155,9251,627570
10042623,8166,4163,627571
10042639,8066,1004,627572
10042655,7971,6107,627573
10042671,8042,11765,627574
10042687,7920,16294,627575
10042703,8233,10803,627576
10042719,8279,5676,627577
10042735,7905,387,627578
10042751,8347,5180,627579
10042767,8163,10273,627580
10042783,8097,15469,627581
10042799,8325,11864,627582
10042815,7986,6648,627583
10042831,8055,1530,627584
10042847,8192,3574,627585
10042863,7908,9112,627586
10042879,8224,14445,627587
10042895,8225,13419,627588
10042911,7929,8218,627589
10042927,8165,2801,627590
10042943,8305,2541,627591
10042959,8022,7753,627592
10042975,8422,12900,627593
10042991,8253,14902,627594
10043007,8053,9243,627595
10043023,8228,4066,627596
10043039,8017,986,627597
10043055,7995,6183,627598
10043071,8096,11842,627599
10043087,7907,16335,627600
10043103,8052,10755,627601
10043119,8161,5618,627602
10043135,7958,323,627603
10043151,8266,5103,627604
10043167,8143,10262,627605
10043183,8228,15400,627606
10043199,8312,11830,627607
10043215,8085,6640,627608
10043231,8081,1539,627609
10043247,8260,3567,627610
10043263,8151,9070,627611
10043279,8182,14448,627612
10043295,8069,13383,627613
10043311,7985,8256,627614
10043327,8121,2775,627615
10043343,8024,2516,627616
10043359,7998,7676,627617
10043375,8254,12890,627618
10043391,8110,14926,627619
10043407,8118,9203,627620
10043423,8343,4105,627621
10043439,8060,1016,627622
10043455,8043,6155,627623
10043471,8265,11817,627624
10043487,8180,16358,627625
10043503,8206,10821,627626
10043519,8089,5614,627627
10043535,8051,264,627628
10043551,8244,5164,627629
10043567,8137,10240,627630
10043583,7993,15416,627631
10043599,8087,11838,627632
10043615,8249,6705,627633
10043631,8082,1511,627634
10043647,8123,3534,627635
10043663,8348,9075,627636
10043679,8274,14418,627637
10043695,8145,13385,627638
10043711,8238,8247,627639
10043727,8019,2803,627640
10043743,8031,2515,627641
10043759,8152,7708,627642
10043775,8028,12915,627643
10043791,8081,14828,627644
10043807,8335,9248,627645
10043823,8121,4090,627646
10043839,8094,948,627647
10043855,8166,6126,627648
10043871,8197,11827,627649
10043887,8322,16294,627650
10043903,8327,10822,627651
10043919,8056,5667,627652
10043935,8270,322,627653
10043951,8166,5168,627654
10043967,8112,10288,627655
10043983,8269,15515,627656
10043999,8030,11883,627657
10044015,8123,6665,627658
10044031,8191,1605,627659
10044047,8001,3564,627660
10044063,8164,9106,627661
10044079,8197,14409,627662
10044095,8184,13364,627663
10044111,8533,8271,627664
10044127,8086,2876,627665
10044143,8018,2517,627666
10044159,8394,7727,627667
10044175,8020,12890,627668
10044191,8128,14892,627669
10044207,8123,9292,627670
10044223,7819,4054,627671
10044239,8252,948,627672
10044255,8057,6139,627673
10044271,7940,11774,627674
10044287,8287,16317,627675
10044303,8246,10778,627676
10044319,8145,5697,627677
10044335,8498,421,627678
10044351,8110,5161,627679
10044367,8117,10320,627680
10044383,8221,15432,627681
10044399,7863,11805,627682
10044415,8163,6691,627683
10044431,8040,1497,627684
10044447,7938,3609,627685
10044463,8177,9085,627686
10044479,8065,14387,627687
10044495,8138,13415,627688
10044511,8155,8194,627689
10044527,8076,2829,627690
10044543,8135,2561,627691
10044559,8198,7661,627692
10044575,8078,12851,627693
10044591,8120,14837,627694
10044607,8071,9244,627695
10044623,8102,4064,627696
10044639,8089,987,627697
10044655,8086,6163,627698
10044671,8005,11838,627699
10044687,8057,16272,627700
10044703,8042,10790,627701
10044719,8220,5678,627702
10044735,8116,379,627703
10044751,8270,5161,627704
10044767,8218,10235,627705
10044783,8210,15453,627706
10044799,8244,11801,627707
10044815,8221,6727,627708
10044831,8071,1542,627709
10044847,8200,3585,627710
10044863,8174,9107,627711
10044879,8109,14438,627712
10044895,8141,13348,627713
10044911,7967,8219,627714
10044927,8158,2871,627715
10044943,8275,2551,627716
10044959,8044,7715,627717
10044975,8219,12840,627718
10044991,8260,14848,627719
10045007,8150,9264,627720
10045023,8391,4158,627721
10045039,8187,1065,627722
10045055,8033,6137,627723
10045071,8144,11807,627724
10045087,7853,16231,627725
10045103,8012,10751,627726
10045119,8111,5671,627727
10045135,7837,284,627728
10045151,8135,5094,627729
10045167,8178,10243,627730
10045183,8064,15442,627731
10045199,8345,11836,627732
10045215,8174,6720,627733
10045231,8174,1547,627734
10045247,8241,3553,627735
10045263,8048,9115,627736
10045279,8121,14466,627737
10045295,8137,13357,627738
10045311,7931,8254,627739
10045327,8089,2824,627740
10045343,8194,2495,627741
10045359,8031,7704,627742
10045375,8293,12865,627743
10045391,8191,14848,627744
10045407,8122,9238,627745
10045423,8388,4098,627746
10045439,8086,970,627747
10045455,8069,6133,627748
10045471,8249,11834,627749
10045487,7988,16302,627750
10045503,8088,10809,627751
10045519,8232,5659,627752
10045535,7969,373,627753
10045551,8173,5109,627754
10045567,8159,10301,627755
10045583,8105,15416,627756
10045599,8083,11811,627757
10045615,8095,6691,627758
10045631,8187,1515,627759
10045647,8090,3575,627760
10045663,8165,9119,627761
10045679,8188,14407,627762
10045695,8208,13381,627763
10045711,8190,8204,627764
10045727,8296,2851,627765
10045743,7957,2511,627766
10045759,8107,7715,627767
10045775,8184,12888,627768
10045791,8110,14923,627769
10045807,8056,9218,627770
10045823,8040,4089,627771
10045839,8045,1007,627772
10045855,8176,6113,627773
10045871,8227,11859,627774
10045887,8189,16237,627775
10045903,8238,10786,627776
10045919,8245,5667,627777
10045935,8177,308,627778
10045951,8113,5117,627779
10045967,8035,10274,627780
10045983,8200,15480,627781
10045999,8107,11842,627782
10046015,8148,6727,627783
10046031,8218,1574,627784
10046047,7920,3570,627785
10046063,8276,9106,627786
10046079,8250,14417,627787
10046095,8122,13419,627788
10046111,8328,8196,627789
10046127,8118,2813,627790
10046143,8026,2556,627791
10046159,8393,7728,627792
10046175,8033,12847,627793
10046191,8147,14926,627794
10046207,8236,9246,627795
10046223,7858,4073,627796
10046239,8025,994,627797
10046255,8219,6212,627798
10046271,7988,11839,627799
10046287,8124,16312,627800
10046303,8146,10812,627801
10046319,8061,5618,627802
10046335,8491,368,627803
10046351,8296,5186,627804
10046367,8151,10319,627805
10046383,8394,15445,627806
10046399,8226,11849,627807
10046415,8026,6691,627808
10046431,8036,1495,627809
10046447,7973,3611,627810
10046463,8199,9092,627811
10046479,8100,14424,627812
10046495,7914,13301,627813
10046511,8357,8213,627814
10046527,8094,2833,627815
10046543,8184,2498,627816
10046559,8269,7659,627817
10046575,7989,12780,627818
10046591,8201,14822,627819
10046607,8226,9212,627820
10046623,7953,4129,627821
10046639,8148,974,627822
10046655,8122,6191,627823
10046671,7888,11770,627824
10046687,8252,16320,627825
10046703,8010,10732,627826
10046719,8094,5679,627827
10046735,8223,363,627828
10046751,8146,5092,627829
10046767,8161,10282,627830
10046783,8229,15480,627831
10046799,8181,11826,627832
10046815,8260,6701,627833
10046831,8145,1513,627834
10046847,8116,3578,627835
10046863,8092,9106,627836
10046879,8186,14446,627837
10046895,8214,13372,627838
10046911,8192,8235,627839
10046927,8086,2872,627840
10046943,8258,2512,627841
10046959,8032,7724,627842
10046975,7974,12854,627843
10046991,8240,14850,627844
10047007,8142,9252,627845
10047023,8274,4144,627846
10047039,8295,1032,627847
10047055,8115,6197,627848
10047071,8187,11772,627849
10047087,8100,16269,627850
10047103,8084,10820,627851
10047119,8052,5604,627852
10047135,7897,318,627853
10047151,8074,5066,627854
10047167,8132,10268,627855
10047183,7986,15429,627856
10047199,8104,11835,627857
10047215,8124,6655,627858
10047231,8065,1450,627859
10047247,8253,3559,627860
10047263,8119,9139,627861
10047279,8177,14408,627862
10047295,8282,13360,627863
10047311,8004,8238,627864
10047327,8063,2817,627865
10047343,8240,2608,627866
10047359,7999,7714,627867
10047375,8319,12889,627868
10047391,8113,14873,627869
10047407,7856,9172,627870
10047423,8429,4140,627871
10047439,8145,994,627872
10047455,8026,6143,627873
10047471,8306,11818,627874
10047487,8000,16204,627875
10047503,8092,10817,627876
10047519,8146,5628,627877
10047535,7784,303,627878
10047551,8181,5170,627879
10047567,8183,10295,627880
10047583,7914,15404,627881
10047599,8179,11852,627882
10047615,8201,6691,627883
10047631,8142,1533,627884
10047647,8305,3582,627885
10047663,8069,9082,627886
10047679,8211,14374,627887
10047695,8185,13390,627888
10047711,8096,8228,627889
10047727,8228,2835,627890
10047743,8115,2561,627891
10047759,8000,7755,627892
10047775,8255,12905,627893
10047791,8005,14912,627894
10047807,8140,9257,627895
10047823,8188,4044,627896
10047839,8008,1006,627897
10047855,8219,6141,627898
10047871,8166,11809,627899
10047887,8058,16350,627900
10047903,8212,10792,627901
10047919,8277,5686,627902
10047935,8093,352,627903
10047951,8294,5100,627904
10047967,8190,10319,627905
10047983,8204,15467,627906
10047999,8217,11858,627907
10048015,8192,6688,627908
10048031,8216,1567,627909
10048047,7949,3578,627910
10048063,8100,9091,627911
10048079,8124,14416,627912
10048095,8053,13308,627913
10048111,8187,8217,627914
10048127,8173,2832,627915
10048143,8140,2589,627916
10048159,8280,7725,627917
10048175,8161,12902,627918
10048191,7992,14844,627919
10048207,8338,9197,627920
10048223,7986,4066,627921
10048239,8033,968,627922
10048255,8165,6154,627923
10048271,7948,11814,627924
10048287,8228,16336,627925
10048303,8091,10780,627926
10048319,8022,5672,627927
10048335,8316,314,627928
10048351,8177,5096,627929
10048367,8149,10292,627930
10048383,8432,15460,627931
10048399,8019,11862,627932
10048415,8040,6648,627933
10048431,8233,1533,627934
10048447,7802,3582,627935
10048463,8142,9104,627936
10048479,8184,14417,627937
10048495,7959,13356,627938
10048511,8354,8202,627939
10048527,8135,2846,627940
10048543,7965,2491,627941
10048559,8341,7723,627942
10048575,8061,12879,627943
10048591,8144,14908,627944
10048607,8332,9242,627945
10048623,7905,4088,627946
10048639,8144,1004,627947
10048655,8217,6117,627948
10048671,7913,11833,627949
10048687,8198,16250,627950
10048703,8311,10823,627951
10048719,8029,5704,627952
10048735,8452,322,627953
10048751,8134,5085,627954
10048767,8113,10246,627955
10048783,8250,15435,627956
10048799,8086,11836,627957
10048815,8157,6715,627958
10048831,8261,1568,627959
10048847,8140,3572,627960
10048863,8113,9089,627961
10048879,8193,14420,627962
10048895,8174,13376,627963
10048911,8203,8200,627964
10048927,7941,2856,627965
10048943,8149,2536,627966
10048959,8249,7741,627967
10048975,8060,12830,627968
10048991,8296,14926,627969
10049007,8157,9249,627970
10049023,8219,4150,627971
10049039,8156,1014,627972
10049055,8194,6123,627973
10049071,8224,11840,627974
10049087,8273,16296,627975
10049103,8106,10790,627976
10049119,8262,5677,627977
10049135,8162,316,627978
10049151,8094,5079,627979
10049167,8127,10317,627980
10049183,8085,15454,627981
10049199,8155,11847,627982
10049215,8069,6661,627983
10049231,8134,1510,627984
10049247,8191,3536,627985
10049263,8141,9113,627986
10049279,8134,14414,627987
10049295,8214,13399,627988
10049311,8165,8174,627989
10049327,8005,2796,627990
10049343,8242,2535,627991
10049359,7940,7715,627992
10049375,8148,12892,627993
10049391,8186,14792,627994
10049407,7906,9166,627995
10049423,8161,4107,627996
10049439,8095,962,627997
10049455,8096,6174,627998
10049471,8253,11809,627999
10049487,8143,16377,628000
10049503,8102,10844,628001
10049519,8304,5681,628002
10049535,7931,299,628003
10049551,8168,5203,628004
10049567,8015,10248,628005
10049583,7894,15462,628006
10049599,8183,11861,628007
10049615,8216,6709,628008
10049631,8025,1570,628009
10049647,8281,3560,628010
10049663,8223,9102,628011
10049679,8129,14407,628012
10049695,8329,13463,628013
10049711,7982,8169,628014
10049727,8199,2819,628015
10049743,8218,2501,628016
10049759,7932,7721,628017
10049775,8037,12862,628018
10049791,8106,14813,628019
10049807,7919,9244,628020
10049823,8222,4104,628021
10049839,8009,980,628022
10049855,8114,6178,628023
10049871,8297,11858,628024
10049887,8073,16263,628025
10049903,8110,10748,628026
10049919,8114,5593,628027
10049935,8109,388,628028
10049951,8302,5121,628029
10049967,8197,10238,628030
10049983,8220,15487,628031
10049999,8071,11827,628032
10050015,8072,6631,628033
10050031,7962,1527,628034
10050047,8084,3555,628035
10050063,8086,9086,628036
10050079,8090,14432,628037
10050095,8066,13403,628038
10050111,8144,8203,628039
10050127,8084,2834,628040
10050143,8030,2523,628041
10050159,8295,7727,628042
10050175,8184,12840,628043
10050191,8023,14884,628044
10050207,8308,9219,628045
10050223,8084,4121,628046
10050239,8079,941,628047
10050255,8119,6176,628048
10050271,8026,11818,628049
10050287,8223,16358,628050
10050303,8289,10820,628051
10050319,8014,5626,628052
10050335,8186,288,628053
10050351,8240,5160,628054
10050367,8034,10244,628055
10050383,8306,15419,628056
10050399,8030,11808,628057
10050415,8074,6744,628058
10050431,8310,1539,628059
10050447,8059,3621,628060
10050463,7945,9109,628061
10050479,8219,14480,628062
10050495,7976,13415,628063
10050511,7997,8209,628064
10050527,8198,2845,628065
10050543,8020,2546,628066
10050559,8212,7684,628067
10050575,8113,12834,628068
10050591,8132,14831,628069
10050607,8382,9254,628070
10050623,7990,4070,628071
10050639,8185,1049,628072
10050655,8388,6180,628073
10050671,7949,11756,628074
10050687,8070,16275,628075
10050703,8174,10824,628076
10050719,7924,5630,628077
10050735,8225,356,628078
10050751,8150,5153,628079
10050767,7916,10207,628080
10050783,8399,15442,628081
10050799,8059,11808,628082
10050815,7999,6681,628083
10050831,8397,1594,628084
10050847,8058,3577,628085
10050863,8144,9103,628086
10050879,8123,14405,628087
10050895,7852,13312,628088
10050911,8082,8200,628089
10050927,8139,2839,628090
10050943,7858,2548,628091
10050959,8259,7672,628092
10050975,8110,12865,628093
10050991,8108,14846,628094
10051007,8105,9236,628095
10051023,8223,4135,628096
10051039,8183,988,628097
10051055,8313,6150,628098
10051071,8133,11859,628099
10051087,8309,16360,628100
10051103,8265,10796,628101
10051119,8035,5596,628102
10051135,8131,324,628103
10051151,8163,5146,628104
10051167,7985,10244,628105
10051183,8095,15439,628106
10051199,8095,11855,628107
10051215,8099,6616,628108
10051231,8055,1480,628109
10051247,8113,3539,628110
10051263,8181,9087,628111
10051279,8136,14441,628112
10051295,8187,13310,628113
10051311,8117,8214,628114
10051327,8098,2819,628115
10051343,8178,2554,628116
10051359,8117,7750,628117
10051375,8014,12839,628118
10051391,8228,14824,628119
10051407,7921,9273,628120
10051423,8152,4097,628121
10051439,8222,951,628122
10051455,8096,6116,628123
10051471,8204,11824,628124
10051487,8255,16327,628125
10051503,8215,10786,628126
10051519,8360,5661,628127
10051535,8074,338,628128
10051551,8180,5119,628129
10051567,8133,10233,628130
10051583,8085,15435,628131
10051599,7960,11819,628132
10051615,8138,6721,628133
10051631,8014,1521,628134
10051647,8151,3558,628135
10051663,8144,9059,628136
10051679,8011,14374,628137
10051695,8392,13416,628138
10051711,8109,8213,628139
10051727,8112,2824,628140
10051743,8196,2510,628141
10051759,8106,7734,628142
10051775,8038,12846,628143
10051791,8166,14893,628144
10051807,7998,9281,628145
10051823,8135,4059,628146
10051839,8092,1070,628147
10051855,7992,6126,628148
10051871,8217,11798,628149
10051887,8146,16357,628150
10051903,8188,10718,628151
10051919,8298,5609,628152
10051935,8123,367,628153
10051951,8132,5111,628154
10051967,8264,10248,628155
10051983,7977,15401,628156
10051999,8090,11811,628157
10052015,8104,6704,628158
10052031,7990,1514,628159
10052047,8048,3572,628160
10052063,8066,9080,628161
10052079,7867,14368,628162
10052095,8175,13399,628163
10052111,8310,8229,628164
10052127,8089,2857,628165
10052143,8075,2498,628166
10052159,8253,7738,628167
10052175,8186,12878,628168
10052191,8185,14884,628169
10052207,8174,9241,628170
10052223,8137,4068,628171
10052239,7981,959,628172
10052255,8051,6179,628173
10052271,8091,11877,628174
10052287,7982,16219,628175
10052303,8070,10794,628176
10052319,7942,5622,628177
10052335,8090,315,628178
10052351,8214,5149,628179
10052367,8212,10225,628180
10052383,8202,15459,628181
10052399,8306,11830,628182
10052415,8160,6659,628183
10052431,8182,1532,628184
10052447,8066,3557,628185
10052463,8018,9091,628186
10052479,8140,14450,628187
10052495,8120,13386,628188
10052511,8083,8225,628189
10052527,8121,2804,628190
10052543,7934,2519,628191
10052559,8197,7669,628192
10052575,8146,12758,628193
10052591,8105,14812,628194
10052607,8263,9202,628195
10052623,8243,4096,628196
10052639,8088,988,628197
10052655,8313,6184,628198
10052671,7934,11837,628199
10052687,8043,16307,628200
10052703,8222,10800,628201
10052719,7891,5681,628202
10052735,8144,344,628203
10052751,8135,5127,628204
10052767,8000,10280,628205
10052783,8341,15517,628206
10052799,8145,11878,628207
10052815,8045,6720,628208
10052831,8365,1593,628209
10052847,8035,3615,628210
10052863,7999,9081,628211
10052879,8275,14344,628212
10052895,8052,13363,628213
10052911,8159,8217,628214
10052927,8170,2863,628215
10052943,7940,2522,628216
10052959,8204,7705,628217
10052975,8157,12781,628218
10052991,7967,14806,628219
10053007,8282,9283,628220
10053023,8127,4095,628221
10053039,8204,992,628222
10053055,8228,6140,628223
10053071,7968,11896,628224
10053087,8197,16268,628225
10053103,8080,10741,628226
10053119,8084,5636,628227
10053135,8163,361,628228
10053151,8171,5076,628229
10053167,7988,10235,628230
10053183,8289,15470,628231
10053199,8070,11824,628232
10053215,7978,6704,628233
10053231,8332,1531,628234
10053247,8095,3516,628235
10053263,8121,9134,628236
10053279,8302,14410,628237
10053295,8147,13380,628238
10053311,8156,8227,628239
10053327,8198,2863,628240
10053343,8167,2519,628241
10053359,8036,7687,628242
10053375,8091,12883,628243
10053391,8315,14924,628244
10053407,8032,9221,628245
10053423,8210,4148,628246
10053439,8203,1023,628247
10053455,7955,6140,628248
10053471,8214,11866,628249
10053487,8166,16344,628250
10053503,7990,10825,628251
10053519,8289,5670,628252
10053535,8189,379,628253
10053551,8094,5130,628254
10053567,8210,10270,628255
10053583,8133,15355,628256
10053599,8075,11825,628257
10053615,8133,6663,628258
10053631,7953,1494,628259
10053647,8270,3588,628260
10053663,8261,9148,628261
10053679,8106,14434,628262
10053695,8212,13348,628263
10053711,8082,8239,628264
10053727,8238,2841,628265
10053743,8354,2570,628266
10053759,8101,7688,628267
10053775,8008,12777,628268
10053791,8294,14845,628269
10053807,8076,9223,628270
10053823,8118,4094,628271
10053839,8032,1012,628272
10053855,7675,6109,628273
10053871,8168,11759,628274
10053887,8090,16275,628275
10053903,7916,10785,628276
10053919,8344,5664,628277
10053935,8074,355,628278
10053951,8287,5161,628279
10053967,8397,10214,628280
10053983,7928,15340,628281
10053999,8110,11871,628282
10054015,8303,6704,628283
10054031,7953,1579,628284
10054047,8071,3570,628285
10054063,8148,9149,628286
10054079,7890,14414,628287
10054095,8194,13384,628288
10054111,8066,8297,628289
10054127,8085,2823,628290
10054143,8291,2553,628291
10054159,8305,7708,628292
10054175,8331,12873,628293
10054191,8152,14814,628294
10054207,8149,9223,628295
10054223,8204,4104,628296
10054239,8088,973,628297
10054255,8055,6155,628298
10054271,8110,11754,628299
10054287,7926,16276,628300
10054303,8064,10790,628301
10054319,8088,5629,628302
10054335,7961,294,628303
10054351,8220,5097,628304
10054367,8194,10299,628305
10054383,8073,15475,628306
10054399,8263,11820,628307
10054415,8281,6736,628308
10054431,8060,1480,628309
10054447,8284,3626,628310
10054463,8107,9086,628311
10054479,8048,14384,628312
10054495,8179,13423,628313
10054511,8096,8225,628314
10054527,8055,2798,628315
10054543,7982,2519,628316
10054559,8083,7660,628317
10054575,8142,12855,628318
10054591,8106,14876,628319
10054607,8291,9206,628320
10054623,8210,4130,628321
10054639,8058,968,628322
10054655,8259,6154,628323
10054671,8138,11812,628324
10054687,8050,16340,628325
10054703,8325,10789,628326
10054719,7926,5631,628327
10054735,8025,299,628328
10054751,8145,5096,628329
10054767,7856,10211,628330
10054783,8221,15420,628331
10054799,8093,11815,628332
10054815,8165,6661,628333
10054831,8410,1531,628334
10054847,8113,3581,628335
10054863,8078,9062,628336
10054879,8310,14397,628337
10054895,7998,13349,628338
10054911,8139,8208,628339
10054927,8251,2854,628340
10054943,7934,2470,628341
10054959,8151,7687,628342
10054975,8089,12825,628343
10054991,7839,14816,628344
10055007,8214,9239,628345
10055023,8079,4052,628346
10055039,8141,1011,628347
10055055,8308,6136,628348
10055071,8057,11797,628349
10055087,8086,16303,628350
10055103,8305,10809,628351
10055119,7911,5668,628352
10055135,8198,359,628353
10055151,8217,5176,628354
10055167,7928,10262,628355
10055183,8356,15468,628356
10055199,8147,11902,628357
10055215,8044,6702,628358
10055231,8170,1489,628359
10055247,8057,3573,628360
10055263,8169,9122,628361
10055279,8297,14400,628362
10055295,7990,13383,628363
10055311,8032,8178,628364
10055327,8166,2858,628365
10055343,8000,2524,628366
10055359,8143,7719,628367
10055375,8022,12875,628368
10055391,8030,14911,628369
10055407,8232,9250,628370
10055423,8096,4076,628371
10055439,8105,958,628372
10055455,8089,6201,628373
10055471,8094,11853,628374
10055487,8198,16268,628375
10055503,8097,10778,628376
10055519,8120,5682,628377
10055535,8170,327,628378
10055551,8098,5148,628379
10055567,8172,10238,628380
10055583,8107,15394,628381
10055599,8028,11813,628382
10055615,8103,6641,628383
10055631,8133,1570,628384
10055647,8160,3594,628385
10055663,8088,9112,628386
10055679,8023,14408,628387
10055695,8115,13359,628388
10055711,8136,8214,628389
10055727,7912,2809,628390
10055743,8128,2525,628391
10055759,8063,7772,628392
10055775,8058,12874,628393
10055791,8104,14875,628394
10055807,8040,9247,628395
10055823,8028,4121,628396
10055839,8005,1010,628397
10055855,7896,6174,628398
10055871,8164,11861,628399
10055887,8203,16310,628400
10055903,7868,10777,628401
10055919,8147,5660,628402
10055935,8124,357,628403
10055951,8130,5145,628404
10055967,8353,10303,628405
10055983,8133,15429,628406
10055999,8028,11828,628407
10056015,8260,6731,628408
10056031,8108,1525,628409
10056047,8061,3570,628410
10056063,8150,9093,628411
10056079,7904,14389,628412
10056095,8250,13416,628413
10056111,8135,8187,628414
10056127,8052,2849,628415
10056143,8217,2531,628416
10056159,8149,7713,628417
10056175,8186,12863,628418
10056191,8325,14882,628419
10056207,8140,9209,628420
10056223,8210,4144,628421
10056239,8129,991,628422
10056255,8069,6210,628423
10056271,8029,11834,628424
10056287,7977,16303,628425
10056303,7872,10781,628426
10056319,8128,5597,628427
10056335,7927,340,628428
10056351,8011,5097,628429
10056367,8328,10268,628430
10056383,8139,15478,628431
10056399,8193,11845,628432
10056415,8291,6703,628433
10056431,8060,1526,628434
10056447,8198,3573,628435
10056463,8103,9082,628436
10056479,7974,14335,628437
10056495,8250,13412,628438
10056511,8069,8222,628439
10056527,8063,2790,628440
10056543,8289,2557,628441
10056559,8051,7691,628442
10056575,8074,12786,628443
10056591,8181,14897,628444
10056607,8059,9245,628445
10056623,8272,4123,628446
10056639,8075,994,628447
10056655,8126,6121,628448
10056671,8164,11807,628449
10056687,7970,16210,628450
10056703,8323,10780,628451
10056719,8172,5684,628452
10056735,7902,337,628453
10056751,8120,5105,628454
10056767,8089,10318,628455
10056783,8026,15454,628456
10056799,8232,11880,628457
10056815,8046,6695,628458
10056831,8351,1534,628459
10056847,8188,3560,628460
10056863,8167,9144,628461
10056879,8409,14364,628462
10056895,8078,13366,628463
10056911,8192,8225,628464
10056927,8188,2849,628465
10056943,8073,2564,628466
10056959,8024,7715,628467
10056975,8140,12758,628468
10056991,7854,14874,628469
10057007,8083,9220,628470
10057023,8159,4057,628471
10057039,7994,940,628472
10057055,8253,6180,628473
10057071,8228,11911,628474
10057087,8257,16241,628475
10057103,8438,10827,628476
10057119,8058,5631,628477
10057135,8122,342,628478
10057151,8156,5166,628479
10057167,8018,10242,628480
10057183,8096,15401,628481
10057199,8036,11880,628482
10057215,7815,6652,628483
10057231,8164,1503,628484
10057247,8162,3578,628485
10057263,8073,9128,628486
10057279,8274,14380,628487
10057295,8148,13450,628488
10057311,8196,8174,628489
10057327,8342,2837,628490
10057343,7910,2510,628491
10057359,8069,7725,628492
10057375,8103,12852,628493
10057391,7929,14879,628494
10057407,8105,9259,628495
10057423,8171,4098,628496
10057439,8231,968,628497
10057455,8239,6146,628498
10057471,8000,11833,628499
10057487,8050,16275,628500
10057503,8351,10722,628501
10057519,8029,5663,628502
10057535,8181,363,628503
10057551,8176,5173,628504
10057567,8058,10265,628505
10057583,8180,15409,628506
10057599,8070,11824,628507
10057615,8010,6734,628508
10057631,8079,1489,628509
10057647,8018,3622,628510
10057663,7974,9076,628511
10057679,8248,14472,628512
10057695,8058,13381,628513
10057711,8076,8184,628514
10057727,8266,2829,628515
10057743,8086,2526,628516
10057759,8211,7717,628517
10057775,8200,12802,628518
10057791,8243,14909,628519
10057807,8022,9195,628520
10057823,8071,4154,628521
10057839,8161,987,628522
10057855,8180,6189,628523
10057871,8016,11643,628524
10057887,8143,16332,628525
10057903,8019,10802,628526
10057919,8213,5616,628527
10057935,8187,336,628528
10057951,8023,5142,628529
10057967,8182,10246,628530
10057983,8082,15358,628531
10057999,8110,11878,628532
10058015,8293,6732,628533
10058031,7969,1539,628534
10058047,8060,3583,628535
10058063,8140,9136,628536
10058079,7833,14376,628537
10058095,8125,13366,628538
10058111,8133,8222,628539
10058127,7984,2840,628540
10058143,8240,2551,628541
10058159,8050,7714,628542
10058175,7868,12823,628543
10058191,8246,14883,628544
10058207,7996,9285,628545
10058223,8188,4093,628546
10058239,8291,1046,628547
10058255,8105,6197,628548
10058271,8170,11837,628549
10058287,8255,16348,628550
10058303,7913,10822,628551
10058319,8254,5625,628552
10058335,8063,358,628553
10058351,8120,5097,628554
10058367,8359,10277,628555
10058383,8088,15443,628556
10058399,8135,11861,628557
10058415,8317,6645,628558
10058431,8040,1532,628559
10058447,8186,3593,628560
10058463,8176,9100,628561
10058479,7944,14387,628562
10058495,8275,13388,628563
10058511,8032,8224,628564
10058527,7837,2823,628565
10058543,8274,2548,628566
10058559,8088,7729,628567
10058575,7921,12803,628568
10058591,8203,14882,628569
10058607,8150,9212,628570
10058623,8071,4102,628571
10058639,8146,974,628572
10058655,8115,6176,628573
10058671,8120,11800,628574
10058687,8165,16278,628575
10058703,8112,10798,628576
10058719,8255,5719,628577
10058735,8060,333,628578
10058751,8253,5207,628579
10058767,8201,10214,628580
10058783,8054,15304,628581
10058799,8240,11853,628582
10058815,8067,6688,628583
10058831,8074,1498,628584
10058847,8189,3504,628585
10058863,8077,9121,628586
10058879,8139,14369,628587
10058895,8309,13408,628588
10058911,8041,8221,628589
10058927,8189,2822,628590
10058943,8145,2592,628591
10058959,7975,7641,628592
10058975,8125,12875,628593
10058991,8084,14907,628594
10059007,8164,9248,628595
10059023,8243,4168,628596
10059039,8082,1007,628597
10059055,8209,6138,628598
10059071,8156,11824,628599
10059087,8135,16337,628600
10059103,8518,10800,628601
10059119,7995,5608,628602
10059135,8116,333,628603
10059151,8388,5170,628604
10059167,7939,10281,628605
10059183,8149,15439,628606
10059199,8181,11808,628607
10059215,7874,6659,628608
10059231,8211,1495,628609
10059247,8157,3618,628610
10059263,8016,9133,628611
10059279,8400,14370,628612
10059295,8226,13366,628613
10059311,8101,8214,628614
10059327,8369,2832,628615
10059343,8069,2549,628616
10059359,8054,7718,628617
10059375,8326,12908,628618
10059391,7969,14875,628619
10059407,8086,9195,628620
10059423,8224,4141,628621
10059439,7822,942,628622
10059455,8176,6165,628623
10059471,8101,11858,628624
10059487,8100,16279,628625
10059503,8186,10739,628626
10059519,7956,5660,628627
10059535,8248,353,628628
10059551,8320,5078,628629
10059567,8052,10312,628630
10059583,8255,15412,628631
10059599,8098,11813,628632
10059615,7896,6682,628633
10059631,8195,1498,628634
10059647,7990,3611,628635
10059663,7998,9172,628636
10059679,8153,14413,628637
10059695,8069,13359,628638
10059711,8117,8191,628639
10059727,8253,2872,628640
10059743,8065,2543,628641
10059759,8135,7686,628642
10059775,8221,12837,628643
10059791,8083,14884,628644
10059807,8055,9201,628645
10059823,8132,4084,628646
10059839,8062,986,628647
10059855,8113,6186,628648
10059871,8129,11853,628649
10059887,8093,16287,628650
10059903,8083,10740,628651
10059919,7996,5602,628652
10059935,8106,357,628653
10059951,8158,5122,628654
10059967,8259,10315,628655
10059983,8301,15433,628656
10059999,8196,11863,628657
10060015,8209,6684,628658
10060031,8206,1526,628659
10060047,8091,3571,628660
10060063,8248,9115,628661
10060079,8053,14400,628662
10060095,8118,13389,628663
10060111,8175,8257,628664
10060127,7982,2822,628665
10060143,8052,2526,628666
10060159,8165,7717,628667
10060175,7984,12834,628668
10060191,8190,14896,628669
10060207,7986,9249,628670
10060223,8100,4099,628671
10060239,8365,1013,628672
10060255,7984,6109,628673
10060271,8127,11871,628674
10060287,8189,16327,628675
10060303,7950,10803,628676
10060319,8145,5690,628677
10060335,8093,314,628678
10060351,7918,5119,628679
10060367,8443,10322,628680
10060383,8082,15402,628681
10060399,7995,11840,628682
10060415,8274,6698,628683
10060431,8028,1496,628684
10060447,8058,3579,628685
10060463,8357,9105,628686
10060479,7984,14462,628687
10060495,8138,13402,628688
10060511,8163,8190,628689
10060527,7863,2808,628690
10060543,8228,2458,628691
10060559,8105,7731,628692
10060575,7930,12836,628693
10060591,8313,14938,628694
10060607,8141,9264,628695
10060623,8124,4097,628696
10060639,8308,1049,628697
10060655,8169,6156,628698
10060671,8104,11807,628699
10060687,8280,16382,628700
10060703,8068,10812,628701
10060719,8311,5677,628702
10060735,8028,364,628703
10060751,8008,5089,628704
10060767,8282,10262,628705
10060783,8087,15386,628706
10060799,8205,11833,628707
10060815,8085,6658,628708
10060831,8003,1475,628709
10060847,8225,3616,628710
10060863,8179,9109,628711
10060879,8071,14390,628712
10060895,8324,13387,628713
10060911,8132,8260,628714
10060927,8055,2786,628715
10060943,8154,2530,628716
10060959,8072,7719,628717
10060975,8142,12805,628718
10060991,8186,14887,628719
10061007,8064,9199,628720
10061023,8135,4142,628721
10061039,8092,1024,628722
10061055,8130,6147,628723
10061071,8150,11850,628724
10061087,8148,16316,628725
10061103,8243,10796,628726
10061119,8078,5610,628727
10061135,8203,412,628728
10061151,8319,5204,628729
10061167,8054,10262,628730
10061183,8107,15437,628731
10061199,8253,11865,628732
10061215,7949,6633,628733
10061231,8194,1523,628734
10061247,8110,3612,628735
10061263,8026,9135,628736
10061279,8278,14436,628737
10061295,8120,13341,628738
10061311,7939,8202,628739
10061327,8152,2813,628740
10061343,8204,2607,628741
10061359,8150,7724,628742
10061375,8321,12869,628743
10061391,8090,14920,628744
10061407,8079,9248,628745
10061423,8109,4043,628746
10061439,8070,987,628747
10061455,8059,6106,628748
10061471,8062,11845,628749
10061487,7930,16284,628750
10061503,8322,10756,628751
10061519,8091,5627,628752
10061535,8124,368,628753
10061551,8444,5155,628754
10061567,8150,10277,628755
10061583,8142,15445,628756
10061599,8202,11861,628757
10061615,7950,6641,628758
10061631,8149,1486,628759
10061647,7913,3533,628760
10061663,7964,9147,628761
10061679,8266,14440,628762
10061695,8023,13359,628763
10061711,7858,8163,628764
10061727,8158,2807,628765
10061743,7973,2528,628766
10061759,8225,7704,628767
10061775,8269,12858,628768
10061791,8044,14874,628769
10061807,8206,9274,628770
10061823,8184,4128,628771
10061839,7998,964,628772
10061855,8181,6146,628773
10061871,8110,11860,628774
10061887,8104,16249,628775
10061903,8142,10723,628776
10061919,8126,5636,628777
10061935,8127,330,628778
10061951,8097,5103,628779
10061967,8066,10288,628780
10061983,8332,15446,628781
10061999,8127,11852,628782
10062015,8133,6686,628783
10062031,8217,1592,628784
10062047,8069,3546,628785
10062063,8191,9146,628786
10062079,8137,14400,628787
10062095,7954,13355,628788
10062111,7999,8201,628789
10062127,7947,2786,628790
10062143,7926,2526,628791
10062159,8120,7718,628792
10062175,7914,12849,628793
10062191,8220,14853,628794
10062207,8318,9245,628795
10062223,8229,4083,628796
10062239,8314,1015,628797
10062255,8060,6179,628798
10062271,8086,11813,628799
10062287,8365,16310,628800
10062303,8032,10796,628801
10062319,8160,5714,628802
10062335,8085,314,628803
10062351,7969,5091,628804
10062367,8133,10249,628805
10062383,8002,15365,628806
10062399,7941,11823,628807
10062415,8365,6702,628808
10062431,8185,1539,628809
10062447,8183,3594,628810
10062463,8430,9066,628811
10062479,7991,14440,628812
10062495,8224,13377,628813
10062511,8307,8237,628814
10062527,7790,2832,628815
10062543,8098,2500,628816
10062559,8226,7727,628817
10062575,7785,12803,628818
10062591,8114,14846,628819
10062607,8214,9276,628820
10062623,7927,4067,628821
10062639,8357,1073,628822
10062655,8270,6198,628823
10062671,8291,11859,628824
10062687,8209,16264,628825
10062703,8174,10815,628826
10062719,8352,5702,628827
10062735,8174,401,628828
10062751,8179,5156,628829
10062767,8260,10298,628830
10062783,8040,15462,628831
10062799,7954,11779,628832
10062815,8076,6705,628833
10062831,8019,1516,628834
10062847,8122,3568,628835
10062863,8248,9115,628836
10062879,8124,14393,628837
10062895,8425,13374,628838
10062911,8352,8235,628839
10062927,8222,2830,628840
10062943,8363,2595,628841
