Tiempo_us,ADC_IN_A2,ADC_OUT_A3,Muestra
14231279,8153,12110,889362
14231295,8059,14610,889363
14231311,8145,994,889364
14231327,8070,3623,889365
14231343,8266,6181,889366
14231359,8056,8732,889367
14231375,7966,11562,889368
14231391,8215,14120,889369
14231407,7835,298,889370
14231423,8147,2841,889371
14231439,8264,5664,889372
14231455,7968,8211,889373
14231471,8241,10786,889374
14231487,8209,13307,889375
14231503,7896,16031,889376
14231519,8203,2286,889377
14231535,8090,4822,889378
14231551,7925,7431,889379
14231567,8436,10140,889380
14231583,8075,12897,889381
14231599,7938,15431,889382
14231615,8370,1524,889383
14231631,7898,4074,889384
14231647,8048,6946,889385
14231663,8251,9527,889386
14231679,7826,12056,889387
14231695,8230,14638,889388
14231711,8235,1006,889389
14231727,7966,3578,889390
14231743,8198,6147,889391
14231759,8173,8712,889392
14231775,8073,11581,889393
14231791,8218,14115,889394
14231807,8019,288,889395
14231823,8070,2833,889396
14231839,8192,5722,889397
14231855,7900,8184,889398
14231871,8055,10785,889399
14231887,7898,13288,889400
14231903,7943,15994,889401
14231919,8112,2248,889402
14231935,8104,4870,889403
14231951,8146,7465,889404
14231967,8319,10106,889405
14231983,8026,12847,889406
14231999,8314,15495,889407
14232015,8058,1443,889408
14232031,8133,4120,889409
14232047,8187,6964,889410
14232063,8095,9487,889411
14232079,7998,12040,889412
14232095,8114,14664,889413
14232111,7987,1071,889414
14232127,8025,3570,889415
14232143,8203,6227,889416
14232159,8168,8774,889417
14232175,8204,11523,889418
14232191,8284,14100,889419
14232207,8127,304,889420
14232223,8225,2800,889421
14232239,8139,5664,889422
14232255,8269,8267,889423
14232271,8211,10846,889424
14232287,7932,13427,889425
14232303,8301,16102,889426
14232319,7976,2239,889427
14232335,7946,4876,889428
14232351,8241,7500,889429
14232367,8053,10106,889430
14232383,8174,12890,889431
14232399,8304,15450,889432
14232415,7907,1486,889433
14232431,8219,4151,889434
14232447,8278,6970,889435
14232463,8054,9508,889436
14232479,8147,12068,889437
14232495,8142,14657,889438
14232511,7827,1007,889439
14232527,8182,3546,889440
14232543,8031,6191,889441
14232559,8083,8768,889442
14232575,8186,11551,889443
14232591,7998,14119,889444
14232607,8108,275,889445
14232623,8232,2830,889446
14232639,8047,5658,889447
14232655,8175,8220,889448
14232671,8274,10729,889449
14232687,8193,13398,889450
14232703,8240,16059,889451
14232719,8150,2325,889452
14232735,8140,4889,889453
14232751,8212,7511,889454
14232767,7868,10059,889455
14232783,8074,12850,889456
14232799,8178,15425,889457
14232815,7945,1466,889458
14232831,8100,4065,889459
14232847,8084,6945,889460
14232863,8069,9490,889461
14232879,8356,12052,889462
14232895,8093,14573,889463
14232911,8116,1009,889464
14232927,8248,3552,889465
14232943,8172,6150,889466
14232959,8091,8725,889467
14232975,8057,11551,889468
14232991,7943,14169,889469
14233007,8064,360,889470
14233023,8150,2833,889471
14233039,8157,5630,889472
14233055,8082,8224,889473
14233071,8094,10711,889474
14233087,8267,13382,889475
14233103,8286,15992,889476
14233119,8126,2278,889477
14233135,8255,4870,889478
14233151,8155,7456,889479
14233167,8037,10051,889480
14233183,8069,12839,889481
14233199,8048,15444,889482
14233215,8065,1493,889483
14233231,8196,4135,889484
14233247,7948,6938,889485
14233263,8144,9513,889486
14233279,8040,12076,889487
14233295,7982,14628,889488
14233311,8316,1061,889489
14233327,8188,3616,889490
14233343,8137,6147,889491
14233359,8227,8733,889492
14233375,7912,11522,889493
14233391,8201,14128,889494
14233407,7960,341,889495
14233423,7992,2732,889496
14233439,8115,5627,889497
14233455,7959,8215,889498
14233471,8032,10828,889499
14233487,8262,13407,889500
14233503,7973,16047,889501
14233519,8134,2250,889502
14233535,8442,4897,889503
14233551,8017,7419,889504
14233567,8277,10084,889505
14233583,8046,12849,889506
14233599,7907,15416,889507
14233615,8138,1517,889508
14233631,7860,4117,889509
14233647,8002,6905,889510
14233663,8128,9460,889511
14233679,7829,12063,889512
14233695,8070,14662,889513
14233711,8305,1061,889514
14233727,7949,3622,889515
14233743,8421,6225,889516
14233759,8308,8776,889517
14233775,8108,11628,889518
14233791,8222,14092,889519
14233807,8221,360,889520
14233823,8154,2800,889521
14233839,8140,5622,889522
14233855,8013,8168,889523
14233871,8167,10758,889524
14233887,8107,13394,889525
14233903,8001,16106,889526
14233919,8150,2236,889527
14233935,8161,4878,889528
14233951,8125,7468,889529
14233967,8264,10143,889530
14233983,8096,12842,889531
14233999,8163,15481,889532
14234015,8192,1530,889533
14234031,8118,4078,889534
14234047,8190,6969,889535
14234063,8121,9480,889536
14234079,8045,12116,889537
14234095,8000,14625,889538
14234111,8086,1056,889539
14234127,8063,3592,889540
14234143,8092,6190,889541
14234159,8001,8678,889542
14234175,8088,11572,889543
14234191,8190,14135,889544
14234207,7982,391,889545
14234223,8176,2874,889546
14234239,8181,5625,889547
14234255,8277,8188,889548
14234271,8040,10777,889549
14234287,8117,13394,889550
14234303,8066,16082,889551
14234319,8032,2272,889552
14234335,7998,4873,889553
14234351,8166,7406,889554
14234367,8097,10122,889555
14234383,8083,12869,889556
14234399,8282,15409,889557
14234415,8096,1510,889558
14234431,8369,4100,889559
14234447,8381,6915,889560
14234463,8061,9491,889561
14234479,8196,12147,889562
14234495,8128,14636,889563
14234511,8023,1024,889564
14234527,8178,3557,889565
14234543,8106,6209,889566
14234559,7880,8730,889567
14234575,8103,11538,889568
14234591,8050,14148,889569
14234607,7959,345,889570
14234623,8360,2812,889571
14234639,8041,5613,889572
14234655,8232,8271,889573
14234671,8152,10741,889574
14234687,8099,13337,889575
14234703,8250,16025,889576
14234719,7990,2288,889577
14234735,8018,4913,889578
14234751,8260,7487,889579
14234767,7911,10078,889580
14234783,8139,12915,889581
14234799,8162,15392,889582
14234815,7987,1535,889583
14234831,8132,4042,889584
14234847,8142,6892,889585
14234863,7979,9463,889586
14234879,8202,12055,889587
14234895,8225,14674,889588
14234911,7976,1059,889589
14234927,8268,3587,889590
14234943,8100,6170,889591
14234959,7956,8686,889592
14234975,8269,11604,889593
14234991,8008,14204,889594
14235007,7881,278,889595
14235023,8090,2772,889596
14235039,7953,5627,889597
14235055,8133,8203,889598
14235071,8138,10801,889599
14235087,7991,13336,889600
14235103,8281,16092,889601
14235119,8142,2281,889602
14235135,8067,4856,889603
14235151,8199,7410,889604
14235167,8049,10080,889605
14235183,8173,12896,889606
14235199,8075,15438,889607
14235215,8098,1584,889608
14235231,8244,4029,889609
14235247,8066,6911,889610
14235263,8041,9491,889611
14235279,7984,12044,889612
14235295,8057,14671,889613
14235311,8205,993,889614
14235327,8277,3616,889615
14235343,8105,6179,889616
14235359,8261,8704,889617
14235375,8129,11542,889618
14235391,8210,14169,889619
14235407,8149,292,889620
14235423,8029,2862,889621
14235439,8021,5640,889622
14235455,8042,8196,889623
14235471,8087,10823,889624
14235487,8252,13343,889625
14235503,7995,15990,889626
14235519,8228,2270,889627
14235535,8188,4840,889628
14235551,7964,7442,889629
14235567,8281,10023,889630
14235583,8297,12881,889631
14235599,8076,15404,889632
14235615,8188,1514,889633
14235631,8065,4093,889634
14235647,7935,6936,889635
14235663,8193,9456,889636
14235679,7891,12032,889637
14235695,7994,14643,889638
14235711,8318,1003,889639
14235727,7997,3610,889640
14235743,8084,6146,889641
14235759,8224,8697,889642
14235775,7960,11578,889643
14235791,8370,14143,889644
14235807,8158,384,889645
14235823,7976,2761,889646
14235839,8201,5619,889647
14235855,8029,8181,889648
14235871,8067,10789,889649
14235887,8240,13406,889650
14235903,7924,16027,889651
14235919,8180,2307,889652
14235935,8135,4854,889653
14235951,7900,7444,889654
14235967,8243,10109,889655
14235983,8055,12821,889656
14235999,8178,15498,889657
14236015,8302,1489,889658
14236031,8011,4095,889659
14236047,7987,6900,889660
14236063,8386,9516,889661
14236079,8030,12143,889662
14236095,8057,14647,889663
14236111,8210,1058,889664
14236127,7915,3562,889665
14236143,8162,6178,889666
14236159,8106,8727,889667
14236175,7975,11559,889668
14236191,8152,14100,889669
14236207,8106,343,889670
14236223,8078,2809,889671
14236239,8237,5625,889672
14236255,8140,8233,889673
14236271,8166,10789,889674
14236287,8184,13390,889675
14236303,8073,15995,889676
14236319,8130,2315,889677
14236335,7969,4882,889678
14236351,8135,7451,889679
14236367,8131,10095,889680
14236383,8058,12850,889681
14236399,8168,15482,889682
14236415,8067,1510,889683
14236431,8215,4096,889684
14236447,8347,6985,889685
14236463,8153,9493,889686
14236479,8318,12107,889687
14236495,8251,14685,889688
14236511,7857,985,889689
14236527,8233,3578,889690
14236543,8163,6223,889691
14236559,8022,8728,889692
14236575,8234,11548,889693
14236591,8025,14081,889694
14236607,7894,307,889695
14236623,8265,2843,889696
14236639,8048,5611,889697
14236655,8146,8184,889698
14236671,8306,10809,889699
14236687,8033,13400,889700
14236703,8190,16030,889701
14236719,8174,2330,889702
14236735,8070,4830,889703
14236751,8137,7404,889704
14236767,7979,10090,889705
14236783,7965,12844,889706
14236799,8119,15450,889707
14236815,7894,1503,889708
14236831,8115,4090,889709
14236847,8210,6906,889710
14236863,7980,9493,889711
14236879,8341,12097,889712
14236895,8293,14674,889713
14236911,7954,1005,889714
14236927,8262,3545,889715
14236943,8129,6172,889716
14236959,7979,8747,889717
14236975,8173,11563,889718
14236991,8081,14135,889719
14237007,7925,245,889720
14237023,8232,2824,889721
14237039,7896,5622,889722
14237055,8207,8219,889723
14237071,8205,10812,889724
14237087,7995,13376,889725
14237103,8256,16030,889726
14237119,8241,2329,889727
14237135,8174,4894,889728
14237151,8178,7430,889729
14237167,8201,10108,889730
14237183,8004,12839,889731
14237199,8153,15431,889732
14237215,8077,1531,889733
14237231,8174,4072,889734
14237247,8009,6892,889735
14237263,7868,9462,889736
14237279,8302,12082,889737
14237295,8040,14617,889738
14237311,7960,1007,889739
14237327,8224,3546,889740
14237343,8104,6170,889741
14237359,8280,8761,889742
14237375,8268,11540,889743
14237391,8070,14116,889744
14237407,8137,311,889745
14237423,8030,2791,889746
14237439,8007,5667,889747
14237455,8257,8269,889748
14237471,8219,10828,889749
14237487,8045,13373,889750
14237503,8120,16109,889751
14237519,8095,2276,889752
14237535,8105,4775,889753
14237551,8234,7458,889754
14237567,8323,10121,889755
14237583,8119,12822,889756
14237599,8175,15474,889757
14237615,8254,1388,889758
14237631,8136,4094,889759
14237647,8101,6960,889760
14237663,8058,9527,889761
14237679,8000,12115,889762
14237695,7868,14653,889763
14237711,8191,1004,889764
14237727,8006,3556,889765
14237743,8003,6155,889766
14237759,8263,8704,889767
14237775,8035,11523,889768
14237791,8199,14072,889769
14237807,8248,377,889770
14237823,7976,2793,889771
14237839,8261,5686,889772
14237855,8160,8229,889773
14237871,8017,10780,889774
14237887,8116,13346,889775
14237903,7937,16029,889776
14237919,8070,2354,889777
14237935,8173,4863,889778
14237951,7973,7466,889779
14237967,8193,10091,889780
14237983,8375,12934,889781
14237999,7939,15418,889782
14238015,8260,1495,889783
14238031,8127,4080,889784
14238047,7922,6927,889785
14238063,8247,9500,889786
14238079,7956,12053,889787
14238095,8107,14641,889788
14238111,8181,1028,889789
14238127,7898,3590,889790
14238143,7958,6126,889791
14238159,8110,8673,889792
14238175,7969,11587,889793
14238191,8184,14187,889794
14238207,8058,396,889795
14238223,8025,2839,889796
14238239,8296,5683,889797
14238255,8189,8268,889798
14238271,7961,10742,889799
14238287,8351,13367,889800
14238303,8131,16048,889801
14238319,8064,2288,889802
14238335,8144,4872,889803
14238351,7899,7435,889804
14238367,8147,10072,889805
14238383,8110,12846,889806
14238399,7945,15407,889807
14238415,8214,1534,889808
14238431,7946,4071,889809
14238447,8141,6888,889810
14238463,8138,9471,889811
14238479,8099,12109,889812
14238495,8296,14663,889813
14238511,8184,976,889814
14238527,8098,3652,889815
14238543,8186,6134,889816
14238559,8080,8776,889817
14238575,8029,11568,889818
14238591,8180,14182,889819
14238607,7999,334,889820
14238623,8138,2834,889821
14238639,8076,5578,889822
14238655,8148,8207,889823
14238671,8341,10812,889824
14238687,8349,13423,889825
14238703,8195,16046,889826
14238719,8145,2237,889827
14238735,8103,4866,889828
14238751,8147,7425,889829
14238767,8150,10094,889830
14238783,8058,12847,889831
14238799,8179,15495,889832
14238815,8006,1468,889833
14238831,8191,4128,889834
14238847,8259,6955,889835
14238863,7990,9484,889836
14238879,8191,12111,889837
14238895,8238,14673,889838
14238911,8097,1060,889839
14238927,8294,3560,889840
14238943,8121,6143,889841
14238959,8017,8729,889842
14238975,8287,11619,889843
14238991,8101,14138,889844
14239007,7847,271,889845
14239023,8204,2820,889846
14239039,8023,5673,889847
14239055,8004,8204,889848
14239071,8243,10741,889849
14239087,7963,13370,889850
14239103,8251,16053,889851
14239119,8275,2333,889852
14239135,8132,4882,889853
14239151,8279,7443,889854
14239167,8121,10070,889855
14239183,8189,12895,889856
14239199,8202,15462,889857
14239215,8076,1567,889858
14239231,8165,4102,889859
14239247,8205,6968,889860
14239263,7799,9474,889861
14239279,8249,12134,889862
14239295,8252,14648,889863
14239311,8121,975,889864
14239327,8265,3534,889865
14239343,8079,6140,889866
14239359,8029,8689,889867
14239375,8289,11535,889868
14239391,8135,14160,889869
14239407,7963,306,889870
14239423,8363,2874,889871
14239439,8071,5700,889872
14239455,8148,8245,889873
14239471,8121,10782,889874
14239487,7952,13382,889875
14239503,8149,16076,889876
14239519,8002,2269,889877
14239535,8032,4896,889878
14239551,8111,7430,889879
14239567,8090,10056,889880
14239583,8209,12831,889881
14239599,8215,15493,889882
14239615,8107,1489,889883
14239631,8240,4007,889884
14239647,8107,6956,889885
14239663,8094,9488,889886
14239679,8104,12064,889887
14239695,7940,14705,889888
14239711,8122,1077,889889
14239727,8226,3609,889890
14239743,7907,6155,889891
14239759,8229,8735,889892
14239775,8200,11573,889893
14239791,8228,14130,889894
14239807,8187,325,889895
14239823,8012,2780,889896
14239839,8302,5677,889897
14239855,8224,8191,889898
14239871,7995,10720,889899
14239887,8034,13341,889900
14239903,8147,16014,889901
14239919,7967,2238,889902
14239935,8191,4902,889903
14239951,7913,7429,889904
14239967,8140,10073,889905
14239983,8113,12795,889906
14239999,8018,15414,889907
14240015,8280,1531,889908
14240031,8236,4101,889909
14240047,8041,6928,889910
14240063,8278,9486,889911
14240079,8189,12164,889912
14240095,7954,14584,889913
14240111,8303,1124,889914
14240127,8062,3619,889915
14240143,8084,6216,889916
14240159,8370,8697,889917
14240175,7966,11592,889918
14240191,8085,14079,889919
14240207,8272,343,889920
14240223,7992,2787,889921
14240239,8230,5750,889922
14240255,8213,8190,889923
14240271,7986,10791,889924
14240287,8337,13370,889925
14240303,8009,16049,889926
14240319,7899,2270,889927
14240335,8062,4844,889928
14240351,7960,7438,889929
14240367,8145,10117,889930
14240383,8070,12836,889931
14240399,8056,15446,889932
14240415,8115,1529,889933
14240431,8156,4084,889934
14240447,8239,6952,889935
14240463,8282,9469,889936
14240479,8119,12072,889937
14240495,8273,14637,889938
14240511,8297,1056,889939
14240527,8006,3560,889940
14240543,8034,6141,889941
14240559,8154,8752,889942
14240575,7918,11543,889943
14240591,8220,14171,889944
14240607,8071,352,889945
14240623,8083,2868,889946
14240639,8098,5598,889947
14240655,8027,8221,889948
14240671,8151,10738,889949
14240687,8363,13298,889950
14240703,8125,15976,889951
14240719,8213,2224,889952
14240735,8253,4866,889953
14240751,8126,7465,889954
14240767,8154,10038,889955
14240783,8216,12952,889956
14240799,8182,15421,889957
14240815,8217,1535,889958
14240831,8072,4123,889959
14240847,8102,6957,889960
14240863,8017,9476,889961
14240879,8176,12061,889962
14240895,8192,14592,889963
14240911,8076,1022,889964
14240927,8290,3553,889965
14240943,8250,6171,889966
14240959,8068,8771,889967
14240975,8261,11606,889968
14240991,8183,14141,889969
14241007,7956,348,889970
14241023,8150,2775,889971
14241039,8075,5668,889972
14241055,8010,8221,889973
14241071,8168,10776,889974
14241087,8064,13419,889975
14241103,8063,16061,889976
14241119,8315,2267,889977
14241135,8066,4872,889978
14241151,8122,7452,889979
14241167,8100,10066,889980
14241183,8030,12804,889981
14241199,8264,15469,889982
14241215,8071,1539,889983
14241231,8016,4070,889984
14241247,8222,6917,889985
14241263,7953,9538,889986
14241279,8173,12126,889987
14241295,8190,14582,889988
14241311,8243,992,889989
14241327,8304,3559,889990
14241343,8308,6207,889991
14241359,8001,8742,889992
14241375,8404,11632,889993
14241391,8041,14090,889994
14241407,7952,271,889995
14241423,8297,2753,889996
14241439,8068,5661,889997
14241455,8086,8189,889998
14241471,8421,10827,889999
14241487,7942,13338,890000
14241503,8071,16030,890001
14241519,8289,2313,890002
14241535,8075,4868,890003
14241551,8273,7470,890004
14241567,8273,10064,890005
14241583,8020,12832,890006
14241599,8373,15498,890007
14241615,8112,1585,890008
14241631,8113,4072,890009
14241647,8092,6892,890010
14241663,8020,9438,890011
14241679,8113,12065,890012
14241695,8095,14622,890013
14241711,7933,1008,890014
14241727,8051,3544,890015
14241743,7982,6122,890016
14241759,8136,8761,890017
14241775,8244,11624,890018
14241791,8156,14137,890019
14241807,8120,362,890020
14241823,8155,2786,890021
14241839,8156,5659,890022
14241855,8290,8264,890023
14241871,8213,10801,890024
14241887,8020,13369,890025
14241903,8126,16072,890026
14241919,8036,2241,890027
14241935,8053,4833,890028
14241951,8070,7495,890029
14241967,8046,10071,890030
14241983,8116,12872,890031
14241999,8076,15439,890032
14242015,8188,1451,890033
14242031,8245,4094,890034
14242047,8093,6913,890035
14242063,8317,9503,890036
14242079,8186,12131,890037
14242095,8048,14709,890038
14242111,8186,1077,890039
14242127,7978,3578,890040
14242143,7950,6136,890041
14242159,8317,8752,890042
14242175,7846,11600,890043
14242191,8206,14136,890044
14242207,8280,314,890045
14242223,7963,2834,890046
14242239,8232,5619,890047
14242255,8246,8187,890048
14242271,7941,10794,890049
14242287,8275,13435,890050
14242303,8230,16118,890051
14242319,8061,2318,890052
14242335,8347,4903,890053
14242351,7985,7407,890054
14242367,8000,10064,890055
14242383,8068,12856,890056
14242399,7988,15473,890057
14242415,8088,1529,890058
14242431,8224,4145,890059
14242447,7956,6951,890060
14242463,8256,9532,890061
14242479,8189,12089,890062
14242495,8144,14655,890063
14242511,8378,1088,890064
14242527,8043,3566,890065
14242543,7980,6144,890066
14242559,8252,8801,890067
14242575,8088,11615,890068
14242591,8118,14114,890069
14242607,8102,417,890070
14242623,7795,2801,890071
14242639,8136,5704,890072
14242655,8198,8227,890073
14242671,7956,10787,890074
14242687,8320,13369,890075
14242703,8137,16067,890076
14242719,8214,2262,890077
14242735,8352,4860,890078
14242751,8230,7455,890079
14242767,8070,10130,890080
14242783,8142,12854,890081
14242799,8202,15480,890082
14242815,8165,1582,890083
14242831,8052,4094,890084
14242847,8109,6944,890085
14242863,8078,9524,890086
14242879,8043,12040,890087
14242895,8118,14688,890088
14242911,8303,1061,890089
14242927,8044,3580,890090
14242943,8181,6150,890091
14242959,8172,8699,890092
14242975,8218,11635,890093
14242991,8111,14070,890094
14243007,8024,347,890095
14243023,8149,2817,890096
14243039,8064,5658,890097
14243055,8073,8189,890098
14243071,8148,10812,890099
14243087,7968,13311,890100
14243103,8069,16084,890101
14243119,8310,2283,890102
14243135,8040,4857,890103
14243151,8035,7418,890104
14243167,8229,10088,890105
14243183,8216,12924,890106
14243199,8219,15421,890107
14243215,8114,1527,890108
14243231,7996,4085,890109
14243247,8190,6897,890110
14243263,7920,9464,890111
14243279,8115,12120,890112
14243295,8251,14648,890113
14243311,7965,979,890114
14243327,8091,3563,890115
14243343,8322,6192,890116
14243359,8095,8762,890117
14243375,8251,11522,890118
14243391,8157,14179,890119
14243407,7855,292,890120
14243423,8414,2857,890121
14243439,8107,5676,890122
14243455,8024,8255,890123
14243471,8229,10793,890124
14243487,8023,13386,890125
14243503,7965,16081,890126
14243519,8365,2288,890127
14243535,8040,4871,890128
14243551,8094,7434,890129
14243567,8352,10146,890130
14243583,8019,12798,890131
14243599,8329,15478,890132
14243615,8228,1510,890133
14243631,8121,4026,890134
14243647,8350,6981,890135
14243663,8025,9497,890136
14243679,8072,12022,890137
14243695,8166,14642,890138
14243711,7979,1018,890139
14243727,8274,3626,890140
14243743,8196,6198,890141
14243759,7941,8699,890142
14243775,8265,11568,890143
14243791,8145,14147,890144
14243807,7882,350,890145
14243823,8160,2777,890146
14243839,8097,5658,890147
14243855,8147,8178,890148
14243871,8266,10754,890149
14243887,8010,13378,890150
14243903,8184,16074,890151
14243919,8108,2292,890152
14243935,8002,4855,890153
14243951,8080,7437,890154
14243967,8087,10046,890155
14243983,7963,12799,890156
14243999,8112,15440,890157
14244015,8036,1508,890158
14244031,8236,4136,890159
14244047,8309,6996,890160
14244063,8276,9514,890161
14244079,8342,12056,890162
14244095,8207,14696,890163
14244111,8202,995,890164
14244127,8120,3581,890165
14244143,8068,6174,890166
14244159,8274,8768,890167
14244175,8037,11540,890168
14244191,8064,14135,890169
14244207,8226,336,890170
14244223,7914,2800,890171
14244239,8047,5614,890172
14244255,8306,8244,890173
14244271,8043,10755,890174
14244287,8302,13364,890175
14244303,8282,16094,890176
14244319,8036,2343,890177
14244335,8172,4857,890178
14244351,8191,7477,890179
14244367,7959,10011,890180
14244383,8311,12794,890181
14244399,8001,15410,890182
14244415,8048,1484,890183
14244431,8190,4102,890184
14244447,8074,6942,890185
14244463,8285,9553,890186
14244479,8198,12044,890187
14244495,8077,14624,890188
14244511,8351,1046,890189
14244527,8087,3610,890190
14244543,8080,6139,890191
14244559,8353,8779,890192
14244575,8113,11580,890193
14244591,8112,14142,890194
14244607,8077,320,890195
14244623,7980,2796,890196
14244639,8123,5606,890197
14244655,8163,8218,890198
14244671,8030,10815,890199
14244687,8195,13337,890200
14244703,8261,16120,890201
14244719,8073,2308,890202
14244735,8380,4862,890203
14244751,8074,7466,890204
14244767,8058,10022,890205
14244783,8291,12900,890206
14244799,8067,15456,890207
14244815,8049,1513,890208
14244831,8222,4121,890209
14244847,8061,6916,890210
14244863,8027,9508,890211
14244879,8018,12087,890212
14244895,8118,14708,890213
14244911,8103,1005,890214
14244927,7975,3573,890215
14244943,8246,6204,890216
14244959,8205,8698,890217
14244975,8188,11541,890218
14244991,8274,14113,890219
14245007,8189,344,890220
14245023,8137,2847,890221
14245039,8135,5620,890222
14245055,8098,8272,890223
14245071,8137,10801,890224
14245087,8170,13372,890225
14245103,7994,16026,890226
14245119,8229,2277,890227
14245135,8077,4814,890228
14245151,7996,7426,890229
14245167,8328,10104,890230
14245183,8303,12915,890231
14245199,8166,15396,890232
14245215,8244,1533,890233
14245231,8144,4083,890234
14245247,8224,6954,890235
14245263,8169,9501,890236
14245279,7957,12113,890237
14245295,8080,14701,890238
14245311,7951,993,890239
14245327,8036,3589,890240
14245343,8060,6141,890241
14245359,8091,8758,890242
14245375,8223,11611,890243
14245391,8386,14118,890244
14245407,8051,378,890245
14245423,8367,2840,890246
14245439,8171,5679,890247
14245455,7890,8181,890248
14245471,8269,10798,890249
14245487,7950,13310,890250
14245503,8034,16086,890251
14245519,8384,2311,890252
14245535,7920,4850,890253
14245551,8124,7493,890254
14245567,8306,10079,890255
14245583,8012,12925,890256
14245599,8237,15447,890257
14245615,8247,1546,890258
14245631,8054,4043,890259
14245647,8223,6937,890260
14245663,8189,9450,890261
14245679,8027,12012,890262
14245695,8170,14708,890263
14245711,7962,1007,890264
14245727,8150,3596,890265
14245743,8248,6116,890266
14245759,8044,8819,890267
14245775,8226,11615,890268
14245791,8262,14110,890269
14245807,8036,294,890270
14245823,8226,2801,890271
14245839,8071,5627,890272
14245855,8083,8222,890273
14245871,8322,10818,890274
14245887,8017,13426,890275
14245903,8188,16094,890276
14245919,8263,2296,890277
14245935,7973,4922,890278
14245951,8150,7392,890279
14245967,8043,10087,890280
14245983,7834,12837,890281
14245999,8145,15421,890282
14246015,8147,1517,890283
14246031,8039,4132,890284
14246047,8128,6915,890285
14246063,8063,9452,890286
14246079,8151,12046,890287
14246095,8250,14679,890288
14246111,8169,1067,890289
14246127,8116,3565,890290
14246143,7936,6134,890291
14246159,8104,8742,890292
14246175,8085,11592,890293
14246191,7956,14085,890294
14246207,8011,331,890295
14246223,7954,2780,890296
14246239,8198,5714,890297
14246255,8167,8176,890298
14246271,8125,10787,890299
14246287,8260,13340,890300
14246303,8202,16015,890301
14246319,8241,2328,890302
14246335,8383,4921,890303
14246351,8250,7483,890304
14246367,8098,10085,890305
14246383,8060,12845,890306
14246399,8020,15425,890307
14246415,8014,1527,890308
14246431,8145,4102,890309
14246447,7961,6949,890310
14246463,8080,9504,890311
14246479,8250,12116,890312
14246495,8135,14655,890313
14246511,8274,1049,890314
14246527,8152,3580,890315
14246543,8040,6175,890316
14246559,8316,8742,890317
14246575,8078,11542,890318
14246591,8077,14210,890319
14246607,8203,351,890320
14246623,7915,2838,890321
14246639,8135,5661,890322
14246655,8122,8202,890323
14246671,7956,10811,890324
14246687,8175,13363,890325
14246703,8226,16008,890326
14246719,8103,2340,890327
14246735,8234,4886,890328
14246751,8183,7410,890329
14246767,8018,10047,890330
14246783,8190,12845,890331
14246799,8030,15338,890332
14246815,8110,1575,890333
14246831,8186,4098,890334
14246847,8056,6945,890335
14246863,8139,9538,890336
14246879,8329,12048,890337
14246895,7837,14624,890338
14246911,8208,978,890339
14246927,8149,3561,890340
14246943,8092,6176,890341
14246959,8331,8745,890342
14246975,8099,11570,890343
14246991,8120,14129,890344
14247007,8237,309,890345
14247023,8134,2869,890346
14247039,8109,5622,890347
14247055,8164,8249,890348
14247071,7929,10786,890349
14247087,8122,13292,890350
14247103,8102,16025,890351
14247119,7932,2271,890352
14247135,8194,4837,890353
14247151,8054,7422,890354
14247167,8120,10074,890355
14247183,8345,12866,890356
14247199,8190,15465,890357
14247215,8205,1492,890358
14247231,8244,4128,890359
14247247,8202,6956,890360
14247263,8150,9458,890361
14247279,8020,12090,890362
14247295,7999,14688,890363
14247311,8126,1012,890364
14247327,7897,3620,890365
14247343,8043,6134,890366
14247359,8076,8757,890367
14247375,8102,11597,890368
14247391,8298,14114,890369
14247407,8100,345,890370
14247423,8316,2834,890371
14247439,8226,5722,890372
14247455,8034,8203,890373
14247471,8300,10790,890374
14247487,8142,13370,890375
14247503,7976,16027,890376
14247519,8114,2291,890377
14247535,8064,4853,890378
14247551,7964,7382,890379
14247567,8190,10088,890380
14247583,7957,12857,890381
14247599,8244,15405,890382
14247615,8400,1529,890383
14247631,8125,4151,890384
14247647,8336,6966,890385
14247663,8140,9525,890386
14247679,8078,12061,890387
14247695,8285,14711,890388
14247711,7882,1004,890389
14247727,8008,3634,890390
14247743,8192,6179,890391
14247759,7833,8738,890392
14247775,8185,11598,890393
14247791,8273,14203,890394
14247807,7993,314,890395
14247823,8226,2773,890396
14247839,8195,5667,890397
14247855,7898,8210,890398
14247871,8364,10825,890399
14247887,7989,13308,890400
14247903,8059,15977,890401
14247919,8341,2354,890402
14247935,7911,4908,890403
14247951,8104,7489,890404
14247967,8204,10062,890405
14247983,7948,12777,890406
14247999,8251,15434,890407
14248015,8221,1519,890408
14248031,8106,4142,890409
14248047,8314,6903,890410
14248063,8055,9511,890411
14248079,8042,12080,890412
14248095,8229,14625,890413
14248111,8236,1021,890414
14248127,8144,3616,890415
14248143,8093,6137,890416
14248159,7933,8767,890417
14248175,8035,11524,890418
14248191,8209,14130,890419
14248207,8235,362,890420
14248223,7958,2790,890421
14248239,7938,5635,890422
14248255,8178,8252,890423
14248271,8274,10774,890424
14248287,8113,13353,890425
14248303,8192,16028,890426
14248319,8307,2331,890427
14248335,8110,4836,890428
14248351,8156,7422,890429
14248367,8049,10069,890430
14248383,8167,12880,890431
14248399,8135,15385,890432
14248415,7993,1501,890433
14248431,8014,4078,890434
14248447,8002,6936,890435
14248463,8000,9514,890436
14248479,8152,12046,890437
14248495,8165,14646,890438
14248511,8175,998,890439
14248527,8305,3619,890440
14248543,8149,6099,890441
14248559,8168,8712,890442
14248575,8147,11536,890443
14248591,8183,14158,890444
14248607,8160,311,890445
14248623,7993,2817,890446
14248639,8070,5669,890447
14248655,8342,8212,890448
14248671,8031,10797,890449
14248687,8218,13316,890450
14248703,8306,16033,890451
14248719,8025,2282,890452
14248735,8178,4886,890453
14248751,8353,7493,890454
14248767,8009,10079,890455
14248783,8326,12869,890456
14248799,8226,15447,890457
14248815,7957,1501,890458
14248831,8288,4127,890459
14248847,8044,6928,890460
14248863,8076,9514,890461
14248879,8195,12083,890462
14248895,7934,14653,890463
14248911,8118,1022,890464
14248927,8286,3563,890465
14248943,7971,6153,890466
14248959,8246,8759,890467
14248975,8149,11574,890468
14248991,8076,14118,890469
14249007,8312,388,890470
14249023,8018,2772,890471
14249039,8115,5724,890472
14249055,8210,8177,890473
14249071,7975,10778,890474
14249087,8194,13310,890475
14249103,8159,16030,890476
14249119,8067,2300,890477
14249135,8200,4822,890478
14249151,8142,7442,890479
14249167,8075,10104,890480
14249183,8198,12799,890481
14249199,8025,15435,890482
14249215,8130,1541,890483
14249231,8316,4131,890484
14249247,8101,6954,890485
14249263,8185,9507,890486
14249279,8233,12097,890487
14249295,7970,14581,890488
14249311,8058,1072,890489
14249327,8071,3625,890490
14249343,8029,6112,890491
14249359,8266,8761,890492
14249375,8055,11535,890493
14249391,8086,14149,890494
14249407,8033,313,890495
14249423,8083,2759,890496
14249439,8370,5639,890497
14249455,8279,8253,890498
14249471,8026,10753,890499
14249487,8293,13413,890500
14249503,8080,16020,890501
14249519,8162,2269,890502
14249535,8256,4894,890503
14249551,8082,7492,890504
14249567,8139,10066,890505
14249583,8172,12865,890506
14249599,8008,15393,890507
14249615,8211,1480,890508
14249631,8132,4071,890509
14249647,8167,6921,890510
14249663,8298,9524,890511
14249679,7984,12017,890512
14249695,8174,14647,890513
14249711,8111,1049,890514
14249727,8062,3621,890515
14249743,8178,6149,890516
14249759,8005,8746,890517
14249775,8127,11599,890518
14249791,8196,14096,890519
14249807,7964,350,890520
14249823,8093,2807,890521
14249839,8168,5667,890522
14249855,8071,8205,890523
14249871,8282,10800,890524
14249887,8049,13367,890525
14249903,7979,16074,890526
14249919,8355,2312,890527
14249935,8021,4845,890528
14249951,8007,7458,890529
14249967,8255,10124,890530
14249983,8072,12867,890531
14249999,8090,15456,890532
14250015,8185,1472,890533
14250031,7966,4055,890534
14250047,8236,6936,890535
14250063,8134,9474,890536
14250079,8113,12126,890537
14250095,8275,14669,890538
14250111,7935,1001,890539
14250127,8017,3590,890540
14250143,8094,6141,890541
14250159,7993,8659,890542
14250175,8070,11563,890543
14250191,8094,14094,890544
14250207,7988,389,890545
14250223,8099,2779,890546
14250239,8052,5635,890547
14250255,8078,8183,890548
14250271,8279,10786,890549
14250287,8113,13407,890550
14250303,8060,16051,890551
14250319,8212,2324,890552
14250335,8087,4871,890553
14250351,8186,7419,890554
14250367,8256,10109,890555
14250383,8148,12834,890556
14250399,8121,15435,890557
14250415,8003,1486,890558
14250431,7971,4121,890559
14250447,8225,6952,890560
14250463,8228,9568,890561
14250479,8069,12128,890562
14250495,8214,14585,890563
14250511,8113,1020,890564
14250527,8029,3546,890565
14250543,8107,6157,890566
14250559,8122,8746,890567
14250575,8236,11619,890568
14250591,8138,14135,890569
14250607,8058,318,890570
14250623,8111,2776,890571
14250639,8097,5669,890572
14250655,8226,8243,890573
14250671,8043,10829,890574
14250687,8131,13360,890575
14250703,8229,16087,890576
14250719,7991,2279,890577
14250735,8124,4802,890578
14250751,8349,7454,890579
14250767,8030,10068,890580
14250783,8227,12880,890581
14250799,8258,15444,890582
14250815,7988,1542,890583
14250831,8240,4072,890584
14250847,8115,6962,890585
14250863,7819,9443,890586
14250879,8024,12122,890587
14250895,8033,14664,890588
14250911,8065,1022,890589
14250927,8151,3556,890590
14250943,8177,6202,890591
14250959,8244,8734,890592
14250975,8330,11599,890593
14250991,8110,14072,890594
14251007,8325,350,890595
14251023,8094,2817,890596
14251039,8108,5673,890597
14251055,8380,8257,890598
14251071,7954,10816,890599
14251087,8132,13399,890600
14251103,8278,16079,890601
14251119,7878,2341,890602
14251135,8264,4896,890603
14251151,8297,7420,890604
14251167,7864,10075,890605
14251183,8332,12826,890606
14251199,8273,15447,890607
14251215,8020,1478,890608
14251231,8331,4078,890609
14251247,8041,6945,890610
14251263,8144,9540,890611
14251279,8308,12122,890612
14251295,7997,14628,890613
14251311,8207,1105,890614
14251327,8233,3630,890615
14251343,7936,6134,890616
14251359,8263,8706,890617
14251375,8094,11608,890618
14251391,8108,14185,890619
14251407,8238,414,890620
14251423,8079,2774,890621
14251439,8236,5655,890622
14251455,8272,8300,890623
14251471,8187,10811,890624
14251487,8255,13343,890625
14251503,8091,16062,890626
14251519,8084,2261,890627
14251535,8121,4834,890628
14251551,8122,7427,890629
14251567,8067,10079,890630
14251583,8191,12858,890631
14251599,8118,15404,890632
14251615,8194,1508,890633
14251631,8029,4105,890634
14251647,8076,6926,890635
14251663,8232,9470,890636
14251679,8240,12098,890637
14251695,8269,14702,890638
14251711,8267,1050,890639
14251727,8181,3618,890640
14251743,8252,6159,890641
14251759,7974,8678,890642
14251775,8004,11595,890643
14251791,8066,14106,890644
14251807,7868,335,890645
14251823,8082,2785,890646
14251839,8264,5662,890647
14251855,8048,8175,890648
14251871,8293,10783,890649
14251887,8307,13312,890650
14251903,8108,16081,890651
14251919,8235,2265,890652
14251935,8077,4848,890653
14251951,8038,7474,890654
14251967,8068,10038,890655
14251983,8096,12881,890656
14251999,7950,15453,890657
14252015,8137,1514,890658
14252031,7886,4056,890659
14252047,8129,6946,890660
14252063,8162,9490,890661
14252079,7905,12017,890662
14252095,8234,14645,890663
14252111,8077,1030,890664
14252127,8057,3623,890665
14252143,8116,6122,890666
14252159,8120,8746,890667
14252175,8078,11601,890668
14252191,8312,14142,890669
14252207,8049,369,890670
14252223,8150,2842,890671
14252239,8110,5669,890672
14252255,7931,8166,890673
14252271,8138,10796,890674
14252287,8194,13340,890675
14252303,8109,16055,890676
14252319,8304,2266,890677
14252335,8006,4879,890678
14252351,8077,7451,890679
14252367,8160,10074,890680
14252383,8027,12900,890681
14252399,8127,15421,890682
14252415,8162,1516,890683
14252431,7799,4051,890684
14252447,8129,6971,890685
14252463,8031,9553,890686
14252479,8030,12099,890687
14252495,8173,14658,890688
14252511,8171,1055,890689
14252527,7909,3556,890690
14252543,8106,6168,890691
14252559,8160,8728,890692
14252575,8142,11540,890693
14252591,8171,14182,890694
14252607,8059,323,890695
14252623,8134,2844,890696
14252639,8138,5686,890697
14252655,7990,8170,890698
14252671,8073,10745,890699
14252687,7933,13388,890700
14252703,8021,16102,890701
14252719,7918,2250,890702
14252735,7949,4887,890703
14252751,8282,7459,890704
14252767,8081,10054,890705
14252783,8321,12927,890706
14252799,8206,15397,890707
14252815,7994,1496,890708
14252831,8247,4134,890709
14252847,8229,6960,890710
14252863,7968,9481,890711
14252879,8293,12116,890712
14252895,8062,14711,890713
14252911,7874,1048,890714
14252927,8242,3593,890715
14252943,7939,6141,890716
14252959,8170,8706,890717
14252975,8167,11558,890718
14252991,8110,14120,890719
14253007,8347,306,890720
14253023,8237,2837,890721
14253039,8227,5679,890722
14253055,8261,8215,890723
14253071,8140,10786,890724
14253087,8064,13311,890725
14253103,8116,15975,890726
14253119,7778,2233,890727
14253135,8160,4869,890728
14253151,8255,7446,890729
14253167,7862,10116,890730
14253183,8258,12848,890731
14253199,8236,15367,890732
14253215,8024,1471,890733
14253231,8444,4107,890734
14253247,8168,6931,890735
14253263,8062,9492,890736
14253279,8369,12047,890737
14253295,8070,14715,890738
14253311,8052,1027,890739
14253327,8306,3582,890740
14253343,7945,6154,890741
14253359,8164,8731,890742
14253375,8188,11583,890743
14253391,8021,14122,890744
14253407,8270,397,890745
14253423,8120,2787,890746
14253439,8250,5699,890747
14253455,8250,8219,890748
14253471,8110,10810,890749
14253487,8265,13399,890750
14253503,8334,16119,890751
14253519,7996,2270,890752
14253535,8146,4854,890753
14253551,8096,7491,890754
14253567,7973,10034,890755
14253583,8224,12868,890756
14253599,8040,15403,890757
14253615,8092,1496,890758
14253631,8113,4085,890759
14253647,8130,6976,890760
14253663,8260,9487,890761
14253679,8209,12008,890762
14253695,8123,14614,890763
14253711,8251,1021,890764
14253727,8195,3535,890765
14253743,8023,6139,890766
14253759,8285,8712,890767
14253775,7998,11565,890768
14253791,8072,14120,890769
14253807,8064,310,890770
14253823,8025,2790,890771
14253839,8180,5685,890772
14253855,8157,8217,890773
14253871,8240,10865,890774
14253887,8287,13372,890775
14253903,8153,16052,890776
14253919,8214,2237,890777
14253935,8271,4897,890778
14253951,8002,7427,890779
14253967,8338,10079,890780
14253983,8198,12885,890781
14253999,7921,15392,890782
14254015,8161,1565,890783
14254031,8031,4082,890784
14254047,8184,6968,890785
14254063,8113,9487,890786
14254079,7975,12052,890787
14254095,8245,14659,890788
14254111,8356,1052,890789
14254127,8064,3576,890790
14254143,8257,6216,890791
14254159,8242,8761,890792
14254175,8091,11524,890793
14254191,8334,14134,890794
14254207,7892,347,890795
14254223,8029,2817,890796
14254239,8110,5570,890797
14254255,7911,8192,890798
14254271,8102,10783,890799
14254287,8113,13359,890800
14254303,7953,16050,890801
14254319,8323,2291,890802
14254335,8115,4836,890803
14254351,8117,7435,890804
14254367,8199,10073,890805
14254383,8010,12825,890806
14254399,8168,15436,890807
14254415,8211,1507,890808
14254431,7892,4086,890809
14254447,8012,6909,890810
14254463,8160,9467,890811
14254479,7942,12083,890812
14254495,8295,14675,890813
14254511,8211,1028,890814
14254527,7918,3540,890815
14254543,8301,6140,890816
14254559,8061,8739,890817
14254575,8139,11586,890818
14254591,8430,14100,890819
14254607,7916,331,890820
14254623,8145,2733,890821
14254639,8272,5668,890822
14254655,8127,8260,890823
14254671,8197,10743,890824
14254687,8072,13345,890825
14254703,8101,15979,890826
14254719,8078,2261,890827
14254735,8095,4896,890828
14254751,8105,7489,890829
14254767,8183,10120,890830
14254783,8075,12875,890831
14254799,8272,15424,890832
14254815,8142,1459,890833
14254831,8174,4087,890834
14254847,8192,6970,890835
14254863,8208,9567,890836
14254879,8220,12077,890837
14254895,8247,14677,890838
14254911,7864,1063,890839
14254927,8079,3572,890840
14254943,8054,6168,890841
14254959,8011,8681,890842
14254975,8168,11550,890843
14254991,8101,14143,890844
14255007,8228,349,890845
14255023,8319,2789,890846
14255039,8266,5632,890847
14255055,8424,8267,890848
14255071,8190,10809,890849
14255087,8225,13448,890850
14255103,8288,15999,890851
14255119,8032,2313,890852
14255135,8170,4876,890853
14255151,8253,7485,890854
14255167,7842,10022,890855
14255183,8291,12901,890856
14255199,8151,15402,890857
14255215,7961,1498,890858
14255231,8390,4145,890859
14255247,8244,6985,890860
14255263,8118,9499,890861
14255279,8544,12136,890862
14255295,8028,14632,890863
14255311,8090,1018,890864
14255327,8325,3637,890865
14255343,8018,6188,890866
14255359,7968,8778,890867
14255375,8366,11620,890868
14255391,8041,14164,890869
14255407,8140,319,890870
14255423,8213,2803,890871
14255439,8138,5641,890872
14255455,8326,8177,890873
14255471,8117,10774,890874
14255487,8149,13338,890875
14255503,8199,16079,890876
14255519,8007,2264,890877
14255535,8100,4846,890878
14255551,8205,7402,890879
14255567,7895,10095,890880
14255583,8271,12883,890881
14255599,8031,15381,890882
14255615,7886,1489,890883
14255631,8226,4088,890884
14255647,8199,6981,890885
14255663,8140,9495,890886
14255679,8310,12012,890887
14255695,8191,14701,890888
14255711,8198,1029,890889
14255727,8427,3589,890890
14255743,8072,6174,890891
14255759,8132,8740,890892
14255775,8173,11616,890893
14255791,8073,14142,890894
14255807,7895,278,890895
14255823,8036,2828,890896
14255839,7920,5618,890897
14255855,8090,8198,890898
14255871,8213,10809,890899
14255887,8069,13361,890900
14255903,8204,16090,890901
14255919,8201,2238,890902
14255935,8136,4827,890903
14255951,8139,7401,890904
14255967,8021,10088,890905
14255983,8023,12799,890906
14255999,8134,15432,890907
14256015,8096,1536,890908
14256031,8046,4130,890909
14256047,7986,6935,890910
14256063,8131,9494,890911
14256079,7921,12057,890912
14256095,8132,14656,890913
14256111,8280,1050,890914
14256127,8135,3536,890915
14256143,8311,6173,890916
14256159,8138,8677,890917
14256175,8042,11533,890918
14256191,8335,14202,890919
14256207,8110,378,890920
14256223,8002,2805,890921
14256239,8157,5708,890922
14256255,8012,8265,890923
14256271,8088,10821,890924
14256287,8223,13384,890925
14256303,7883,16049,890926
14256319,8228,2243,890927
14256335,8233,4846,890928
14256351,8104,7384,890929
14256367,8178,10091,890930
14256383,8110,12801,890931
14256399,8084,15387,890932
14256415,8231,1546,890933
14256431,7923,4083,890934
14256447,7951,6912,890935
14256463,8151,9534,890936
14256479,7935,12062,890937
14256495,8098,14603,890938
14256511,8123,968,890939
14256527,8032,3541,890940
14256543,8323,6133,890941
14256559,8217,8678,890942
14256575,8049,11587,890943
14256591,8338,14167,890944
14256607,7974,370,890945
14256623,8183,2785,890946
14256639,8325,5661,890947
14256655,7970,8237,890948
14256671,8179,10797,890949
14256687,8303,13401,890950
14256703,7956,16026,890951
14256719,8137,2284,890952
14256735,8027,4879,890953
14256751,8110,7439,890954
14256767,8222,10077,890955
14256783,8183,12875,890956
14256799,8230,15360,890957
14256815,8256,1536,890958
14256831,8090,4020,890959
14256847,8188,6861,890960
14256863,8158,9479,890961
14256879,8076,12099,890962
14256895,8310,14671,890963
14256911,8192,1062,890964
14256927,7957,3518,890965
14256943,8110,6124,890966
14256959,7996,8654,890967
14256975,8069,11531,890968
14256991,8326,14151,890969
14257007,7936,307,890970
14257023,8069,2801,890971
14257039,8344,5724,890972
14257055,8087,8233,890973
14257071,8154,10775,890974
14257087,8197,13334,890975
14257103,8140,16040,890976
14257119,8203,2345,890977
14257135,8092,4887,890978
14257151,8213,7450,890979
14257167,8030,10057,890980
14257183,8170,12906,890981
14257199,8082,15401,890982
14257215,7902,1477,890983
14257231,8130,4133,890984
14257247,8365,6999,890985
14257263,8025,9481,890986
14257279,8264,12010,890987
14257295,8329,14661,890988
14257311,8102,1021,890989
14257327,8274,3553,890990
14257343,8087,6147,890991
14257359,7976,8703,890992
14257375,8223,11514,890993
14257391,8145,14215,890994
14257407,8136,366,890995
14257423,8287,2882,890996
14257439,8005,5590,890997
14257455,8235,8231,890998
14257471,8358,10841,890999
14257487,8145,13430,891000
14257503,8319,16011,891001
14257519,8114,2277,891002
14257535,8086,4884,891003
14257551,8137,7460,891004
14257567,8007,10075,891005
14257583,8129,12847,891006
14257599,8209,15463,891007
14257615,8034,1545,891008
14257631,8237,4062,891009
14257647,8140,6943,891010
14257663,7926,9445,891011
14257679,8398,12070,891012
14257695,8234,14687,891013
14257711,7976,1006,891014
14257727,8348,3558,891015
14257743,8003,6148,891016
14257759,8077,8695,891017
14257775,8279,11574,891018
14257791,7956,14161,891019
14257807,8130,328,891020
14257823,8210,2832,891021
14257839,7888,5595,891022
14257855,8266,8225,891023
14257871,8218,10825,891024
14257887,8042,13431,891025
14257903,8302,16028,891026
14257919,8210,2304,891027
14257935,8209,4910,891028
14257951,8229,7437,891029
14257967,8049,10054,891030
14257983,8246,12836,891031
14257999,8221,15396,891032
14258015,8067,1496,891033
14258031,8202,4127,891034
14258047,8155,6950,891035
14258063,8213,9502,891036
14258079,8143,12035,891037
14258095,8064,14652,891038
14258111,8164,961,891039
14258127,8100,3564,891040
14258143,8112,6168,891041
14258159,8357,8725,891042
14258175,8262,11544,891043
14258191,8314,14116,891044
14258207,8100,309,891045
14258223,8178,2818,891046
14258239,8028,5661,891047
14258255,8196,8220,891048
14258271,7996,10774,891049
14258287,8199,13372,891050
14258303,8090,15977,891051
14258319,8130,2228,891052
14258335,8111,4845,891053
14258351,8052,7446,891054
14258367,8206,10041,891055
14258383,8233,12915,891056
14258399,8035,15398,891057
14258415,8432,1532,891058
14258431,8031,4051,891059
14258447,8012,6893,891060
14258463,8203,9492,891061
14258479,7868,12072,891062
14258495,8053,14646,891063
14258511,8200,1033,891064
14258527,7977,3622,891065
14258543,8302,6174,891066
14258559,8191,8676,891067
14258575,8073,11590,891068
14258591,8256,14089,891069
14258607,8299,344,891070
14258623,8000,2771,891071
14258639,8187,5665,891072
14258655,8150,8261,891073
14258671,8056,10796,891074
14258687,8146,13370,891075
14258703,7949,16023,891076
14258719,8160,2293,891077
14258735,8062,4884,891078
14258751,7965,7446,891079
14258767,8277,10088,891080
14258783,8116,12851,891081
14258799,8194,15460,891082
14258815,8187,1468,891083
14258831,8061,4125,891084
14258847,8252,6928,891085
14258863,8306,9542,891086
14258879,7919,12086,891087
14258895,8079,14605,891088
14258911,8157,1066,891089
14258927,8008,3583,891090
14258943,8311,6172,891091
14258959,8090,8701,891092
14258975,7994,11567,891093
14258991,8245,14146,891094
14259007,8045,362,891095
14259023,8147,2795,891096
14259039,8182,5662,891097
14259055,8139,8226,891098
14259071,8064,10748,891099
14259087,8185,13381,891100
14259103,8071,16106,891101
14259119,8211,2278,891102
14259135,8151,4852,891103
14259151,7974,7457,891104
14259167,8110,10053,891105
14259183,8096,12893,891106
14259199,8134,15451,891107
14259215,8122,1546,891108
14259231,8096,4100,891109
14259247,8280,6955,891110
14259263,8060,9456,891111
14259279,8384,12133,891112
14259295,8316,14654,891113
14259311,8048,983,891114
14259327,8226,3635,891115
14259343,8193,6177,891116
14259359,8017,8768,891117
14259375,8139,11542,891118
14259391,8071,14116,891119
14259407,8008,327,891120
14259423,8187,2846,891121
14259439,8058,5630,891122
14259455,8145,8201,891123
14259471,8240,10815,891124
14259487,8253,13416,891125
14259503,8327,16048,891126
14259519,8255,2316,891127
14259535,8004,4858,891128
14259551,8323,7482,891129
14259567,8153,10100,891130
14259583,8034,12861,891131
14259599,8004,15402,891132
14259615,7986,1573,891133
14259631,8117,4120,891134
14259647,8264,6977,891135
14259663,7983,9486,891136
14259679,8289,12013,891137
14259695,8293,14692,891138
14259711,8096,1021,891139
14259727,8441,3658,891140
14259743,8162,6140,891141
14259759,8071,8777,891142
14259775,8338,11552,891143
14259791,7948,14144,891144
14259807,8031,317,891145
14259823,8293,2822,891146
14259839,7879,5682,891147
14259855,8305,8240,891148
14259871,8135,10755,891149
14259887,7920,13363,891150
14259903,8394,16067,891151
14259919,8129,2294,891152
14259935,8040,4864,891153
14259951,8280,7408,891154
14259967,7977,10066,891155
14259983,8216,12847,891156
14259999,8255,15468,891157
14260015,7973,1510,891158
14260031,8217,4082,891159
14260047,8147,6946,891160
14260063,7871,9476,891161
14260079,8134,12072,891162
14260095,8057,14673,891163
14260111,8004,997,891164
14260127,8235,3580,891165
14260143,7917,6184,891166
14260159,8110,8698,891167
14260175,8312,11597,891168
14260191,8132,14158,891169
14260207,8223,284,891170
14260223,8147,2786,891171
14260239,8081,5697,891172
14260255,8255,8234,891173
14260271,8051,10784,891174
14260287,8092,13391,891175
14260303,8199,16108,891176
14260319,8005,2254,891177
14260335,8110,4872,891178
14260351,8238,7466,891179
14260367,8236,10088,891180
14260383,8188,12867,891181
14260399,8197,15441,891182
14260415,8221,1533,891183
14260431,8126,4075,891184
14260447,8052,6972,891185
14260463,8238,9530,891186
14260479,7938,12068,891187
14260495,7939,14608,891188
14260511,8075,1046,891189
14260527,7867,3583,891190
14260543,8110,6197,891191
14260559,8174,8734,891192
14260575,8066,11612,891193
14260591,8386,14155,891194
14260607,8191,343,891195
14260623,8034,2812,891196
14260639,8322,5726,891197
14260655,8159,8243,891198
14260671,8018,10758,891199
14260687,8235,13351,891200
14260703,7839,16037,891201
14260719,8059,2317,891202
14260735,8175,4926,891203
14260751,8031,7477,891204
14260767,8195,10063,891205
14260783,8105,12870,891206
14260799,7915,15412,891207
14260815,8241,1543,891208
14260831,8179,4098,891209
14260847,8052,6903,891210
14260863,8370,9547,891211
14260879,8055,12094,891212
14260895,8036,14598,891213
14260911,8251,1072,891214
14260927,7850,3519,891215
14260943,8074,6149,891216
14260959,8265,8738,891217
14260975,7863,11487,891218
14260991,8326,14150,891219
14261007,8117,318,891220
14261023,8102,2821,891221
14261039,8241,5717,891222
14261055,7969,8148,891223
14261071,7988,10742,891224
14261087,8220,13319,891225
14261103,7986,16026,891226
14261119,8370,2312,891227
14261135,8192,4905,891228
14261151,8028,7478,891229
14261167,8284,10079,891230
14261183,8184,12826,891231
14261199,7995,15441,891232
14261215,8212,1525,891233
14261231,8132,4099,891234
14261247,8158,6992,891235
14261263,8218,9511,891236
14261279,8055,12112,891237
14261295,8230,14618,891238
14261311,8131,1020,891239
14261327,8064,3594,891240
14261343,8229,6179,891241
14261359,8136,8780,891242
14261375,8112,11495,891243
14261391,8148,14083,891244
14261407,7976,352,891245
14261423,8109,2845,891246
14261439,8147,5675,891247
14261455,8085,8220,891248
14261471,8158,10800,891249
14261487,8118,13364,891250
14261503,8257,16101,891251
14261519,8107,2250,891252
14261535,8217,4885,891253
14261551,8165,7435,891254
14261567,8088,10088,891255
14261583,8064,12823,891256
14261599,8190,15436,891257
14261615,8225,1519,891258
14261631,8132,4118,891259
14261647,8240,6954,891260
14261663,8031,9529,891261
14261679,8141,12122,891262
14261695,8282,14648,891263
14261711,8139,962,891264
14261727,8356,3613,891265
14261743,8194,6188,891266
14261759,8094,8752,891267
14261775,8253,11575,891268
14261791,8084,14088,891269
14261807,8035,334,891270
14261823,8258,2792,891271
14261839,7970,5629,891272
14261855,8233,8173,891273
14261871,8218,10811,891274
14261887,7898,13357,891275
14261903,8255,16108,891276
14261919,8098,2272,891277
14261935,8160,4878,891278
14261951,8341,7432,891279
14261967,7991,10071,891280
14261983,8151,12870,891281
14261999,8403,15471,891282
14262015,8040,1518,891283
14262031,8173,4100,891284
14262047,8201,6954,891285
14262063,7963,9538,891286
14262079,8233,12110,891287
14262095,8076,14622,891288
14262111,8052,1007,891289
14262127,8286,3576,891290
14262143,8062,6166,891291
14262159,8225,8738,891292
14262175,8322,11647,891293
14262191,7959,14078,891294
14262207,8150,300,891295
14262223,8184,2787,891296
14262239,7991,5690,891297
14262255,8187,8278,891298
14262271,8147,10822,891299
14262287,7908,13361,891300
14262303,8251,16070,891301
14262319,7998,2293,891302
14262335,7913,4867,891303
14262351,8099,7391,891304
14262367,8088,10124,891305
14262383,8118,12794,891306
14262399,8221,15410,891307
14262415,8214,1511,891308
14262431,8283,4130,891309
14262447,8316,6985,891310
14262463,8140,9466,891311
14262479,8117,12048,891312
14262495,7966,14631,891313
14262511,8223,1033,891314
14262527,8064,3615,891315
14262543,8032,6125,891316
14262559,8183,8701,891317
14262575,7954,11567,891318
14262591,8086,14123,891319
14262607,8155,341,891320
14262623,8082,2742,891321
14262639,8288,5644,891322
14262655,8201,8258,891323
14262671,8101,10824,891324
14262687,8204,13379,891325
14262703,8099,16055,891326
14262719,7992,2269,891327
14262735,8150,4858,891328
14262751,7948,7443,891329
14262767,8033,10066,891330
14262783,8055,12789,891331
14262799,8070,15432,891332
14262815,8199,1513,891333
14262831,8165,4077,891334
14262847,8151,6956,891335
14262863,8309,9527,891336
14262879,8090,12099,891337
14262895,7996,14632,891338
14262911,8052,1064,891339
14262927,7898,3565,891340
14262943,7972,6094,891341
14262959,8054,8806,891342
14262975,7860,11557,891343
14262991,8160,14199,891344
14263007,8042,295,891345
14263023,8038,2859,891346
14263039,8275,5620,891347
14263055,8131,8188,891348
14263071,8117,10779,891349
14263087,8281,13396,891350
14263103,8041,15994,891351
14263119,8186,2303,891352
14263135,8225,4864,891353
14263151,7976,7427,891354
14263167,8101,10067,891355
14263183,8159,12858,891356
14263199,8027,15444,891357
14263215,8196,1519,891358
14263231,8037,4070,891359
14263247,8079,6921,891360
14263263,8187,9507,891361
14263279,8023,12056,891362
14263295,8093,14581,891363
14263311,8243,993,891364
14263327,8059,3553,891365
14263343,8211,6155,891366
14263359,8039,8754,891367
14263375,8017,11515,891368
14263391,8217,14170,891369
14263407,7833,274,891370
14263423,8005,2783,891371
14263439,8175,5636,891372
14263455,7928,8172,891373
14263471,7996,10736,891374
14263487,8020,13333,891375
14263503,8094,16076,891376
14263519,8385,2317,891377
14263535,8168,4877,891378
14263551,8267,7480,891379
14263567,8242,10038,891380
14263583,8160,12769,891381
14263599,8255,15450,891382
14263615,8115,1569,891383
14263631,7901,4091,891384
14263647,8106,6921,891385
14263663,8126,9496,891386
14263679,8007,12095,891387
14263695,8149,14678,891388
14263711,7921,995,891389
14263727,8249,3620,891390
14263743,8318,6118,891391
14263759,8181,8661,891392
14263775,8339,11602,891393
14263791,8090,14116,891394
14263807,7982,293,891395
14263823,8263,2784,891396
14263839,8056,5627,891397
14263855,7998,8185,891398
14263871,8176,10781,891399
14263887,8026,13354,891400
14263903,8039,15979,891401
14263919,8179,2237,891402
14263935,8157,4900,891403
14263951,8198,7475,891404
14263967,8346,10084,891405
14263983,8085,12790,891406
14263999,8194,15436,891407
14264015,8076,1465,891408
14264031,8200,4131,891409
14264047,8239,6960,891410
14264063,7847,9488,891411
14264079,8170,12039,891412
14264095,8007,14664,891413
14264111,7927,1019,891414
14264127,8217,3553,891415
14264143,8036,6126,891416
14264159,8038,8664,891417
14264175,8388,11522,891418
14264191,8045,14114,891419
14264207,8047,330,891420
14264223,8456,2798,891421
14264239,8000,5635,891422
14264255,8059,8175,891423
14264271,8126,10739,891424
14264287,7906,13364,891425
14264303,8285,16062,891426
14264319,8049,2254,891427
14264335,8000,4901,891428
14264351,8208,7419,891429
14264367,8108,10068,891430
14264383,8084,12862,891431
14264399,8173,15416,891432
14264415,8202,1571,891433
14264431,8189,4147,891434
14264447,8174,6939,891435
14264463,8175,9487,891436
14264479,8077,12076,891437
14264495,8072,14702,891438
14264511,8314,1053,891439
14264527,8173,3528,891440
14264543,8068,6205,891441
14264559,8115,8726,891442
14264575,8073,11572,891443
14264591,8051,14109,891444
14264607,8154,278,891445
14264623,8131,2803,891446
14264639,8142,5676,891447
14264655,8236,8232,891448
14264671,8144,10758,891449
14264687,8185,13321,891450
14264703,8114,16114,891451
14264719,8104,2301,891452
14264735,8202,4902,891453
14264751,8063,7397,891454
14264767,8033,10048,891455
14264783,8084,12833,891456
14264799,8019,15421,891457
14264815,8297,1546,891458
14264831,8152,4083,891459
14264847,8014,6888,891460
14264863,8345,9510,891461
14264879,8192,12082,891462
14264895,8065,14557,891463
14264911,8389,1069,891464
14264927,8073,3616,891465
14264943,8016,6178,891466
14264959,8333,8755,891467
14264975,8037,11537,891468
14264991,8221,14194,891469
14265007,8111,350,891470
14265023,7972,2830,891471
14265039,8209,5664,891472
14265055,8241,8236,891473
14265071,8174,10804,891474
14265087,8338,13264,891475
14265103,8201,16109,891476
14265119,7961,2247,891477
14265135,8337,4897,891478
14265151,7908,7450,891479
14265167,8120,10121,891480
14265183,8114,12858,891481
14265199,7953,15480,891482
14265215,8228,1574,891483
14265231,8056,4070,891484
14265247,8050,6985,891485
14265263,8428,9510,891486
14265279,8037,12060,891487
14265295,8022,14638,891488
14265311,8358,1090,891489
14265327,8077,3527,891490
14265343,8112,6107,891491
14265359,8264,8728,891492
14265375,8073,11606,891493
14265391,8220,14189,891494
14265407,8089,313,891495
14265423,7912,2785,891496
14265439,8241,5616,891497
14265455,8101,8238,891498
14265471,7909,10706,891499
14265487,8260,13291,891500
14265503,8015,16015,891501
14265519,8001,2253,891502
14265535,8329,4865,891503
14265551,8214,7468,891504
14265567,8215,10135,891505
14265583,8227,12840,891506
14265599,7936,15423,891507
14265615,8134,1535,891508
14265631,8094,4136,891509
14265647,7972,6980,891510
14265663,8055,9478,891511
14265679,8014,12131,891512
14265695,8020,14589,891513
14265711,7984,1011,891514
14265727,8118,3544,891515
14265743,8278,6222,891516
14265759,8109,8670,891517
14265775,8179,11580,891518
14265791,8350,14149,891519
14265807,8045,345,891520
14265823,8145,2827,891521
14265839,8078,5658,891522
14265855,7930,8184,891523
14265871,8030,10833,891524
14265887,8016,13373,891525
14265903,7897,16093,891526
14265919,8120,2309,891527
14265935,8023,4848,891528
14265951,8205,7468,891529
14265967,8203,10085,891530
14265983,8260,12887,891531
14265999,8237,15391,891532
14266015,8154,1504,891533
14266031,8189,4072,891534
14266047,8308,6950,891535
14266063,7928,9490,891536
14266079,8057,12098,891537
14266095,8060,14609,891538
14266111,7825,1060,891539
14266127,8236,3570,891540
14266143,7996,6128,891541
14266159,7943,8769,891542
14266175,8268,11546,891543
14266191,8080,14203,891544
14266207,7936,255,891545
14266223,8303,2808,891546
14266239,7882,5629,891547
14266255,8097,8217,891548
14266271,8241,10784,891549
14266287,8009,13360,891550
14266303,8194,16100,891551
14266319,8166,2289,891552
14266335,8049,4840,891553
14266351,8233,7380,891554
14266367,8029,10039,891555
14266383,7991,12787,891556
14266399,8241,15428,891557
14266415,8160,1568,891558
14266431,8009,4084,891559
14266447,8288,6975,891560
14266463,7916,9430,891561
14266479,8126,12103,891562
14266495,8228,14702,891563
14266511,7969,1029,891564
14266527,8115,3580,891565
14266543,8120,6177,891566
14266559,8111,8744,891567
14266575,8230,11599,891568
14266591,8251,14143,891569
14266607,8165,364,891570
14266623,8133,2814,891571
14266639,7979,5672,891572
14266655,8274,8225,891573
14266671,8203,10808,891574
14266687,8184,13422,891575
14266703,8131,16006,891576
14266719,8164,2271,891577
14266735,8162,4931,891578
14266751,8117,7456,891579
14266767,8090,10035,891580
14266783,7977,12835,891581
14266799,8093,15380,891582
14266815,7936,1572,891583
14266831,8017,4123,891584
14266847,8127,6940,891585
14266863,8076,9445,891586
14266879,8175,12144,891587
14266895,8020,14581,891588
14266911,8366,1021,891589
14266927,8090,3614,891590
14266943,8065,6177,891591
14266959,8197,8732,891592
14266975,7888,11576,891593
14266991,8154,14102,891594
14267007,8040,312,891595
14267023,7909,2819,891596
14267039,8110,5705,891597
14267055,8236,8252,891598
14267071,7969,10775,891599
14267087,8271,13381,891600
14267103,8269,16064,891601
14267119,8017,2269,891602
14267135,8220,4912,891603
14267151,8022,7463,891604
14267167,8111,10038,891605
14267183,8260,12844,891606
14267199,7863,15389,891607
14267215,8076,1494,891608
14267231,8211,4103,891609
14267247,7960,6967,891610
14267263,8293,9456,891611
14267279,8067,12060,891612
14267295,8074,14593,891613
14267311,8257,1101,891614
14267327,8138,3633,891615
14267343,8264,6200,891616
14267359,8383,8742,891617
14267375,8133,11611,891618
14267391,8129,14108,891619
14267407,8127,309,891620
14267423,7824,2855,891621
14267439,8230,5634,891622
14267455,8044,8181,891623
14267471,7892,10824,891624
14267487,8310,13378,891625
14267503,8210,16045,891626
14267519,8147,2335,891627
14267535,8360,4867,891628
14267551,8091,7428,891629
14267567,8249,10086,891630
14267583,8282,12864,891631
14267599,8005,15409,891632
14267615,8130,1566,891633
14267631,8137,4088,891634
14267647,7860,6926,891635
14267663,8077,9503,891636
14267679,7984,12090,891637
14267695,8048,14719,891638
14267711,8118,972,891639
14267727,8045,3576,891640
14267743,8198,6174,891641
14267759,8150,8739,891642
14267775,8120,11559,891643
14267791,8228,14154,891644
14267807,8102,269,891645
14267823,8100,2829,891646
14267839,8309,5688,891647
14267855,8098,8283,891648
14267871,8100,10783,891649
14267887,8026,13345,891650
14267903,7964,16037,891651
14267919,8133,2313,891652
14267935,8070,4867,891653
14267951,8044,7441,891654
14267967,8240,10093,891655
14267983,8091,12874,891656
14267999,8235,15435,891657
14268015,8185,1475,891658
14268031,8052,4092,891659
14268047,8181,6940,891660
14268063,8138,9483,891661
14268079,8142,12111,891662
14268095,8062,14672,891663
14268111,7981,997,891664
14268127,8015,3608,891665
14268143,8034,6206,891666
14268159,7921,8750,891667
14268175,8177,11592,891668
14268191,8334,14159,891669
14268207,7960,286,891670
14268223,8280,2815,891671
14268239,8140,5628,891672
14268255,7999,8215,891673
14268271,8142,10776,891674
14268287,8062,13368,891675
14268303,7984,16005,891676
14268319,8040,2280,891677
14268335,7833,4841,891678
14268351,8030,7484,891679
14268367,8095,10045,891680
14268383,7884,12870,891681
14268399,8116,15422,891682
14268415,8283,1529,891683
14268431,8225,4104,891684
14268447,8301,6920,891685
14268463,8053,9493,891686
14268479,8110,12033,891687
14268495,8219,14662,891688
14268511,7882,1090,891689
14268527,8045,3583,891690
14268543,7895,6144,891691
14268559,7998,8773,891692
14268575,8246,11629,891693
14268591,8012,14135,891694
14268607,7950,323,891695
14268623,8301,2781,891696
14268639,8074,5684,891697
14268655,8225,8226,891698
14268671,8277,10819,891699
14268687,8077,13392,891700
14268703,8384,16073,891701
14268719,8353,2304,891702
14268735,8079,4844,891703
14268751,8198,7424,891704
14268767,8063,10065,891705
14268783,7977,12822,891706
14268799,8320,15493,891707
14268815,8152,1570,891708
14268831,7926,4105,891709
14268847,8277,6974,891710
14268863,8006,9476,891711
14268879,8126,12145,891712
14268895,8244,14639,891713
14268911,8054,1000,891714
14268927,8181,3582,891715
14268943,8257,6213,891716
14268959,8142,8709,891717
14268975,8161,11588,891718
14268991,8147,14139,891719
14269007,8050,301,891720
14269023,8010,2765,891721
14269039,8134,5695,891722
14269055,8223,8252,891723
14269071,8003,10745,891724
14269087,8185,13367,891725
14269103,8369,16042,891726
14269119,8093,2248,891727
14269135,8200,4845,891728
14269151,8411,7505,891729
14269167,8102,10073,891730
14269183,8344,12892,891731
14269199,8140,15316,891732
14269215,7919,1532,891733
14269231,8139,4169,891734
14269247,8057,6960,891735
14269263,8025,9514,891736
14269279,8045,12085,891737
14269295,7977,14613,891738
14269311,8312,1061,891739
14269327,8163,3587,891740
14269343,8111,6156,891741
14269359,8318,8699,891742
14269375,8111,11560,891743
14269391,8219,14148,891744
14269407,8105,319,891745
14269423,7865,2807,891746
14269439,8153,5719,891747
14269455,8186,8228,891748
14269471,7913,10836,891749
14269487,8204,13334,891750
14269503,8121,16014,891751
14269519,7852,2239,891752
14269535,8451,4881,891753
14269551,8062,7495,891754
14269567,8092,10069,891755
14269583,8354,12831,891756
14269599,7981,15370,891757
14269615,8107,1508,891758
14269631,8266,4093,891759
14269647,7981,6985,891760
14269663,8009,9485,891761
14269679,8090,12034,891762
14269695,8017,14683,891763
14269711,8309,1068,891764
14269727,7996,3554,891765
14269743,8036,6103,891766
14269759,8432,8769,891767
14269775,7973,11556,891768
14269791,8168,14181,891769
14269807,8068,304,891770
14269823,8016,2757,891771
14269839,8179,5591,891772
14269855,8116,8213,891773
14269871,7931,10786,891774
14269887,8286,13334,891775
14269903,8087,16016,891776
14269919,7991,2257,891777
14269935,8234,4880,891778
14269951,8091,7442,891779
14269967,8154,10072,891780
14269983,8254,12871,891781
14269999,8032,15432,891782
14270015,8154,1482,891783
14270031,8273,4148,891784
14270047,8129,6943,891785
14270063,8221,9523,891786
14270079,8336,12100,891787
14270095,8030,14610,891788
14270111,8103,1058,891789
14270127,8064,3587,891790
14270143,8089,6135,891791
14270159,8028,8663,891792
14270175,8075,11537,891793
14270191,8163,14152,891794
14270207,7995,388,891795
14270223,8213,2799,891796
14270239,8170,5669,891797
14270255,8070,8198,891798
14270271,8320,10746,891799
14270287,8048,13404,891800
14270303,8062,16103,891801
14270319,8252,2262,891802
14270335,7927,4851,891803
14270351,8073,7468,891804
14270367,8173,10143,891805
14270383,7943,12864,891806
14270399,8042,15416,891807
14270415,8082,1472,891808
14270431,7952,4088,891809
14270447,8252,6887,891810
14270463,8089,9423,891811
14270479,7973,12026,891812
14270495,8327,14647,891813
14270511,8224,1061,891814
14270527,8147,3594,891815
14270543,8242,6191,891816
14270559,7904,8778,891817
14270575,7986,11507,891818
14270591,8028,14123,891819
14270607,7936,357,891820
14270623,8114,2794,891821
14270639,7998,5620,891822
14270655,8131,8192,891823
14270671,8320,10754,891824
14270687,8091,13378,891825
14270703,8089,15993,891826
14270719,8274,2278,891827
14270735,7899,4836,891828
14270751,8163,7454,891829
14270767,8097,10055,891830
14270783,7891,12744,891831
14270799,8322,15382,891832
14270815,8177,1519,891833
14270831,7864,4066,891834
14270847,8388,6966,891835
14270863,8098,9430,891836
14270879,8024,12072,891837
14270895,8245,14664,891838
14270911,8030,974,891839
14270927,8059,3578,891840
14270943,8178,6113,891841
14270959,8088,8757,891842
14270975,8068,11584,891843
14270991,8186,14137,891844
14271007,8097,346,891845
14271023,8173,2763,891846
14271039,7953,5620,891847
14271055,8049,8187,891848
14271071,8172,10736,891849
14271087,8079,13426,891850
14271103,8278,16112,891851
14271119,8112,2233,891852
14271135,8037,4885,891853
14271151,8273,7415,891854
14271167,7993,10059,891855
14271183,8214,12914,891856
14271199,8221,15474,891857
14271215,7933,1494,891858
14271231,8143,4074,891859
14271247,8167,6918,891860
14271263,8034,9536,891861
14271279,7933,12074,891862
14271295,8064,14667,891863
14271311,8083,968,891864
14271327,8034,3534,891865
14271343,8177,6218,891866
14271359,8189,8743,891867
14271375,8148,11628,891868
14271391,8139,14122,891869
14271407,8223,348,891870
14271423,7849,2750,891871
14271439,8044,5671,891872
14271455,8152,8205,891873
14271471,7942,10797,891874
14271487,8242,13363,891875
14271503,8111,15987,891876
14271519,7966,2290,891877
14271535,8288,4851,891878
14271551,8087,7448,891879
14271567,8127,10063,891880
14271583,8371,12821,891881
14271599,8098,15475,891882
14271615,8050,1504,891883
14271631,8345,4082,891884
14271647,8096,6922,891885
14271663,8033,9492,891886
14271679,8168,12069,891887
14271695,8014,14706,891888
14271711,8134,1005,891889
14271727,8147,3591,891890
14271743,8101,6181,891891
14271759,8300,8712,891892
14271775,8136,11565,891893
14271791,8172,14124,891894
14271807,8200,351,891895
14271823,7912,2790,891896
14271839,8121,5614,891897
14271855,8159,8211,891898
14271871,7922,10819,891899
14271887,8139,13334,891900
14271903,8118,16036,891901
14271919,7904,2300,891902
14271935,8283,4824,891903
14271951,7958,7441,891904
14271967,8008,10048,891905
14271983,8267,12852,891906
14271999,8111,15485,891907
14272015,8003,1451,891908
14272031,8268,4101,891909
14272047,8129,6967,891910
14272063,8226,9517,891911
14272079,8219,12109,891912
14272095,8040,14670,891913
14272111,8177,1024,891914
14272127,8098,3552,891915
14272143,7957,6154,891916
14272159,8021,8696,891917
14272175,8146,11562,891918
14272191,8040,14096,891919
14272207,8113,411,891920
14272223,8165,2796,891921
14272239,8107,5681,891922
14272255,8070,8260,891923
14272271,8017,10772,891924
14272287,8192,13346,891925
14272303,8235,16100,891926
14272319,8111,2269,891927
14272335,8037,4832,891928
14272351,7967,7448,891929
14272367,8178,10095,891930
14272383,8064,12870,891931
14272399,7899,15433,891932
14272415,8253,1585,891933
14272431,8077,4088,891934
14272447,8147,6931,891935
14272463,8153,9497,891936
14272479,8148,12110,891937
14272495,8308,14686,891938
14272511,8116,1056,891939
14272527,8010,3576,891940
14272543,8164,6195,891941
14272559,8040,8728,891942
14272575,8055,11580,891943
14272591,8044,14132,891944
14272607,7893,374,891945
14272623,8147,2828,891946
14272639,8187,5683,891947
14272655,7994,8192,891948
14272671,8347,10795,891949
14272687,8164,13353,891950
14272703,8214,16025,891951
14272719,8201,2228,891952
14272735,8113,4878,891953
14272751,8238,7466,891954
14272767,8123,10105,891955
14272783,7962,12822,891956
14272799,8190,15432,891957
14272815,8110,1494,891958
14272831,7935,4092,891959
14272847,8220,6914,891960
14272863,8083,9480,891961
14272879,8076,12050,891962
14272895,8450,14707,891963
14272911,8059,998,891964
14272927,8318,3620,891965
14272943,8290,6182,891966
14272959,8169,8785,891967
14272975,8189,11625,891968
14272991,8215,14165,891969
14273007,7868,332,891970
14273023,8217,2868,891971
14273039,7974,5661,891972
14273055,8075,8242,891973
14273071,8285,10803,891974
14273087,8184,13356,891975
14273103,8148,16098,891976
14273119,8127,2252,891977
14273135,8047,4858,891978
14273151,8246,7410,891979
14273167,8096,10099,891980
14273183,8036,12823,891981
14273199,8112,15390,891982
14273215,7823,1518,891983
14273231,8140,4158,891984
14273247,8259,6928,891985
14273263,7971,9516,891986
14273279,7940,12044,891987
14273295,8183,14638,891988
14273311,8016,1062,891989
14273327,8088,3550,891990
14273343,8204,6181,891991
14273359,8071,8763,891992
14273375,8191,11535,891993
14273391,8160,14106,891994
14273407,8206,386,891995
14273423,8178,2812,891996
14273439,8223,5669,891997
14273455,8210,8215,891998
14273471,7917,10800,891999
14273487,8111,13300,892000
14273503,8239,16106,892001
14273519,7932,2328,892002
14273535,8162,4856,892003
14273551,8186,7446,892004
14273567,8073,10073,892005
14273583,8278,12860,892006
14273599,8293,15478,892007
14273615,8217,1570,892008
14273631,8341,4131,892009
14273647,8149,6944,892010
14273663,8190,9492,892011
14273679,8073,12026,892012
14273695,8043,14634,892013
14273711,7963,1063,892014
14273727,8180,3614,892015
14273743,8022,6186,892016
14273759,8190,8736,892017
14273775,8151,11572,892018
14273791,8004,14080,892019
14273807,8350,362,892020
14273823,8256,2792,892021
14273839,8116,5615,892022
14273855,8186,8203,892023
14273871,8123,10854,892024
14273887,8112,13347,892025
14273903,8221,16126,892026
14273919,7973,2281,892027
14273935,8191,4891,892028
14273951,7949,7439,892029
14273967,8073,10117,892030
14273983,8192,12802,892031
14273999,8111,15453,892032
14274015,8006,1461,892033
14274031,8478,4127,892034
14274047,7947,6896,892035
14274063,8224,9528,892036
14274079,8151,12046,892037
14274095,8066,14701,892038
14274111,8081,991,892039
14274127,8189,3590,892040
14274143,7929,6121,892041
14274159,8121,8737,892042
14274175,8180,11620,892043
14274191,7920,14138,892044
14274207,8084,288,892045
14274223,8174,2730,892046
14274239,8195,5692,892047
14274255,8271,8246,892048
14274271,8112,10812,892049
14274287,8111,13317,892050
14274303,8380,16111,892051
14274319,8138,2300,892052
14274335,8077,4802,892053
14274351,8111,7460,892054
14274367,8060,10122,892055
14274383,8151,12792,892056
14274399,8096,15479,892057
14274415,8044,1450,892058
14274431,8130,4087,892059
14274447,8033,6959,892060
14274463,8165,9469,892061
14274479,8206,12121,892062
14274495,8258,14597,892063
14274511,8226,1072,892064
14274527,8307,3645,892065
14274543,8127,6126,892066
14274559,8233,8782,892067
14274575,8199,11553,892068
14274591,8038,14128,892069
14274607,7967,343,892070
14274623,8067,2818,892071
14274639,8181,5634,892072
14274655,7952,8238,892073
14274671,8064,10793,892074
14274687,8101,13412,892075
14274703,8101,16043,892076
14274719,8435,2328,892077
14274735,8108,4923,892078
14274751,8109,7424,892079
14274767,8281,10077,892080
14274783,8073,12917,892081
14274799,8105,15400,892082
14274815,8137,1491,892083
14274831,7714,4061,892084
14274847,8162,6914,892085
14274863,8076,9528,892086
14274879,7867,12145,892087
14274895,8287,14714,892088
14274911,8124,1031,892089
14274927,8060,3568,892090
14274943,8360,6215,892091
14274959,8010,8710,892092
14274975,8088,11617,892093
14274991,8245,14153,892094
14275007,7952,270,892095
14275023,8102,2796,892096
14275039,8074,5693,892097
14275055,8009,8266,892098
14275071,8262,10801,892099
14275087,8248,13384,892100
14275103,8077,16046,892101
14275119,8280,2306,892102
14275135,8098,4844,892103
14275151,8225,7476,892104
14275167,8106,10136,892105
14275183,7918,12834,892106
14275199,8213,15425,892107
14275215,8112,1565,892108
14275231,7980,4088,892109
14275247,8200,6934,892110
14275263,8124,9499,892111
14275279,7947,12053,892112
14275295,8319,14643,892113
14275311,7992,950,892114
14275327,8145,3575,892115
14275343,8221,6196,892116
14275359,7978,8738,892117
14275375,8220,11570,892118
14275391,8319,14107,892119
14275407,8082,359,892120
14275423,8206,2837,892121
14275439,8087,5666,892122
14275455,8157,8188,892123
14275471,8067,10786,892124
14275487,8002,13366,892125
14275503,8074,16030,892126
14275519,7974,2267,892127
14275535,8162,4844,892128
14275551,8103,7389,892129
14275567,8071,10070,892130
14275583,8268,12895,892131
14275599,8224,15491,892132
14275615,8236,1517,892133
14275631,8305,4047,892134
14275647,8248,6949,892135
14275663,8139,9547,892136
14275679,8121,12076,892137
14275695,8155,14667,892138
14275711,8072,1056,892139
14275727,8050,3581,892140
14275743,8094,6214,892141
14275759,8009,8699,892142
14275775,8044,11592,892143
14275791,8086,14145,892144
14275807,8144,281,892145
14275823,8084,2782,892146
14275839,8191,5684,892147
14275855,8412,8231,892148
14275871,8150,10751,892149
14275887,8145,13334,892150
14275903,8194,16105,892151
14275919,8103,2272,892152
14275935,8197,4855,892153
14275951,8119,7426,892154
14275967,8066,10063,892155
14275983,8150,12852,892156
14275999,8213,15451,892157
14276015,8001,1523,892158
14276031,8426,4087,892159
14276047,8109,6969,892160
14276063,8182,9490,892161
14276079,8399,12123,892162
14276095,7967,14647,892163
14276111,8120,1027,892164
14276127,8298,3624,892165
14276143,7981,6212,892166
14276159,8048,8733,892167
14276175,8050,11578,892168
14276191,8051,14172,892169
14276207,8127,364,892170
14276223,8163,2808,892171
14276239,8019,5691,892172
14276255,8234,8229,892173
14276271,8069,10775,892174
14276287,8065,13315,892175
14276303,8292,16098,892176
14276319,8051,2238,892177
14276335,8239,4875,892178
14276351,8209,7508,892179
14276367,8004,10096,892180
14276383,8227,12834,892181
14276399,7974,15471,892182
14276415,7950,1499,892183
14276431,8163,4062,892184
14276447,7977,6912,892185
14276463,8215,9457,892186
14276479,8152,12060,892187
14276495,8173,14701,892188
14276511,8255,972,892189
14276527,8070,3587,892190
14276543,8280,6145,892191
14276559,8263,8797,892192
14276575,8048,11518,892193
14276591,8111,14187,892194
14276607,8011,332,892195
14276623,8022,2781,892196
14276639,8053,5605,892197
14276655,8028,8249,892198
14276671,8123,10815,892199
14276687,8149,13345,892200
14276703,8211,16125,892201
14276719,8245,2257,892202
14276735,8334,4919,892203
14276751,8052,7440,892204
14276767,8335,10047,892205
14276783,8143,12862,892206
14276799,8122,15454,892207
14276815,8150,1512,892208
14276831,7982,4117,892209
14276847,8159,6919,892210
14276863,8147,9468,892211
14276879,7873,12029,892212
14276895,8060,14626,892213
14276911,8113,1019,892214
14276927,8002,3491,892215
14276943,8276,6147,892216
14276959,8039,8736,892217
14276975,8196,11588,892218
14276991,8308,14147,892219
14277007,7912,304,892220
14277023,8070,2751,892221
14277039,8199,5664,892222
14277055,8018,8211,892223
14277071,8238,10827,892224
14277087,8049,13335,892225
14277103,7897,16035,892226
14277119,8240,2320,892227
14277135,8164,4860,892228
14277151,8105,7448,892229
14277167,8225,10107,892230
14277183,8039,12782,892231
14277199,7958,15442,892232
14277215,8286,1509,892233
14277231,7998,4134,892234
14277247,8217,6962,892235
14277263,8110,9498,892236
14277279,8096,12048,892237
14277295,8292,14610,892238
14277311,8122,1024,892239
14277327,8174,3647,892240
14277343,8228,6182,892241
14277359,8179,8772,892242
14277375,8171,11503,892243
14277391,8264,14126,892244
14277407,7893,347,892245
14277423,8223,2768,892246
14277439,8275,5669,892247
14277455,8063,8226,892248
14277471,8106,10784,892249
14277487,8110,13317,892250
14277503,8079,16025,892251
14277519,8145,2265,892252
14277535,7916,4836,892253
14277551,8111,7460,892254
14277567,7966,10078,892255
14277583,8086,12901,892256
14277599,8070,15407,892257
14277615,8083,1519,892258
14277631,8012,4070,892259
14277647,8379,6934,892260
14277663,8059,9531,892261
14277679,8219,12098,892262
14277695,8305,14671,892263
14277711,8083,996,892264
14277727,8033,3588,892265
14277743,8084,6131,892266
14277759,7940,8661,892267
14277775,8234,11602,892268
14277791,8209,14197,892269
14277807,8046,327,892270
14277823,8226,2872,892271
14277839,8168,5670,892272
14277855,8259,8202,892273
14277871,8225,10855,892274
14277887,8276,13396,892275
14277903,8203,16055,892276
14277919,8002,2284,892277
14277935,8080,4860,892278
14277951,8129,7449,892279
14277967,7923,10059,892280
14277983,8069,12787,892281
14277999,8237,15486,892282
14278015,7883,1506,892283
14278031,8188,4124,892284
14278047,8200,6978,892285
14278063,8152,9433,892286
14278079,8423,12089,892287
14278095,8061,14671,892288
14278111,8157,1031,892289
14278127,8274,3568,892290
14278143,7924,6134,892291
14278159,8027,8701,892292
14278175,8033,11535,892293
14278191,7940,14174,892294
14278207,8074,348,892295
14278223,8122,2798,892296
14278239,8101,5675,892297
14278255,8321,8259,892298
14278271,8154,10799,892299
14278287,8245,13358,892300
14278303,8242,16102,892301
14278319,8039,2307,892302
14278335,8240,4872,892303
14278351,8167,7454,892304
14278367,7935,10020,892305
14278383,8257,12850,892306
14278399,8000,15417,892307
14278415,8102,1533,892308
14278431,8025,4084,892309
14278447,7986,6933,892310
14278463,8032,9489,892311
14278479,8409,12101,892312
14278495,7930,14653,892313
14278511,8262,1021,892314
14278527,8349,3589,892315
14278543,7889,6155,892316
14278559,8344,8774,892317
14278575,8148,11596,892318
14278591,8044,14133,892319
14278607,8183,335,892320
14278623,8091,2795,892321
14278639,8110,5622,892322
14278655,8150,8205,892323
14278671,8162,10837,892324
14278687,8162,13357,892325
14278703,8116,16025,892326
14278719,8084,2232,892327
14278735,8117,4829,892328
14278751,8241,7482,892329
14278767,8217,10116,892330
14278783,8156,12836,892331
14278799,8075,15433,892332
14278815,8153,1512,892333
14278831,8173,4100,892334
14278847,8087,6967,892335
14278863,8188,9523,892336
14278879,7919,12100,892337
14278895,8037,14654,892338
14278911,8132,1059,892339
14278927,8064,3627,892340
14278943,8148,6197,892341
14278959,8195,8770,892342
14278975,8149,11516,892343
14278991,8348,14164,892344
14279007,8076,357,892345
14279023,8145,2869,892346
14279039,8338,5642,892347
14279055,8042,8180,892348
14279071,8150,10866,892349
14279087,8148,13358,892350
14279103,7886,16016,892351
14279119,8184,2246,892352
14279135,8096,4905,892353
14279151,8031,7496,892354
14279167,8326,10085,892355
14279183,8212,12882,892356
14279199,8226,15440,892357
14279215,8367,1518,892358
14279231,7951,4078,892359
14279247,8173,6900,892360
14279263,8188,9532,892361
14279279,7926,12087,892362
14279295,8100,14671,892363
14279311,8153,1056,892364
14279327,7950,3577,892365
14279343,8243,6211,892366
14279359,8060,8680,892367
14279375,8098,11540,892368
14279391,8357,14186,892369
14279407,7964,286,892370
14279423,8004,2828,892371
14279439,8227,5641,892372
14279455,7849,8237,892373
14279471,8077,10789,892374
14279487,8067,13319,892375
14279503,7804,16085,892376
14279519,8266,2287,892377
14279535,8195,4854,892378
14279551,8026,7439,892379
14279567,8228,10126,892380
14279583,8148,12905,892381
14279599,8249,15425,892382
14279615,8291,1500,892383
14279631,7998,4075,892384
14279647,8243,6892,892385
14279663,8222,9524,892386
14279679,8014,12027,892387
14279695,8336,14709,892388
14279711,8069,1013,892389
14279727,8115,3648,892390
14279743,8181,6114,892391
14279759,7925,8680,892392
14279775,7939,11597,892393
14279791,8239,14143,892394
14279807,8036,336,892395
14279823,8190,2815,892396
14279839,8232,5699,892397
14279855,8087,8154,892398
14279871,8232,10817,892399
14279887,8115,13366,892400
14279903,8304,16127,892401
14279919,8129,2337,892402
14279935,8107,4867,892403
14279951,8198,7429,892404
14279967,7988,10052,892405
14279983,8048,12783,892406
14279999,8018,15356,892407
14280015,7992,1522,892408
14280031,8256,4106,892409
14280047,8120,6968,892410
14280063,8128,9525,892411
14280079,8256,12059,892412
14280095,8149,14634,892413
14280111,8065,1030,892414
14280127,8409,3610,892415
14280143,7992,6113,892416
14280159,8189,8729,892417
14280175,8241,11551,892418
14280191,7985,14142,892419
14280207,8076,337,892420
14280223,8149,2863,892421
14280239,8006,5658,892422
14280255,8190,8179,892423
14280271,8068,10735,892424
14280287,8111,13378,892425
14280303,8409,16029,892426
14280319,8094,2260,892427
14280335,8224,4888,892428
14280351,8216,7399,892429
14280367,7908,10035,892430
14280383,8144,12803,892431
14280399,8182,15424,892432
14280415,7850,1500,892433
14280431,8171,4070,892434
14280447,7961,6933,892435
14280463,7913,9469,892436
14280479,8242,12103,892437
14280495,8142,14670,892438
14280511,8212,1025,892439
14280527,8320,3513,892440
14280543,7825,6134,892441
14280559,8171,8669,892442
14280575,8249,11550,892443
14280591,8029,14147,892444
14280607,8109,316,892445
14280623,8202,2814,892446
14280639,8060,5657,892447
14280655,8303,8234,892448
14280671,8050,10747,892449
14280687,8055,13360,892450
14280703,8185,16098,892451
14280719,8066,2269,892452
14280735,8178,4854,892453
14280751,8185,7476,892454
14280767,8025,10078,892455
14280783,8157,12862,892456
14280799,8126,15437,892457
14280815,8148,1543,892458
14280831,8161,4054,892459
14280847,8109,6918,892460
14280863,8101,9471,892461
14280879,8191,12078,892462
14280895,7979,14601,892463
14280911,8142,1004,892464
14280927,8186,3576,892465
14280943,8038,6156,892466
14280959,8153,8774,892467
14280975,8068,11538,892468
14280991,8191,14187,892469
14281007,8155,320,892470
14281023,8252,2879,892471
14281039,8188,5662,892472
14281055,8120,8226,892473
14281071,8100,10750,892474
14281087,8164,13386,892475
14281103,8011,16015,892476
14281119,8080,2284,892477
14281135,8175,4869,892478
14281151,8093,7439,892479
14281167,8225,10081,892480
14281183,8101,12879,892481
14281199,8058,15413,892482
14281215,8364,1514,892483
14281231,7992,4122,892484
14281247,8055,6916,892485
14281263,8244,9476,892486
14281279,7944,12102,892487
14281295,8132,14648,892488
14281311,8157,1060,892489
14281327,7864,3518,892490
14281343,8155,6141,892491
14281359,8136,8769,892492
14281375,7991,11580,892493
14281391,8317,14123,892494
14281407,8096,348,892495
14281423,8166,2799,892496
14281439,8334,5633,892497
14281455,8008,8178,892498
14281471,8075,10785,892499
14281487,8214,13385,892500
14281503,7866,15994,892501
14281519,8100,2281,892502
14281535,8067,4935,892503
14281551,7967,7410,892504
14281567,8189,10080,892505
14281583,7992,12829,892506
14281599,8023,15366,892507
14281615,8233,1525,892508
14281631,8110,4074,892509
14281647,8266,6954,892510
14281663,8322,9466,892511
14281679,8108,12099,892512
14281695,8242,14575,892513
14281711,8065,1002,892514
14281727,7884,3555,892515
14281743,8290,6132,892516
14281759,8145,8706,892517
14281775,8017,11594,892518
14281791,8205,14076,892519
14281807,7966,341,892520
14281823,8041,2783,892521
14281839,8275,5670,892522
14281855,7971,8171,892523
14281871,8081,10784,892524
14281887,8229,13361,892525
14281903,8062,15988,892526
14281919,8192,2267,892527
14281935,8158,4856,892528
14281951,8187,7451,892529
14281967,8055,10060,892530
14281983,8061,12908,892531
14281999,8090,15430,892532
14282015,8084,1502,892533
14282031,7994,4080,892534
14282047,8182,6916,892535
14282063,8043,9488,892536
14282079,8162,12099,892537
14282095,8122,14651,892538
14282111,8068,1060,892539
14282127,8296,3511,892540
14282143,8224,6166,892541
14282159,8012,8703,892542
14282175,8143,11594,892543
14282191,8083,14134,892544
14282207,7886,349,892545
14282223,8158,2797,892546
14282239,7952,5656,892547
14282255,8109,8254,892548
14282271,8286,10785,892549
14282287,8052,13346,892550
14282303,8219,16014,892551
14282319,8312,2304,892552
14282335,8123,4880,892553
14282351,8125,7415,892554
14282367,8022,10078,892555
14282383,8196,12947,892556
14282399,8187,15437,892557
14282415,8027,1534,892558
14282431,8118,4147,892559
14282447,8129,6967,892560
14282463,8019,9532,892561
14282479,8260,12111,892562
14282495,8072,14668,892563
14282511,8068,1061,892564
14282527,8263,3516,892565
14282543,8057,6257,892566
14282559,8232,8782,892567
14282575,8270,11544,892568
14282591,7880,14091,892569
14282607,8095,327,892570
14282623,8120,2806,892571
14282639,7933,5637,892572
14282655,8230,8216,892573
14282671,8286,10817,892574
14282687,7942,13286,892575
14282703,8148,16075,892576
14282719,8181,2313,892577
14282735,8149,4870,892578
14282751,8176,7464,892579
14282767,8123,10058,892580
14282783,8311,12865,892581
14282799,8189,15474,892582
14282815,8053,1513,892583
14282831,8189,4129,892584
14282847,7957,6903,892585
14282863,8227,9547,892586
14282879,8061,12130,892587
14282895,7921,14649,892588
14282911,8186,1060,892589
14282927,8215,3579,892590
14282943,7978,6128,892591
14282959,8275,8771,892592
14282975,8226,11567,892593
14282991,8020,14097,892594
14283007,8182,269,892595
14283023,8120,2791,892596
14283039,8051,5626,892597
14283055,8292,8241,892598
14283071,8103,10757,892599
14283087,8035,13376,892600
14283103,8217,16077,892601
14283119,8062,2285,892602
14283135,8077,4902,892603
14283151,8102,7421,892604
14283167,8121,10039,892605
14283183,8179,12870,892606
14283199,8156,15340,892607
14283215,8298,1517,892608
14283231,8083,4099,892609
14283247,8305,6948,892610
14283263,8205,9528,892611
14283279,8045,12066,892612
14283295,8109,14676,892613
14283311,8288,1065,892614
14283327,7932,3523,892615
14283343,8050,6174,892616
14283359,8147,8776,892617
14283375,7940,11550,892618
14283391,8123,14149,892619
14283407,8149,361,892620
14283423,8211,2849,892621
14283439,8367,5660,892622
14283455,8169,8221,892623
14283471,8296,10820,892624
14283487,8440,13426,892625
14283503,7970,16003,892626
14283519,8034,2238,892627
14283535,8145,4857,892628
14283551,7893,7423,892629
14283567,8017,10019,892630
14283583,8101,12887,892631
14283599,8018,15451,892632
14283615,8345,1538,892633
14283631,8128,4071,892634
14283647,8150,6899,892635
14283663,8413,9514,892636
14283679,7978,12024,892637
14283695,8138,14605,892638
14283711,8285,1013,892639
14283727,7984,3587,892640
14283743,8151,6159,892641
14283759,8025,8729,892642
14283775,7849,11562,892643
14283791,8336,14109,892644
14283807,8065,306,892645
14283823,8079,2789,892646
14283839,8320,5679,892647
14283855,8127,8191,892648
14283871,8109,10734,892649
14283887,8274,13370,892650
14283903,7987,16022,892651
14283919,8070,2255,892652
14283935,8028,4852,892653
14283951,8092,7498,892654
14283967,8222,10118,892655
14283983,8020,12835,892656
14283999,8110,15453,892657
14284015,8229,1527,892658
14284031,7997,4093,892659
14284047,8006,6899,892660
14284063,8184,9489,892661
14284079,8187,12117,892662
14284095,8106,14635,892663
14284111,8135,1056,892664
14284127,8026,3548,892665
14284143,8225,6140,892666
14284159,8064,8667,892667
14284175,8136,11516,892668
14284191,8235,14189,892669
14284207,7969,322,892670
14284223,8140,2859,892671
14284239,8088,5684,892672
14284255,8051,8194,892673
14284271,8041,10741,892674
14284287,7998,13361,892675
14284303,8077,16052,892676
14284319,8123,2317,892677
14284335,8052,4810,892678
14284351,8258,7463,892679
14284367,8131,10059,892680
14284383,8082,12834,892681
14284399,8116,15396,892682
14284415,8101,1536,892683
14284431,8032,4072,892684
14284447,8146,6938,892685
14284463,7914,9473,892686
14284479,8255,12071,892687
14284495,8155,14623,892688
14284511,8050,1072,892689
14284527,8219,3610,892690
14284543,8017,6120,892691
14284559,8106,8739,892692
14284575,8323,11604,892693
14284591,7952,14104,892694
14284607,8040,304,892695
14284623,8260,2827,892696
14284639,8011,5702,892697
14284655,8136,8188,892698
14284671,8258,10814,892699
14284687,7961,13334,892700
14284703,8126,16036,892701
14284719,8016,2248,892702
14284735,8013,4867,892703
14284751,8292,7455,892704
14284767,8115,10086,892705
14284783,8128,12869,892706
14284799,8314,15430,892707
14284815,7918,1494,892708
14284831,8265,4134,892709
14284847,8225,6915,892710
14284863,7894,9490,892711
14284879,8229,12151,892712
14284895,7984,14643,892713
14284911,7977,980,892714
14284927,8238,3567,892715
14284943,8050,6177,892716
14284959,8145,8726,892717
14284975,8309,11529,892718
14284991,8127,14190,892719
14285007,8103,279,892720
14285023,8231,2817,892721
14285039,7923,5626,892722
14285055,8164,8181,892723
14285071,8188,10784,892724
14285087,8050,13416,892725
14285103,8257,16090,892726
14285119,8056,2248,892727
14285135,8080,4884,892728
14285151,8212,7465,892729
14285167,8124,10048,892730
14285183,8216,12893,892731
14285199,8126,15421,892732
14285215,8103,1512,892733
14285231,8171,4064,892734
14285247,8147,6978,892735
14285263,8214,9502,892736
14285279,8129,12036,892737
14285295,8159,14652,892738
14285311,8324,1068,892739
14285327,8180,3652,892740
14285343,7938,6144,892741
14285359,8158,8738,892742
14285375,7921,11504,892743
14285391,8142,14176,892744
14285407,8124,326,892745
14285423,8101,2857,892746
14285439,8195,5621,892747
14285455,8381,8261,892748
14285471,8186,10802,892749
14285487,8275,13366,892750
14285503,8181,16086,892751
14285519,8185,2344,892752
14285535,8266,4917,892753
14285551,7914,7448,892754
14285567,8067,10048,892755
14285583,8124,12892,892756
14285599,8042,15396,892757
14285615,8162,1533,892758
14285631,8162,4079,892759
14285647,8150,6909,892760
14285663,8369,9513,892761
14285679,7995,12001,892762
14285695,8300,14652,892763
14285711,8450,1072,892764
14285727,8025,3539,892765
14285743,8202,6085,892766
14285759,8314,8734,892767
14285775,7933,11573,892768
14285791,8311,14155,892769
14285807,8003,367,892770
14285823,7914,2785,892771
14285839,8328,5657,892772
14285855,8019,8166,892773
14285871,8102,10748,892774
14285887,8383,13397,892775
14285903,8124,16075,892776
14285919,8241,2301,892777
14285935,8255,4830,892778
14285951,7982,7480,892779
14285967,8248,10137,892780
14285983,8112,12858,892781
14285999,7953,15434,892782
14286015,8097,1505,892783
14286031,8080,4068,892784
14286047,7881,6879,892785
14286063,8362,9509,892786
14286079,8067,12097,892787
14286095,8174,14648,892788
14286111,8241,1064,892789
14286127,8024,3561,892790
14286143,8330,6216,892791
14286159,8200,8775,892792
14286175,8028,11612,892793
14286191,8266,14137,892794
14286207,7936,351,892795
14286223,8062,2745,892796
14286239,8291,5673,892797
14286255,8011,8256,892798
14286271,8078,10738,892799
14286287,8151,13366,892800
14286303,8102,16050,892801
14286319,8118,2299,892802
14286335,8183,4854,892803
14286351,8201,7462,892804
14286367,8151,10111,892805
14286383,8174,12854,892806
14286399,8100,15481,892807
14286415,8034,1474,892808
14286431,8180,4095,892809
14286447,8147,6950,892810
14286463,7932,9464,892811
14286479,8124,12148,892812
14286495,8052,14660,892813
14286511,7963,1015,892814
14286527,8187,3583,892815
14286543,8121,6202,892816
14286559,8091,8731,892817
14286575,8268,11578,892818
14286591,8251,14176,892819
14286607,7984,369,892820
14286623,8270,2847,892821
14286639,8076,5668,892822
14286655,8098,8227,892823
14286671,8071,10760,892824
14286687,8049,13374,892825
14286703,8044,16025,892826
14286719,8101,2302,892827
14286735,7872,4865,892828
14286751,8175,7454,892829
14286767,8029,10042,892830
14286783,8116,12783,892831
14286799,8399,15402,892832
14286815,8079,1508,892833
14286831,8202,4124,892834
14286847,8324,6946,892835
14286863,8006,9528,892836
14286879,8056,12084,892837
14286895,8071,14717,892838
14286911,7832,999,892839
14286927,8248,3590,892840
14286943,8040,6213,892841
14286959,8034,8784,892842
14286975,8276,11605,892843
14286991,8112,14103,892844
14287007,8244,325,892845
14287023,8371,2833,892846
14287039,7934,5627,892847
14287055,8331,8192,892848
14287071,8162,10787,892849
14287087,7954,13366,892850
14287103,8198,16025,892851
14287119,8062,2280,892852
14287135,7982,4872,892853
14287151,8178,7446,892854
14287167,8027,10052,892855
14287183,7954,12850,892856
14287199,8210,15437,892857
14287215,8114,1514,892858
14287231,8188,4062,892859
14287247,8213,6938,892860
14287263,8136,9511,892861
14287279,8174,12118,892862
14287295,8146,14653,892863
14287311,8085,1048,892864
14287327,8141,3581,892865
14287343,8027,6137,892866
14287359,8228,8675,892867
14287375,8110,11624,892868
14287391,7947,14171,892869
14287407,8174,331,892870
14287423,8106,2787,892871
14287439,8090,5681,892872
14287455,8245,8195,892873
14287471,8101,10797,892874
14287487,8147,13391,892875
14287503,8327,16080,892876
14287519,8011,2238,892877
14287535,8169,4844,892878
14287551,8217,7480,892879
14287567,8075,10110,892880
14287583,8211,12873,892881
14287599,8101,15405,892882
14287615,8179,1515,892883
14287631,8226,4143,892884
14287647,8157,6919,892885
14287663,8229,9546,892886
14287679,8178,12075,892887
14287695,8108,14630,892888
14287711,8251,1030,892889
14287727,8083,3619,892890
14287743,8311,6200,892891
14287759,8369,8786,892892
14287775,7906,11549,892893
14287791,8186,14136,892894
14287807,8172,325,892895
14287823,7925,2829,892896
14287839,8358,5693,892897
14287855,8120,8205,892898
14287871,7939,10731,892899
14287887,8346,13355,892900
14287903,8225,16064,892901
14287919,8191,2320,892902
14287935,8234,4873,892903
14287951,8006,7426,892904
14287967,8089,10071,892905
14287983,8243,12855,892906
14287999,7958,15453,892907
14288015,8201,1547,892908
14288031,8218,4138,892909
14288047,8020,6987,892910
14288063,8274,9485,892911
14288079,8148,12068,892912
14288095,8149,14622,892913
14288111,8331,1063,892914
14288127,8068,3615,892915
14288143,8179,6142,892916
14288159,8263,8734,892917
14288175,8108,11562,892918
14288191,8307,14152,892919
14288207,8071,310,892920
14288223,8104,2778,892921
14288239,8312,5625,892922
14288255,7989,8187,892923
14288271,8078,10809,892924
14288287,8276,13422,892925
14288303,8080,15986,892926
14288319,8284,2304,892927
14288335,8230,4848,892928
14288351,8066,7479,892929
14288367,8314,10117,892930
14288383,8145,12786,892931
14288399,8009,15426,892932
14288415,8187,1466,892933
14288431,8171,4078,892934
14288447,7962,6911,892935
14288463,8137,9480,892936
14288479,7952,12087,892937
14288495,8074,14674,892938
14288511,8180,1058,892939
14288527,8020,3534,892940
14288543,8154,6208,892941
14288559,8157,8780,892942
14288575,8158,11535,892943
14288591,8256,14111,892944
14288607,8055,346,892945
14288623,8134,2786,892946
14288639,8159,5688,892947
14288655,8034,8164,892948
14288671,8260,10814,892949
14288687,8148,13377,892950
14288703,8082,16105,892951
14288719,8091,2320,892952
14288735,7995,4818,892953
14288751,8095,7420,892954
14288767,8170,10044,892955
14288783,8048,12790,892956
14288799,8214,15411,892957
14288815,8043,1500,892958
14288831,8207,4129,892959
14288847,8167,6977,892960
14288863,8027,9489,892961
14288879,8183,12098,892962
14288895,8239,14722,892963
14288911,7918,1016,892964
14288927,8226,3628,892965
14288943,7970,6182,892966
14288959,7989,8758,892967
14288975,8373,11592,892968
14288991,7970,14098,892969
14289007,8183,331,892970
14289023,8515,2821,892971
14289039,7994,5669,892972
14289055,8353,8282,892973
14289071,8323,10750,892974
14289087,7852,13378,892975
14289103,8166,16045,892976
14289119,8109,2290,892977
14289135,7901,4828,892978
14289151,8239,7470,892979
14289167,8102,10112,892980
14289183,7891,12877,892981
14289199,8335,15423,892982
14289215,8132,1465,892983
14289231,8188,4094,892984
14289247,8346,6979,892985
14289263,8116,9495,892986
14289279,8275,12066,892987
14289295,8374,14704,892988
14289311,7919,977,892989
14289327,8081,3558,892990
14289343,7958,6119,892991
14289359,8082,8770,892992
14289375,8345,11609,892993
14289391,7945,14137,892994
14289407,7960,311,892995
14289423,8175,2837,892996
14289439,8097,5672,892997
14289455,8385,8263,892998
14289471,8204,10815,892999
14289487,8048,13424,893000
14289503,8406,16116,893001
14289519,8243,2296,893002
14289535,8132,4811,893003
14289551,8190,7474,893004
14289567,8011,10115,893005
14289583,8027,12841,893006
14289599,8255,15440,893007
14289615,7935,1503,893008
14289631,8119,4098,893009
14289647,8148,6953,893010
14289663,8113,9475,893011
14289679,8189,12086,893012
14289695,8099,14633,893013
14289711,8145,1029,893014
14289727,8157,3569,893015
14289743,8196,6191,893016
14289759,8272,8733,893017
14289775,8228,11651,893018
14289791,8098,14188,893019
14289807,8195,337,893020
14289823,8021,2814,893021
14289839,8070,5667,893022
14289855,8078,8196,893023
14289871,8068,10747,893024
14289887,8289,13373,893025
14289903,8177,16058,893026
14289919,8105,2258,893027
14289935,8212,4841,893028
14289951,8126,7513,893029
14289967,8198,10051,893030
14289983,8238,12864,893031
14289999,8110,15436,893032
14290015,8109,1570,893033
14290031,8266,4140,893034
14290047,7934,6870,893035
14290063,8023,9469,893036
14290079,8067,12026,893037
14290095,8184,14682,893038
14290111,8215,1008,893039
14290127,8158,3573,893040
14290143,8127,6176,893041
14290159,8322,8725,893042
14290175,8042,11621,893043
14290191,8300,14185,893044
14290207,8152,340,893045
14290223,7954,2964,893046
14290239,8084,5621,893047
14290255,8018,8230,893048
14290271,8002,10806,893049
14290287,8376,13340,893050
14290303,8007,16004,893051
14290319,8180,2288,893052
14290335,8501,4877,893053
14290351,7958,7419,893054
14290367,8220,10105,893055
14290383,8272,12804,893056
14290399,7962,15466,893057
14290415,8257,1495,893058
14290431,8319,4060,893059
14290447,8010,6887,893060
14290463,8246,9485,893061
14290479,8096,12074,893062
14290495,8045,14636,893063
14290511,8302,1000,893064
14290527,8061,3567,893065
14290543,8060,6126,893066
14290559,8111,8663,893067
14290575,8040,11528,893068
14290591,8301,14172,893069
14290607,8150,378,893070
14290623,8142,2774,893071
14290639,8229,5666,893072
14290655,8159,8267,893073
14290671,8077,10757,893074
14290687,8198,13376,893075
14290703,8103,16093,893076
14290719,8127,2318,893077
14290735,8173,4902,893078
14290751,7991,7454,893079
14290767,8085,10100,893080
14290783,8117,12861,893081
14290799,8192,15442,893082
14290815,8211,1522,893083
14290831,8170,4122,893084
14290847,8157,6896,893085
14290863,8112,9496,893086
14290879,8213,12077,893087
14290895,8145,14654,893088
14290911,8124,1056,893089
14290927,8089,3621,893090
14290943,8022,6177,893091
14290959,8063,8730,893092
14290975,8179,11592,893093
14290991,8033,14124,893094
14291007,7981,376,893095
14291023,8227,2773,893096
14291039,8217,5718,893097
14291055,8148,8207,893098
14291071,8337,10815,893099
14291087,8003,13381,893100
14291103,8201,16057,893101
14291119,8257,2338,893102
14291135,7881,4872,893103
14291151,8090,7452,893104
14291167,8073,10128,893105
14291183,7931,12783,893106
14291199,8246,15408,893107
14291215,7970,1458,893108
14291231,8232,4140,893109
14291247,8353,6898,893110
14291263,8139,9524,893111
14291279,8126,12089,893112
14291295,8280,14609,893113
14291311,8092,988,893114
14291327,8240,3543,893115
14291343,8188,6185,893116
14291359,8038,8758,893117
14291375,8078,11527,893118
14291391,8102,14105,893119
14291407,7921,323,893120
14291423,8219,2819,893121
14291439,7967,5631,893122
14291455,8283,8225,893123
14291471,8410,10817,893124
14291487,8150,13375,893125
14291503,8305,16024,893126
14291519,8291,2313,893127
14291535,8055,4910,893128
14291551,8258,7432,893129
14291567,8158,10119,893130
14291583,7963,12864,893131
14291599,8212,15464,893132
14291615,8036,1492,893133
14291631,7991,4091,893134
14291647,8240,6954,893135
14291663,8015,9502,893136
14291679,8250,12088,893137
14291695,8154,14589,893138
14291711,8002,986,893139
14291727,8143,3558,893140
14291743,8304,6196,893141
14291759,8127,8702,893142
14291775,8101,11575,893143
14291791,8116,14146,893144
14291807,8096,285,893145
14291823,8050,2813,893146
14291839,7996,5610,893147
14291855,8243,8244,893148
14291871,7963,10796,893149
14291887,8134,13386,893150
14291903,8271,15976,893151
14291919,7999,2303,893152
14291935,8134,4906,893153
14291951,8258,7448,893154
14291967,8083,10074,893155
14291983,8241,12834,893156
14291999,8191,15463,893157
14292015,8199,1544,893158
14292031,8299,4108,893159
14292047,7958,6875,893160
14292063,8066,9493,893161
14292079,8075,12027,893162
14292095,7950,14668,893163
14292111,8179,1020,893164
14292127,8206,3637,893165
14292143,8053,6140,893166
14292159,8264,8746,893167
14292175,8110,11569,893168
14292191,8258,14167,893169
14292207,8309,316,893170
14292223,8185,2801,893171
14292239,8305,5704,893172
14292255,8077,8230,893173
14292271,7886,10799,893174
14292287,8244,13403,893175
14292303,8009,16044,893176
14292319,7978,2246,893177
14292335,8317,4867,893178
14292351,8063,7477,893179
14292367,8089,10040,893180
14292383,8389,12906,893181
14292399,8074,15432,893182
14292415,8207,1529,893183
14292431,8363,4092,893184
14292447,7907,6897,893185
14292463,8166,9510,893186
14292479,8184,12078,893187
14292495,7972,14656,893188
14292511,8110,1053,893189
14292527,8123,3558,893190
14292543,8068,6207,893191
14292559,8304,8757,893192
14292575,8096,11585,893193
14292591,8322,14180,893194
14292607,8082,321,893195
14292623,7976,2821,893196
14292639,8272,5674,893197
14292655,8189,8274,893198
14292671,8089,10816,893199
14292687,8345,13422,893200
14292703,8127,16095,893201
14292719,8036,2286,893202
14292735,8286,4878,893203
14292751,7899,7434,893204
14292767,8097,10067,893205
14292783,8300,12851,893206
14292799,8026,15392,893207
14292815,8186,1613,893208
14292831,8246,4151,893209
14292847,8182,6950,893210
14292863,8425,9540,893211
14292879,8171,12084,893212
14292895,8119,14701,893213
14292911,8161,1063,893214
14292927,7998,3560,893215
14292943,8088,6193,893216
14292959,7969,8752,893217
14292975,7933,11527,893218
14292991,8121,14188,893219
14293007,7845,339,893220
14293023,8189,2826,893221
14293039,8161,5633,893222
14293055,8069,8180,893223
14293071,8404,10776,893224
14293087,8140,13384,893225
14293103,8071,16051,893226
14293119,8342,2302,893227
14293135,8032,4887,893228
14293151,8122,7462,893229
14293167,8070,10064,893230
14293183,7973,12931,893231
14293199,8200,15485,893232
14293215,8025,1498,893233
14293231,7971,4058,893234
14293247,8348,6916,893235
14293263,8108,9526,893236
14293279,8066,12064,893237
14293295,8385,14656,893238
14293311,8166,1071,893239
14293327,8185,3622,893240
14293343,8234,6189,893241
14293359,7914,8676,893242
14293375,8195,11568,893243
14293391,8151,14167,893244
14293407,7773,292,893245
14293423,8149,2782,893246
14293439,8009,5642,893247
14293455,7952,8184,893248
14293471,8296,10757,893249
14293487,8010,13294,893250
14293503,8274,16023,893251
14293519,8326,2286,893252
14293535,7952,4871,893253
14293551,8347,7445,893254
14293567,8162,10117,893255
14293583,7933,12794,893256
14293599,8219,15433,893257
14293615,8028,1485,893258
14293631,7943,4105,893259
14293647,8366,6960,893260
14293663,7843,9501,893261
14293679,8050,12082,893262
14293695,8384,14684,893263
14293711,8053,1034,893264
14293727,8211,3540,893265
14293743,8264,6147,893266
14293759,7958,8799,893267
14293775,8168,11536,893268
14293791,8093,14117,893269
14293807,8133,336,893270
14293823,8102,2819,893271
14293839,8078,5628,893272
14293855,8072,8178,893273
14293871,8275,10826,893274
14293887,7902,13346,893275
14293903,8173,16033,893276
14293919,8091,2277,893277
14293935,8019,4813,893278
14293951,8124,7472,893279
14293967,8048,10065,893280
14293983,8113,12803,893281
14293999,8220,15451,893282
14294015,8144,1497,893283
14294031,8158,4129,893284
14294047,8098,6867,893285
14294063,8029,9462,893286
14294079,8181,12059,893287
14294095,8173,14667,893288
14294111,8123,991,893289
14294127,8039,3518,893290
14294143,8126,6115,893291
14294159,8198,8709,893292
14294175,8142,11574,893293
14294191,8151,14065,893294
14294207,8287,329,893295
14294223,8107,2868,893296
14294239,8108,5634,893297
14294255,8280,8181,893298
14294271,8118,10784,893299
14294287,8209,13371,893300
14294303,8124,16039,893301
14294319,7820,2276,893302
14294335,8334,4842,893303
14294351,8100,7440,893304
14294367,8034,10065,893305
14294383,8265,12838,893306
14294399,8127,15421,893307
14294415,8119,1502,893308
14294431,8244,4053,893309
14294447,8088,6909,893310
14294463,8218,9510,893311
14294479,8150,12073,893312
14294495,7962,14604,893313
14294511,8179,981,893314
14294527,8046,3616,893315
14294543,7864,6136,893316
14294559,8268,8744,893317
14294575,7899,11540,893318
14294591,8096,14140,893319
14294607,8201,329,893320
14294623,7999,2732,893321
14294639,8161,5663,893322
14294655,8162,8214,893323
14294671,8069,10790,893324
14294687,8139,13364,893325
14294703,8108,16068,893326
14294719,8107,2292,893327
14294735,8113,4873,893328
14294751,7892,7477,893329
14294767,8044,10034,893330
14294783,8259,12834,893331
14294799,8058,15424,893332
14294815,8222,1537,893333
14294831,8213,4100,893334
14294847,8002,6915,893335
14294863,8257,9480,893336
14294879,8039,12106,893337
14294895,7911,14698,893338
14294911,8111,1063,893339
14294927,8030,3570,893340
14294943,8029,6146,893341
14294959,8079,8687,893342
14294975,8078,11568,893343
14294991,8132,14157,893344
14295007,8083,362,893345
14295023,8130,2807,893346
14295039,8224,5660,893347
14295055,8203,8229,893348
14295071,8150,10742,893349
14295087,8148,13373,893350
14295103,8178,16065,893351
14295119,8215,2298,893352
14295135,8071,4867,893353
14295151,8242,7479,893354
14295167,8135,10047,893355
14295183,8114,12902,893356
14295199,8110,15419,893357
14295215,8030,1511,893358
14295231,7970,4094,893359
14295247,8274,6972,893360
14295263,8126,9532,893361
14295279,8119,12090,893362
14295295,8324,14724,893363
14295311,8003,1053,893364
14295327,8128,3584,893365
14295343,8221,6154,893366
14295359,8103,8740,893367
14295375,8138,11587,893368
14295391,8145,14140,893369
14295407,8058,348,893370
14295423,8158,2782,893371
14295439,8049,5692,893372
14295455,8018,8231,893373
14295471,8140,10786,893374
14295487,8086,13298,893375
14295503,8351,16104,893376
14295519,8305,2310,893377
14295535,8060,4860,893378
14295551,8179,7442,893379
14295567,8202,10059,893380
14295583,8038,12769,893381
14295599,8099,15402,893382
14295615,7984,1505,893383
14295631,8051,4059,893384
14295647,8193,6921,893385
14295663,8118,9546,893386
14295679,7994,12037,893387
14295695,8209,14605,893388
14295711,8012,1083,893389
14295727,8139,3614,893390
14295743,8331,6165,893391
14295759,8107,8737,893392
14295775,8110,11568,893393
14295791,8252,14109,893394
14295807,7965,316,893395
14295823,8216,2831,893396
14295839,8090,5719,893397
14295855,7975,8256,893398
14295871,8289,10824,893399
14295887,8122,13422,893400
14295903,8101,16049,893401
14295919,8304,2300,893402
14295935,8077,4923,893403
14295951,8238,7487,893404
14295967,8135,10103,893405
14295983,8101,12899,893406
14295999,8227,15406,893407
14296015,8121,1526,893408
14296031,8165,4136,893409
14296047,8226,6990,893410
14296063,7987,9461,893411
14296079,8097,12118,893412
14296095,8558,14641,893413
14296111,7990,997,893414
14296127,8064,3533,893415
14296143,8114,6140,893416
14296159,8074,8730,893417
14296175,8198,11558,893418
14296191,8115,14104,893419
14296207,8104,349,893420
14296223,8243,2761,893421
14296239,8148,5684,893422
14296255,8241,8264,893423
14296271,8153,10791,893424
14296287,8102,13286,893425
14296303,8166,16062,893426
14296319,7862,2281,893427
14296335,8222,4875,893428
14296351,8050,7435,893429
14296367,7902,10128,893430
14296383,8267,12927,893431
14296399,8175,15482,893432
14296415,7947,1530,893433
14296431,8139,4159,893434
14296447,8107,6925,893435
14296463,8130,9476,893436
14296479,8197,12041,893437
14296495,7989,14687,893438
14296511,8118,982,893439
14296527,8032,3577,893440
14296543,7867,6220,893441
14296559,8050,8750,893442
14296575,7996,11588,893443
14296591,8109,14108,893444
14296607,8196,307,893445
14296623,8189,2799,893446
14296639,8137,5627,893447
14296655,8190,8229,893448
14296671,8101,10720,893449
14296687,8220,13395,893450
14296703,8107,16091,893451
14296719,8008,2262,893452
14296735,8162,4879,893453
14296751,8045,7435,893454
14296767,7953,10044,893455
14296783,8265,12844,893456
14296799,7930,15394,893457
