Tiempo_us,ADC_IN_A2,ADC_OUT_A3,Muestra
5768655,8074,611,360448
5768671,7960,1901,360449
5768687,8382,9026,360450
5768703,8014,15499,360451
5768719,8197,15504,360452
5768735,8344,8418,360453
5768751,7881,1335,360454
5768767,8145,518,360455
5768783,8353,6617,360456
5768799,7980,14198,360457
5768815,8264,16205,360458
5768831,8134,10602,360459
5768847,8045,2959,360460
5768863,8236,360,360461
5768879,8096,5028,360462
5768895,8096,12770,360463
5768911,8202,16310,360464
5768927,8079,12863,360465
5768943,8244,4307,360466
5768959,8129,381,360467
5768975,7977,2969,360468
5768991,8356,10591,360469
5769007,8111,16232,360470
5769023,8078,14058,360471
5769039,8390,6645,360472
5769055,7930,605,360473
5769071,8174,1870,360474
5769087,8262,9055,360475
5769103,8030,15523,360476
5769119,8250,15565,360477
5769135,8174,8393,360478
5769151,8126,1364,360479
5769167,8265,547,360480
5769183,8136,6591,360481
5769199,8181,14168,360482
5769215,8120,16261,360483
5769231,8190,10602,360484
5769247,8277,2991,360485
5769263,8021,334,360486
5769279,8202,5145,360487
5769295,8093,12798,360488
5769311,8100,16320,360489
5769327,8170,12834,360490
5769343,8074,4272,360491
5769359,8097,408,360492
5769375,8210,2964,360493
5769391,8236,10583,360494
5769407,8128,16188,360495
5769423,8280,14065,360496
5769439,8204,6603,360497
5769455,8124,621,360498
5769471,8248,1924,360499
5769487,8040,8986,360500
5769503,8216,15482,360501
5769519,8135,15473,360502
5769535,7980,8411,360503
5769551,8128,1407,360504
5769567,8132,489,360505
5769583,8013,6563,360506
5769599,8361,14218,360507
5769615,8060,16257,360508
5769631,8185,10557,360509
5769647,8266,2999,360510
5769663,7996,285,360511
5769679,8333,5124,360512
5769695,8305,12801,360513
5769711,8045,16252,360514
5769727,8130,12729,360515
5769743,8064,4373,360516
5769759,8148,350,360517
5769775,8310,2959,360518
5769791,8145,10659,360519
5769807,8151,16228,360520
5769823,8365,14018,360521
5769839,8099,6564,360522
5769855,8186,609,360523
5769871,8337,1878,360524
5769887,8110,9008,360525
5769903,8325,15481,360526
5769919,8223,15489,360527
5769935,7927,8419,360528
5769951,8338,1395,360529
5769967,8030,516,360530
5769983,8034,6603,360531
5769999,8265,14261,360532
5770015,8143,16225,360533
5770031,8097,10514,360534
5770047,8301,2999,360535
5770063,8269,412,360536
5770079,8246,5052,360537
5770095,8230,12758,360538
5770111,8224,16260,360539
5770127,8086,12730,360540
5770143,8211,4327,360541
5770159,8121,392,360542
5770175,8157,3000,360543
5770191,8152,10628,360544
5770207,8202,16157,360545
5770223,8108,14022,360546
5770239,8064,6613,360547
5770255,8242,639,360548
5770271,8099,1914,360549
5770287,8087,8938,360550
5770303,8268,15448,360551
5770319,8308,15544,360552
5770335,8181,8412,360553
5770351,8143,1351,360554
5770367,8063,511,360555
5770383,8211,6652,360556
5770399,8071,14228,360557
5770415,8208,16289,360558
5770431,8130,10594,360559
5770447,8142,2986,360560
5770463,8330,393,360561
5770479,8103,5062,360562
5770495,8138,12798,360563
5770511,8182,16345,360564
5770527,8073,12756,360565
5770543,8160,4257,360566
5770559,8311,289,360567
5770575,8096,3001,360568
5770591,8281,10628,360569
5770607,8163,16184,360570
5770623,8008,14077,360571
5770639,8129,6575,360572
5770655,8078,622,360573
5770671,8054,1895,360574
5770687,8257,8980,360575
5770703,8071,15449,360576
5770719,8157,15432,360577
5770735,8297,8443,360578
5770751,8126,1370,360579
5770767,8242,589,360580
5770783,8309,6623,360581
5770799,8117,14128,360582
5770815,8115,16272,360583
5770831,8108,10593,360584
5770847,7979,2974,360585
5770863,8137,353,360586
5770879,7968,5031,360587
5770895,7989,12783,360588
5770911,8257,16277,360589
5770927,8119,12869,360590
5770943,8133,4280,360591
5770959,8185,359,360592
5770975,8085,3008,360593
5770991,8296,10610,360594
5771007,8215,16218,360595
5771023,8078,14130,360596
5771039,8234,6607,360597
5771055,8115,606,360598
5771071,8010,1852,360599
5771087,8213,8985,360600
5771103,8077,15432,360601
5771119,8062,15477,360602
5771135,8135,8414,360603
5771151,8052,1356,360604
5771167,8100,568,360605
5771183,8055,6598,360606
5771199,7962,14178,360607
5771215,8186,16266,360608
5771231,8151,10585,360609
5771247,8179,2990,360610
5771263,8113,360,360611
5771279,8169,5043,360612
5771295,8184,12784,360613
5771311,8093,16278,360614
5771327,8216,12840,360615
5771343,8071,4322,360616
5771359,7957,292,360617
5771375,8096,2946,360618
5771391,8245,10572,360619
5771407,8136,16214,360620
5771423,8241,14057,360621
5771439,8226,6630,360622
5771455,8230,625,360623
5771471,8178,1865,360624
5771487,8043,9022,360625
5771503,8152,15496,360626
5771519,8105,15474,360627
5771535,8078,8437,360628
5771551,8039,1348,360629
5771567,8071,493,360630
5771583,8145,6642,360631
5771599,8202,14231,360632
5771615,8263,16331,360633
5771631,8238,10590,360634
5771647,8254,2963,360635
5771663,8189,346,360636
5771679,8266,5052,360637
5771695,8161,12759,360638
5771711,8083,16302,360639
5771727,8320,12846,360640
5771743,8033,4328,360641
5771759,8016,322,360642
5771775,8255,3012,360643
5771791,7991,10625,360644
5771807,8043,16256,360645
5771823,8276,14040,360646
5771839,7955,6568,360647
5771855,8104,566,360648
5771871,8332,1853,360649
5771887,7917,8975,360650
5771903,8281,15536,360651
5771919,8207,15489,360652
5771935,7912,8407,360653
5771951,8168,1390,360654
5771967,8102,582,360655
5771983,7937,6593,360656
5771999,8325,14235,360657
5772015,8182,16305,360658
5772031,8111,10674,360659
5772047,8243,2980,360660
5772063,8205,315,360661
5772079,8216,5099,360662
5772095,8316,12878,360663
5772111,8166,16247,360664
5772127,8262,12804,360665
5772143,8274,4305,360666
5772159,8067,352,360667
5772175,8210,3011,360668
5772191,7956,10566,360669
5772207,8147,16263,360670
5772223,8197,14042,360671
5772239,8154,6594,360672
5772255,8167,609,360673
5772271,8142,1836,360674
5772287,8131,9034,360675
5772303,8211,15527,360676
5772319,8297,15511,360677
5772335,8045,8406,360678
5772351,8314,1358,360679
5772367,8205,592,360680
5772383,8084,6639,360681
5772399,8127,14239,360682
5772415,8083,16218,360683
5772431,8016,10599,360684
5772447,8071,2931,360685
5772463,8165,368,360686
5772479,8067,5055,360687
5772495,8226,12863,360688
5772511,8274,16363,360689
5772527,8130,12756,360690
5772543,8028,4260,360691
5772559,8329,342,360692
5772575,8192,2978,360693
5772591,8278,10645,360694
5772607,8238,16249,360695
5772623,8011,14038,360696
5772639,8190,6611,360697
5772655,8036,623,360698
5772671,7958,1880,360699
5772687,8199,9040,360700
5772703,8015,15466,360701
5772719,8144,15490,360702
5772735,8246,8447,360703
5772751,7971,1284,360704
5772767,8122,508,360705
5772783,8427,6604,360706
5772799,8121,14217,360707
5772815,8117,16247,360708
5772831,8184,10639,360709
5772847,7959,2952,360710
5772863,8115,312,360711
5772879,8018,5082,360712
5772895,7917,12783,360713
5772911,8149,16257,360714
5772927,8041,12768,360715
5772943,8129,4331,360716
5772959,8231,295,360717
5772975,8070,3006,360718
5772991,8343,10604,360719
5773007,8253,16269,360720
5773023,7860,13991,360721
5773039,8246,6595,360722
5773055,8106,613,360723
5773071,7959,1843,360724
5773087,8221,9010,360725
5773103,7991,15516,360726
5773119,8041,15474,360727
5773135,8168,8394,360728
5773151,8021,1361,360729
5773167,8106,578,360730
5773183,8122,6560,360731
5773199,8170,14215,360732
5773215,8187,16261,360733
5773231,8127,10570,360734
5773247,8110,2978,360735
5773263,8134,303,360736
5773279,8150,5079,360737
5773295,8168,12837,360738
5773311,8144,16269,360739
5773327,8077,12736,360740
5773343,8071,4278,360741
5773359,8118,328,360742
5773375,8022,2960,360743
5773391,8093,10558,360744
5773407,8019,16223,360745
5773423,8218,14084,360746
5773439,8203,6557,360747
5773455,8177,624,360748
5773471,8210,1868,360749
5773487,8291,9038,360750
5773503,8203,15464,360751
5773519,8192,15487,360752
5773535,8050,8457,360753
5773551,8062,1388,360754
5773567,8061,524,360755
5773583,8050,6616,360756
5773599,7972,14206,360757
5773615,8217,16286,360758
5773631,8087,10618,360759
5773647,8303,3025,360760
5773663,8096,418,360761
5773679,8313,5044,360762
5773695,8218,12729,360763
5773711,8137,16265,360764
5773727,8126,12764,360765
5773743,8239,4322,360766
5773759,7933,311,360767
5773775,8199,3003,360768
5773791,8106,10629,360769
5773807,8032,16167,360770
5773823,8240,14024,360771
5773839,8140,6576,360772
5773855,8213,664,360773
5773871,8403,1891,360774
5773887,8149,8996,360775
5773903,8432,15532,360776
5773919,8400,15484,360777
5773935,7960,8444,360778
5773951,8266,1415,360779
5773967,8240,590,360780
5773983,7890,6596,360781
5773999,8326,14251,360782
5774015,8026,16285,360783
5774031,7979,10637,360784
5774047,8391,2975,360785
5774063,8051,305,360786
5774079,8067,5035,360787
5774095,8321,12751,360788
5774111,8273,16367,360789
5774127,8258,12798,360790
5774143,8262,4326,360791
5774159,8089,311,360792
5774175,8181,2978,360793
5774191,7951,10603,360794
5774207,8076,16197,360795
5774223,8269,14053,360796
5774239,8034,6588,360797
5774255,8052,566,360798
5774271,8287,1866,360799
5774287,8036,8984,360800
5774303,8325,15435,360801
5774319,8268,15480,360802
5774335,7964,8464,360803
5774351,8204,1388,360804
5774367,8200,596,360805
5774383,8101,6577,360806
5774399,8316,14210,360807
5774415,8046,16243,360808
5774431,8169,10629,360809
5774447,8294,2987,360810
5774463,8126,274,360811
5774479,8215,5102,360812
5774495,8100,12844,360813
5774511,8100,16340,360814
5774527,8222,12838,360815
5774543,8076,4287,360816
5774559,8226,347,360817
5774575,8191,2973,360818
5774591,8135,10662,360819
5774607,8395,16192,360820
5774623,8080,14058,360821
5774639,8101,6639,360822
5774655,8172,588,360823
5774671,8007,1854,360824
5774687,8039,9002,360825
5774703,8133,15465,360826
5774719,7986,15527,360827
5774735,8285,8442,360828
5774751,8194,1355,360829
5774767,8152,547,360830
5774783,8345,6607,360831
5774799,8207,14168,360832
5774815,8186,16258,360833
5774831,8294,10594,360834
5774847,8038,2990,360835
5774863,8181,294,360836
5774879,8150,5067,360837
5774895,7997,12774,360838
5774911,8241,16274,360839
5774927,8217,12822,360840
5774943,8007,4274,360841
5774959,8279,332,360842
5774975,8226,3015,360843
5774991,8239,10631,360844
5775007,8294,16173,360845
5775023,8023,14082,360846
5775039,8423,6630,360847
5775055,8116,604,360848
5775071,7970,1833,360849
5775087,8361,9075,360850
5775103,8102,15546,360851
5775119,7839,15427,360852
5775135,8509,8480,360853
5775151,8139,1390,360854
5775167,8150,541,360855
5775183,8279,6597,360856
5775199,8111,14215,360857
5775215,8282,16261,360858
5775231,8297,10634,360859
5775247,7938,2990,360860
5775263,8178,351,360861
5775279,8220,5101,360862
5775295,7950,12771,360863
5775311,8115,16337,360864
5775327,8160,12871,360865
5775343,8111,4352,360866
5775359,8225,364,360867
5775375,7919,2952,360868
5775391,8351,10622,360869
5775407,8294,16250,360870
5775423,8013,14096,360871
5775439,8159,6681,360872
5775455,8152,625,360873
5775471,8036,1882,360874
5775487,8251,9051,360875
5775503,8125,15519,360876
5775519,8217,15514,360877
5775535,8238,8383,360878
5775551,8084,1374,360879
5775567,8147,499,360880
5775583,8168,6563,360881
5775599,8090,14210,360882
5775615,8211,16235,360883
5775631,8120,10602,360884
5775647,8252,3036,360885
5775663,8213,308,360886
5775679,8120,5042,360887
5775695,7994,12758,360888
5775711,8252,16244,360889
5775727,8140,12780,360890
5775743,8107,4303,360891
5775759,8073,319,360892
5775775,8091,2968,360893
5775791,8057,10595,360894
5775807,7962,16179,360895
5775823,8109,13974,360896
5775839,7942,6604,360897
5775855,7966,549,360898
5775871,8304,1942,360899
5775887,8058,8987,360900
5775903,8111,15485,360901
5775919,8416,15535,360902
5775935,8006,8412,360903
5775951,8118,1388,360904
5775967,8298,521,360905
5775983,7946,6581,360906
5775999,8112,14200,360907
5776015,8102,16242,360908
5776031,7912,10610,360909
5776047,8360,3025,360910
5776063,7945,324,360911
5776079,7952,5090,360912
5776095,8258,12743,360913
5776111,8044,16350,360914
5776127,8223,12827,360915
5776143,8205,4293,360916
5776159,8100,410,360917
5776175,8279,3019,360918
5776191,8262,10620,360919
5776207,7951,16145,360920
5776223,8212,14046,360921
5776239,8067,6614,360922
5776255,8188,618,360923
5776271,8509,1919,360924
5776287,8080,9007,360925
5776303,8264,15470,360926
5776319,8402,15518,360927
5776335,7965,8371,360928
5776351,8194,1350,360929
5776367,8096,594,360930
5776383,7796,6602,360931
5776399,8408,14236,360932
5776415,8132,16332,360933
5776431,7998,10589,360934
5776447,8337,2990,360935
5776463,7890,301,360936
5776479,8207,5085,360937
5776495,8232,12800,360938
5776511,8224,16344,360939
5776527,8179,12742,360940
5776543,8162,4243,360941
5776559,8074,308,360942
5776575,8197,2974,360943
5776591,8262,10618,360944
5776607,8160,16206,360945
5776623,8150,14096,360946
5776639,8263,6660,360947
5776655,8268,634,360948
5776671,8150,1864,360949
5776687,8113,9053,360950
5776703,8142,15491,360951
5776719,8025,15458,360952
5776735,8056,8423,360953
5776751,8138,1330,360954
5776767,8051,556,360955
5776783,8162,6621,360956
5776799,8189,14178,360957
5776815,8041,16260,360958
5776831,8345,10594,360959
5776847,8168,3010,360960
5776863,8064,376,360961
5776879,8247,5072,360962
5776895,7969,12728,360963
5776911,7972,16234,360964
5776927,8160,12784,360965
5776943,8052,4266,360966
5776959,8226,344,360967
5776975,8185,2977,360968
5776991,8020,10581,360969
5777007,8386,16196,360970
5777023,8064,14040,360971
5777039,8245,6617,360972
5777055,8247,624,360973
5777071,7977,1914,360974
5777087,8187,8976,360975
5777103,8181,15510,360976
5777119,7956,15522,360977
5777135,8347,8390,360978
5777151,8017,1387,360979
5777167,7886,474,360980
5777183,8318,6638,360981
5777199,8103,14176,360982
5777215,8093,16239,360983
5777231,8408,10607,360984
5777247,8161,3028,360985
5777263,8146,321,360986
5777279,8306,5058,360987
5777295,7923,12791,360988
5777311,8149,16247,360989
5777327,8016,12741,360990
5777343,8032,4355,360991
5777359,8178,284,360992
5777375,8140,3025,360993
5777391,7993,10554,360994
5777407,8274,16140,360995
5777423,8021,14028,360996
5777439,8258,6722,360997
5777455,8265,600,360998
5777471,7992,1879,360999
5777487,8345,9044,361000
5777503,8060,15472,361001
5777519,8134,15481,361002
5777535,8312,8439,361003
5777551,7909,1314,361004
5777567,7968,479,361005
5777583,8129,6581,361006
5777599,8030,14201,361007
5777615,8054,16288,361008
5777631,8082,10576,361009
5777647,7944,2962,361010
5777663,8321,377,361011
5777679,8314,5102,361012
5777695,7997,12846,361013
5777711,8320,16315,361014
5777727,8086,12795,361015
5777743,8160,4289,361016
5777759,8168,375,361017
5777775,8085,2989,361018
5777791,8192,10638,361019
5777807,8226,16288,361020
5777823,8018,14046,361021
5777839,8163,6603,361022
5777855,7988,574,361023
5777871,8086,1849,361024
5777887,8234,9050,361025
5777903,8102,15476,361026
5777919,8436,15514,361027
5777935,8302,8468,361028
5777951,8083,1338,361029
5777967,8231,568,361030
5777983,7981,6615,361031
5777999,7923,14217,361032
5778015,8199,16242,361033
5778031,7889,10616,361034
5778047,8044,2990,361035
5778063,8105,288,361036
5778079,7939,5064,361037
5778095,8249,12751,361038
5778111,8111,16223,361039
5778127,8156,12835,361040
5778143,8360,4338,361041
5778159,8190,376,361042
5778175,8201,2999,361043
5778191,8266,10612,361044
5778207,7922,16215,361045
5778223,7993,14014,361046
5778239,8014,6614,361047
5778255,7840,618,361048
5778271,8281,1904,361049
5778287,8016,9022,361050
5778303,8078,15471,361051
5778319,8505,15509,361052
5778335,7991,8472,361053
5778351,8245,1378,361054
5778367,8299,548,361055
5778383,8036,6566,361056
5778399,8333,14246,361057
5778415,8299,16276,361058
5778431,7914,10547,361059
5778447,8291,2990,361060
5778463,7960,322,361061
5778479,7984,5084,361062
5778495,8232,12798,361063
5778511,8030,16312,361064
5778527,8004,12722,361065
5778543,8258,4294,361066
5778559,8068,404,361067
5778575,8252,2987,361068
5778591,8262,10588,361069
5778607,8106,16161,361070
5778623,8115,13985,361071
5778639,8069,6547,361072
5778655,7975,539,361073
5778671,8200,1870,361074
5778687,7984,9033,361075
5778703,8071,15459,361076
5778719,8238,15458,361077
5778735,8029,8400,361078
5778751,8216,1381,361079
5778767,8240,601,361080
5778783,8152,6596,361081
5778799,8288,14173,361082
5778815,8091,16271,361083
5778831,8023,10575,361084
5778847,8288,2976,361085
5778863,8076,342,361086
5778879,8208,5060,361087
5778895,8100,12781,361088
5778911,7967,16292,361089
5778927,8181,12800,361090
5778943,8053,4250,361091
5778959,8119,298,361092
5778975,8097,2987,361093
5778991,8052,10572,361094
5779007,8207,16211,361095
5779023,8180,14069,361096
5779039,8150,6596,361097
5779055,8242,632,361098
5779071,8130,1916,361099
5779087,8303,9037,361100
5779103,8324,15506,361101
5779119,7992,15458,361102
5779135,8296,8454,361103
5779151,8114,1375,361104
5779167,7974,538,361105
5779183,8201,6606,361106
5779199,8040,14173,361107
5779215,8151,16290,361108
5779231,8343,10598,361109
5779247,8114,2969,361110
5779263,8335,360,361111
5779279,8336,5032,361112
5779295,7904,12749,361113
5779311,8176,16244,361114
5779327,8188,12754,361115
5779343,7948,4317,361116
5779359,8222,333,361117
5779375,7990,2980,361118
5779391,7949,10595,361119
5779407,8176,16213,361120
5779423,7951,14047,361121
5779439,8136,6585,361122
5779455,8406,624,361123
5779471,8198,1880,361124
5779487,8416,9026,361125
5779503,8249,15436,361126
5779519,8078,15528,361127
5779535,8288,8374,361128
5779551,8083,1384,361129
5779567,7931,558,361130
5779583,8232,6681,361131
5779599,8028,14246,361132
5779615,8002,16309,361133
5779631,8435,10631,361134
5779647,7939,2975,361135
5779663,8206,357,361136
5779679,8330,5118,361137
5779695,8090,12771,361138
5779711,8255,16229,361139
5779727,8114,12822,361140
5779743,7978,4323,361141
5779759,8224,371,361142
5779775,8026,2962,361143
5779791,7995,10613,361144
5779807,8330,16169,361145
5779823,8081,14047,361146
5779839,8108,6599,361147
5779855,8249,617,361148
5779871,8092,1853,361149
5779887,8140,8978,361150
5779903,8005,15487,361151
5779919,8142,15537,361152
5779935,8084,8400,361153
5779951,8120,1349,361154
5779967,8184,506,361155
5779983,8180,6618,361156
5779999,7916,14211,361157
5780015,8320,16225,361158
5780031,8038,10571,361159
5780047,7910,2994,361160
5780063,8075,322,361161
5780079,8004,5082,361162
5780095,8102,12843,361163
5780111,8195,16315,361164
5780127,8012,12859,361165
5780143,8245,4352,361166
5780159,8204,338,361167
5780175,8044,2982,361168
5780191,8218,10607,361169
5780207,8000,16162,361170
5780223,7985,14066,361171
5780239,8155,6614,361172
5780255,8064,588,361173
5780271,8046,1827,361174
5780287,8019,9016,361175
5780303,8080,15487,361176
5780319,8252,15519,361177
5780335,8070,8425,361178
5780351,8273,1417,361179
5780367,8264,584,361180
5780383,8101,6612,361181
5780399,8350,14239,361182
5780415,8246,16361,361183
5780431,8022,10563,361184
5780447,8270,3030,361185
5780463,8258,363,361186
5780479,7915,5078,361187
5780495,8253,12744,361188
5780511,8071,16241,361189
5780527,8071,12787,361190
5780543,8416,4298,361191
5780559,8089,361,361192
5780575,8098,2963,361193
5780591,8328,10657,361194
5780607,8012,16181,361195
5780623,8175,14052,361196
5780639,8185,6580,361197
5780655,7990,661,361198
5780671,8061,1852,361199
5780687,8094,9052,361200
5780703,8108,15503,361201
5780719,8251,15494,361202
5780735,7872,8384,361203
5780751,8132,1346,361204
5780767,8214,500,361205
5780783,8024,6653,361206
5780799,8348,14224,361207
5780815,8150,16264,361208
5780831,7992,10565,361209
5780847,8282,2978,361210
5780863,8195,389,361211
5780879,7938,5035,361212
5780895,8279,12759,361213
5780911,8127,16287,361214
5780927,8096,12849,361215
5780943,8087,4280,361216
5780959,8122,327,361217
5780975,8185,3004,361218
5780991,8177,10601,361219
5781007,8172,16184,361220
5781023,8130,14055,361221
5781039,8294,6559,361222
5781055,8243,610,361223
5781071,8188,1863,361224
5781087,8209,9067,361225
5781103,8286,15480,361226
5781119,8178,15475,361227
5781135,8015,8423,361228
5781151,8184,1399,361229
5781167,8171,579,361230
5781183,8143,6583,361231
5781199,8136,14207,361232
5781215,8124,16281,361233
5781231,8174,10585,361234
5781247,8259,3018,361235
5781263,8143,341,361236
5781279,8340,5035,361237
5781295,8192,12776,361238
5781311,8096,16249,361239
5781327,8241,12772,361240
5781343,8179,4288,361241
5781359,8172,369,361242
5781375,8048,2988,361243
5781391,8147,10630,361244
5781407,8179,16254,361245
5781423,7919,14052,361246
5781439,8110,6636,361247
5781455,8184,598,361248
5781471,8038,1845,361249
5781487,8323,9021,361250
5781503,8278,15475,361251
5781519,8098,15482,361252
5781535,8247,8394,361253
5781551,8273,1354,361254
5781567,7897,496,361255
5781583,8320,6617,361256
5781599,8036,14231,361257
5781615,7852,16262,361258
5781631,8363,10604,361259
5781647,7986,2969,361260
5781663,8045,302,361261
5781679,8250,5040,361262
5781695,8029,12754,361263
5781711,8244,16323,361264
5781727,8277,12782,361265
5781743,8033,4256,361266
5781759,8182,331,361267
5781775,8115,2969,361268
5781791,7882,10556,361269
5781807,8203,16192,361270
5781823,7934,14022,361271
5781839,8034,6613,361272
5781855,8185,547,361273
5781871,8109,1884,361274
5781887,8072,9035,361275
5781903,8151,15511,361276
5781919,8062,15475,361277
5781935,8285,8431,361278
5781951,8130,1381,361279
5781967,8040,475,361280
5781983,8086,6584,361281
5781999,8137,14223,361282
5782015,7992,16320,361283
5782031,8143,10551,361284
5782047,8050,2949,361285
5782063,8105,342,361286
5782079,8192,5039,361287
5782095,8070,12845,361288
5782111,8201,16260,361289
5782127,8185,12769,361290
5782143,8009,4298,361291
5782159,8141,368,361292
5782175,8289,3019,361293
5782191,7957,10566,361294
5782207,8083,16192,361295
5782223,8105,14082,361296
5782239,8108,6608,361297
5782255,8039,550,361298
5782271,7899,1840,361299
5782287,8060,9041,361300
5782303,7990,15494,361301
5782319,8096,15483,361302
5782335,8155,8476,361303
5782351,8133,1446,361304
5782367,8115,538,361305
5782383,8152,6618,361306
5782399,8265,14257,361307
5782415,8305,16288,361308
5782431,8077,10585,361309
5782447,8337,3022,361310
5782463,8235,290,361311
5782479,8068,5083,361312
5782495,8085,12772,361313
5782511,7913,16288,361314
5782527,7869,12777,361315
5782543,8187,4354,361316
5782559,8108,340,361317
5782575,8094,3022,361318
5782591,8248,10618,361319
5782607,8102,16256,361320
5782623,8303,14023,361321
5782639,8340,6635,361322
5782655,7964,608,361323
5782671,8266,1922,361324
5782687,8089,8977,361325
5782703,8034,15477,361326
5782719,8293,15534,361327
5782735,8010,8415,361328
5782751,8032,1348,361329
5782767,8297,499,361330
5782783,8145,6582,361331
5782799,8020,14159,361332
5782815,8246,16323,361333
5782831,8079,10587,361334
5782847,8303,2971,361335
5782863,8196,389,361336
5782879,7960,5070,361337
5782895,8222,12838,361338
5782911,8140,16276,361339
5782927,8032,12858,361340
5782943,8264,4305,361341
5782959,8032,329,361342
5782975,7981,2985,361343
5782991,8211,10582,361344
5783007,8124,16216,361345
5783023,8180,14020,361346
5783039,8166,6572,361347
5783055,8085,636,361348
5783071,8168,1812,361349
5783087,8145,9014,361350
5783103,8160,15542,361351
5783119,8126,15443,361352
5783135,8137,8414,361353
5783151,8064,1335,361354
5783167,8038,517,361355
5783183,8104,6648,361356
5783199,8149,14192,361357
5783215,8096,16241,361358
5783231,8197,10629,361359
5783247,8212,2964,361360
5783263,8020,310,361361
5783279,8235,5063,361362
5783295,8130,12777,361363
5783311,8113,16346,361364
5783327,8230,12775,361365
5783343,8122,4268,361366
5783359,8112,328,361367
5783375,8100,2974,361368
5783391,8080,10622,361369
5783407,8096,16144,361370
5783423,8100,14027,361371
5783439,8079,6593,361372
5783455,8356,634,361373
5783471,8204,1893,361374
5783487,8103,9005,361375
5783503,8314,15481,361376
5783519,8200,15463,361377
5783535,8280,8419,361378
5783551,8271,1373,361379
5783567,8004,506,361380
5783583,8274,6615,361381
5783599,8009,14160,361382
5783615,8051,16259,361383
5783631,8258,10603,361384
5783647,8079,3000,361385
5783663,7992,335,361386
5783679,8257,5077,361387
5783695,8075,12739,361388
5783711,8193,16272,361389
5783727,8274,12756,361390
5783743,8140,4322,361391
5783759,8282,344,361392
5783775,8191,2975,361393
5783791,8029,10616,361394
5783807,8150,16179,361395
5783823,8017,14007,361396
5783839,7992,6594,361397
5783855,8191,631,361398
5783871,8014,1857,361399
5783887,8097,8993,361400
5783903,8351,15528,361401
5783919,8175,15531,361402
5783935,8212,8416,361403
5783951,8280,1366,361404
5783967,8231,576,361405
5783983,8211,6627,361406
5783999,8191,14213,361407
5784015,8118,16230,361408
5784031,8184,10602,361409
5784047,7860,2969,361410
5784063,8092,337,361411
5784079,8145,5015,361412
5784095,7983,12781,361413
5784111,8096,16215,361414
5784127,8201,12866,361415
5784143,7965,4302,361416
5784159,8165,339,361417
5784175,8131,2982,361418
5784191,7964,10571,361419
5784207,8181,16232,361420
5784223,8154,14077,361421
5784239,7996,6604,361422
5784255,8078,615,361423
5784271,8009,1908,361424
5784287,8133,9006,361425
5784303,8078,15492,361426
5784319,8020,15457,361427
5784335,8122,8468,361428
5784351,8037,1381,361429
5784367,8112,510,361430
5784383,8069,6576,361431
5784399,8006,14163,361432
5784415,8228,16283,361433
5784431,8098,10596,361434
5784447,8225,3004,361435
5784463,8146,292,361436
5784479,8065,5104,361437
5784495,8098,12758,361438
5784511,8197,16281,361439
5784527,8031,12795,361440
5784543,8172,4342,361441
5784559,8116,334,361442
5784575,8067,2971,361443
5784591,8120,10600,361444
5784607,8075,16213,361445
5784623,7990,14034,361446
5784639,8367,6614,361447
5784655,8101,590,361448
5784671,8251,1928,361449
5784687,8245,9054,361450
5784703,8032,15474,361451
5784719,8266,15511,361452
5784735,8000,8442,361453
5784751,7969,1361,361454
5784767,8196,510,361455
5784783,8054,6650,361456
5784799,8253,14243,361457
5784815,8270,16292,361458
5784831,8168,10608,361459
5784847,8267,2993,361460
5784863,8169,330,361461
5784879,8057,5098,361462
5784895,8305,12822,361463
5784911,8264,16262,361464
5784927,8126,12799,361465
5784943,8200,4278,361466
5784959,8097,400,361467
5784975,7953,3012,361468
5784991,8225,10564,361469
5785007,8068,16240,361470
5785023,8072,14060,361471
5785039,8138,6551,361472
5785055,8187,605,361473
5785071,8211,1908,361474
5785087,8193,9020,361475
5785103,8026,15483,361476
5785119,8142,15442,361477
5785135,8109,8433,361478
5785151,8160,1369,361479
5785167,8238,587,361480
5785183,8000,6556,361481
5785199,8072,14189,361482
5785215,8150,16258,361483
5785231,8003,10596,361484
5785247,8096,2973,361485
5785263,8131,381,361486
5785279,8112,5055,361487
5785295,8192,12769,361488
5785311,8229,16303,361489
5785327,8103,12845,361490
5785343,8251,4286,361491
5785359,8227,328,361492
5785375,8189,3013,361493
5785391,8092,10593,361494
5785407,8146,16197,361495
5785423,8239,14075,361496
5785439,8073,6570,361497
5785455,8132,608,361498
5785471,8127,1888,361499
5785487,8021,8992,361500
5785503,8238,15499,361501
5785519,8230,15496,361502
5785535,8150,8411,361503
5785551,8243,1387,361504
5785567,8109,568,361505
5785583,8248,6586,361506
5785599,8196,14198,361507
5785615,8035,16255,361508
5785631,8238,10604,361509
5785647,8054,3010,361510
5785663,7965,354,361511
5785679,8297,5059,361512
5785695,8094,12770,361513
5785711,8048,16220,361514
5785727,8246,12761,361515
5785743,7981,4249,361516
5785759,8094,270,361517
5785775,8478,3003,361518
5785791,8021,10626,361519
5785807,8246,16259,361520
5785823,8190,14018,361521
5785839,7992,6575,361522
5785855,8214,604,361523
5785871,8071,1889,361524
5785887,8115,9029,361525
5785903,8306,15526,361526
5785919,8135,15476,361527
5785935,8130,8389,361528
5785951,8346,1346,361529
5785967,8150,560,361530
5785983,8337,6580,361531
5785999,8310,14279,361532
5786015,7926,16223,361533
5786031,8291,10629,361534
5786047,8155,3024,361535
5786063,8135,387,361536
5786079,8293,5119,361537
5786095,7932,12797,361538
5786111,8042,16273,361539
5786127,8274,12758,361540
5786143,7925,4330,361541
5786159,8181,285,361542
5786175,8350,3013,361543
5786191,7977,10572,361544
5786207,8442,16277,361545
5786223,8139,13977,361546
5786239,8044,6543,361547
5786255,8195,611,361548
5786271,8131,1931,361549
5786287,8064,8996,361550
5786303,8315,15538,361551
5786319,8071,15456,361552
5786335,8052,8343,361553
5786351,8171,1334,361554
5786367,8031,560,361555
5786383,8033,6570,361556
5786399,8090,14223,361557
5786415,8124,16228,361558
5786431,8029,10571,361559
5786447,8198,3002,361560
5786463,8148,312,361561
5786479,8052,5060,361562
5786495,8160,12777,361563
5786511,8123,16329,361564
5786527,8048,12827,361565
5786543,8000,4328,361566
5786559,8161,559,361567
5786575,8071,2986,361568
5786591,8128,10562,361569
5786607,8196,16275,361570
5786623,8049,14060,361571
5786639,8163,6646,361572
5786655,8220,668,361573
5786671,8240,1892,361574
5786687,8228,9001,361575
5786703,7999,15457,361576
5786719,8164,15511,361577
5786735,8100,8449,361578
5786751,7961,1401,361579
5786767,8133,494,361580
5786783,8050,6627,361581
5786799,8098,14245,361582
5786815,8273,16229,361583
5786831,8173,10611,361584
5786847,8219,3015,361585
5786863,8404,372,361586
5786879,7969,5025,361587
5786895,8185,12764,361588
5786911,8171,16298,361589
5786927,7946,12791,361590
5786943,8364,4327,361591
5786959,8223,375,361592
5786975,7871,2936,361593
5786991,8310,10624,361594
5787007,7995,16202,361595
5787023,7898,14001,361596
5787039,8302,6642,361597
5787055,8021,593,361598
5787071,8118,1905,361599
5787087,8439,9020,361600
5787103,8083,15564,361601
5787119,8320,15484,361602
5787135,8079,8436,361603
5787151,8035,1414,361604
5787167,8208,577,361605
5787183,7993,6591,361606
5787199,8069,14255,361607
5787215,8120,16266,361608
5787231,8066,10648,361609
5787247,8234,2995,361610
5787263,8261,369,361611
5787279,8077,5044,361612
5787295,8295,12725,361613
5787311,8226,16298,361614
5787327,7955,12726,361615
5787343,8307,4286,361616
5787359,8031,306,361617
5787375,8103,2979,361618
5787391,8172,10597,361619
5787407,7928,16210,361620
5787423,8157,14077,361621
5787439,8206,6658,361622
5787455,8046,601,361623
5787471,8160,1873,361624
5787487,8210,9056,361625
5787503,8118,15466,361626
5787519,8283,15556,361627
5787535,8163,8369,361628
5787551,8280,1421,361629
5787567,8142,522,361630
5787583,8285,6599,361631
5787599,8312,14204,361632
5787615,8147,16290,361633
5787631,8148,10630,361634
5787647,8215,3022,361635
5787663,7788,352,361636
5787679,8150,5077,361637
5787695,8143,12780,361638
5787711,8002,16267,361639
5787727,8319,12778,361640
5787743,8129,4246,361641
5787759,8207,333,361642
5787775,8469,2984,361643
5787791,8208,10630,361644
5787807,8344,16232,361645
5787823,8323,14150,361646
5787839,7987,6567,361647
5787855,8048,596,361648
5787871,8181,1956,361649
5787887,8008,9064,361650
5787903,8219,15513,361651
5787919,7963,15460,361652
5787935,8100,8453,361653
5787951,8401,1408,361654
5787967,8100,515,361655
5787983,8260,6615,361656
5787999,8393,14184,361657
5788015,8014,16259,361658
5788031,8251,10603,361659
5788047,8223,3024,361660
5788063,7993,351,361661
5788079,8114,5045,361662
5788095,7811,12783,361663
5788111,7939,16271,361664
5788127,8259,12779,361665
5788143,7907,4275,361666
5788159,8166,290,361667
5788175,8282,3042,361668
5788191,8057,10591,361669
5788207,8394,16244,361670
5788223,8227,14004,361671
5788239,8002,6588,361672
5788255,8198,604,361673
5788271,8144,1892,361674
5788287,7954,9039,361675
5788303,8156,15485,361676
5788319,7984,15442,361677
5788335,8050,8404,361678
5788351,8249,1339,361679
5788367,8048,537,361680
5788383,8258,6633,361681
5788399,8353,14208,361682
5788415,8118,16263,361683
5788431,8324,10648,361684
5788447,8214,2942,361685
5788463,8161,361,361686
5788479,8338,5090,361687
5788495,7989,12833,361688
5788511,8078,16208,361689
5788527,8024,12761,361690
5788543,7900,4295,361691
5788559,8247,302,361692
5788575,8161,2959,361693
5788591,7932,10581,361694
5788607,8124,16176,361695
5788623,8115,14010,361696
5788639,8111,6558,361697
5788655,8266,574,361698
5788671,8061,1871,361699
5788687,8265,9026,361700
5788703,8206,15515,361701
5788719,7984,15494,361702
5788735,8156,8429,361703
5788751,8116,1383,361704
5788767,8100,518,361705
5788783,8035,6650,361706
5788799,8083,14230,361707
5788815,8154,16254,361708
5788831,8146,10599,361709
5788847,8072,3004,361710
5788863,8246,330,361711
5788879,7993,5072,361712
5788895,8128,12730,361713
5788911,8407,16290,361714
5788927,8056,12836,361715
5788943,8166,4272,361716
5788959,8175,357,361717
5788975,7963,3040,361718
5788991,8159,10578,361719
5789007,8066,16240,361720
5789023,7828,14028,361721
5789039,8264,6575,361722
5789055,8188,633,361723
5789071,8051,1840,361724
5789087,8425,9043,361725
5789103,8082,15427,361726
5789119,8360,15583,361727
5789135,8432,8436,361728
5789151,7930,1325,361729
5789167,8283,548,361730
5789183,8048,6616,361731
5789199,7915,14136,361732
5789215,8209,16215,361733
5789231,7853,10569,361734
5789247,8205,2982,361735
5789263,8267,290,361736
5789279,7917,5087,361737
5789295,8181,12760,361738
5789311,8291,16263,361739
5789327,8049,12761,361740
5789343,8403,4296,361741
5789359,8133,351,361742
5789375,8022,3037,361743
5789391,8390,10562,361744
5789407,8036,16208,361745
5789423,7999,14094,361746
5789439,8423,6686,361747
5789455,8029,548,361748
5789471,8188,1882,361749
5789487,8318,9051,361750
5789503,7952,15404,361751
5789519,8318,15499,361752
5789535,8146,8388,361753
5789551,7906,1334,361754
5789567,8289,567,361755
5789583,8242,6664,361756
5789599,8116,14168,361757
5789615,8226,16263,361758
5789631,8000,10598,361759
5789647,8210,3065,361760
5789663,8123,309,361761
5789679,7956,5017,361762
5789695,8285,12884,361763
5789711,8205,16265,361764
5789727,8146,12835,361765
5789743,8285,4349,361766
5789759,8037,337,361767
5789775,8106,2979,361768
5789791,8268,10635,361769
5789807,8070,16179,361770
5789823,8217,14064,361771
5789839,8242,6652,361772
5789855,8172,664,361773
5789871,8225,1885,361774
5789887,8250,9048,361775
5789903,8234,15515,361776
5789919,8118,15473,361777
5789935,8091,8390,361778
5789951,8167,1349,361779
5789967,8253,560,361780
5789983,8019,6601,361781
5789999,8317,14215,361782
5790015,8172,16331,361783
5790031,8222,10616,361784
5790047,8262,2961,361785
5790063,8039,393,361786
5790079,8239,5048,361787
5790095,8043,12768,361788
5790111,8021,16260,361789
5790127,8273,12792,361790
5790143,8005,4288,361791
5790159,8072,389,361792
5790175,8338,2982,361793
5790191,7971,10574,361794
5790207,8192,16182,361795
5790223,8433,14098,361796
5790239,7885,6576,361797
5790255,8264,608,361798
5790271,8303,1908,361799
5790287,7909,9043,361800
5790303,8148,15443,361801
5790319,7891,15465,361802
5790335,7932,8436,361803
5790351,8305,1406,361804
5790367,8044,545,361805
5790383,8151,6627,361806
5790399,8260,14256,361807
5790415,7970,16224,361808
5790431,8311,10595,361809
5790447,8202,2997,361810
5790463,8067,345,361811
5790479,8375,5078,361812
5790495,8057,12741,361813
5790511,8164,16294,361814
5790527,8159,12786,361815
5790543,8030,4317,361816
5790559,8163,328,361817
5790575,8357,3033,361818
5790591,7938,10560,361819
5790607,8374,16229,361820
5790623,8227,14016,361821
5790639,8001,6584,361822
5790655,8405,664,361823
5790671,8159,1930,361824
5790687,7999,8976,361825
5790703,8306,15522,361826
5790719,8121,15510,361827
5790735,8012,8409,361828
5790751,8153,1368,361829
5790767,8008,520,361830
5790783,8058,6592,361831
5790799,8262,14245,361832
5790815,8126,16288,361833
5790831,8064,10545,361834
5790847,8117,3025,361835
5790863,8134,348,361836
5790879,8262,5088,361837
5790895,8211,12801,361838
5790911,8167,16328,361839
5790927,8140,12831,361840
5790943,8178,4290,361841
5790959,8181,272,361842
5790975,7925,2976,361843
5790991,8023,10566,361844
5791007,8177,16222,361845
5791023,7884,14026,361846
5791039,8078,6628,361847
5791055,8002,623,361848
5791071,7973,1905,361849
5791087,8272,9014,361850
5791103,8228,15487,361851
5791119,8082,15442,361852
5791135,8246,8418,361853
5791151,8239,1405,361854
5791167,8195,565,361855
5791183,8224,6601,361856
5791199,8066,14234,361857
5791215,8117,16269,361858
5791231,8163,10599,361859
5791247,7962,2973,361860
5791263,8288,355,361861
5791279,8097,5074,361862
5791295,8051,12756,361863
5791311,8191,16321,361864
5791327,7942,12764,361865
5791343,8241,4283,361866
5791359,8248,375,361867
5791375,8008,2984,361868
5791391,8139,10566,361869
5791407,8112,16204,361870
5791423,8042,14108,361871
5791439,8245,6604,361872
5791455,7954,576,361873
5791471,8083,1862,361874
5791487,8249,9035,361875
5791503,8167,15535,361876
5791519,8211,15491,361877
5791535,8407,8493,361878
5791551,7982,1340,361879
5791567,8338,539,361880
5791583,8264,6593,361881
5791599,8078,14220,361882
5791615,8241,16267,361883
5791631,8106,10591,361884
5791647,8086,2968,361885
5791663,8247,539,361886
5791679,8084,5070,361887
5791695,8062,12751,361888
5791711,8151,16202,361889
5791727,8003,12743,361890
5791743,8182,4227,361891
5791759,8136,343,361892
5791775,8140,2994,361893
5791791,8359,10634,361894
5791807,8127,16271,361895
5791823,8161,13994,361896
5791839,8166,6580,361897
5791855,8031,622,361898
5791871,8243,1937,361899
5791887,8237,9000,361900
5791903,8116,15516,361901
5791919,8202,15505,361902
5791935,8063,8416,361903
5791951,8197,1432,361904
5791967,8243,571,361905
5791983,8098,6639,361906
5791999,8163,14204,361907
5792015,8145,16253,361908
5792031,8169,10600,361909
5792047,8203,2990,361910
5792063,8167,344,361911
5792079,8198,5097,361912
5792095,8190,12888,361913
5792111,8053,16349,361914
5792127,8084,12827,361915
5792143,8053,4273,361916
5792159,7919,295,361917
5792175,8192,2983,361918
5792191,8054,10610,361919
5792207,8221,16185,361920
5792223,8282,14115,361921
5792239,8053,6590,361922
5792255,8228,564,361923
5792271,8249,1874,361924
5792287,8024,9049,361925
5792303,8277,15501,361926
5792319,8182,15528,361927
5792335,7906,8396,361928
5792351,8135,1354,361929
5792367,7959,507,361930
5792383,7956,6568,361931
5792399,8267,14134,361932
5792415,8180,16356,361933
5792431,8232,10627,361934
5792447,8367,2990,361935
5792463,8006,318,361936
5792479,8247,5111,361937
5792495,8145,12758,361938
5792511,8039,16237,361939
5792527,8304,12786,361940
5792543,7964,4318,361941
5792559,8076,333,361942
5792575,8285,3005,361943
5792591,8071,10642,361944
5792607,8263,16154,361945
5792623,8244,14066,361946
5792639,8020,6603,361947
5792655,8202,553,361948
5792671,8115,1844,361949
5792687,8045,9006,361950
5792703,8421,15531,361951
5792719,8218,15562,361952
5792735,8132,8471,361953
5792751,8310,1420,361954
5792767,8065,584,361955
5792783,8094,6628,361956
5792799,8156,14213,361957
5792815,7959,16240,361958
5792831,8116,10624,361959
5792847,8217,2963,361960
5792863,8019,315,361961
5792879,8236,5049,361962
5792895,8060,12720,361963
5792911,7999,16210,361964
5792927,8154,12830,361965
5792943,8150,4278,361966
5792959,8172,301,361967
5792975,8035,2990,361968
5792991,8098,10613,361969
5793007,8036,16198,361970
5793023,7996,13996,361971
5793039,8124,6605,361972
5793055,8041,616,361973
5793071,8064,1906,361974
5793087,8323,9020,361975
5793103,8185,15498,361976
5793119,8032,15488,361977
5793135,8223,8421,361978
5793151,8185,1401,361979
5793167,8222,548,361980
5793183,8321,6642,361981
5793199,8029,14199,361982
5793215,8078,16276,361983
5793231,8125,10615,361984
5793247,8071,2968,361985
5793263,8054,354,361986
5793279,8079,5092,361987
5793295,7918,12757,361988
5793311,8306,16248,361989
5793327,8161,12833,361990
5793343,8298,4327,361991
5793359,8237,324,361992
5793375,8158,2933,361993
5793391,8303,10607,361994
5793407,8140,16169,361995
5793423,8040,14095,361996
5793439,8315,6612,361997
5793455,8130,600,361998
5793471,7987,1898,361999
5793487,8273,9009,362000
5793503,7843,15441,362001
5793519,8081,15510,362002
5793535,8323,8394,362003
5793551,8101,1361,362004
5793567,8323,515,362005
5793583,8450,6616,362006
5793599,8103,14175,362007
5793615,8404,16275,362008
5793631,8157,10613,362009
5793647,7960,2991,362010
5793663,8225,328,362011
5793679,8049,5091,362012
5793695,7977,12855,362013
5793711,8241,16305,362014
5793727,7936,12784,362015
5793743,8180,4342,362016
5793759,8206,350,362017
5793775,8103,2965,362018
5793791,8456,10600,362019
5793807,8348,16253,362020
5793823,8032,14020,362021
5793839,8366,6620,362022
5793855,8077,597,362023
5793871,8084,1909,362024
5793887,8261,9064,362025
5793903,7987,15509,362026
5793919,8034,15497,362027
5793935,8240,8424,362028
5793951,7959,1384,362029
5793967,8190,499,362030
5793983,8277,6619,362031
5793999,8124,14245,362032
5794015,8412,16310,362033
5794031,8176,10632,362034
5794047,8249,2998,362035
5794063,8207,365,362036
5794079,8134,5059,362037
5794095,8111,12775,362038
5794111,8048,16306,362039
5794127,8177,12839,362040
5794143,8029,4306,362041
5794159,8135,368,362042
5794175,8091,2969,362043
5794191,8098,10556,362044
5794207,8129,16200,362045
5794223,8188,13972,362046
5794239,8234,6579,362047
5794255,8233,652,362048
5794271,8362,1896,362049
5794287,8100,8998,362050
5794303,8173,15470,362051
5794319,8154,15527,362052
5794335,7886,8439,362053
5794351,8151,1363,362054
5794367,8150,576,362055
5794383,7814,6552,362056
5794399,8168,14158,362057
5794415,8032,16302,362058
5794431,8156,10575,362059
5794447,8195,2989,362060
5794463,8173,393,362061
5794479,8262,5042,362062
5794495,8375,12831,362063
5794511,8153,16346,362064
5794527,8172,12780,362065
5794543,8137,4287,362066
5794559,8133,394,362067
5794575,8104,2948,362068
5794591,7885,10605,362069
5794607,8028,16200,362070
5794623,8123,14000,362071
5794639,7882,6577,362072
5794655,8172,636,362073
5794671,8209,1848,362074
5794687,8173,9046,362075
5794703,8282,15472,362076
5794719,8243,15443,362077
5794735,7963,8408,362078
5794751,8245,1359,362079
5794767,8091,585,362080
5794783,8070,6630,362081
5794799,8342,14228,362082
5794815,8022,16382,362083
5794831,8164,10596,362084
5794847,8338,3014,362085
5794863,8106,357,362086
5794879,8049,5082,362087
5794895,8312,12824,362088
5794911,8201,16301,362089
5794927,8223,12737,362090
5794943,8225,4313,362091
5794959,8126,356,362092
5794975,8192,2967,362093
5794991,8120,10643,362094
5795007,8284,16209,362095
5795023,7961,14048,362096
5795039,8089,6613,362097
5795055,8205,601,362098
5795071,7998,1846,362099
5795087,7956,8992,362100
5795103,8176,15482,362101
5795119,8060,15478,362102
5795135,8287,8448,362103
5795151,8302,1383,362104
5795167,8120,539,362105
5795183,8177,6610,362106
5795199,8265,14262,362107
5795215,8141,16285,362108
5795231,8184,10558,362109
5795247,8072,2957,362110
5795263,8129,344,362111
5795279,8034,5062,362112
5795295,8007,12822,362113
5795311,8158,16266,362114
5795327,7995,12838,362115
5795343,8045,4294,362116
5795359,8201,334,362117
5795375,8077,2963,362118
5795391,8174,10573,362119
5795407,8272,16272,362120
5795423,8112,14061,362121
5795439,8266,6583,362122
5795455,8192,602,362123
5795471,8016,1843,362124
5795487,8178,9002,362125
5795503,8051,15498,362126
5795519,8029,15453,362127
5795535,8292,8448,362128
5795551,8094,1351,362129
5795567,8094,477,362130
5795583,8339,6635,362131
5795599,8173,14226,362132
5795615,8394,16340,362133
5795631,8215,10588,362134
5795647,8103,3001,362135
5795663,8183,343,362136
5795679,8075,5041,362137
5795695,7872,12837,362138
5795711,8195,16233,362139
5795727,7921,12787,362140
5795743,8069,4282,362141
5795759,8277,312,362142
5795775,8040,2957,362143
5795791,8348,10632,362144
5795807,8306,16244,362145
5795823,8209,14066,362146
5795839,8355,6616,362147
5795855,8269,547,362148
5795871,8169,1896,362149
5795887,8236,9022,362150
5795903,7988,15541,362151
5795919,8038,15475,362152
5795935,8141,8392,362153
5795951,7926,1380,362154
5795967,8261,512,362155
5795983,8120,6572,362156
5795999,7928,14213,362157
5796015,8247,16285,362158
5796031,8284,10637,362159
5796047,8111,3017,362160
5796063,8172,358,362161
5796079,8203,5039,362162
5796095,8167,12835,362163
5796111,8168,16333,362164
5796127,8018,12819,362165
5796143,8050,4270,362166
5796159,8013,298,362167
5796175,8080,3017,362168
5796191,8142,10632,362169
5796207,8083,16166,362170
5796223,8259,14068,362171
5796239,8211,6611,362172
5796255,8197,633,362173
5796271,8218,1889,362174
5796287,8125,9023,362175
5796303,8151,15542,362176
5796319,8223,15488,362177
5796335,8204,8447,362178
5796351,8170,1365,362179
5796367,8190,548,362180
5796383,8144,6604,362181
5796399,8071,14174,362182
5796415,8247,16346,362183
5796431,8101,10602,362184
5796447,8216,2971,362185
5796463,8130,289,362186
5796479,8207,5080,362187
5796495,8186,12736,362188
5796511,8176,16221,362189
5796527,8208,12790,362190
5796543,8251,4320,362191
5796559,8112,376,362192
5796575,8109,2951,362193
5796591,8074,10590,362194
5796607,8068,16185,362195
5796623,8229,14106,362196
5796639,7907,6554,362197
5796655,8115,610,362198
5796671,8286,1922,362199
5796687,8098,8980,362200
5796703,8161,15482,362201
5796719,8386,15528,362202
5796735,8064,8459,362203
5796751,8303,1365,362204
5796767,8240,583,362205
5796783,8072,6645,362206
5796799,8113,14211,362207
5796815,7971,16311,362208
5796831,7838,10588,362209
5796847,8330,3024,362210
5796863,7868,292,362211
5796879,8067,5058,362212
5796895,8357,12802,362213
5796911,8198,16229,362214
5796927,8249,12798,362215
5796943,8304,4308,362216
5796959,7946,286,362217
5796975,8243,2981,362218
5796991,8059,10651,362219
5797007,7996,16219,362220
5797023,8148,14050,362221
5797039,7963,6572,362222
5797055,8112,590,362223
5797071,8180,1946,362224
5797087,8063,9013,362225
5797103,8211,15472,362226
5797119,8242,15514,362227
5797135,7982,8377,362228
5797151,8346,1346,362229
5797167,8148,587,362230
5797183,8069,6638,362231
5797199,8150,14191,362232
5797215,8093,16322,362233
5797231,8052,10629,362234
5797247,8145,2989,362235
5797263,7938,283,362236
5797279,8144,5051,362237
5797295,8022,12763,362238
5797311,8025,16241,362239
5797327,8173,12845,362240
5797343,8060,4320,362241
5797359,8165,318,362242
5797375,8203,3014,362243
5797391,8242,10581,362244
5797407,8220,16259,362245
5797423,8127,14073,362246
5797439,8297,6612,362247
5797455,8303,612,362248
5797471,8005,1867,362249
5797487,8215,9066,362250
5797503,8108,15526,362251
5797519,7933,15439,362252
5797535,8084,8379,362253
5797551,7963,1368,362254
5797567,8027,513,362255
5797583,8314,6607,362256
5797599,8152,14248,362257
5797615,8220,16262,362258
5797631,8393,10594,362259
5797647,8093,2956,362260
5797663,8220,315,362261
5797679,8323,5095,362262
5797695,8084,12798,362263
5797711,8326,16279,362264
5797727,7996,12770,362265
5797743,7978,4297,362266
5797759,8281,317,362267
5797775,7975,2955,362268
5797791,8219,10612,362269
5797807,8314,16180,362270
5797823,8131,14098,362271
5797839,8424,6585,362272
5797855,8314,645,362273
5797871,7998,1868,362274
5797887,8289,8995,362275
5797903,8034,15469,362276
5797919,7967,15518,362277
5797935,8131,8423,362278
5797951,7814,1395,362279
5797967,7949,484,362280
5797983,8275,6621,362281
5797999,7974,14198,362282
5798015,8237,16262,362283
5798031,8249,10601,362284
5798047,8098,3004,362285
5798063,8302,352,362286
5798079,8119,5048,362287
5798095,7959,12748,362288
5798111,8291,16297,362289
5798127,8084,12749,362290
5798143,8022,4329,362291
5798159,8135,321,362292
5798175,7986,2995,362293
5798191,8070,10564,362294
5798207,8213,16229,362295
5798223,8024,14002,362296
5798239,8147,6594,362297
5798255,8174,631,362298
5798271,8278,1884,362299
5798287,8297,9035,362300
5798303,8085,15495,362301
5798319,8209,15515,362302
5798335,8297,8463,362303
5798351,8158,1373,362304
5798367,8198,542,362305
5798383,8190,6620,362306
5798399,8096,14208,362307
5798415,8212,16268,362308
5798431,8074,10618,362309
5798447,8009,2950,362310
5798463,8208,330,362311
5798479,8139,5101,362312
5798495,8226,12777,362313
5798511,8259,16278,362314
5798527,8289,12846,362315
5798543,8268,4339,362316
5798559,8127,316,362317
5798575,7992,2957,362318
5798591,8124,10620,362319
5798607,8195,16214,362320
5798623,8226,14080,362321
5798639,8056,6580,362322
5798655,8015,569,362323
5798671,8132,1882,362324
5798687,8047,9007,362325
5798703,8041,15431,362326
5798719,8223,15483,362327
5798735,8091,8431,362328
5798751,8381,1414,362329
5798767,8262,586,362330
5798783,8037,6636,362331
5798799,8227,14225,362332
5798815,8087,16257,362333
5798831,8029,10569,362334
5798847,8189,2958,362335
5798863,8045,349,362336
5798879,8045,5073,362337
5798895,8376,12846,362338
5798911,8144,16261,362339
5798927,8266,12819,362340
5798943,8247,4335,362341
5798959,8095,333,362342
5798975,8233,2950,362343
5798991,8085,10560,362344
5799007,8036,16224,362345
5799023,8265,14056,362346
5799039,7949,6589,362347
5799055,8026,647,362348
5799071,8143,1855,362349
5799087,8035,9012,362350
5799103,8209,15473,362351
5799119,8175,15476,362352
5799135,7972,8451,362353
5799151,8191,1350,362354
5799167,8296,589,362355
5799183,8014,6583,362356
5799199,8191,14192,362357
5799215,8109,16345,362358
5799231,8150,10631,362359
5799247,8378,2995,362360
5799263,7997,347,362361
5799279,8138,5038,362362
5799295,8273,12821,362363
5799311,7944,16326,362364
5799327,8140,12753,362365
5799343,8224,4275,362366
5799359,8164,298,362367
5799375,8273,2977,362368
5799391,8178,10639,362369
5799407,8135,16214,362370
5799423,8190,13994,362371
5799439,8187,6598,362372
5799455,8200,650,362373
5799471,8220,1894,362374
5799487,8227,9060,362375
5799503,8241,15505,362376
5799519,7992,15471,362377
5799535,8096,8403,362378
5799551,8103,1360,362379
5799567,8128,591,362380
5799583,8254,6655,362381
5799599,8275,14171,362382
5799615,8080,16237,362383
5799631,8320,10601,362384
5799647,8242,2970,362385
5799663,8101,328,362386
5799679,8218,5057,362387
5799695,8017,12784,362388
5799711,8056,16312,362389
5799727,8079,12798,362390
5799743,7974,4426,362391
5799759,8017,337,362392
5799775,7983,2948,362393
5799791,8217,10600,362394
5799807,8359,16232,362395
5799823,8136,14088,362396
5799839,8227,6575,362397
5799855,8241,639,362398
5799871,8169,1888,362399
5799887,8379,9054,362400
5799903,8121,15499,362401
5799919,8122,15464,362402
5799935,8224,8418,362403
5799951,7965,1386,362404
5799967,8051,555,362405
5799983,8222,6592,362406
5799999,8037,14173,362407
5800015,8248,16283,362408
5800031,8380,10593,362409
5800047,8035,2946,362410
5800063,8315,342,362411
5800079,8135,5026,362412
5800095,7935,12827,362413
5800111,8246,16259,362414
5800127,8031,12742,362415
5800143,7983,4336,362416
5800159,8250,390,362417
5800175,7993,2981,362418
5800191,8020,10619,362419
5800207,8288,16159,362420
5800223,8005,14046,362421
5800239,8191,6612,362422
5800255,8213,640,362423
5800271,8031,1852,362424
5800287,8535,9022,362425
5800303,8258,15523,362426
5800319,8074,15485,362427
5800335,8372,8426,362428
5800351,8030,1349,362429
5800367,8089,495,362430
5800383,8257,6634,362431
5800399,7883,14142,362432
5800415,8187,16240,362433
5800431,8184,10559,362434
5800447,8042,3021,362435
5800463,8294,354,362436
5800479,8127,5016,362437
5800495,7966,12804,362438
5800511,8195,16258,362439
5800527,8211,12830,362440
5800543,8129,4248,362441
5800559,8280,316,362442
5800575,8040,2959,362443
5800591,8139,10628,362444
5800607,8144,16214,362445
5800623,8030,14031,362446
5800639,8237,6664,362447
5800655,8143,627,362448
5800671,8238,1878,362449
5800687,8185,8995,362450
5800703,8066,15477,362451
5800719,8160,15502,362452
5800735,8117,8372,362453
5800751,8109,1384,362454
5800767,8293,578,362455
5800783,8036,6570,362456
5800799,8326,14242,362457
5800815,8274,16288,362458
5800831,7977,10577,362459
5800847,8219,3031,362460
5800863,8084,307,362461
5800879,7970,5004,362462
5800895,8292,12755,362463
5800911,8119,16362,362464
5800927,8052,12731,362465
5800943,8177,4285,362466
5800959,8216,382,362467
5800975,8261,3004,362468
5800991,8326,10601,362469
5801007,8090,16253,362470
5801023,8240,14047,362471
5801039,8204,6592,362472
5801055,8004,594,362473
5801071,8299,1869,362474
5801087,7945,9000,362475
5801103,8084,15472,362476
5801119,8149,15497,362477
5801135,8051,8430,362478
5801151,8251,1366,362479
5801167,8387,594,362480
5801183,8052,6688,362481
5801199,8461,14170,362482
5801215,8275,16144,362483
5801231,8002,10609,362484
5801247,8356,3054,362485
5801263,8055,375,362486
5801279,7964,5069,362487
5801295,8218,12738,362488
5801311,7964,16325,362489
5801327,8201,12758,362490
5801343,8243,4326,362491
5801359,8064,257,362492
5801375,8154,3021,362493
5801391,8235,10588,362494
5801407,8113,16182,362495
5801423,8302,13997,362496
5801439,8141,6598,362497
5801455,8147,598,362498
5801471,8247,1848,362499
5801487,8088,9042,362500
5801503,8080,15468,362501
5801519,8166,15508,362502
5801535,8121,8440,362503
5801551,8165,1377,362504
5801567,8002,522,362505
5801583,8149,6621,362506
5801599,8290,14181,362507
5801615,8051,16273,362508
5801631,8143,10556,362509
5801647,8220,2981,362510
5801663,7956,361,362511
5801679,8266,5151,362512
5801695,8345,12800,362513
5801711,7916,16236,362514
5801727,8162,12743,362515
5801743,8219,4328,362516
5801759,8050,358,362517
5801775,8143,2957,362518
5801791,8163,10597,362519
5801807,8206,16280,362520
5801823,8031,14004,362521
5801839,8058,6568,362522
5801855,8161,595,362523
5801871,8157,1930,362524
5801887,8305,9005,362525
5801903,8403,15553,362526
5801919,8179,15478,362527
5801935,8201,8439,362528
5801951,8073,1368,362529
5801967,8084,520,362530
5801983,8212,6610,362531
5801999,7876,14157,362532
5802015,7983,16305,362533
5802031,8226,10557,362534
5802047,8030,2987,362535
5802063,8184,311,362536
5802079,8297,5075,362537
5802095,8079,12766,362538
5802111,8328,16334,362539
5802127,8216,12830,362540
5802143,8033,4288,362541
5802159,8226,360,362542
5802175,8030,2973,362543
5802191,7966,10622,362544
5802207,8285,16217,362545
5802223,7913,14055,362546
5802239,8118,6611,362547
5802255,8273,603,362548
5802271,8124,1907,362549
5802287,8398,9029,362550
5802303,8275,15527,362551
5802319,8146,15518,362552
5802335,8284,8423,362553
5802351,8121,1372,362554
5802367,7951,511,362555
5802383,8179,6536,362556
5802399,7875,14145,362557
5802415,8046,16294,362558
5802431,8313,10603,362559
5802447,7951,2930,362560
5802463,8329,310,362561
5802479,8341,5095,362562
5802495,7964,12740,362563
5802511,8397,16162,362564
5802527,8213,12819,362565
5802543,8138,4294,362566
5802559,8394,349,362567
5802575,8210,3006,362568
5802591,8060,10632,362569
5802607,8255,16242,362570
5802623,7982,14077,362571
5802639,8090,6605,362572
5802655,8092,601,362573
5802671,8082,1902,362574
5802687,8155,8993,362575
5802703,8068,15464,362576
5802719,8316,15552,362577
5802735,8267,8404,362578
5802751,8079,1409,362579
5802767,8184,510,362580
5802783,8260,6621,362581
5802799,8251,14212,362582
5802815,8298,16324,362583
5802831,8088,10617,362584
5802847,8144,3021,362585
5802863,8161,322,362586
5802879,8071,5037,362587
5802895,8177,12743,362588
5802911,8299,16305,362589
5802927,8049,12758,362590
5802943,8227,4331,362591
5802959,8184,346,362592
5802975,8070,3039,362593
5802991,8119,10598,362594
5803007,8296,16233,362595
5803023,8222,14075,362596
5803039,8125,6568,362597
5803055,8172,647,362598
5803071,8207,1800,362599
5803087,8168,9024,362600
5803103,8080,15514,362601
5803119,8216,15445,362602
5803135,8110,8398,362603
5803151,8232,1403,362604
5803167,8255,551,362605
5803183,8134,6633,362606
5803199,8466,14237,362607
5803215,8451,16331,362608
5803231,8010,10609,362609
5803247,8360,3037,362610
5803263,8194,308,362611
5803279,8106,5091,362612
5803295,8308,12783,362613
5803311,7945,16278,362614
5803327,7936,12753,362615
5803343,8304,4325,362616
5803359,8073,351,362617
5803375,8153,3026,362618
5803391,8330,10648,362619
5803407,8174,16205,362620
5803423,8292,14068,362621
5803439,8162,6576,362622
5803455,8148,626,362623
5803471,8362,1869,362624
5803487,8069,8999,362625
5803503,8153,15499,362626
5803519,8206,15475,362627
5803535,7938,8420,362628
5803551,8115,1345,362629
5803567,8128,540,362630
5803583,8055,6624,362631
5803599,8232,14234,362632
5803615,8169,16290,362633
5803631,8200,10642,362634
5803647,8423,3022,362635
5803663,8162,343,362636
5803679,8191,5027,362637
5803695,8259,12784,362638
5803711,8001,16254,362639
5803727,8170,12781,362640
5803743,8060,4264,362641
5803759,7981,347,362642
5803775,8124,2989,362643
5803791,8113,10600,362644
5803807,7984,16152,362645
5803823,8100,13989,362646
5803839,8169,6592,362647
5803855,8133,557,362648
5803871,8164,1863,362649
5803887,8136,9053,362650
5803903,8267,15528,362651
5803919,8107,15466,362652
5803935,8034,8402,362653
5803951,8110,1398,362654
5803967,8021,545,362655
5803983,8210,6652,362656
5803999,8103,14178,362657
5804015,8057,16241,362658
5804031,8174,10629,362659
5804047,8070,3016,362660
5804063,7973,307,362661
5804079,8220,5094,362662
5804095,8064,12754,362663
5804111,8201,16290,362664
5804127,8342,12852,362665
5804143,8063,4312,362666
5804159,8096,329,362667
5804175,8227,2983,362668
5804191,8103,10615,362669
5804207,8190,16217,362670
5804223,7950,14003,362671
5804239,8017,6569,362672
5804255,8151,606,362673
5804271,8011,1846,362674
5804287,8101,8994,362675
5804303,8184,15460,362676
5804319,8019,15456,362677
5804335,8441,8421,362678
5804351,8225,1365,362679
5804367,8022,548,362680
5804383,8248,6611,362681
5804399,8183,14222,362682
5804415,7954,16242,362683
5804431,8162,10591,362684
5804447,7892,3009,362685
5804463,8080,315,362686
5804479,8228,5059,362687
5804495,8012,12793,362688
5804511,8282,16301,362689
5804527,8239,12779,362690
5804543,8064,4320,362691
5804559,8465,384,362692
5804575,8085,2954,362693
5804591,7981,10596,362694
5804607,8261,16223,362695
5804623,7992,14087,362696
5804639,8023,6592,362697
5804655,8273,655,362698
5804671,7964,1887,362699
5804687,8084,8975,362700
5804703,8124,15475,362701
5804719,8090,15506,362702
5804735,8193,8456,362703
5804751,8114,1335,362704
5804767,8196,521,362705
5804783,8296,6632,362706
5804799,8170,14267,362707
5804815,8195,16323,362708
5804831,8258,10610,362709
5804847,8058,2982,362710
5804863,8113,300,362711
5804879,8157,5076,362712
5804895,8169,12774,362713
5804911,8263,16332,362714
5804927,8116,12782,362715
5804943,8158,4328,362716
5804959,8240,301,362717
5804975,8154,3007,362718
5804991,8166,10633,362719
5805007,8230,16226,362720
5805023,8138,14058,362721
5805039,8244,6602,362722
5805055,8046,568,362723
5805071,8173,1910,362724
5805087,8174,9056,362725
5805103,8084,15488,362726
5805119,8139,15525,362727
5805135,8090,8439,362728
5805151,8216,1372,362729
5805167,8202,507,362730
5805183,8086,6605,362731
5805199,8167,14212,362732
5805215,8169,16287,362733
5805231,8076,10582,362734
5805247,8329,2957,362735
5805263,8224,301,362736
5805279,8055,5077,362737
5805295,8336,12921,362738
5805311,8069,16256,362739
5805327,8085,12842,362740
5805343,8089,4296,362741
5805359,7950,342,362742
5805375,8037,3015,362743
5805391,8204,10567,362744
5805407,8039,16190,362745
5805423,8182,14035,362746
5805439,8265,6575,362747
5805455,8156,585,362748
5805471,8322,1919,362749
5805487,8285,9039,362750
5805503,8048,15482,362751
5805519,8156,15508,362752
5805535,8103,8466,362753
5805551,8105,1393,362754
5805567,8041,493,362755
5805583,7940,6583,362756
5805599,8170,14194,362757
5805615,8259,16377,362758
5805631,8040,10591,362759
5805647,8407,3007,362760
5805663,8308,393,362761
5805679,8169,5042,362762
5805695,8374,12797,362763
5805711,8083,16280,362764
5805727,8051,12753,362765
5805743,8197,4300,362766
5805759,7964,310,362767
5805775,8096,2984,362768
5805791,8222,10653,362769
5805807,8090,16196,362770
5805823,8188,14102,362771
5805839,8140,6571,362772
5805855,8096,578,362773
5805871,8211,1868,362774
5805887,8130,9010,362775
5805903,8114,15533,362776
5805919,8134,15484,362777
5805935,8089,8427,362778
5805951,8116,1364,362779
5805967,8148,598,362780
5805983,7995,6574,362781
5805999,8091,14187,362782
5806015,8020,16225,362783
5806031,8132,10615,362784
5806047,8097,2981,362785
5806063,8073,379,362786
5806079,8195,5057,362787
5806095,8146,12773,362788
5806111,8166,16243,362789
5806127,8110,12757,362790
5806143,8054,4278,362791
5806159,8147,283,362792
5806175,8304,3014,362793
5806191,8009,10580,362794
5806207,8215,16270,362795
5806223,7968,14032,362796
5806239,7999,6610,362797
5806255,8189,594,362798
5806271,8093,1865,362799
5806287,8085,9037,362800
5806303,8196,15513,362801
5806319,8182,15468,362802
5806335,8182,8374,362803
5806351,8259,1436,362804
5806367,8160,586,362805
5806383,8351,6579,362806
5806399,8177,14254,362807
5806415,8151,16327,362808
5806431,8265,10614,362809
5806447,8092,3025,362810
5806463,8116,376,362811
5806479,8119,5001,362812
5806495,8002,12774,362813
5806511,8150,16235,362814
5806527,8294,12753,362815
5806543,7972,4287,362816
5806559,8354,332,362817
5806575,8223,2993,362818
5806591,8100,10605,362819
5806607,8399,16230,362820
5806623,8081,14055,362821
5806639,8152,6602,362822
5806655,8250,663,362823
5806671,7986,1879,362824
5806687,8082,8965,362825
5806703,8190,15488,362826
5806719,8067,15503,362827
5806735,8201,8414,362828
5806751,8331,1409,362829
5806767,8043,470,362830
5806783,8340,6591,362831
5806799,8129,14176,362832
5806815,8213,16298,362833
5806831,8278,10585,362834
5806847,7976,2956,362835
5806863,8062,370,362836
5806879,8207,5034,362837
5806895,7990,12790,362838
5806911,8240,16287,362839
5806927,8222,12847,362840
5806943,7934,4261,362841
5806959,8281,390,362842
5806975,8242,3000,362843
5806991,8252,10578,362844
5807007,8306,16197,362845
5807023,8096,14087,362846
5807039,8187,6593,362847
5807055,8154,623,362848
5807071,8057,1870,362849
5807087,8056,8992,362850
5807103,8110,15506,362851
5807119,8128,15514,362852
5807135,8057,8385,362853
5807151,8091,1393,362854
5807167,8104,546,362855
5807183,8099,6564,362856
5807199,8088,14176,362857
5807215,8229,16241,362858
5807231,8043,10565,362859
5807247,8295,3023,362860
5807263,8269,350,362861
5807279,8053,5077,362862
5807295,8183,12840,362863
5807311,8272,16249,362864
5807327,7989,12821,362865
5807343,8129,4298,362866
5807359,8097,353,362867
5807375,8084,2961,362868
5807391,8224,10631,362869
5807407,8060,16204,362870
5807423,8119,14009,362871
5807439,8288,6574,362872
5807455,8043,611,362873
5807471,8357,1904,362874
5807487,8402,9028,362875
5807503,8079,15459,362876
5807519,8181,15466,362877
5807535,8180,8494,362878
5807551,7968,1346,362879
5807567,8190,551,362880
5807583,7988,6609,362881
5807599,8053,14175,362882
5807615,8263,16304,362883
5807631,7966,10657,362884
5807647,8385,2986,362885
5807663,8371,338,362886
5807679,8188,5082,362887
5807695,8376,12851,362888
5807711,8266,16274,362889
5807727,7988,12824,362890
5807743,8335,4402,362891
5807759,7988,356,362892
5807775,7867,2991,362893
5807791,8172,10582,362894
5807807,7834,16264,362895
5807823,8060,14012,362896
5807839,8137,6590,362897
5807855,7989,580,362898
5807871,8364,1868,362899
5807887,8213,9005,362900
5807903,8169,15501,362901
5807919,8365,15485,362902
5807935,8203,8447,362903
5807951,7987,1304,362904
5807967,8251,565,362905
5807983,7956,6616,362906
5807999,8024,14167,362907
5808015,8074,16321,362908
5808031,7880,10546,362909
5808047,8152,2945,362910
5808063,8024,362,362911
5808079,8094,5087,362912
5808095,8087,12759,362913
5808111,7993,16319,362914
5808127,8140,12757,362915
5808143,8194,4305,362916
5808159,7974,360,362917
5808175,8236,2992,362918
5808191,8114,10589,362919
5808207,8123,16197,362920
5808223,8119,14066,362921
5808239,8081,6608,362922
5808255,7959,596,362923
5808271,8125,1904,362924
5808287,8094,9042,362925
5808303,8142,15498,362926
5808319,8115,15435,362927
5808335,8151,8426,362928
5808351,8211,1373,362929
5808367,8046,592,362930
5808383,8218,6632,362931
5808399,8159,14213,362932
5808415,8000,16346,362933
5808431,8080,10616,362934
5808447,8128,3034,362935
5808463,7953,305,362936
5808479,8147,5060,362937
5808495,7954,12782,362938
5808511,8097,16235,362939
5808527,8343,12842,362940
5808543,8050,4324,362941
5808559,8191,368,362942
5808575,8137,2968,362943
5808591,8066,10610,362944
5808607,8329,16145,362945
5808623,8189,13998,362946
5808639,8135,6682,362947
5808655,8151,579,362948
5808671,7966,1885,362949
5808687,8098,9041,362950
5808703,8052,15431,362951
5808719,8018,15516,362952
5808735,8150,8410,362953
5808751,8505,1377,362954
5808767,8074,544,362955
5808783,8322,6613,362956
5808799,8311,14201,362957
5808815,8152,16302,362958
5808831,8344,10573,362959
5808847,8046,3028,362960
5808863,8118,310,362961
5808879,8177,5037,362962
5808895,7805,12750,362963
5808911,8160,16223,362964
5808927,8276,12832,362965
5808943,7988,4297,362966
5808959,8223,342,362967
5808975,8131,3002,362968
5808991,8041,10605,362969
5809007,8356,16245,362970
5809023,8090,14043,362971
5809039,8086,6609,362972
5809055,8431,674,362973
5809071,8018,1845,362974
5809087,8126,9010,362975
5809103,8205,15563,362976
5809119,7973,15562,362977
5809135,8068,8372,362978
5809151,8250,1393,362979
5809167,8067,542,362980
5809183,8162,6618,362981
5809199,8121,14170,362982
5809215,8179,16320,362983
5809231,8238,10631,362984
5809247,8194,2965,362985
5809263,8134,374,362986
5809279,8122,5041,362987
5809295,8221,12797,362988
5809311,8275,16322,362989
5809327,8088,12769,362990
5809343,8090,4294,362991
5809359,8161,370,362992
5809375,8060,2988,362993
5809391,8121,10612,362994
5809407,8236,16253,362995
5809423,8086,14074,362996
5809439,8249,6612,362997
5809455,8133,605,362998
5809471,8046,1886,362999
5809487,8257,9021,363000
5809503,8201,15461,363001
5809519,8336,15538,363002
5809535,8152,8422,363003
5809551,8030,1357,363004
5809567,8091,544,363005
5809583,8069,6619,363006
5809599,8109,14209,363007
5809615,8121,16281,363008
5809631,8075,10678,363009
5809647,8137,2958,363010
5809663,8216,311,363011
5809679,8147,5067,363012
5809695,8421,12784,363013
5809711,8226,16303,363014
5809727,8170,12803,363015
5809743,8365,4259,363016
5809759,8169,352,363017
5809775,7996,2981,363018
5809791,8311,10630,363019
5809807,8020,16218,363020
5809823,8056,13960,363021
5809839,8231,6605,363022
5809855,8055,618,363023
5809871,8244,1887,363024
5809887,8251,9027,363025
5809903,8133,15499,363026
5809919,8321,15479,363027
5809935,8142,8437,363028
5809951,8091,1348,363029
5809967,8344,563,363030
5809983,8010,6592,363031
5809999,7999,14205,363032
5810015,8129,16233,363033
5810031,8029,10605,363034
5810047,8106,2976,363035
5810063,8218,346,363036
5810079,7991,5066,363037
5810095,8238,12774,363038
5810111,8103,16280,363039
5810127,8028,12734,363040
5810143,8272,4310,363041
5810159,8013,398,363042
5810175,8110,2985,363043
5810191,8154,10576,363044
5810207,7950,16232,363045
5810223,8054,14032,363046
5810239,7992,6588,363047
5810255,7815,560,363048
5810271,8176,1896,363049
5810287,8116,8977,363050
5810303,8050,15469,363051
5810319,8191,15434,363052
5810335,8006,8404,363053
5810351,8150,1375,363054
5810367,8149,565,363055
5810383,8133,6630,363056
5810399,8139,14159,363057
5810415,8087,16276,363058
5810431,8024,10568,363059
5810447,8214,2958,363060
5810463,8169,390,363061
5810479,8162,5052,363062
5810495,8034,12758,363063
5810511,8034,16222,363064
5810527,8122,12758,363065
5810543,8015,4253,363066
5810559,8218,339,363067
5810575,8272,3018,363068
5810591,8149,10615,363069
5810607,8266,16222,363070
5810623,8217,14069,363071
5810639,8004,6613,363072
5810655,8181,588,363073
5810671,8082,1858,363074
5810687,8158,9046,363075
5810703,8140,15515,363076
5810719,8000,15458,363077
5810735,8037,8448,363078
5810751,8094,1387,363079
5810767,8007,556,363080
5810783,8138,6575,363081
5810799,8249,14228,363082
5810815,8198,16298,363083
5810831,8427,10611,363084
5810847,8270,2999,363085
5810863,8109,308,363086
5810879,8221,5074,363087
5810895,7967,12803,363088
5810911,8068,16287,363089
5810927,8180,12769,363090
5810943,7978,4327,363091
5810959,8104,312,363092
5810975,8258,2968,363093
5810991,7985,10607,363094
5811007,8477,16187,363095
5811023,8145,14008,363096
5811039,8130,6606,363097
5811055,8337,610,363098
5811071,8137,1883,363099
5811087,8008,8975,363100
5811103,8098,15464,363101
5811119,7988,15494,363102
5811135,8070,8446,363103
5811151,8206,1361,363104
5811167,7976,546,363105
5811183,8196,6578,363106
5811199,8308,14225,363107
5811215,8114,16245,363108
5811231,8266,10628,363109
5811247,8245,2995,363110
5811263,8213,374,363111
5811279,8349,5067,363112
5811295,8080,12822,363113
5811311,8188,16326,363114
5811327,8233,12775,363115
5811343,7993,4321,363116
5811359,8323,353,363117
5811375,8154,3034,363118
5811391,8052,10623,363119
5811407,8181,16257,363120
5811423,8000,13988,363121
5811439,8083,6592,363122
5811455,8221,597,363123
5811471,8140,1876,363124
5811487,8329,9032,363125
5811503,8264,15471,363126
5811519,8113,15435,363127
5811535,8211,8432,363128
5811551,8061,1357,363129
5811567,7997,497,363130
5811583,8150,6593,363131
5811599,8233,14222,363132
5811615,8095,16327,363133
5811631,7981,10621,363134
5811647,8133,2958,363135
5811663,8365,378,363136
5811679,8028,5043,363137
5811695,8231,12784,363138
5811711,8256,16245,363139
5811727,8126,12836,363140
5811743,8343,4341,363141
5811759,8046,305,363142
5811775,7904,2956,363143
5811791,8398,10596,363144
5811807,7990,16218,363145
5811823,8022,14087,363146
5811839,8182,6592,363147
5811855,7917,587,363148
5811871,8111,1903,363149
5811887,8203,9028,363150
5811903,8160,15466,363151
5811919,8247,15433,363152
5811935,8301,8429,363153
5811951,8101,1341,363154
5811967,8371,561,363155
5811983,8145,6620,363156
5811999,8044,14168,363157
5812015,8234,16266,363158
5812031,7948,10611,363159
5812047,8147,2989,363160
5812063,8086,310,363161
5812079,7977,5036,363162
5812095,8166,12747,363163
5812111,8258,16349,363164
5812127,8216,12800,363165
5812143,8342,4318,363166
5812159,8224,358,363167
5812175,8095,2988,363168
5812191,8403,10649,363169
5812207,8038,16148,363170
5812223,8048,14032,363171
5812239,8226,6602,363172
5812255,7895,639,363173
5812271,8195,1885,363174
5812287,8323,9028,363175
5812303,7936,15404,363176
5812319,8384,15506,363177
5812335,8139,8416,363178
5812351,8046,1334,363179
5812367,8316,520,363180
5812383,8240,6588,363181
5812399,8049,14222,363182
5812415,8164,16302,363183
5812431,7985,10572,363184
5812447,8174,3030,363185
5812463,8034,273,363186
5812479,7991,5074,363187
5812495,8095,12790,363188
5812511,8234,16257,363189
5812527,8055,12840,363190
5812543,8193,4287,363191
5812559,7980,358,363192
5812575,8345,3035,363193
5812591,8147,10540,363194
5812607,8078,16171,363195
5812623,8137,14071,363196
5812639,8150,6658,363197
5812655,8118,594,363198
5812671,8197,1927,363199
5812687,8034,8990,363200
5812703,8124,15514,363201
5812719,8106,15471,363202
5812735,8013,8387,363203
5812751,8120,1389,363204
5812767,8136,541,363205
5812783,8060,6604,363206
5812799,8260,14202,363207
5812815,8158,16300,363208
5812831,8167,10578,363209
5812847,8251,2996,363210
5812863,8132,346,363211
5812879,8218,5051,363212
5812895,8032,12835,363213
5812911,8093,16274,363214
5812927,8271,12799,363215
5812943,7896,4321,363216
5812959,8102,305,363217
5812975,8136,3029,363218
5812991,7942,10557,363219
5813007,8282,16146,363220
5813023,8264,14072,363221
5813039,8100,6638,363222
5813055,8484,588,363223
5813071,8237,1893,363224
5813087,7943,8998,363225
5813103,8362,15473,363226
5813119,8047,15540,363227
5813135,8101,8478,363228
5813151,8216,1384,363229
5813167,8033,510,363230
5813183,8094,6602,363231
5813199,8411,14164,363232
5813215,8072,16320,363233
5813231,8123,10584,363234
5813247,8242,3007,363235
5813263,8002,311,363236
5813279,8441,5106,363237
5813295,8017,12823,363238
5813311,8169,16337,363239
5813327,8255,12801,363240
5813343,8045,4287,363241
5813359,8113,354,363242
5813375,7992,2970,363243
5813391,7872,10610,363244
5813407,8121,16144,363245
5813423,8088,14014,363246
5813439,8010,6643,363247
5813455,8245,620,363248
5813471,8156,1848,363249
5813487,8199,9038,363250
5813503,8384,15530,363251
5813519,8164,15528,363252
5813535,8062,8396,363253
5813551,8133,1340,363254
5813567,8034,567,363255
5813583,8101,6653,363256
5813599,8090,14174,363257
5813615,8025,16284,363258
5813631,8174,10637,363259
5813647,8058,2953,363260
5813663,8166,289,363261
5813679,8255,5157,363262
5813695,8244,12864,363263
5813711,8153,16228,363264
5813727,8136,12746,363265
5813743,8214,4327,363266
5813759,8144,303,363267
5813775,8090,2962,363268
5813791,8203,10628,363269
5813807,8074,16180,363270
5813823,8057,14047,363271
5813839,8249,6637,363272
5813855,8186,679,363273
5813871,8104,1865,363274
5813887,8283,9023,363275
5813903,8020,15433,363276
5813919,8169,15504,363277
5813935,8277,8428,363278
5813951,8136,1359,363279
5813967,8463,518,363280
5813983,8364,6620,363281
5813999,8085,14213,363282
5814015,8205,16327,363283
5814031,8073,10600,363284
5814047,8036,2970,363285
5814063,8158,319,363286
5814079,7972,5056,363287
5814095,8259,12801,363288
5814111,8280,16265,363289
5814127,8014,12912,363290
5814143,8310,4313,363291
5814159,8162,402,363292
5814175,8148,2974,363293
5814191,8522,10626,363294
5814207,8146,16220,363295
5814223,8081,14120,363296
5814239,8323,6629,363297
5814255,7952,611,363298
5814271,7988,1849,363299
5814287,8086,8978,363300
5814303,7884,15550,363301
5814319,8129,15481,363302
5814335,8311,8454,363303
5814351,8078,1378,363304
5814367,8296,560,363305
5814383,8202,6565,363306
5814399,8209,14173,363307
5814415,8335,16329,363308
5814431,8027,10612,363309
5814447,8162,2996,363310
5814463,8148,296,363311
5814479,8027,5066,363312
5814495,8175,12827,363313
5814511,8045,16282,363314
5814527,7920,12823,363315
5814543,8148,4289,363316
5814559,8041,374,363317
5814575,8134,2992,363318
5814591,8244,10597,363319
5814607,8112,16216,363320
5814623,8119,14038,363321
5814639,8280,6604,363322
5814655,8150,583,363323
5814671,8166,1863,363324
5814687,8154,8988,363325
5814703,8058,15476,363326
5814719,8238,15525,363327
5814735,8184,8472,363328
5814751,8098,1414,363329
5814767,8173,552,363330
5814783,8102,6616,363331
5814799,8242,14220,363332
5814815,8352,16300,363333
5814831,8189,10658,363334
5814847,8276,3004,363335
5814863,8290,365,363336
5814879,8240,5049,363337
5814895,8274,12802,363338
5814911,8044,16224,363339
5814927,8169,12862,363340
5814943,8082,4331,363341
5814959,8082,306,363342
5814975,8156,2964,363343
5814991,7994,10584,363344
5815007,8200,16275,363345
5815023,8208,14046,363346
5815039,7957,6582,363347
5815055,8320,639,363348
5815071,8357,1882,363349
5815087,8039,8984,363350
5815103,8350,15466,363351
5815119,8272,15434,363352
5815135,7987,8416,363353
5815151,8212,1374,363354
5815167,7920,538,363355
5815183,7998,6618,363356
5815199,8148,14181,363357
5815215,7966,16311,363358
5815231,8064,10545,363359
5815247,8225,2979,363360
5815263,8133,382,363361
5815279,8306,5056,363362
5815295,8155,12773,363363
5815311,8147,16307,363364
5815327,8261,12825,363365
5815343,7960,4275,363366
5815359,8122,307,363367
5815375,8139,2952,363368
5815391,8101,10576,363369
5815407,8165,16214,363370
5815423,8130,14063,363371
5815439,7889,6558,363372
5815455,8320,584,363373
5815471,8079,1876,363374
5815487,8094,9015,363375
5815503,8419,15520,363376
5815519,8055,15443,363377
5815535,8190,8411,363378
5815551,8369,1410,363379
5815567,8062,581,363380
5815583,8089,6649,363381
5815599,8121,14195,363382
5815615,8002,16247,363383
5815631,8137,10601,363384
5815647,8160,3010,363385
5815663,8111,360,363386
5815679,8251,5075,363387
5815695,8056,12764,363388
5815711,8123,16276,363389
5815727,8303,12847,363390
5815743,8138,4358,363391
5815759,8264,304,363392
5815775,8188,2982,363393
5815791,8082,10586,363394
5815807,8064,16173,363395
5815823,7963,14065,363396
5815839,7962,6589,363397
5815855,8128,632,363398
5815871,7978,1861,363399
5815887,8226,9015,363400
5815903,8188,15450,363401
5815919,8079,15433,363402
5815935,8274,8443,363403
5815951,8107,1351,363404
5815967,8278,547,363405
5815983,8335,6604,363406
5815999,8160,14246,363407
5816015,8218,16300,363408
5816031,8151,10595,363409
5816047,7996,2968,363410
5816063,7952,282,363411
5816079,7944,5085,363412
5816095,7961,12726,363413
5816111,8074,16236,363414
5816127,7853,12773,363415
5816143,8176,4289,363416
5816159,8244,331,363417
5816175,8076,3012,363418
5816191,8330,10611,363419
5816207,8152,16229,363420
5816223,7966,14026,363421
5816239,8394,6625,363422
5816255,8147,616,363423
5816271,8126,1904,363424
5816287,8315,9011,363425
5816303,7914,15472,363426
5816319,8110,15452,363427
5816335,8355,8431,363428
5816351,7935,1370,363429
5816367,8184,512,363430
5816383,8173,6582,363431
5816399,8074,14138,363432
5816415,8294,16290,363433
5816431,8215,10572,363434
5816447,7976,2982,363435
5816463,8190,349,363436
5816479,8050,5049,363437
5816495,7876,12690,363438
5816511,8081,16256,363439
5816527,7943,12841,363440
5816543,8106,4339,363441
5816559,8219,373,363442
5816575,8154,3012,363443
5816591,8245,10567,363444
5816607,8225,16263,363445
5816623,8126,14083,363446
5816639,8294,6719,363447
5816655,8105,659,363448
5816671,8180,1870,363449
5816687,8171,9024,363450
5816703,8032,15522,363451
5816719,8258,15526,363452
5816735,7993,8383,363453
5816751,8073,1416,363454
5816767,8126,500,363455
5816783,8096,6622,363456
5816799,7948,14162,363457
5816815,8200,16329,363458
5816831,8282,10604,363459
5816847,8223,3014,363460
5816863,8231,380,363461
5816879,8113,5042,363462
5816895,8235,12779,363463
5816911,8054,16231,363464
5816927,8218,12825,363465
5816943,8074,4292,363466
5816959,8077,351,363467
5816975,8162,3021,363468
5816991,8020,10652,363469
5817007,8215,16193,363470
5817023,8168,14045,363471
5817039,8003,6579,363472
5817055,8235,576,363473
5817071,8281,1860,363474
5817087,8218,9050,363475
5817103,8303,15506,363476
5817119,8226,15432,363477
5817135,7975,8390,363478
5817151,8320,1376,363479
5817167,8098,549,363480
5817183,8068,6618,363481
5817199,8209,14217,363482
5817215,8047,16278,363483
5817231,8057,10569,363484
5817247,8206,2951,363485
5817263,7953,337,363486
5817279,8238,5033,363487
5817295,8217,12796,363488
5817311,8118,16240,363489
5817327,8347,12714,363490
5817343,8208,4339,363491
5817359,8100,349,363492
5817375,8256,2995,363493
5817391,8020,10585,363494
5817407,8115,16246,363495
5817423,8129,14051,363496
5817439,7991,6588,363497
5817455,8200,565,363498
5817471,8187,1853,363499
5817487,8084,9047,363500
5817503,8320,15496,363501
5817519,8091,15481,363502
5817535,8059,8396,363503
5817551,8478,1413,363504
5817567,8150,546,363505
5817583,8009,6571,363506
5817599,8298,14246,363507
5817615,7874,16306,363508
5817631,8157,10634,363509
5817647,8199,2973,363510
5817663,7877,326,363511
5817679,8224,5055,363512
5817695,8195,12835,363513
5817711,8128,16270,363514
5817727,8314,12806,363515
5817743,8228,4326,363516
5817759,8064,353,363517
5817775,8129,2966,363518
5817791,8056,10636,363519
5817807,8341,16265,363520
5817823,8071,14082,363521
5817839,8072,6562,363522
5817855,8232,672,363523
5817871,8078,1855,363524
5817887,8069,9015,363525
5817903,8107,15457,363526
5817919,8075,15531,363527
5817935,8109,8444,363528
5817951,8213,1376,363529
5817967,8096,556,363530
5817983,8164,6595,363531
5817999,8185,14265,363532
5818015,8126,16329,363533
5818031,8227,10625,363534
5818047,8115,3003,363535
5818063,8032,337,363536
5818079,8204,5066,363537
5818095,8072,12747,363538
5818111,8039,16234,363539
5818127,7968,12758,363540
5818143,8112,4288,363541
5818159,8241,301,363542
5818175,8062,2996,363543
5818191,8237,10618,363544
5818207,8169,16166,363545
5818223,8072,13992,363546
5818239,8250,6595,363547
5818255,8085,634,363548
5818271,8031,1852,363549
5818287,8334,9029,363550
5818303,8057,15462,363551
5818319,8110,15542,363552
5818335,8248,8434,363553
5818351,8014,1401,363554
5818367,8057,554,363555
5818383,8092,6566,363556
5818399,8111,14221,363557
5818415,8292,16259,363558
5818431,8196,10600,363559
5818447,8057,2961,363560
5818463,8322,342,363561
5818479,8079,5068,363562
5818495,8008,12772,363563
5818511,8308,16276,363564
5818527,7993,12837,363565
5818543,8149,4340,363566
5818559,8046,274,363567
5818575,8058,3022,363568
5818591,8297,10612,363569
5818607,8247,16195,363570
5818623,8074,13985,363571
5818639,8352,6609,363572
5818655,8201,618,363573
5818671,8234,1922,363574
5818687,8330,9021,363575
5818703,8060,15513,363576
5818719,8085,15492,363577
5818735,8174,8430,363578
5818751,7735,1372,363579
5818767,8218,577,363580
5818783,8175,6654,363581
5818799,7952,14196,363582
5818815,8358,16248,363583
5818831,8221,10579,363584
5818847,8064,2936,363585
5818863,8433,370,363586
5818879,8029,5056,363587
5818895,8110,12747,363588
5818911,8260,16286,363589
5818927,8080,12792,363590
5818943,8105,4296,363591
5818959,8000,324,363592
5818975,8071,2988,363593
5818991,8300,10581,363594
5819007,8142,16224,363595
5819023,8078,14093,363596
5819039,8149,6631,363597
5819055,8084,606,363598
5819071,8271,1945,363599
5819087,8135,9011,363600
5819103,8037,15490,363601
5819119,8197,15527,363602
5819135,8119,8395,363603
5819151,8079,1335,363604
5819167,8279,589,363605
5819183,8031,6622,363606
5819199,8148,14212,363607
5819215,8165,16258,363608
5819231,8102,10609,363609
5819247,8215,2991,363610
5819263,8239,393,363611
5819279,8014,5018,363612
5819295,8056,12765,363613
5819311,8170,16312,363614
5819327,8146,12729,363615
5819343,8131,4277,363616
5819359,8097,326,363617
5819375,8192,2966,363618
5819391,8045,10556,363619
5819407,8178,16232,363620
5819423,8149,14035,363621
5819439,7896,6573,363622
5819455,8120,584,363623
5819471,8126,1871,363624
5819487,8030,9017,363625
5819503,8444,15481,363626
5819519,8307,15515,363627
5819535,8105,8455,363628
5819551,8425,1377,363629
5819567,8118,605,363630
5819583,8106,6630,363631
5819599,8394,14263,363632
5819615,8088,16337,363633
5819631,8035,10572,363634
5819647,8139,2970,363635
5819663,7949,373,363636
5819679,8071,5049,363637
5819695,8288,12843,363638
5819711,8032,16293,363639
5819727,8372,12802,363640
5819743,8283,4377,363641
5819759,8207,373,363642
5819775,8327,2930,363643
5819791,8122,10626,363644
5819807,8087,16168,363645
5819823,8005,14030,363646
5819839,7960,6607,363647
5819855,8101,583,363648
5819871,8170,1909,363649
5819887,8002,9020,363650
5819903,8116,15449,363651
5819919,8082,15438,363652
5819935,7987,8399,363653
5819951,8271,1377,363654
5819967,7939,538,363655
5819983,8112,6563,363656
5819999,8188,14187,363657
5820015,7988,16262,363658
5820031,8147,10601,363659
5820047,8185,2980,363660
5820063,8096,311,363661
5820079,8045,5055,363662
5820095,7994,12765,363663
5820111,8023,16260,363664
5820127,8232,12830,363665
5820143,8047,4300,363666
5820159,8169,294,363667
5820175,8155,2990,363668
5820191,8075,10570,363669
5820207,8217,16220,363670
5820223,8051,14143,363671
5820239,8126,6593,363672
5820255,8067,577,363673
5820271,8036,1851,363674
5820287,8187,9043,363675
5820303,8243,15442,363676
5820319,7925,15447,363677
5820335,8031,8427,363678
5820351,8129,1395,363679
5820367,7921,477,363680
5820383,8128,6595,363681
5820399,8111,14193,363682
5820415,8076,16256,363683
5820431,8426,10615,363684
5820447,8114,2994,363685
5820463,8154,306,363686
5820479,8253,5020,363687
5820495,8138,12820,363688
5820511,8246,16240,363689
5820527,8133,12864,363690
5820543,7970,4330,363691
5820559,8117,288,363692
5820575,8072,3007,363693
5820591,8105,10557,363694
5820607,8147,16224,363695
5820623,8004,14042,363696
5820639,8322,6602,363697
5820655,8070,620,363698
5820671,8063,1859,363699
5820687,8452,9031,363700
5820703,8048,15503,363701
5820719,8185,15515,363702
5820735,8335,8466,363703
5820751,7883,1365,363704
5820767,8090,583,363705
5820783,8197,6571,363706
5820799,7825,14217,363707
5820815,8324,16305,363708
5820831,8317,10639,363709
5820847,8124,2995,363710
5820863,8372,315,363711
5820879,8250,5062,363712
5820895,8181,12841,363713
5820911,8371,16224,363714
5820927,8024,12725,363715
5820943,8132,4306,363716
5820959,8318,378,363717
5820975,7864,2978,363718
5820991,8514,10590,363719
5821007,8201,16211,363720
5821023,7921,13987,363721
5821039,8150,6592,363722
5821055,8122,620,363723
5821071,8276,1918,363724
5821087,8322,9135,363725
5821103,8197,15408,363726
5821119,8267,15478,363727
5821135,8069,8356,363728
5821151,8020,1349,363729
5821167,8332,557,363730
5821183,8058,6620,363731
5821199,8085,14271,363732
5821215,8363,16332,363733
5821231,7959,10582,363734
5821247,8161,3023,363735
5821263,8174,274,363736
5821279,8031,5050,363737
5821295,8200,12731,363738
5821311,8185,16236,363739
5821327,8159,12749,363740
5821343,8167,4262,363741
5821359,8197,323,363742
5821375,8099,3013,363743
5821391,8031,10606,363744
5821407,8106,16139,363745
5821423,8126,14045,363746
5821439,8107,6613,363747
5821455,8046,608,363748
5821471,8199,1893,363749
5821487,8022,9036,363750
5821503,8117,15461,363751
5821519,8144,15434,363752
5821535,8043,8379,363753
5821551,8248,1401,363754
5821567,8226,511,363755
5821583,8054,6625,363756
5821599,8226,14191,363757
5821615,8105,16308,363758
5821631,7982,10596,363759
5821647,8117,2949,363760
5821663,8012,307,363761
5821679,7918,5043,363762
5821695,8155,12780,363763
5821711,8027,16293,363764
5821727,8137,12802,363765
5821743,8212,4310,363766
5821759,8074,288,363767
5821775,8294,2951,363768
5821791,8236,10650,363769
5821807,8109,16259,363770
5821823,8252,14106,363771
5821839,8086,6645,363772
5821855,8162,634,363773
5821871,8169,1876,363774
5821887,7853,8959,363775
5821903,8133,15501,363776
5821919,8171,15478,363777
5821935,7911,8467,363778
5821951,8364,1384,363779
5821967,8140,495,363780
5821983,8130,6630,363781
5821999,8502,14248,363782
5822015,8040,16349,363783
5822031,8203,10609,363784
5822047,8248,2999,363785
5822063,8005,270,363786
5822079,8141,5072,363787
5822095,8148,12848,363788
5822111,7968,16321,363789
5822127,8226,12760,363790
5822143,8198,4315,363791
5822159,8078,316,363792
5822175,8300,2990,363793
5822191,8107,10563,363794
5822207,8236,16238,363795
5822223,8247,14029,363796
5822239,8029,6610,363797
5822255,8197,658,363798
5822271,8018,1850,363799
5822287,8094,9018,363800
5822303,8084,15448,363801
5822319,7924,15473,363802
5822335,8077,8462,363803
5822351,8134,1394,363804
5822367,8108,576,363805
5822383,8067,6585,363806
5822399,8138,14144,363807
5822415,8014,16219,363808
5822431,8257,10591,363809
5822447,8026,2946,363810
5822463,8135,346,363811
5822479,8226,5066,363812
5822495,8031,12753,363813
5822511,8133,16268,363814
5822527,8169,12727,363815
5822543,8031,4300,363816
5822559,8146,311,363817
5822575,7990,2970,363818
5822591,8133,10590,363819
5822607,8203,16192,363820
5822623,7944,13986,363821
5822639,8090,6572,363822
5822655,8247,649,363823
5822671,8031,1879,363824
5822687,8277,8998,363825
5822703,8145,15448,363826
5822719,8190,15524,363827
5822735,8297,8432,363828
5822751,8109,1424,363829
5822767,8052,549,363830
5822783,8275,6637,363831
5822799,7991,14273,363832
5822815,8119,16222,363833
5822831,8294,10590,363834
5822847,7959,2970,363835
5822863,8360,324,363836
5822879,8299,5054,363837
5822895,8121,12799,363838
5822911,8351,16377,363839
5822927,8059,12768,363840
5822943,8013,4307,363841
5822959,8229,334,363842
5822975,7902,2973,363843
5822991,8035,10652,363844
5823007,8070,16198,363845
5823023,7821,14017,363846
5823039,8168,6582,363847
5823055,8190,620,363848
5823071,8194,1913,363849
5823087,8379,9070,363850
5823103,8270,15514,363851
5823119,8285,15509,363852
5823135,8493,8475,363853
5823151,8066,1368,363854
5823167,8264,568,363855
5823183,8117,6585,363856
5823199,8026,14212,363857
5823215,8124,16262,363858
5823231,8129,10644,363859
5823247,8030,2987,363860
5823263,8286,317,363861
5823279,8184,5089,363862
5823295,8002,12716,363863
5823311,8253,16321,363864
5823327,8163,12750,363865
5823343,8147,4301,363866
5823359,8237,354,363867
5823375,8064,2975,363868
5823391,8186,10565,363869
5823407,8156,16197,363870
5823423,8130,14035,363871
5823439,8148,6614,363872
5823455,7952,596,363873
5823471,8086,1921,363874
5823487,8141,9008,363875
5823503,8149,15503,363876
5823519,8296,15518,363877
5823535,8149,8384,363878
5823551,8103,1344,363879
5823567,8144,522,363880
5823583,8146,6571,363881
5823599,8192,14207,363882
5823615,8282,16269,363883
5823631,8163,10576,363884
5823647,8320,2955,363885
5823663,8035,352,363886
5823679,7955,5067,363887
5823695,8181,12764,363888
5823711,7905,16309,363889
5823727,7978,12754,363890
5823743,8189,4310,363891
5823759,8093,348,363892
5823775,8116,2988,363893
5823791,8340,10621,363894
5823807,8120,16188,363895
5823823,8284,14080,363896
5823839,8252,6648,363897
5823855,8058,612,363898
5823871,8236,1807,363899
5823887,8010,9018,363900
5823903,8145,15365,363901
5823919,8161,15482,363902
5823935,7906,8397,363903
5823951,8195,1376,363904
5823967,8188,546,363905
5823983,8123,6545,363906
5823999,8544,14208,363907
5824015,8186,16220,363908
5824031,8117,10619,363909
5824047,8328,2947,363910
5824063,7948,320,363911
5824079,8037,5038,363912
5824095,8136,12763,363913
5824111,7872,16326,363914
5824127,8036,12731,363915
5824143,8166,4359,363916
5824159,8010,358,363917
5824175,8227,2986,363918
5824191,8141,10592,363919
5824207,8010,16211,363920
5824223,8200,13928,363921
5824239,8189,6629,363922
5824255,8084,637,363923
5824271,8212,1909,363924
5824287,8065,9012,363925
5824303,8136,15397,363926
5824319,8107,15502,363927
5824335,8023,8429,363928
5824351,8168,1357,363929
5824367,8002,491,363930
5824383,8069,6621,363931
5824399,8157,14180,363932
5824415,8163,16305,363933
5824431,8243,10608,363934
5824447,8179,2977,363935
5824463,8115,289,363936
5824479,8245,5040,363937
5824495,8086,12758,363938
5824511,8187,16281,363939
5824527,8192,12765,363940
5824543,8141,4307,363941
5824559,8039,352,363942
5824575,8105,3012,363943
5824591,7982,10580,363944
5824607,8190,16200,363945
5824623,7956,14050,363946
5824639,8168,6636,363947
5824655,8243,606,363948
5824671,8028,1862,363949
5824687,8168,8994,363950
5824703,8064,15465,363951
5824719,8031,15472,363952
5824735,8226,8410,363953
5824751,8086,1321,363954
5824767,8002,554,363955
5824783,8173,6579,363956
5824799,7983,14203,363957
5824815,8128,16303,363958
5824831,8244,10602,363959
5824847,7953,2994,363960
5824863,8096,272,363961
5824879,8101,5077,363962
5824895,8100,12847,363963
5824911,8195,16344,363964
5824927,8177,12835,363965
5824943,8106,4284,363966
5824959,8269,309,363967
5824975,8004,2948,363968
5824991,8100,10638,363969
5825007,8272,16258,363970
5825023,7921,13982,363971
5825039,8197,6661,363972
5825055,8122,672,363973
5825071,8045,1886,363974
5825087,8271,9038,363975
5825103,8151,15429,363976
5825119,8058,15418,363977
5825135,8423,8434,363978
5825151,8211,1412,363979
5825167,8160,581,363980
5825183,8296,6606,363981
5825199,7970,14279,363982
5825215,8230,16289,363983
5825231,8077,10618,363984
5825247,7765,2954,363985
5825263,8211,337,363986
5825279,8013,5048,363987
5825295,7945,12753,363988
5825311,8423,16252,363989
5825327,8060,12788,363990
5825343,8077,4305,363991
5825359,8379,342,363992
5825375,8156,3027,363993
5825391,8139,10630,363994
5825407,8290,16240,363995
5825423,8047,14043,363996
5825439,8210,6619,363997
5825455,8215,580,363998
5825471,7935,1881,363999
5825487,8129,9012,364000
5825503,8257,15564,364001
5825519,8217,15492,364002
5825535,8164,8431,364003
5825551,8195,1368,364004
5825567,8060,543,364005
5825583,8239,6581,364006
5825599,8162,14198,364007
5825615,8152,16297,364008
5825631,7960,10578,364009
5825647,8155,2978,364010
5825663,8128,338,364011
5825679,8096,5083,364012
5825695,8095,12755,364013
5825711,8054,16231,364014
5825727,8034,12798,364015
5825743,8269,4302,364016
5825759,8103,357,364017
5825775,8163,3040,364018
5825791,8190,10574,364019
5825807,8213,16225,364020
5825823,8187,14015,364021
5825839,8171,6570,364022
5825855,8098,587,364023
5825871,8238,1834,364024
5825887,8068,8999,364025
5825903,8107,15433,364026
5825919,8037,15465,364027
5825935,7925,8388,364028
5825951,8091,1391,364029
5825967,8156,583,364030
5825983,8029,6600,364031
5825999,8384,14268,364032
5826015,8180,16254,364033
5826031,8000,10602,364034
5826047,8451,3037,364035
5826063,8187,365,364036
5826079,8105,5072,364037
5826095,8142,12750,364038
5826111,8067,16316,364039
5826127,8050,12775,364040
5826143,8040,4286,364041
5826159,7988,373,364042
5826175,8161,2969,364043
5826191,8202,10623,364044
5826207,7977,16198,364045
5826223,8264,14058,364046
5826239,8161,6595,364047
5826255,8112,560,364048
5826271,8324,1874,364049
5826287,8153,9033,364050
5826303,8084,15490,364051
5826319,8226,15512,364052
5826335,7963,8411,364053
5826351,8117,1410,364054
5826367,8063,546,364055
5826383,7990,6571,364056
5826399,8295,14258,364057
5826415,8005,16250,364058
5826431,8083,10617,364059
5826447,8323,2986,364060
5826463,8054,331,364061
5826479,8321,5113,364062
5826495,8281,12782,364063
5826511,8011,16304,364064
5826527,8248,12835,364065
5826543,8115,4319,364066
5826559,7994,377,364067
5826575,8185,2979,364068
5826591,8158,10616,364069
5826607,7916,16201,364070
5826623,8148,14048,364071
5826639,8038,6573,364072
5826655,8076,591,364073
5826671,8141,1863,364074
5826687,8183,9035,364075
5826703,8121,15478,364076
5826719,8123,15397,364077
5826735,8222,8445,364078
5826751,8198,1392,364079
5826767,8080,550,364080
5826783,8074,6574,364081
5826799,8099,14232,364082
5826815,8070,16328,364083
5826831,8214,10608,364084
5826847,8049,2973,364085
5826863,8049,318,364086
5826879,8149,5048,364087
5826895,7989,12723,364088
5826911,8249,16331,364089
5826927,8202,12825,364090
5826943,8055,4320,364091
5826959,8253,347,364092
5826975,8294,2986,364093
5826991,8082,10649,364094
5827007,8231,16194,364095
5827023,8044,14100,364096
5827039,8145,6622,364097
5827055,8162,622,364098
5827071,7989,1855,364099
5827087,8164,9007,364100
5827103,8239,15533,364101
5827119,8111,15472,364102
5827135,8339,8377,364103
5827151,8331,1362,364104
5827167,8236,611,364105
5827183,8355,6606,364106
5827199,8057,14136,364107
5827215,8164,16367,364108
5827231,8200,10559,364109
5827247,7984,3018,364110
5827263,8191,349,364111
5827279,8168,5047,364112
5827295,7901,12868,364113
5827311,8272,16319,364114
5827327,8224,12883,364115
5827343,8068,4305,364116
5827359,8359,350,364117
5827375,8172,2985,364118
5827391,8188,10622,364119
5827407,8342,16157,364120
5827423,8029,14039,364121
5827439,8132,6602,364122
5827455,8179,584,364123
5827471,7913,1882,364124
5827487,8148,9038,364125
5827503,8135,15541,364126
5827519,8055,15445,364127
5827535,8261,8411,364128
5827551,8190,1344,364129
5827567,8251,551,364130
5827583,8208,6577,364131
5827599,8211,14198,364132
5827615,8285,16295,364133
5827631,8150,10627,364134
5827647,8042,2972,364135
5827663,8319,366,364136
5827679,8135,5114,364137
5827695,8077,12856,364138
5827711,8217,16320,364139
5827727,7948,12788,364140
5827743,8097,4304,364141
5827759,8136,318,364142
5827775,8176,3017,364143
5827791,8292,10587,364144
5827807,8286,16229,364145
5827823,8244,14015,364146
5827839,8211,6626,364147
5827855,8283,633,364148
5827871,8136,1899,364149
5827887,8074,9010,364150
5827903,8101,15453,364151
5827919,8174,15539,364152
5827935,8085,8424,364153
5827951,8099,1381,364154
5827967,8221,574,364155
5827983,8017,6580,364156
5827999,8157,14190,364157
5828015,8156,16263,364158
5828031,8164,10574,364159
5828047,8329,2975,364160
5828063,8079,312,364161
5828079,8020,5066,364162
5828095,8223,12731,364163
5828111,8124,16342,364164
5828127,8088,12780,364165
5828143,8174,4304,364166
5828159,7896,320,364167
5828175,8121,3023,364168
5828191,8164,10563,364169
5828207,7879,16163,364170
5828223,8220,14056,364171
5828239,8182,6607,364172
5828255,8157,634,364173
5828271,8286,1906,364174
5828287,8203,9009,364175
5828303,8073,15500,364176
5828319,8307,15431,364177
5828335,7928,8382,364178
5828351,8012,1419,364179
5828367,8221,605,364180
5828383,7765,6630,364181
5828399,8176,14277,364182
5828415,8089,16253,364183
5828431,7943,10582,364184
5828447,8314,2922,364185
5828463,8055,364,364186
5828479,8210,5106,364187
5828495,8481,12830,364188
5828511,8132,16290,364189
5828527,8079,12771,364190
5828543,8183,4301,364191
5828559,7913,366,364192
5828575,8154,2987,364193
5828591,8065,10597,364194
5828607,7867,16161,364195
5828623,8118,14011,364196
5828639,8130,6562,364197
5828655,7965,607,364198
5828671,8226,1864,364199
5828687,8290,8999,364200
5828703,8215,15476,364201
5828719,8303,15469,364202
5828735,8002,8410,364203
5828751,8030,1361,364204
5828767,8143,568,364205
5828783,8018,6596,364206
5828799,8119,14249,364207
5828815,8028,16266,364208
5828831,8134,10614,364209
5828847,8123,2988,364210
5828863,8012,312,364211
5828879,8210,5086,364212
5828895,8163,12843,364213
5828911,8224,16270,364214
5828927,8366,12851,364215
5828943,8211,4262,364216
5828959,8156,348,364217
5828975,8229,3051,364218
5828991,7924,10577,364219
5829007,8106,16195,364220
5829023,8072,14075,364221
5829039,8051,6613,364222
5829055,8139,617,364223
5829071,8036,1887,364224
5829087,8202,9005,364225
5829103,8320,15534,364226
5829119,8144,15500,364227
5829135,8195,8374,364228
5829151,8129,1297,364229
5829167,8162,546,364230
5829183,8304,6601,364231
5829199,8111,14196,364232
5829215,8255,16297,364233
5829231,8240,10604,364234
5829247,8064,3007,364235
5829263,8182,386,364236
5829279,8134,5070,364237
5829295,7901,12849,364238
5829311,8147,16244,364239
5829327,8153,12787,364240
5829343,7864,4286,364241
5829359,8396,354,364242
5829375,8161,3030,364243
5829391,8065,10600,364244
5829407,8357,16290,364245
5829423,8164,14082,364246
5829439,8175,6579,364247
5829455,8240,592,364248
5829471,7977,1878,364249
5829487,8068,8973,364250
5829503,8167,15430,364251
5829519,7939,15498,364252
5829535,8149,8428,364253
5829551,8104,1376,364254
5829567,8061,508,364255
5829583,8346,6594,364256
5829599,8128,14175,364257
5829615,8240,16275,364258
5829631,8316,10591,364259
5829647,8115,2980,364260
5829663,8226,380,364261
5829679,8217,5073,364262
5829695,7929,12769,364263
5829711,8218,16310,364264
5829727,8077,12790,364265
5829743,7919,4276,364266
5829759,8260,313,364267
5829775,7987,2999,364268
5829791,8293,10651,364269
5829807,8323,16165,364270
5829823,7956,14030,364271
5829839,8267,6644,364272
5829855,8327,658,364273
5829871,8066,1855,364274
5829887,8227,9022,364275
5829903,8119,15454,364276
5829919,8005,15487,364277
5829935,8098,8429,364278
5829951,7998,1328,364279
5829967,7977,453,364280
5829983,8118,6625,364281
5829999,8046,14186,364282
5830015,8342,16356,364283
5830031,8251,10646,364284
5830047,8173,2958,364285
5830063,8384,360,364286
5830079,8129,5066,364287
5830095,8264,12825,364288
5830111,8149,16231,364289
5830127,8090,12853,364290
5830143,8263,4344,364291
5830159,8112,331,364292
5830175,7984,3022,364293
5830191,8107,10617,364294
5830207,8039,16159,364295
5830223,8011,14005,364296
5830239,8157,6594,364297
5830255,8048,576,364298
5830271,8184,1904,364299
5830287,8307,9035,364300
5830303,8104,15493,364301
5830319,8202,15453,364302
5830335,8044,8432,364303
5830351,8058,1370,364304
5830367,8212,544,364305
5830383,7884,6606,364306
5830399,8173,14266,364307
5830415,8175,16242,364308
5830431,7866,10572,364309
5830447,8256,2998,364310
5830463,8191,349,364311
5830479,8064,5082,364312
5830495,8394,12836,364313
5830511,8224,16329,364314
5830527,8101,12752,364315
5830543,8289,4296,364316
5830559,7856,333,364317
5830575,8145,2997,364318
5830591,8163,10639,364319
5830607,7744,16255,364320
5830623,8123,14099,364321
5830639,8084,6601,364322
5830655,7919,623,364323
5830671,8190,1905,364324
5830687,8191,9031,364325
5830703,8062,15434,364326
5830719,8395,15518,364327
5830735,8038,8403,364328
5830751,8115,1345,364329
5830767,8323,583,364330
5830783,8096,6634,364331
5830799,8210,14249,364332
5830815,8085,16285,364333
5830831,8023,10616,364334
5830847,8157,2998,364335
5830863,8070,299,364336
5830879,8141,5082,364337
5830895,8205,12764,364338
5830911,8070,16308,364339
5830927,8279,12752,364340
5830943,8138,4307,364341
5830959,8040,335,364342
5830975,8174,2972,364343
5830991,8156,10593,364344
5831007,8076,16230,364345
5831023,8154,14099,364346
5831039,8011,6620,364347
5831055,8049,573,364348
5831071,8186,1889,364349
5831087,7959,9001,364350
5831103,8064,15487,364351
5831119,8189,15503,364352
5831135,8159,8374,364353
5831151,8229,1389,364354
5831167,8216,610,364355
5831183,8192,6634,364356
5831199,8252,14235,364357
5831215,8130,16334,364358
5831231,8238,10580,364359
5831247,8075,2982,364360
5831263,8134,325,364361
5831279,8283,5063,364362
5831295,8035,12776,364363
5831311,8138,16268,364364
5831327,8319,12831,364365
5831343,7913,4273,364366
5831359,8189,303,364367
5831375,8248,3007,364368
5831391,7970,10614,364369
5831407,8303,16207,364370
5831423,8083,14084,364371
5831439,8035,6587,364372
5831455,8289,589,364373
5831471,8033,1890,364374
5831487,8032,8991,364375
5831503,8329,15464,364376
5831519,8004,15510,364377
5831535,8231,8428,364378
5831551,8174,1397,364379
5831567,8052,508,364380
5831583,8326,6584,364381
5831599,8201,14256,364382
5831615,8101,16265,364383
5831631,8503,10582,364384
5831647,8110,3003,364385
5831663,8058,325,364386
5831679,8311,5075,364387
5831695,7911,12754,364388
5831711,8168,16294,364389
5831727,8124,12769,364390
5831743,7876,4298,364391
5831759,8291,387,364392
5831775,8082,3008,364393
5831791,8080,10584,364394
5831807,8466,16178,364395
5831823,8090,14021,364396
5831839,8122,6570,364397
5831855,8435,664,364398
5831871,8152,1911,364399
5831887,8243,8972,364400
5831903,8297,15514,364401
5831919,7936,15510,364402
5831935,8107,8451,364403
5831951,8101,1367,364404
5831967,7885,514,364405
5831983,8262,6613,364406
5831999,8074,14196,364407
5832015,8171,16304,364408
5832031,8145,10549,364409
5832047,8134,2982,364410
5832063,8149,269,364411
5832079,8221,5050,364412
5832095,8081,12793,364413
5832111,8195,16283,364414
5832127,8064,12774,364415
5832143,8149,4266,364416
5832159,8143,330,364417
5832175,8027,2963,364418
5832191,8145,10644,364419
5832207,8126,16275,364420
5832223,7951,14041,364421
5832239,8260,6618,364422
5832255,8018,639,364423
5832271,8116,1887,364424
5832287,8153,8983,364425
5832303,8101,15471,364426
5832319,8201,15472,364427
5832335,8114,8423,364428
5832351,8110,1337,364429
5832367,8236,497,364430
5832383,7988,6574,364431
5832399,8158,14273,364432
5832415,8127,16249,364433
5832431,7919,10556,364434
5832447,8228,2994,364435
5832463,8102,292,364436
5832479,7982,5058,364437
5832495,8352,12777,364438
5832511,8201,16274,364439
5832527,8104,12851,364440
5832543,8416,4322,364441
5832559,8071,330,364442
5832575,8081,3012,364443
5832591,8303,10613,364444
5832607,8022,16196,364445
5832623,8179,14063,364446
5832639,8260,6612,364447
5832655,7956,615,364448
5832671,8239,1846,364449
5832687,8165,9013,364450
5832703,8043,15530,364451
5832719,8422,15529,364452
5832735,8071,8420,364453
5832751,8217,1371,364454
5832767,8316,546,364455
5832783,8025,6637,364456
5832799,8219,14229,364457
5832815,8164,16253,364458
5832831,7904,10558,364459
5832847,8124,3008,364460
5832863,8142,289,364461
5832879,8094,5081,364462
5832895,8181,12759,364463
5832911,8135,16309,364464
5832927,8080,12733,364465
5832943,8333,4291,364466
5832959,8066,332,364467
5832975,8311,3013,364468
5832991,8413,10633,364469
5833007,8018,16210,364470
5833023,8227,14071,364471
5833039,8143,6624,364472
5833055,7982,604,364473
5833071,8286,1886,364474
5833087,8156,9017,364475
5833103,8011,15446,364476
5833119,8344,15501,364477
5833135,8229,8416,364478
5833151,8116,1321,364479
5833167,8246,522,364480
5833183,8086,6648,364481
5833199,8194,14177,364482
5833215,8161,16259,364483
5833231,8150,10569,364484
5833247,8165,2959,364485
5833263,8111,311,364486
5833279,8190,5078,364487
5833295,8058,12837,364488
5833311,8039,16242,364489
5833327,8210,12792,364490
5833343,8148,4260,364491
5833359,8074,322,364492
5833375,8287,3034,364493
5833391,8149,10630,364494
5833407,8287,16254,364495
5833423,8184,14051,364496
5833439,8102,6554,364497
5833455,8322,649,364498
5833471,8138,1916,364499
5833487,8031,9024,364500
5833503,8129,15484,364501
5833519,8094,15504,364502
5833535,8192,8452,364503
5833551,8194,1384,364504
5833567,7939,543,364505
5833583,8189,6610,364506
5833599,8280,14247,364507
5833615,7991,16278,364508
5833631,8187,10564,364509
5833647,8150,2965,364510
5833663,8159,309,364511
5833679,8376,5060,364512
5833695,8075,12833,364513
5833711,8127,16209,364514
5833727,8272,12791,364515
5833743,7952,4304,364516
5833759,8259,346,364517
5833775,8223,2985,364518
5833791,8104,10614,364519
5833807,8409,16193,364520
5833823,8154,14078,364521
5833839,8050,6570,364522
5833855,8380,578,364523
5833871,8253,1890,364524
5833887,8225,9003,364525
5833903,8388,15524,364526
5833919,8038,15445,364527
5833935,8231,8382,364528
5833951,8217,1412,364529
5833967,7842,494,364530
5833983,8128,6649,364531
5833999,8109,14201,364532
5834015,8090,16257,364533
5834031,8318,10628,364534
5834047,8190,2965,364535
5834063,8156,351,364536
5834079,8448,5116,364537
5834095,8203,12800,364538
5834111,8114,16362,364539
5834127,8035,12750,364540
5834143,8064,4327,364541
5834159,8208,295,364542
5834175,8021,3028,364543
