Tiempo_us,ADC_IN_A2,ADC_OUT_A3,Muestra
12813775,8055,8888,800768
12813791,8167,9186,800769
12813807,7990,9427,800770
12813823,8088,9722,800771
12813839,8298,10009,800772
12813855,7996,10266,800773
12813871,8317,10549,800774
12813887,8198,10797,800775
12813903,8008,11069,800776
12813919,8190,11254,800777
12813935,8262,11605,800778
12813951,7892,11778,800779
12813967,8269,12073,800780
12813983,8018,12323,800781
12813999,8115,12643,800782
12814015,8212,12936,800783
12814031,7974,13126,800784
12814047,8072,13383,800785
12814063,8137,13670,800786
12814079,8180,13957,800787
12814095,8120,14212,800788
12814111,8177,14447,800789
12814127,8106,14678,800790
12814143,8270,14983,800791
12814159,8080,15154,800792
12814175,7926,15513,800793
12814191,8200,15791,800794
12814207,8135,16040,800795
12814223,8097,16312,800796
12814239,8195,353,800797
12814255,7994,310,800798
12814271,8264,677,800799
12814287,8294,882,800800
12814303,8097,1141,800801
12814319,8184,1403,800802
12814335,8204,1664,800803
12814351,8122,1997,800804
12814367,8291,2256,800805
12814383,8028,2454,800806
12814399,7949,2708,800807
12814415,8241,3015,800808
12814431,8089,3260,800809
12814447,7959,3492,800810
12814463,8241,3824,800811
12814479,8166,4073,800812
12814495,8048,4303,800813
12814511,8310,4555,800814
12814527,8124,4878,800815
12814543,8124,5122,800816
12814559,8175,5352,800817
12814575,8209,5680,800818
12814591,8236,5954,800819
12814607,8101,6185,800820
12814623,8096,6393,800821
12814639,7969,6633,800822
12814655,8096,6921,800823
12814671,8117,7240,800824
12814687,8091,7531,800825
12814703,8219,7807,800826
12814719,8060,7987,800827
12814735,8107,8281,800828
12814751,8367,8571,800829
12814767,7899,8769,800830
12814783,8060,9029,800831
12814799,8227,9313,800832
12814815,8107,9603,800833
12814831,8065,9794,800834
12814847,8016,10133,800835
12814863,8118,10403,800836
12814879,8213,10659,800837
12814895,8049,10894,800838
12814911,8131,11183,800839
12814927,8120,11454,800840
12814943,8070,11686,800841
12814959,8114,11884,800842
12814975,8328,12261,800843
12814991,8101,12482,800844
12815007,8251,12835,800845
12815023,8201,13036,800846
12815039,8090,13367,800847
12815055,8292,13567,800848
12815071,8048,13858,800849
12815087,7939,14093,800850
12815103,8274,14408,800851
12815119,8021,14607,800852
12815135,7986,14788,800853
12815151,8292,15082,800854
12815167,7875,15286,800855
12815183,8234,15742,800856
12815199,8365,15896,800857
12815215,8142,16244,800858
12815231,8256,8435,800859
12815247,8312,363,800860
12815263,8019,476,800861
12815279,8301,810,800862
12815295,8119,1026,800863
12815311,8027,1289,800864
12815327,8222,1581,800865
12815343,8064,1848,800866
12815359,8140,2097,800867
12815375,8240,2354,800868
12815391,8073,2632,800869
12815407,8177,2833,800870
12815423,8185,3199,800871
12815439,8132,3384,800872
12815455,8239,3672,800873
12815471,7999,3882,800874
12815487,8049,4148,800875
12815503,8110,4477,800876
12815519,7953,4730,800877
12815535,8173,5022,800878
12815551,8035,5232,800879
12815567,8003,5520,800880
12815583,8140,5765,800881
12815599,7983,6035,800882
12815615,8188,6288,800883
12815631,8270,6499,800884
12815647,8189,6840,800885
12815663,8229,7086,800886
12815679,8265,7402,800887
12815695,7918,7614,800888
12815711,8148,7940,800889
12815727,7963,8126,800890
12815743,8008,8402,800891
12815759,8070,8645,800892
12815775,7858,8896,800893
12815791,8110,9244,800894
12815807,8078,9417,800895
12815823,8015,9664,800896
12815839,8292,9952,800897
12815855,7976,10259,800898
12815871,8046,10559,800899
12815887,8239,10800,800900
12815903,8018,11012,800901
12815919,8137,11330,800902
12815935,8168,11577,800903
12815951,7808,11745,800904
12815967,8225,12077,800905
12815983,8222,12380,800906
12815999,8031,12619,800907
12816015,8291,12872,800908
12816031,7991,13129,800909
12816047,8101,13456,800910
12816063,8366,13743,800911
12816079,8048,13944,800912
12816095,8138,14289,800913
12816111,8387,14502,800914
12816127,8071,14740,800915
12816143,8223,14954,800916
12816159,8268,15227,800917
12816175,7922,15561,800918
12816191,8225,15826,800919
12816207,8031,16069,800920
12816223,8011,16267,800921
12816239,8263,322,800922
12816255,7958,346,800923
12816271,8168,574,800924
12816287,8233,932,800925
12816303,8016,1130,800926
12816319,8321,1375,800927
12816335,8263,1666,800928
12816351,8098,1990,800929
12816367,8421,2262,800930
12816383,8026,2495,800931
12816399,8086,2776,800932
12816415,8229,3037,800933
12816431,7846,3248,800934
12816447,8016,3509,800935
12816463,8141,3835,800936
12816479,7858,4020,800937
12816495,8173,4263,800938
12816511,8245,4652,800939
12816527,8009,4859,800940
12816543,8318,5093,800941
12816559,8174,5400,800942
12816575,8218,5661,800943
12816591,8273,5864,800944
12816607,7983,6138,800945
12816623,8086,6421,800946
12816639,8039,6705,800947
12816655,7986,6879,800948
12816671,8124,7261,800949
12816687,8038,7533,800950
12816703,8154,7786,800951
12816719,8142,7988,800952
12816735,8064,8236,800953
12816751,8222,8539,800954
12816767,8192,8830,800955
12816783,8052,9064,800956
12816799,8225,9285,800957
12816815,8144,9548,800958
12816831,7993,9845,800959
12816847,8150,10191,800960
12816863,7916,10356,800961
12816879,8078,10631,800962
12816895,8156,10967,800963
12816911,7885,11188,800964
12816927,8233,11444,800965
12816943,8164,11693,800966
12816959,8020,11926,800967
12816975,8319,12190,800968
12816991,8030,12498,800969
12817007,8143,12789,800970
12817023,8158,13069,800971
12817039,7923,13272,800972
12817055,8165,13584,800973
12817071,8068,13803,800974
12817087,7887,14142,800975
12817103,8317,14370,800976
12817119,8078,14581,800977
12817135,8027,14834,800978
12817151,8226,15073,800979
12817167,7885,15390,800980
12817183,8021,15616,800981
12817199,8415,15964,800982
12817215,8138,16215,800983
12817231,8273,8521,800984
12817247,8314,360,800985
12817263,8060,450,800986
12817279,8307,759,800987
12817295,8037,976,800988
12817311,7938,1231,800989
12817327,8103,1486,800990
12817343,7890,1844,800991
12817359,8047,2125,800992
12817375,8074,2354,800993
12817391,8030,2650,800994
12817407,8224,2867,800995
12817423,8217,3166,800996
12817439,8158,3346,800997
12817455,8273,3593,800998
12817471,8304,3916,800999
12817487,8177,4142,801000
12817503,8176,4435,801001
12817519,8063,4781,801002
12817535,8034,4949,801003
12817551,8003,5229,801004
12817567,7947,5487,801005
12817583,8042,5766,801006
12817599,7954,5987,801007
12817615,8085,6306,801008
12817631,8329,6581,801009
12817647,8080,6793,801010
12817663,8166,7103,801011
12817679,8338,7404,801012
12817695,8254,7637,801013
12817711,8076,7924,801014
12817727,8123,8149,801015
12817743,7886,8417,801016
12817759,7913,8659,801017
12817775,7982,8881,801018
12817791,8019,9145,801019
12817807,7977,9443,801020
12817823,8206,9770,801021
12817839,8260,9991,801022
12817855,8124,10282,801023
12817871,8184,10546,801024
12817887,8550,10827,801025
12817903,8120,11048,801026
12817919,8166,11274,801027
12817935,8225,11584,801028
12817951,7984,11831,801029
12817967,7984,12038,801030
12817983,8203,12395,801031
12817999,7894,12588,801032
12818015,8199,12934,801033
12818031,8108,13142,801034
12818047,8121,13425,801035
12818063,8277,13684,801036
12818079,7998,13928,801037
12818095,8098,14201,801038
12818111,8357,14467,801039
12818127,8037,14729,801040
12818143,8229,15014,801041
12818159,8296,15276,801042
12818175,8157,15586,801043
12818191,8152,15868,801044
12818207,8041,16063,801045
12818223,7938,16302,801046
12818239,8121,259,801047
12818255,8159,309,801048
12818271,8098,630,801049
12818287,8256,852,801050
12818303,8032,1146,801051
12818319,8221,1401,801052
12818335,8255,1715,801053
12818351,8005,1926,801054
12818367,8279,2210,801055
12818383,8198,2521,801056
12818399,7945,2790,801057
12818415,8288,2904,801058
12818431,8005,3213,801059
12818447,7870,3509,801060
12818463,8260,3774,801061
12818479,7929,4040,801062
12818495,8090,4305,801063
12818511,8306,4607,801064
12818527,7914,4872,801065
12818543,8247,5101,801066
12818559,8158,5337,801067
12818575,7947,5576,801068
12818591,8257,5942,801069
12818607,8185,6171,801070
12818623,7975,6417,801071
12818639,8133,6698,801072
12818655,8112,6949,801073
12818671,8110,7256,801074
12818687,7977,7516,801075
12818703,7976,7745,801076
12818719,8016,8042,801077
12818735,8005,8265,801078
12818751,8144,8555,801079
12818767,8216,8817,801080
12818783,8101,9006,801081
12818799,8164,9250,801082
12818815,8262,9581,801083
12818831,8071,9850,801084
12818847,8102,10176,801085
12818863,8070,10390,801086
12818879,7927,10618,801087
12818895,8071,10971,801088
12818911,7988,11138,801089
12818927,7998,11389,801090
12818943,8188,11636,801091
12818959,8241,11925,801092
12818975,8090,12175,801093
12818991,8073,12432,801094
12819007,8063,12845,801095
12819023,8266,13035,801096
12819039,8191,13295,801097
12819055,8137,13529,801098
12819071,8111,13810,801099
12819087,7896,14052,801100
12819103,8185,14305,801101
12819119,8164,14672,801102
12819135,7917,14822,801103
12819151,8306,15138,801104
12819167,8030,15298,801105
12819183,8145,15633,801106
12819199,8334,15938,801107
12819215,8082,16235,801108
12819231,8120,8519,801109
12819247,8300,321,801110
12819263,7871,474,801111
12819279,8236,764,801112
12819295,8259,1054,801113
12819311,7884,1296,801114
12819327,8190,1498,801115
12819343,7919,1833,801116
12819359,8042,2120,801117
12819375,8296,2343,801118
12819391,7976,2614,801119
12819407,8071,2836,801120
12819423,8238,3107,801121
12819439,8009,3421,801122
12819455,8260,3625,801123
12819471,8154,3889,801124
12819487,7894,4172,801125
12819503,8220,4426,801126
12819519,7990,4741,801127
12819535,7977,4990,801128
12819551,8200,5262,801129
12819567,7948,5532,801130
12819583,8074,5762,801131
12819599,8280,6082,801132
12819615,7871,6325,801133
12819631,8257,6547,801134
12819647,8329,6849,801135
12819663,7944,7023,801136
12819679,8257,7363,801137
12819695,8134,7608,801138
12819711,8084,7894,801139
12819727,8346,8131,801140
12819743,8067,8400,801141
12819759,7902,8643,801142
12819775,8125,8887,801143
12819791,7970,9190,801144
12819807,8087,9457,801145
12819823,8001,9667,801146
12819839,8030,9998,801147
12819855,8277,10229,801148
12819871,8139,10532,801149
12819887,8250,10758,801150
12819903,8237,11084,801151
12819919,8056,11263,801152
12819935,8194,11557,801153
12819951,8039,11807,801154
12819967,7960,12100,801155
12819983,8179,12277,801156
12819999,8046,12678,801157
12820015,8042,12893,801158
12820031,8200,13237,801159
12820047,8010,13405,801160
12820063,8173,13715,801161
12820079,8209,13942,801162
12820095,8082,14122,801163
12820111,8376,14489,801164
12820127,8127,14754,801165
12820143,8112,14974,801166
12820159,8274,15268,801167
12820175,8058,15510,801168
12820191,8119,15872,801169
12820207,8113,16091,801170
12820223,7939,16304,801171
12820239,8278,277,801172
12820255,8094,322,801173
12820271,7929,590,801174
12820287,8221,904,801175
12820303,7988,1126,801176
12820319,8039,1376,801177
12820335,8254,1648,801178
12820351,8133,1940,801179
12820367,8212,2217,801180
12820383,8090,2476,801181
12820399,8042,2770,801182
12820415,8255,2958,801183
12820431,8366,3268,801184
12820447,7865,3509,801185
12820463,8422,3829,801186
12820479,7953,4002,801187
12820495,8021,4278,801188
12820511,8423,4639,801189
12820527,7837,4848,801190
12820543,8156,5099,801191
12820559,8356,5416,801192
12820575,7950,5601,801193
12820591,8317,5897,801194
12820607,8205,6153,801195
12820623,8032,6415,801196
12820639,8184,6710,801197
12820655,8014,6899,801198
12820671,8027,7242,801199
12820687,8067,7536,801200
12820703,8002,7799,801201
12820719,8036,8023,801202
12820735,8012,8250,801203
12820751,7993,8469,801204
12820767,8134,8779,801205
12820783,8176,9056,801206
12820799,7999,9274,801207
12820815,8197,9553,801208
12820831,8096,9836,801209
12820847,8031,10102,801210
12820863,8279,10422,801211
12820879,8058,10643,801212
12820895,8032,10894,801213
12820911,8077,11134,801214
12820927,7985,11445,801215
12820943,8100,11718,801216
12820959,8044,11896,801217
12820975,8021,12206,801218
12820991,8191,12470,801219
12821007,8173,12776,801220
12821023,8273,13056,801221
12821039,8098,13337,801222
12821055,8205,13578,801223
12821071,8077,13812,801224
12821087,8086,14142,801225
12821103,8085,14339,801226
12821119,7992,14593,801227
12821135,8099,14848,801228
12821151,8103,15069,801229
12821167,8083,15408,801230
12821183,8283,15714,801231
12821199,8156,15913,801232
12821215,8143,16225,801233
12821231,8164,8427,801234
12821247,8260,364,801235
12821263,8121,512,801236
12821279,8076,737,801237
12821295,8178,995,801238
12821311,7967,1238,801239
12821327,8154,1563,801240
12821343,7941,1843,801241
12821359,7986,2097,801242
12821375,8122,2367,801243
12821391,8068,2662,801244
12821407,8187,2882,801245
12821423,8215,3172,801246
12821439,8081,3416,801247
12821455,8079,3619,801248
12821471,8202,3940,801249
12821487,8246,4172,801250
12821503,8187,4473,801251
12821519,8109,4758,801252
12821535,8050,4996,801253
12821551,8200,5283,801254
12821567,8085,5546,801255
12821583,7992,5712,801256
12821599,8168,6023,801257
12821615,8029,6290,801258
12821631,8102,6530,801259
12821647,8067,6763,801260
12821663,8036,7058,801261
12821679,8064,7353,801262
12821695,8124,7621,801263
12821711,8002,7933,801264
12821727,8198,8141,801265
12821743,8105,8366,801266
12821759,8049,8618,801267
12821775,8110,8902,801268
12821791,8030,9166,801269
12821807,7992,9431,801270
12821823,8042,9627,801271
12821839,7995,9956,801272
12821855,8108,10263,801273
12821871,8096,10507,801274
12821887,8188,10836,801275
12821903,8204,11023,801276
12821919,8246,11246,801277
12821935,8145,11552,801278
12821951,8067,11851,801279
12821967,8146,12100,801280
12821983,8091,12320,801281
12821999,8106,12599,801282
12822015,8089,12965,801283
12822031,8052,13158,801284
12822047,8047,13405,801285
12822063,8091,13625,801286
12822079,8318,13972,801287
12822095,8117,14246,801288
12822111,8040,14481,801289
12822127,8282,14729,801290
12822143,8223,15064,801291
12822159,8203,15224,801292
12822175,8255,15515,801293
12822191,8193,15794,801294
12822207,8091,15993,801295
12822223,8115,16255,801296
12822239,7988,301,801297
12822255,8049,296,801298
12822271,8102,606,801299
12822287,8154,856,801300
12822303,8103,1108,801301
12822319,8219,1379,801302
12822335,8183,1635,801303
12822351,8226,1969,801304
12822367,8160,2214,801305
12822383,8264,2478,801306
12822399,8080,2727,801307
12822415,8186,3022,801308
12822431,8196,3233,801309
12822447,7920,3484,801310
12822463,8139,3748,801311
12822479,8136,4052,801312
12822495,7996,4301,801313
12822511,8363,4651,801314
12822527,8080,4886,801315
12822543,8023,5146,801316
12822559,8140,5359,801317
12822575,8028,5602,801318
12822591,8119,5861,801319
12822607,8277,6178,801320
12822623,7984,6428,801321
12822639,8164,6642,801322
12822655,8004,6933,801323
12822671,7949,7202,801324
12822687,8132,7531,801325
12822703,7952,7804,801326
12822719,7973,8041,801327
12822735,8089,8255,801328
12822751,7895,8511,801329
12822767,8130,8773,801330
12822783,8244,9054,801331
12822799,8018,9303,801332
12822815,8372,9616,801333
12822831,8014,9808,801334
12822847,8057,10140,801335
12822863,8369,10391,801336
12822879,7963,10643,801337
12822895,8020,10925,801338
12822911,8330,11188,801339
12822927,7801,11397,801340
12822943,8216,11661,801341
12822959,8139,11913,801342
12822975,7819,12168,801343
12822991,8267,12493,801344
12823007,8187,12757,801345
12823023,8094,13092,801346
12823039,8374,13244,801347
12823055,8237,13492,801348
12823071,8070,13793,801349
12823087,8261,14108,801350
12823103,8062,14298,801351
12823119,7998,14571,801352
12823135,8029,14881,801353
12823151,7930,15046,801354
12823167,8140,15334,801355
12823183,7894,15628,801356
12823199,8168,15931,801357
12823215,8294,16131,801358
12823231,8144,8400,801359
12823247,8266,312,801360
12823263,8258,508,801361
12823279,8158,770,801362
12823295,8292,1020,801363
12823311,8092,1234,801364
12823327,7952,1519,801365
12823343,8086,1860,801366
12823359,7867,2110,801367
12823375,7934,2333,801368
12823391,8239,2641,801369
12823407,7974,2889,801370
12823423,8123,3164,801371
12823439,8157,3364,801372
12823455,8094,3626,801373
12823471,8280,3902,801374
12823487,8115,4162,801375
12823503,8172,4414,801376
12823519,8084,4736,801377
12823535,7918,5003,801378
12823551,8353,5279,801379
12823567,8101,5542,801380
12823583,7918,5822,801381
12823599,8168,6084,801382
12823615,7952,6308,801383
12823631,8087,6534,801384
12823647,8408,6876,801385
12823663,7848,6982,801386
12823679,8211,7427,801387
12823695,8204,7598,801388
12823711,8000,7903,801389
12823727,8296,8167,801390
12823743,8235,8442,801391
12823759,7798,8646,801392
12823775,8195,8895,801393
12823791,7902,9181,801394
12823807,7764,9397,801395
12823823,8149,9702,801396
12823839,7872,9949,801397
12823855,8000,10267,801398
12823871,8216,10544,801399
12823887,7991,10740,801400
12823903,8234,11006,801401
12823919,8109,11326,801402
12823935,8028,11585,801403
12823951,8352,11838,801404
12823967,8163,12032,801405
12823983,8014,12348,801406
12823999,8251,12535,801407
12824015,8017,12959,801408
12824031,8150,13203,801409
12824047,8222,13451,801410
12824063,7819,13680,801411
12824079,8234,13909,801412
12824095,8060,14246,801413
12824111,7869,14489,801414
12824127,8430,14677,801415
12824143,8201,15006,801416
12824159,8011,15237,801417
12824175,8448,15524,801418
12824191,7954,15808,801419
12824207,8095,16032,801420
12824223,8296,16337,801421
12824239,7916,338,801422
12824255,8113,314,801423
12824271,8086,657,801424
12824287,8012,842,801425
12824303,8072,1132,801426
12824319,8118,1367,801427
12824335,8140,1649,801428
12824351,8202,1951,801429
12824367,8157,2236,801430
12824383,8219,2448,801431
12824399,8217,2752,801432
12824415,8131,2996,801433
12824431,8228,3268,801434
12824447,7875,3484,801435
12824463,8161,3720,801436
12824479,8109,4006,801437
12824495,7859,4278,801438
12824511,8205,4648,801439
12824527,8210,4877,801440
12824543,8150,5126,801441
12824559,8352,5355,801442
12824575,8109,5620,801443
12824591,8102,5920,801444
12824607,8300,6153,801445
12824623,8051,6378,801446
12824639,8184,6703,801447
12824655,8153,6948,801448
12824671,7895,7215,801449
12824687,8273,7540,801450
12824703,8002,7770,801451
12824719,7952,7998,801452
12824735,8235,8304,801453
12824751,7956,8557,801454
12824767,8048,8790,801455
12824783,8255,9032,801456
12824799,7832,9332,801457
12824815,8339,9573,801458
12824831,8043,9836,801459
12824847,8071,10180,801460
12824863,8303,10333,801461
12824879,8154,10684,801462
12824895,8068,10970,801463
12824911,8263,11230,801464
12824927,7919,11447,801465
12824943,8016,11683,801466
12824959,8209,11939,801467
12824975,7899,12206,801468
12824991,8135,12508,801469
12825007,8275,12777,801470
12825023,8040,12990,801471
12825039,8305,13385,801472
12825055,8305,13628,801473
12825071,8032,13860,801474
12825087,8348,14091,801475
12825103,8266,14322,801476
12825119,8105,14598,801477
12825135,8116,14789,801478
12825151,8024,15093,801479
12825167,8116,15413,801480
12825183,8144,15642,801481
12825199,8114,15959,801482
12825215,8159,16152,801483
12825231,8214,8572,801484
12825247,8180,249,801485
12825263,8313,546,801486
12825279,8088,758,801487
12825295,8170,996,801488
12825311,8262,1255,801489
12825327,8033,1516,801490
12825343,8142,1888,801491
12825359,8048,2117,801492
12825375,8014,2335,801493
12825391,8153,2630,801494
12825407,8043,2837,801495
12825423,7928,3184,801496
12825439,8123,3368,801497
12825455,8163,3636,801498
12825471,8011,3857,801499
12825487,8203,4152,801500
12825503,8126,4456,801501
12825519,8061,4718,801502
12825535,8151,5004,801503
12825551,8167,5254,801504
12825567,8002,5514,801505
12825583,8020,5804,801506
12825599,8069,5989,801507
12825615,7973,6308,801508
12825631,8014,6531,801509
12825647,8150,6782,801510
12825663,8066,7111,801511
12825679,8112,7427,801512
12825695,8217,7621,801513
12825711,8010,7903,801514
12825727,8132,8153,801515
12825743,8062,8385,801516
12825759,7972,8638,801517
12825775,8212,8924,801518
12825791,8036,9180,801519
12825807,7941,9432,801520
12825823,8340,9705,801521
12825839,7949,9985,801522
12825855,8050,10300,801523
12825871,8294,10559,801524
12825887,8034,10814,801525
12825903,8108,10992,801526
12825919,8371,11327,801527
12825935,8082,11571,801528
12825951,8166,11829,801529
12825967,8040,12029,801530
12825983,8123,12369,801531
12825999,8305,12583,801532
12826015,8063,12941,801533
12826031,8010,13162,801534
12826047,8070,13435,801535
12826063,7966,13675,801536
12826079,8149,13966,801537
12826095,8129,14189,801538
12826111,7956,14449,801539
12826127,8112,14696,801540
12826143,8158,14960,801541
12826159,7942,15225,801542
12826175,8423,15577,801543
12826191,8174,15797,801544
12826207,8111,16067,801545
12826223,8291,16319,801546
12826239,7875,337,801547
12826255,7973,304,801548
12826271,8039,623,801549
12826287,7970,880,801550
12826303,8249,1170,801551
12826319,8084,1360,801552
12826335,8050,1661,801553
12826351,8189,1967,801554
12826367,8080,2210,801555
12826383,8133,2491,801556
12826399,8173,2739,801557
12826415,8114,2989,801558
12826431,8247,3227,801559
12826447,8114,3513,801560
12826463,8011,3747,801561
12826479,8171,4049,801562
12826495,7915,4310,801563
12826511,7910,4589,801564
12826527,8219,4944,801565
12826543,7964,5064,801566
12826559,8133,5418,801567
12826575,8083,5602,801568
12826591,8043,5892,801569
12826607,8245,6203,801570
12826623,8220,6463,801571
12826639,8198,6733,801572
12826655,8259,6971,801573
12826671,8086,7210,801574
12826687,8180,7516,801575
12826703,8009,7753,801576
12826719,8021,8044,801577
12826735,8187,8267,801578
12826751,7994,8475,801579
12826767,7988,8740,801580
12826783,8142,9005,801581
12826799,8063,9312,801582
12826815,8133,9531,801583
12826831,8372,9866,801584
12826847,8164,10145,801585
12826863,8289,10446,801586
12826879,8055,10637,801587
12826895,7909,10878,801588
12826911,8224,11175,801589
12826927,8138,11446,801590
12826943,7939,11657,801591
12826959,8228,11949,801592
12826975,7951,12212,801593
12826991,8092,12473,801594
12827007,8257,12693,801595
12827023,7905,12997,801596
12827039,8277,13341,801597
12827055,8345,13622,801598
12827071,8161,13816,801599
12827087,8123,14040,801600
12827103,8117,14274,801601
12827119,7987,14610,801602
12827135,8151,14812,801603
12827151,8108,15097,801604
12827167,7960,15386,801605
12827183,8154,15648,801606
12827199,8016,15946,801607
12827215,8198,16206,801608
12827231,8149,8463,801609
12827247,8058,319,801610
12827263,8256,544,801611
12827279,8057,731,801612
12827295,8089,980,801613
12827311,8252,1257,801614
12827327,8010,1563,801615
12827343,8221,1885,801616
12827359,8258,2051,801617
12827375,7920,2340,801618
12827391,8268,2639,801619
12827407,8204,2880,801620
12827423,7888,3070,801621
12827439,8318,3400,801622
12827455,8040,3650,801623
12827471,8093,3908,801624
12827487,8202,4142,801625
12827503,8274,4467,801626
12827519,8166,4712,801627
12827535,8213,4973,801628
12827551,8140,5278,801629
12827567,8199,5540,801630
12827583,8183,5825,801631
12827599,8022,6013,801632
12827615,8121,6352,801633
12827631,7891,6529,801634
12827647,8154,6799,801635
12827663,8133,7085,801636
12827679,8211,7380,801637
12827695,8333,7658,801638
12827711,8123,7875,801639
12827727,8053,8166,801640
12827743,8304,8425,801641
12827759,8106,8694,801642
12827775,8096,8963,801643
12827791,8103,9184,801644
12827807,7813,9427,801645
12827823,8240,9692,801646
12827839,8050,10024,801647
12827855,7907,10308,801648
12827871,8192,10571,801649
12827887,8030,10699,801650
12827903,8086,11031,801651
12827919,8172,11244,801652
12827935,8077,11592,801653
12827951,8223,11801,801654
12827967,8112,12062,801655
12827983,7990,12363,801656
12827999,8198,12626,801657
12828015,8086,12937,801658
12828031,7919,13155,801659
12828047,8332,13477,801660
12828063,7988,13710,801661
12828079,8004,13899,801662
12828095,8351,14203,801663
12828111,7863,14414,801664
12828127,8195,14732,801665
12828143,8331,14961,801666
12828159,7904,15225,801667
12828175,8224,15552,801668
12828191,8303,15775,801669
12828207,8006,16059,801670
12828223,8342,16297,801671
12828239,8099,384,801672
12828255,7847,315,801673
12828271,8228,650,801674
12828287,7950,906,801675
12828303,7928,1101,801676
12828319,8053,1408,801677
12828335,7962,1697,801678
12828351,7990,1970,801679
12828367,8227,2234,801680
12828383,8102,2494,801681
12828399,8288,2774,801682
12828415,8083,3017,801683
12828431,8069,3256,801684
12828447,8252,3519,801685
12828463,8077,3751,801686
12828479,8132,3961,801687
12828495,8152,4298,801688
12828511,8144,4642,801689
12828527,8157,4846,801690
12828543,7959,5147,801691
12828559,7976,5359,801692
12828575,8100,5613,801693
12828591,8072,5867,801694
12828607,8090,6138,801695
12828623,8116,6406,801696
12828639,8253,6700,801697
12828655,8002,6910,801698
12828671,8192,7224,801699
12828687,8101,7505,801700
12828703,8021,7757,801701
12828719,8205,8090,801702
12828735,8089,8279,801703
12828751,7949,8528,801704
12828767,8105,8739,801705
12828783,8077,9064,801706
12828799,8037,9353,801707
12828815,8162,9524,801708
12828831,8605,9792,801709
12828847,8164,10134,801710
12828863,8158,10411,801711
12828879,8175,10662,801712
12828895,8136,10975,801713
12828911,8098,11175,801714
12828927,8054,11426,801715
12828943,8043,11700,801716
12828959,8120,11893,801717
12828975,7975,12200,801718
12828991,7911,12470,801719
12829007,8318,12837,801720
12829023,8040,13068,801721
12829039,8234,13342,801722
12829055,8185,13546,801723
12829071,8151,13872,801724
12829087,8243,14063,801725
12829103,8221,14366,801726
12829119,8038,14510,801727
12829135,8051,14835,801728
12829151,8103,15156,801729
12829167,8117,15421,801730
12829183,8173,15684,801731
12829199,8023,15935,801732
12829215,8121,16264,801733
12829231,8150,8524,801734
12829247,8052,356,801735
12829263,8220,488,801736
12829279,8200,756,801737
12829295,8179,988,801738
12829311,8337,1276,801739
12829327,8149,1504,801740
12829343,8138,1846,801741
12829359,8341,2106,801742
12829375,8020,2344,801743
12829391,7937,2635,801744
12829407,8068,2894,801745
12829423,7994,3172,801746
12829439,8100,3392,801747
12829455,8204,3658,801748
12829471,7963,3876,801749
12829487,8168,4174,801750
12829503,8463,4478,801751
12829519,8088,4751,801752
12829535,8187,4997,801753
12829551,8400,5266,801754
12829567,8175,5536,801755
12829583,8138,5769,801756
12829599,8111,6077,801757
12829615,7959,6266,801758
12829631,7912,6481,801759
12829647,8073,6816,801760
12829663,7844,7070,801761
12829679,8222,7412,801762
12829695,8158,7615,801763
12829711,8088,7931,801764
12829727,8332,8151,801765
12829743,8134,8425,801766
12829759,8258,8659,801767
12829775,8103,8896,801768
12829791,8070,9140,801769
12829807,8047,9435,801770
12829823,8051,9701,801771
12829839,7957,9985,801772
12829855,8039,10311,801773
12829871,8113,10535,801774
12829887,8022,10734,801775
12829903,8112,11035,801776
12829919,8204,11329,801777
12829935,8083,11526,801778
12829951,8163,11783,801779
12829967,8131,12057,801780
12829983,8186,12375,801781
12829999,8264,12640,801782
12830015,8144,12937,801783
12830031,8021,13145,801784
12830047,8052,13397,801785
12830063,7965,13650,801786
12830079,7936,13989,801787
12830095,8126,14239,801788
12830111,7995,14437,801789
12830127,8039,14728,801790
12830143,8160,14973,801791
12830159,7908,15173,801792
12830175,8304,15586,801793
12830191,8286,15859,801794
12830207,8082,16072,801795
12830223,8296,16256,801796
12830239,8154,350,801797
12830255,7933,289,801798
12830271,8318,636,801799
12830287,8042,874,801800
12830303,8007,1130,801801
12830319,8125,1413,801802
12830335,7905,1695,801803
12830351,7925,1956,801804
12830367,8106,2179,801805
12830383,7930,2541,801806
12830399,8078,2703,801807
12830415,8157,2974,801808
12830431,7968,3213,801809
12830447,8322,3566,801810
12830463,8112,3770,801811
12830479,8035,3994,801812
12830495,8196,4266,801813
12830511,7948,4633,801814
12830527,8015,4889,801815
12830543,8107,5185,801816
12830559,7990,5395,801817
12830575,8072,5617,801818
12830591,8170,5921,801819
12830607,7925,6150,801820
12830623,8231,6361,801821
12830639,8149,6643,801822
12830655,7993,6920,801823
12830671,8232,7264,801824
12830687,8024,7490,801825
12830703,8124,7789,801826
12830719,7972,7998,801827
12830735,8008,8245,801828
12830751,8115,8525,801829
12830767,8005,8730,801830
12830783,7998,9047,801831
12830799,8224,9325,801832
12830815,7989,9535,801833
12830831,8217,9788,801834
12830847,8158,10147,801835
12830863,8118,10452,801836
12830879,8211,10657,801837
12830895,8164,10936,801838
12830911,8080,11216,801839
12830927,8201,11429,801840
12830943,7984,11719,801841
12830959,8188,11946,801842
12830975,8027,12198,801843
12830991,7919,12418,801844
12831007,8136,12787,801845
12831023,8016,13073,801846
12831039,8085,13281,801847
12831055,8166,13542,801848
12831071,8062,13798,801849
12831087,8186,14101,801850
12831103,8304,14337,801851
12831119,8008,14615,801852
12831135,8145,14843,801853
12831151,8103,15075,801854
12831167,7868,15357,801855
12831183,8199,15662,801856
12831199,8154,15948,801857
12831215,7988,16162,801858
12831231,8345,8497,801859
12831247,7997,338,801860
12831263,8208,438,801861
12831279,8230,788,801862
12831295,7950,996,801863
12831311,8275,1260,801864
12831327,8266,1505,801865
12831343,8006,1854,801866
12831359,8283,2117,801867
12831375,8052,2352,801868
12831391,8028,2569,801869
12831407,8305,2896,801870
12831423,7975,3164,801871
12831439,8109,3369,801872
12831455,8265,3709,801873
12831471,7804,3912,801874
12831487,8253,4147,801875
12831503,8220,4474,801876
12831519,7936,4728,801877
12831535,8423,5015,801878
12831551,8086,5268,801879
12831567,7970,5529,801880
12831583,8260,5734,801881
12831599,8101,5984,801882
12831615,8001,6275,801883
12831631,8340,6531,801884
12831647,7887,6840,801885
12831663,8137,7068,801886
12831679,8181,7396,801887
12831695,7906,7660,801888
12831711,8154,7882,801889
12831727,8126,8113,801890
12831743,8163,8432,801891
12831759,8153,8622,801892
12831775,7975,8881,801893
12831791,8257,9173,801894
12831807,8132,9417,801895
12831823,7856,9679,801896
12831839,8261,10039,801897
12831855,8049,10309,801898
12831871,7952,10500,801899
12831887,8190,10752,801900
12831903,8093,11092,801901
12831919,7967,11299,801902
12831935,8206,11517,801903
12831951,8116,11810,801904
12831967,8151,12062,801905
12831983,8179,12329,801906
12831999,8074,12575,801907
12832015,8156,12873,801908
12832031,7987,13109,801909
12832047,8153,13484,801910
12832063,8032,13690,801911
12832079,8042,13950,801912
12832095,8085,14230,801913
12832111,8161,14442,801914
12832127,7976,14685,801915
12832143,8279,15005,801916
12832159,8039,15210,801917
12832175,8180,15557,801918
12832191,8386,15765,801919
12832207,8084,16074,801920
12832223,8115,16335,801921
12832239,8218,348,801922
12832255,7834,382,801923
12832271,8220,660,801924
12832287,8041,861,801925
12832303,7927,1144,801926
12832319,8328,1375,801927
12832335,7916,1612,801928
12832351,7917,1941,801929
12832367,8335,2237,801930
12832383,7878,2463,801931
12832399,8112,2724,801932
12832415,8186,2996,801933
12832431,7965,3264,801934
12832447,8273,3527,801935
12832463,8096,3765,801936
12832479,7980,4045,801937
12832495,8326,4295,801938
12832511,7972,4634,801939
12832527,7904,4857,801940
12832543,8091,5096,801941
12832559,7859,5382,801942
12832575,8143,5604,801943
12832591,8197,5930,801944
12832607,7960,6192,801945
12832623,8197,6374,801946
12832639,8154,6614,801947
12832655,8091,6943,801948
12832671,8426,7234,801949
12832687,7988,7514,801950
12832703,8092,7800,801951
12832719,8234,8028,801952
12832735,7886,8277,801953
12832751,8026,8525,801954
12832767,8090,8784,801955
12832783,7859,9070,801956
12832799,8130,9267,801957
12832815,8055,9556,801958
12832831,7936,9838,801959
12832847,8157,10155,801960
12832863,8043,10368,801961
12832879,8061,10657,801962
12832895,8279,10934,801963
12832911,8115,11203,801964
12832927,8228,11462,801965
12832943,8078,11680,801966
12832959,8080,11989,801967
12832975,8313,12246,801968
12832991,8058,12495,801969
12833007,7922,12714,801970
12833023,8173,13018,801971
12833039,7992,13298,801972
12833055,8236,13585,801973
12833071,8125,13715,801974
12833087,8077,14076,801975
12833103,8229,14315,801976
12833119,8150,14597,801977
12833135,7957,14807,801978
12833151,8260,15105,801979
12833167,8021,15385,801980
12833183,8071,15691,801981
12833199,8123,15949,801982
12833215,8094,16224,801983
12833231,8071,8315,801984
12833247,8135,385,801985
12833263,8184,503,801986
12833279,8161,758,801987
12833295,8032,998,801988
12833311,8299,1270,801989
12833327,8218,1534,801990
12833343,8052,1866,801991
12833359,8294,2133,801992
12833375,8044,2352,801993
12833391,8024,2645,801994
12833407,8186,2866,801995
12833423,7968,3108,801996
12833439,7981,3462,801997
12833455,8145,3656,801998
12833471,7966,3878,801999
12833487,8168,4154,802000
12833503,8127,4448,802001
12833519,7862,4835,802002
12833535,8274,5020,802003
12833551,8299,5251,802004
12833567,8110,5546,802005
12833583,8275,5791,802006
12833599,8114,5994,802007
12833615,7987,6282,802008
12833631,8410,6582,802009
12833647,8071,6829,802010
12833663,8040,7040,802011
12833679,8236,7371,802012
12833695,8092,7630,802013
12833711,8201,7941,802014
12833727,8150,8189,802015
12833743,8106,8423,802016
12833759,8331,8641,802017
12833775,8061,8932,802018
12833791,8103,9167,802019
12833807,8250,9400,802020
12833823,8140,9689,802021
12833839,8223,10051,802022
12833855,8170,10227,802023
12833871,7821,10513,802024
12833887,8188,10836,802025
12833903,8070,11015,802026
12833919,7917,11306,802027
12833935,8281,11512,802028
12833951,8196,11750,802029
12833967,7984,12059,802030
12833983,8250,12332,802031
12833999,8038,12570,802032
12834015,8144,12934,802033
12834031,8174,13085,802034
12834047,8120,13458,802035
12834063,8038,13677,802036
12834079,8142,13937,802037
12834095,8039,14162,802038
12834111,7994,14455,802039
12834127,8174,14768,802040
12834143,8050,14980,802041
12834159,8048,15230,802042
12834175,8076,15525,802043
12834191,8302,15814,802044
12834207,8012,16066,802045
12834223,8105,16324,802046
12834239,8407,369,802047
12834255,8009,306,802048
12834271,8073,605,802049
12834287,8114,889,802050
12834303,7918,1100,802051
12834319,8251,1381,802052
12834335,8042,1617,802053
12834351,8020,1925,802054
12834367,8189,2198,802055
12834383,8092,2478,802056
12834399,8131,2751,802057
12834415,8306,3068,802058
12834431,7951,3256,802059
12834447,8158,3454,802060
12834463,8250,3831,802061
12834479,7951,4014,802062
12834495,8301,4353,802063
12834511,7998,4565,802064
12834527,8014,4889,802065
12834543,8260,5098,802066
12834559,8020,5407,802067
12834575,7986,5619,802068
12834591,8211,5878,802069
12834607,7995,6155,802070
12834623,8143,6415,802071
12834639,8121,6630,802072
12834655,8026,6939,802073
12834671,8391,7279,802074
12834687,8258,7506,802075
12834703,7943,7722,802076
12834719,8393,8054,802077
12834735,7942,8273,802078
12834751,8094,8506,802079
12834767,8339,8794,802080
12834783,7736,9028,802081
12834799,8044,9267,802082
12834815,8138,9566,802083
12834831,7790,9774,802084
12834847,8181,10186,802085
12834863,8170,10435,802086
12834879,7936,10632,802087
12834895,8246,10912,802088
12834911,8012,11119,802089
12834927,8061,11426,802090
12834943,8273,11750,802091
12834959,8103,11975,802092
12834975,8133,12202,802093
12834991,8112,12511,802094
12835007,7810,12753,802095
12835023,7973,12996,802096
12835039,8152,13294,802097
12835055,7952,13530,802098
12835071,8280,13805,802099
12835087,8272,14159,802100
12835103,8167,14324,802101
12835119,8349,14560,802102
12835135,8115,14823,802103
12835151,8228,15126,802104
12835167,8269,15463,802105
12835183,8131,15653,802106
12835199,8148,15995,802107
12835215,8017,16214,802108
12835231,7973,8448,802109
12835247,8072,310,802110
12835263,8026,483,802111
12835279,8160,736,802112
12835295,8202,1024,802113
12835311,8128,1268,802114
12835327,8258,1562,802115
12835343,8139,1883,802116
12835359,8216,2068,802117
12835375,8304,2402,802118
12835391,8036,2624,802119
12835407,8264,2858,802120
12835423,8052,3146,802121
12835439,7889,3345,802122
12835455,8249,3623,802123
12835471,7934,3858,802124
12835487,8042,4148,802125
12835503,8247,4465,802126
12835519,8007,4739,802127
12835535,8239,5005,802128
12835551,8253,5314,802129
12835567,7958,5477,802130
12835583,8157,5759,802131
12835599,8225,6053,802132
12835615,7879,6254,802133
12835631,8292,6558,802134
12835647,8197,6849,802135
12835663,8007,7023,802136
12835679,8223,7378,802137
12835695,7956,7659,802138
12835711,8136,7901,802139
12835727,8264,8128,802140
12835743,7980,8417,802141
12835759,8136,8651,802142
12835775,8174,8917,802143
12835791,8088,9164,802144
12835807,8402,9409,802145
12835823,8014,9660,802146
12835839,8000,9962,802147
12835855,8321,10244,802148
12835871,7880,10520,802149
12835887,8091,10833,802150
12835903,8313,11059,802151
12835919,7714,11335,802152
12835935,8188,11566,802153
12835951,8104,11773,802154
12835967,7952,12027,802155
12835983,8296,12266,802156
12835999,8162,12606,802157
12836015,8009,12851,802158
12836031,8291,13180,802159
12836047,8106,13365,802160
12836063,8154,13691,802161
12836079,8359,14013,802162
12836095,7967,14178,802163
12836111,8056,14528,802164
12836127,8216,14714,802165
12836143,8013,14942,802166
12836159,8147,15251,802167
12836175,8117,15570,802168
12836191,8093,15823,802169
12836207,8157,16063,802170
12836223,8278,16320,802171
12836239,8228,295,802172
12836255,8255,312,802173
12836271,8131,663,802174
12836287,8116,910,802175
12836303,8108,1140,802176
12836319,8135,1402,802177
12836335,8116,1722,802178
12836351,7992,1938,802179
12836367,7973,2222,802180
12836383,8051,2497,802181
12836399,8086,2760,802182
12836415,8090,2965,802183
12836431,8084,3276,802184
12836447,8151,3509,802185
12836463,8334,3805,802186
12836479,8153,4050,802187
12836495,8288,4308,802188
12836511,8066,4590,802189
12836527,8006,4881,802190
12836543,8244,5129,802191
12836559,8151,5393,802192
12836575,7934,5643,802193
12836591,8166,5928,802194
12836607,8104,6201,802195
12836623,8068,6386,802196
12836639,8226,6697,802197
12836655,7947,6920,802198
12836671,8197,7213,802199
12836687,8151,7496,802200
12836703,8072,7808,802201
12836719,8188,7968,802202
12836735,8122,8302,802203
12836751,7986,8529,802204
12836767,8179,8765,802205
12836783,7977,9035,802206
12836799,8045,9308,802207
12836815,8162,9539,802208
12836831,7963,9771,802209
12836847,8052,10119,802210
12836863,8152,10349,802211
12836879,7972,10638,802212
12836895,8230,10905,802213
12836911,8168,11186,802214
12836927,8096,11459,802215
12836943,8223,11648,802216
12836959,8026,11969,802217
12836975,8185,12237,802218
12836991,8266,12485,802219
12837007,7901,12772,802220
12837023,7991,13021,802221
12837039,8114,13340,802222
12837055,8120,13544,802223
12837071,8048,13788,802224
12837087,8123,14113,802225
12837103,8010,14300,802226
12837119,8304,14608,802227
12837135,8294,14845,802228
12837151,8063,15081,802229
12837167,8206,15331,802230
12837183,8084,15634,802231
12837199,8102,15909,802232
12837215,8218,16221,802233
12837231,8026,8510,802234
12837247,7898,325,802235
12837263,8166,495,802236
12837279,8006,742,802237
12837295,7954,942,802238
12837311,8199,1275,802239
12837327,8030,1527,802240
12837343,8160,1867,802241
12837359,8224,2093,802242
12837375,8185,2357,802243
12837391,8092,2631,802244
12837407,8230,2881,802245
12837423,7918,3143,802246
12837439,8224,3408,802247
12837455,8006,3666,802248
12837471,7876,3937,802249
12837487,8054,4187,802250
12837503,8039,4433,802251
12837519,8126,4788,802252
12837535,8151,4982,802253
12837551,8169,5283,802254
12837567,8042,5528,802255
12837583,8170,5763,802256
12837599,8166,6095,802257
12837615,8044,6299,802258
12837631,8000,6486,802259
12837647,8059,6835,802260
12837663,8071,7075,802261
12837679,8139,7409,802262
12837695,8119,7669,802263
12837711,8061,7853,802264
12837727,8123,8161,802265
12837743,8070,8370,802266
12837759,8234,8671,802267
12837775,8285,8950,802268
12837791,8186,9190,802269
12837807,8151,9445,802270
12837823,7996,9665,802271
12837839,8143,10002,802272
12837855,8157,10282,802273
12837871,8072,10504,802274
12837887,8193,10755,802275
12837903,8142,11010,802276
12837919,8047,11332,802277
12837935,8040,11515,802278
12837951,8085,11782,802279
12837967,7925,12008,802280
12837983,8110,12362,802281
12837999,8102,12568,802282
12838015,7986,12922,802283
12838031,8191,13162,802284
12838047,8103,13423,802285
12838063,7997,13653,802286
12838079,8304,13949,802287
12838095,8032,14192,802288
12838111,7997,14491,802289
12838127,8246,14732,802290
12838143,7957,14985,802291
12838159,8023,15229,802292
12838175,8000,15527,802293
12838191,7949,15761,802294
12838207,8259,16114,802295
12838223,8144,16277,802296
12838239,8146,291,802297
12838255,8205,376,802298
12838271,8141,658,802299
12838287,8092,853,802300
12838303,8260,1161,802301
12838319,8141,1405,802302
12838335,8078,1647,802303
12838351,8080,1953,802304
12838367,8058,2234,802305
12838383,8223,2456,802306
12838399,8061,2748,802307
12838415,8091,3034,802308
12838431,8211,3250,802309
12838447,8150,3533,802310
12838463,8272,3774,802311
12838479,8252,4034,802312
12838495,8134,4288,802313
12838511,8086,4598,802314
12838527,8154,4851,802315
12838543,8052,5103,802316
12838559,8181,5388,802317
12838575,8042,5662,802318
12838591,8127,5945,802319
12838607,8082,6137,802320
12838623,8118,6421,802321
12838639,8138,6606,802322
12838655,8042,6911,802323
12838671,8277,7266,802324
12838687,8157,7494,802325
12838703,8064,7743,802326
12838719,8152,8022,802327
12838735,8144,8265,802328
12838751,7891,8530,802329
12838767,8314,8837,802330
12838783,8106,9104,802331
12838799,7894,9288,802332
12838815,8271,9527,802333
12838831,7985,9864,802334
12838847,8095,10106,802335
12838863,8377,10412,802336
12838879,7975,10671,802337
12838895,8188,10907,802338
12838911,8229,11149,802339
12838927,7951,11484,802340
12838943,8356,11697,802341
12838959,8161,11968,802342
12838975,8023,12182,802343
12838991,8361,12511,802344
12839007,8139,12765,802345
12839023,8009,13040,802346
12839039,8083,13250,802347
12839055,7921,13551,802348
12839071,8118,13895,802349
12839087,8161,14060,802350
12839103,7978,14252,802351
12839119,8380,14588,802352
12839135,8012,14796,802353
12839151,8045,15115,802354
12839167,8347,15357,802355
12839183,8129,15725,802356
12839199,8097,15961,802357
12839215,8307,16225,802358
12839231,7908,8410,802359
12839247,8091,331,802360
12839263,7962,482,802361
12839279,7850,680,802362
12839295,8030,960,802363
12839311,8138,1314,802364
12839327,8043,1515,802365
12839343,8278,1834,802366
12839359,8206,2091,802367
12839375,8234,2372,802368
12839391,8319,2626,802369
12839407,8130,2865,802370
12839423,8227,3135,802371
12839439,8138,3381,802372
12839455,8052,3665,802373
12839471,8162,3906,802374
12839487,7992,4145,802375
12839503,8078,4397,802376
12839519,8130,4746,802377
12839535,8003,4994,802378
12839551,8080,5250,802379
12839567,8193,5496,802380
12839583,8106,5754,802381
12839599,8196,6036,802382
12839615,8008,6256,802383
12839631,8110,6542,802384
12839647,8067,6828,802385
12839663,7911,7006,802386
12839679,8082,7398,802387
12839695,8046,7680,802388
12839711,7802,7882,802389
12839727,8194,8133,802390
12839743,8004,8387,802391
12839759,7966,8691,802392
12839775,8213,8966,802393
12839791,7965,9178,802394
12839807,8113,9386,802395
12839823,8198,9725,802396
12839839,7911,9988,802397
12839855,8115,10279,802398
12839871,8045,10498,802399
12839887,7996,10804,802400
12839903,8205,11067,802401
12839919,7968,11301,802402
12839935,7932,11497,802403
12839951,8152,11820,802404
12839967,7910,12047,802405
12839983,8213,12375,802406
12839999,8264,12632,802407
12840015,7968,12922,802408
12840031,8383,13137,802409
12840047,8122,13387,802410
12840063,8077,13684,802411
12840079,8425,14015,802412
12840095,8082,14190,802413
12840111,7994,14423,802414
12840127,8312,14716,802415
12840143,7990,14990,802416
12840159,8192,15219,802417
12840175,8234,15500,802418
12840191,7887,15794,802419
12840207,8103,16033,802420
12840223,8186,16306,802421
12840239,8146,348,802422
12840255,8375,385,802423
12840271,8192,617,802424
12840287,8149,882,802425
12840303,8284,1136,802426
12840319,7911,1378,802427
12840335,8035,1614,802428
12840351,8147,2004,802429
12840367,7921,2231,802430
12840383,8175,2450,802431
12840399,8157,2750,802432
12840415,8033,2994,802433
12840431,8187,3239,802434
12840447,8129,3551,802435
12840463,8033,3723,802436
12840479,8262,4041,802437
12840495,8054,4268,802438
12840511,8230,4616,802439
12840527,8166,4904,802440
12840543,8028,5112,802441
12840559,8154,5346,802442
12840575,8017,5635,802443
12840591,7953,5899,802444
12840607,8170,6178,802445
12840623,8007,6432,802446
12840639,8069,6648,802447
12840655,8168,6997,802448
12840671,8103,7233,802449
12840687,8168,7510,802450
12840703,8039,7769,802451
12840719,8259,8027,802452
12840735,8200,8226,802453
12840751,8058,8526,802454
12840767,8120,8752,802455
12840783,8145,9096,802456
12840799,7886,9285,802457
12840815,8106,9519,802458
12840831,8040,9804,802459
12840847,7869,10096,802460
12840863,8290,10438,802461
12840879,8152,10686,802462
12840895,8085,10869,802463
12840911,8383,11161,802464
12840927,7993,11397,802465
12840943,8296,11695,802466
12840959,8185,11929,802467
12840975,8061,12219,802468
12840991,8162,12436,802469
12841007,8138,12832,802470
12841023,8178,13032,802471
12841039,8188,13265,802472
12841055,8019,13586,802473
12841071,8168,13794,802474
12841087,8100,14064,802475
12841103,8034,14385,802476
12841119,8166,14572,802477
12841135,8159,14820,802478
12841151,7958,15093,802479
12841167,8390,15409,802480
12841183,8095,15676,802481
12841199,8074,15959,802482
12841215,8450,16130,802483
12841231,7983,8490,802484
12841247,8048,288,802485
12841263,8295,541,802486
12841279,8024,766,802487
12841295,8093,964,802488
12841311,8133,1272,802489
12841327,7991,1541,802490
12841343,8254,1876,802491
12841359,8217,2103,802492
12841375,8110,2372,802493
12841391,8240,2607,802494
12841407,8091,2911,802495
12841423,7984,3115,802496
12841439,8251,3444,802497
12841455,8030,3656,802498
12841471,8039,3931,802499
12841487,8018,4206,802500
12841503,7884,4437,802501
12841519,8034,4710,802502
12841535,7933,5022,802503
12841551,7977,5277,802504
12841567,8279,5510,802505
12841583,8141,5812,802506
12841599,8320,6036,802507
12841615,8169,6330,802508
12841631,7980,6526,802509
12841647,8102,6796,802510
12841663,8236,7031,802511
12841679,7933,7355,802512
12841695,8191,7707,802513
12841711,8007,7869,802514
12841727,7943,8093,802515
12841743,8062,8394,802516
12841759,7992,8682,802517
12841775,7948,8872,802518
12841791,8110,9170,802519
12841807,8067,9431,802520
12841823,8189,9750,802521
12841839,8131,10055,802522
12841855,8296,10313,802523
12841871,8087,10543,802524
12841887,8097,10805,802525
12841903,8128,11001,802526
12841919,7865,11313,802527
12841935,8066,11583,802528
12841951,8084,11850,802529
12841967,8072,12104,802530
12841983,8162,12362,802531
12841999,8221,12598,802532
12842015,7982,12914,802533
12842031,8232,13182,802534
12842047,8232,13414,802535
12842063,7977,13708,802536
12842079,8204,13975,802537
12842095,8185,14191,802538
12842111,8099,14530,802539
12842127,8272,14697,802540
12842143,8157,15008,802541
12842159,8062,15263,802542
12842175,8248,15570,802543
12842191,8050,15802,802544
12842207,8161,16077,802545
12842223,8271,16294,802546
12842239,8101,378,802547
12842255,8299,290,802548
12842271,8212,628,802549
12842287,8071,835,802550
12842303,8297,1123,802551
12842319,8124,1387,802552
12842335,8224,1670,802553
12842351,8389,2017,802554
12842367,8062,2255,802555
12842383,8055,2446,802556
12842399,8179,2794,802557
12842415,7816,2989,802558
12842431,8255,3239,802559
12842447,8034,3478,802560
12842463,7855,3746,802561
12842479,8287,4044,802562
12842495,8042,4305,802563
12842511,8079,4636,802564
12842527,8361,4896,802565
12842543,8133,5101,802566
12842559,8164,5351,802567
12842575,8118,5608,802568
12842591,7908,5879,802569
12842607,8118,6152,802570
12842623,8153,6420,802571
12842639,7853,6659,802572
12842655,8045,6904,802573
12842671,8113,7233,802574
12842687,8008,7464,802575
12842703,8297,7793,802576
12842719,8028,8030,802577
12842735,8241,8282,802578
12842751,8224,8495,802579
12842767,8141,8840,802580
12842783,8296,9096,802581
12842799,7952,9310,802582
12842815,8055,9551,802583
12842831,8126,9818,802584
12842847,7906,10122,802585
12842863,8034,10422,802586
12842879,8224,10697,802587
12842895,8070,10917,802588
12842911,8344,11192,802589
12842927,8133,11403,802590
12842943,8123,11704,802591
12842959,8215,11934,802592
12842975,8170,12185,802593
12842991,8093,12442,802594
12843007,8194,12840,802595
12843023,7919,13015,802596
12843039,8174,13348,802597
12843055,8150,13556,802598
12843071,7946,13875,802599
12843087,8230,14054,802600
12843103,8134,14400,802601
12843119,8320,14545,802602
12843135,8170,14812,802603
12843151,8030,15104,802604
12843167,8289,15384,802605
12843183,8116,15594,802606
12843199,8066,15947,802607
12843215,8416,16223,802608
12843231,8059,8536,802609
12843247,7930,375,802610
12843263,8380,469,802611
12843279,7860,728,802612
12843295,8006,984,802613
12843311,8263,1296,802614
12843327,7863,1510,802615
12843343,8207,1873,802616
12843359,8324,2117,802617
12843375,7840,2334,802618
12843391,8257,2586,802619
12843407,8201,2880,802620
12843423,8067,3118,802621
12843439,8329,3412,802622
12843455,8183,3699,802623
12843471,8142,3906,802624
12843487,8124,4233,802625
12843503,7970,4480,802626
12843519,8267,4753,802627
12843535,8122,5037,802628
12843551,8002,5298,802629
12843567,8183,5531,802630
12843583,7987,5769,802631
12843599,8035,6003,802632
12843615,8331,6287,802633
12843631,8079,6568,802634
12843647,8241,6886,802635
12843663,8283,7048,802636
12843679,7926,7361,802637
12843695,8128,7605,802638
12843711,8173,7943,802639
12843727,7895,8143,802640
12843743,8166,8418,802641
12843759,7928,8703,802642
12843775,7867,8886,802643
12843791,8181,9169,802644
12843807,8012,9445,802645
12843823,8286,9701,802646
12843839,8203,9981,802647
12843855,8148,10307,802648
12843871,8156,10493,802649
12843887,8137,10783,802650
12843903,8120,11047,802651
12843919,8064,11300,802652
12843935,7884,11572,802653
12843951,8024,11798,802654
12843967,8166,12129,802655
12843983,8035,12335,802656
12843999,8284,12627,802657
12844015,8257,12932,802658
12844031,8245,13173,802659
12844047,8286,13445,802660
12844063,7999,13682,802661
12844079,8336,13934,802662
12844095,8330,14238,802663
12844111,8083,14452,802664
12844127,8170,14735,802665
12844143,8178,14968,802666
12844159,7976,15214,802667
12844175,8190,15524,802668
12844191,8052,15790,802669
12844207,8014,16077,802670
12844223,8270,16225,802671
12844239,8083,334,802672
12844255,8285,340,802673
12844271,8396,669,802674
12844287,8042,873,802675
12844303,8356,1144,802676
12844319,8071,1340,802677
12844335,7985,1630,802678
12844351,8184,1933,802679
12844367,8053,2191,802680
12844383,8113,2484,802681
12844399,8301,2786,802682
12844415,8014,2984,802683
12844431,8093,3246,802684
12844447,8227,3488,802685
12844463,7813,3816,802686
12844479,8234,4007,802687
12844495,8195,4300,802688
12844511,7895,4579,802689
12844527,8354,4832,802690
12844543,8130,5164,802691
12844559,8106,5394,802692
12844575,8408,5662,802693
12844591,7996,5990,802694
12844607,8106,6133,802695
12844623,8141,6408,802696
12844639,7931,6643,802697
12844655,8247,7013,802698
12844671,8115,7237,802699
12844687,7882,7511,802700
12844703,8356,7792,802701
12844719,8135,8063,802702
12844735,8039,8266,802703
12844751,8110,8431,802704
12844767,7960,8775,802705
12844783,8125,9069,802706
12844799,8227,9320,802707
12844815,7867,9573,802708
12844831,8188,9834,802709
12844847,7908,10124,802710
12844863,7982,10457,802711
12844879,8230,10672,802712
12844895,7917,10876,802713
12844911,8108,11214,802714
12844927,8223,11442,802715
12844943,8171,11654,802716
12844959,8101,11911,802717
12844975,8298,12229,802718
12844991,8234,12467,802719
12845007,8105,12765,802720
12845023,8127,13014,802721
12845039,8072,13309,802722
12845055,8084,13588,802723
12845071,8205,13877,802724
12845087,8104,14067,802725
12845103,8106,14327,802726
12845119,8108,14567,802727
12845135,8240,14841,802728
12845151,8129,15088,802729
12845167,8213,15355,802730
12845183,8316,15734,802731
12845199,8185,15942,802732
12845215,8242,16186,802733
12845231,8117,8524,802734
12845247,8112,386,802735
12845263,8342,544,802736
12845279,8079,738,802737
12845295,7992,986,802738
12845311,8141,1240,802739
12845327,8014,1471,802740
12845343,8112,1829,802741
12845359,8250,2118,802742
12845375,8118,2367,802743
12845391,8216,2633,802744
12845407,8245,2875,802745
12845423,8188,3152,802746
12845439,8137,3383,802747
12845455,8096,3637,802748
12845471,8077,3900,802749
12845487,8312,4195,802750
12845503,8016,4430,802751
12845519,8015,4756,802752
12845535,8080,4957,802753
12845551,8150,5298,802754
12845567,8160,5532,802755
12845583,8241,5794,802756
12845599,7974,6038,802757
12845615,8303,6256,802758
12845631,8026,6526,802759
12845647,8210,6875,802760
12845663,8307,7038,802761
12845679,8063,7386,802762
12845695,8170,7659,802763
12845711,8424,7962,802764
12845727,8031,8202,802765
12845743,7974,8369,802766
12845759,8200,8687,802767
12845775,7912,8913,802768
12845791,7996,9129,802769
12845807,8279,9456,802770
12845823,7981,9653,802771
12845839,8306,10017,802772
12845855,8309,10292,802773
12845871,8074,10518,802774
12845887,8132,10745,802775
12845903,8186,11044,802776
12845919,8148,11269,802777
12845935,8261,11611,802778
12845951,8139,11815,802779
12845967,7929,12108,802780
12845983,8133,12367,802781
12845999,8144,12641,802782
12846015,8081,12892,802783
12846031,8158,13184,802784
12846047,8274,13491,802785
12846063,8162,13691,802786
12846079,8222,13937,802787
12846095,8307,14224,802788
12846111,8310,14480,802789
12846127,8164,14734,802790
12846143,8083,14962,802791
12846159,8179,15300,802792
12846175,7991,15550,802793
12846191,8047,15752,802794
12846207,8068,16152,802795
12846223,8066,16295,802796
12846239,8192,350,802797
12846255,8267,321,802798
12846271,8200,584,802799
12846287,8187,874,802800
12846303,8132,1138,802801
12846319,8093,1398,802802
12846335,8250,1619,802803
12846351,8233,1974,802804
12846367,8040,2221,802805
12846383,8137,2523,802806
12846399,8182,2752,802807
12846415,7945,2975,802808
12846431,8191,3274,802809
12846447,8181,3508,802810
12846463,7844,3730,802811
12846479,8277,4049,802812
12846495,8302,4287,802813
12846511,7918,4579,802814
12846527,8279,4877,802815
12846543,8194,5144,802816
12846559,8000,5367,802817
12846575,8286,5635,802818
12846591,7965,5887,802819
12846607,8020,6134,802820
12846623,8103,6427,802821
12846639,7889,6682,802822
12846655,7956,6889,802823
12846671,8177,7230,802824
12846687,7941,7518,802825
12846703,8002,7746,802826
12846719,8111,8049,802827
12846735,8133,8345,802828
12846751,8360,8545,802829
12846767,8055,8783,802830
12846783,8097,9044,802831
12846799,8376,9344,802832
12846815,7977,9610,802833
12846831,8069,9855,802834
12846847,8176,10130,802835
12846863,7923,10422,802836
12846879,8172,10704,802837
12846895,8040,10932,802838
12846911,7933,11205,802839
12846927,8211,11438,802840
12846943,8155,11725,802841
12846959,8245,11967,802842
12846975,8268,12171,802843
12846991,8127,12392,802844
12847007,8218,12763,802845
12847023,8342,13074,802846
12847039,8209,13331,802847
12847055,8190,13602,802848
12847071,8245,13865,802849
12847087,8154,14072,802850
12847103,8150,14323,802851
12847119,8020,14601,802852
12847135,8094,14814,802853
12847151,8117,15099,802854
12847167,8275,15466,802855
12847183,8205,15614,802856
12847199,8205,15955,802857
12847215,8318,16160,802858
12847231,8247,8533,802859
12847247,8097,335,802860
12847263,8116,465,802861
12847279,8029,773,802862
12847295,7931,990,802863
12847311,8226,1267,802864
12847327,8112,1680,802865
12847343,7960,1876,802866
12847359,8234,2128,802867
12847375,8070,2345,802868
12847391,8182,2655,802869
12847407,8248,2860,802870
12847423,8073,3100,802871
12847439,8180,3340,802872
12847455,8280,3686,802873
12847471,8013,3851,802874
12847487,8312,4140,802875
12847503,8150,4505,802876
12847519,8079,4755,802877
12847535,8351,5040,802878
12847551,7961,5254,802879
12847567,8083,5510,802880
12847583,8087,5804,802881
12847599,7949,6035,802882
12847615,8333,6303,802883
12847631,8143,6503,802884
12847647,8127,6863,802885
12847663,8445,7046,802886
12847679,8089,7404,802887
12847695,7944,7578,802888
12847711,8305,7881,802889
12847727,7825,8178,802890
12847743,8080,8412,802891
12847759,8181,8728,802892
12847775,7864,8902,802893
12847791,8117,9173,802894
12847807,8059,9395,802895
12847823,7890,9641,802896
12847839,8391,9961,802897
12847855,8179,10301,802898
12847871,7973,10525,802899
12847887,8252,10747,802900
12847903,8123,11053,802901
12847919,8131,11302,802902
12847935,8427,11583,802903
12847951,7976,11866,802904
12847967,8172,12082,802905
12847983,8170,12386,802906
12847999,7998,12584,802907
12848015,8266,12927,802908
12848031,7930,13146,802909
12848047,8097,13410,802910
12848063,8286,13686,802911
12848079,8163,13929,802912
12848095,8170,14187,802913
12848111,8318,14464,802914
12848127,8127,14741,802915
12848143,8384,15002,802916
12848159,8169,15201,802917
12848175,8064,15581,802918
12848191,8036,15797,802919
12848207,7931,16036,802920
12848223,8123,16332,802921
12848239,8221,346,802922
12848255,8012,334,802923
12848271,8242,659,802924
12848287,8121,846,802925
12848303,8149,1106,802926
12848319,8225,1399,802927
12848335,8210,1719,802928
12848351,8160,1935,802929
12848367,8172,2217,802930
12848383,8089,2488,802931
12848399,8285,2736,802932
12848415,8097,3034,802933
12848431,8046,3246,802934
12848447,8123,3532,802935
12848463,8124,3776,802936
12848479,8162,4022,802937
12848495,8311,4306,802938
12848511,8016,4600,802939
12848527,8158,4853,802940
12848543,8326,5186,802941
12848559,7917,5378,802942
12848575,8261,5678,802943
12848591,8093,5894,802944
12848607,7960,6116,802945
12848623,8254,6408,802946
12848639,8050,6697,802947
12848655,8075,6938,802948
12848671,8162,7272,802949
12848687,8023,7504,802950
12848703,8236,7772,802951
12848719,8183,8015,802952
12848735,7818,8285,802953
12848751,8364,8550,802954
12848767,8077,8761,802955
12848783,8027,9066,802956
12848799,8346,9317,802957
12848815,7995,9560,802958
12848831,7991,9809,802959
12848847,8136,10123,802960
12848863,7899,10378,802961
12848879,8118,10645,802962
12848895,8160,10959,802963
12848911,7931,11256,802964
12848927,8098,11426,802965
12848943,8158,11749,802966
12848959,7989,11947,802967
12848975,8300,12186,802968
12848991,8063,12455,802969
12849007,8173,12750,802970
12849023,8188,13024,802971
12849039,8006,13266,802972
12849055,8143,13547,802973
12849071,8110,13822,802974
12849087,7926,14055,802975
12849103,8220,14347,802976
12849119,8026,14587,802977
12849135,7962,14847,802978
12849151,8112,15098,802979
12849167,8065,15437,802980
12849183,8090,15678,802981
12849199,8201,15981,802982
12849215,8072,16154,802983
12849231,8191,8420,802984
12849247,8264,366,802985
12849263,8106,465,802986
12849279,8030,744,802987
12849295,8132,1050,802988
12849311,8063,1223,802989
12849327,8128,1524,802990
12849343,8040,1870,802991
12849359,8044,2093,802992
12849375,8132,2372,802993
12849391,8046,2602,802994
12849407,8272,2860,802995
12849423,8097,3098,802996
12849439,8235,3379,802997
12849455,8234,3680,802998
12849471,8056,3921,802999
12849487,8182,4189,803000
12849503,8157,4465,803001
12849519,7963,4738,803002
12849535,8114,5047,803003
12849551,7836,5240,803004
12849567,7956,5514,803005
12849583,8233,5825,803006
12849599,7936,6221,803007
12849615,8184,6281,803008
12849631,8067,6570,803009
12849647,7963,6810,803010
12849663,8161,7025,803011
12849679,8112,7376,803012
12849695,8039,7636,803013
12849711,8210,7930,803014
12849727,7965,8124,803015
12849743,7953,8423,803016
12849759,8256,8708,803017
12849775,7894,8902,803018
12849791,8014,9164,803019
12849807,8146,9430,803020
12849823,7883,9659,803021
12849839,8197,10017,803022
12849855,8029,10249,803023
12849871,7971,10536,803024
12849887,8287,10796,803025
12849903,8249,11055,803026
12849919,7989,11233,803027
12849935,8203,11548,803028
12849951,8049,11844,803029
12849967,8058,12091,803030
12849983,8220,12345,803031
12849999,7910,12563,803032
12850015,8162,12927,803033
12850031,8100,13190,803034
12850047,7904,13482,803035
12850063,8215,13676,803036
12850079,8056,13888,803037
12850095,8112,14235,803038
12850111,8189,14432,803039
12850127,8080,14658,803040
12850143,8264,14950,803041
12850159,8238,15228,803042
12850175,7917,15503,803043
12850191,8200,15827,803044
12850207,8103,16110,803045
12850223,7888,16259,803046
12850239,8109,354,803047
12850255,8022,323,803048
12850271,8095,663,803049
12850287,8267,869,803050
12850303,8143,1149,803051
12850319,8070,1379,803052
12850335,8221,1692,803053
12850351,8227,1968,803054
12850367,8256,2240,803055
12850383,8150,2453,803056
12850399,8120,2752,803057
12850415,8059,3031,803058
12850431,7992,3228,803059
12850447,8126,3518,803060
12850463,7951,3764,803061
12850479,7914,4010,803062
12850495,8206,4266,803063
12850511,8053,4615,803064
12850527,8103,4862,803065
12850543,8196,5164,803066
12850559,8063,5401,803067
12850575,8359,5630,803068
12850591,8176,5864,803069
12850607,8073,6194,803070
12850623,8118,6407,803071
12850639,8099,6652,803072
12850655,7993,6940,803073
12850671,8178,7270,803074
12850687,8043,7497,803075
12850703,8088,7758,803076
12850719,8136,8015,803077
12850735,8060,8322,803078
12850751,8087,8530,803079
12850767,8255,8809,803080
12850783,8063,9075,803081
12850799,8266,9330,803082
12850815,8157,9612,803083
12850831,8028,9855,803084
12850847,8134,10119,803085
12850863,8021,10453,803086
12850879,8158,10676,803087
12850895,8075,10899,803088
12850911,7782,11167,803089
12850927,8201,11421,803090
12850943,8144,11649,803091
12850959,7886,11907,803092
12850975,8265,12166,803093
12850991,8185,12507,803094
12851007,7921,12710,803095
12851023,8346,13058,803096
12851039,8007,13319,803097
12851055,8042,13510,803098
12851071,8294,13774,803099
12851087,8054,14067,803100
12851103,8167,14321,803101
12851119,8168,14495,803102
12851135,7921,14822,803103
12851151,8140,15118,803104
12851167,7966,15322,803105
12851183,8028,15751,803106
12851199,8239,15933,803107
12851215,8160,16184,803108
12851231,8190,8520,803109
12851247,8216,329,803110
12851263,8173,503,803111
12851279,8133,712,803112
12851295,8158,1065,803113
12851311,8005,1284,803114
12851327,8087,1572,803115
12851343,7949,1851,803116
12851359,7935,2120,803117
12851375,8139,2361,803118
12851391,7986,2656,803119
12851407,8180,2904,803120
12851423,8400,3120,803121
12851439,8178,3391,803122
12851455,8256,3616,803123
12851471,8132,3912,803124
12851487,8116,4218,803125
12851503,8381,4436,803126
12851519,8024,4755,803127
12851535,8074,5057,803128
12851551,8140,5277,803129
12851567,8122,5490,803130
12851583,8049,5783,803131
12851599,7989,6018,803132
12851615,8014,6329,803133
12851631,8207,6619,803134
12851647,8090,6776,803135
12851663,8191,7044,803136
12851679,8212,7394,803137
12851695,7909,7638,803138
12851711,8244,7937,803139
12851727,8030,8169,803140
12851743,7948,8396,803141
12851759,8086,8660,803142
12851775,7886,8919,803143
12851791,7885,9155,803144
12851807,8170,9402,803145
12851823,7805,9686,803146
12851839,8119,9999,803147
12851855,8252,10351,803148
12851871,7932,10521,803149
12851887,8274,10818,803150
12851903,8229,11076,803151
12851919,7994,11262,803152
12851935,8200,11559,803153
12851951,7982,11841,803154
12851967,7969,12060,803155
12851983,8162,12375,803156
12851999,7974,12580,803157
12852015,7969,12881,803158
12852031,8165,13194,803159
12852047,7956,13357,803160
12852063,8253,13713,803161
12852079,8107,13963,803162
12852095,7934,14174,803163
12852111,8338,14544,803164
12852127,8127,14725,803165
12852143,8140,14983,803166
12852159,8340,15230,803167
12852175,7964,15566,803168
12852191,8226,15799,803169
12852207,8200,16058,803170
12852223,7903,16256,803171
12852239,8122,277,803172
12852255,8023,322,803173
12852271,7856,618,803174
12852287,8304,848,803175
12852303,8094,1127,803176
12852319,7909,1379,803177
12852335,8380,1694,803178
12852351,8087,1983,803179
12852367,8121,2225,803180
12852383,8169,2460,803181
12852399,7975,2732,803182
12852415,8060,3000,803183
12852431,8124,3260,803184
12852447,7971,3505,803185
12852463,8136,3772,803186
12852479,7935,4011,803187
12852495,8133,4317,803188
12852511,8238,4543,803189
12852527,8004,4855,803190
12852543,8225,5153,803191
12852559,8206,5392,803192
12852575,8194,5628,803193
12852591,8296,5894,803194
12852607,8099,6138,803195
12852623,8152,6414,803196
12852639,8066,6659,803197
12852655,8064,6963,803198
12852671,8149,7298,803199
12852687,8009,7462,803200
12852703,8010,7764,803201
12852719,8112,8026,803202
12852735,8105,8268,803203
12852751,8040,8504,803204
12852767,8286,8797,803205
12852783,7932,9028,803206
12852799,8220,9330,803207
12852815,8234,9594,803208
12852831,7938,9793,803209
12852847,8125,10150,803210
12852863,8117,10389,803211
12852879,8044,10644,803212
12852895,8315,10955,803213
12852911,8032,11185,803214
12852927,8120,11471,803215
12852943,8154,11720,803216
12852959,7918,11957,803217
12852975,8301,12151,803218
12852991,8253,12485,803219
12853007,7978,12743,803220
12853023,8343,13086,803221
12853039,8150,13335,803222
12853055,8124,13558,803223
12853071,8281,13782,803224
12853087,8111,14101,803225
12853103,8064,14304,803226
12853119,8097,14592,803227
12853135,7871,14789,803228
12853151,8086,15104,803229
12853167,8215,15339,803230
12853183,7915,15655,803231
12853199,8302,16015,803232
12853215,8228,16191,803233
12853231,8172,8440,803234
12853247,8409,380,803235
12853263,7980,563,803236
12853279,8093,696,803237
12853295,8346,1022,803238
12853311,7937,1235,803239
12853327,8207,1542,803240
12853343,8069,1837,803241
12853359,8017,2092,803242
12853375,8198,2333,803243
12853391,8103,2642,803244
12853407,7954,2865,803245
12853423,8260,3191,803246
12853439,8078,3368,803247
12853455,8016,3619,803248
12853471,8053,3899,803249
12853487,8172,4172,803250
12853503,8112,4473,803251
12853519,8190,4784,803252
12853535,8043,4963,803253
12853551,8122,5266,803254
12853567,7975,5469,803255
12853583,8004,5763,803256
12853599,8045,6060,803257
12853615,7960,6286,803258
12853631,8041,6573,803259
12853647,8209,6883,803260
12853663,8104,7045,803261
12853679,8209,7383,803262
12853695,8134,7622,803263
12853711,8024,7888,803264
12853727,8162,8131,803265
12853743,8018,8415,803266
12853759,8103,8670,803267
12853775,8073,8945,803268
12853791,8074,9200,803269
12853807,8104,9424,803270
12853823,8026,9664,803271
12853839,8241,10001,803272
12853855,8157,10316,803273
12853871,8070,10493,803274
12853887,8181,10801,803275
12853903,8210,11033,803276
12853919,8158,11284,803277
12853935,8118,11558,803278
12853951,8125,11812,803279
12853967,8085,12130,803280
12853983,8034,12338,803281
12853999,8044,12636,803282
12854015,8055,12949,803283
12854031,8113,13166,803284
12854047,7998,13454,803285
12854063,8210,13737,803286
12854079,8276,13982,803287
12854095,8052,14132,803288
12854111,8209,14473,803289
12854127,8116,14689,803290
12854143,8111,14962,803291
12854159,8290,15266,803292
12854175,8107,15583,803293
12854191,8152,15741,803294
12854207,8301,16069,803295
12854223,8129,16260,803296
12854239,8165,311,803297
12854255,8244,361,803298
12854271,7996,581,803299
12854287,8057,854,803300
12854303,8098,1121,803301
12854319,7898,1353,803302
12854335,8263,1691,803303
12854351,8088,1962,803304
12854367,8005,2204,803305
12854383,8132,2477,803306
12854399,8140,2751,803307
12854415,8131,3028,803308
12854431,8299,3297,803309
12854447,8040,3545,803310
12854463,8045,3781,803311
12854479,7977,4003,803312
12854495,7984,4277,803313
12854511,8097,4552,803314
12854527,8053,4879,803315
12854543,8026,5143,803316
12854559,8185,5396,803317
12854575,8153,5639,803318
12854591,8142,5916,803319
12854607,8311,6142,803320
12854623,8223,6470,803321
12854639,8040,6726,803322
12854655,8142,6924,803323
12854671,8037,7248,803324
12854687,7977,7519,803325
12854703,8089,7812,803326
12854719,7879,8023,803327
12854735,8049,8218,803328
12854751,8197,8554,803329
12854767,8022,8775,803330
12854783,8228,9047,803331
12854799,8077,9310,803332
12854815,8194,9570,803333
12854831,8226,9835,803334
12854847,8245,10209,803335
12854863,8109,10419,803336
12854879,8142,10688,803337
12854895,8253,10944,803338
12854911,7996,11170,803339
12854927,8165,11476,803340
12854943,8145,11700,803341
12854959,8147,11976,803342
12854975,8296,12236,803343
12854991,8186,12377,803344
12855007,8158,12777,803345
12855023,8365,13084,803346
12855039,8322,13345,803347
12855055,8064,13532,803348
12855071,8261,13861,803349
12855087,8139,14150,803350
12855103,8102,14358,803351
12855119,8222,14600,803352
12855135,8164,14922,803353
12855151,8030,15098,803354
12855167,8296,15391,803355
12855183,8010,15651,803356
12855199,8138,15941,803357
12855215,8164,16176,803358
12855231,7981,8432,803359
12855247,8321,324,803360
12855263,8182,472,803361
12855279,8079,724,803362
12855295,8290,1020,803363
12855311,8018,1242,803364
12855327,8088,1506,803365
12855343,8227,1870,803366
12855359,7944,2088,803367
12855375,8234,2382,803368
12855391,8217,2620,803369
12855407,7876,2967,803370
12855423,8123,3106,803371
12855439,7924,3375,803372
12855455,7972,3657,803373
12855471,8289,3901,803374
12855487,8092,4193,803375
12855503,8218,4453,803376
12855519,8350,4769,803377
12855535,8083,5040,803378
12855551,8127,5222,803379
12855567,8196,5528,803380
12855583,7887,5753,803381
12855599,8014,5988,803382
12855615,8057,6328,803383
12855631,7944,6520,803384
12855647,8085,6789,803385
12855663,7925,7020,803386
12855679,8078,7355,803387
12855695,8170,7626,803388
12855711,8122,7906,803389
12855727,8264,8174,803390
12855743,8190,8422,803391
12855759,8096,8690,803392
12855775,8032,8894,803393
12855791,7937,9204,803394
12855807,8071,9457,803395
12855823,7904,9653,803396
12855839,8013,10005,803397
12855855,8051,10297,803398
12855871,8077,10542,803399
12855887,8009,10739,803400
12855903,8269,11032,803401
12855919,7973,11306,803402
12855935,8145,11591,803403
12855951,8277,11771,803404
12855967,7982,12168,803405
12855983,8105,12343,803406
12855999,8168,12570,803407
12856015,7904,12942,803408
12856031,8113,13194,803409
12856047,7920,13426,803410
12856063,7937,13719,803411
12856079,8120,13995,803412
12856095,8094,14260,803413
12856111,8192,14483,803414
12856127,8124,14697,803415
12856143,7936,14936,803416
12856159,8225,15284,803417
12856175,8077,15475,803418
12856191,8004,15759,803419
12856207,8320,16155,803420
12856223,7846,16321,803421
12856239,7926,294,803422
12856255,8347,356,803423
12856271,7908,645,803424
12856287,8126,949,803425
12856303,8108,1098,803426
12856319,7911,1380,803427
12856335,8345,1690,803428
12856351,8111,1995,803429
12856367,8039,2285,803430
12856383,8413,2455,803431
12856399,8123,2747,803432
12856415,7974,3030,803433
12856431,8358,3313,803434
12856447,7895,3470,803435
12856463,8002,3779,803436
12856479,8175,4046,803437
12856495,7953,4340,803438
12856511,8077,4604,803439
12856527,8012,4877,803440
12856543,8067,5177,803441
12856559,8208,5396,803442
12856575,8123,5627,803443
12856591,8091,5865,803444
12856607,8204,6121,803445
12856623,7996,6377,803446
12856639,8188,6629,803447
12856655,8236,6928,803448
12856671,7977,7288,803449
12856687,8104,7478,803450
12856703,8099,7785,803451
12856719,7964,8027,803452
12856735,8244,8296,803453
12856751,7896,8517,803454
12856767,8082,8822,803455
12856783,8233,9036,803456
12856799,8188,9338,803457
12856815,8141,9540,803458
12856831,8157,9908,803459
12856847,8155,10173,803460
12856863,8232,10363,803461
12856879,8274,10716,803462
12856895,8049,10893,803463
12856911,8028,11182,803464
12856927,8016,11437,803465
12856943,8040,11676,803466
12856959,8122,12001,803467
12856975,7962,12251,803468
12856991,8081,12490,803469
12857007,8080,12799,803470
12857023,8265,13074,803471
12857039,8204,13279,803472
12857055,7976,13556,803473
12857071,8198,13767,803474
12857087,8173,14129,803475
12857103,8113,14310,803476
12857119,8297,14576,803477
12857135,8057,14889,803478
12857151,7950,15088,803479
12857167,8302,15404,803480
12857183,7964,15657,803481
12857199,8164,15986,803482
12857215,8324,16204,803483
12857231,8044,8528,803484
12857247,8275,314,803485
12857263,8267,554,803486
12857279,7952,706,803487
12857295,8395,1023,803488
12857311,8190,1318,803489
12857327,8045,1500,803490
12857343,8266,1903,803491
12857359,7876,2076,803492
12857375,8031,2361,803493
12857391,8073,2622,803494
12857407,7942,2843,803495
12857423,8220,3157,803496
12857439,8032,3377,803497
12857455,8000,3628,803498
12857471,8339,3945,803499
12857487,8064,4179,803500
12857503,8018,4450,803501
12857519,8254,4772,803502
12857535,8054,5005,803503
12857551,8225,5250,803504
12857567,8199,5510,803505
12857583,7894,5787,803506
12857599,8150,5993,803507
12857615,8195,6321,803508
12857631,7930,6526,803509
12857647,8226,6851,803510
12857663,8096,7016,803511
12857679,7944,7387,803512
12857695,8296,7615,803513
12857711,8172,7892,803514
12857727,8188,8160,803515
12857743,8309,8435,803516
12857759,8114,8645,803517
12857775,8229,8902,803518
12857791,8236,9213,803519
12857807,7924,9420,803520
12857823,8037,9657,803521
12857839,8038,10009,803522
12857855,8016,10279,803523
12857871,8119,10539,803524
12857887,8018,10818,803525
12857903,8106,10996,803526
12857919,8111,11313,803527
12857935,8181,11635,803528
12857951,8122,11817,803529
12857967,8027,12091,803530
12857983,8006,12345,803531
12857999,8190,12638,803532
12858015,7991,12954,803533
12858031,8070,13183,803534
12858047,8082,13411,803535
12858063,8011,13703,803536
12858079,7957,13913,803537
12858095,8012,14172,803538
12858111,8123,14496,803539
12858127,8285,14718,803540
12858143,8121,14955,803541
12858159,8272,15295,803542
12858175,8209,15566,803543
12858191,8061,15816,803544
12858207,8105,16021,803545
12858223,8021,16341,803546
12858239,7892,307,803547
12858255,8125,334,803548
12858271,7874,601,803549
12858287,8083,874,803550
12858303,8164,1144,803551
12858319,7932,1378,803552
12858335,8291,1703,803553
12858351,8126,1967,803554
12858367,8080,2220,803555
12858383,8350,2502,803556
12858399,8298,2766,803557
12858415,8071,2944,803558
12858431,8227,3275,803559
12858447,8118,3512,803560
12858463,8053,3754,803561
12858479,8215,4006,803562
12858495,7939,4332,803563
12858511,8181,4617,803564
12858527,8131,4880,803565
12858543,7932,5129,803566
12858559,8213,5392,803567
12858575,8100,5662,803568
12858591,7922,5949,803569
12858607,8181,6176,803570
12858623,8086,6439,803571
12858639,8144,6724,803572
12858655,8244,6974,803573
12858671,7951,7212,803574
12858687,8201,7536,803575
12858703,8204,7802,803576
12858719,7836,8046,803577
12858735,8049,8257,803578
12858751,8162,8506,803579
12858767,7920,8788,803580
12858783,8216,9039,803581
12858799,8132,9356,803582
12858815,8049,9530,803583
12858831,8335,9832,803584
12858847,8044,10114,803585
12858863,8193,10416,803586
12858879,8305,10687,803587
12858895,8102,10913,803588
12858911,8078,11163,803589
12858927,8092,11404,803590
12858943,8096,11736,803591
12858959,8047,11963,803592
12858975,8315,12185,803593
12858991,8089,12487,803594
12859007,8195,12871,803595
12859023,8129,13041,803596
12859039,8187,13278,803597
12859055,8248,13577,803598
12859071,8306,13800,803599
12859087,8319,14082,803600
12859103,8163,14367,803601
12859119,8226,14575,803602
12859135,8180,14913,803603
12859151,7970,15095,803604
12859167,8198,15449,803605
12859183,8130,15693,803606
12859199,8032,15925,803607
12859215,8164,16232,803608
12859231,8150,8512,803609
12859247,8264,314,803610
12859263,8345,517,803611
12859279,8171,787,803612
12859295,8241,992,803613
12859311,8213,1244,803614
12859327,8177,1574,803615
12859343,8137,1912,803616
12859359,7993,2095,803617
12859375,8030,2323,803618
12859391,8122,2662,803619
12859407,7921,2863,803620
12859423,8265,3199,803621
12859439,8091,3366,803622
12859455,7931,3620,803623
12859471,8329,3857,803624
12859487,8161,4163,803625
12859503,7944,4456,803626
12859519,8350,4735,803627
12859535,8090,4996,803628
12859551,8080,5244,803629
12859567,8337,5508,803630
12859583,7966,5776,803631
12859599,8110,6056,803632
12859615,8183,6241,803633
12859631,7938,6536,803634
12859647,8170,6808,803635
12859663,8202,7088,803636
12859679,7977,7430,803637
12859695,8221,7641,803638
12859711,8055,7920,803639
12859727,7972,8135,803640
12859743,8191,8408,803641
12859759,8100,8699,803642
12859775,8175,8936,803643
12859791,8172,9161,803644
12859807,7911,9450,803645
12859823,8145,9713,803646
12859839,7922,9969,803647
12859855,7974,10325,803648
12859871,8122,10553,803649
12859887,7825,10798,803650
12859903,7965,11070,803651
12859919,8169,11312,803652
12859935,7961,11569,803653
12859951,8360,11881,803654
12859967,8373,12090,803655
12859983,8012,12322,803656
12859999,8202,12599,803657
12860015,8148,12937,803658
12860031,7956,13197,803659
12860047,8151,13385,803660
12860063,8032,13654,803661
12860079,7976,13961,803662
12860095,8135,14168,803663
12860111,7991,14512,803664
12860127,7974,14675,803665
12860143,8224,14996,803666
12860159,8212,15213,803667
12860175,8250,15486,803668
12860191,8190,15803,803669
12860207,8255,16062,803670
12860223,8251,16254,803671
12860239,8033,302,803672
12860255,8059,322,803673
12860271,7926,630,803674
12860287,7868,924,803675
12860303,8152,1118,803676
12860319,8035,1392,803677
12860335,8059,1680,803678
12860351,8248,2003,803679
12860367,8090,2237,803680
12860383,8165,2484,803681
12860399,8190,2766,803682
12860415,8049,3001,803683
12860431,8223,3321,803684
12860447,8214,3558,803685
12860463,7953,3831,803686
12860479,8155,4028,803687
12860495,8055,4302,803688
12860511,7911,4556,803689
12860527,8086,4877,803690
12860543,7991,5078,803691
12860559,8107,5351,803692
12860575,8168,5710,803693
12860591,8011,5908,803694
12860607,8252,6218,803695
12860623,8199,6413,803696
12860639,8123,6652,803697
12860655,8358,6942,803698
12860671,7999,7225,803699
12860687,8043,7503,803700
12860703,8331,7765,803701
12860719,7972,8004,803702
12860735,8193,8310,803703
12860751,8211,8501,803704
12860767,7868,8779,803705
12860783,8249,9039,803706
12860799,8034,9291,803707
12860815,8018,9596,803708
12860831,8354,9835,803709
12860847,8113,10165,803710
12860863,8115,10421,803711
12860879,8350,10693,803712
12860895,8059,10948,803713
12860911,8110,11105,803714
12860927,8323,11447,803715
12860943,8103,11722,803716
12860959,8169,11968,803717
12860975,8041,12154,803718
12860991,8026,12499,803719
12861007,8254,12819,803720
12861023,8123,13095,803721
12861039,8036,13280,803722
12861055,8124,13531,803723
12861071,8062,13784,803724
12861087,8198,14024,803725
12861103,8261,14326,803726
12861119,8202,14627,803727
12861135,8244,14797,803728
12861151,8165,15088,803729
12861167,8070,15390,803730
12861183,8083,15684,803731
12861199,7943,15916,803732
12861215,7998,16155,803733
12861231,8166,8550,803734
12861247,8056,309,803735
12861263,8171,459,803736
12861279,8220,712,803737
12861295,8225,991,803738
12861311,8332,1230,803739
12861327,8248,1536,803740
12861343,8103,1835,803741
12861359,8066,2111,803742
12861375,8126,2331,803743
12861391,8124,2648,803744
12861407,7998,2832,803745
12861423,8128,3082,803746
12861439,8193,3396,803747
12861455,8104,3648,803748
12861471,8315,3929,803749
12861487,8251,4175,803750
12861503,8021,4433,803751
12861519,8226,4724,803752
12861535,8173,5010,803753
12861551,8033,5253,803754
12861567,8238,5535,803755
12861583,8063,5775,803756
12861599,8056,6024,803757
12861615,8290,6293,803758
12861631,7865,6514,803759
12861647,8126,6855,803760
12861663,8173,7078,803761
12861679,8008,7373,803762
12861695,8273,7654,803763
12861711,8112,7907,803764
12861727,8026,8176,803765
12861743,8283,8377,803766
12861759,8209,8681,803767
12861775,8108,8943,803768
12861791,8201,9172,803769
12861807,8037,9442,803770
12861823,8144,9688,803771
12861839,8161,9960,803772
12861855,7864,10225,803773
12861871,8250,10516,803774
12861887,7972,10747,803775
12861903,7991,11052,803776
12861919,8251,11267,803777
12861935,8129,11566,803778
12861951,8001,11838,803779
12861967,8163,12058,803780
12861983,7981,12310,803781
12861999,8175,12538,803782
12862015,8295,12993,803783
12862031,8083,13189,803784
12862047,8164,13478,803785
12862063,8124,13723,803786
12862079,7926,13924,803787
12862095,8082,14162,803788
12862111,8098,14518,803789
12862127,8023,14701,803790
12862143,8263,14994,803791
12862159,8179,15247,803792
12862175,8160,15571,803793
12862191,8296,15864,803794
12862207,8123,16107,803795
12862223,8348,16337,803796
12862239,8148,303,803797
12862255,8030,320,803798
12862271,8100,580,803799
12862287,7997,857,803800
12862303,7965,1152,803801
12862319,8178,1432,803802
12862335,8018,1632,803803
12862351,7948,1925,803804
12862367,8103,2240,803805
12862383,8275,2478,803806
12862399,8182,2762,803807
12862415,8226,3065,803808
12862431,8196,3272,803809
12862447,8167,3512,803810
12862463,8146,3783,803811
12862479,8069,4073,803812
12862495,7956,4270,803813
12862511,7972,4561,803814
12862527,8086,4872,803815
12862543,8006,5183,803816
12862559,8032,5385,803817
12862575,8061,5583,803818
12862591,8228,5854,803819
12862607,8236,6149,803820
12862623,8066,6424,803821
12862639,8226,6707,803822
12862655,8251,6940,803823
12862671,8086,7209,803824
12862687,8196,7538,803825
12862703,8188,7814,803826
12862719,7890,8011,803827
12862735,8148,8296,803828
12862751,8167,8528,803829
12862767,8003,8788,803830
12862783,8151,9071,803831
12862799,7983,9292,803832
12862815,8060,9574,803833
12862831,8278,9789,803834
12862847,8131,10107,803835
12862863,8104,10419,803836
12862879,8302,10639,803837
12862895,8002,10975,803838
12862911,7942,11157,803839
12862927,8063,11480,803840
12862943,7959,11706,803841
12862959,8068,11930,803842
12862975,8155,12232,803843
12862991,8032,12472,803844
12863007,8306,12825,803845
12863023,8137,13042,803846
12863039,8118,13306,803847
12863055,8118,13527,803848
12863071,8040,13797,803849
12863087,8197,14114,803850
12863103,8243,14379,803851
12863119,8080,14545,803852
12863135,8159,14894,803853
12863151,8130,15086,803854
12863167,8067,15330,803855
12863183,8234,15698,803856
12863199,8117,15936,803857
12863215,7998,16182,803858
12863231,8190,8529,803859
12863247,8087,338,803860
12863263,7976,496,803861
12863279,8131,717,803862
12863295,8124,1049,803863
12863311,8219,1259,803864
12863327,8374,1510,803865
12863343,8072,1848,803866
12863359,8173,2160,803867
12863375,8304,2375,803868
12863391,8024,2624,803869
12863407,7982,2855,803870
12863423,8151,3185,803871
12863439,8136,3378,803872
12863455,8079,3594,803873
12863471,8226,3916,803874
12863487,8145,4147,803875
12863503,8145,4403,803876
12863519,8365,4779,803877
12863535,8189,4982,803878
12863551,8182,5280,803879
12863567,8249,5469,803880
12863583,8033,5796,803881
12863599,8131,6061,803882
12863615,8086,6244,803883
12863631,7945,6524,803884
12863647,8114,6810,803885
12863663,8058,7068,803886
12863679,8065,7369,803887
12863695,8294,7610,803888
12863711,8037,7897,803889
12863727,8042,8154,803890
12863743,8272,8383,803891
12863759,8109,8651,803892
12863775,8132,8898,803893
12863791,8136,9159,803894
12863807,8060,9461,803895
12863823,8174,9726,803896
12863839,8207,10019,803897
12863855,8006,10283,803898
12863871,8158,10546,803899
12863887,8143,10777,803900
12863903,7961,11066,803901
12863919,8314,11321,803902
12863935,8046,11562,803903
12863951,7961,11843,803904
12863967,8379,12067,803905
12863983,8102,12387,803906
12863999,8202,12653,803907
12864015,8284,12856,803908
12864031,7984,13182,803909
12864047,8290,13444,803910
12864063,8166,13671,803911
12864079,7871,13985,803912
12864095,8188,14187,803913
12864111,8217,14482,803914
12864127,7930,14705,803915
12864143,8339,15046,803916
12864159,8074,15292,803917
12864175,8050,15505,803918
12864191,8396,15878,803919
12864207,7976,16056,803920
12864223,8208,16296,803921
12864239,8335,316,803922
12864255,8027,307,803923
12864271,8232,611,803924
12864287,8040,893,803925
12864303,7991,1155,803926
12864319,8101,1398,803927
12864335,8113,1648,803928
12864351,7954,1910,803929
12864367,8100,2206,803930
12864383,7963,2478,803931
12864399,8031,2721,803932
12864415,8216,2988,803933
12864431,8123,3261,803934
12864447,8234,3577,803935
12864463,8136,3810,803936
12864479,7992,4002,803937
12864495,8250,4331,803938
12864511,8089,4656,803939
12864527,8089,4910,803940
12864543,8148,5148,803941
12864559,8070,5426,803942
12864575,8156,5709,803943
12864591,8087,5877,803944
12864607,8012,6168,803945
12864623,8099,6406,803946
12864639,8101,6702,803947
12864655,8161,6926,803948
12864671,8107,7206,803949
12864687,7912,7507,803950
12864703,8217,7795,803951
12864719,8155,8074,803952
12864735,8039,8317,803953
12864751,8150,8499,803954
12864767,7881,8764,803955
12864783,8112,9014,803956
12864799,8254,9300,803957
12864815,7848,9501,803958
12864831,8252,9817,803959
12864847,8284,10168,803960
12864863,7943,10384,803961
12864879,8408,10670,803962
12864895,8137,10925,803963
12864911,7994,11205,803964
12864927,8322,11476,803965
12864943,7947,11705,803966
12864959,7976,11943,803967
12864975,8250,12182,803968
12864991,7878,12473,803969
12865007,8209,12784,803970
12865023,8200,13012,803971
12865039,7941,13271,803972
12865055,8173,13496,803973
12865071,8066,13812,803974
12865087,8049,14053,803975
12865103,8172,14276,803976
12865119,7919,14557,803977
12865135,8071,14842,803978
12865151,8214,15116,803979
12865167,7944,15460,803980
12865183,8264,15666,803981
12865199,8015,15940,803982
12865215,7899,16144,803983
12865231,8359,8581,803984
12865247,8068,366,803985
12865263,7948,447,803986
12865279,8265,736,803987
12865295,7905,954,803988
12865311,8040,1226,803989
12865327,8330,1568,803990
12865343,7869,1817,803991
12865359,8189,2106,803992
12865375,8269,2316,803993
12865391,7826,2600,803994
12865407,8211,2894,803995
12865423,7972,3111,803996
12865439,8013,3380,803997
12865455,8126,3818,803998
12865471,7920,3882,803999
12865487,8016,4131,804000
12865503,8273,4476,804001
12865519,8057,4735,804002
12865535,8346,4995,804003
12865551,8144,5315,804004
12865567,8124,5467,804005
12865583,8366,5811,804006
12865599,8048,6049,804007
12865615,8178,6320,804008
12865631,8023,6526,804009
12865647,7872,6803,804010
12865663,8069,7048,804011
12865679,8092,7401,804012
12865695,7972,7650,804013
12865711,8080,7897,804014
12865727,8086,8143,804015
12865743,8022,8421,804016
12865759,8238,8705,804017
12865775,8044,8888,804018
12865791,8090,9153,804019
12865807,8222,9499,804020
12865823,7965,9707,804021
12865839,8100,9992,804022
12865855,8045,10308,804023
12865871,8113,10527,804024
12865887,8282,10833,804025
12865903,8068,10976,804026
12865919,8069,11304,804027
12865935,8129,11620,804028
12865951,7929,11756,804029
12865967,8326,12084,804030
12865983,8096,12317,804031
12865999,8040,12632,804032
12866015,8460,12904,804033
12866031,7980,13136,804034
12866047,8138,13460,804035
12866063,8326,13702,804036
12866079,7898,13924,804037
12866095,8150,14239,804038
12866111,8199,14452,804039
12866127,7819,14669,804040
12866143,8189,14891,804041
12866159,8181,15171,804042
12866175,7823,15482,804043
12866191,8362,15812,804044
12866207,8080,16067,804045
12866223,8045,16215,804046
12866239,8443,395,804047
12866255,7953,315,804048
12866271,8251,641,804049
12866287,8330,860,804050
12866303,8071,1154,804051
12866319,8252,1419,804052
12866335,8139,1666,804053
12866351,7911,1947,804054
12866367,8157,2261,804055
12866383,7984,2450,804056
12866399,8050,2755,804057
12866415,8353,3002,804058
12866431,8090,3322,804059
12866447,8157,3482,804060
12866463,8289,3786,804061
12866479,8132,4078,804062
12866495,8262,4333,804063
12866511,8222,4614,804064
12866527,8033,4861,804065
12866543,8119,5125,804066
12866559,7854,5372,804067
12866575,8086,5666,804068
12866591,8134,5883,804069
12866607,7954,6117,804070
12866623,8070,6428,804071
12866639,8135,6659,804072
12866655,8110,6891,804073
12866671,8153,7213,804074
12866687,8133,7478,804075
12866703,8129,7750,804076
12866719,8114,8021,804077
12866735,8084,8293,804078
12866751,8002,8543,804079
12866767,8080,8860,804080
12866783,8045,9073,804081
12866799,8060,9328,804082
12866815,7921,9547,804083
12866831,7972,9804,804084
12866847,8156,10127,804085
12866863,7947,10400,804086
12866879,8249,10619,804087
12866895,8291,10921,804088
12866911,8105,11178,804089
12866927,8413,11451,804090
12866943,8093,11699,804091
12866959,8068,11955,804092
12866975,8204,12223,804093
12866991,8053,12488,804094
12867007,7923,12730,804095
12867023,8155,13082,804096
12867039,7945,13248,804097
12867055,8240,13606,804098
12867071,8310,13800,804099
12867087,8084,14091,804100
12867103,8169,14340,804101
12867119,8230,14617,804102
12867135,8113,14772,804103
12867151,8165,15084,804104
12867167,8061,15338,804105
12867183,8107,15712,804106
12867199,8206,15987,804107
12867215,7921,16126,804108
12867231,8150,8594,804109
12867247,8174,348,804110
12867263,7943,508,804111
12867279,8181,744,804112
12867295,8142,1012,804113
12867311,8107,1272,804114
12867327,8266,1505,804115
12867343,8210,1894,804116
12867359,8121,2103,804117
12867375,8236,2372,804118
12867391,8015,2655,804119
12867407,8265,2891,804120
12867423,8314,3174,804121
12867439,8031,3421,804122
12867455,8050,3719,804123
12867471,8191,3862,804124
12867487,8035,4224,804125
12867503,8042,4453,804126
12867519,8067,4716,804127
12867535,8117,4973,804128
12867551,8190,5266,804129
12867567,8179,5548,804130
12867583,8304,5786,804131
12867599,8287,6005,804132
12867615,8214,6323,804133
12867631,8176,6550,804134
12867647,7996,6805,804135
12867663,8119,7074,804136
12867679,8106,7358,804137
12867695,8030,7635,804138
12867711,8053,7883,804139
12867727,8003,8118,804140
12867743,7949,8398,804141
12867759,8080,8656,804142
12867775,8071,8886,804143
12867791,8203,9186,804144
12867807,8297,9457,804145
12867823,8146,9696,804146
12867839,8203,10046,804147
12867855,8147,10262,804148
12867871,8087,10555,804149
12867887,7997,10783,804150
12867903,8036,11011,804151
12867919,8034,11300,804152
12867935,8151,11598,804153
12867951,8151,11854,804154
12867967,8209,12088,804155
12867983,8271,12360,804156
12867999,8135,12584,804157
12868015,8127,12893,804158
12868031,8192,13200,804159
12868047,8158,13456,804160
12868063,8161,13686,804161
12868079,7952,13904,804162
12868095,8142,14246,804163
12868111,8310,14456,804164
12868127,8015,14718,804165
12868143,8120,15008,804166
12868159,8231,15263,804167
12868175,8116,15593,804168
12868191,8310,15826,804169
12868207,8089,16026,804170
12868223,8003,16303,804171
12868239,8272,347,804172
12868255,8197,317,804173
12868271,8223,631,804174
12868287,8370,935,804175
12868303,7952,1119,804176
12868319,8093,1362,804177
12868335,8186,1678,804178
12868351,7968,1970,804179
12868367,8277,2283,804180
12868383,8070,2486,804181
12868399,8016,2716,804182
12868415,8419,2984,804183
12868431,8103,3279,804184
12868447,8033,3498,804185
12868463,8163,3786,804186
12868479,7950,3996,804187
12868495,8327,4305,804188
12868511,8200,4613,804189
12868527,8040,4879,804190
12868543,8146,5121,804191
12868559,8101,5376,804192
12868575,7931,5619,804193
12868591,8238,5929,804194
12868607,8047,6177,804195
12868623,7835,6402,804196
12868639,8180,6637,804197
12868655,8135,6938,804198
12868671,8166,7254,804199
12868687,8119,7495,804200
12868703,8174,7765,804201
12868719,8236,8066,804202
12868735,8203,8312,804203
12868751,8008,8514,804204
12868767,8070,8756,804205
12868783,8135,9056,804206
12868799,8116,9320,804207
12868815,8000,9517,804208
12868831,7903,9803,804209
12868847,8103,10143,804210
12868863,8044,10352,804211
12868879,7988,10593,804212
12868895,8281,10922,804213
12868911,8028,11195,804214
12868927,8161,11430,804215
12868943,8294,11760,804216
12868959,8082,11957,804217
12868975,8090,12262,804218
12868991,8102,12449,804219
12869007,7948,12731,804220
12869023,8239,13065,804221
12869039,7886,13240,804222
12869055,8035,13545,804223
12869071,8179,13801,804224
12869087,8059,14054,804225
12869103,8317,14303,804226
12869119,8118,14574,804227
12869135,8061,14818,804228
12869151,8302,15136,804229
12869167,8026,15346,804230
12869183,8116,15712,804231
12869199,8335,15999,804232
12869215,7853,16161,804233
12869231,8252,8632,804234
12869247,8280,362,804235
12869263,7810,428,804236
12869279,8354,762,804237
12869295,8186,1014,804238
12869311,7908,1215,804239
12869327,8351,1536,804240
12869343,7927,1822,804241
12869359,7980,2086,804242
12869375,8294,2277,804243
12869391,7999,2649,804244
12869407,8138,2874,804245
12869423,8169,3145,804246
12869439,7951,3435,804247
12869455,8110,3623,804248
12869471,8232,3894,804249
12869487,7963,4160,804250
12869503,8172,4412,804251
12869519,8197,4735,804252
12869535,7977,4963,804253
12869551,8253,5274,804254
12869567,8086,5538,804255
12869583,8118,5759,804256
12869599,8173,6067,804257
12869615,8060,6248,804258
12869631,8277,6574,804259
12869647,8061,6810,804260
12869663,7986,7052,804261
12869679,8209,7407,804262
12869695,7846,7647,804263
12869711,8101,7912,804264
12869727,8177,8166,804265
12869743,7853,8374,804266
12869759,8157,8670,804267
12869775,8201,8897,804268
12869791,8095,9184,804269
12869807,8232,9409,804270
12869823,8134,9683,804271
12869839,8018,10039,804272
12869855,8297,10315,804273
12869871,8152,10529,804274
12869887,8042,10737,804275
12869903,8078,11022,804276
12869919,7958,11293,804277
12869935,8049,11580,804278
12869951,8172,11813,804279
12869967,8142,12089,804280
12869983,8194,12349,804281
12869999,8130,12588,804282
12870015,8190,12913,804283
12870031,8095,13112,804284
12870047,8180,13465,804285
12870063,8348,13668,804286
12870079,8060,13907,804287
12870095,8135,14213,804288
12870111,8187,14509,804289
12870127,8007,14692,804290
12870143,7982,14941,804291
12870159,8296,15292,804292
12870175,8130,15582,804293
12870191,8088,15806,804294
12870207,8319,16065,804295
12870223,8164,16335,804296
12870239,8318,294,804297
12870255,8242,328,804298
12870271,8100,667,804299
12870287,8200,845,804300
12870303,7994,1145,804301
12870319,8071,1419,804302
12870335,8199,1678,804303
12870351,7980,1932,804304
12870367,8161,2215,804305
12870383,8090,2508,804306
12870399,7940,2718,804307
12870415,8276,2977,804308
12870431,8169,3304,804309
12870447,8024,3480,804310
12870463,8352,3849,804311
12870479,8073,4037,804312
12870495,8157,4266,804313
12870511,8264,4601,804314
12870527,7992,4860,804315
12870543,8322,5151,804316
12870559,8210,5407,804317
12870575,7895,5636,804318
12870591,8217,5922,804319
12870607,8073,6136,804320
12870623,7852,6403,804321
12870639,8394,6739,804322
12870655,8123,6928,804323
12870671,7952,7197,804324
12870687,8361,7515,804325
12870703,8110,7774,804326
12870719,8186,8022,804327
12870735,8278,8266,804328
12870751,8066,8503,804329
12870767,8222,8817,804330
12870783,8198,9038,804331
12870799,8045,9317,804332
12870815,8092,9611,804333
12870831,8070,9853,804334
12870847,8032,10178,804335
12870863,8090,10393,804336
12870879,8172,10669,804337
12870895,8139,10966,804338
12870911,8161,11128,804339
12870927,8192,11439,804340
12870943,8338,11687,804341
12870959,8160,11955,804342
12870975,8149,12203,804343
12870991,8199,12557,804344
12871007,8032,12784,804345
12871023,8082,13051,804346
12871039,8064,13318,804347
12871055,8084,13589,804348
12871071,7991,13804,804349
12871087,8098,13997,804350
12871103,8078,14372,804351
12871119,8198,14616,804352
12871135,8085,14789,804353
12871151,8292,15146,804354
12871167,8073,15345,804355
12871183,8302,15698,804356
12871199,8155,15949,804357
12871215,7925,16175,804358
12871231,8053,8508,804359
12871247,7909,302,804360
12871263,8031,437,804361
12871279,8163,751,804362
12871295,7992,967,804363
12871311,7970,1227,804364
12871327,8251,1494,804365
12871343,8026,1855,804366
12871359,8213,2107,804367
12871375,8190,2342,804368
12871391,8087,2637,804369
12871407,8094,2915,804370
12871423,8156,3100,804371
12871439,7976,3377,804372
12871455,8118,3684,804373
12871471,8109,3944,804374
12871487,8040,4160,804375
12871503,8054,4421,804376
12871519,8076,4717,804377
12871535,8070,4986,804378
12871551,8149,5252,804379
12871567,8024,5466,804380
12871583,8099,5743,804381
12871599,8130,6044,804382
12871615,8135,6320,804383
12871631,7999,6524,804384
12871647,8057,6777,804385
12871663,7960,7050,804386
12871679,8028,7369,804387
12871695,8170,7664,804388
12871711,8068,7853,804389
12871727,8190,8224,804390
12871743,7867,8387,804391
12871759,7917,8658,804392
12871775,8145,8979,804393
12871791,8066,9146,804394
12871807,8012,9434,804395
12871823,8147,9716,804396
12871839,8062,9977,804397
12871855,8322,10310,804398
12871871,8122,10512,804399
12871887,8045,10805,804400
12871903,8203,11103,804401
12871919,8098,11320,804402
12871935,8028,11561,804403
12871951,7972,11781,804404
12871967,7945,12070,804405
12871983,8057,12402,804406
12871999,8032,12619,804407
12872015,8213,12887,804408
12872031,8174,13172,804409
12872047,8212,13417,804410
12872063,8230,13676,804411
12872079,8284,14018,804412
12872095,8182,14215,804413
12872111,8199,14469,804414
12872127,8136,14718,804415
12872143,8100,14990,804416
12872159,8197,15280,804417
12872175,8054,15567,804418
12872191,8010,15769,804419
12872207,8168,16094,804420
12872223,8058,16298,804421
12872239,8156,286,804422
12872255,8244,277,804423
12872271,8134,614,804424
12872287,8171,888,804425
12872303,8201,1179,804426
12872319,8039,1397,804427
12872335,8122,1676,804428
12872351,8086,1967,804429
12872367,8071,2221,804430
12872383,7898,2451,804431
12872399,8133,2744,804432
12872415,8007,2951,804433
12872431,8096,3268,804434
12872447,8062,3497,804435
12872463,8320,3750,804436
12872479,8011,3996,804437
12872495,8236,4275,804438
12872511,8267,4639,804439
12872527,7907,4824,804440
12872543,8107,5094,804441
12872559,8121,5366,804442
12872575,7828,5640,804443
12872591,8188,5922,804444
12872607,8217,6191,804445
12872623,7906,6391,804446
12872639,8329,6707,804447
12872655,8195,6980,804448
12872671,8022,7207,804449
12872687,8294,7512,804450
12872703,8195,7767,804451
12872719,8030,8033,804452
12872735,8313,8263,804453
12872751,8127,8535,804454
12872767,8140,8739,804455
12872783,8268,9031,804456
12872799,7952,9333,804457
12872815,8119,9528,804458
12872831,8064,9836,804459
12872847,8072,10133,804460
12872863,8081,10393,804461
12872879,8045,10678,804462
12872895,8194,10914,804463
12872911,8315,11185,804464
12872927,8096,11471,804465
12872943,8382,11689,804466
12872959,8275,11969,804467
12872975,8074,12198,804468
12872991,8365,12493,804469
12873007,8098,12785,804470
12873023,7985,13076,804471
12873039,8429,13358,804472
12873055,7927,13529,804473
12873071,7919,13783,804474
12873087,8297,14115,804475
12873103,7923,14299,804476
12873119,8153,14595,804477
12873135,8227,14802,804478
12873151,8186,15142,804479
12873167,8280,15385,804480
12873183,8360,15694,804481
12873199,8040,15961,804482
12873215,8235,16213,804483
12873231,8150,8611,804484
12873247,8089,356,804485
12873263,8101,505,804486
12873279,7947,729,804487
12873295,8149,1048,804488
12873311,8023,1262,804489
12873327,8224,1582,804490
12873343,8195,1829,804491
12873359,8033,2102,804492
12873375,8377,2395,804493
12873391,8212,2618,804494
12873407,8100,2875,804495
12873423,8305,3134,804496
12873439,8004,3382,804497
12873455,7888,3576,804498
12873471,8163,3865,804499
12873487,7906,4172,804500
12873503,7974,4482,804501
12873519,8160,4779,804502
12873535,7896,4990,804503
12873551,8292,5257,804504
12873567,8160,5498,804505
12873583,7926,5768,804506
12873599,8217,6026,804507
12873615,8119,6288,804508
12873631,8082,6537,804509
12873647,8335,6835,804510
12873663,7792,7046,804511
12873679,7998,7362,804512
12873695,8217,7669,804513
12873711,7714,7871,804514
12873727,8157,8100,804515
12873743,8027,8400,804516
12873759,7957,8682,804517
12873775,8464,8912,804518
12873791,7966,9178,804519
12873807,7910,9453,804520
12873823,8304,9668,804521
12873839,7952,10006,804522
12873855,8172,10274,804523
12873871,8267,10505,804524
12873887,7716,10757,804525
12873903,8300,11059,804526
12873919,8277,11341,804527
12873935,7832,11552,804528
12873951,8369,11714,804529
12873967,8050,12119,804530
12873983,7993,12378,804531
12873999,8230,12559,804532
12874015,7969,12952,804533
12874031,8117,13216,804534
12874047,8251,13455,804535
12874063,7948,13623,804536
12874079,8287,13946,804537
12874095,8144,14195,804538
12874111,7914,14422,804539
12874127,8369,14752,804540
12874143,8055,15019,804541
12874159,8084,15221,804542
12874175,8314,15596,804543
12874191,7911,15810,804544
12874207,8009,16013,804545
12874223,8082,16332,804546
12874239,8010,327,804547
12874255,8375,366,804548
12874271,7980,605,804549
12874287,8152,874,804550
12874303,8339,1138,804551
12874319,8024,1379,804552
12874335,8098,1660,804553
12874351,8060,1940,804554
12874367,7912,2224,804555
12874383,8040,2479,804556
12874399,8062,2750,804557
12874415,8064,2937,804558
12874431,8112,3303,804559
12874447,8033,3488,804560
12874463,8245,3767,804561
12874479,8154,4021,804562
12874495,7960,4260,804563
12874511,8251,4562,804564
12874527,8090,4904,804565
12874543,8073,5116,804566
12874559,8273,5384,804567
12874575,7982,5657,804568
12874591,8162,5887,804569
12874607,8203,6184,804570
12874623,7905,6470,804571
12874639,8320,6729,804572
12874655,8282,6919,804573
12874671,7951,7232,804574
12874687,8298,7501,804575
12874703,8124,7764,804576
12874719,8029,8041,804577
12874735,8354,8256,804578
12874751,8084,8531,804579
12874767,8131,8792,804580
12874783,8267,9020,804581
12874799,7985,9293,804582
12874815,8135,9539,804583
12874831,8190,9776,804584
12874847,7990,10151,804585
12874863,8218,10418,804586
12874879,8097,10621,804587
12874895,8098,10917,804588
12874911,8290,11196,804589
12874927,8102,11453,804590
12874943,8251,11665,804591
12874959,8364,11947,804592
12874975,7890,12142,804593
12874991,8284,12456,804594
12875007,8127,12772,804595
12875023,7969,13030,804596
12875039,8363,13362,804597
12875055,8118,13528,804598
12875071,8081,13793,804599
12875087,8217,14068,804600
12875103,8076,14403,804601
12875119,8033,14541,804602
12875135,8425,14897,804603
12875151,8068,15072,804604
12875167,8284,15392,804605
12875183,8261,15657,804606
12875199,8239,15916,804607
12875215,8220,16230,804608
12875231,8208,8532,804609
12875247,7971,290,804610
12875263,8237,537,804611
12875279,8118,759,804612
12875295,8052,996,804613
12875311,8141,1233,804614
12875327,7996,1489,804615
12875343,8158,1822,804616
12875359,8073,2058,804617
12875375,8203,2397,804618
12875391,8206,2568,804619
12875407,8092,2863,804620
12875423,8213,3192,804621
12875439,8152,3362,804622
12875455,8230,3646,804623
12875471,8051,3924,804624
12875487,8040,4158,804625
12875503,7970,4472,804626
12875519,8063,4729,804627
12875535,7990,4984,804628
12875551,8087,5273,804629
12875567,8035,5500,804630
12875583,8117,5778,804631
12875599,8298,6063,804632
12875615,8173,6294,804633
12875631,8227,6544,804634
12875647,8266,6794,804635
12875663,7971,7037,804636
12875679,8001,7399,804637
12875695,8179,7672,804638
12875711,7865,7870,804639
12875727,8055,8178,804640
12875743,7980,8389,804641
12875759,7933,8670,804642
12875775,8251,8918,804643
12875791,8135,9218,804644
12875807,8055,9441,804645
12875823,8308,9669,804646
12875839,8153,9992,804647
12875855,8128,10309,804648
12875871,8322,10547,804649
12875887,7969,10734,804650
12875903,8032,11038,804651
12875919,8187,11302,804652
12875935,7963,11568,804653
12875951,8076,11802,804654
12875967,8108,12082,804655
12875983,8005,12324,804656
12875999,8185,12616,804657
12876015,8155,12941,804658
12876031,8078,13163,804659
12876047,8327,13450,804660
12876063,8101,13674,804661
12876079,8262,13928,804662
12876095,8188,14162,804663
12876111,8017,14440,804664
12876127,8151,14700,804665
12876143,8175,14983,804666
12876159,8124,15241,804667
12876175,8135,15521,804668
12876191,7961,15786,804669
12876207,7986,16050,804670
12876223,8194,16286,804671
12876239,8052,351,804672
12876255,8101,397,804673
12876271,8125,584,804674
12876287,8105,915,804675
12876303,8228,1120,804676
12876319,8226,1371,804677
12876335,8190,1686,804678
12876351,8214,1939,804679
12876367,8072,2248,804680
12876383,7940,2471,804681
12876399,8195,2745,804682
12876415,7944,2989,804683
12876431,8099,3257,804684
12876447,8036,3499,804685
12876463,8111,3767,804686
12876479,8205,4029,804687
12876495,7972,4281,804688
12876511,8138,4597,804689
12876527,8222,4860,804690
12876543,8142,5113,804691
12876559,8205,5412,804692
12876575,7942,5638,804693
12876591,7977,5907,804694
12876607,8211,6192,804695
12876623,7844,6410,804696
12876639,8014,6643,804697
12876655,8068,6956,804698
12876671,7911,7241,804699
12876687,8020,7508,804700
12876703,8261,7780,804701
12876719,7986,8030,804702
12876735,8258,8297,804703
12876751,8129,8574,804704
12876767,8058,8843,804705
12876783,8329,9064,804706
12876799,8051,9301,804707
12876815,7956,9532,804708
12876831,8043,9837,804709
12876847,7943,10094,804710
12876863,8135,10435,804711
12876879,8112,10660,804712
12876895,8078,10922,804713
12876911,8200,11125,804714
12876927,8176,11380,804715
12876943,8117,11631,804716
12876959,8418,11949,804717
12876975,8166,12188,804718
12876991,8099,12452,804719
12877007,8240,12734,804720
12877023,7956,13005,804721
12877039,8250,13347,804722
12877055,8209,13623,804723
12877071,8010,13825,804724
12877087,8363,14083,804725
12877103,8105,14288,804726
12877119,8081,14616,804727
12877135,8488,14890,804728
12877151,8067,15074,804729
12877167,8104,15288,804730
12877183,8346,15681,804731
12877199,8185,15934,804732
12877215,8226,16221,804733
12877231,8368,8541,804734
12877247,8047,296,804735
12877263,8273,505,804736
12877279,8322,790,804737
12877295,7883,958,804738
12877311,8253,1296,804739
12877327,8072,1493,804740
12877343,7950,1827,804741
12877359,8093,2059,804742
12877375,8147,2352,804743
12877391,8177,2636,804744
12877407,8224,2897,804745
12877423,8224,3169,804746
12877439,8336,3384,804747
12877455,8188,3627,804748
12877471,8146,3908,804749
12877487,8081,4190,804750
12877503,7976,4467,804751
12877519,8141,4709,804752
12877535,8127,4986,804753
12877551,7994,5253,804754
12877567,8193,5491,804755
12877583,8050,5729,804756
12877599,8087,6057,804757
12877615,8253,6258,804758
12877631,8196,6583,804759
12877647,8186,6851,804760
12877663,8304,7067,804761
12877679,8103,7358,804762
12877695,8175,7649,804763
12877711,8093,7883,804764
12877727,7950,8179,804765
12877743,8132,8392,804766
12877759,7962,8617,804767
12877775,8083,8884,804768
12877791,8182,9178,804769
12877807,7993,9389,804770
12877823,8336,9678,804771
12877839,8160,9982,804772
12877855,8091,10198,804773
12877871,8402,10563,804774
12877887,8044,10784,804775
12877903,8002,11031,804776
12877919,8240,11402,804777
12877935,7890,11536,804778
12877951,8062,11812,804779
12877967,8299,12119,804780
12877983,7886,12385,804781
12877999,8339,12566,804782
12878015,8138,12884,804783
12878031,7980,13226,804784
12878047,8424,13402,804785
12878063,8219,13695,804786
12878079,8192,13978,804787
12878095,8185,14186,804788
12878111,8030,14454,804789
12878127,8234,14735,804790
12878143,8267,14978,804791
12878159,7857,15196,804792
12878175,8340,15531,804793
12878191,8040,15799,804794
12878207,8072,16101,804795
12878223,8313,16335,804796
12878239,8091,376,804797
12878255,8064,309,804798
12878271,8087,639,804799
12878287,8017,837,804800
12878303,8240,1121,804801
12878319,8304,1441,804802
12878335,7937,1628,804803
12878351,8236,1952,804804
12878367,8267,2224,804805
12878383,8074,2514,804806
12878399,8114,2696,804807
12878415,7953,2995,804808
12878431,8085,3256,804809
12878447,8189,3499,804810
12878463,7988,3741,804811
12878479,8062,4040,804812
12878495,8114,4302,804813
12878511,8160,4639,804814
12878527,8228,4882,804815
12878543,8154,5119,804816
12878559,8070,5387,804817
12878575,8211,5611,804818
12878591,8150,5857,804819
12878607,8069,6149,804820
12878623,7936,6424,804821
12878639,7998,6737,804822
12878655,8052,6930,804823
12878671,7936,7222,804824
12878687,8107,7521,804825
12878703,8141,7748,804826
12878719,8029,8008,804827
12878735,8223,8247,804828
12878751,8244,8479,804829
12878767,8116,8808,804830
12878783,8123,9018,804831
12878799,8166,9305,804832
12878815,8032,9570,804833
12878831,8135,9831,804834
12878847,7972,10184,804835
12878863,7994,10383,804836
12878879,8103,10650,804837
12878895,7951,10921,804838
12878911,8117,11138,804839
12878927,8189,11442,804840
12878943,8058,11630,804841
12878959,8336,11978,804842
12878975,8136,12260,804843
12878991,8088,12466,804844
12879007,8299,12711,804845
12879023,7981,12994,804846
12879039,8181,13310,804847
12879055,8205,13557,804848
12879071,7967,13804,804849
12879087,8158,14029,804850
12879103,8334,14390,804851
12879119,7896,14531,804852
12879135,8320,14879,804853
12879151,8117,15159,804854
12879167,8027,15298,804855
12879183,8484,15710,804856
12879199,8128,15968,804857
12879215,8155,16260,804858
12879231,8390,8473,804859
12879247,8142,334,804860
12879263,8192,508,804861
12879279,8322,770,804862
12879295,7966,980,804863
